site	cond1	cond2	mod_cond1	mod_cond2	unmod_cond1	unmod_cond2	odds_ratio	pvalue
chr10:100362045	wtdmso	wtcsc	1	2	24	33	0.6875	1.0
chr10:100362088	wtdmso	wtcsc	1	2	24	37	0.7708333333333334	1.0
chr10:100362195	wtdmso	wtcsc	10	19	17	20	0.6191950464396285	0.4508379161686211
chr10:100362220	wtdmso	wtcsc	1	3	27	36	0.4444444444444444	0.6345658073270014
chr10:100362338	wtdmso	wtcsc	2	1	30	43	2.8666666666666667	0.5693883357041251
chr10:100362595	wtdmso	wtcsc	1	3	33	47	0.47474747474747475	0.6438327837093634
chr10:100362647	wtdmso	wtcsc	1	5	39	47	0.24102564102564103	0.22770848633759877
chr10:100362913	wtdmso	wtcsc	4	6	32	56	1.1666666666666667	1.0
chr10:100363046	wtdmso	wtcsc	6	11	40	57	0.7772727272727272	0.79066284256053
chr10:100363097	wtdmso	wtcsc	22	36	34	49	0.880718954248366	0.7303849095292296
chr10:100363150	wtdmso	wtcsc	19	33	32	42	0.7556818181818182	0.4676701156560408
chr10:100363246	wtdmso	wtcsc	2	3	54	89	1.0987654320987654	1.0
chr10:100363253	wtdmso	wtcsc	1	4	56	68	0.30357142857142855	0.3824391137154367
chr10:100363423	wtdmso	wtcsc	4	6	63	97	1.0264550264550265	1.0
chr10:100363505	wtdmso	wtcsc	2	3	65	98	1.005128205128205	1.0
chr10:100363743	wtdmso	wtcsc	8	23	37	49	0.4606345475910693	0.13118805953150608
chr10:100363779	wtdmso	wtcsc	6	16	41	47	0.4298780487804878	0.14777976352318822
chr10:100364038	wtdmso	wtcsc	2	3	60	81	0.9	1.0
chr10:100364310	wtdmso	wtcsc	7	18	67	87	0.5049751243781094	0.1896690542346791
chr10:100364322	wtdmso	wtcsc	3	9	76	111	0.4868421052631579	0.36973053147057144
chr10:100364341	wtdmso	wtcsc	1	2	82	123	0.75	1.0
chr10:100364392	wtdmso	wtcsc	1	15	39	47	0.08034188034188035	0.004014071779260452
chr10:100364422	wtdmso	wtcsc	3	13	76	107	0.3248987854251012	0.10848531050443262
chr10:100364475	wtdmso	wtcsc	3	5	85	117	0.8258823529411765	1.0
chr10:100364512	wtdmso	wtcsc	18	40	79	87	0.49556962025316453	0.031719944972059995
chr10:100364569	wtdmso	wtcsc	8	13	70	100	0.8791208791208791	0.8192749231224515
chr10:100364601	wtdmso	wtcsc	6	15	93	116	0.4989247311827957	0.17467894171926987
chr10:100364610	wtdmso	wtcsc	1	3	85	113	0.44313725490196076	0.6379288195076165
chr10:100364725	wtdmso	wtcsc	7	15	86	109	0.5914728682170542	0.3642683013489625
chr10:100523754	wtdmso	wtcsc	1	1	10	15	1.5	1.0
chr10:100523800	wtdmso	wtcsc	3	3	20	17	0.85	1.0
chr10:100523926	wtdmso	wtcsc	3	4	19	15	0.5921052631578947	0.6847142639825565
chr10:100526522	wtdmso	wtcsc	5	5	22	18	0.8181818181818182	1.0
chr10:100526977	wtdmso	wtcsc	4	3	22	20	1.2121212121212122	1.0
chr10:100526987	wtdmso	wtcsc	8	8	18	14	0.7777777777777778	0.7636767359556125
chr10:100529402	wtdmso	wtcsc	5	6	21	16	0.6349206349206349	0.731674128962962
chr10:100529461	wtdmso	wtcsc	2	3	23	20	0.5797101449275363	0.6601654846335696
chr10:100529494	wtdmso	wtcsc	1	2	24	19	0.3958333333333333	0.5849802371541502
chr10:100529769	wtdmso	wtcsc	1	2	20	14	0.35	0.5675675675675675
chr10:100986301	wtdmso	wtcsc	1	1	9	13	1.4444444444444444	1.0
chr10:100986492	wtdmso	wtcsc	4	2	8	11	2.75	0.37826086956521743
chr10:100986541	wtdmso	wtcsc	1	4	11	8	0.18181818181818182	0.3167701863354037
chr10:100986550	wtdmso	wtcsc	2	2	10	10	1.0	1.0
chr10:100986697	wtdmso	wtcsc	6	12	4	1	0.125	0.1268685547861749
chr10:102658024	wtdmso	wtcsc	5	3	5	11	3.6666666666666665	0.20379593484991254
chr10:103389058	wtdmso	wtcsc	5	4	8	11	1.71875	0.6891304347826088
chr10:103392371	wtdmso	wtcsc	19	24	22	41	1.4753787878787878	0.41729909600693077
chr10:103396438	wtdmso	wtcsc	1	5	15	36	0.48	0.665114759454382
chr10:104031404	wtdmso	wtcsc	12	21	76	74	0.556390977443609	0.1780272481519918
chr10:104031464	wtdmso	wtcsc	8	9	64	70	0.9722222222222222	1.0
chr10:104031516	wtdmso	wtcsc	11	11	60	76	1.2666666666666666	0.649137390130796
chr10:104031558	wtdmso	wtcsc	25	27	50	58	1.0740740740740742	0.8668104656887087
chr10:104031722	wtdmso	wtcsc	2	17	75	82	0.12862745098039216	0.002442186895390645
chr10:104031824	wtdmso	wtcsc	9	17	60	74	0.6529411764705882	0.39168067247218075
chr10:104031963	wtdmso	wtcsc	18	25	52	49	0.6784615384615384	0.36283645720573376
chr10:104031990	wtdmso	wtcsc	9	15	44	59	0.8045454545454546	0.8186574207120111
chr10:104032023	wtdmso	wtcsc	10	13	57	63	0.8502024291497976	0.821132769152804
chr10:104032084	wtdmso	wtcsc	7	9	57	59	0.8050682261208577	0.7922843832960635
chr10:104032126	wtdmso	wtcsc	6	8	52	66	0.9519230769230769	1.0
chr10:104032207	wtdmso	wtcsc	12	15	71	75	0.8450704225352113	0.8343511501920526
chr10:104032218	wtdmso	wtcsc	6	5	72	85	1.4166666666666667	0.7563752679046941
chr10:104032286	wtdmso	wtcsc	2	9	91	86	0.21001221001221002	0.05792494742597612
chr10:104032698	wtdmso	wtcsc	12	11	77	73	1.0342384887839433	1.0
chr10:104032750	wtdmso	wtcsc	4	1	38	37	3.8947368421052633	0.36215366911569447
chr10:104032912	wtdmso	wtcsc	18	13	70	80	1.5824175824175823	0.3239538276352102
chr10:104032948	wtdmso	wtcsc	3	7	76	83	0.4680451127819549	0.33968653721290865
chr10:104033237	wtdmso	wtcsc	3	5	79	81	0.6151898734177215	0.7204891848253832
chr10:104033248	wtdmso	wtcsc	3	4	65	69	0.7961538461538461	1.0
chr10:104033257	wtdmso	wtcsc	8	15	65	66	0.5415384615384615	0.25795900211020206
chr10:104033264	wtdmso	wtcsc	6	25	71	60	0.2028169014084507	0.0005456504742475393
chr10:104034003	wtdmso	wtcsc	6	7	68	69	0.8697478991596639	1.0
chr10:104034017	wtdmso	wtcsc	13	21	55	53	0.5965367965367966	0.23921409472066968
chr10:104034081	wtdmso	wtcsc	4	2	62	75	2.4193548387096775	0.41473122136809953
chr10:104034267	wtdmso	wtcsc	10	11	44	59	1.21900826446281	0.809944648132876
chr10:104034278	wtdmso	wtcsc	7	11	51	60	0.7486631016042781	0.6192366252091365
chr10:104034732	wtdmso	wtcsc	7	11	46	52	0.7193675889328063	0.611945436526389
chr10:104035282	wtdmso	wtcsc	9	8	44	45	1.1505681818181819	1.0
chr10:104035347	wtdmso	wtcsc	1	3	49	50	0.3401360544217687	0.6181983703795851
chr10:104035506	wtdmso	wtcsc	2	1	43	55	2.558139534883721	0.584158415841584
chr10:104036532	wtdmso	wtcsc	2	5	45	46	0.4088888888888889	0.43860433112211855
chr10:104037064	wtdmso	wtcsc	2	3	38	47	0.8245614035087719	1.0
chr10:104037635	wtdmso	wtcsc	2	1	38	42	2.210526315789474	0.6068828158161098
chr10:104037683	wtdmso	wtcsc	1	2	41	46	0.5609756097560976	1.0
chr10:104037708	wtdmso	wtcsc	7	7	35	41	1.1714285714285715	1.0
chr10:104037769	wtdmso	wtcsc	4	4	39	45	1.1538461538461537	1.0
chr10:104039449	wtdmso	wtcsc	2	4	35	32	0.45714285714285713	0.42967812832923696
chr10:104039460	wtdmso	wtcsc	4	3	33	34	1.3737373737373737	1.0
chr10:104039502	wtdmso	wtcsc	5	5	27	29	1.0740740740740742	1.0
chr10:104039979	wtdmso	wtcsc	2	5	33	32	0.3878787878787879	0.43038748389101655
chr10:104041318	wtdmso	wtcsc	2	1	29	27	1.8620689655172413	1.0
chr10:104042426	wtdmso	wtcsc	2	3	27	27	0.6666666666666666	1.0
chr10:104043525	wtdmso	wtcsc	1	2	30	26	0.43333333333333335	0.5994955243163431
chr10:104043543	wtdmso	wtcsc	4	6	27	22	0.5432098765432098	0.4942696510990634
chr10:104043830	wtdmso	wtcsc	2	5	30	26	0.3466666666666667	0.25651862359427324
chr10:104043855	wtdmso	wtcsc	3	7	28	23	0.3520408163265306	0.18216193232534797
chr10:104045791	wtdmso	wtcsc	2	4	28	28	0.5	0.6724236264459426
chr10:104046762	wtdmso	wtcsc	1	3	27	26	0.32098765432098764	0.6114832535885169
chr10:104047763	wtdmso	wtcsc	3	5	26	24	0.5538461538461539	0.70570179863947
chr10:104047805	wtdmso	wtcsc	4	1	25	28	4.48	0.3524720893141945
chr10:104050104	wtdmso	wtcsc	1	2	24	14	0.2916666666666667	0.5497185741088181
chr10:104050120	wtdmso	wtcsc	2	1	24	16	1.3333333333333333	1.0
chr10:104050627	wtdmso	wtcsc	1	1	21	16	0.7619047619047619	1.0
chr10:104050645	wtdmso	wtcsc	1	3	11	10	0.30303030303030304	0.5930434782608693
chr10:104050863	wtdmso	wtcsc	2	5	21	9	0.17142857142857143	0.08005111373232818
chr10:104052203	wtdmso	wtcsc	1	2	9	11	0.6111111111111112	1.0
chr10:104259748	wtdmso	wtcsc	3	4	65	108	1.2461538461538462	1.0
chr10:104266089	wtdmso	wtcsc	17	34	57	91	0.7982456140350878	0.6147144079046871
chr10:104267272	wtdmso	wtcsc	1	2	66	110	0.8333333333333334	1.0
chr10:104267278	wtdmso	wtcsc	8	16	60	110	0.9166666666666666	1.0
chr10:104267340	wtdmso	wtcsc	9	14	63	112	1.1428571428571428	0.8193269230257085
chr10:104267373	wtdmso	wtcsc	3	10	66	109	0.4954545454545455	0.37945223059724614
chr10:104267391	wtdmso	wtcsc	9	29	52	93	0.5550397877984085	0.17971467989076864
chr10:11870608	wtdmso	wtcsc	3	11	9	12	0.36363636363636365	0.2816351501668521
chr10:119499975	wtdmso	wtcsc	2	2	11	20	1.8181818181818181	0.6176470588235293
chr10:119500018	wtdmso	wtcsc	3	14	9	6	0.14285714285714285	0.026880108332930315
chr10:119500056	wtdmso	wtcsc	4	5	8	15	1.5	0.6959869940960043
chr10:119500094	wtdmso	wtcsc	5	9	5	10	1.1111111111111112	1.0
chr10:119500186	wtdmso	wtcsc	4	4	8	20	2.5	0.3974219721258914
chr10:119500209	wtdmso	wtcsc	4	5	8	16	1.6	0.6904594848977497
chr10:119515512	wtdmso	wtcsc	1	1	10	20	2.0	1.0
chr10:119515544	wtdmso	wtcsc	1	4	10	19	0.475	1.0
chr10:122488937	wtdmso	wtcsc	1	5	54	76	0.2814814814814815	0.40077618329882647
chr10:122489487	wtdmso	wtcsc	12	28	38	50	0.5639097744360902	0.17585631569812443
chr10:122489497	wtdmso	wtcsc	3	5	57	78	0.8210526315789474	1.0
chr10:122489515	wtdmso	wtcsc	1	6	60	79	0.21944444444444444	0.23925967735044523
chr10:122489618	wtdmso	wtcsc	5	12	58	83	0.5962643678160919	0.43727342422833504
chr10:12249616	wtdmso	wtcsc	2	2	8	8	1.0	1.0
chr10:122506856	wtdmso	wtcsc	2	2	58	87	1.5	1.0
chr10:122506867	wtdmso	wtcsc	1	2	65	91	0.7	1.0
chr10:122507376	wtdmso	wtcsc	4	4	63	90	1.4285714285714286	0.7197627171758505
chr10:122508691	wtdmso	wtcsc	1	7	69	92	0.19047619047619047	0.14176738983124385
chr10:122508755	wtdmso	wtcsc	4	3	61	92	2.010928961748634	0.4432758411102055
chr10:122511989	wtdmso	wtcsc	15	20	47	69	1.101063829787234	0.8460318971298442
chr10:122512001	wtdmso	wtcsc	3	6	24	33	0.6875	0.7270087137832892
chr10:122514232	wtdmso	wtcsc	14	33	21	34	0.6868686868686869	0.40885817311403394
chr10:122514291	wtdmso	wtcsc	13	19	73	97	0.9091564527757751	0.8478390953589205
chr10:122514376	wtdmso	wtcsc	27	41	50	71	0.9351219512195122	0.87810414500653
chr10:122514396	wtdmso	wtcsc	41	51	45	59	1.0540305010893247	0.88600891802191
chr10:122514421	wtdmso	wtcsc	53	75	39	45	0.8153846153846154	0.4822931225397086
chr10:122514442	wtdmso	wtcsc	19	34	69	84	0.680306905370844	0.2628689232106048
chr10:122514451	wtdmso	wtcsc	22	20	72	94	1.4361111111111111	0.3039291488411645
chr10:122514458	wtdmso	wtcsc	19	24	70	94	1.063095238095238	0.8643928982780189
chr10:122514484	wtdmso	wtcsc	6	10	83	95	0.6867469879518072	0.6035086671606396
chr10:122514627	wtdmso	wtcsc	32	38	27	59	1.8401559454191032	0.07089293817311995
chr10:122514653	wtdmso	wtcsc	11	22	81	109	0.6728395061728395	0.3447051644254733
chr10:122514732	wtdmso	wtcsc	49	80	36	50	0.8506944444444444	0.5727844295472935
chr10:122514787	wtdmso	wtcsc	11	19	82	114	0.8048780487804879	0.6919275391390565
chr10:122514868	wtdmso	wtcsc	9	23	80	109	0.5331521739130435	0.17232648476179804
chr10:130166938	wtdmso	wtcsc	2	1	8	27	6.75	0.16358463726884784
chr10:130179343	wtdmso	wtcsc	1	5	9	32	0.7111111111111111	1.0
chr10:133364681	wtdmso	wtcsc	1	1	9	9	1.0	1.0
chr10:17229515	wtdmso	wtcsc	11	24	106	195	0.8431603773584906	0.7116006355138602
chr10:17229666	wtdmso	wtcsc	19	49	103	193	0.726570239746384	0.3200995878734425
chr10:17229675	wtdmso	wtcsc	17	53	99	184	0.5961501810558414	0.11741287293551131
chr10:17229714	wtdmso	wtcsc	6	20	98	181	0.5540816326530612	0.28088323431708245
chr10:17229756	wtdmso	wtcsc	3	3	111	230	2.0720720720720722	0.39885100655596234
chr10:17229864	wtdmso	wtcsc	12	26	138	249	0.8327759197324415	0.7230428371435309
chr10:17229906	wtdmso	wtcsc	6	13	128	225	0.8112980769230769	0.8085363233147864
chr10:17229963	wtdmso	wtcsc	4	6	153	255	1.1111111111111112	1.0
chr10:17233593	wtdmso	wtcsc	2	2	162	283	1.7469135802469136	0.6252973728159101
chr10:17233617	wtdmso	wtcsc	2	6	175	292	0.5561904761904762	0.7159902633160904
chr10:17233669	wtdmso	wtcsc	5	13	148	245	0.6366943866943867	0.4636025428599788
chr10:17233801	wtdmso	wtcsc	24	40	182	286	0.9428571428571428	0.8916535116569998
chr10:17233839	wtdmso	wtcsc	18	73	169	217	0.31660857582880764	1.5422111709486448e-05
chr10:17233896	wtdmso	wtcsc	11	22	198	301	0.76010101010101	0.5817687466812349
chr10:17234699	wtdmso	wtcsc	26	43	169	252	0.9016100178890877	0.790994846052024
chr10:17234723	wtdmso	wtcsc	5	5	235	351	1.4936170212765958	0.5336664681663605
chr10:17234815	wtdmso	wtcsc	16	15	247	362	1.5632928475033738	0.26235814445688665
chr10:17235208	wtdmso	wtcsc	14	47	245	318	0.38662613981762917	0.002374788929885929
chr10:17235229	wtdmso	wtcsc	3	9	262	345	0.4389312977099237	0.2506161868271654
chr10:17235238	wtdmso	wtcsc	6	5	242	332	1.6462809917355372	0.540562462272031
chr10:17235340	wtdmso	wtcsc	1	10	273	378	0.13846153846153847	0.031029039038122583
chr10:17235865	wtdmso	wtcsc	5	10	256	381	0.744140625	0.7909873271488512
chr10:17235880	wtdmso	wtcsc	23	39	225	307	0.8046723646723647	0.49698862093651003
chr10:17236340	wtdmso	wtcsc	13	36	274	332	0.4375506893755069	0.01107084522251562
chr10:17236364	wtdmso	wtcsc	23	39	264	356	0.7952602952602953	0.4219843830548019
chr10:17236375	wtdmso	wtcsc	6	18	216	287	0.44290123456790126	0.09303676773857546
chr10:17237241	wtdmso	wtcsc	3	12	274	380	0.3467153284671533	0.11327998692234995
chr10:17237260	wtdmso	wtcsc	8	18	270	356	0.5860082304526749	0.23164422570158544
chr10:17237340	wtdmso	wtcsc	1	2	285	393	0.6894736842105263	1.0
chr10:17237524	wtdmso	wtcsc	21	54	276	360	0.5072463768115942	0.012884922632310428
chr10:3107214	wtdmso	wtcsc	1	5	12	15	0.25	0.364418256937723
chr10:3108725	wtdmso	wtcsc	1	1	12	17	1.4166666666666667	1.0
chr10:3108766	wtdmso	wtcsc	1	4	14	15	0.26785714285714285	0.3547308952906675
chr10:3109439	wtdmso	wtcsc	2	1	13	19	2.923076923076923	0.5645530939648586
chr10:3112221	wtdmso	wtcsc	1	2	15	18	0.6	1.0
chr10:3113138	wtdmso	wtcsc	2	4	22	17	0.38636363636363635	0.3955379088674608
chr10:3116838	wtdmso	wtcsc	1	1	23	22	0.9565217391304348	1.0
chr10:3119902	wtdmso	wtcsc	1	3	30	22	0.24444444444444444	0.31423398404530467
chr10:3120030	wtdmso	wtcsc	3	4	23	21	0.6847826086956522	0.7030017680831198
chr10:3129851	wtdmso	wtcsc	2	3	31	24	0.5161290322580645	0.6493542447585943
chr10:3133222	wtdmso	wtcsc	3	2	33	27	1.2272727272727273	1.0
chr10:3133279	wtdmso	wtcsc	1	5	37	34	0.1837837837837838	0.20024906600249068
chr10:3134510	wtdmso	wtcsc	3	1	25	34	4.08	0.3147658499324285
chr10:3134518	wtdmso	wtcsc	1	3	34	34	0.3333333333333333	0.6148193508879363
chr10:3134559	wtdmso	wtcsc	3	1	37	39	3.1621621621621623	0.6153213874732861
chr10:3136538	wtdmso	wtcsc	2	5	31	21	0.2709677419354839	0.22294055256944487
chr10:3136554	wtdmso	wtcsc	4	8	36	36	0.5	0.3578567832229609
chr10:3136578	wtdmso	wtcsc	3	4	37	33	0.668918918918919	0.7047164681739253
chr10:3136615	wtdmso	wtcsc	13	18	27	24	0.6419753086419753	0.3694661915029662
chr10:32900620	wtdmso	wtcsc	38	61	52	70	0.8385876418663304	0.5825317209971856
chr10:32900679	wtdmso	wtcsc	6	7	82	115	1.2020905923344947	0.7778573212807758
chr10:32900870	wtdmso	wtcsc	10	28	69	97	0.5020703933747412	0.09757798520789465
chr10:32900914	wtdmso	wtcsc	5	10	72	109	0.7569444444444444	0.7853516554593364
chr10:32901079	wtdmso	wtcsc	5	20	61	87	0.35655737704918034	0.04742068130820066
chr10:32901084	wtdmso	wtcsc	2	2	66	95	1.4393939393939394	1.0
chr10:32901200	wtdmso	wtcsc	4	28	65	71	0.15604395604395604	0.00023525185108270606
chr10:32901307	wtdmso	wtcsc	12	26	43	65	0.6976744186046512	0.43835520099515823
chr10:32901322	wtdmso	wtcsc	1	5	58	87	0.3	0.4046935927122992
chr10:32901375	wtdmso	wtcsc	11	13	54	84	1.3162393162393162	0.6526008648345196
chr10:32901382	wtdmso	wtcsc	1	2	58	84	0.7241379310344828	1.0
chr10:32901386	wtdmso	wtcsc	25	34	35	51	1.0714285714285714	0.8650818498972815
chr10:32908371	wtdmso	wtcsc	1	6	45	66	0.24444444444444444	0.24452041044464595
chr10:32908422	wtdmso	wtcsc	4	4	47	81	1.7234042553191489	0.4727871538096158
chr10:32911606	wtdmso	wtcsc	14	28	22	35	0.7954545454545454	0.6744703934802181
chr10:32911991	wtdmso	wtcsc	4	5	19	35	1.4736842105263157	0.7127826571526326
chr10:32912099	wtdmso	wtcsc	1	3	23	45	0.6521739130434783	1.0
chr10:4963438	wtdmso	wtcsc	3	6	19	92	2.4210526315789473	0.36329055368108487
chr10:4966014	wtdmso	wtcsc	5	30	18	70	0.6481481481481481	0.6089329264339505
chr10:4967008	wtdmso	wtcsc	2	7	21	110	1.4965986394557824	0.6418347219613398
chr10:4972232	wtdmso	wtcsc	1	14	34	111	0.23319327731092437	0.1940246847743468
chr10:4972304	wtdmso	wtcsc	1	6	43	145	0.562015503875969	1.0
chr10:4972594	wtdmso	wtcsc	9	32	38	126	0.9325657894736842	1.0
chr10:4972653	wtdmso	wtcsc	10	33	34	114	1.0160427807486632	1.0
chr10:4972736	wtdmso	wtcsc	5	4	36	145	5.034722222222222	0.023812950734311368
chr10:4975868	wtdmso	wtcsc	4	12	45	168	1.2444444444444445	0.7527801951950148
chr10:4975922	wtdmso	wtcsc	1	6	50	170	0.5666666666666667	1.0
chr10:4977793	wtdmso	wtcsc	4	19	45	151	0.7064327485380117	0.7914678495491789
chr10:4977819	wtdmso	wtcsc	9	44	39	124	0.6503496503496503	0.34489403580708766
chr10:4977824	wtdmso	wtcsc	4	16	36	135	0.9375	1.0
chr10:4977903	wtdmso	wtcsc	1	4	45	156	0.8666666666666667	1.0
chr10:4989943	wtdmso	wtcsc	1	2	14	25	0.8928571428571429	1.0
chr10:4995451	wtdmso	wtcsc	1	3	11	15	0.45454545454545453	0.6315270935960592
chr10:4995832	wtdmso	wtcsc	1	2	10	15	0.75	1.0
chr10:5000592	wtdmso	wtcsc	1	2	9	9	0.5	1.0
chr10:5765303	wtdmso	wtcsc	2	7	21	45	0.6122448979591837	0.7129283784289673
chr10:5765384	wtdmso	wtcsc	9	25	15	29	0.696	0.6214927882625515
chr10:5765564	wtdmso	wtcsc	2	3	21	27	0.8571428571428571	1.0
chr10:5765784	wtdmso	wtcsc	1	1	9	18	2.0	1.0
chr10:5766054	wtdmso	wtcsc	2	2	8	18	2.25	0.5840175150519977
chr10:5766498	wtdmso	wtcsc	1	4	9	10	0.2777777777777778	0.35770750988142286
chr10:69392255	wtdmso	wtcsc	2	10	9	23	0.5111111111111111	0.698275697531118
chr10:69398679	wtdmso	wtcsc	1	1	23	29	1.2608695652173914	1.0
chr10:69398768	wtdmso	wtcsc	3	3	23	30	1.3043478260869565	1.0
chr10:69398787	wtdmso	wtcsc	3	10	23	24	0.3130434782608696	0.12202041428698049
chr10:69398805	wtdmso	wtcsc	2	2	20	34	1.7	0.6297640653357532
chr10:69401023	wtdmso	wtcsc	7	10	17	24	0.9882352941176471	1.0
chr10:69401375	wtdmso	wtcsc	1	1	25	39	1.56	1.0
chr10:69401692	wtdmso	wtcsc	3	8	30	45	0.5625	0.5194572838608429
chr10:69401712	wtdmso	wtcsc	5	17	30	43	0.4215686274509804	0.13739018465165703
chr10:69401855	wtdmso	wtcsc	7	15	24	35	0.6805555555555556	0.6086974260060531
chr10:69401864	wtdmso	wtcsc	1	2	30	52	0.8666666666666667	1.0
chr10:70203024	wtdmso	wtcsc	5	10	28	36	0.6428571428571429	0.5669329865392875
chr10:70203054	wtdmso	wtcsc	11	19	21	25	0.6892230576441103	0.4834063851178768
chr10:70209255	wtdmso	wtcsc	2	2	21	19	0.9047619047619048	1.0
chr10:70209288	wtdmso	wtcsc	3	2	21	31	2.2142857142857144	0.6403587585315489
chr10:70209633	wtdmso	wtcsc	3	2	18	27	2.25	0.6378353376503239
chr10:70214575	wtdmso	wtcsc	1	1	19	29	1.5263157894736843	1.0
chr10:70217830	wtdmso	wtcsc	1	2	22	30	0.6818181818181818	1.0
chr10:70217917	wtdmso	wtcsc	1	2	9	17	0.9444444444444444	1.0
chr10:70233337	wtdmso	wtcsc	2	2	10	18	1.8	0.6195773081201335
chr10:71816360	wtdmso	wtcsc	38	44	130	157	1.043006993006993	0.9003125163477164
chr10:71816382	wtdmso	wtcsc	4	11	189	271	0.5214045214045214	0.2993000411992726
chr10:71816403	wtdmso	wtcsc	3	13	198	253	0.2948717948717949	0.06925309447697331
chr10:71816574	wtdmso	wtcsc	10	16	244	349	0.8939549180327869	0.8412167532080699
chr10:71816679	wtdmso	wtcsc	4	10	223	330	0.5919282511210763	0.4234031438271077
chr10:71816859	wtdmso	wtcsc	4	5	218	347	1.273394495412844	0.739824986513054
chr10:71816973	wtdmso	wtcsc	3	2	206	303	2.2063106796116503	0.40087800347501906
chr10:71816986	wtdmso	wtcsc	38	81	177	245	0.6493687661295947	0.05616775310786805
chr10:71817018	wtdmso	wtcsc	27	63	201	273	0.582089552238806	0.034552187632954076
chr10:71817078	wtdmso	wtcsc	7	22	198	289	0.46441689623507804	0.08225676590123707
chr10:71817125	wtdmso	wtcsc	8	19	196	283	0.6079484425349087	0.31441812750068515
chr10:71817351	wtdmso	wtcsc	6	28	200	269	0.2882142857142857	0.0036818086879973544
chr10:71817444	wtdmso	wtcsc	30	45	153	219	0.954248366013072	0.8980861931401602
chr10:71818641	wtdmso	wtcsc	23	56	155	195	0.5167050691244239	0.016029184491784854
chr10:71818681	wtdmso	wtcsc	25	67	153	190	0.46336942737293924	0.002749150859803747
chr10:71819480	wtdmso	wtcsc	6	16	145	215	0.5560344827586207	0.26698910691264516
chr10:71819613	wtdmso	wtcsc	14	58	127	155	0.2945967960901439	7.524164672949443e-05
chr10:71819716	wtdmso	wtcsc	14	26	111	168	0.814968814968815	0.6072058686468951
chr10:71819820	wtdmso	wtcsc	1	3	132	195	0.49242424242424243	0.6514247370409684
chr10:71820244	wtdmso	wtcsc	5	9	105	163	0.8624338624338624	1.0
chr10:71820255	wtdmso	wtcsc	5	13	114	176	0.5937921727395412	0.45580893122955013
chr10:71820268	wtdmso	wtcsc	12	22	114	171	0.8181818181818182	0.7113646205756775
chr10:71821893	wtdmso	wtcsc	37	55	88	140	1.0702479338842976	0.8011956784905947
chr10:71821943	wtdmso	wtcsc	1	3	108	173	0.5339506172839507	1.0
chr10:71825885	wtdmso	wtcsc	11	22	96	148	0.7708333333333334	0.5711842762702881
chr10:71828041	wtdmso	wtcsc	5	22	105	161	0.3484848484848485	0.03679971563833478
chr10:71828061	wtdmso	wtcsc	3	13	105	157	0.34505494505494505	0.11468465062943564
chr10:71828093	wtdmso	wtcsc	2	2	72	119	1.6527777777777777	0.6351533106247065
chr10:71828105	wtdmso	wtcsc	1	6	103	168	0.27184466019417475	0.2624051939214743
chr10:71828113	wtdmso	wtcsc	2	8	87	144	0.41379310344827586	0.33115392939526944
chr10:71828117	wtdmso	wtcsc	29	72	76	107	0.5670687134502924	0.03976148684770511
chr10:71828134	wtdmso	wtcsc	18	53	88	113	0.436106346483705	0.007034069121767685
chr10:71828959	wtdmso	wtcsc	17	44	75	111	0.5718181818181818	0.0938879176029356
chr10:71831168	wtdmso	wtcsc	7	9	86	146	1.3204134366925064	0.6024141077711895
chr10:71831198	wtdmso	wtcsc	29	59	61	102	0.8218949708252292	0.49438623990750524
chr10:71831216	wtdmso	wtcsc	30	83	55	54	0.3548740416210296	0.0003150528459503982
chr10:71834384	wtdmso	wtcsc	4	13	80	120	0.46153846153846156	0.20611404435134784
chr10:71834482	wtdmso	wtcsc	18	36	63	95	0.753968253968254	0.42162128634742263
chr10:72273954	wtdmso	wtcsc	13	26	67	130	0.9701492537313433	1.0
chr10:72274047	wtdmso	wtcsc	1	11	71	128	0.16389244558258642	0.062387390672257514
chr10:72274232	wtdmso	wtcsc	12	26	71	121	0.7865655471289275	0.5830428441863079
chr10:72274282	wtdmso	wtcsc	27	53	54	91	0.8584905660377359	0.6643035602556019
chr10:72274346	wtdmso	wtcsc	1	1	79	138	1.7468354430379747	1.0
chr10:72274373	wtdmso	wtcsc	7	30	89	151	0.39588014981273406	0.04007082933651736
chr10:72274388	wtdmso	wtcsc	4	13	91	140	0.47337278106508873	0.3009229008699708
chr10:72274745	wtdmso	wtcsc	2	13	107	178	0.2559309849029475	0.0948681114808502
chr10:72274758	wtdmso	wtcsc	25	58	84	140	0.7183908045977011	0.2827520276274644
chr10:72274878	wtdmso	wtcsc	17	46	94	158	0.6211840888066605	0.14166581418500365
chr10:72275014	wtdmso	wtcsc	4	12	107	176	0.5482866043613707	0.4269204822872517
chr10:72275033	wtdmso	wtcsc	61	105	27	45	0.9682539682539683	1.0
chr10:72275163	wtdmso	wtcsc	9	21	101	178	0.7553041018387553	0.5532701288957458
chr10:72275188	wtdmso	wtcsc	48	80	74	140	1.135135135135135	0.6410918961777188
chr10:72275223	wtdmso	wtcsc	10	20	96	183	0.953125	1.0
chr10:72275237	wtdmso	wtcsc	67	126	49	89	0.9658244250080985	0.9073180015705934
chr10:72275252	wtdmso	wtcsc	3	11	111	199	0.48894348894348894	0.393247918050333
chr10:72275273	wtdmso	wtcsc	95	167	30	58	1.0998003992015968	0.797302666353939
chr10:72275294	wtdmso	wtcsc	7	32	100	167	0.3653125	0.018931432481254708
chr10:72275381	wtdmso	wtcsc	10	22	96	196	0.928030303030303	1.0
chr10:72275483	wtdmso	wtcsc	7	16	91	201	0.9663461538461539	1.0
chr10:72275501	wtdmso	wtcsc	2	4	108	239	1.1064814814814814	1.0
chr10:72275642	wtdmso	wtcsc	1	5	111	241	0.43423423423423424	0.669841874054343
chr10:72275701	wtdmso	wtcsc	10	37	84	188	0.6048906048906049	0.22586867779165662
chr10:72275783	wtdmso	wtcsc	2	4	105	238	1.1333333333333333	1.0
chr10:72275884	wtdmso	wtcsc	1	6	116	253	0.3635057471264368	0.44278714411139103
chr10:72275926	wtdmso	wtcsc	56	150	57	90	0.5894736842105263	0.027682000717074932
chr10:72275988	wtdmso	wtcsc	1	20	92	193	0.10489130434782609	0.005988249889202921
chr10:72276019	wtdmso	wtcsc	1	5	76	148	0.3894736842105263	0.6664324295145563
chr10:73250842	wtdmso	wtcsc	2	3	16	11	0.4583333333333333	0.6312569521690767
chr10:73250938	wtdmso	wtcsc	3	4	15	10	0.5	0.6690767519466074
chr10:73251824	wtdmso	wtcsc	1	1	15	12	0.8	1.0
chr10:73916789	wtdmso	wtcsc	3	2	7	9	1.9285714285714286	0.6351172047766475
chr10:75210928	wtdmso	wtcsc	6	9	58	43	0.4942528735632184	0.26837876873646505
chr10:75211172	wtdmso	wtcsc	3	2	66	58	1.3181818181818181	1.0
chr10:75212256	wtdmso	wtcsc	1	1	68	55	0.8088235294117647	1.0
chr10:75214036	wtdmso	wtcsc	1	7	83	64	0.11015490533562823	0.02413133249740642
chr10:75214049	wtdmso	wtcsc	1	1	82	70	0.8536585365853658	1.0
chr10:75219113	wtdmso	wtcsc	1	2	72	70	0.4861111111111111	0.6197733301181578
chr10:75219122	wtdmso	wtcsc	1	1	73	65	0.8904109589041096	1.0
chr10:75219152	wtdmso	wtcsc	9	6	72	64	1.3333333333333333	0.7861507137981945
chr10:75219171	wtdmso	wtcsc	6	5	70	63	1.08	1.0
chr10:75219191	wtdmso	wtcsc	2	4	70	65	0.4642857142857143	0.43478979822819797
chr10:75219320	wtdmso	wtcsc	4	15	84	64	0.20317460317460317	0.005957814268539948
chr10:75219324	wtdmso	wtcsc	1	1	84	72	0.8571428571428571	1.0
chr10:75219349	wtdmso	wtcsc	1	1	78	71	0.9102564102564102	1.0
chr10:75220807	wtdmso	wtcsc	4	5	83	71	0.6843373493975904	0.7348233066576129
chr10:75220823	wtdmso	wtcsc	4	4	76	62	0.8157894736842105	1.0
chr10:75220884	wtdmso	wtcsc	1	1	89	78	0.8764044943820225	1.0
chr10:75220921	wtdmso	wtcsc	2	2	92	80	0.8695652173913043	1.0
chr10:75220941	wtdmso	wtcsc	27	32	68	51	0.6328125	0.20151447263364275
chr10:75220948	wtdmso	wtcsc	11	13	80	67	0.7086538461538462	0.5105078156497637
chr10:75222261	wtdmso	wtcsc	16	12	54	52	1.2839506172839505	0.6716110542455422
chr10:75222330	wtdmso	wtcsc	3	3	89	81	0.9101123595505618	1.0
chr10:75229688	wtdmso	wtcsc	2	10	97	90	0.18556701030927836	0.033040109324184976
chr10:75231054	wtdmso	wtcsc	12	11	66	64	1.0578512396694215	1.0
chr10:75231135	wtdmso	wtcsc	2	1	90	81	1.8	1.0
chr10:75231224	wtdmso	wtcsc	11	11	107	102	0.9532710280373832	1.0
chr10:75231271	wtdmso	wtcsc	7	4	43	46	1.872093023255814	0.5245551652531855
chr10:75231413	wtdmso	wtcsc	4	3	19	9	0.631578947368421	0.669740888568998
chr10:78035387	wtdmso	wtcsc	7	33	237	354	0.31683927886459534	0.004060462259714878
chr10:78035552	wtdmso	wtcsc	1	2	269	439	0.8159851301115242	1.0
chr10:78035569	wtdmso	wtcsc	6	8	274	474	1.2974452554744527	0.7805892052303282
chr10:78035624	wtdmso	wtcsc	83	125	211	364	1.145478672985782	0.45216253926880523
chr10:78035645	wtdmso	wtcsc	1	1	230	411	1.7869565217391303	1.0
chr10:78035698	wtdmso	wtcsc	78	138	209	347	0.9384231329311421	0.7403074559540503
chr10:78035704	wtdmso	wtcsc	7	18	288	476	0.6427469135802469	0.4034114493999043
chr10:78035710	wtdmso	wtcsc	58	103	220	370	0.9470432480141218	0.7832408688416126
chr10:78037217	wtdmso	wtcsc	4	6	296	487	1.0968468468468469	1.0
chr10:78037248	wtdmso	wtcsc	1	13	255	422	0.12730015082956259	0.02241033832458353
chr10:78037271	wtdmso	wtcsc	30	52	283	460	0.9377548246806198	0.8118378957568436
chr10:78040674	wtdmso	wtcsc	39	81	233	364	0.7521856620569067	0.21589571474499314
chr10:78040684	wtdmso	wtcsc	10	22	245	375	0.6957328385899815	0.457960344601385
chr10:78040691	wtdmso	wtcsc	4	5	148	223	1.2054054054054053	1.0
chr10:80155669	wtdmso	wtcsc	6	3	11	11	2.0	0.45640341119762695
chr10:80155686	wtdmso	wtcsc	5	3	10	11	1.8333333333333333	0.6816591704147925
chr10:80155707	wtdmso	wtcsc	1	2	13	8	0.3076923076923077	0.5503952569169961
chr10:80155856	wtdmso	wtcsc	3	3	10	9	0.9	1.0
chr10:80157708	wtdmso	wtcsc	1	1	15	16	1.0666666666666667	1.0
chr10:80157746	wtdmso	wtcsc	4	3	12	12	1.3333333333333333	1.0
chr10:80161994	wtdmso	wtcsc	1	1	13	13	1.0	1.0
chr10:84141617	wtdmso	wtcsc	2	1	34	51	3.0	0.5649923452649996
chr10:84142696	wtdmso	wtcsc	2	12	33	38	0.1919191919191919	0.03609516275282805
chr10:84142707	wtdmso	wtcsc	2	10	33	44	0.26666666666666666	0.11548135871298695
chr10:84144070	wtdmso	wtcsc	6	20	24	36	0.45	0.14805743110405287
chr10:84144990	wtdmso	wtcsc	11	24	27	35	0.5941358024691358	0.2830505354482183
chr10:84148741	wtdmso	wtcsc	1	4	35	56	0.4	0.6472976665949439
chr10:84148793	wtdmso	wtcsc	1	2	34	47	0.6911764705882353	1.0
chr10:84150189	wtdmso	wtcsc	15	17	21	41	1.7226890756302522	0.265367639094841
chr10:84152352	wtdmso	wtcsc	3	10	36	54	0.45	0.3609466451235835
chr10:84152610	wtdmso	wtcsc	1	1	21	23	1.0952380952380953	1.0
chr10:84152819	wtdmso	wtcsc	5	8	17	16	0.5882352941176471	0.5206818843801259
chr10:86968566	wtdmso	wtcsc	3	6	9	16	0.8888888888888888	1.0
chr10:86968589	wtdmso	wtcsc	1	5	12	20	0.3333333333333333	0.6425881874798283
chr10:86970592	wtdmso	wtcsc	1	1	13	25	1.9230769230769231	1.0
chr10:95237578	wtdmso	wtcsc	1	4	9	29	0.8055555555555556	1.0
chr10:95237612	wtdmso	wtcsc	3	9	70	90	0.42857142857142855	0.24116610546218115
chr10:95237636	wtdmso	wtcsc	2	16	78	102	0.16346153846153846	0.010010986002654113
chr10:95237727	wtdmso	wtcsc	9	16	82	101	0.6928353658536586	0.5201716585094225
chr10:95237771	wtdmso	wtcsc	10	17	80	95	0.6985294117647058	0.5332378121965136
chr10:95237910	wtdmso	wtcsc	3	9	72	99	0.4583333333333333	0.3646384544494415
chr10:95238051	wtdmso	wtcsc	15	27	69	76	0.6119162640901772	0.21790851572374464
chr10:95238087	wtdmso	wtcsc	9	15	65	81	0.7476923076923077	0.6578358278822409
chr10:95238588	wtdmso	wtcsc	2	7	86	100	0.33222591362126247	0.18844805790182947
chr10:95263872	wtdmso	wtcsc	18	18	35	58	1.6571428571428573	0.23374199622014213
chr10:95263897	wtdmso	wtcsc	2	2	44	73	1.6590909090909092	0.6343731497361516
chr10:95268783	wtdmso	wtcsc	5	5	51	80	1.5686274509803921	0.5182486049425481
chr10:95268855	wtdmso	wtcsc	8	12	51	85	1.1111111111111112	0.8105334758174434
chr10:95271648	wtdmso	wtcsc	8	13	50	63	0.7753846153846153	0.6401109703712571
chr10:95271677	wtdmso	wtcsc	4	12	44	70	0.5303030303030303	0.40907943374984823
chr10:95271696	wtdmso	wtcsc	8	7	45	77	1.9555555555555555	0.2649654205824392
chr10:95290847	wtdmso	wtcsc	4	7	52	76	0.8351648351648352	1.0
chr10:95290911	wtdmso	wtcsc	4	5	47	61	1.0382978723404255	1.0
chr10:96521448	wtdmso	wtcsc	1	3	12	12	0.3333333333333333	0.6
chr10:96521772	wtdmso	wtcsc	2	3	8	9	0.75	1.0
chr10:96522242	wtdmso	wtcsc	2	4	8	6	0.375	0.628482972136223
chr10:97426356	wtdmso	wtcsc	10	9	44	52	1.3131313131313131	0.6228257660350189
chr10:97426365	wtdmso	wtcsc	8	9	55	61	0.9858585858585859	1.0
chr10:97430443	wtdmso	wtcsc	5	6	63	56	0.7407407407407407	0.7562886632931518
chr10:97430488	wtdmso	wtcsc	11	9	61	67	1.342440801457195	0.6332602733419644
chr10:97430545	wtdmso	wtcsc	2	4	64	72	0.5625	0.6855700615371763
chr10:97432384	wtdmso	wtcsc	38	37	36	39	1.1126126126126126	0.8703444450767834
chr10:97432420	wtdmso	wtcsc	4	2	58	63	2.1724137931034484	0.4327635874783946
chr10:97432426	wtdmso	wtcsc	12	17	74	78	0.7440381558028617	0.545137237720692
chr10:97432610	wtdmso	wtcsc	7	19	68	67	0.36300309597523217	0.032640681724997005
chr10:97432623	wtdmso	wtcsc	1	4	77	94	0.3051948051948052	0.38420370739485743
chr10:97432651	wtdmso	wtcsc	6	8	75	79	0.79	0.7833382891800691
chr10:97432799	wtdmso	wtcsc	15	19	82	86	0.82798459563543	0.7077279444712803
chr10:97432833	wtdmso	wtcsc	44	61	47	46	0.7059644227415417	0.25414735404369415
chr10:97432862	wtdmso	wtcsc	4	13	85	89	0.3221719457013575	0.07219421281829175
chr10:97433003	wtdmso	wtcsc	4	10	83	94	0.4530120481927711	0.26603841937988115
chr10:97433021	wtdmso	wtcsc	5	11	86	88	0.46511627906976744	0.1970819702176086
chr10:97433217	wtdmso	wtcsc	2	5	85	103	0.48470588235294115	0.4640352527771163
chr10:97433352	wtdmso	wtcsc	1	6	97	99	0.17010309278350516	0.12007111345107255
chr10:97433388	wtdmso	wtcsc	14	17	90	97	0.8875816993464052	0.8469644383864727
chr11:10797237	wtdmso	wtcsc	1	8	28	35	0.15625	0.0748784565063187
chr11:10797381	wtdmso	wtcsc	5	10	27	51	0.9444444444444444	1.0
chr11:10797484	wtdmso	wtcsc	4	7	23	36	0.8944099378881988	1.0
chr11:10797528	wtdmso	wtcsc	1	8	28	39	0.17410714285714285	0.14096850841172742
chr11:10797811	wtdmso	wtcsc	4	5	17	25	1.1764705882352942	1.0
chr11:10797819	wtdmso	wtcsc	2	3	20	28	0.9333333333333333	1.0
chr11:10797853	wtdmso	wtcsc	1	3	19	26	0.45614035087719296	0.6359191225056164
chr11:118401647	wtdmso	wtcsc	3	7	50	57	0.48857142857142855	0.34502803224538126
chr11:118401662	wtdmso	wtcsc	2	4	62	74	0.5967741935483871	0.6901930314432241
chr11:118406944	wtdmso	wtcsc	2	5	63	71	0.4507936507936508	0.45158668654136186
chr11:118409151	wtdmso	wtcsc	3	5	59	74	0.752542372881356	1.0
chr11:118409166	wtdmso	wtcsc	3	3	45	64	1.4222222222222223	0.6927247353119652
chr11:119015726	wtdmso	wtcsc	3	12	272	343	0.31525735294117646	0.06920281154006545
chr11:119015928	wtdmso	wtcsc	9	15	377	482	0.7671087533156499	0.6774591464534623
chr11:119015937	wtdmso	wtcsc	17	30	348	432	0.7034482758620689	0.2914756655360949
chr11:119017439	wtdmso	wtcsc	1	1	383	489	1.276762402088773	1.0
chr11:119017446	wtdmso	wtcsc	4	8	381	463	0.6076115485564304	0.5623359535066985
chr11:119017473	wtdmso	wtcsc	3	6	374	470	0.6283422459893048	0.7384627716242622
chr11:119017492	wtdmso	wtcsc	1	5	365	452	0.24767123287671233	0.23422228125617728
chr11:119017507	wtdmso	wtcsc	109	174	292	320	0.6865060620374744	0.011374996079877006
chr11:119017519	wtdmso	wtcsc	9	12	352	446	0.9502840909090909	1.0
chr11:119017985	wtdmso	wtcsc	22	22	369	463	1.2547425474254743	0.5343126008727772
chr11:119017994	wtdmso	wtcsc	10	20	374	462	0.6176470588235294	0.26320981675561894
chr11:119018000	wtdmso	wtcsc	1	1	363	469	1.2920110192837466	1.0
chr11:120111434	wtdmso	wtcsc	1	1	12	22	1.8333333333333333	1.0
chr11:120111553	wtdmso	wtcsc	1	1	11	20	1.8181818181818181	1.0
chr11:120111739	wtdmso	wtcsc	1	4	11	17	0.38636363636363635	0.6301446051167965
chr11:120112201	wtdmso	wtcsc	1	1	10	9	0.9	1.0
chr11:120112220	wtdmso	wtcsc	2	3	9	8	0.5925925925925926	1.0
chr11:120118263	wtdmso	wtcsc	1	1	9	9	1.0	1.0
chr11:120118275	wtdmso	wtcsc	3	2	8	10	1.875	0.6404053612291598
chr11:123057512	wtdmso	wtcsc	1	8	57	97	0.21271929824561403	0.16008045033219498
chr11:123057592	wtdmso	wtcsc	10	32	54	71	0.41087962962962965	0.0283570297084307
chr11:123057680	wtdmso	wtcsc	11	31	34	67	0.6992409867172675	0.4334823284680901
chr11:123057895	wtdmso	wtcsc	26	47	55	87	0.8750483558994198	0.7664555576149888
chr11:123057918	wtdmso	wtcsc	2	6	60	92	0.5111111111111111	0.4859874952597141
chr11:123058309	wtdmso	wtcsc	4	10	52	83	0.6384615384615384	0.5701352942193438
chr11:123058405	wtdmso	wtcsc	3	7	48	90	0.8035714285714286	1.0
chr11:123058636	wtdmso	wtcsc	5	4	43	86	2.5	0.27593262522939843
chr11:123058773	wtdmso	wtcsc	16	23	40	73	1.2695652173913043	0.5666718801947797
chr11:123058805	wtdmso	wtcsc	3	2	49	87	2.663265306122449	0.35796082723973605
chr11:123059083	wtdmso	wtcsc	1	9	36	60	0.18518518518518517	0.1596560456720072
chr11:123059102	wtdmso	wtcsc	1	1	43	73	1.697674418604651	1.0
chr11:123059150	wtdmso	wtcsc	6	19	36	61	0.5350877192982456	0.24751198538407693
chr11:123059168	wtdmso	wtcsc	4	9	38	68	0.7953216374269005	1.0
chr11:123059518	wtdmso	wtcsc	11	30	41	58	0.5186991869918699	0.12573012573265538
chr11:123059648	wtdmso	wtcsc	1	6	38	64	0.2807017543859649	0.4177947674420929
chr11:123059669	wtdmso	wtcsc	1	6	39	69	0.2948717948717949	0.4186539787929022
chr11:123059680	wtdmso	wtcsc	19	35	23	39	0.9204968944099379	0.8489417603751572
chr11:123059825	wtdmso	wtcsc	1	1	40	70	1.75	1.0
chr11:123059837	wtdmso	wtcsc	2	6	32	51	0.53125	0.7051822905656376
chr11:123060192	wtdmso	wtcsc	5	14	29	38	0.46798029556650245	0.2875139766360323
chr11:123061139	wtdmso	wtcsc	4	6	25	47	1.2533333333333334	0.7367157404864753
chr11:123061215	wtdmso	wtcsc	4	7	25	42	0.96	1.0
chr11:123061312	wtdmso	wtcsc	2	2	21	34	1.619047619047619	0.6391768433356918
chr11:130129171	wtdmso	wtcsc	3	1	12	17	4.25	0.30828445747800587
chr11:130133634	wtdmso	wtcsc	2	2	13	26	2.0	0.6018150879183211
chr11:130133665	wtdmso	wtcsc	2	2	15	26	1.7333333333333334	0.6262156448202961
chr11:130140425	wtdmso	wtcsc	3	7	14	25	0.7653061224489796	1.0
chr11:130141509	wtdmso	wtcsc	5	15	14	20	0.47619047619047616	0.2565144038906512
chr11:130141943	wtdmso	wtcsc	1	2	21	34	0.8095238095238095	1.0
chr11:130143383	wtdmso	wtcsc	8	6	25	31	1.6533333333333333	0.5511406378361359
chr11:130143561	wtdmso	wtcsc	5	3	25	31	2.066666666666667	0.4576222439956519
chr11:130143570	wtdmso	wtcsc	19	24	19	14	0.5833333333333334	0.3547317655213282
chr11:130143578	wtdmso	wtcsc	16	16	18	26	1.4444444444444444	0.4882081286580417
chr11:130143601	wtdmso	wtcsc	15	19	21	16	0.6015037593984962	0.3457115154504521
chr11:130143754	wtdmso	wtcsc	7	9	26	26	0.7777777777777778	0.7776388560177292
chr11:130143805	wtdmso	wtcsc	2	3	36	35	0.6481481481481481	1.0
chr11:130143957	wtdmso	wtcsc	16	13	35	25	0.8791208791208791	0.8217634376431457
chr11:130143986	wtdmso	wtcsc	2	2	50	37	0.74	1.0
chr11:130144010	wtdmso	wtcsc	4	7	48	38	0.4523809523809524	0.3367230942205528
chr11:130144299	wtdmso	wtcsc	7	7	50	36	0.72	0.576032506509355
chr11:130144318	wtdmso	wtcsc	4	5	43	35	0.6511627906976745	0.7266872813936285
chr11:130144428	wtdmso	wtcsc	3	5	55	49	0.5345454545454545	0.4787901680296434
chr11:130144480	wtdmso	wtcsc	3	3	50	44	0.88	1.0
chr11:130144493	wtdmso	wtcsc	4	5	43	48	0.8930232558139535	1.0
chr11:130144512	wtdmso	wtcsc	6	5	52	52	1.2	1.0
chr11:130144649	wtdmso	wtcsc	15	19	37	26	0.5547652916073968	0.20312286795046913
chr11:130144689	wtdmso	wtcsc	3	1	46	42	2.739130434782609	0.6199466386080943
chr11:130144726	wtdmso	wtcsc	1	6	60	49	0.1361111111111111	0.05163407608749915
chr11:17074394	wtdmso	wtcsc	7	7	131	175	1.3358778625954197	0.595118085110333
chr11:17075127	wtdmso	wtcsc	4	7	406	488	0.6868402533427164	0.7624727865500895
chr11:17075537	wtdmso	wtcsc	6	10	363	467	0.771900826446281	0.8002456695084144
chr11:17075575	wtdmso	wtcsc	106	161	290	353	0.8014135789248233	0.14232463304499543
chr11:17077201	wtdmso	wtcsc	1	5	391	479	0.24501278772378515	0.23264759301324361
chr11:17077233	wtdmso	wtcsc	6	15	307	370	0.4820846905537459	0.18052535279152307
chr11:1752790	wtdmso	wtcsc	2	3	89	108	0.8089887640449438	1.0
chr11:1752832	wtdmso	wtcsc	10	16	82	102	0.7774390243902439	0.6741057539318424
chr11:1752913	wtdmso	wtcsc	25	31	76	97	1.0292869269949065	1.0
chr11:1752953	wtdmso	wtcsc	13	13	91	110	1.2087912087912087	0.680187293579289
chr11:1753230	wtdmso	wtcsc	1	2	84	118	0.7023809523809523	1.0
chr11:1753542	wtdmso	wtcsc	4	8	60	70	0.5833333333333334	0.5471916651850275
chr11:1753620	wtdmso	wtcsc	4	1	67	82	4.895522388059701	0.1815105606445077
chr11:1753815	wtdmso	wtcsc	1	6	74	96	0.21621621621621623	0.24109147064072275
chr11:1754081	wtdmso	wtcsc	3	4	61	81	0.9959016393442623	1.0
chr11:1754115	wtdmso	wtcsc	2	5	68	85	0.5	0.4689821338885883
chr11:1755025	wtdmso	wtcsc	1	4	43	59	0.3430232558139535	0.6466267262037944
chr11:1757347	wtdmso	wtcsc	3	13	54	65	0.2777777777777778	0.058381262933691766
chr11:1758978	wtdmso	wtcsc	2	10	42	47	0.22380952380952382	0.06278126910474822
chr11:1759534	wtdmso	wtcsc	2	2	48	62	1.2916666666666667	1.0
chr11:1761318	wtdmso	wtcsc	3	1	47	58	3.702127659574468	0.33107008833504004
chr11:1761349	wtdmso	wtcsc	1	2	38	49	0.6447368421052632	1.0
chr11:1761402	wtdmso	wtcsc	4	7	47	50	0.60790273556231	0.5343254202857068
chr11:1761433	wtdmso	wtcsc	1	4	36	38	0.2638888888888889	0.36392055645886423
chr11:18269203	wtdmso	wtcsc	1	1	38	29	0.7631578947368421	1.0
chr11:18269278	wtdmso	wtcsc	11	5	28	25	1.9642857142857142	0.3889854794827893
chr11:18269763	wtdmso	wtcsc	5	5	33	28	0.8484848484848485	1.0
chr11:18396889	wtdmso	wtcsc	5	18	50	43	0.2388888888888889	0.009319067152432005
chr11:18399431	wtdmso	wtcsc	6	9	81	93	0.7654320987654321	0.7886722692881178
chr11:18399444	wtdmso	wtcsc	20	35	62	61	0.5622119815668203	0.10375547799161638
chr11:18399523	wtdmso	wtcsc	7	6	57	75	1.5350877192982457	0.5622433474973006
chr11:18400836	wtdmso	wtcsc	3	1	87	102	3.5172413793103448	0.34046592503965606
chr11:18400847	wtdmso	wtcsc	17	23	75	79	0.7785507246376812	0.594385363167973
chr11:18400935	wtdmso	wtcsc	22	26	68	73	0.9083710407239819	0.8674433435761362
chr11:18400980	wtdmso	wtcsc	45	49	41	49	1.0975609756097562	0.7695034594158818
chr11:18402850	wtdmso	wtcsc	5	9	84	86	0.5687830687830688	0.4090061815920874
chr11:18402996	wtdmso	wtcsc	6	12	88	106	0.6022727272727273	0.4579431333972732
chr11:18403737	wtdmso	wtcsc	2	1	96	104	2.1666666666666665	0.6104829216838308
chr11:18403758	wtdmso	wtcsc	13	25	94	99	0.5476595744680851	0.11203493458449185
chr11:18403775	wtdmso	wtcsc	5	16	97	115	0.3704896907216495	0.06550610508816808
chr11:18405466	wtdmso	wtcsc	2	7	106	126	0.33962264150943394	0.192857493571059
chr11:18405496	wtdmso	wtcsc	12	16	87	106	0.9137931034482759	0.8423668822454993
chr11:18407169	wtdmso	wtcsc	1	9	89	100	0.12484394506866417	0.02386691130996284
chr11:18407200	wtdmso	wtcsc	5	12	112	123	0.4575892857142857	0.2078592077026585
chr11:18407206	wtdmso	wtcsc	11	27	115	115	0.4074074074074074	0.021750842925913963
chr11:18407397	wtdmso	wtcsc	36	54	23	24	0.6956521739130435	0.3652424653340129
chr11:18407407	wtdmso	wtcsc	1	1	125	138	1.104	1.0
chr11:18407604	wtdmso	wtcsc	15	36	122	103	0.351775956284153	0.001761251887902623
chr11:18407625	wtdmso	wtcsc	37	60	90	76	0.5207407407407407	0.014987884148251446
chr11:18407733	wtdmso	wtcsc	20	26	116	110	0.7294429708222812	0.4188782946312363
chr11:18407840	wtdmso	wtcsc	15	27	31	27	0.4838709677419355	0.10435028843209868
chr11:2377508	wtdmso	wtcsc	8	10	66	56	0.6787878787878788	0.4612049902112876
chr11:2395041	wtdmso	wtcsc	5	9	63	57	0.5026455026455027	0.26970635929105796
chr11:2395443	wtdmso	wtcsc	2	4	77	70	0.45454545454545453	0.43070745582041925
chr11:2395505	wtdmso	wtcsc	4	3	86	81	1.255813953488372	1.0
chr11:2395872	wtdmso	wtcsc	1	10	86	67	0.07790697674418605	0.0031702571500854286
chr11:2395895	wtdmso	wtcsc	12	20	69	54	0.46956521739130436	0.07452330190029686
chr11:2395904	wtdmso	wtcsc	12	12	69	48	0.6956521739130435	0.4984512384184012
chr11:2395923	wtdmso	wtcsc	5	2	89	82	2.303370786516854	0.4490672773148501
chr11:2396631	wtdmso	wtcsc	15	13	66	54	0.9440559440559441	1.0
chr11:2396652	wtdmso	wtcsc	7	20	86	62	0.25232558139534883	0.00288365832834774
chr11:2396849	wtdmso	wtcsc	16	11	76	76	1.4545454545454546	0.40969855112933484
chr11:2396890	wtdmso	wtcsc	6	14	72	55	0.3273809523809524	0.031239264496907698
chr11:2396919	wtdmso	wtcsc	1	3	91	77	0.28205128205128205	0.33896405751830905
chr11:2397019	wtdmso	wtcsc	22	22	63	55	0.873015873015873	0.7264677693267372
chr11:2397096	wtdmso	wtcsc	10	21	90	68	0.35978835978835977	0.017300382217156806
chr11:2397183	wtdmso	wtcsc	15	10	90	84	1.4	0.5227955314151805
chr11:2397358	wtdmso	wtcsc	14	17	60	51	0.7	0.42065511482617074
chr11:2397382	wtdmso	wtcsc	18	16	64	56	0.984375	1.0
chr11:319798	wtdmso	wtcsc	3	9	39	73	0.6239316239316239	0.7494860706454604
chr11:319887	wtdmso	wtcsc	1	3	47	90	0.6382978723404256	1.0
chr11:319919	wtdmso	wtcsc	14	33	37	63	0.7223587223587223	0.4593927745519435
chr11:319959	wtdmso	wtcsc	1	5	51	96	0.3764705882352941	0.6644198885526571
chr11:320607	wtdmso	wtcsc	14	27	29	55	0.9833971902937421	1.0
chr11:32587066	wtdmso	wtcsc	3	10	20	32	0.48	0.35184804213151855
chr11:32587079	wtdmso	wtcsc	3	5	24	36	0.9	1.0
chr11:32588611	wtdmso	wtcsc	4	11	24	33	0.5	0.3761838293611832
chr11:32588723	wtdmso	wtcsc	2	7	28	37	0.37755102040816324	0.296378808475774
chr11:32589565	wtdmso	wtcsc	1	10	30	34	0.11333333333333333	0.021578389262834195
chr11:32594957	wtdmso	wtcsc	2	5	29	43	0.593103448275862	0.6982713310640809
chr11:32600701	wtdmso	wtcsc	7	11	23	34	0.9407114624505929	1.0
chr11:32600772	wtdmso	wtcsc	1	2	34	52	0.7647058823529411	1.0
chr11:32601769	wtdmso	wtcsc	2	8	34	45	0.33088235294117646	0.19270644388913957
chr11:32602358	wtdmso	wtcsc	6	12	30	42	0.7	0.5980589219721694
chr11:32602370	wtdmso	wtcsc	2	7	36	58	0.4603174603174603	0.4794188704286126
chr11:33708935	wtdmso	wtcsc	1	4	40	36	0.225	0.20117388471818853
chr11:33709152	wtdmso	wtcsc	2	6	38	29	0.2543859649122807	0.13561753416797917
chr11:33709163	wtdmso	wtcsc	1	1	38	35	0.9210526315789473	1.0
chr11:33709237	wtdmso	wtcsc	7	10	28	23	0.575	0.4055165313021004
chr11:33709349	wtdmso	wtcsc	15	13	17	17	1.1538461538461537	0.8039063383156616
chr11:33709366	wtdmso	wtcsc	6	7	28	29	0.8877551020408163	1.0
chr11:33709553	wtdmso	wtcsc	1	1	56	53	0.9464285714285714	1.0
chr11:33709601	wtdmso	wtcsc	10	14	44	40	0.6493506493506493	0.4880187530968729
chr11:33709696	wtdmso	wtcsc	5	3	48	46	1.5972222222222223	0.7170816918913813
chr11:33709889	wtdmso	wtcsc	18	13	36	39	1.5	0.3969452807648312
chr11:33709895	wtdmso	wtcsc	7	8	45	43	0.8361111111111111	0.7866050457331277
chr11:33709966	wtdmso	wtcsc	12	10	41	41	1.2	0.8116645765717709
chr11:33710163	wtdmso	wtcsc	14	32	83	82	0.4322289156626506	0.01931676053499294
chr11:33710181	wtdmso	wtcsc	1	5	101	104	0.20594059405940593	0.21359097998797233
chr11:33710199	wtdmso	wtcsc	13	24	55	53	0.521969696969697	0.12678793436392022
chr11:33710218	wtdmso	wtcsc	29	40	68	70	0.7463235294117647	0.3761056629221666
chr11:33710228	wtdmso	wtcsc	2	6	98	111	0.37755102040816324	0.29220162249772286
chr11:33710237	wtdmso	wtcsc	17	17	69	81	1.173913043478261	0.706625212503859
chr11:33717428	wtdmso	wtcsc	14	23	62	57	0.5596072931276297	0.13756979258065147
chr11:33722453	wtdmso	wtcsc	4	11	61	56	0.33383010432190763	0.09800494144290303
chr11:35231718	wtdmso	wtcsc	1	1	9	10	1.1111111111111112	1.0
chr11:3827023	wtdmso	wtcsc	2	4	33	51	0.7727272727272727	1.0
chr11:3827046	wtdmso	wtcsc	6	6	34	52	1.5294117647058822	0.5407973654338177
chr11:3827050	wtdmso	wtcsc	9	25	35	36	0.3702857142857143	0.0346382081867388
chr11:3827265	wtdmso	wtcsc	4	9	36	44	0.5432098765432098	0.3824671152494655
chr11:3827315	wtdmso	wtcsc	7	5	33	56	2.375757575757576	0.21088805136230587
chr11:3827355	wtdmso	wtcsc	11	16	29	47	1.1142241379310345	0.821980999592205
chr11:3827475	wtdmso	wtcsc	20	42	19	21	0.5263157894736842	0.14646381651874363
chr11:3827562	wtdmso	wtcsc	4	4	33	54	1.6363636363636365	0.7070936368963279
chr11:3827767	wtdmso	wtcsc	1	4	39	56	0.358974358974359	0.645471121907057
chr11:3827785	wtdmso	wtcsc	22	32	17	24	0.9705882352941176	1.0
chr11:3827915	wtdmso	wtcsc	1	4	28	47	0.41964285714285715	0.6482968230969562
chr11:3827968	wtdmso	wtcsc	7	30	9	26	0.674074074074074	0.5760212057558263
chr11:3827977	wtdmso	wtcsc	10	29	28	31	0.3817733990147783	0.03563320341779852
chr11:3827983	wtdmso	wtcsc	11	10	28	55	2.1607142857142856	0.13474525869779386
chr11:397422	wtdmso	wtcsc	1	5	9	12	0.26666666666666666	0.3625215364345799
chr11:400335	wtdmso	wtcsc	1	4	9	28	0.7777777777777778	1.0
chr11:400565	wtdmso	wtcsc	1	3	9	17	0.6296296296296297	1.0
chr11:400637	wtdmso	wtcsc	1	9	11	16	0.16161616161616163	0.11899265012200952
chr11:403123	wtdmso	wtcsc	1	1	11	34	3.090909090909091	0.4495837187789084
chr11:403240	wtdmso	wtcsc	2	4	11	35	1.5909090909090908	0.6323484713034151
chr11:403689	wtdmso	wtcsc	4	11	8	28	1.2727272727272727	0.7301777780809456
chr11:403719	wtdmso	wtcsc	1	4	10	19	0.475	1.0
chr11:404077	wtdmso	wtcsc	1	5	10	29	0.58	1.0
chr11:404312	wtdmso	wtcsc	3	7	10	30	1.2857142857142858	0.7068395627374255
chr11:404552	wtdmso	wtcsc	1	4	11	35	0.7954545454545454	1.0
chr11:404615	wtdmso	wtcsc	1	3	10	19	0.6333333333333333	1.0
chr11:404751	wtdmso	wtcsc	2	12	10	19	0.31666666666666665	0.27851798345797807
chr11:47565728	wtdmso	wtcsc	4	4	7	10	1.4285714285714286	1.0
chr11:47571605	wtdmso	wtcsc	10	16	1	2	1.25	1.0
chr11:47571623	wtdmso	wtcsc	3	3	7	10	1.4285714285714286	1.0
chr11:47571648	wtdmso	wtcsc	5	5	6	12	2.0	0.4442628309905197
chr11:47571694	wtdmso	wtcsc	1	1	9	10	1.1111111111111112	1.0
chr11:494546	wtdmso	wtcsc	1	2	9	22	1.2222222222222223	1.0
chr11:494742	wtdmso	wtcsc	1	3	27	38	0.4691358024691358	0.6414579046178087
chr11:495029	wtdmso	wtcsc	3	3	28	50	1.7857142857142858	0.6650189239588205
chr11:498078	wtdmso	wtcsc	5	18	25	32	0.35555555555555557	0.0779359520313241
chr11:498482	wtdmso	wtcsc	2	5	26	39	0.6	0.6981078362375652
chr11:498769	wtdmso	wtcsc	2	4	27	43	0.7962962962962963	1.0
chr11:498894	wtdmso	wtcsc	2	7	20	29	0.4142857142857143	0.45935164722275634
chr11:499116	wtdmso	wtcsc	2	6	25	31	0.41333333333333333	0.45006833847695493
chr11:499855	wtdmso	wtcsc	1	1	12	32	2.6666666666666665	0.48985507246376825
chr11:499863	wtdmso	wtcsc	3	9	9	24	0.8888888888888888	1.0
chr11:499990	wtdmso	wtcsc	5	11	5	25	2.272727272727273	0.2829199656287352
chr11:57551747	wtdmso	wtcsc	3	10	8	27	1.0125	1.0
chr11:57551759	wtdmso	wtcsc	5	6	18	34	1.5740740740740742	0.5107312634509568
chr11:57551826	wtdmso	wtcsc	1	1	21	41	1.9523809523809523	1.0
chr11:57551964	wtdmso	wtcsc	1	2	9	39	2.1666666666666665	0.4881152460984394
chr11:57552172	wtdmso	wtcsc	3	16	7	21	0.5625	0.7179943190732345
chr11:57552296	wtdmso	wtcsc	11	29	1	4	1.5172413793103448	1.0
chr11:57554465	wtdmso	wtcsc	3	8	7	23	1.2321428571428572	1.0
chr11:57741894	wtdmso	wtcsc	5	2	14	13	2.3214285714285716	0.42630384770957624
chr11:57742130	wtdmso	wtcsc	1	2	15	14	0.4666666666666667	1.0
chr11:57742886	wtdmso	wtcsc	3	1	16	13	2.4375	0.6197214076246335
chr11:57742900	wtdmso	wtcsc	4	2	16	11	1.375	1.0
chr11:61299616	wtdmso	wtcsc	7	10	18	22	0.8555555555555555	1.0
chr11:61299671	wtdmso	wtcsc	1	3	22	26	0.3939393939393939	0.6205817711700065
chr11:61299970	wtdmso	wtcsc	8	13	16	18	0.6923076923076923	0.583500374667214
chr11:61300898	wtdmso	wtcsc	2	4	20	22	0.55	0.6737158387654267
chr11:61302350	wtdmso	wtcsc	1	2	10	12	0.6	1.0
chr11:61313537	wtdmso	wtcsc	1	6	9	6	0.1111111111111111	0.07430340557275542
chr11:61790541	wtdmso	wtcsc	1	3	44	54	0.4090909090909091	0.6281887012230633
chr11:61790564	wtdmso	wtcsc	5	17	40	49	0.3602941176470588	0.08823626693865802
chr11:61964622	wtdmso	wtcsc	16	29	695	1525	1.2106177127263706	0.5211745630538781
chr11:61964692	wtdmso	wtcsc	29	83	665	1462	0.7681492888848628	0.2500893162651998
chr11:61964745	wtdmso	wtcsc	11	38	715	1548	0.6267206477732794	0.21323905808679666
chr11:61964763	wtdmso	wtcsc	16	70	654	1346	0.4704237658366099	0.006324758027447753
chr11:61964818	wtdmso	wtcsc	54	164	653	1385	0.6983714936689949	0.031261188453228075
chr11:61964826	wtdmso	wtcsc	11	49	731	1600	0.49135933443144697	0.03350361539526654
chr11:61964872	wtdmso	wtcsc	2	15	664	1492	0.2995983935742972	0.11415152704560635
chr11:61964883	wtdmso	wtcsc	22	84	671	1497	0.5843091334894613	0.030119477964142924
chr11:61964993	wtdmso	wtcsc	17	35	621	1416	1.1075224292615597	0.7609539544140632
chr11:61965002	wtdmso	wtcsc	5	20	607	1357	0.5588962108731467	0.282374599307922
chr11:61965013	wtdmso	wtcsc	12	100	662	1440	0.2610271903323263	7.71803011851173e-07
chr11:61965022	wtdmso	wtcsc	162	533	462	816	0.5368290246339027	3.735514684305492e-09
chr11:61965095	wtdmso	wtcsc	11	47	630	1438	0.5342114150624789	0.06049963733359482
chr11:61965104	wtdmso	wtcsc	10	48	502	1151	0.4776726427622842	0.039929050722839955
chr11:61965405	wtdmso	wtcsc	5	49	670	1494	0.22753579043557723	0.0002627245490296602
chr11:61965422	wtdmso	wtcsc	12	53	569	1296	0.5157011639088769	0.03895547355284235
chr11:61965434	wtdmso	wtcsc	57	188	605	1313	0.658000703358537	0.007983350439249207
chr11:61965477	wtdmso	wtcsc	24	70	595	1364	0.7859783913565426	0.3582146084962051
chr11:61965501	wtdmso	wtcsc	6	27	385	957	0.5523809523809524	0.24156119394780284
chr11:61967378	wtdmso	wtcsc	38	130	496	1115	0.6571029776674938	0.027214225798139337
chr11:61967390	wtdmso	wtcsc	77	266	458	1010	0.63835899793151	0.0012646403835137375
chr11:61967501	wtdmso	wtcsc	92	232	379	873	0.913429169320353	0.5403410877048355
chr11:61967574	wtdmso	wtcsc	7	74	465	1058	0.21522813135716362	7.443890410613038e-06
chr11:62515960	wtdmso	wtcsc	4	3	49	35	0.9523809523809523	1.0
chr11:62516062	wtdmso	wtcsc	14	15	36	21	0.5444444444444444	0.24829633256545958
chr11:62516285	wtdmso	wtcsc	4	2	31	29	1.8709677419354838	0.6762032366540565
chr11:62516362	wtdmso	wtcsc	5	6	31	24	0.6451612903225806	0.5285836259059815
chr11:62516409	wtdmso	wtcsc	7	9	25	19	0.5911111111111111	0.39704429811593583
chr11:62516470	wtdmso	wtcsc	6	3	25	13	1.04	1.0
chr11:62516569	wtdmso	wtcsc	2	3	33	16	0.32323232323232326	0.3315325485136805
chr11:62516901	wtdmso	wtcsc	7	2	20	11	1.925	0.6903920174044011
chr11:62559607	wtdmso	wtcsc	25	30	125	142	0.9466666666666667	0.8829512043524678
chr11:62559612	wtdmso	wtcsc	61	88	316	368	0.8072497123130035	0.275821256318441
chr11:62559677	wtdmso	wtcsc	172	218	290	354	0.9631129389433724	0.7964459563612923
chr11:62559767	wtdmso	wtcsc	10	14	419	524	0.8932833276508694	0.8379646760016316
chr11:62559789	wtdmso	wtcsc	7	18	381	484	0.49402158063575385	0.1512482975459766
chr11:62559814	wtdmso	wtcsc	10	16	407	508	0.7800982800982801	0.6896683779801976
chr11:62560130	wtdmso	wtcsc	37	47	362	461	1.0025273304337605	1.0
chr11:62560174	wtdmso	wtcsc	7	21	314	383	0.40658174097664546	0.05061560668142724
chr11:62560308	wtdmso	wtcsc	6	6	399	493	1.2355889724310778	0.7754021732432606
chr11:62560318	wtdmso	wtcsc	66	103	346	388	0.7185588416858409	0.05987189903378701
chr11:62560409	wtdmso	wtcsc	27	39	349	445	0.882741899933877	0.6990871325532664
chr11:62566829	wtdmso	wtcsc	16	30	360	433	0.6414814814814814	0.1725574626268043
chr11:62566976	wtdmso	wtcsc	35	48	324	385	0.8664480452674898	0.562146940902289
chr11:62566992	wtdmso	wtcsc	9	14	375	441	0.756	0.6721967745941488
chr11:62567426	wtdmso	wtcsc	16	40	347	408	0.47031700288184436	0.012072481993288243
chr11:62571004	wtdmso	wtcsc	19	21	277	350	1.1432009626955475	0.7436759050960965
chr11:62571014	wtdmso	wtcsc	6	11	311	387	0.6787489038292897	0.6225220776812403
chr11:62571038	wtdmso	wtcsc	21	46	275	329	0.5461660079051384	0.027774089135048592
chr11:62571542	wtdmso	wtcsc	3	6	259	330	0.637065637065637	0.7380265701348818
chr11:62572627	wtdmso	wtcsc	2	1	266	336	2.526315789473684	0.5868425373542773
chr11:62572719	wtdmso	wtcsc	15	25	227	274	0.7242290748898679	0.40951418666130845
chr11:62572741	wtdmso	wtcsc	8	15	194	239	0.6570446735395189	0.3946983644851162
chr11:62624872	wtdmso	wtcsc	3	10	10	16	0.48	0.4774096476151046
chr11:62625251	wtdmso	wtcsc	4	9	18	20	0.49382716049382713	0.34805458191982835
chr11:62625289	wtdmso	wtcsc	1	3	9	24	0.8888888888888888	1.0
chr11:62625306	wtdmso	wtcsc	1	2	19	25	0.6578947368421053	1.0
chr11:62676906	wtdmso	wtcsc	2	3	11	33	2.0	0.5984207744152241
chr11:62677533	wtdmso	wtcsc	2	1	12	32	5.333333333333333	0.2076472402096824
chr11:62761604	wtdmso	wtcsc	4	6	6	8	0.8888888888888888	1.0
chr11:62761620	wtdmso	wtcsc	1	11	10	18	0.16363636363636364	0.12444194169201658
chr11:62765186	wtdmso	wtcsc	1	3	10	24	0.8	1.0
chr11:62880985	wtdmso	wtcsc	2	1	19	59	6.2105263157894735	0.16326769807782462
chr11:62881033	wtdmso	wtcsc	11	28	33	51	0.6071428571428571	0.31242452474301463
chr11:62881991	wtdmso	wtcsc	17	31	60	81	0.7403225806451613	0.4015309048901693
chr11:62882952	wtdmso	wtcsc	21	30	66	111	1.1772727272727272	0.6267983929396072
chr11:62882976	wtdmso	wtcsc	1	3	78	113	0.4829059829059829	0.6481691683136585
chr11:62884508	wtdmso	wtcsc	2	2	73	111	1.5205479452054795	1.0
chr11:62884686	wtdmso	wtcsc	1	9	88	131	0.16540404040404041	0.09309476849929282
chr11:62885192	wtdmso	wtcsc	2	8	83	116	0.3493975903614458	0.2059110400503086
chr11:62885196	wtdmso	wtcsc	1	13	93	133	0.11000827129859388	0.01048536712881112
chr11:62885255	wtdmso	wtcsc	2	19	92	121	0.13844393592677345	0.0020635582377362518
chr11:62885485	wtdmso	wtcsc	14	32	35	41	0.5125	0.1269872275859107
chr11:62885548	wtdmso	wtcsc	6	8	84	142	1.2678571428571428	0.7776427992509127
chr11:62888180	wtdmso	wtcsc	2	1	84	121	2.880952380952381	0.5705980560877141
chr11:62888209	wtdmso	wtcsc	6	25	82	101	0.29560975609756096	0.00955514736560361
chr11:62888343	wtdmso	wtcsc	2	2	99	165	1.6666666666666667	0.6336330385797297
chr11:62888418	wtdmso	wtcsc	3	12	73	103	0.3527397260273973	0.16766743969194842
chr11:62888446	wtdmso	wtcsc	33	44	59	114	1.4491525423728813	0.20269865216051297
chr11:62888472	wtdmso	wtcsc	8	14	61	97	0.9086651053864169	1.0
chr11:62888530	wtdmso	wtcsc	16	52	82	113	0.42401500938086306	0.008440675273808703
chr11:62888580	wtdmso	wtcsc	8	12	87	146	1.1187739463601531	0.813824545909313
chr11:62888644	wtdmso	wtcsc	13	27	86	147	0.8229974160206718	0.7222690161872846
chr11:62888692	wtdmso	wtcsc	9	31	32	42	0.3810483870967742	0.04019782749075713
chr11:62888703	wtdmso	wtcsc	4	20	74	102	0.2756756756756757	0.0239823049442566
chr11:62888709	wtdmso	wtcsc	22	40	46	62	0.741304347826087	0.41747296509769916
chr11:62888784	wtdmso	wtcsc	23	51	65	95	0.6591251885369532	0.19200106336312994
chr11:62888805	wtdmso	wtcsc	17	21	68	123	1.4642857142857142	0.35804417507665043
chr11:63758386	wtdmso	wtcsc	7	9	3	1	0.25925925925925924	0.5820433436532508
chr11:63758398	wtdmso	wtcsc	3	6	8	16	1.0	1.0
chr11:63758523	wtdmso	wtcsc	1	1	9	10	1.1111111111111112	1.0
chr11:63758967	wtdmso	wtcsc	1	6	10	17	0.2833333333333333	0.38438542825361516
chr11:63974633	wtdmso	wtcsc	2	3	34	34	0.6666666666666666	1.0
chr11:63976257	wtdmso	wtcsc	2	3	76	77	0.6754385964912281	1.0
chr11:63976299	wtdmso	wtcsc	2	1	69	78	2.260869565217391	0.6032087792490477
chr11:63976348	wtdmso	wtcsc	9	9	59	60	1.0169491525423728	1.0
chr11:63976353	wtdmso	wtcsc	12	19	46	42	0.5766590389016019	0.21580797179030664
chr11:63976451	wtdmso	wtcsc	4	4	63	60	0.9523809523809523	1.0
chr11:63976537	wtdmso	wtcsc	1	2	31	43	0.6935483870967742	1.0
chr11:63988381	wtdmso	wtcsc	4	3	6	18	4.0	0.17228259319471778
chr11:63996530	wtdmso	wtcsc	1	3	10	18	0.6	1.0
chr11:64235877	wtdmso	wtcsc	3	26	8	18	0.25961538461538464	0.09150701629507685
chr11:64235928	wtdmso	wtcsc	6	12	23	36	0.782608695652174	0.7843216929265305
chr11:64236306	wtdmso	wtcsc	6	11	22	35	0.8677685950413223	1.0
chr11:64237186	wtdmso	wtcsc	1	2	12	43	1.7916666666666667	0.5401218563650505
chr11:64237200	wtdmso	wtcsc	2	4	26	42	0.8076923076923077	1.0
chr11:64237218	wtdmso	wtcsc	3	4	8	38	3.5625	0.14709947407304955
chr11:64237469	wtdmso	wtcsc	1	3	21	39	0.6190476190476191	1.0
chr11:64237645	wtdmso	wtcsc	2	2	24	46	1.9166666666666667	0.6091727459661089
chr11:64238376	wtdmso	wtcsc	3	8	27	44	0.6111111111111112	0.7381646318517227
chr11:64238405	wtdmso	wtcsc	1	6	23	47	0.34057971014492755	0.4241907610816087
chr11:64238459	wtdmso	wtcsc	2	4	31	52	0.8387096774193549	1.0
chr11:64238505	wtdmso	wtcsc	5	11	27	46	0.7744107744107744	0.7782935703312823
chr11:64238568	wtdmso	wtcsc	7	19	23	37	0.5926773455377574	0.3373480360799609
chr11:64238586	wtdmso	wtcsc	1	2	32	53	0.828125	1.0
chr11:64238750	wtdmso	wtcsc	19	32	11	22	1.1875	0.8170984958853285
chr11:64238756	wtdmso	wtcsc	5	13	25	40	0.6153846153846154	0.580315892733618
chr11:64244531	wtdmso	wtcsc	4	10	18	44	0.9777777777777777	1.0
chr11:64244552	wtdmso	wtcsc	8	14	34	63	1.0588235294117647	1.0
chr11:64244561	wtdmso	wtcsc	7	11	27	78	1.8383838383838385	0.263081573546778
chr11:64244672	wtdmso	wtcsc	6	14	38	74	0.8345864661654135	0.8023539900152221
chr11:64244716	wtdmso	wtcsc	2	7	47	90	0.547112462006079	0.7181416556426734
chr11:64244799	wtdmso	wtcsc	1	2	40	81	1.0125	1.0
chr11:64244948	wtdmso	wtcsc	5	16	46	79	0.5366847826086957	0.3255178882255392
chr11:64245269	wtdmso	wtcsc	27	49	26	52	1.1020408163265305	0.8655881946831617
chr11:64246491	wtdmso	wtcsc	1	5	40	85	0.425	0.6647406073073296
chr11:64246598	wtdmso	wtcsc	4	19	29	67	0.4863883847549909	0.3017034248031252
chr11:64246665	wtdmso	wtcsc	2	7	20	52	0.7428571428571429	1.0
chr11:64316369	wtdmso	wtcsc	3	6	18	27	0.75	1.0
chr11:64316651	wtdmso	wtcsc	6	9	5	23	3.066666666666667	0.15038710013325823
chr11:64316750	wtdmso	wtcsc	1	4	40	52	0.325	0.3925645436249101
chr11:64316765	wtdmso	wtcsc	2	7	37	47	0.36293436293436293	0.29485076995037546
chr11:64316829	wtdmso	wtcsc	7	16	29	38	0.5732758620689655	0.3303729521542585
chr11:64316871	wtdmso	wtcsc	1	5	39	50	0.2564102564102564	0.39567369080694637
chr11:64317520	wtdmso	wtcsc	1	3	16	22	0.4583333333333333	0.6354864647547575
chr11:64318220	wtdmso	wtcsc	4	4	23	47	2.0434782608695654	0.4373528494998483
chr11:64319782	wtdmso	wtcsc	2	2	62	113	1.8225806451612903	0.6179131131664779
chr11:64319791	wtdmso	wtcsc	9	2	57	111	8.763157894736842	0.0023411979696549207
chr11:64320660	wtdmso	wtcsc	1	12	63	89	0.11772486772486772	0.017131910451291484
chr11:64320753	wtdmso	wtcsc	9	21	65	101	0.6659340659340659	0.41552088769487827
chr11:64321009	wtdmso	wtcsc	1	3	77	134	0.5800865800865801	1.0
chr11:64321633	wtdmso	wtcsc	2	6	67	117	0.582089552238806	0.713473217142999
chr11:64765363	wtdmso	wtcsc	1	3	9	9	0.3333333333333333	0.593984962406015
chr11:64765453	wtdmso	wtcsc	2	2	9	11	1.2222222222222223	1.0
chr11:64765473	wtdmso	wtcsc	6	2	4	10	7.5	0.07430340557275542
chr11:64765816	wtdmso	wtcsc	3	3	7	13	1.8571428571428572	0.6442687747035571
chr11:64765821	wtdmso	wtcsc	3	10	13	23	0.5307692307692308	0.5017527879336621
chr11:64765905	wtdmso	wtcsc	2	2	13	21	1.6153846153846154	1.0
chr11:64765914	wtdmso	wtcsc	2	5	9	7	0.3111111111111111	0.3707093821510298
chr11:64767614	wtdmso	wtcsc	1	2	10	10	0.5	1.0
chr11:65018581	wtdmso	wtcsc	3	6	11	15	0.6818181818181818	0.7115127919911011
chr11:65018629	wtdmso	wtcsc	2	7	12	13	0.30952380952380953	0.25020224491859633
chr11:65018695	wtdmso	wtcsc	6	8	19	13	0.5131578947368421	0.34900584078122365
chr11:65020461	wtdmso	wtcsc	3	4	8	17	1.59375	0.6674857747925045
chr11:65021733	wtdmso	wtcsc	1	2	23	21	0.45652173913043476	0.6085106382978724
chr11:65021790	wtdmso	wtcsc	3	1	22	22	3.0	0.6099290780141844
chr11:65021850	wtdmso	wtcsc	4	9	9	11	0.5432098765432098	0.4850575864141663
chr11:65021855	wtdmso	wtcsc	2	3	14	17	0.8095238095238095	1.0
chr11:65088311	wtdmso	wtcsc	1	8	9	29	0.4027777777777778	0.6600032798611561
chr11:65120775	wtdmso	wtcsc	1	1	176	236	1.3409090909090908	1.0
chr11:65121532	wtdmso	wtcsc	50	69	142	185	0.9440702184119208	0.8292445164375568
chr11:65121767	wtdmso	wtcsc	3	13	157	209	0.30720235178833905	0.06996794212465178
chr11:65122100	wtdmso	wtcsc	9	18	164	199	0.6067073170731707	0.3155875481514035
chr11:65208085	wtdmso	wtcsc	1	2	9	29	1.6111111111111112	1.0
chr11:65209336	wtdmso	wtcsc	1	3	9	25	0.9259259259259259	1.0
chr11:65210442	wtdmso	wtcsc	1	2	11	30	1.3636363636363635	1.0
chr11:65210824	wtdmso	wtcsc	1	2	11	28	1.2727272727272727	1.0
chr11:65210861	wtdmso	wtcsc	2	2	9	31	3.4444444444444446	0.25646219917348667
chr11:65211463	wtdmso	wtcsc	5	17	7	18	0.7563025210084033	0.7471079801729927
chr11:65211505	wtdmso	wtcsc	8	20	4	11	1.1	1.0
chr11:65211659	wtdmso	wtcsc	2	10	9	28	0.6222222222222222	0.7084778689285708
chr11:65211885	wtdmso	wtcsc	6	9	4	10	1.6666666666666667	0.6998500749625187
chr11:65211896	wtdmso	wtcsc	5	18	7	22	0.873015873015873	1.0
chr11:65211970	wtdmso	wtcsc	1	3	9	31	1.1481481481481481	1.0
chr11:65653624	wtdmso	wtcsc	3	3	8	16	2.0	0.6409751168371858
chr11:65653646	wtdmso	wtcsc	2	5	11	17	0.6181818181818182	0.6888863443041289
chr11:65653771	wtdmso	wtcsc	2	8	11	12	0.2727272727272727	0.24549499443826475
chr11:65654095	wtdmso	wtcsc	4	13	8	19	0.7307692307692307	0.739452262364762
chr11:65654411	wtdmso	wtcsc	6	15	5	2	0.16	0.0764028242289112
chr11:65654435	wtdmso	wtcsc	1	3	13	26	0.6666666666666666	1.0
chr11:65654597	wtdmso	wtcsc	3	2	10	24	3.6	0.310212468107205
chr11:65854845	wtdmso	wtcsc	9	15	114	151	0.7947368421052632	0.6704813089042457
chr11:65854856	wtdmso	wtcsc	12	19	99	115	0.733652312599681	0.44829480506560715
chr11:65854921	wtdmso	wtcsc	6	7	129	153	1.0166112956810631	1.0
chr11:65854973	wtdmso	wtcsc	14	22	131	157	0.7626648160999306	0.4823894831890929
chr11:65855129	wtdmso	wtcsc	9	6	139	184	1.985611510791367	0.28677386893352164
chr11:65855189	wtdmso	wtcsc	18	31	112	140	0.7258064516129032	0.3476652499428564
chr11:65855193	wtdmso	wtcsc	3	4	102	127	0.9338235294117647	1.0
chr11:65855253	wtdmso	wtcsc	2	1	96	126	2.625	0.5814125560538117
chr11:65855402	wtdmso	wtcsc	6	12	127	147	0.5787401574803149	0.33484217755019846
chr11:65855423	wtdmso	wtcsc	1	8	133	154	0.14473684210526316	0.04371067144231453
chr11:65855656	wtdmso	wtcsc	2	1	130	156	2.4	0.5939802032721266
chr11:65855974	wtdmso	wtcsc	3	2	123	162	1.975609756097561	0.6557366687721062
chr11:65856009	wtdmso	wtcsc	25	24	112	139	1.2927827380952381	0.4361478550278439
chr11:65856058	wtdmso	wtcsc	4	6	123	155	0.8401084010840109	1.0
chr11:65856108	wtdmso	wtcsc	9	16	126	150	0.6696428571428571	0.4055991558835953
chr11:65856117	wtdmso	wtcsc	4	5	108	140	1.037037037037037	1.0
chr11:65919474	wtdmso	wtcsc	1	3	10	27	0.9	1.0
chr11:65920027	wtdmso	wtcsc	1	4	16	47	0.734375	1.0
chr11:65920386	wtdmso	wtcsc	2	6	15	46	1.0222222222222221	1.0
chr11:65920627	wtdmso	wtcsc	1	2	25	72	1.44	1.0
chr11:65920896	wtdmso	wtcsc	2	6	34	62	0.6078431372549019	0.7110429089150534
chr11:65921452	wtdmso	wtcsc	1	1	37	58	1.5675675675675675	1.0
chr11:66002545	wtdmso	wtcsc	3	5	14	11	0.4714285714285714	0.43843327603060644
chr11:66002557	wtdmso	wtcsc	5	4	12	12	1.25	1.0
chr11:66003728	wtdmso	wtcsc	3	3	15	12	0.8	1.0
chr11:66003830	wtdmso	wtcsc	3	6	14	11	0.39285714285714285	0.43843327603060633
chr11:66004094	wtdmso	wtcsc	5	5	9	7	0.7777777777777778	1.0
chr11:6611009	wtdmso	wtcsc	5	3	36	39	1.8055555555555556	0.4827179835567818
chr11:6611420	wtdmso	wtcsc	4	12	35	40	0.38095238095238093	0.16444831359629764
chr11:6611436	wtdmso	wtcsc	11	19	32	32	0.5789473684210527	0.2705752256096098
chr11:6611697	wtdmso	wtcsc	1	2	37	46	0.6216216216216216	1.0
chr11:6612003	wtdmso	wtcsc	3	3	32	45	1.40625	0.6932680492793127
chr11:6612036	wtdmso	wtcsc	2	4	24	38	0.7916666666666666	1.0
chr11:6612163	wtdmso	wtcsc	2	2	20	32	1.6	0.64156933213537
chr11:66276053	wtdmso	wtcsc	1	1	9	9	1.0	1.0
chr11:66276257	wtdmso	wtcsc	2	1	21	13	1.2380952380952381	1.0
chr11:66276432	wtdmso	wtcsc	3	3	21	22	1.0476190476190477	1.0
chr11:66276614	wtdmso	wtcsc	9	12	24	25	0.78125	0.7946786561786572
chr11:66276691	wtdmso	wtcsc	6	9	20	30	1.0	1.0
chr11:66276717	wtdmso	wtcsc	3	4	29	36	0.9310344827586207	1.0
chr11:66276725	wtdmso	wtcsc	8	8	25	29	1.16	1.0
chr11:66276926	wtdmso	wtcsc	6	3	28	37	2.642857142857143	0.2859980145243466
chr11:66276930	wtdmso	wtcsc	2	2	22	31	1.4090909090909092	1.0
chr11:66277432	wtdmso	wtcsc	8	7	27	44	1.8624338624338623	0.38633320726012044
chr11:66284636	wtdmso	wtcsc	3	3	16	24	1.5	0.6796084134859444
chr11:66284656	wtdmso	wtcsc	2	6	11	19	0.5757575757575758	0.6892823113735929
chr11:66284701	wtdmso	wtcsc	3	10	14	17	0.36428571428571427	0.19793687511692112
chr11:66284767	wtdmso	wtcsc	4	1	9	13	5.777777777777778	0.16473429951690818
chr11:66284898	wtdmso	wtcsc	1	3	19	24	0.42105263157894735	0.6261037759650155
chr11:66287611	wtdmso	wtcsc	2	2	15	26	1.7333333333333334	0.6262156448202961
chr11:66287626	wtdmso	wtcsc	2	1	17	27	3.176470588235294	0.5570767807585569
chr11:66287674	wtdmso	wtcsc	5	12	12	19	0.6597222222222222	0.7531101531118363
chr11:66287889	wtdmso	wtcsc	1	2	15	27	0.9	1.0
chr11:6682014	wtdmso	wtcsc	3	15	7	19	0.5428571428571428	0.48892559156164844
chr11:6682181	wtdmso	wtcsc	5	10	5	27	2.7	0.2520687263732031
chr11:67065974	wtdmso	wtcsc	4	9	16	21	0.5833333333333334	0.5219210131650864
chr11:67066752	wtdmso	wtcsc	1	2	29	40	0.6896551724137931	1.0
chr11:67066821	wtdmso	wtcsc	4	14	28	28	0.2857142857142857	0.05533589125042775
chr11:67070484	wtdmso	wtcsc	2	2	26	42	1.6153846153846154	0.6395454854732258
chr11:67070500	wtdmso	wtcsc	1	2	11	21	0.9545454545454546	1.0
chr11:67070515	wtdmso	wtcsc	2	8	23	38	0.41304347826086957	0.4767660518826583
chr11:67070547	wtdmso	wtcsc	3	9	24	30	0.4166666666666667	0.33225790556525425
chr11:67071498	wtdmso	wtcsc	1	2	26	27	0.5192307692307693	1.0
chr11:67071646	wtdmso	wtcsc	1	3	31	42	0.45161290322580644	0.6371469213574477
chr11:67071691	wtdmso	wtcsc	2	6	27	39	0.48148148148148145	0.4689910701499337
chr11:67071699	wtdmso	wtcsc	9	24	23	20	0.32608695652173914	0.034317684934311345
chr11:67071757	wtdmso	wtcsc	25	45	2	1	0.2777777777777778	0.5506945784294811
chr11:67071851	wtdmso	wtcsc	1	3	27	34	0.41975308641975306	0.6281637717121588
chr11:67071922	wtdmso	wtcsc	2	13	28	31	0.17032967032967034	0.01915719234914903
chr11:67071952	wtdmso	wtcsc	9	17	23	26	0.59846547314578	0.3368837303347237
chr11:67071989	wtdmso	wtcsc	4	5	27	35	1.037037037037037	1.0
chr11:67351707	wtdmso	wtcsc	2	3	8	12	1.0	1.0
chr11:67351868	wtdmso	wtcsc	4	6	6	11	1.2222222222222223	1.0
chr11:67398331	wtdmso	wtcsc	6	11	30	31	0.5636363636363636	0.41190919798076964
chr11:67398589	wtdmso	wtcsc	5	10	28	28	0.5	0.3826775139648776
chr11:67398741	wtdmso	wtcsc	1	1	31	37	1.1935483870967742	1.0
chr11:67398810	wtdmso	wtcsc	6	8	30	36	0.9	1.0
chr11:67398961	wtdmso	wtcsc	2	2	26	33	1.2692307692307692	1.0
chr11:67399078	wtdmso	wtcsc	4	2	27	33	2.4444444444444446	0.4082335014712063
chr11:67399096	wtdmso	wtcsc	3	4	30	35	0.875	1.0
chr11:67399150	wtdmso	wtcsc	3	3	22	27	1.2272727272727273	1.0
chr11:67399622	wtdmso	wtcsc	10	6	20	32	2.6666666666666665	0.14884855549807163
chr11:67399642	wtdmso	wtcsc	2	2	30	35	1.1666666666666667	1.0
chr11:67400756	wtdmso	wtcsc	1	7	31	26	0.11981566820276497	0.053925235642379284
chr11:67400822	wtdmso	wtcsc	1	1	27	34	1.2592592592592593	1.0
chr11:67400831	wtdmso	wtcsc	1	4	27	34	0.3148148148148148	0.3854895104895105
chr11:67400915	wtdmso	wtcsc	1	3	19	31	0.543859649122807	1.0
chr11:67401753	wtdmso	wtcsc	3	8	31	29	0.35080645161290325	0.193186473706714
chr11:67438149	wtdmso	wtcsc	2	7	11	19	0.4935064935064935	0.6892823113735926
chr11:67438806	wtdmso	wtcsc	3	5	10	25	1.5	0.6806087515703303
chr11:67438944	wtdmso	wtcsc	1	1	12	23	1.9166666666666667	1.0
chr11:67439799	wtdmso	wtcsc	3	11	8	20	0.6818181818181818	0.7231148123128792
chr11:67440201	wtdmso	wtcsc	3	7	8	24	1.2857142857142858	1.0
chr11:67440258	wtdmso	wtcsc	1	9	11	21	0.21212121212121213	0.23334597690861375
chr11:67440406	wtdmso	wtcsc	2	4	10	23	1.15	1.0
chr11:67440424	wtdmso	wtcsc	2	1	10	14	2.8	0.5692307692307693
chr11:67441128	wtdmso	wtcsc	4	2	6	13	4.333333333333333	0.17529644268774702
chr11:67441414	wtdmso	wtcsc	1	1	9	13	1.4444444444444444	1.0
chr11:67441438	wtdmso	wtcsc	3	4	7	9	0.9642857142857143	1.0
chr11:67441978	wtdmso	wtcsc	2	7	8	7	0.25	0.20992058150491316
chr11:67584528	wtdmso	wtcsc	14	40	188	282	0.525	0.05433750305573101
chr11:67584718	wtdmso	wtcsc	9	32	303	380	0.3527227722772277	0.005305959732002121
chr11:67585152	wtdmso	wtcsc	8	17	333	440	0.6217982688570924	0.309622931547859
chr11:67585176	wtdmso	wtcsc	10	8	322	449	1.7430124223602483	0.3341533267020861
chr11:67585200	wtdmso	wtcsc	31	65	304	400	0.6275303643724697	0.04712730101943022
chr11:67586119	wtdmso	wtcsc	3	9	362	482	0.4438305709023941	0.2530569895905088
chr11:67586176	wtdmso	wtcsc	9	15	358	507	0.8497206703910615	0.8344661391947226
chr11:67586190	wtdmso	wtcsc	2	9	281	400	0.3163305654408857	0.21448745373570627
chr11:67586206	wtdmso	wtcsc	5	11	268	365	0.6190637720488467	0.44915155156774744
chr11:67586401	wtdmso	wtcsc	50	81	249	373	0.9246863999206704	0.7683108198229436
chr11:67586416	wtdmso	wtcsc	20	45	295	391	0.5890772128060263	0.0653726130725078
chr11:67586545	wtdmso	wtcsc	142	187	212	286	1.0244173140954496	0.8859568148522992
chr11:67586570	wtdmso	wtcsc	1	2	375	514	0.6853333333333333	1.0
chr11:67586588	wtdmso	wtcsc	66	121	241	279	0.6314598264805734	0.00983047523067992
chr11:67586628	wtdmso	wtcsc	26	48	265	353	0.7215408805031447	0.21492564225749178
chr11:68032163	wtdmso	wtcsc	1	3	17	45	0.8823529411764706	1.0
chr11:68032286	wtdmso	wtcsc	2	6	28	45	0.5357142857142857	0.703485001286467
chr11:68032931	wtdmso	wtcsc	6	25	24	34	0.34	0.05858611173369735
chr11:68032966	wtdmso	wtcsc	5	12	24	44	0.7638888888888888	0.7785189486121874
chr11:68032970	wtdmso	wtcsc	2	3	29	49	1.1264367816091954	1.0
chr11:68032996	wtdmso	wtcsc	5	9	15	24	0.8888888888888888	1.0
chr11:68033144	wtdmso	wtcsc	6	14	13	36	1.1868131868131868	0.7736554064421772
chr11:68036297	wtdmso	wtcsc	2	3	25	54	1.44	0.6545327652071703
chr11:68036310	wtdmso	wtcsc	2	5	26	52	0.8	1.0
chr11:68036537	wtdmso	wtcsc	1	1	18	52	2.888888888888889	0.46087636932707354
chr11:68036576	wtdmso	wtcsc	2	5	29	56	0.7724137931034483	1.0
chr11:69653959	wtdmso	wtcsc	4	5	6	25	3.3333333333333335	0.19033734339461894
chr11:69654023	wtdmso	wtcsc	2	1	9	31	6.888888888888889	0.15598411798071468
chr11:69654140	wtdmso	wtcsc	3	8	20	25	0.46875	0.49565867417899434
chr11:69654188	wtdmso	wtcsc	1	2	22	29	0.6590909090909091	1.0
chr11:72003172	wtdmso	wtcsc	1	2	10	10	0.5	1.0
chr11:72754865	wtdmso	wtcsc	1	2	12	31	1.2916666666666667	1.0
chr11:74965091	wtdmso	wtcsc	2	1	8	14	3.5	0.5434782608695652
chr11:74969589	wtdmso	wtcsc	3	2	7	10	2.142857142857143	0.6240601503759399
chr11:74976965	wtdmso	wtcsc	1	2	9	12	0.6666666666666666	1.0
chr11:75400722	wtdmso	wtcsc	150	263	298	373	0.7138847066629239	0.009225770721292033
chr11:75400798	wtdmso	wtcsc	34	70	367	497	0.6577656675749319	0.05837586890287045
chr11:75401640	wtdmso	wtcsc	105	206	338	417	0.6288418452346757	0.0010180635408639485
chr11:75401681	wtdmso	wtcsc	142	289	357	442	0.6083374526281101	7.438439865645213e-05
chr11:75401685	wtdmso	wtcsc	97	202	399	522	0.6282289883123651	0.0008906714388861574
chr11:75402419	wtdmso	wtcsc	6	15	519	730	0.5626204238921002	0.2698311995693825
chr11:75404091	wtdmso	wtcsc	30	23	540	791	1.9106280193236715	0.022748431524017367
chr11:75404100	wtdmso	wtcsc	23	45	514	720	0.7159533073929961	0.2089349626299764
chr11:75404153	wtdmso	wtcsc	4	12	547	756	0.4606946983546618	0.2081498308362732
chr11:75404162	wtdmso	wtcsc	5	6	604	843	1.1630794701986755	1.0
chr11:75404174	wtdmso	wtcsc	4	7	468	702	0.8571428571428571	1.0
chr11:75404202	wtdmso	wtcsc	4	9	360	550	0.6790123456790124	0.5821960246925555
chr11:75404710	wtdmso	wtcsc	58	135	457	586	0.5509036388686279	0.00033961100925935785
chr11:75404749	wtdmso	wtcsc	21	71	540	723	0.3960093896713615	0.00016514925003804372
chr11:75404768	wtdmso	wtcsc	56	129	494	644	0.5659228572325268	0.0007180557332626704
chr11:75404807	wtdmso	wtcsc	16	23	431	620	1.0007061434479976	1.0
chr11:75404864	wtdmso	wtcsc	1	4	458	652	0.3558951965065502	0.6541187797373331
chr11:75405661	wtdmso	wtcsc	2	18	472	665	0.1565442561205273	0.004611003889061174
chr11:758960	wtdmso	wtcsc	4	6	20	28	0.9333333333333333	1.0
chr11:760201	wtdmso	wtcsc	2	1	24	37	3.0833333333333335	0.5612999231950846
chr11:763860	wtdmso	wtcsc	1	5	28	35	0.25	0.3893276294648589
chr11:764299	wtdmso	wtcsc	1	4	27	32	0.2962962962962963	0.3753305129561079
chr11:764430	wtdmso	wtcsc	1	2	27	37	0.6851851851851852	1.0
chr11:764862	wtdmso	wtcsc	1	2	30	35	0.5833333333333334	1.0
chr11:78069882	wtdmso	wtcsc	4	2	25	23	1.84	0.6745984315351683
chr11:78069913	wtdmso	wtcsc	2	1	28	29	2.0714285714285716	1.0
chr11:78069927	wtdmso	wtcsc	4	6	23	21	0.6086956521739131	0.7276582250724458
chr11:78073050	wtdmso	wtcsc	3	3	23	27	1.173913043478261	1.0
chr11:78079668	wtdmso	wtcsc	1	4	11	19	0.4318181818181818	0.6399430740037952
chr11:78079720	wtdmso	wtcsc	4	4	22	30	1.3636363636363635	0.717243920132293
chr11:7987662	wtdmso	wtcsc	1	8	73	72	0.1232876712328767	0.03490809192425417
chr11:7987706	wtdmso	wtcsc	1	6	95	93	0.1631578947368421	0.11854758826555487
chr11:7991782	wtdmso	wtcsc	15	16	88	85	0.9055397727272727	0.8470116187653718
chr11:7992121	wtdmso	wtcsc	41	51	56	45	0.6460084033613446	0.15049637527480714
chr11:7992903	wtdmso	wtcsc	4	3	87	94	1.4406130268199233	0.7138380083370555
chr11:7994450	wtdmso	wtcsc	8	8	108	115	1.0648148148148149	1.0
chr11:7994477	wtdmso	wtcsc	5	2	103	106	2.5728155339805827	0.44538586085010007
chr11:7994984	wtdmso	wtcsc	4	6	110	108	0.6545454545454545	0.7483378416145361
chr11:7995027	wtdmso	wtcsc	9	23	111	104	0.36662749706227965	0.014107453066316247
chr11:7995038	wtdmso	wtcsc	2	7	122	121	0.28337236533957844	0.1723011122324863
chr11:7995272	wtdmso	wtcsc	1	2	120	127	0.5291666666666667	1.0
chr11:7995335	wtdmso	wtcsc	2	5	113	115	0.40707964601769914	0.4467875405059538
chr11:7995945	wtdmso	wtcsc	3	5	114	119	0.6263157894736842	0.7228790435107681
chr11:7995959	wtdmso	wtcsc	7	13	83	77	0.4995366079703429	0.23516248992686575
chr11:7996006	wtdmso	wtcsc	2	2	115	126	1.0956521739130434	1.0
chr11:7996026	wtdmso	wtcsc	5	6	106	108	0.8490566037735849	1.0
chr11:7996068	wtdmso	wtcsc	19	27	97	94	0.6819396716303933	0.2560958262005891
chr11:7996136	wtdmso	wtcsc	12	27	104	95	0.405982905982906	0.014847455866879352
chr11:810005	wtdmso	wtcsc	5	11	442	498	0.5121349238996298	0.3124192736872736
chr11:810298	wtdmso	wtcsc	4	9	425	491	0.5134640522875817	0.40186193750161003
chr11:810316	wtdmso	wtcsc	11	17	429	491	0.7405731523378583	0.5647431217824628
chr11:812810	wtdmso	wtcsc	54	89	432	486	0.6825842696629213	0.03843469735818042
chr11:824929	wtdmso	wtcsc	7	7	3	6	2.0	0.6692690806299637
chr11:833009	wtdmso	wtcsc	2	5	22	52	0.9454545454545454	1.0
chr11:836385	wtdmso	wtcsc	5	13	29	70	0.9283819628647215	1.0
chr11:836428	wtdmso	wtcsc	1	7	31	75	0.3456221198156682	0.43849993568742757
chr11:837253	wtdmso	wtcsc	15	35	16	47	1.2589285714285714	0.6726303411066685
chr11:837280	wtdmso	wtcsc	2	4	32	79	1.234375	1.0
chr11:837288	wtdmso	wtcsc	2	5	31	77	0.9935483870967742	1.0
chr11:837324	wtdmso	wtcsc	1	5	33	81	0.4909090909090909	0.6738578233699318
chr11:837337	wtdmso	wtcsc	3	10	26	54	0.6230769230769231	0.7479915323223292
chr11:837490	wtdmso	wtcsc	10	43	19	30	0.3671970624235006	0.03002030258533174
chr11:837965	wtdmso	wtcsc	1	2	31	82	1.3225806451612903	1.0
chr11:838271	wtdmso	wtcsc	1	9	24	62	0.28703703703703703	0.44587526013418777
chr11:838306	wtdmso	wtcsc	3	11	30	67	0.6090909090909091	0.5491935984369296
chr11:838533	wtdmso	wtcsc	6	18	46	97	0.7028985507246377	0.635082830059128
chr11:840230	wtdmso	wtcsc	1	2	27	37	0.6851851851851852	1.0
chr11:840339	wtdmso	wtcsc	1	4	33	41	0.3106060606060606	0.3839271987173386
chr11:840360	wtdmso	wtcsc	3	8	30	38	0.475	0.3436407165776858
chr11:8683209	wtdmso	wtcsc	61	92	601	679	0.74909571004847	0.10337770766951737
chr11:8683219	wtdmso	wtcsc	1	1	670	798	1.191044776119403	1.0
chr11:8683227	wtdmso	wtcsc	36	30	671	824	1.4736214605067064	0.1306935376884476
chr11:8684770	wtdmso	wtcsc	20	31	721	844	0.7552234799337837	0.3922041425701471
chr11:8684800	wtdmso	wtcsc	36	46	674	809	0.9393626628822087	0.8204267018348623
chr11:8684811	wtdmso	wtcsc	80	137	630	742	0.6877534468775345	0.012587085305632892
chr11:8684825	wtdmso	wtcsc	157	227	466	508	0.7539657030496681	0.021616975984540696
chr11:8684856	wtdmso	wtcsc	4	17	610	723	0.2788813886210222	0.014976328115460798
chr11:8685837	wtdmso	wtcsc	16	12	355	373	1.4009389671361503	0.4434295233822231
chr11:88113281	wtdmso	wtcsc	4	6	7	10	0.9523809523809523	1.0
chr11:88113408	wtdmso	wtcsc	1	3	10	26	0.8666666666666667	1.0
chr11:88113441	wtdmso	wtcsc	1	1	10	16	1.6	1.0
chr11:88113652	wtdmso	wtcsc	1	2	10	27	1.35	1.0
chr11:88114075	wtdmso	wtcsc	2	3	9	13	0.9629629629629629	1.0
chr11:88149831	wtdmso	wtcsc	8	9	3	2	0.5925925925925926	1.0
chr11:88175250	wtdmso	wtcsc	1	2	10	13	0.65	1.0
chr11:88175286	wtdmso	wtcsc	3	4	8	9	0.84375	1.0
chr11:88334961	wtdmso	wtcsc	1	1	23	9	0.391304347826087	0.5080213903743314
chr12:103946870	wtdmso	wtcsc	1	2	12	45	1.875	0.5261542957334892
chr12:103946921	wtdmso	wtcsc	5	13	20	45	0.8653846153846154	1.0
chr12:103947733	wtdmso	wtcsc	1	2	23	60	1.3043478260869565	1.0
chr12:103947866	wtdmso	wtcsc	4	18	29	56	0.42911877394636017	0.19825763236636784
chr12:103947870	wtdmso	wtcsc	4	7	21	51	1.3877551020408163	0.7268816121789159
chr12:104265537	wtdmso	wtcsc	2	5	13	27	0.8307692307692308	1.0
chr12:104265561	wtdmso	wtcsc	3	2	9	27	4.5	0.1394012260507768
chr12:104265608	wtdmso	wtcsc	1	1	16	30	1.875	1.0
chr12:106237938	wtdmso	wtcsc	5	28	9	20	0.3968253968253968	0.222914493764311
chr12:106238545	wtdmso	wtcsc	6	13	9	36	1.8461538461538463	0.34611131796564143
chr12:106238892	wtdmso	wtcsc	5	16	6	22	1.1458333333333333	1.0
chr12:106239117	wtdmso	wtcsc	2	5	8	32	1.6	0.6303500414261076
chr12:106239169	wtdmso	wtcsc	6	32	5	5	0.1875	0.0358635421152376
chr12:106239186	wtdmso	wtcsc	8	18	2	12	2.6666666666666665	0.445651396427887
chr12:10699149	wtdmso	wtcsc	13	34	57	65	0.4360165118679051	0.03583836296116394
chr12:10699322	wtdmso	wtcsc	4	7	67	101	0.8614072494669509	1.0
chr12:10699439	wtdmso	wtcsc	3	1	57	93	4.894736842105263	0.2997283199854295
chr12:10699462	wtdmso	wtcsc	2	3	64	102	1.0625	1.0
chr12:10699541	wtdmso	wtcsc	31	41	37	60	1.2261041529334211	0.5302827287634251
chr12:10699557	wtdmso	wtcsc	1	6	70	101	0.24047619047619048	0.2456502459207221
chr12:10699650	wtdmso	wtcsc	5	3	53	86	2.7044025157232703	0.2643752507496909
chr12:10701324	wtdmso	wtcsc	4	10	49	67	0.5469387755102041	0.39771698670251243
chr12:10702127	wtdmso	wtcsc	5	12	50	66	0.55	0.42962114934400353
chr12:10704091	wtdmso	wtcsc	9	18	44	57	0.6477272727272727	0.38507547052325014
chr12:10709947	wtdmso	wtcsc	1	2	37	47	0.6351351351351351	1.0
chr12:10709958	wtdmso	wtcsc	2	8	8	16	0.5	0.6832679850411971
chr12:10710064	wtdmso	wtcsc	1	1	32	35	1.09375	1.0
chr12:10713311	wtdmso	wtcsc	10	23	31	34	0.47685834502103785	0.13016330445782298
chr12:10715782	wtdmso	wtcsc	3	4	25	38	1.14	1.0
chr12:10722947	wtdmso	wtcsc	1	1	28	46	1.6428571428571428	1.0
chr12:10723025	wtdmso	wtcsc	4	4	28	47	1.6785714285714286	0.7046048587747792
chr12:110346230	wtdmso	wtcsc	1	3	11	9	0.2727272727272727	0.5900621118012422
chr12:110346316	wtdmso	wtcsc	3	2	11	10	1.3636363636363635	1.0
chr12:110346438	wtdmso	wtcsc	1	2	13	10	0.38461538461538464	0.5800000000000001
chr12:110346469	wtdmso	wtcsc	5	6	11	7	0.5303030303030303	0.46568369950363164
chr12:110346563	wtdmso	wtcsc	1	6	11	8	0.12121212121212122	0.0808695652173913
chr12:110346618	wtdmso	wtcsc	2	4	13	9	0.34615384615384615	0.3719806763285024
chr12:110346685	wtdmso	wtcsc	1	5	15	11	0.14666666666666667	0.17191941663576815
chr12:110435026	wtdmso	wtcsc	8	18	31	56	0.8028673835125448	0.8147309564319838
chr12:110435160	wtdmso	wtcsc	1	3	30	59	0.6555555555555556	1.0
chr12:110435166	wtdmso	wtcsc	9	13	29	58	1.3846153846153846	0.6174217980049874
chr12:110435182	wtdmso	wtcsc	4	3	40	75	2.5	0.25109869186486145
chr12:110436154	wtdmso	wtcsc	3	2	40	75	2.8125	0.34806084987007735
chr12:110436160	wtdmso	wtcsc	7	28	35	47	0.3357142857142857	0.021463461625801875
chr12:110436165	wtdmso	wtcsc	1	1	39	65	1.6666666666666667	1.0
chr12:110437121	wtdmso	wtcsc	1	5	40	69	0.345	0.41908515736506263
chr12:110437136	wtdmso	wtcsc	3	7	31	59	0.815668202764977	1.0
chr12:110440324	wtdmso	wtcsc	1	2	39	64	0.8205128205128205	1.0
chr12:110445467	wtdmso	wtcsc	2	6	13	33	0.8461538461538461	1.0
chr12:110720030	wtdmso	wtcsc	4	3	17	8	0.6274509803921569	0.6674857747925045
chr12:112022167	wtdmso	wtcsc	3	9	9	33	1.2222222222222223	1.0
chr12:112022239	wtdmso	wtcsc	8	28	4	11	0.7857142857142857	0.7301777780809453
chr12:112022445	wtdmso	wtcsc	2	12	9	31	0.5740740740740741	0.7075588059041533
chr12:112022610	wtdmso	wtcsc	2	17	10	17	0.2	0.08580933254784645
chr12:112022794	wtdmso	wtcsc	6	25	4	20	1.2	1.0
chr12:112022811	wtdmso	wtcsc	1	6	11	38	0.5757575757575758	1.0
chr12:112022880	wtdmso	wtcsc	1	3	11	43	1.303030303030303	1.0
chr12:112405194	wtdmso	wtcsc	5	11	49	42	0.38961038961038963	0.11103708099289655
chr12:112405211	wtdmso	wtcsc	22	30	242	272	0.8242424242424242	0.5611828594444859
chr12:112405329	wtdmso	wtcsc	38	74	228	243	0.5472972972972973	0.0060505152027264955
chr12:112406001	wtdmso	wtcsc	75	99	200	212	0.803030303030303	0.23987008103265445
chr12:112406035	wtdmso	wtcsc	2	11	260	306	0.213986013986014	0.04468689545930607
chr12:112406296	wtdmso	wtcsc	37	79	247	262	0.49679700712345615	0.0013074405573171052
chr12:112406784	wtdmso	wtcsc	4	9	240	270	0.5	0.2750221099771534
chr12:112406809	wtdmso	wtcsc	9	25	262	299	0.41083969465648856	0.02182711395493673
chr12:112406833	wtdmso	wtcsc	2	3	268	337	0.8383084577114428	1.0
chr12:112408251	wtdmso	wtcsc	4	8	276	338	0.6123188405797102	0.5617514693167743
chr12:112408279	wtdmso	wtcsc	7	19	250	302	0.44505263157894737	0.07159210352799011
chr12:112408611	wtdmso	wtcsc	1	1	238	301	1.2647058823529411	1.0
chr12:120196731	wtdmso	wtcsc	5	9	613	755	0.6842486858800072	0.5949928242154343
chr12:120196776	wtdmso	wtcsc	82	139	838	916	0.6448378290207929	0.0026595635623175877
chr12:120198576	wtdmso	wtcsc	21	35	707	861	0.7306930693069307	0.2771236904969673
chr12:120198677	wtdmso	wtcsc	294	365	480	526	0.8826712328767123	0.22796580596101484
chr12:120198710	wtdmso	wtcsc	3	9	740	860	0.38738738738738737	0.15925267275469152
chr12:120198717	wtdmso	wtcsc	13	23	683	807	0.6678337258896174	0.3099565368061493
chr12:120198915	wtdmso	wtcsc	10	23	799	900	0.48974261304891986	0.07674698131537436
chr12:120198938	wtdmso	wtcsc	51	97	733	792	0.5680932757626475	0.001819941291500584
chr12:120199136	wtdmso	wtcsc	12	7	717	845	2.020322773460849	0.16591495752148755
chr12:120199154	wtdmso	wtcsc	60	79	631	718	0.864209913940099	0.42326193401941614
chr12:120199204	wtdmso	wtcsc	9	24	675	757	0.42055555555555557	0.032726806090215416
chr12:120199327	wtdmso	wtcsc	2	9	752	875	0.2585697399527187	0.07370113151156969
chr12:120199366	wtdmso	wtcsc	37	87	598	632	0.449467573905355	6.474653803276428e-05
chr12:120199441	wtdmso	wtcsc	10	12	590	714	1.0084745762711864	1.0
chr12:120200815	wtdmso	wtcsc	9	4	537	671	2.8114525139664805	0.09360064175175596
chr12:120200828	wtdmso	wtcsc	6	13	491	600	0.5639981200062667	0.35237448027313734
chr12:120200860	wtdmso	wtcsc	4	6	78	76	0.6495726495726496	0.7460669907347541
chr12:120200883	wtdmso	wtcsc	8	13	70	63	0.5538461538461539	0.24662491972520573
chr12:120210514	wtdmso	wtcsc	1	5	44	39	0.17727272727272728	0.11026278004421451
chr12:120210591	wtdmso	wtcsc	7	12	43	35	0.4748062015503876	0.2022984134090613
chr12:120210618	wtdmso	wtcsc	5	10	46	44	0.4782608695652174	0.267746093649727
chr12:120210773	wtdmso	wtcsc	7	12	44	52	0.6893939393939394	0.6146790702305549
chr12:120210863	wtdmso	wtcsc	3	2	44	58	1.9772727272727273	0.6520334965293388
chr12:120211026	wtdmso	wtcsc	3	3	26	36	1.3846153846153846	1.0
chr12:120211107	wtdmso	wtcsc	2	8	15	33	0.55	0.7070166565472822
chr12:120211116	wtdmso	wtcsc	4	6	10	25	1.6666666666666667	0.6999657969297042
chr12:120211216	wtdmso	wtcsc	2	10	16	33	0.4125	0.48113903540400055
chr12:120211328	wtdmso	wtcsc	2	3	9	21	1.5555555555555556	0.6399430740037952
chr12:120211360	wtdmso	wtcsc	10	15	13	15	0.7692307692307693	0.7824815425531675
chr12:120211378	wtdmso	wtcsc	11	18	1	7	4.277777777777778	0.2323110586867702
chr12:120438392	wtdmso	wtcsc	1	2	125	155	0.62	1.0
chr12:120438478	wtdmso	wtcsc	1	1	128	152	1.1875	1.0
chr12:120438515	wtdmso	wtcsc	20	13	107	144	2.070452911574407	0.06253375629888822
chr12:120440548	wtdmso	wtcsc	1	2	125	150	0.6	1.0
chr12:120440569	wtdmso	wtcsc	1	3	138	159	0.38405797101449274	0.6269123914948793
chr12:120440587	wtdmso	wtcsc	9	18	108	126	0.5833333333333334	0.22630945629251287
chr12:120440606	wtdmso	wtcsc	8	21	84	105	0.47619047619047616	0.10703968864412078
chr12:120440625	wtdmso	wtcsc	29	29	90	120	1.3333333333333333	0.37165681085851543
chr12:120440662	wtdmso	wtcsc	22	27	102	116	0.9266521423384169	0.8746444410161668
chr12:120440719	wtdmso	wtcsc	6	9	103	122	0.7896440129449838	0.7913347706776496
chr12:120461718	wtdmso	wtcsc	4	7	7	10	0.8163265306122449	1.0
chr12:120461979	wtdmso	wtcsc	3	8	8	8	0.375	0.42667923004442054
chr12:120463979	wtdmso	wtcsc	1	3	10	14	0.4666666666666667	1.0
chr12:120496479	wtdmso	wtcsc	11	21	26	21	0.4230769230769231	0.10728820735531407
chr12:120498121	wtdmso	wtcsc	3	6	46	41	0.44565217391304346	0.3121141263116808
chr12:120498138	wtdmso	wtcsc	10	13	38	35	0.708502024291498	0.6331188601333131
chr12:120498152	wtdmso	wtcsc	1	1	47	47	1.0	1.0
chr12:120498218	wtdmso	wtcsc	32	35	14	8	0.5224489795918368	0.22633449221662064
chr12:120498256	wtdmso	wtcsc	20	23	23	20	0.7561436672967864	0.6665011644790679
chr12:120498284	wtdmso	wtcsc	18	24	29	24	0.6206896551724138	0.30363382085273644
chr12:120498311	wtdmso	wtcsc	4	8	42	40	0.47619047619047616	0.35603063424504633
chr12:120498327	wtdmso	wtcsc	6	5	37	38	1.2324324324324325	1.0
chr12:120563015	wtdmso	wtcsc	2	2	8	28	3.5	0.25588138746033484
chr12:120563497	wtdmso	wtcsc	2	8	19	30	0.39473684210526316	0.4698633193058829
chr12:120563532	wtdmso	wtcsc	2	4	18	32	0.8888888888888888	1.0
chr12:120563561	wtdmso	wtcsc	1	2	20	34	0.85	1.0
chr12:120565136	wtdmso	wtcsc	12	18	11	22	1.3333333333333333	0.610573712563413
chr12:120571201	wtdmso	wtcsc	2	2	21	43	2.0476190476190474	0.5992436009995273
chr12:120571265	wtdmso	wtcsc	1	4	23	43	0.4673913043478261	0.6562694869833575
chr12:120575797	wtdmso	wtcsc	1	3	25	41	0.5466666666666666	1.0
chr12:120575851	wtdmso	wtcsc	1	1	23	42	1.826086956521739	1.0
chr12:120576665	wtdmso	wtcsc	3	9	22	38	0.5757575757575758	0.523584117171721
chr12:120576768	wtdmso	wtcsc	1	6	20	32	0.26666666666666666	0.40324754330687074
chr12:124911774	wtdmso	wtcsc	53	114	331	538	0.755658027243335	0.1368952094704862
chr12:124911885	wtdmso	wtcsc	82	151	328	550	0.9105960264900662	0.5930620061792715
chr12:124911913	wtdmso	wtcsc	4	6	316	566	1.1940928270042195	0.7518837323880863
chr12:124911922	wtdmso	wtcsc	116	199	262	428	0.9522421266638537	0.7789405094255377
chr12:124911928	wtdmso	wtcsc	3	4	377	639	1.2712201591511936	0.7150743119605381
chr12:124912002	wtdmso	wtcsc	46	84	330	529	0.8778499278499279	0.5611074257278987
chr12:124912031	wtdmso	wtcsc	1	6	342	580	0.2826510721247563	0.2702261779271368
chr12:124912059	wtdmso	wtcsc	80	147	275	433	0.8568954854669141	0.34643460165924567
chr12:124912080	wtdmso	wtcsc	3	1	353	619	5.260623229461756	0.14054064975591601
chr12:124912113	wtdmso	wtcsc	48	128	343	530	0.5794460641399417	0.002724885384655624
chr12:124912141	wtdmso	wtcsc	1	8	356	558	0.19592696629213482	0.16513066628909565
chr12:124912150	wtdmso	wtcsc	73	171	297	449	0.6453816921653179	0.006020008572297614
chr12:124912156	wtdmso	wtcsc	1	4	378	653	0.43187830687830686	0.6578308460453842
chr12:124912230	wtdmso	wtcsc	46	97	311	528	0.8051181754897736	0.3009024696382331
chr12:124912259	wtdmso	wtcsc	2	3	334	562	1.1217564870259482	1.0
chr12:124912287	wtdmso	wtcsc	62	153	292	450	0.6244963738920226	0.004978067685356745
chr12:124912308	wtdmso	wtcsc	3	3	357	605	1.6946778711484594	0.6761835663395652
chr12:124912341	wtdmso	wtcsc	45	119	329	526	0.604582258435289	0.007853909565735052
chr12:124912369	wtdmso	wtcsc	6	7	294	531	1.5481049562682216	0.5609374976569519
chr12:124912378	wtdmso	wtcsc	64	149	263	418	0.6826753770383035	0.02760927229859948
chr12:124912384	wtdmso	wtcsc	6	4	343	592	2.5889212827988337	0.18557801884125072
chr12:124912458	wtdmso	wtcsc	27	91	288	455	0.46875	0.0009280065447287846
chr12:124912515	wtdmso	wtcsc	64	120	249	445	0.9531459170013387	0.7958621633019832
chr12:124912536	wtdmso	wtcsc	1	4	306	546	0.44607843137254904	0.6597894389116984
chr12:124912569	wtdmso	wtcsc	31	87	288	493	0.6099537037037037	0.029816912899907122
chr12:124912597	wtdmso	wtcsc	4	5	256	479	1.496875	0.7266797702174417
chr12:124912606	wtdmso	wtcsc	73	154	223	366	0.7779977869663969	0.14367430656918703
chr12:124912612	wtdmso	wtcsc	3	4	313	548	1.3130990415335464	0.70965217705712
chr12:124912686	wtdmso	wtcsc	42	103	248	394	0.6478233636078923	0.035735461442976735
chr12:124912743	wtdmso	wtcsc	65	140	205	341	0.7722996515679442	0.14725012128896237
chr12:124912764	wtdmso	wtcsc	1	9	269	492	0.20322180916976457	0.1780965714751091
chr12:124912797	wtdmso	wtcsc	40	103	244	431	0.685978035970078	0.06646309772121857
chr12:124912834	wtdmso	wtcsc	64	146	196	315	0.7045009784735812	0.04967449571755134
chr12:124912840	wtdmso	wtcsc	4	5	274	502	1.4656934306569342	0.7277128906086894
chr12:124912914	wtdmso	wtcsc	27	71	215	388	0.6862757943006879	0.13644180321160204
chr12:124912971	wtdmso	wtcsc	42	114	180	333	0.6815789473684211	0.06504606485012764
chr12:124912992	wtdmso	wtcsc	2	7	227	442	0.5563247325361863	0.7251632511079427
chr12:124913025	wtdmso	wtcsc	47	115	201	383	0.7787583820030284	0.2206459834087019
chr12:124913053	wtdmso	wtcsc	2	8	229	422	0.4606986899563319	0.5067733174808503
chr12:124913068	wtdmso	wtcsc	6	15	237	460	0.7763713080168776	0.815403877755775
chr12:124913142	wtdmso	wtcsc	29	102	212	347	0.465362560118387	0.0005286154465905394
chr12:124913253	wtdmso	wtcsc	31	94	197	355	0.5942866400259207	0.021113293515534096
chr12:124913281	wtdmso	wtcsc	2	6	193	376	0.6493955094991365	0.7231497156095839
chr12:124913290	wtdmso	wtcsc	51	145	172	273	0.5582598235765838	0.002173203255983182
chr12:124913296	wtdmso	wtcsc	3	5	219	432	1.1835616438356165	1.0
chr12:124913370	wtdmso	wtcsc	21	58	190	349	0.6650635208711434	0.16186984436595792
chr12:124913427	wtdmso	wtcsc	36	96	151	282	0.7003311258278145	0.1135934345390342
chr12:124913448	wtdmso	wtcsc	21	37	180	352	1.10990990990991	0.7707896441616229
chr12:124913481	wtdmso	wtcsc	49	112	159	291	0.8007075471698113	0.2869172090802382
chr12:124913509	wtdmso	wtcsc	4	7	162	336	1.1851851851851851	0.7545759831012893
chr12:124913524	wtdmso	wtcsc	7	10	181	354	1.369060773480663	0.6048583256273752
chr12:124913598	wtdmso	wtcsc	13	43	181	326	0.5445201079275344	0.07491293590389157
chr12:124913655	wtdmso	wtcsc	32	82	157	290	0.7208326860338667	0.1828021549806394
chr12:124913709	wtdmso	wtcsc	49	131	148	254	0.641943470187745	0.029093310028010785
chr12:124913746	wtdmso	wtcsc	33	94	156	267	0.6008592471358429	0.025283393117797107
chr12:124913752	wtdmso	wtcsc	1	6	190	358	0.3140350877192982	0.4311729676073126
chr12:130872834	wtdmso	wtcsc	2	2	43	90	2.0930232558139537	0.5976109149401126
chr12:130872892	wtdmso	wtcsc	3	9	43	83	0.6434108527131783	0.7505078048816458
chr12:130873051	wtdmso	wtcsc	5	17	40	74	0.5441176470588235	0.3271544838280309
chr12:130873074	wtdmso	wtcsc	4	12	26	56	0.717948717948718	0.7695007744458784
chr12:130873102	wtdmso	wtcsc	8	21	37	62	0.6383526383526383	0.38268547394507535
chr12:130874605	wtdmso	wtcsc	4	12	56	90	0.5357142857142857	0.4154377338553811
chr12:130874680	wtdmso	wtcsc	1	2	51	85	0.8333333333333334	1.0
chr12:130875693	wtdmso	wtcsc	1	5	58	101	0.3482758620689655	0.42220134178070934
chr12:130875744	wtdmso	wtcsc	2	3	55	100	1.2121212121212122	1.0
chr12:130875918	wtdmso	wtcsc	1	1	54	103	1.9074074074074074	1.0
chr12:130876032	wtdmso	wtcsc	4	6	53	98	1.2327044025157232	0.743641076303359
chr12:130876104	wtdmso	wtcsc	10	31	56	91	0.5241935483870968	0.13846680627886998
chr12:130876118	wtdmso	wtcsc	9	22	40	59	0.6034090909090909	0.29366864116411173
chr12:130876174	wtdmso	wtcsc	21	36	32	62	1.1302083333333333	0.7288266356242299
chr12:15890654	wtdmso	wtcsc	2	1	8	14	3.5	0.5434782608695652
chr12:15894047	wtdmso	wtcsc	1	2	9	24	1.3333333333333333	1.0
chr12:15903011	wtdmso	wtcsc	1	6	11	20	0.30303030303030304	0.3953783504867096
chr12:15903301	wtdmso	wtcsc	1	1	12	26	2.1666666666666665	1.0
chr12:16347676	wtdmso	wtcsc	3	6	22	16	0.36363636363636365	0.2701679271959621
chr12:16354259	wtdmso	wtcsc	2	4	35	38	0.5428571428571428	0.6790950555107783
chr12:16354369	wtdmso	wtcsc	1	2	30	31	0.5166666666666667	1.0
chr12:16357670	wtdmso	wtcsc	2	4	35	33	0.4714285714285714	0.6741017876167069
chr12:16363896	wtdmso	wtcsc	2	2	41	38	0.926829268292683	1.0
chr12:16364151	wtdmso	wtcsc	28	31	15	24	1.4451612903225806	0.41208750873843797
chr12:16364383	wtdmso	wtcsc	1	2	35	33	0.4714285714285714	0.614206981016534
chr12:21635354	wtdmso	wtcsc	1	1	41	72	1.7560975609756098	1.0
chr12:21635367	wtdmso	wtcsc	6	20	59	71	0.3610169491525424	0.04879302399727528
chr12:21635541	wtdmso	wtcsc	10	10	57	83	1.456140350877193	0.4733717083881364
chr12:21635557	wtdmso	wtcsc	9	11	56	83	1.2126623376623376	0.8086410838017766
chr12:21635569	wtdmso	wtcsc	3	6	46	80	0.8695652173913043	1.0
chr12:21638400	wtdmso	wtcsc	8	6	54	87	2.1481481481481484	0.25190866117346233
chr12:21638404	wtdmso	wtcsc	18	43	46	47	0.4277047522750253	0.019010783605876512
chr12:21641967	wtdmso	wtcsc	2	11	53	78	0.26758147512864494	0.13172016636040598
chr12:21642012	wtdmso	wtcsc	5	5	34	80	2.3529411764705883	0.2845730622849813
chr12:21642096	wtdmso	wtcsc	1	1	36	82	2.2777777777777777	0.5233893557422968
chr12:21644069	wtdmso	wtcsc	6	12	30	69	1.15	0.7870058395022952
chr12:21644096	wtdmso	wtcsc	14	35	8	9	0.45	0.23266944817492682
chr12:21647001	wtdmso	wtcsc	16	38	16	37	0.9736842105263158	1.0
chr12:21654650	wtdmso	wtcsc	4	7	29	63	1.2413793103448276	0.7417616115943705
chr12:42458396	wtdmso	wtcsc	4	19	25	73	0.6147368421052631	0.5884096583178231
chr12:42458476	wtdmso	wtcsc	2	8	26	80	0.7692307692307693	1.0
chr12:42458593	wtdmso	wtcsc	1	10	31	72	0.23225806451612904	0.17732546997975565
chr12:42458682	wtdmso	wtcsc	6	20	26	71	0.8192307692307692	0.804881043961874
chr12:42458865	wtdmso	wtcsc	2	10	38	104	0.5473684210526316	0.7324043178335918
chr12:42458916	wtdmso	wtcsc	1	4	42	108	0.6428571428571429	1.0
chr12:42459067	wtdmso	wtcsc	15	45	25	65	0.8666666666666667	0.8507270413831876
chr12:42459085	wtdmso	wtcsc	2	9	39	100	0.5698005698005698	0.7279298646981831
chr12:42459218	wtdmso	wtcsc	1	7	35	82	0.3346938775510204	0.4367655019606552
chr12:42459234	wtdmso	wtcsc	5	8	37	91	1.537162162162162	0.5286328633903836
chr12:42459318	wtdmso	wtcsc	7	21	35	74	0.7047619047619048	0.6462535027236143
chr12:42459367	wtdmso	wtcsc	2	14	34	65	0.27310924369747897	0.09069972985624125
chr12:42459470	wtdmso	wtcsc	6	17	32	66	0.7279411764705882	0.6244027746284768
chr12:42459508	wtdmso	wtcsc	10	32	23	48	0.6521739130434783	0.3953022975739335
chr12:42459596	wtdmso	wtcsc	2	8	33	74	0.5606060606060606	0.7210360455051337
chr12:42459684	wtdmso	wtcsc	15	38	16	44	1.0855263157894737	1.0
chr12:42459777	wtdmso	wtcsc	3	11	15	48	0.8727272727272727	1.0
chr12:42459838	wtdmso	wtcsc	13	43	2	9	1.3604651162790697	1.0
chr12:42459864	wtdmso	wtcsc	12	19	16	57	2.25	0.09343201185409038
chr12:42459914	wtdmso	wtcsc	3	13	29	63	0.5013262599469496	0.3843063191661357
chr12:42460045	wtdmso	wtcsc	12	55	10	16	0.3490909090909091	0.05551264160897309
chr12:42460070	wtdmso	wtcsc	1	11	19	58	0.27751196172248804	0.2850068304162102
chr12:42460181	wtdmso	wtcsc	2	8	16	51	0.796875	1.0
chr12:42460204	wtdmso	wtcsc	3	16	7	27	0.7232142857142857	1.0
chr12:42460338	wtdmso	wtcsc	5	17	6	26	1.2745098039215685	0.7427862213602386
chr12:42460379	wtdmso	wtcsc	1	15	10	32	0.21333333333333335	0.25906810349383735
chr12:46358214	wtdmso	wtcsc	11	27	14	23	0.6693121693121693	0.4686335824856413
chr12:46358219	wtdmso	wtcsc	4	10	25	52	0.832	1.0
chr12:46358638	wtdmso	wtcsc	3	5	26	53	1.2230769230769232	1.0
chr12:46358790	wtdmso	wtcsc	1	4	22	40	0.45454545454545453	0.6530488582727388
chr12:46359140	wtdmso	wtcsc	2	4	9	30	1.6666666666666667	0.6242119763390326
chr12:46359154	wtdmso	wtcsc	5	12	6	33	2.2916666666666665	0.2796397525026802
chr12:46359217	wtdmso	wtcsc	3	7	8	34	1.8214285714285714	0.42421499718791195
chr12:46359390	wtdmso	wtcsc	3	12	7	25	0.8928571428571429	1.0
chr12:49128138	wtdmso	wtcsc	1	1	14	9	0.6428571428571429	1.0
chr12:49128396	wtdmso	wtcsc	1	1	12	11	0.9166666666666666	1.0
chr12:49128461	wtdmso	wtcsc	1	4	10	6	0.15	0.1486068111455108
chr12:49128880	wtdmso	wtcsc	2	4	9	8	0.4444444444444444	0.6404053612291598
chr12:49129519	wtdmso	wtcsc	1	1	11	12	1.0909090909090908	1.0
chr12:49131346	wtdmso	wtcsc	1	2	10	10	0.5	1.0
chr12:49269666	wtdmso	wtcsc	1	1	20	39	1.95	1.0
chr12:49272309	wtdmso	wtcsc	8	20	13	25	0.7692307692307693	0.7900435454828268
chr12:49272628	wtdmso	wtcsc	1	3	23	38	0.5507246376811594	1.0
chr12:49272728	wtdmso	wtcsc	2	18	10	32	0.35555555555555557	0.30632468088273024
chr12:49272793	wtdmso	wtcsc	2	4	23	45	0.9782608695652174	1.0
chr12:49273051	wtdmso	wtcsc	1	2	27	46	0.8518518518518519	1.0
chr12:49273147	wtdmso	wtcsc	1	5	28	47	0.3357142857142857	0.4124988503736005
chr12:49752470	wtdmso	wtcsc	3	15	38	63	0.33157894736842103	0.10883942702134561
chr12:49752482	wtdmso	wtcsc	3	3	35	59	1.6857142857142857	0.6710169494226932
chr12:49752490	wtdmso	wtcsc	8	5	33	73	3.5393939393939395	0.059072277200810645
chr12:49752497	wtdmso	wtcsc	13	39	28	42	0.5	0.12053727468897385
chr12:49755706	wtdmso	wtcsc	1	4	41	69	0.42073170731707316	0.6510809223593492
chr12:49755711	wtdmso	wtcsc	7	23	36	58	0.49033816425120774	0.18617420606982793
chr12:49755726	wtdmso	wtcsc	7	13	41	72	0.9455909943714822	1.0
chr12:49759237	wtdmso	wtcsc	6	23	40	80	0.5217391304347826	0.2627417038455659
chr12:49759297	wtdmso	wtcsc	3	19	50	85	0.26842105263157895	0.049354984700259785
chr12:49761748	wtdmso	wtcsc	1	4	50	93	0.465	0.6598704591821537
chr12:49762900	wtdmso	wtcsc	8	22	43	75	0.6342494714587738	0.39193150572232527
chr12:49763053	wtdmso	wtcsc	1	2	19	22	0.5789473684210527	1.0
chr12:49763244	wtdmso	wtcsc	1	3	30	36	0.4	0.6242045163295686
chr12:49763250	wtdmso	wtcsc	19	25	17	27	1.2070588235294117	0.8285415600302396
chr12:49763318	wtdmso	wtcsc	2	6	35	39	0.37142857142857144	0.2840132427870683
chr12:49763368	wtdmso	wtcsc	1	1	38	52	1.368421052631579	1.0
chr12:49763469	wtdmso	wtcsc	2	5	40	54	0.54	0.6962230243642922
chr12:49763570	wtdmso	wtcsc	1	1	47	69	1.4680851063829787	1.0
chr12:49763662	wtdmso	wtcsc	1	9	53	67	0.14046121593291405	0.04519929281493337
chr12:49763803	wtdmso	wtcsc	2	1	49	74	3.020408163265306	0.5652073732718895
chr12:49763828	wtdmso	wtcsc	2	1	50	79	3.16	0.5614156835530881
chr12:49763840	wtdmso	wtcsc	4	9	52	68	0.5811965811965812	0.5561909520583328
chr12:49763981	wtdmso	wtcsc	2	8	50	70	0.35	0.31385811478831394
chr12:49764165	wtdmso	wtcsc	6	6	40	71	1.775	0.36183921620891596
chr12:49764318	wtdmso	wtcsc	2	8	60	80	0.3333333333333333	0.19690267012312976
chr12:49764362	wtdmso	wtcsc	2	3	68	101	0.9901960784313726	1.0
chr12:49764450	wtdmso	wtcsc	1	2	63	91	0.7222222222222222	1.0
chr12:49764530	wtdmso	wtcsc	24	55	54	59	0.4767676767676768	0.01736662408993215
chr12:49764569	wtdmso	wtcsc	1	2	78	116	0.7435897435897436	1.0
chr12:49764635	wtdmso	wtcsc	2	7	71	106	0.42655935613682094	0.48623781387813725
chr12:49764700	wtdmso	wtcsc	2	1	73	106	2.904109589041096	0.5696223665836926
chr12:49764853	wtdmso	wtcsc	2	1	70	104	2.9714285714285715	0.5673343605546995
chr12:52235176	wtdmso	wtcsc	5	17	84	269	0.9418767507002801	1.0
chr12:52235190	wtdmso	wtcsc	1	8	60	255	0.53125	1.0
chr12:52235245	wtdmso	wtcsc	4	6	89	254	1.902621722846442	0.29897522616541083
chr12:52235353	wtdmso	wtcsc	23	69	95	260	0.9122807017543859	0.791632557486939
chr12:52238760	wtdmso	wtcsc	6	27	113	332	0.6529006882989183	0.41138250287341505
chr12:52241526	wtdmso	wtcsc	8	25	107	326	0.9749532710280374	1.0
chr12:52241544	wtdmso	wtcsc	8	53	118	338	0.43236328749600256	0.03774093510369596
chr12:52241630	wtdmso	wtcsc	10	36	157	392	0.6935598018400566	0.39411298444144094
chr12:52243017	wtdmso	wtcsc	5	29	154	386	0.432154052843708	0.11207714647486973
chr12:52243087	wtdmso	wtcsc	44	139	138	323	0.740902929830049	0.1460891060666196
chr12:52243132	wtdmso	wtcsc	22	60	173	422	0.8944123314065511	0.7948353259456803
chr12:52245557	wtdmso	wtcsc	57	145	186	399	0.8432703003337041	0.37738750462910464
chr12:52245583	wtdmso	wtcsc	4	11	221	487	0.8013163307280954	1.0
chr12:52248640	wtdmso	wtcsc	9	11	227	530	1.9102923508209853	0.2156126546825341
chr12:52248652	wtdmso	wtcsc	67	140	143	324	1.0843156843156843	0.6532036981155469
chr12:52248724	wtdmso	wtcsc	7	29	169	371	0.5298918588043257	0.18966173478794107
chr12:52248845	wtdmso	wtcsc	4	16	235	507	0.5393617021276595	0.3346607765913183
chr12:52248853	wtdmso	wtcsc	35	70	192	430	1.1197916666666667	0.6491475508620226
chr12:52487268	wtdmso	wtcsc	92	150	297	340	0.7021324354657688	0.022698280512658816
chr12:52487304	wtdmso	wtcsc	43	71	354	422	0.7219702395161932	0.13009322838807907
chr12:52487321	wtdmso	wtcsc	24	63	385	439	0.4343846629560915	0.0006256195734997567
chr12:52487329	wtdmso	wtcsc	10	18	402	489	0.675787728026534	0.34297897229463703
chr12:52487361	wtdmso	wtcsc	17	45	382	426	0.4212914485165794	0.00231946531094055
chr12:52487409	wtdmso	wtcsc	11	10	365	468	1.4104109589041096	0.5068635181155048
chr12:52488081	wtdmso	wtcsc	13	18	296	358	0.8734984984984985	0.8538496628644889
chr12:52488432	wtdmso	wtcsc	34	54	270	361	0.841838134430727	0.4910341079077267
chr12:52490038	wtdmso	wtcsc	1	4	145	311	0.5362068965517242	1.0
chr12:52490653	wtdmso	wtcsc	2	4	108	277	1.2824074074074074	0.6754989592569305
chr12:52490659	wtdmso	wtcsc	3	26	101	254	0.2901751713632902	0.047904942561375743
chr12:52490677	wtdmso	wtcsc	3	20	86	222	0.3872093023255814	0.1472502026919918
chr12:52490701	wtdmso	wtcsc	4	4	84	248	2.9523809523809526	0.21223294035097306
chr12:52490714	wtdmso	wtcsc	1	8	97	268	0.34536082474226804	0.45549722395933623
chr12:52490903	wtdmso	wtcsc	2	1	92	265	5.760869565217392	0.1681592775296577
chr12:52490920	wtdmso	wtcsc	43	157	54	107	0.5426987497051191	0.012116612479261716
chr12:52490930	wtdmso	wtcsc	2	19	98	247	0.2653061224489796	0.07600429009029142
chr12:52491122	wtdmso	wtcsc	11	55	87	211	0.4850574712643678	0.04556649120616738
chr12:52491524	wtdmso	wtcsc	3	1	93	256	8.258064516129032	0.0629558040322913
chr12:52491533	wtdmso	wtcsc	6	19	84	230	0.8646616541353384	1.0
chr12:52491545	wtdmso	wtcsc	17	46	77	208	0.9983060417843026	1.0
chr12:52491569	wtdmso	wtcsc	4	19	86	228	0.5581395348837209	0.4632661595004294
chr12:52491599	wtdmso	wtcsc	5	18	77	224	0.8080808080808081	0.8070388639807887
chr12:52491650	wtdmso	wtcsc	3	19	71	211	0.469236471460341	0.30538540707555195
chr12:52491663	wtdmso	wtcsc	2	6	69	221	1.067632850241546	1.0
chr12:52491690	wtdmso	wtcsc	3	15	55	196	0.7127272727272728	0.7713814325444848
chr12:52491713	wtdmso	wtcsc	2	18	63	211	0.37213403880070545	0.26435374586785915
chr12:52492683	wtdmso	wtcsc	2	6	59	207	1.1694915254237288	1.0
chr12:52492693	wtdmso	wtcsc	6	25	38	108	0.6821052631578948	0.5006837503578706
chr12:52492752	wtdmso	wtcsc	4	37	53	152	0.3100458949515553	0.025832306108296243
chr12:52493190	wtdmso	wtcsc	3	11	48	146	0.8295454545454546	1.0
chr12:52514616	wtdmso	wtcsc	16	27	280	197	0.41693121693121693	0.009411192190188494
chr12:52514689	wtdmso	wtcsc	6	4	138	108	1.173913043478261	1.0
chr12:52514697	wtdmso	wtcsc	12	31	394	270	0.2652693630260357	8.797510200507443e-05
chr12:52514812	wtdmso	wtcsc	54	32	367	274	1.2598773841961852	0.35371959931199626
chr12:52514829	wtdmso	wtcsc	3	2	413	305	1.1077481840193704	1.0
chr12:52514938	wtdmso	wtcsc	36	26	330	251	1.053146853146853	0.8932608141197946
chr12:52515810	wtdmso	wtcsc	7	10	246	229	0.6516260162601626	0.4631598857030518
chr12:52515831	wtdmso	wtcsc	10	10	250	251	1.004	1.0
chr12:52516702	wtdmso	wtcsc	43	67	195	180	0.5924225028702641	0.022493462930856047
chr12:52516741	wtdmso	wtcsc	4	2	232	248	2.1379310344827585	0.43803230078384364
chr12:52517155	wtdmso	wtcsc	36	53	148	182	0.8352881183069862	0.47294517280886383
chr12:52517191	wtdmso	wtcsc	8	16	146	208	0.7123287671232876	0.5235359663736674
chr12:52517594	wtdmso	wtcsc	3	5	135	203	0.9022222222222223	1.0
chr12:52517680	wtdmso	wtcsc	3	11	128	178	0.37926136363636365	0.16826980948039072
chr12:52517698	wtdmso	wtcsc	8	4	95	153	3.221052631578947	0.06872457159948643
chr12:52517722	wtdmso	wtcsc	2	2	134	193	1.4402985074626866	1.0
chr12:52517969	wtdmso	wtcsc	10	20	124	175	0.7056451612903226	0.4400208937670904
chr12:52518948	wtdmso	wtcsc	2	3	124	196	1.053763440860215	1.0
chr12:52518957	wtdmso	wtcsc	1	7	124	191	0.22004608294930875	0.15785240675558554
chr12:52518969	wtdmso	wtcsc	16	26	114	165	0.8906882591093117	0.8663358989366869
chr12:52518993	wtdmso	wtcsc	4	18	125	177	0.31466666666666665	0.04086916190585198
chr12:52519023	wtdmso	wtcsc	4	25	110	159	0.23127272727272727	0.004284756009747575
chr12:52519074	wtdmso	wtcsc	8	12	99	169	1.138047138047138	0.8130838011464516
chr12:52519087	wtdmso	wtcsc	13	39	73	124	0.5662100456621004	0.1394838252525997
chr12:52519114	wtdmso	wtcsc	3	12	90	158	0.4388888888888889	0.2703349204645049
chr12:52519125	wtdmso	wtcsc	2	10	94	138	0.2936170212765957	0.13285496103018735
chr12:52519137	wtdmso	wtcsc	4	10	106	176	0.6641509433962264	0.5817577989946713
chr12:52519776	wtdmso	wtcsc	1	4	100	171	0.4275	0.6554669537219429
chr12:52519800	wtdmso	wtcsc	7	11	96	158	1.0473484848484849	1.0
chr12:52519845	wtdmso	wtcsc	20	45	55	95	0.7676767676767676	0.43921641593571115
chr12:52520042	wtdmso	wtcsc	16	43	89	136	0.5685915860987719	0.0955191809795751
chr12:52520305	wtdmso	wtcsc	2	21	84	135	0.15306122448979592	0.004901194238951245
chr12:52897246	wtdmso	wtcsc	1	2	145	237	0.8172413793103448	1.0
chr12:52897276	wtdmso	wtcsc	14	37	120	187	0.5896396396396396	0.1207297175484308
chr12:52897333	wtdmso	wtcsc	3	4	151	245	1.216887417218543	1.0
chr12:52897340	wtdmso	wtcsc	7	15	141	235	0.7777777777777778	0.6565607297084903
chr12:52897426	wtdmso	wtcsc	45	83	105	152	0.7848537005163512	0.318419986031862
chr12:52898498	wtdmso	wtcsc	28	59	120	187	0.7395480225988701	0.26088351747304706
chr12:52898726	wtdmso	wtcsc	4	3	128	216	2.25	0.4324258226352493
chr12:52898783	wtdmso	wtcsc	1	3	135	230	0.5679012345679012	1.0
chr12:52899817	wtdmso	wtcsc	7	19	105	187	0.656140350877193	0.39966505912467254
chr12:52899823	wtdmso	wtcsc	24	56	85	154	0.7764705882352941	0.4148368547144654
chr12:52899842	wtdmso	wtcsc	6	19	88	169	0.6064593301435407	0.3772491041564328
chr12:52899859	wtdmso	wtcsc	3	10	94	190	0.6063829787234043	0.5571051145501628
chr12:52899985	wtdmso	wtcsc	1	5	76	159	0.41842105263157897	0.6674136443966581
chr12:52899991	wtdmso	wtcsc	1	4	81	161	0.49691358024691357	1.0
chr12:52900009	wtdmso	wtcsc	6	7	72	154	1.8333333333333333	0.36206906264367833
chr12:52900033	wtdmso	wtcsc	5	12	54	124	0.9567901234567902	1.0
chr12:52900625	wtdmso	wtcsc	1	6	68	139	0.34068627450980393	0.4329262861611981
chr12:52900660	wtdmso	wtcsc	5	11	70	153	0.9935064935064936	1.0
chr12:52901866	wtdmso	wtcsc	1	2	65	138	1.0615384615384615	1.0
chr12:52901875	wtdmso	wtcsc	7	8	61	141	2.0225409836065573	0.24712666749907525
chr12:52901939	wtdmso	wtcsc	2	7	64	133	0.59375	0.7215874919572052
chr12:52901986	wtdmso	wtcsc	3	5	37	109	1.7675675675675675	0.4286752258128017
chr12:52902049	wtdmso	wtcsc	1	5	50	120	0.48	0.6737447908477118
chr12:52904739	wtdmso	wtcsc	1	8	44	93	0.26420454545454547	0.275264386468859
chr12:52904965	wtdmso	wtcsc	4	12	32	81	0.84375	1.0
chr12:52949459	wtdmso	wtcsc	3	2	30	103	5.15	0.08855195711104158
chr12:52949486	wtdmso	wtcsc	3	13	29	97	0.7718832891246684	1.0
chr12:52949532	wtdmso	wtcsc	4	12	33	102	1.0303030303030303	1.0
chr12:52949546	wtdmso	wtcsc	1	8	31	100	0.4032258064516129	0.6841782255487306
chr12:52950346	wtdmso	wtcsc	1	4	27	91	0.8425925925925926	1.0
chr12:52950373	wtdmso	wtcsc	1	3	29	101	1.160919540229885	1.0
chr12:52950397	wtdmso	wtcsc	5	6	28	106	3.1547619047619047	0.12564702161414787
chr12:52950820	wtdmso	wtcsc	1	3	48	120	0.8333333333333334	1.0
chr12:52950895	wtdmso	wtcsc	1	3	46	116	0.8405797101449275	1.0
chr12:52951553	wtdmso	wtcsc	6	18	47	117	0.8297872340425532	0.8116878709453956
chr12:52951574	wtdmso	wtcsc	1	5	48	114	0.475	0.6726953626599922
chr12:52951610	wtdmso	wtcsc	9	19	50	123	1.1652631578947368	0.8233064941897876
chr12:52951839	wtdmso	wtcsc	5	22	57	134	0.5342902711323764	0.2617622807920187
chr12:52952134	wtdmso	wtcsc	7	42	57	118	0.34502923976608185	0.012242534649808252
chr12:52952237	wtdmso	wtcsc	3	5	57	153	1.6105263157894736	0.6872723010109416
chr12:52952272	wtdmso	wtcsc	7	19	58	143	0.9083484573502723	1.0
chr12:52952335	wtdmso	wtcsc	5	23	61	138	0.4918032786885246	0.18855389874521067
chr12:52952738	wtdmso	wtcsc	14	42	45	103	0.762962962962963	0.49284031378274196
chr12:52952812	wtdmso	wtcsc	4	15	58	149	0.6850574712643678	0.602049147906132
chr12:52952819	wtdmso	wtcsc	4	6	53	139	1.748427672955975	0.47262783935498653
chr12:53039652	wtdmso	wtcsc	2	7	9	30	0.9523809523809523	1.0
chr12:53040268	wtdmso	wtcsc	2	5	9	33	1.4666666666666666	0.6464809715379818
chr12:53040829	wtdmso	wtcsc	2	6	21	29	0.4603174603174603	0.4581737641012372
chr12:53040861	wtdmso	wtcsc	2	6	20	23	0.38333333333333336	0.4399466724710236
chr12:53040951	wtdmso	wtcsc	1	7	23	39	0.2422360248447205	0.24858175187411358
chr12:53041119	wtdmso	wtcsc	4	5	23	40	1.391304347826087	0.7200862492587312
chr12:53041222	wtdmso	wtcsc	3	16	25	32	0.24	0.03133239993144513
chr12:53041377	wtdmso	wtcsc	2	7	32	45	0.4017857142857143	0.3091635144391068
chr12:53041552	wtdmso	wtcsc	3	8	34	51	0.5625	0.521801308722805
chr12:53041596	wtdmso	wtcsc	1	9	39	48	0.13675213675213677	0.04311345588824722
chr12:53041641	wtdmso	wtcsc	2	2	32	55	1.71875	0.627772976087583
chr12:53041784	wtdmso	wtcsc	4	6	21	40	1.2698412698412698	0.7333839754816096
chr12:53041908	wtdmso	wtcsc	1	1	23	41	1.7826086956521738	1.0
chr12:53041985	wtdmso	wtcsc	1	6	42	61	0.24206349206349206	0.24291067399259886
chr12:53097714	wtdmso	wtcsc	3	9	11	28	0.8484848484848485	1.0
chr12:53097946	wtdmso	wtcsc	4	11	15	57	1.3818181818181818	0.7319283608140729
chr12:53097959	wtdmso	wtcsc	8	20	13	50	1.5384615384615385	0.4283395558993224
chr12:53100774	wtdmso	wtcsc	1	13	22	66	0.23076923076923078	0.18189692640938587
chr12:53100846	wtdmso	wtcsc	1	1	16	77	4.8125	0.3274356103023516
chr12:53101062	wtdmso	wtcsc	4	11	17	64	1.3689839572192513	0.7343980984789648
chr12:53101131	wtdmso	wtcsc	3	4	16	81	3.796875	0.11244547771751462
chr12:53102205	wtdmso	wtcsc	3	7	22	79	1.5389610389610389	0.6911562095388142
chr12:53295625	wtdmso	wtcsc	5	8	51	87	1.0661764705882353	1.0
chr12:53295908	wtdmso	wtcsc	8	20	49	71	0.5795918367346938	0.2837089323366875
chr12:53295926	wtdmso	wtcsc	8	20	41	68	0.6634146341463415	0.5078183248322097
chr12:53297881	wtdmso	wtcsc	3	16	55	87	0.29659090909090907	0.07302822271991549
chr12:53297903	wtdmso	wtcsc	14	21	47	79	1.1205673758865249	0.8445327442799582
chr12:53298063	wtdmso	wtcsc	3	6	58	97	0.8362068965517241	1.0
chr12:53299372	wtdmso	wtcsc	2	4	61	95	0.7786885245901639	1.0
chr12:53454751	wtdmso	wtcsc	5	12	56	71	0.5282738095238095	0.303152933484388
chr12:53454758	wtdmso	wtcsc	3	6	73	99	0.678082191780822	0.7361008801797364
chr12:53454763	wtdmso	wtcsc	3	8	66	92	0.5227272727272727	0.5280496493392604
chr12:53454788	wtdmso	wtcsc	11	8	61	82	1.848360655737705	0.22834878911075845
chr12:53454804	wtdmso	wtcsc	5	8	58	75	0.8081896551724138	0.7776469077614916
chr12:53455946	wtdmso	wtcsc	3	7	66	77	0.5	0.5131557648924141
chr12:53455987	wtdmso	wtcsc	9	14	74	99	0.86003861003861	0.824511378229742
chr12:53455991	wtdmso	wtcsc	1	1	75	92	1.2266666666666666	1.0
chr12:53459272	wtdmso	wtcsc	2	2	82	109	1.329268292682927	1.0
chr12:53459289	wtdmso	wtcsc	10	15	94	115	0.8156028368794326	0.6759631436703859
chr12:53462510	wtdmso	wtcsc	8	6	124	153	1.6451612903225807	0.41705779595099607
chr12:53464760	wtdmso	wtcsc	4	4	48	60	1.25	1.0
chr12:53464829	wtdmso	wtcsc	6	9	60	91	1.011111111111111	1.0
chr12:53464839	wtdmso	wtcsc	3	6	77	100	0.6493506493506493	0.7343010949024634
chr12:53465948	wtdmso	wtcsc	14	20	107	113	0.7392523364485981	0.4640160115686184
chr12:53467223	wtdmso	wtcsc	8	7	121	149	1.4073199527744982	0.5986573408239966
chr12:53468813	wtdmso	wtcsc	33	79	98	99	0.42198398346680444	0.0005263346717992513
chr12:53471719	wtdmso	wtcsc	21	43	100	113	0.5518604651162791	0.06122588112127287
chr12:53479443	wtdmso	wtcsc	4	4	160	208	1.3	0.7327995165087016
chr12:53479514	wtdmso	wtcsc	23	39	90	106	0.6945868945868946	0.24260907415902017
chr12:53479789	wtdmso	wtcsc	16	19	33	46	1.1738437001594897	0.8377207949003946
chr12:53665193	wtdmso	wtcsc	2	1	66	89	2.696969696969697	0.5777386364341133
chr12:53665204	wtdmso	wtcsc	1	2	72	94	0.6527777777777778	1.0
chr12:53665425	wtdmso	wtcsc	2	3	67	86	0.8557213930348259	1.0
chr12:53669181	wtdmso	wtcsc	19	31	57	66	0.7096774193548387	0.3984080333929685
chr12:54281402	wtdmso	wtcsc	10	26	44	65	0.5681818181818182	0.2331419454854806
chr12:54281494	wtdmso	wtcsc	14	22	50	83	1.0563636363636364	1.0
chr12:54281916	wtdmso	wtcsc	2	2	73	136	1.8630136986301369	0.6144838268635329
chr12:54282116	wtdmso	wtcsc	9	14	68	128	1.2100840336134453	0.65265489931677
chr12:54282153	wtdmso	wtcsc	5	12	70	115	0.6845238095238095	0.6048277485998588
chr12:54282163	wtdmso	wtcsc	9	23	63	100	0.6211180124223602	0.31866165834989185
chr12:54282187	wtdmso	wtcsc	4	14	67	111	0.47334754797441364	0.3030270597232286
chr12:54282221	wtdmso	wtcsc	16	35	56	90	0.7346938775510204	0.4030197071665886
chr12:54282225	wtdmso	wtcsc	3	8	66	104	0.5909090909090909	0.5362791528145368
chr12:54282279	wtdmso	wtcsc	4	14	62	97	0.4470046082949309	0.20379770122665777
chr12:54282590	wtdmso	wtcsc	5	2	81	140	4.320987654320987	0.10699234681672712
chr12:54283881	wtdmso	wtcsc	4	13	65	98	0.463905325443787	0.2941082260008304
chr12:54284586	wtdmso	wtcsc	5	11	81	125	0.7014590347923682	0.6029773906008864
chr12:54284619	wtdmso	wtcsc	17	33	84	131	0.8033910533910534	0.6279951046668293
chr12:54284703	wtdmso	wtcsc	6	9	101	161	1.0627062706270627	1.0
chr12:54284711	wtdmso	wtcsc	29	74	48	52	0.42454954954954954	0.003956655331788223
chr12:54284723	wtdmso	wtcsc	5	23	98	145	0.3216503992901508	0.02313798236472662
chr12:54285042	wtdmso	wtcsc	17	21	20	47	1.9023809523809523	0.14121716238203905
chr12:54285061	wtdmso	wtcsc	2	7	33	58	0.5021645021645021	0.48844436257298784
chr12:54342257	wtdmso	wtcsc	2	4	10	13	0.65	1.0
chr12:54342280	wtdmso	wtcsc	1	1	9	14	1.5555555555555556	1.0
chr12:54345481	wtdmso	wtcsc	5	6	6	11	1.5277777777777777	0.7011369002215686
chr12:55725476	wtdmso	wtcsc	1	2	18	29	0.8055555555555556	1.0
chr12:55726199	wtdmso	wtcsc	30	45	128	148	0.7708333333333334	0.36078544699178755
chr12:55726715	wtdmso	wtcsc	5	5	121	159	1.3140495867768596	0.7511860204771434
chr12:55727169	wtdmso	wtcsc	18	34	141	143	0.5369211514392991	0.050381407441803194
chr12:55727324	wtdmso	wtcsc	34	35	86	119	1.344186046511628	0.32693064451302145
chr12:56042424	wtdmso	wtcsc	1	1	95	101	1.063157894736842	1.0
chr12:56042494	wtdmso	wtcsc	21	25	79	76	0.8081012658227849	0.615040496964369
chr12:56042518	wtdmso	wtcsc	15	11	60	70	1.5909090909090908	0.29294561219258436
chr12:56042575	wtdmso	wtcsc	2	3	98	102	0.6938775510204082	1.0
chr12:56043461	wtdmso	wtcsc	4	9	89	97	0.484394506866417	0.2646249858112356
chr12:56043466	wtdmso	wtcsc	44	55	52	48	0.7384615384615385	0.3218225434187899
chr12:56044172	wtdmso	wtcsc	2	3	87	94	0.7203065134099617	1.0
chr12:56117607	wtdmso	wtcsc	31	58	69	77	0.5964517741129435	0.07694152135092248
chr12:56117648	wtdmso	wtcsc	19	22	86	120	1.2050739957716703	0.6073474117537789
chr12:56117683	wtdmso	wtcsc	1	1	94	114	1.2127659574468086	1.0
chr12:56117731	wtdmso	wtcsc	2	6	92	122	0.4420289855072464	0.4720644000124491
chr12:56117738	wtdmso	wtcsc	4	9	95	122	0.5707602339181287	0.4034699946322273
chr12:56117747	wtdmso	wtcsc	33	49	63	77	0.8231292517006803	0.5747150093127906
chr12:56158687	wtdmso	wtcsc	3	19	19	43	0.3573407202216066	0.16147331764700196
chr12:56159613	wtdmso	wtcsc	1	1	19	61	3.210526315789474	0.43059319482083713
chr12:56159618	wtdmso	wtcsc	8	27	13	40	0.9116809116809117	1.0
chr12:56159679	wtdmso	wtcsc	1	1	32	65	2.03125	1.0
chr12:56159715	wtdmso	wtcsc	1	4	19	63	0.8289473684210527	1.0
chr12:56159995	wtdmso	wtcsc	6	13	15	54	1.6615384615384616	0.37651689386520815
chr12:56160024	wtdmso	wtcsc	2	4	21	58	1.380952380952381	0.6596962741082981
chr12:56160043	wtdmso	wtcsc	3	9	29	58	0.6666666666666666	0.7462661180112558
chr12:56160074	wtdmso	wtcsc	5	12	28	61	0.9077380952380952	1.0
chr12:56160293	wtdmso	wtcsc	4	18	16	46	0.6388888888888888	0.569660781230686
chr12:56271768	wtdmso	wtcsc	3	2	7	9	1.9285714285714286	0.6351172047766475
chr12:56272121	wtdmso	wtcsc	2	1	8	9	2.25	1.0
chr12:56272281	wtdmso	wtcsc	3	5	7	5	0.42857142857142855	0.6499166468206716
chr12:56272936	wtdmso	wtcsc	1	3	11	7	0.21212121212121213	0.29323308270676696
chr12:56638214	wtdmso	wtcsc	53	73	72	54	0.5445205479452054	0.023148873991845127
chr12:56638379	wtdmso	wtcsc	13	27	128	123	0.4626736111111111	0.04010075813315979
chr12:56638400	wtdmso	wtcsc	27	48	132	130	0.5539772727272727	0.03547972384297694
chr12:56638413	wtdmso	wtcsc	6	12	158	175	0.5537974683544303	0.3329670689375529
chr12:56639135	wtdmso	wtcsc	6	5	165	184	1.3381818181818181	0.7625124290070904
chr12:56639237	wtdmso	wtcsc	2	2	131	157	1.1984732824427482	1.0
chr12:56639259	wtdmso	wtcsc	9	13	166	180	0.7506950880444856	0.6607695354315624
chr12:56639305	wtdmso	wtcsc	21	24	116	130	0.9806034482758621	1.0
chr12:56640061	wtdmso	wtcsc	2	7	158	157	0.28390596745027125	0.17386786774357688
chr12:56640160	wtdmso	wtcsc	5	11	139	148	0.4839764551994768	0.2070440393923375
chr12:56640164	wtdmso	wtcsc	12	18	128	132	0.6875	0.44076343027245346
chr12:56640169	wtdmso	wtcsc	24	29	133	143	0.8898107337308789	0.764733485786605
chr12:56642518	wtdmso	wtcsc	13	26	131	139	0.5305343511450382	0.08694922126930751
chr12:56642761	wtdmso	wtcsc	13	21	130	140	0.6666666666666666	0.36224972995381866
chr12:56642770	wtdmso	wtcsc	14	15	131	144	1.0259541984732825	1.0
chr12:56642801	wtdmso	wtcsc	19	15	139	152	1.3851318944844124	0.46877222234182114
chr12:56643476	wtdmso	wtcsc	9	5	134	150	2.014925373134328	0.27584651628792217
chr12:56643557	wtdmso	wtcsc	9	14	125	139	0.7148571428571429	0.5173412633567676
chr12:56643890	wtdmso	wtcsc	31	32	87	107	1.1914511494252873	0.5635220343985405
chr12:56644815	wtdmso	wtcsc	3	6	122	133	0.5450819672131147	0.5059247122840216
chr12:56644847	wtdmso	wtcsc	2	5	112	133	0.475	0.4616736085147089
chr12:56644937	wtdmso	wtcsc	8	14	105	118	0.6421768707482993	0.37704404887667897
chr12:56645198	wtdmso	wtcsc	1	1	109	133	1.2201834862385321	1.0
chr12:56645246	wtdmso	wtcsc	24	28	85	103	1.038655462184874	1.0
chr12:56645346	wtdmso	wtcsc	2	5	103	125	0.4854368932038835	0.464938752015148
chr12:56645906	wtdmso	wtcsc	2	8	100	113	0.2825	0.1142714288426961
chr12:56663652	wtdmso	wtcsc	1	1	40	47	1.175	1.0
chr12:56663946	wtdmso	wtcsc	1	3	35	37	0.3523809523809524	0.616983963054619
chr12:56664070	wtdmso	wtcsc	1	5	30	31	0.20666666666666667	0.2052956371986223
chr12:56664087	wtdmso	wtcsc	4	5	23	20	0.6956521739130435	0.7224208832469159
chr12:56664251	wtdmso	wtcsc	10	5	15	21	2.8	0.1318118508835493
chr12:56664438	wtdmso	wtcsc	4	5	20	22	0.88	1.0
chr12:56666258	wtdmso	wtcsc	3	4	21	23	0.8214285714285714	1.0
chr12:56672962	wtdmso	wtcsc	2	2	20	19	0.95	1.0
chr12:56673029	wtdmso	wtcsc	1	1	21	19	0.9047619047619048	1.0
chr12:56712497	wtdmso	wtcsc	13	29	95	142	0.67005444646098	0.3047787789876938
chr12:56712816	wtdmso	wtcsc	2	2	110	179	1.6272727272727272	0.638139927170022
chr12:56713096	wtdmso	wtcsc	1	6	99	162	0.2727272727272727	0.2628753532494014
chr12:56713104	wtdmso	wtcsc	4	8	96	157	0.8177083333333334	1.0
chr12:56713116	wtdmso	wtcsc	1	1	113	183	1.6194690265486726	1.0
chr12:56713671	wtdmso	wtcsc	1	5	103	167	0.32427184466019415	0.414479694941822
chr12:56714409	wtdmso	wtcsc	5	9	88	156	0.9848484848484849	1.0
chr12:56714637	wtdmso	wtcsc	2	12	86	145	0.2810077519379845	0.09326015680496683
chr12:56714668	wtdmso	wtcsc	2	8	90	154	0.42777777777777776	0.3364484521530744
chr12:56714678	wtdmso	wtcsc	12	23	74	129	0.9095182138660399	0.8512826358029213
chr12:57230898	wtdmso	wtcsc	3	5	14	28	1.2	1.0
chr12:57231481	wtdmso	wtcsc	1	4	16	33	0.515625	1.0
chr12:57231526	wtdmso	wtcsc	1	1	17	35	2.0588235294117645	1.0
chr12:57232458	wtdmso	wtcsc	4	9	12	14	0.5185185185185185	0.4946203155324401
chr12:57232471	wtdmso	wtcsc	2	2	19	38	2.0	0.6024182962700364
chr12:57232491	wtdmso	wtcsc	5	10	15	28	0.9333333333333333	1.0
chr12:57232800	wtdmso	wtcsc	1	1	12	35	2.9166666666666665	0.46428571428571436
chr12:57233259	wtdmso	wtcsc	2	6	17	29	0.5686274509803921	0.697665784859683
chr12:57233853	wtdmso	wtcsc	2	3	16	38	1.5833333333333333	0.6358930374126168
chr12:57234041	wtdmso	wtcsc	2	8	15	30	0.5	0.7065924667551391
chr12:57234059	wtdmso	wtcsc	1	8	18	39	0.2708333333333333	0.42834928869534483
chr12:57234269	wtdmso	wtcsc	2	9	18	33	0.4074074074074074	0.47810470902371627
chr12:57234387	wtdmso	wtcsc	4	7	33	45	0.7792207792207793	0.7570017395015145
chr12:57234516	wtdmso	wtcsc	4	18	40	45	0.25	0.01568766697362543
chr12:57234590	wtdmso	wtcsc	2	2	14	38	2.7142857142857144	0.5696043997930789
chr12:57515168	wtdmso	wtcsc	3	2	7	8	1.7142857142857142	1.0
chr12:57515295	wtdmso	wtcsc	3	8	19	23	0.45394736842105265	0.3269534447927642
chr12:57516584	wtdmso	wtcsc	4	2	22	29	2.6363636363636362	0.39613721267147284
chr12:57530731	wtdmso	wtcsc	1	4	19	34	0.4473684210526316	0.6501965467482709
chr12:57721274	wtdmso	wtcsc	2	1	8	13	3.25	0.5503952569169961
chr12:57748472	wtdmso	wtcsc	3	1	7	11	4.714285714285714	0.2932330827067669
chr12:57748607	wtdmso	wtcsc	44	157	88	209	0.6656050955414012	0.06254336800299969
chr12:57749290	wtdmso	wtcsc	38	143	99	312	0.837465564738292	0.45951713599172606
chr12:57749453	wtdmso	wtcsc	18	56	175	551	1.0120408163265306	1.0
chr12:57749486	wtdmso	wtcsc	18	62	170	511	0.8726755218216319	0.6830231412242578
chr12:57750700	wtdmso	wtcsc	32	108	156	439	0.8338081671415005	0.45209290108977374
chr12:57750971	wtdmso	wtcsc	26	132	177	495	0.5508474576271186	0.009911093911648242
chr12:57750987	wtdmso	wtcsc	18	29	72	223	1.9224137931034482	0.05081121863522814
chr12:57750999	wtdmso	wtcsc	15	49	161	474	0.9012549119026493	0.879957352473568
chr12:57751010	wtdmso	wtcsc	36	165	174	502	0.6294670846394984	0.023768599671696863
chr12:57751246	wtdmso	wtcsc	27	93	164	520	0.9205350118017309	0.8162630281643002
chr12:57751256	wtdmso	wtcsc	44	150	119	327	0.8060504201680673	0.32381056561278176
chr12:57751264	wtdmso	wtcsc	34	132	140	404	0.7432900432900433	0.18124458857236225
chr12:57751270	wtdmso	wtcsc	8	28	147	442	0.859086491739553	0.843445888316462
chr12:57751309	wtdmso	wtcsc	18	54	168	513	1.0178571428571428	1.0
chr12:57751313	wtdmso	wtcsc	102	343	91	254	0.8300387658988242	0.2782890172079184
chr12:57751662	wtdmso	wtcsc	83	280	77	194	0.7468460111317254	0.11693989430764203
chr12:6225454	wtdmso	wtcsc	1	3	45	39	0.28888888888888886	0.3444394889981946
chr12:6232725	wtdmso	wtcsc	11	14	37	24	0.5096525096525096	0.23163895609329552
chr12:6235479	wtdmso	wtcsc	12	19	38	22	0.3656509695290859	0.028839156759706795
chr12:6235507	wtdmso	wtcsc	11	11	41	37	0.9024390243902439	1.0
chr12:6237811	wtdmso	wtcsc	12	8	49	48	1.469387755102041	0.4717709119083635
chr12:6238212	wtdmso	wtcsc	3	2	61	55	1.3524590163934427	1.0
chr12:6238225	wtdmso	wtcsc	1	1	49	44	0.8979591836734694	1.0
chr12:6385057	wtdmso	wtcsc	3	5	19	21	0.6631578947368421	0.7101906941879909
chr12:6385105	wtdmso	wtcsc	6	7	16	22	1.1785714285714286	1.0
chr12:6385113	wtdmso	wtcsc	1	1	20	28	1.4	1.0
chr12:6385346	wtdmso	wtcsc	1	3	19	24	0.42105263157894735	0.6261037759650155
chr12:6386354	wtdmso	wtcsc	3	2	21	31	2.2142857142857144	0.6403587585315489
chr12:6388399	wtdmso	wtcsc	3	2	24	32	2.0	0.6469436710842749
chr12:6390119	wtdmso	wtcsc	4	3	22	32	1.9393939393939394	0.44612059510380225
chr12:6390175	wtdmso	wtcsc	2	5	22	27	0.4909090909090909	0.6861682650805847
chr12:6390291	wtdmso	wtcsc	1	3	14	30	0.7142857142857143	1.0
chr12:6390311	wtdmso	wtcsc	5	8	8	11	0.859375	1.0
chr12:6390694	wtdmso	wtcsc	2	6	28	38	0.4523809523809524	0.4606069533437012
chr12:6390726	wtdmso	wtcsc	1	4	9	29	0.8055555555555556	1.0
chr12:6390777	wtdmso	wtcsc	5	17	28	29	0.30462184873949577	0.04268770368716593
chr12:6390806	wtdmso	wtcsc	1	3	23	29	0.42028985507246375	0.6272808952054235
chr12:6390914	wtdmso	wtcsc	2	2	31	43	1.3870967741935485	1.0
chr12:6390932	wtdmso	wtcsc	5	18	6	12	0.5555555555555556	0.48880716642321687
chr12:6390936	wtdmso	wtcsc	7	15	4	12	1.4	0.729158524486667
chr12:6391119	wtdmso	wtcsc	20	30	9	9	0.6666666666666666	0.5803583631159644
chr12:6391199	wtdmso	wtcsc	3	6	9	8	0.4444444444444444	0.4291075514874142
chr12:6391368	wtdmso	wtcsc	26	39	3	5	1.1111111111111112	1.0
chr12:64448512	wtdmso	wtcsc	1	2	9	21	1.1666666666666667	1.0
chr12:64448531	wtdmso	wtcsc	2	3	10	22	1.4666666666666666	1.0
chr12:6534827	wtdmso	wtcsc	6	11	573	787	0.7491670633031889	0.6296482937844639
chr12:6536534	wtdmso	wtcsc	4	8	749	1019	0.6802403204272364	0.574998439988836
chr12:6536567	wtdmso	wtcsc	15	27	541	764	0.7845553501745738	0.5257777368863003
chr12:6536579	wtdmso	wtcsc	21	40	679	918	0.7097938144329897	0.2356131002470057
chr12:6537179	wtdmso	wtcsc	88	109	739	1028	1.123064890566225	0.4477512734741426
chr12:6537194	wtdmso	wtcsc	28	43	803	1076	0.8725419212835588	0.6260965561757936
chr12:6537383	wtdmso	wtcsc	41	99	856	1156	0.5592844331162088	0.0018981208885658187
chr12:6537583	wtdmso	wtcsc	88	217	731	946	0.5248034697750068	1.3918273650096481e-06
chr12:6537616	wtdmso	wtcsc	21	72	846	1115	0.3844070133963751	6.0723359095847595e-05
chr12:6537639	wtdmso	wtcsc	69	93	800	1115	1.0340725806451614	0.8683894038030057
chr12:6537671	wtdmso	wtcsc	34	68	908	1231	0.677863436123348	0.08054729056425985
chr12:6537788	wtdmso	wtcsc	20	65	701	908	0.3985515198068693	0.00027033190619277957
chr12:6537793	wtdmso	wtcsc	188	345	671	806	0.6545627335363615	5.3378859059192966e-05
chr12:6537810	wtdmso	wtcsc	1	1	933	1276	1.367631296891747	1.0
chr12:6537827	wtdmso	wtcsc	7	20	825	1167	0.4950909090909091	0.11790358853771628
chr12:6537911	wtdmso	wtcsc	144	274	797	1048	0.6910586231213767	0.0011677719719130923
chr12:6538105	wtdmso	wtcsc	13	16	929	1253	1.0958692142088267	0.851299734041602
chr12:6538138	wtdmso	wtcsc	55	95	969	1285	0.7677475422301885	0.14706029893767553
chr12:6538171	wtdmso	wtcsc	8	20	993	1301	0.5240684793554884	0.12857951537298162
chr12:6538179	wtdmso	wtcsc	28	59	990	1323	0.6342064714946071	0.059772130793134017
chr12:6538217	wtdmso	wtcsc	6	7	846	1254	1.2705167173252279	0.7786404355641634
chr12:6538295	wtdmso	wtcsc	3	19	896	1239	0.21833881578947367	0.00779866595974588
chr12:6748032	wtdmso	wtcsc	1	5	27	30	0.2222222222222222	0.21383890779202355
chr12:6748119	wtdmso	wtcsc	1	3	31	33	0.3548387096774194	0.6162994161238236
chr12:6748130	wtdmso	wtcsc	4	4	27	29	1.0740740740740742	1.0
chr12:6748340	wtdmso	wtcsc	7	15	20	18	0.42	0.17834971886218265
chr12:6748361	wtdmso	wtcsc	3	12	21	22	0.2619047619047619	0.06992316868714005
chr12:6748509	wtdmso	wtcsc	2	1	29	36	2.4827586206896552	0.5880357570436587
chr12:6748801	wtdmso	wtcsc	5	4	20	26	1.625	0.716485229177982
chr12:6748831	wtdmso	wtcsc	2	2	28	31	1.1071428571428572	1.0
chr12:6748839	wtdmso	wtcsc	3	1	28	34	3.642857142857143	0.3345959595959596
chr12:6749867	wtdmso	wtcsc	3	2	30	33	1.65	0.668484500574053
chr12:6749930	wtdmso	wtcsc	1	1	23	25	1.0869565217391304	1.0
chr12:6749965	wtdmso	wtcsc	3	7	24	23	0.4107142857142857	0.30441606993975706
chr12:6749988	wtdmso	wtcsc	3	2	26	31	1.7884615384615385	0.65768268963601
chr12:6750302	wtdmso	wtcsc	1	1	25	30	1.2	1.0
chr12:6753000	wtdmso	wtcsc	1	1	14	24	1.7142857142857142	1.0
chr12:6867600	wtdmso	wtcsc	7	17	74	114	0.6343402225755167	0.3798293946649048
chr12:6868944	wtdmso	wtcsc	24	39	62	110	1.0918114143920596	0.762610490095867
chr12:6868958	wtdmso	wtcsc	2	9	83	132	0.3534136546184739	0.21551035268730606
chr12:6869115	wtdmso	wtcsc	6	14	90	141	0.6714285714285714	0.4818134821598974
chr12:6869295	wtdmso	wtcsc	2	16	116	164	0.17672413793103448	0.011548168504266251
chr12:6869374	wtdmso	wtcsc	1	4	100	142	0.355	0.6511726897266916
chr12:6869699	wtdmso	wtcsc	15	28	117	159	0.728021978021978	0.4071573280748786
chr12:6869755	wtdmso	wtcsc	4	14	128	167	0.37276785714285715	0.08912880389458107
chr12:6870272	wtdmso	wtcsc	26	51	120	140	0.5947712418300654	0.06655667280124963
chr12:6870376	wtdmso	wtcsc	5	5	136	191	1.4044117647058822	0.74725055961065
chr12:6870422	wtdmso	wtcsc	18	35	128	176	0.7071428571428572	0.2921096923108255
chr12:6870446	wtdmso	wtcsc	6	24	118	152	0.3220338983050847	0.017721101350214465
chr12:6870509	wtdmso	wtcsc	12	13	143	199	1.2845615922539	0.5387196357140038
chr12:6870556	wtdmso	wtcsc	4	12	133	170	0.42606516290726815	0.19516053467119193
chr12:6870595	wtdmso	wtcsc	28	55	116	151	0.6626959247648903	0.12672296909213812
chr12:6870794	wtdmso	wtcsc	15	39	124	136	0.4218362282878412	0.010022919477277053
chr12:6944100	wtdmso	wtcsc	8	12	8	41	3.4166666666666665	0.05698757891228534
chr12:6945871	wtdmso	wtcsc	1	1	14	49	3.5	0.4110576923076923
chr12:69597189	wtdmso	wtcsc	5	13	5	19	1.4615384615384615	0.7200953298514272
chr12:69597242	wtdmso	wtcsc	1	1	10	21	2.1	1.0
chr12:69597742	wtdmso	wtcsc	2	5	8	14	0.7	1.0
chr12:69597750	wtdmso	wtcsc	2	10	8	20	0.5	0.6926967914683884
chr12:69597999	wtdmso	wtcsc	4	7	7	14	1.1428571428571428	1.0
chr12:69598340	wtdmso	wtcsc	1	2	9	22	1.2222222222222223	1.0
chr12:69598355	wtdmso	wtcsc	1	1	10	31	3.1	0.450719822812846
chr12:6965462	wtdmso	wtcsc	23	26	22	38	1.527972027972028	0.3301013013133609
chr12:6965478	wtdmso	wtcsc	3	6	45	62	0.6888888888888889	0.7339410314928342
chr12:6965529	wtdmso	wtcsc	5	18	37	41	0.3078078078078078	0.032090790882432774
chr12:6965550	wtdmso	wtcsc	8	7	32	55	1.9642857142857142	0.26007554222768486
chr12:6965668	wtdmso	wtcsc	7	6	39	52	1.5555555555555556	0.554994601899938
chr12:6965709	wtdmso	wtcsc	7	4	37	59	2.7905405405405403	0.1937780891239691
chr12:6966447	wtdmso	wtcsc	20	21	21	35	1.5873015873015872	0.30254795719715705
chr12:6967225	wtdmso	wtcsc	3	7	41	47	0.4912891986062718	0.5044433875813964
chr12:6967726	wtdmso	wtcsc	2	5	42	55	0.5238095238095238	0.6959876697593759
chr12:6967977	wtdmso	wtcsc	2	6	36	51	0.4722222222222222	0.4695220473149506
chr12:6969544	wtdmso	wtcsc	2	4	31	41	0.6612903225806451	1.0
chr12:6970225	wtdmso	wtcsc	5	15	29	27	0.3103448275862069	0.06523587657006547
chr12:6970523	wtdmso	wtcsc	6	16	24	29	0.453125	0.19781261588736895
chr12:6970532	wtdmso	wtcsc	4	13	27	31	0.35327635327635326	0.10290377029966385
chr12:6970544	wtdmso	wtcsc	1	1	31	41	1.3225806451612903	1.0
chr12:6970573	wtdmso	wtcsc	7	8	18	30	1.4583333333333333	0.5579715114748249
chr12:6970639	wtdmso	wtcsc	5	3	9	13	2.4074074074074074	0.417082569826198
chr12:76029768	wtdmso	wtcsc	1	5	11	23	0.41818181818181815	0.6479374110953059
chr12:76029889	wtdmso	wtcsc	6	15	4	16	1.6	0.7185879381001332
chr12:76029903	wtdmso	wtcsc	1	9	12	21	0.19444444444444445	0.23679678271397642
chr12:89348234	wtdmso	wtcsc	2	1	9	9	2.0	1.0
chr12:8940555	wtdmso	wtcsc	1	1	9	12	1.3333333333333333	1.0
chr12:8940889	wtdmso	wtcsc	1	1	9	12	1.3333333333333333	1.0
chr12:92143245	wtdmso	wtcsc	3	12	8	22	0.6875	0.7262360727745689
chr12:92143339	wtdmso	wtcsc	2	9	9	27	0.6666666666666666	1.0
chr12:92143556	wtdmso	wtcsc	1	3	9	29	1.0740740740740742	1.0
chr12:95861285	wtdmso	wtcsc	3	5	7	9	0.7714285714285715	1.0
chr12:96000903	wtdmso	wtcsc	3	1	8	10	3.75	0.5864661654135339
chr12:96001062	wtdmso	wtcsc	3	4	7	8	0.8571428571428571	1.0
chr12:96002994	wtdmso	wtcsc	3	2	8	11	2.0625	0.6299171842650104
chr12:98594012	wtdmso	wtcsc	13	24	87	130	0.8093869731800766	0.7161819569728924
chr12:98594060	wtdmso	wtcsc	3	14	100	141	0.30214285714285716	0.07147103661443514
chr12:98597859	wtdmso	wtcsc	6	10	93	119	0.7677419354838709	0.7948827316416356
chr12:98597974	wtdmso	wtcsc	26	35	88	128	1.0805194805194804	0.8829938656586391
chr12:98598588	wtdmso	wtcsc	1	1	110	151	1.3727272727272728	1.0
chr12:98599987	wtdmso	wtcsc	2	1	99	157	3.1717171717171717	0.5623300045524279
chr12:98601267	wtdmso	wtcsc	1	2	123	168	0.6829268292682927	1.0
chr12:98601380	wtdmso	wtcsc	18	45	115	142	0.49391304347826087	0.02237791995438505
chr12:98601414	wtdmso	wtcsc	38	64	97	101	0.6182345360824743	0.06596175973471576
chr12:98601439	wtdmso	wtcsc	3	19	141	180	0.20156774916013437	0.00620886178408383
chr12:98601519	wtdmso	wtcsc	3	6	142	196	0.6901408450704225	0.7398134880988061
chr12:98601548	wtdmso	wtcsc	87	139	51	46	0.5645366060093102	0.0202916028641357
chr12:98601592	wtdmso	wtcsc	14	32	135	169	0.5476851851851852	0.08019384221213585
chr12:98601607	wtdmso	wtcsc	3	5	120	169	0.845	1.0
chr12:98601692	wtdmso	wtcsc	1	3	80	92	0.38333333333333336	0.6255173966953915
chr13:113306580	wtdmso	wtcsc	2	8	8	4	0.125	0.04273126254550403
chr13:113309655	wtdmso	wtcsc	1	1	10	12	1.2	1.0
chr13:113309709	wtdmso	wtcsc	7	2	13	11	2.9615384615384617	0.26345939933259177
chr13:113309820	wtdmso	wtcsc	2	1	21	12	1.1428571428571428	1.0
chr13:113310731	wtdmso	wtcsc	8	8	17	6	0.35294117647058826	0.17911014462738598
chr13:113319481	wtdmso	wtcsc	6	3	19	12	1.263157894736842	1.0
chr13:113319627	wtdmso	wtcsc	4	6	23	10	0.2898550724637681	0.1367847416764879
chr13:113320416	wtdmso	wtcsc	2	4	23	11	0.2391304347826087	0.1736878578983842
chr13:113322610	wtdmso	wtcsc	7	5	34	17	0.7	0.7380718748991812
chr13:113322631	wtdmso	wtcsc	2	7	38	12	0.09022556390977443	0.0033757287707862783
chr13:113323029	wtdmso	wtcsc	1	1	34	23	0.6764705882352942	1.0
chr13:113323079	wtdmso	wtcsc	10	4	36	24	1.6666666666666667	0.5469750873776069
chr13:20187654	wtdmso	wtcsc	1	1	37	26	0.7027027027027027	1.0
chr13:20187678	wtdmso	wtcsc	5	3	34	24	1.1764705882352942	1.0
chr13:20187841	wtdmso	wtcsc	25	17	49	28	0.8403361344537815	0.69543518590735
chr13:20187846	wtdmso	wtcsc	19	14	50	28	0.76	0.5284502244711551
chr13:20187901	wtdmso	wtcsc	10	10	52	30	0.5769230769230769	0.3124048664336373
chr13:20187986	wtdmso	wtcsc	12	12	60	34	0.5666666666666667	0.24579256159970048
chr13:20188019	wtdmso	wtcsc	4	2	58	40	1.3793103448275863	1.0
chr13:20188051	wtdmso	wtcsc	16	12	50	30	0.8	0.6565812511139861
chr13:20188370	wtdmso	wtcsc	5	3	62	40	1.075268817204301	1.0
chr13:20188418	wtdmso	wtcsc	5	6	42	29	0.5753968253968254	0.5158915284066731
chr13:20188465	wtdmso	wtcsc	15	14	53	28	0.5660377358490566	0.26528217402007637
chr13:20188530	wtdmso	wtcsc	12	12	44	28	0.6363636363636364	0.35112260543266605
chr13:20188560	wtdmso	wtcsc	6	4	21	22	1.5714285714285714	0.7276582250724456
chr13:20188746	wtdmso	wtcsc	5	5	48	31	0.6458333333333334	0.5176237623613347
chr13:20188790	wtdmso	wtcsc	5	5	37	29	0.7837837837837838	0.7451317346443966
chr13:20189016	wtdmso	wtcsc	35	28	15	7	0.5833333333333334	0.32761114564552324
chr13:20189045	wtdmso	wtcsc	32	28	11	2	0.2077922077922078	0.060141559003588294
chr13:20189231	wtdmso	wtcsc	13	12	27	18	0.7222222222222222	0.6164197034923393
chr13:20189284	wtdmso	wtcsc	2	2	40	16	0.4	0.5762404257282601
chr13:21146825	wtdmso	wtcsc	3	8	44	26	0.2215909090909091	0.045448324842334215
chr13:21146829	wtdmso	wtcsc	2	3	36	29	0.5370370370370371	0.6542798347585157
chr13:21147225	wtdmso	wtcsc	3	7	36	25	0.2976190476190476	0.1681599380540287
chr13:21147280	wtdmso	wtcsc	1	4	40	30	0.1875	0.16970877881547375
chr13:21176925	wtdmso	wtcsc	4	12	27	32	0.3950617283950617	0.16200720979124317
chr13:21177078	wtdmso	wtcsc	2	1	35	39	2.2285714285714286	0.6054682159945317
chr13:21177184	wtdmso	wtcsc	1	7	30	27	0.12857142857142856	0.05591385783800343
chr13:21177288	wtdmso	wtcsc	18	28	18	15	0.5357142857142857	0.2520786577641626
chr13:21177296	wtdmso	wtcsc	15	27	22	14	0.35353535353535354	0.04010144469126707
chr13:21177326	wtdmso	wtcsc	9	3	16	11	2.0625	0.4770841475513334
chr13:27253783	wtdmso	wtcsc	170	239	229	241	0.7485702800972027	0.03540863876848998
chr13:27254273	wtdmso	wtcsc	2	6	423	527	0.4152876280535855	0.3119117819024997
chr13:27255292	wtdmso	wtcsc	22	42	404	500	0.6482791136256483	0.11880029983218929
chr13:27256468	wtdmso	wtcsc	29	31	350	470	1.256221198156682	0.4194096335400348
chr13:27256497	wtdmso	wtcsc	13	29	406	477	0.5266689315440802	0.05850194726555498
chr13:27256550	wtdmso	wtcsc	26	44	190	227	0.7059808612440192	0.19666023512609157
chr13:27434926	wtdmso	wtcsc	1	1	9	25	2.7777777777777777	0.4841269841269842
chr13:27621930	wtdmso	wtcsc	1	2	45	66	0.7333333333333333	1.0
chr13:27622920	wtdmso	wtcsc	2	4	47	61	0.648936170212766	0.6982442379689658
chr13:27622950	wtdmso	wtcsc	1	2	43	55	0.6395348837209303	1.0
chr13:27622958	wtdmso	wtcsc	8	18	37	48	0.5765765765765766	0.2652186838132715
chr13:27622968	wtdmso	wtcsc	4	6	46	62	0.8985507246376812	1.0
chr13:27623032	wtdmso	wtcsc	2	8	43	60	0.3488372093023256	0.31065919701038813
chr13:27623103	wtdmso	wtcsc	14	32	33	38	0.5037878787878788	0.12204052408033667
chr13:27623206	wtdmso	wtcsc	34	48	20	20	0.7083333333333334	0.43885706705805905
chr13:27623274	wtdmso	wtcsc	33	40	13	9	0.5711538461538461	0.3317648213505019
chr13:27623311	wtdmso	wtcsc	11	7	40	60	2.357142857142857	0.122819620869045
chr13:27623378	wtdmso	wtcsc	4	2	46	65	2.8260869565217392	0.3995782732760307
chr13:27623409	wtdmso	wtcsc	1	3	49	64	0.43537414965986393	0.6346664724318002
chr13:27666113	wtdmso	wtcsc	1	1	9	9	1.0	1.0
chr13:28662420	wtdmso	wtcsc	4	5	22	20	0.7272727272727273	0.7264853492114314
chr13:28662459	wtdmso	wtcsc	4	7	21	15	0.40816326530612246	0.302740573905537
chr13:28664529	wtdmso	wtcsc	8	4	21	20	1.9047619047619047	0.5116813336296773
chr13:28672404	wtdmso	wtcsc	1	2	28	19	0.3392857142857143	0.5650000000000002
chr13:45336883	wtdmso	wtcsc	83	108	56	60	0.8234126984126984	0.47812679800872093
chr13:45336915	wtdmso	wtcsc	25	58	177	209	0.508961620884473	0.0100817822197972
chr13:45336989	wtdmso	wtcsc	17	31	179	227	0.6954406199315192	0.28286327708350817
chr13:45337045	wtdmso	wtcsc	106	159	71	68	0.6384976525821596	0.035271088035980426
chr13:45337057	wtdmso	wtcsc	7	12	178	216	0.7078651685393258	0.637834729262082
chr13:45337072	wtdmso	wtcsc	6	10	197	244	0.7431472081218274	0.618633608532964
chr13:45337139	wtdmso	wtcsc	4	2	197	252	2.5583756345177666	0.4126333126483254
chr13:45337180	wtdmso	wtcsc	28	48	278	388	0.8141486810551559	0.4613645262134307
chr13:45337219	wtdmso	wtcsc	17	24	591	754	0.9036943034404963	0.873347066753956
chr13:45337260	wtdmso	wtcsc	238	337	397	477	0.8485450971305564	0.14398605512465712
chr13:45337293	wtdmso	wtcsc	339	514	292	293	0.6617917488406801	0.00015161013202757463
chr13:45337302	wtdmso	wtcsc	11	20	578	755	0.7184256055363322	0.4645425715313733
chr13:45337309	wtdmso	wtcsc	124	212	443	572	0.7552280761531581	0.030341924950433263
chr13:45337343	wtdmso	wtcsc	122	187	554	690	0.8125639491109867	0.12384889651057127
chr13:45338706	wtdmso	wtcsc	17	38	658	844	0.5738281874900016	0.07105010916231275
chr13:45338726	wtdmso	wtcsc	26	42	613	792	0.7998135632719646	0.45250892150984057
chr13:45338759	wtdmso	wtcsc	2	7	583	753	0.36902719921587845	0.3136742771056257
chr13:45339503	wtdmso	wtcsc	3	23	633	794	0.16361013805893262	0.0005281259402821484
chr13:45339535	wtdmso	wtcsc	4	6	669	892	0.8888888888888888	1.0
chr13:45339549	wtdmso	wtcsc	11	34	591	750	0.4105703194983577	0.009081289764851496
chr13:45339559	wtdmso	wtcsc	1	1	666	850	1.2762762762762763	1.0
chr13:45339580	wtdmso	wtcsc	43	96	586	724	0.5533987485779295	0.002120835320408718
chr13:45339589	wtdmso	wtcsc	5	5	594	792	1.3333333333333333	0.7526554038511508
chr13:45340045	wtdmso	wtcsc	1	2	609	799	0.6559934318555009	1.0
chr13:45340062	wtdmso	wtcsc	93	169	529	628	0.653281283207123	0.002981968909749586
chr13:45340152	wtdmso	wtcsc	13	32	594	767	0.5245686026936027	0.06531696812175727
chr13:45340171	wtdmso	wtcsc	12	15	611	814	1.0657937806873976	1.0
chr13:45341052	wtdmso	wtcsc	57	96	437	603	0.8192934782608695	0.2917545209194965
chr13:48233238	wtdmso	wtcsc	3	1	29	32	3.310344827586207	0.35531135531135527
chr13:48233469	wtdmso	wtcsc	16	19	23	19	0.6956521739130435	0.49592538716788637
chr13:48253808	wtdmso	wtcsc	1	2	44	44	0.5	1.0
chr13:48253869	wtdmso	wtcsc	1	4	42	34	0.20238095238095238	0.18104200066225384
chr13:48256372	wtdmso	wtcsc	5	7	45	42	0.6666666666666666	0.5535550107112576
chr13:48258180	wtdmso	wtcsc	12	9	38	38	1.3333333333333333	0.6271284057045257
chr13:48258802	wtdmso	wtcsc	4	2	41	36	1.7560975609756098	0.6828513855931956
chr13:48258863	wtdmso	wtcsc	1	1	52	51	0.9807692307692307	1.0
chr13:48261224	wtdmso	wtcsc	9	15	31	31	0.6	0.34193806909964
chr13:48261332	wtdmso	wtcsc	4	7	49	47	0.5481049562682215	0.5264800502371261
chr13:48261373	wtdmso	wtcsc	1	1	47	49	1.0425531914893618	1.0
chr13:48261432	wtdmso	wtcsc	10	6	21	8	0.6349206349206349	0.5193892344708311
chr13:48261589	wtdmso	wtcsc	3	2	31	15	0.7258064516129032	1.0
chr13:48261598	wtdmso	wtcsc	3	4	31	10	0.24193548387096775	0.17110437029547246
chr13:73077225	wtdmso	wtcsc	1	2	10	25	1.25	1.0
chr13:73077237	wtdmso	wtcsc	2	2	10	33	3.3	0.26611162503854463
chr13:73077446	wtdmso	wtcsc	1	2	12	32	1.3333333333333333	1.0
chr13:75526505	wtdmso	wtcsc	6	9	36	45	0.8333333333333334	0.785422323558387
chr13:75526521	wtdmso	wtcsc	2	6	39	52	0.4444444444444444	0.4637224486955318
chr13:75526541	wtdmso	wtcsc	6	15	8	5	0.25	0.0803848075962019
chr13:75530245	wtdmso	wtcsc	2	2	32	46	1.4375	1.0
chr13:98019655	wtdmso	wtcsc	1	7	9	17	0.2698412698412698	0.38548278043141615
chr13:98021753	wtdmso	wtcsc	1	11	9	17	0.1717171717171717	0.12448020741721688
chr13:98452379	wtdmso	wtcsc	2	4	21	10	0.23809523809523808	0.17345654478007416
chr13:98452502	wtdmso	wtcsc	8	1	17	11	5.176470588235294	0.22038000180380607
chr13:98452572	wtdmso	wtcsc	2	3	23	15	0.43478260869565216	0.6344268323848585
chr13:98452622	wtdmso	wtcsc	3	6	21	12	0.2857142857142857	0.13905111645804843
chr13:98452678	wtdmso	wtcsc	3	3	23	19	0.8260869565217391	1.0
chr13:98452823	wtdmso	wtcsc	2	3	25	25	0.6666666666666666	1.0
chr13:98457272	wtdmso	wtcsc	2	4	9	11	0.6111111111111112	1.0
chr13:98461855	wtdmso	wtcsc	1	6	9	8	0.14814814814814814	0.17178073642604536
chr13:99562753	wtdmso	wtcsc	2	1	8	11	2.75	0.5714285714285713
chr14:102081131	wtdmso	wtcsc	2	3	8	17	1.4166666666666667	1.0
chr14:102081307	wtdmso	wtcsc	2	6	9	23	0.8518518518518519	1.0
chr14:104759569	wtdmso	wtcsc	6	10	4	4	0.6	0.6733521783999641
chr14:104769517	wtdmso	wtcsc	2	4	10	15	0.75	1.0
chr14:104769564	wtdmso	wtcsc	1	2	11	26	1.1818181818181819	1.0
chr14:104769616	wtdmso	wtcsc	2	7	10	23	0.6571428571428571	1.0
chr14:104769662	wtdmso	wtcsc	3	2	9	25	4.166666666666667	0.1587075797602113
chr14:104769738	wtdmso	wtcsc	1	1	10	25	2.5	0.5120120120120121
chr14:104770054	wtdmso	wtcsc	7	7	3	14	4.666666666666667	0.12060743821637569
chr14:104770328	wtdmso	wtcsc	3	5	7	6	0.5142857142857142	0.6594427244582044
chr14:105250730	wtdmso	wtcsc	3	1	7	12	5.142857142857143	0.28063241106719367
chr14:105250801	wtdmso	wtcsc	2	1	8	12	3.0	0.5595708639186899
chr14:20311642	wtdmso	wtcsc	2	7	8	9	0.32142857142857145	0.39887663823590597
chr14:20316286	wtdmso	wtcsc	1	2	13	13	0.5	1.0
chr14:20316328	wtdmso	wtcsc	6	5	8	10	1.5	0.7103816512796235
chr14:20329316	wtdmso	wtcsc	3	6	7	6	0.42857142857142855	0.4148606811145511
chr14:20476546	wtdmso	wtcsc	1	3	10	9	0.3	0.5900621118012421
chr14:20476636	wtdmso	wtcsc	1	1	9	9	1.0	1.0
chr14:20476927	wtdmso	wtcsc	2	7	9	7	0.2222222222222222	0.20771570870911293
chr14:20477008	wtdmso	wtcsc	1	1	9	11	1.2222222222222223	1.0
chr14:20477019	wtdmso	wtcsc	4	5	6	7	0.9333333333333333	1.0
chr14:21210604	wtdmso	wtcsc	2	1	28	18	1.2857142857142858	1.0
chr14:21210621	wtdmso	wtcsc	2	7	14	6	0.12244897959183673	0.04053687441993289
chr14:21210852	wtdmso	wtcsc	3	1	28	21	2.25	0.6331768120891317
chr14:21210966	wtdmso	wtcsc	6	5	36	36	1.2	1.0
chr14:21211229	wtdmso	wtcsc	1	1	39	42	1.0769230769230769	1.0
chr14:21211448	wtdmso	wtcsc	2	2	10	13	1.3	1.0
chr14:21211466	wtdmso	wtcsc	1	1	24	19	0.7916666666666666	1.0
chr14:21211503	wtdmso	wtcsc	1	1	24	17	0.7083333333333334	1.0
chr14:22564999	wtdmso	wtcsc	1	1	21	26	1.2380952380952381	1.0
chr14:22565084	wtdmso	wtcsc	1	3	22	26	0.3939393939393939	0.6205817711700065
chr14:22575115	wtdmso	wtcsc	6	5	16	20	1.5	0.7322319790066983
chr14:22575202	wtdmso	wtcsc	1	4	20	25	0.3125	0.3829787234042554
chr14:22589009	wtdmso	wtcsc	1	2	20	25	0.625	1.0
chr14:22771310	wtdmso	wtcsc	1	6	9	21	0.3888888888888889	0.6471409955755306
chr14:22771557	wtdmso	wtcsc	2	1	8	27	6.75	0.16358463726884784
chr14:22771603	wtdmso	wtcsc	5	13	5	22	1.6923076923076923	0.4889255915616486
chr14:22771621	wtdmso	wtcsc	3	7	7	16	0.9795918367346939	1.0
chr14:22771654	wtdmso	wtcsc	8	14	3	23	4.380952380952381	0.08218281217943305
chr14:22830192	wtdmso	wtcsc	2	3	11	8	0.48484848484848486	0.6299171842650103
chr14:22875666	wtdmso	wtcsc	3	9	7	4	0.19047619047619047	0.09953271926619617
chr14:22875975	wtdmso	wtcsc	8	9	2	4	1.7777777777777777	0.6600196142530239
chr14:22876002	wtdmso	wtcsc	6	9	4	3	0.5	0.6517027863777091
chr14:22876024	wtdmso	wtcsc	6	6	15	8	0.5333333333333333	0.47691879866518355
chr14:22876100	wtdmso	wtcsc	4	2	8	13	3.25	0.35748792270531404
chr14:22876215	wtdmso	wtcsc	6	1	18	13	4.333333333333333	0.2265012690709285
chr14:22876242	wtdmso	wtcsc	18	16	6	7	1.3125	0.7516424282019678
chr14:22876993	wtdmso	wtcsc	3	6	24	22	0.4583333333333333	0.4687720714357785
chr14:22877089	wtdmso	wtcsc	3	5	23	25	0.6521739130434783	0.7115758824970811
chr14:22877394	wtdmso	wtcsc	3	8	22	23	0.39204545454545453	0.31180358071030034
chr14:22877415	wtdmso	wtcsc	1	3	32	28	0.2916666666666667	0.3473848555815767
chr14:22877531	wtdmso	wtcsc	2	4	29	31	0.5344827586206896	0.6762032366540562
chr14:22877647	wtdmso	wtcsc	2	1	34	36	2.1176470588235294	0.6145089716380476
chr14:22877847	wtdmso	wtcsc	8	8	16	22	1.375	0.7652628697044829
chr14:22877948	wtdmso	wtcsc	3	6	25	29	0.58	0.7191597383624913
chr14:23026023	wtdmso	wtcsc	3	2	8	21	3.9375	0.29988931056293483
chr14:23026050	wtdmso	wtcsc	8	18	2	8	1.7777777777777777	0.6894567986631063
chr14:23026134	wtdmso	wtcsc	2	3	9	22	1.6296296296296295	0.6308940242763771
chr14:23026266	wtdmso	wtcsc	1	2	10	33	1.65	1.0
chr14:24104053	wtdmso	wtcsc	2	1	8	12	3.0	0.5595708639186899
chr14:24137003	wtdmso	wtcsc	1	1	22	18	0.8181818181818182	1.0
chr14:24137149	wtdmso	wtcsc	1	2	11	15	0.6818181818181818	1.0
chr14:24137720	wtdmso	wtcsc	11	20	18	14	0.42777777777777776	0.13129394855118434
chr14:24138216	wtdmso	wtcsc	2	2	23	17	0.7391304347826086	1.0
chr14:24138372	wtdmso	wtcsc	2	1	30	33	2.2	0.6076923076923078
chr14:24138748	wtdmso	wtcsc	3	1	27	29	3.2222222222222223	0.6119536128456737
chr14:24138763	wtdmso	wtcsc	3	7	32	35	0.46875	0.3322624320456964
chr14:24138875	wtdmso	wtcsc	2	3	23	28	0.8115942028985508	1.0
chr14:24217055	wtdmso	wtcsc	1	5	10	23	0.46	0.6548405991130448
chr14:24218395	wtdmso	wtcsc	9	10	19	20	0.9473684210526315	1.0
chr14:24218424	wtdmso	wtcsc	1	1	13	29	2.230769230769231	0.540169133192389
chr14:35308940	wtdmso	wtcsc	4	7	8	25	1.7857142857142858	0.45689625555601254
chr14:35308958	wtdmso	wtcsc	1	2	12	32	1.3333333333333333	1.0
chr14:35310784	wtdmso	wtcsc	1	4	11	31	0.7045454545454546	1.0
chr14:35314360	wtdmso	wtcsc	4	1	9	33	14.666666666666666	0.016687104245996752
chr14:35401672	wtdmso	wtcsc	1	1	18	40	2.2222222222222223	0.536723163841808
chr14:35401691	wtdmso	wtcsc	1	4	25	33	0.33	0.39437435471279997
chr14:35401695	wtdmso	wtcsc	15	18	15	21	1.1666666666666667	0.8108040618793207
chr14:35401726	wtdmso	wtcsc	5	1	24	41	8.541666666666666	0.03814249532633586
chr14:35401789	wtdmso	wtcsc	3	6	13	31	1.1923076923076923	1.0
chr14:35401832	wtdmso	wtcsc	13	9	14	31	3.1984126984126986	0.03625175565275542
chr14:35401986	wtdmso	wtcsc	13	30	5	9	0.78	0.7471772916661472
chr14:35401992	wtdmso	wtcsc	3	4	27	38	1.0555555555555556	1.0
chr14:35402046	wtdmso	wtcsc	1	3	20	35	0.5833333333333334	1.0
chr14:35402644	wtdmso	wtcsc	1	5	27	31	0.22962962962962963	0.21898668088806034
chr14:35403206	wtdmso	wtcsc	2	5	11	30	1.0909090909090908	1.0
chr14:35403702	wtdmso	wtcsc	1	3	16	36	0.75	1.0
chr14:35404420	wtdmso	wtcsc	2	3	23	30	0.8695652173913043	1.0
chr14:35404540	wtdmso	wtcsc	1	4	13	32	0.6153846153846154	1.0
chr14:49583670	wtdmso	wtcsc	18	17	49	64	1.382953181272509	0.44089757013725117
chr14:49618782	wtdmso	wtcsc	3	14	32	44	0.29464285714285715	0.09490420106521197
chr14:49618828	wtdmso	wtcsc	14	36	21	19	0.35185185185185186	0.02892824956183558
chr14:49618877	wtdmso	wtcsc	1	14	32	42	0.09375	0.007590025450503805
chr14:49619034	wtdmso	wtcsc	6	15	15	38	1.0133333333333334	1.0
chr14:49619076	wtdmso	wtcsc	1	4	10	28	0.7	1.0
chr14:54427365	wtdmso	wtcsc	1	7	24	49	0.2916666666666667	0.4240156212174867
chr14:54427461	wtdmso	wtcsc	3	10	21	44	0.6285714285714286	0.7437210916694499
chr14:54427497	wtdmso	wtcsc	4	22	21	34	0.2943722943722944	0.043037929844799434
chr14:54427533	wtdmso	wtcsc	7	12	18	39	1.2638888888888888	0.7794659149203711
chr14:54427551	wtdmso	wtcsc	2	11	13	45	0.6293706293706294	0.7211722922134454
chr14:54427644	wtdmso	wtcsc	3	21	9	27	0.42857142857142855	0.3293205820921745
chr14:54427811	wtdmso	wtcsc	1	3	24	53	0.7361111111111112	1.0
chr14:54430370	wtdmso	wtcsc	2	12	23	45	0.32608695652173914	0.2080396369212962
chr14:54430391	wtdmso	wtcsc	1	1	23	52	2.260869565217391	0.52904989747095
chr14:55138108	wtdmso	wtcsc	3	4	32	44	1.03125	1.0
chr14:55138304	wtdmso	wtcsc	6	6	29	34	1.1724137931034482	1.0
chr14:55142648	wtdmso	wtcsc	1	6	34	43	0.2107843137254902	0.2303547091578501
chr14:55142690	wtdmso	wtcsc	7	8	31	44	1.2419354838709677	0.7782158733545569
chr14:55142739	wtdmso	wtcsc	1	1	37	47	1.2702702702702702	1.0
chr14:55145132	wtdmso	wtcsc	2	6	36	42	0.3888888888888889	0.293455434498119
chr14:55145137	wtdmso	wtcsc	1	2	35	51	0.7285714285714285	1.0
chr14:55145198	wtdmso	wtcsc	2	5	35	45	0.5142857142857142	0.6937665592909215
chr14:55145216	wtdmso	wtcsc	3	13	32	35	0.25240384615384615	0.04826015850976638
chr14:55145233	wtdmso	wtcsc	3	5	31	46	0.8903225806451613	1.0
chr14:61747080	wtdmso	wtcsc	1	3	9	23	0.8518518518518519	1.0
chr14:61747609	wtdmso	wtcsc	1	3	21	29	0.4603174603174603	0.6377054934213645
chr14:61747661	wtdmso	wtcsc	7	10	17	24	0.9882352941176471	1.0
chr14:61747898	wtdmso	wtcsc	3	7	27	32	0.5079365079365079	0.49575103583244695
chr14:61748212	wtdmso	wtcsc	8	10	34	42	0.9882352941176471	1.0
chr14:68787826	wtdmso	wtcsc	17	25	50	48	0.6528	0.2732845275329634
chr14:68787894	wtdmso	wtcsc	1	3	51	60	0.39215686274509803	0.6254085579473886
chr14:68787916	wtdmso	wtcsc	7	8	38	39	0.8980263157894737	1.0
chr14:68787989	wtdmso	wtcsc	12	13	37	41	1.022869022869023	1.0
chr14:68788016	wtdmso	wtcsc	7	15	42	41	0.45555555555555555	0.15100519213656688
chr14:68788060	wtdmso	wtcsc	31	25	17	27	1.9694117647058824	0.11041530733455257
chr14:68788103	wtdmso	wtcsc	8	9	31	40	1.146953405017921	1.0
chr14:68788168	wtdmso	wtcsc	4	11	32	35	0.3977272727272727	0.16102268344777454
chr14:68788431	wtdmso	wtcsc	1	4	19	39	0.5131578947368421	1.0
chr14:68788441	wtdmso	wtcsc	1	1	27	40	1.4814814814814814	1.0
chr14:68788689	wtdmso	wtcsc	2	4	26	35	0.6730769230769231	1.0
chr14:68788699	wtdmso	wtcsc	4	2	22	35	3.1818181818181817	0.21996407975148202
chr14:68788756	wtdmso	wtcsc	7	15	11	21	0.8909090909090909	1.0
chr14:68788767	wtdmso	wtcsc	3	5	24	28	0.7	0.7193230089548495
chr14:68788873	wtdmso	wtcsc	1	1	18	32	1.7777777777777777	1.0
chr14:68789134	wtdmso	wtcsc	1	5	16	25	0.3125	0.3957777982044918
chr14:68789148	wtdmso	wtcsc	1	2	15	29	0.9666666666666667	1.0
chr14:68789345	wtdmso	wtcsc	5	3	11	12	1.8181818181818181	0.6850821900877518
chr14:68789515	wtdmso	wtcsc	2	3	13	13	0.6666666666666666	1.0
chr14:68789553	wtdmso	wtcsc	1	2	11	10	0.45454545454545453	1.0
chr14:68789584	wtdmso	wtcsc	2	1	9	10	2.2222222222222223	1.0
chr14:68789647	wtdmso	wtcsc	2	2	10	11	1.1	1.0
chr14:68789680	wtdmso	wtcsc	6	3	6	7	2.3333333333333335	0.4148606811145511
chr14:68789968	wtdmso	wtcsc	1	1	13	13	1.0	1.0
chr14:68790301	wtdmso	wtcsc	1	3	12	9	0.25	0.3217391304347825
chr14:68790439	wtdmso	wtcsc	2	1	11	12	2.1818181818181817	1.0
chr14:68792934	wtdmso	wtcsc	2	2	10	8	0.8	1.0
chr14:68792987	wtdmso	wtcsc	1	1	11	12	1.0909090909090908	1.0
chr14:68793025	wtdmso	wtcsc	9	3	4	10	7.5	0.04717997038632386
chr14:68793038	wtdmso	wtcsc	3	1	10	12	3.6	0.5930434782608694
chr14:68874177	wtdmso	wtcsc	2	1	24	29	2.4166666666666665	0.5919913419913422
chr14:68874196	wtdmso	wtcsc	7	4	20	15	1.3125	1.0
chr14:68874255	wtdmso	wtcsc	6	4	26	20	1.1538461538461537	1.0
chr14:68874645	wtdmso	wtcsc	3	8	74	54	0.27364864864864863	0.062457699935447156
chr14:68874653	wtdmso	wtcsc	1	1	73	56	0.7671232876712328	1.0
chr14:68874704	wtdmso	wtcsc	28	22	46	41	1.134387351778656	0.8588096698947503
chr14:68874865	wtdmso	wtcsc	2	3	63	55	0.582010582010582	0.6658371167818726
chr14:68874904	wtdmso	wtcsc	8	8	55	44	0.8	0.7886290348363666
chr14:68875015	wtdmso	wtcsc	9	8	51	43	0.9485294117647058	1.0
chr14:68877085	wtdmso	wtcsc	2	1	57	41	1.4385964912280702	1.0
chr14:68877143	wtdmso	wtcsc	2	6	52	35	0.22435897435897437	0.07226904725547899
chr14:68877160	wtdmso	wtcsc	1	1	58	47	0.8103448275862069	1.0
chr14:68877179	wtdmso	wtcsc	6	3	49	38	1.5510204081632653	0.7282820138884467
chr14:68877202	wtdmso	wtcsc	2	3	49	38	0.5170068027210885	0.6527552402002816
chr14:68880062	wtdmso	wtcsc	4	8	33	28	0.42424242424242425	0.22099556617169175
chr14:68880945	wtdmso	wtcsc	6	5	38	29	0.9157894736842105	1.0
chr14:68883052	wtdmso	wtcsc	8	4	23	12	1.0434782608695652	1.0
chr14:68884201	wtdmso	wtcsc	2	2	19	14	0.7368421052631579	1.0
chr14:68884210	wtdmso	wtcsc	2	1	18	15	1.6666666666666667	1.0
chr14:68884304	wtdmso	wtcsc	1	2	13	10	0.38461538461538464	0.5800000000000001
chr14:68884800	wtdmso	wtcsc	1	1	27	14	0.5185185185185185	1.0
chr14:68884817	wtdmso	wtcsc	3	2	10	10	1.5	1.0
chr14:68885463	wtdmso	wtcsc	2	4	12	11	0.4583333333333333	0.6513409961685825
chr14:68890144	wtdmso	wtcsc	3	2	10	13	1.95	0.6388888888888888
chr14:68892194	wtdmso	wtcsc	1	1	12	12	1.0	1.0
chr14:68892227	wtdmso	wtcsc	2	1	11	13	2.3636363636363638	0.5955555555555554
chr14:68892242	wtdmso	wtcsc	2	3	10	9	0.6	1.0
chr14:68902550	wtdmso	wtcsc	1	8	12	4	0.041666666666666664	0.003607484183604791
chr14:68904680	wtdmso	wtcsc	1	2	10	8	0.4	0.5864661654135338
chr14:68912215	wtdmso	wtcsc	2	1	11	9	1.6363636363636365	1.0
chr14:68925616	wtdmso	wtcsc	2	2	10	8	0.8	1.0
chr14:74479961	wtdmso	wtcsc	1	5	28	35	0.25	0.3893276294648589
chr14:74480129	wtdmso	wtcsc	1	2	35	49	0.7	1.0
chr14:74480186	wtdmso	wtcsc	3	7	41	58	0.6062717770034843	0.7369980770318616
chr14:74480773	wtdmso	wtcsc	2	7	35	50	0.40816326530612246	0.47493742071530337
chr14:74484466	wtdmso	wtcsc	1	1	40	64	1.6	1.0
chr14:74484484	wtdmso	wtcsc	4	8	40	63	0.7875	1.0
chr14:74486362	wtdmso	wtcsc	9	14	31	47	0.9746543778801844	1.0
chr14:74493197	wtdmso	wtcsc	1	12	39	54	0.11538461538461539	0.016432238527320647
chr14:74493214	wtdmso	wtcsc	13	24	29	43	0.8031609195402298	0.6800124550639014
chr14:74903372	wtdmso	wtcsc	5	4	18	11	0.7638888888888888	1.0
chr14:74903678	wtdmso	wtcsc	3	4	18	11	0.4583333333333333	0.41782387441780233
chr14:75134309	wtdmso	wtcsc	11	17	12	30	1.6176470588235294	0.4381195259391889
chr14:75134333	wtdmso	wtcsc	2	5	10	36	1.44	0.6499573253629032
chr14:75134480	wtdmso	wtcsc	1	1	9	35	3.888888888888889	0.3913043478260869
chr14:75134558	wtdmso	wtcsc	2	9	8	26	0.7222222222222222	1.0
chr14:75134700	wtdmso	wtcsc	6	21	5	15	0.8571428571428571	1.0
chr14:75134762	wtdmso	wtcsc	6	16	19	24	0.47368421052631576	0.2813659776730164
chr14:75134838	wtdmso	wtcsc	4	10	7	25	1.4285714285714286	0.7130107622805864
chr14:75147734	wtdmso	wtcsc	1	6	10	25	0.4166666666666667	0.6536069618547153
chr14:77708195	wtdmso	wtcsc	1	1	16	24	1.5	1.0
chr14:77710850	wtdmso	wtcsc	7	4	12	21	3.0625	0.16393300326936172
chr14:77715830	wtdmso	wtcsc	1	1	17	22	1.2941176470588236	1.0
chr14:77717562	wtdmso	wtcsc	1	1	17	23	1.3529411764705883	1.0
chr14:77717590	wtdmso	wtcsc	1	5	9	8	0.17777777777777778	0.17902463669054058
chr14:90272410	wtdmso	wtcsc	3	1	7	16	6.857142857142857	0.1282051282051282
chr14:90401351	wtdmso	wtcsc	1	4	9	28	0.7777777777777778	1.0
chr14:90403893	wtdmso	wtcsc	2	1	9	32	7.111111111111111	0.14950166112956806
chr14:90404407	wtdmso	wtcsc	1	9	11	21	0.21212121212121213	0.23334597690861375
chr14:90404705	wtdmso	wtcsc	1	15	9	16	0.11851851851851852	0.05924841947646448
chr14:94127840	wtdmso	wtcsc	2	9	9	24	0.5925925925925926	0.7012929405558068
chr14:94127981	wtdmso	wtcsc	1	3	10	33	1.1	1.0
chr15:100915755	wtdmso	wtcsc	1	3	19	39	0.6842105263157895	1.0
chr15:100915959	wtdmso	wtcsc	4	4	9	41	4.555555555555555	0.06603270010534773
chr15:100916119	wtdmso	wtcsc	3	3	11	52	4.7272727272727275	0.09300444707409246
chr15:100916238	wtdmso	wtcsc	3	4	26	55	1.5865384615384615	0.6798228247144931
chr15:22869506	wtdmso	wtcsc	2	3	11	21	1.2727272727272727	1.0
chr15:22869880	wtdmso	wtcsc	1	1	9	17	1.8888888888888888	1.0
chr15:22869952	wtdmso	wtcsc	3	8	10	25	0.9375	1.0
chr15:22873509	wtdmso	wtcsc	1	3	9	22	0.8148148148148148	1.0
chr15:22873622	wtdmso	wtcsc	2	2	9	11	1.2222222222222223	1.0
chr15:34341778	wtdmso	wtcsc	1	8	22	30	0.17045454545454544	0.1344255063983471
chr15:34341897	wtdmso	wtcsc	5	12	6	10	0.6944444444444444	0.7206815946865277
chr15:34341906	wtdmso	wtcsc	1	3	23	34	0.4927536231884058	1.0
chr15:34341955	wtdmso	wtcsc	2	13	22	28	0.1958041958041958	0.036291011916210786
chr15:34342090	wtdmso	wtcsc	2	1	10	32	6.4	0.1689922480620155
chr15:40036085	wtdmso	wtcsc	2	3	28	43	1.0238095238095237	1.0
chr15:40036436	wtdmso	wtcsc	1	1	27	45	1.6666666666666667	1.0
chr15:40036441	wtdmso	wtcsc	1	2	30	46	0.7666666666666667	1.0
chr15:40038382	wtdmso	wtcsc	3	8	22	36	0.6136363636363636	0.7342074688610344
chr15:40844708	wtdmso	wtcsc	2	2	8	14	1.75	0.6254180602006688
chr15:40853231	wtdmso	wtcsc	1	2	14	21	0.75	1.0
chr15:40853511	wtdmso	wtcsc	6	12	10	22	1.1	1.0
chr15:40853520	wtdmso	wtcsc	1	4	15	29	0.48333333333333334	1.0
chr15:40853557	wtdmso	wtcsc	2	1	16	31	3.875	0.2914285714285714
chr15:40853567	wtdmso	wtcsc	2	2	16	33	2.0625	0.597677793904209
chr15:40853579	wtdmso	wtcsc	3	5	14	30	1.2857142857142858	1.0
chr15:40854683	wtdmso	wtcsc	4	6	9	17	1.2592592592592593	1.0
chr15:40855919	wtdmso	wtcsc	7	11	13	17	0.8321678321678322	1.0
chr15:40855967	wtdmso	wtcsc	14	21	18	17	0.6296296296296297	0.4719762365156194
chr15:40856011	wtdmso	wtcsc	1	1	18	36	2.0	1.0
chr15:40856853	wtdmso	wtcsc	2	2	30	28	0.9333333333333333	1.0
chr15:40856931	wtdmso	wtcsc	4	11	25	32	0.46545454545454545	0.25552705328734265
chr15:40857045	wtdmso	wtcsc	13	20	31	39	0.817741935483871	0.6749229108897199
chr15:40857053	wtdmso	wtcsc	3	12	32	40	0.3125	0.09138891012402081
chr15:40857058	wtdmso	wtcsc	35	43	6	12	1.627906976744186	0.4361463060788139
chr15:40857198	wtdmso	wtcsc	3	4	33	46	1.0454545454545454	1.0
chr15:40857207	wtdmso	wtcsc	10	9	13	16	1.3675213675213675	0.768564097503429
chr15:40857312	wtdmso	wtcsc	1	2	48	60	0.625	1.0
chr15:40857382	wtdmso	wtcsc	4	4	6	13	2.1666666666666665	0.4146684233640755
chr15:40857552	wtdmso	wtcsc	1	3	47	55	0.3900709219858156	0.6246577383049265
chr15:43746625	wtdmso	wtcsc	9	16	29	70	1.3577586206896552	0.627832899999544
chr15:43756752	wtdmso	wtcsc	2	3	40	93	1.55	0.6400453349583034
chr15:43756759	wtdmso	wtcsc	2	7	45	93	0.5904761904761905	0.7190763405981537
chr15:43761457	wtdmso	wtcsc	11	13	36	90	2.1153846153846154	0.1478683980946728
chr15:43761479	wtdmso	wtcsc	13	29	34	63	0.8306288032454361	0.6992955899043212
chr15:43763145	wtdmso	wtcsc	2	11	41	94	0.41685144124168516	0.3477252639776302
chr15:43765496	wtdmso	wtcsc	6	14	28	83	1.2704081632653061	0.7819974839370156
chr15:43765501	wtdmso	wtcsc	2	7	45	114	0.7238095238095238	1.0
chr15:43765528	wtdmso	wtcsc	1	7	46	109	0.3385093167701863	0.4404486011676799
chr15:43765915	wtdmso	wtcsc	1	1	47	109	2.3191489361702127	0.5166491977747318
chr15:43765942	wtdmso	wtcsc	3	11	44	100	0.6198347107438017	0.5576102340788794
chr15:43765969	wtdmso	wtcsc	1	11	46	98	0.19367588932806323	0.1088315477899498
chr15:43766811	wtdmso	wtcsc	9	21	44	110	1.0714285714285714	1.0
chr15:43766869	wtdmso	wtcsc	23	49	40	83	0.9739795918367347	1.0
chr15:43768563	wtdmso	wtcsc	35	69	47	65	0.7015109466543324	0.2616395937167849
chr15:43769611	wtdmso	wtcsc	1	3	85	139	0.5450980392156862	1.0
chr15:43769633	wtdmso	wtcsc	4	12	81	137	0.5637860082304527	0.4248276310736746
chr15:43771230	wtdmso	wtcsc	1	4	98	159	0.40561224489795916	0.6528196404449029
chr15:43771248	wtdmso	wtcsc	45	69	55	82	0.9723320158102767	1.0
chr15:43771271	wtdmso	wtcsc	1	2	95	160	0.8421052631578947	1.0
chr15:43771284	wtdmso	wtcsc	8	24	104	154	0.4935897435897436	0.12305949382577086
chr15:43771290	wtdmso	wtcsc	8	20	103	158	0.6135922330097088	0.3102749566730347
chr15:43771327	wtdmso	wtcsc	6	11	99	155	0.8539944903581267	1.0
chr15:43771368	wtdmso	wtcsc	9	18	104	162	0.7788461538461539	0.6795289479488154
chr15:43771405	wtdmso	wtcsc	10	24	87	121	0.5795019157088123	0.19083742285225874
chr15:43771511	wtdmso	wtcsc	8	39	70	80	0.23443223443223443	0.0002783792153189949
chr15:43771517	wtdmso	wtcsc	18	26	74	127	1.1881496881496882	0.6106903745850218
chr15:43793711	wtdmso	wtcsc	11	24	81	114	0.6450617283950617	0.3489722102606445
chr15:43793763	wtdmso	wtcsc	6	9	82	127	1.032520325203252	1.0
chr15:44711529	wtdmso	wtcsc	1	1	43	42	0.9767441860465116	1.0
chr15:44715527	wtdmso	wtcsc	8	8	116	126	1.0862068965517242	1.0
chr15:44715572	wtdmso	wtcsc	2	2	117	135	1.1538461538461537	1.0
chr15:44715590	wtdmso	wtcsc	48	57	61	51	0.7040552200172563	0.22254497796475584
chr15:44715662	wtdmso	wtcsc	32	24	102	117	1.5294117647058822	0.17885803000500966
chr15:44715670	wtdmso	wtcsc	9	21	126	120	0.40816326530612246	0.03334350678686655
chr15:44717730	wtdmso	wtcsc	10	20	103	105	0.5097087378640777	0.11852194013482217
chr15:44717884	wtdmso	wtcsc	21	39	125	116	0.4996923076923077	0.021227066279908557
chr15:44717996	wtdmso	wtcsc	1	2	114	129	0.5657894736842105	1.0
chr15:45669970	wtdmso	wtcsc	1	2	9	9	0.5	1.0
chr15:45676206	wtdmso	wtcsc	2	3	8	8	0.6666666666666666	1.0
chr15:45676275	wtdmso	wtcsc	1	1	9	10	1.1111111111111112	1.0
chr15:45691117	wtdmso	wtcsc	4	3	6	19	4.222222222222222	0.16545449359687403
chr15:45691155	wtdmso	wtcsc	2	2	18	20	1.1111111111111112	1.0
chr15:45691185	wtdmso	wtcsc	5	6	5	15	2.5	0.42321643148649
chr15:60347351	wtdmso	wtcsc	15	25	149	252	1.014765100671141	1.0
chr15:60347393	wtdmso	wtcsc	4	14	247	387	0.4476576055523424	0.21887702979136725
chr15:60347431	wtdmso	wtcsc	68	141	171	259	0.7304549790552031	0.08173753698744352
chr15:60347563	wtdmso	wtcsc	1	2	245	396	0.8081632653061225	1.0
chr15:60347576	wtdmso	wtcsc	1	3	211	369	0.5829383886255924	1.0
chr15:60347633	wtdmso	wtcsc	8	38	239	367	0.32327681127504954	0.0025369981053006106
chr15:60347684	wtdmso	wtcsc	2	14	202	332	0.2347949080622348	0.062178957266986024
chr15:60349138	wtdmso	wtcsc	1	6	219	355	0.2701674277016743	0.26245941334133543
chr15:60351202	wtdmso	wtcsc	14	60	230	339	0.34391304347826085	0.00030971972683672304
chr15:60351235	wtdmso	wtcsc	8	31	228	353	0.39954725523486134	0.025585210644147344
chr15:60351728	wtdmso	wtcsc	23	58	174	295	0.6723147047166073	0.1670945956364949
chr15:60351785	wtdmso	wtcsc	8	4	213	391	3.671361502347418	0.03302227900711193
chr15:60352412	wtdmso	wtcsc	2	12	203	328	0.26929392446633826	0.09259047746713192
chr15:60352442	wtdmso	wtcsc	30	69	210	332	0.6873706004140787	0.11535721184500033
chr15:60354174	wtdmso	wtcsc	63	112	146	250	0.9631849315068494	0.8512185118737012
chr15:60355949	wtdmso	wtcsc	20	57	146	251	0.6032203797164143	0.08915002401634639
chr15:60355961	wtdmso	wtcsc	11	30	99	170	0.6296296296296297	0.2928627824393297
chr15:60355973	wtdmso	wtcsc	1	2	182	310	0.8516483516483516	1.0
chr15:60355989	wtdmso	wtcsc	4	36	189	334	0.19635508524397413	0.00043583454282200313
chr15:60357187	wtdmso	wtcsc	9	34	169	300	0.4698920988513749	0.06439091703332321
chr15:60357216	wtdmso	wtcsc	16	41	167	300	0.7010369504892654	0.303341754302363
chr15:60357226	wtdmso	wtcsc	9	20	157	305	0.8742038216560509	0.8413503868454468
chr15:60360984	wtdmso	wtcsc	1	3	147	291	0.6598639455782312	1.0
chr15:60361051	wtdmso	wtcsc	24	69	123	241	0.6815129020855426	0.1711219614223166
chr15:60364436	wtdmso	wtcsc	16	11	133	291	3.1825017088174983	0.005078047964889211
chr15:60364490	wtdmso	wtcsc	6	27	72	155	0.4783950617283951	0.15396277659613594
chr15:60382367	wtdmso	wtcsc	9	22	137	268	0.8002654280026543	0.6947343793603373
chr15:60382394	wtdmso	wtcsc	1	2	137	292	1.0656934306569343	1.0
chr15:63154022	wtdmso	wtcsc	1	1	22	12	0.5454545454545454	1.0
chr15:64155853	wtdmso	wtcsc	12	46	36	81	0.5869565217391305	0.2077904208485858
chr15:64155869	wtdmso	wtcsc	1	4	56	136	0.6071428571428571	1.0
chr15:64155886	wtdmso	wtcsc	41	98	13	25	0.804552590266876	0.5587111990434396
chr15:64155918	wtdmso	wtcsc	6	30	53	96	0.3622641509433962	0.029738242602623408
chr15:64155995	wtdmso	wtcsc	6	26	54	119	0.5085470085470085	0.2049267730220219
chr15:64156012	wtdmso	wtcsc	14	39	57	118	0.7431399010346379	0.49858891763382074
chr15:64156071	wtdmso	wtcsc	3	5	66	145	1.3181818181818181	0.7091214615828372
chr15:64156110	wtdmso	wtcsc	4	5	55	131	1.9054545454545455	0.4576626804256267
chr15:64156777	wtdmso	wtcsc	4	4	47	131	2.7872340425531914	0.2177965518110287
chr15:64156865	wtdmso	wtcsc	3	15	67	136	0.4059701492537313	0.1922100978882823
chr15:64156872	wtdmso	wtcsc	3	13	64	128	0.46153846153846156	0.2780097550677256
chr15:64160129	wtdmso	wtcsc	3	12	62	148	0.5967741935483871	0.5629032780396848
chr15:64160150	wtdmso	wtcsc	6	16	62	141	0.8528225806451613	1.0
chr15:64160177	wtdmso	wtcsc	1	2	69	158	1.144927536231884	1.0
chr15:64162087	wtdmso	wtcsc	1	10	63	141	0.22380952380952382	0.18009792209216635
chr15:64162143	wtdmso	wtcsc	6	22	64	141	0.6008522727272727	0.380907667798424
chr15:64162899	wtdmso	wtcsc	3	6	56	132	1.1785714285714286	1.0
chr15:64963385	wtdmso	wtcsc	1	1	10	10	1.0	1.0
chr15:64963439	wtdmso	wtcsc	2	1	9	10	2.2222222222222223	1.0
chr15:64963487	wtdmso	wtcsc	7	7	3	3	1.0	1.0
chr15:65877848	wtdmso	wtcsc	2	6	10	12	0.4	0.41915196248029835
chr15:65887832	wtdmso	wtcsc	1	4	11	14	0.3181818181818182	0.6220790703549325
chr15:66499343	wtdmso	wtcsc	8	17	263	452	0.8087676135092821	0.6790862583555026
chr15:66499363	wtdmso	wtcsc	90	179	207	301	0.731114889482633	0.05237724336050132
chr15:66499405	wtdmso	wtcsc	29	75	338	534	0.610887573964497	0.03222405511923754
chr15:66499472	wtdmso	wtcsc	5	13	356	596	0.6439066551426103	0.46951384422134107
chr15:66500080	wtdmso	wtcsc	29	58	306	525	0.8578431372549019	0.5598618897159402
chr15:66500093	wtdmso	wtcsc	2	8	347	592	0.4265129682997118	0.33981801560148006
chr15:66500131	wtdmso	wtcsc	2	12	340	597	0.2926470588235294	0.10004483140289125
chr15:66500143	wtdmso	wtcsc	56	107	296	495	0.8752210154079313	0.4771388047664975
chr15:66500954	wtdmso	wtcsc	20	38	292	526	0.9480894015861572	0.8882442519785834
chr15:66501024	wtdmso	wtcsc	62	115	243	401	0.8896761495795312	0.5393946194943411
chr15:66501074	wtdmso	wtcsc	58	92	258	458	1.119143916413886	0.5759917114480606
chr15:66501814	wtdmso	wtcsc	2	11	250	449	0.3265454545454545	0.15330707158394297
chr15:66501843	wtdmso	wtcsc	1	3	295	513	0.5796610169491525	1.0
chr15:66501886	wtdmso	wtcsc	120	242	173	284	0.814025701046195	0.16424642091677605
chr15:66502685	wtdmso	wtcsc	116	175	158	313	1.313128390596745	0.08738382680587528
chr15:66503058	wtdmso	wtcsc	2	1	263	480	3.650190114068441	0.2886428419275321
chr15:66503089	wtdmso	wtcsc	19	43	233	420	0.7964866753168979	0.4879421392815812
chr15:66503155	wtdmso	wtcsc	1	2	199	372	0.9346733668341709	1.0
chr15:66503385	wtdmso	wtcsc	102	179	113	204	1.0287239827952737	0.9319781387732595
chr15:66503419	wtdmso	wtcsc	36	98	205	335	0.600298656047785	0.020300901993098242
chr15:69453011	wtdmso	wtcsc	80	70	258	296	1.311184939091916	0.16692300633579787
chr15:69455222	wtdmso	wtcsc	7	14	275	334	0.6072727272727273	0.3733035039191984
chr15:69455481	wtdmso	wtcsc	8	28	377	382	0.28950359984842744	0.0017365405482775982
chr15:69455502	wtdmso	wtcsc	21	36	338	332	0.5729783037475346	0.05370582959785515
chr15:69455540	wtdmso	wtcsc	56	74	93	80	0.6509735541993606	0.08148884869266673
chr15:72199129	wtdmso	wtcsc	1	2	171	200	0.5847953216374269	1.0
chr15:72199305	wtdmso	wtcsc	37	39	159	178	1.0620867601999677	0.8989051697293136
chr15:72199366	wtdmso	wtcsc	10	17	186	204	0.6451612903225806	0.3230108713474671
chr15:72199401	wtdmso	wtcsc	54	79	130	122	0.6414800389483933	0.04219948302338453
chr15:72199467	wtdmso	wtcsc	10	11	93	105	1.0263929618768328	1.0
chr15:72199531	wtdmso	wtcsc	18	28	156	177	0.7293956043956044	0.3476259004659089
chr15:72199569	wtdmso	wtcsc	69	101	104	98	0.6437547600913938	0.03756059217537426
chr15:72199645	wtdmso	wtcsc	9	18	113	138	0.6106194690265486	0.30887233242349454
chr15:72199708	wtdmso	wtcsc	2	10	155	188	0.24258064516129033	0.07368446584510933
chr15:72200490	wtdmso	wtcsc	12	34	146	166	0.40128928283642223	0.010397730689424053
chr15:72200502	wtdmso	wtcsc	5	15	130	159	0.4076923076923077	0.10334404847999462
chr15:72200535	wtdmso	wtcsc	5	16	124	142	0.35786290322580644	0.0661606105341783
chr15:72200587	wtdmso	wtcsc	2	4	147	167	0.5680272108843537	0.6890415444387565
chr15:72202569	wtdmso	wtcsc	30	33	101	120	1.08010801080108	0.8861913972377193
chr15:72206761	wtdmso	wtcsc	3	12	115	153	0.33260869565217394	0.10681664929881185
chr15:72208665	wtdmso	wtcsc	13	28	74	110	0.6901544401544402	0.376579800670321
chr15:72208782	wtdmso	wtcsc	3	5	52	107	1.2346153846153847	0.7192748197871008
chr15:72208806	wtdmso	wtcsc	21	46	38	60	0.7208237986270023	0.4085295921557125
chr15:72208827	wtdmso	wtcsc	9	21	51	90	0.7563025210084033	0.6740625200238131
chr15:72209749	wtdmso	wtcsc	3	17	42	90	0.37815126050420167	0.18791800327354724
chr15:72209758	wtdmso	wtcsc	7	12	33	89	1.5732323232323233	0.4160649613664862
chr15:72209773	wtdmso	wtcsc	4	8	36	88	1.2222222222222223	0.7474314506818871
chr15:72210363	wtdmso	wtcsc	24	50	20	54	1.296	0.5898126710531533
chr15:72210376	wtdmso	wtcsc	4	11	36	84	0.8484848484848485	1.0
chr15:72210386	wtdmso	wtcsc	1	5	41	96	0.4682926829268293	0.6708137903050275
chr15:72210422	wtdmso	wtcsc	1	9	37	87	0.26126126126126126	0.2809403669196478
chr15:72217416	wtdmso	wtcsc	8	34	25	55	0.5176470588235295	0.19873479164249647
chr15:72217430	wtdmso	wtcsc	14	27	28	75	1.3888888888888888	0.42226957036660706
chr15:72218966	wtdmso	wtcsc	2	18	35	75	0.23809523809523808	0.05906199920063368
chr15:72218996	wtdmso	wtcsc	1	3	34	87	0.8529411764705882	1.0
chr15:72219026	wtdmso	wtcsc	2	1	33	83	5.03030303030303	0.20643198609300306
chr15:72219054	wtdmso	wtcsc	1	3	34	86	0.8431372549019608	1.0
chr15:72219069	wtdmso	wtcsc	7	12	27	76	1.6419753086419753	0.40518083457686366
chr15:72219108	wtdmso	wtcsc	6	17	29	74	0.9006085192697769	1.0
chr15:74920280	wtdmso	wtcsc	15	12	13	5	0.4807692307692308	0.35126618376551977
chr15:74920307	wtdmso	wtcsc	6	10	34	36	0.6352941176470588	0.5799289037184678
chr15:74920397	wtdmso	wtcsc	10	12	26	21	0.6730769230769231	0.6056636674731128
chr15:74923666	wtdmso	wtcsc	1	2	40	39	0.4875	1.0
chr15:74923677	wtdmso	wtcsc	6	9	34	33	0.6470588235294118	0.571071592058666
chr15:74923701	wtdmso	wtcsc	13	17	29	33	0.8701825557809331	0.8253328818903871
chr15:74923722	wtdmso	wtcsc	2	8	42	44	0.2619047619047619	0.10318830914266988
chr15:74923758	wtdmso	wtcsc	6	6	36	44	1.2222222222222223	0.7658158822395078
chr15:74929160	wtdmso	wtcsc	1	1	39	33	0.8461538461538461	1.0
chr15:74937932	wtdmso	wtcsc	2	1	37	29	1.5675675675675675	1.0
chr15:78897333	wtdmso	wtcsc	1	1	10	33	3.3	0.43333333333333346
chr15:78897458	wtdmso	wtcsc	3	13	10	22	0.5076923076923077	0.49725998782485725
chr15:79313784	wtdmso	wtcsc	1	3	15	31	0.6888888888888889	1.0
chr15:79313982	wtdmso	wtcsc	2	11	16	30	0.3409090909090909	0.3068285364999323
chr15:79322026	wtdmso	wtcsc	2	3	15	41	1.8222222222222222	0.6120843878962816
chr15:79322062	wtdmso	wtcsc	3	8	12	29	0.90625	1.0
chr15:79322392	wtdmso	wtcsc	1	2	17	43	1.2647058823529411	1.0
chr15:79322442	wtdmso	wtcsc	7	16	10	27	1.18125	0.7771072811273128
chr15:79322521	wtdmso	wtcsc	5	11	13	44	1.5384615384615385	0.5207143765430606
chr15:79322689	wtdmso	wtcsc	7	9	7	37	4.111111111111111	0.03792041800587739
chr15:79322743	wtdmso	wtcsc	1	7	15	25	0.23809523809523808	0.23953474220736887
chr15:79322754	wtdmso	wtcsc	3	11	15	40	0.7272727272727273	0.7470954837596053
chr15:82372267	wtdmso	wtcsc	2	4	9	36	2.0	0.598095223288205
chr15:82372332	wtdmso	wtcsc	1	17	9	29	0.1895424836601307	0.1426224632739515
chr15:82536759	wtdmso	wtcsc	6	4	18	12	1.0	1.0
chr15:82536809	wtdmso	wtcsc	4	8	101	115	0.5693069306930693	0.5536957047312787
chr15:82536879	wtdmso	wtcsc	2	2	104	134	1.2884615384615385	1.0
chr15:82538330	wtdmso	wtcsc	2	7	79	89	0.321880650994575	0.18281556656430042
chr15:82540043	wtdmso	wtcsc	8	5	96	117	1.95	0.2673067174682459
chr15:82540437	wtdmso	wtcsc	1	1	49	54	1.1020408163265305	1.0
chr15:84669819	wtdmso	wtcsc	3	8	17	22	0.4852941176470588	0.4894931749107803
chr15:84670740	wtdmso	wtcsc	1	2	20	33	0.825	1.0
chr15:84680778	wtdmso	wtcsc	3	3	17	31	1.8235294117647058	0.6588305375367371
chr15:84687761	wtdmso	wtcsc	1	1	20	34	1.7	1.0
chr15:84691568	wtdmso	wtcsc	2	2	20	34	1.7	0.6297640653357532
chr15:84716034	wtdmso	wtcsc	1	4	9	29	0.8055555555555556	1.0
chr15:88899078	wtdmso	wtcsc	1	3	20	26	0.43333333333333335	0.6297872340425532
chr15:88899125	wtdmso	wtcsc	2	5	12	23	0.7666666666666667	1.0
chr15:90228629	wtdmso	wtcsc	4	7	26	9	0.1978021978021978	0.031903202514198176
chr15:90228649	wtdmso	wtcsc	3	1	26	16	1.8461538461538463	1.0
chr15:90228944	wtdmso	wtcsc	2	2	28	13	0.4642857142857143	0.5912614517265681
chr15:90229048	wtdmso	wtcsc	3	3	25	15	0.6	0.6655561509195383
chr15:90229217	wtdmso	wtcsc	6	7	23	20	0.7453416149068323	0.7555408353626474
chr15:90229266	wtdmso	wtcsc	3	2	9	8	1.3333333333333333	1.0
chr15:90229279	wtdmso	wtcsc	22	12	12	7	1.0694444444444444	1.0
chr15:90229318	wtdmso	wtcsc	3	4	30	25	0.625	0.6959681782951403
chr15:90229346	wtdmso	wtcsc	5	7	27	22	0.582010582010582	0.5234538168424058
chr15:90229382	wtdmso	wtcsc	21	12	10	2	0.35	0.2872296705212383
chr15:90229416	wtdmso	wtcsc	2	3	28	26	0.6190476190476191	0.6707485199902683
chr15:90229462	wtdmso	wtcsc	12	6	22	12	1.0909090909090908	1.0
chr15:90229477	wtdmso	wtcsc	9	6	23	13	0.8478260869565217	1.0
chr15:90229481	wtdmso	wtcsc	8	5	23	13	0.9043478260869565	1.0
chr15_KI270850v1_alt:161432	wtdmso	wtcsc	2	7	8	24	0.8571428571428571	1.0
chr16:11548159	wtdmso	wtcsc	3	4	9	7	0.5833333333333334	0.6668461434917216
chr16:11548403	wtdmso	wtcsc	8	6	3	5	2.2222222222222223	0.6594427244582043
chr16:1314021	wtdmso	wtcsc	6	14	4	15	1.6071428571428572	0.7164265551362325
chr16:1314028	wtdmso	wtcsc	3	7	8	21	1.125	1.0
chr16:1314053	wtdmso	wtcsc	1	1	10	16	1.6	1.0
chr16:1314335	wtdmso	wtcsc	2	5	8	24	1.2	1.0
chr16:1314344	wtdmso	wtcsc	1	14	10	12	0.08571428571428572	0.013600952912606384
chr16:1315653	wtdmso	wtcsc	3	6	8	22	1.375	0.6926967914683885
chr16:1324841	wtdmso	wtcsc	2	5	9	25	1.1111111111111112	1.0
chr16:1349330	wtdmso	wtcsc	6	8	9	6	0.5	0.4660922247854401
chr16:1349376	wtdmso	wtcsc	6	2	10	13	3.9	0.2199728092942776
chr16:1349385	wtdmso	wtcsc	9	3	7	11	4.714285714285714	0.07171677319235117
chr16:1349440	wtdmso	wtcsc	3	11	11	3	0.0743801652892562	0.007028212759805167
chr16:1349569	wtdmso	wtcsc	1	1	14	11	0.7857142857142857	1.0
chr16:1350167	wtdmso	wtcsc	2	5	8	5	0.25	0.3498452012383901
chr16:1350173	wtdmso	wtcsc	1	3	13	9	0.23076923076923078	0.3060869565217391
chr16:1350868	wtdmso	wtcsc	5	5	9	8	0.8888888888888888	1.0
chr16:14895851	wtdmso	wtcsc	6	17	4	10	0.8823529411764706	1.0
chr16:1770408	wtdmso	wtcsc	4	3	8	8	1.3333333333333333	1.0
chr16:1770531	wtdmso	wtcsc	6	8	6	14	1.75	0.48702664796633943
chr16:1770763	wtdmso	wtcsc	1	3	9	9	0.3333333333333333	0.593984962406015
chr16:1770937	wtdmso	wtcsc	1	3	10	8	0.26666666666666666	0.5864661654135339
chr16:1772173	wtdmso	wtcsc	7	21	7	23	1.0952380952380953	1.0
chr16:1772210	wtdmso	wtcsc	1	3	13	40	1.0256410256410255	1.0
chr16:1772251	wtdmso	wtcsc	1	2	11	39	1.7727272727272727	0.5449500554938955
chr16:1772280	wtdmso	wtcsc	1	7	13	29	0.31868131868131866	0.41425467375169417
chr16:1772481	wtdmso	wtcsc	6	15	7	27	1.542857142857143	0.5290867060751363
chr16:1772638	wtdmso	wtcsc	2	2	11	36	3.272727272727273	0.26577430972388955
chr16:1772644	wtdmso	wtcsc	1	8	13	31	0.2980769230769231	0.4161810343322919
chr16:1773009	wtdmso	wtcsc	1	2	10	33	1.65	1.0
chr16:1773042	wtdmso	wtcsc	2	7	12	29	0.6904761904761905	1.0
chr16:1788583	wtdmso	wtcsc	2	3	8	14	1.1666666666666667	1.0
chr16:1788600	wtdmso	wtcsc	1	1	9	15	1.6666666666666667	1.0
chr16:1789138	wtdmso	wtcsc	3	7	7	11	0.673469387755102	0.7029332223840233
chr16:18782968	wtdmso	wtcsc	4	9	13	16	0.5470085470085471	0.5046019662463407
chr16:18783044	wtdmso	wtcsc	5	12	264	326	0.514520202020202	0.22827413548494865
chr16:18783066	wtdmso	wtcsc	12	14	243	323	1.1393298059964727	0.8401809212513585
chr16:18783088	wtdmso	wtcsc	9	7	222	275	1.5926640926640927	0.4464365780961914
chr16:18784782	wtdmso	wtcsc	1	3	237	312	0.4388185654008439	0.6381419338177802
chr16:18788084	wtdmso	wtcsc	32	44	267	319	0.8689138576779026	0.6248259024071674
chr16:18788111	wtdmso	wtcsc	10	19	276	323	0.6159420289855072	0.2551256379800133
chr16:1959640	wtdmso	wtcsc	1	3	19	34	0.5964912280701754	1.0
chr16:1961179	wtdmso	wtcsc	1	5	16	40	0.5	1.0
chr16:1961562	wtdmso	wtcsc	2	4	16	40	1.25	1.0
chr16:1961567	wtdmso	wtcsc	4	5	15	42	2.24	0.2669327655308072
chr16:1961579	wtdmso	wtcsc	5	13	14	30	0.8241758241758241	1.0
chr16:1961630	wtdmso	wtcsc	3	2	14	38	4.071428571428571	0.15088894334177355
chr16:1961802	wtdmso	wtcsc	4	5	16	39	1.95	0.44343130432394506
chr16:1961943	wtdmso	wtcsc	5	15	14	21	0.5	0.37818154786134384
chr16:1962126	wtdmso	wtcsc	40	116	1161	1212	0.35997505123407286	1.1161715198749061e-08
chr16:1962153	wtdmso	wtcsc	11	38	1282	1450	0.3274078331554315	0.0007221406336838417
chr16:1962167	wtdmso	wtcsc	19	61	1405	1564	0.346724228458083	2.136379884228133e-05
chr16:1962204	wtdmso	wtcsc	45	107	1377	1515	0.4627084478651274	1.2442720079726925e-05
chr16:1962225	wtdmso	wtcsc	41	69	1261	1404	0.6615867324069924	0.040745679637629637
chr16:1962240	wtdmso	wtcsc	95	209	1146	1206	0.4783436458829129	7.429700071557962e-09
chr16:1962543	wtdmso	wtcsc	223	330	1028	1236	0.8124867350548285	0.03177425156496124
chr16:1962652	wtdmso	wtcsc	35	57	1263	1425	0.6927949326999209	0.11050713816134033
chr16:1962769	wtdmso	wtcsc	18	46	1340	1498	0.43744321868916286	0.002296641304588401
chr16:1962889	wtdmso	wtcsc	98	142	1203	1380	0.7916827649186892	0.09088515440030775
chr16:1963177	wtdmso	wtcsc	9	30	1208	1368	0.33973509933774837	0.003212082034206088
chr16:1964327	wtdmso	wtcsc	20	26	1138	1318	0.8909017169122617	0.7663190155823043
chr16:1964563	wtdmso	wtcsc	130	260	916	1040	0.5676855895196506	8.535230221957051e-07
chr16:1964655	wtdmso	wtcsc	2	4	11	13	0.5909090909090909	0.6724685276409413
chr16:2175840	wtdmso	wtcsc	1	3	9	8	0.2962962962962963	0.5864661654135339
chr16:2175855	wtdmso	wtcsc	2	3	8	14	1.1666666666666667	1.0
chr16:2175908	wtdmso	wtcsc	3	3	17	13	0.7647058823529411	1.0
chr16:2176565	wtdmso	wtcsc	7	3	15	13	2.022222222222222	0.4694210666860015
chr16:2176606	wtdmso	wtcsc	5	3	17	12	1.1764705882352942	1.0
chr16:2176884	wtdmso	wtcsc	2	2	10	16	1.6	1.0
chr16:21953397	wtdmso	wtcsc	1	1	10	21	2.1	1.0
chr16:21953410	wtdmso	wtcsc	1	1	14	20	1.4285714285714286	1.0
chr16:21957310	wtdmso	wtcsc	2	7	11	17	0.44155844155844154	0.44627965006163006
chr16:21957516	wtdmso	wtcsc	3	7	12	18	0.6428571428571429	0.7148133102642241
chr16:21962828	wtdmso	wtcsc	1	2	12	24	1.0	1.0
chr16:21965493	wtdmso	wtcsc	1	1	13	12	0.9230769230769231	1.0
chr16:21968646	wtdmso	wtcsc	1	1	13	23	1.7692307692307692	1.0
chr16:21971558	wtdmso	wtcsc	1	3	12	23	0.6388888888888888	1.0
chr16:21973930	wtdmso	wtcsc	5	10	23	21	0.45652173913043476	0.24317187599840115
chr16:21983143	wtdmso	wtcsc	2	5	21	29	0.5523809523809524	0.689348350718758
chr16:21983318	wtdmso	wtcsc	2	6	24	27	0.375	0.44584286383393373
chr16:2240036	wtdmso	wtcsc	2	5	17	31	0.7294117647058823	1.0
chr16:2240060	wtdmso	wtcsc	8	13	21	31	0.9084249084249084	1.0
chr16:2243203	wtdmso	wtcsc	2	5	23	32	0.5565217391304348	0.6911250741140407
chr16:2243345	wtdmso	wtcsc	3	1	25	40	4.8	0.29619514610162406
chr16:2243355	wtdmso	wtcsc	6	6	23	36	1.565217391304348	0.5307920248532514
chr16:2243395	wtdmso	wtcsc	1	2	25	38	0.76	1.0
chr16:2243402	wtdmso	wtcsc	2	1	25	38	3.04	0.5627840909090908
chr16:2244520	wtdmso	wtcsc	1	2	26	32	0.6153846153846154	1.0
chr16:2244550	wtdmso	wtcsc	4	5	20	25	1.0	1.0
chr16:2246863	wtdmso	wtcsc	2	2	27	36	1.3333333333333333	1.0
chr16:2246949	wtdmso	wtcsc	11	16	19	24	0.868421052631579	0.8089239323477975
chr16:2246961	wtdmso	wtcsc	1	3	29	33	0.3793103448275862	0.6197552447552448
chr16:23581091	wtdmso	wtcsc	1	4	12	40	0.8333333333333334	1.0
chr16:23581113	wtdmso	wtcsc	5	9	18	37	1.1419753086419753	1.0
chr16:23587223	wtdmso	wtcsc	5	9	8	37	2.5694444444444446	0.26570166946312357
chr16:23596151	wtdmso	wtcsc	1	5	12	42	0.7	1.0
chr16:23596169	wtdmso	wtcsc	1	2	10	22	1.1	1.0
chr16:2519785	wtdmso	wtcsc	1	3	26	35	0.44871794871794873	0.6355414746543779
chr16:2519810	wtdmso	wtcsc	9	12	17	27	1.1911764705882353	0.7910433381233848
chr16:2519928	wtdmso	wtcsc	6	7	18	34	1.619047619047619	0.525979022021492
chr16:2771986	wtdmso	wtcsc	4	12	130	163	0.41794871794871796	0.19429690696159052
chr16:2772004	wtdmso	wtcsc	43	54	99	114	0.9169472502805837	0.8059209187280885
chr16:2772026	wtdmso	wtcsc	12	17	125	164	0.9261176470588235	1.0
chr16:2772098	wtdmso	wtcsc	4	1	138	171	4.956521739130435	0.17955125004102274
chr16:2775528	wtdmso	wtcsc	3	3	130	160	1.2307692307692308	1.0
chr16:2775551	wtdmso	wtcsc	4	7	115	148	0.7354037267080745	0.7612610178538759
chr16:2777052	wtdmso	wtcsc	50	66	94	118	0.9509993552546744	0.9074233955834577
chr16:2777096	wtdmso	wtcsc	2	1	114	161	2.824561403508772	0.572942368127159
chr16:28734541	wtdmso	wtcsc	8	14	18	47	1.492063492063492	0.43524705244535145
chr16:28734579	wtdmso	wtcsc	3	13	22	42	0.4405594405594406	0.3661651147423584
chr16:28734636	wtdmso	wtcsc	1	8	28	61	0.27232142857142855	0.27367587531189547
chr16:28734802	wtdmso	wtcsc	1	9	26	50	0.21367521367521367	0.16091295167178277
chr16:28734833	wtdmso	wtcsc	3	15	27	52	0.3851851851851852	0.17079199050795799
chr16:28735182	wtdmso	wtcsc	2	4	28	57	1.0178571428571428	1.0
chr16:28735196	wtdmso	wtcsc	1	3	27	55	0.6790123456790124	1.0
chr16:28735236	wtdmso	wtcsc	6	8	27	57	1.5833333333333333	0.5429509363989369
chr16:28735281	wtdmso	wtcsc	1	3	32	65	0.6770833333333334	1.0
chr16:28842854	wtdmso	wtcsc	5	9	21	29	0.7671957671957672	0.7647291550881212
chr16:28843006	wtdmso	wtcsc	6	15	42	38	0.3619047619047619	0.08418521284593031
chr16:28843045	wtdmso	wtcsc	7	5	43	54	1.758139534883721	0.3778775046698861
chr16:28843125	wtdmso	wtcsc	2	6	47	51	0.3617021276595745	0.28167616964939257
chr16:28843776	wtdmso	wtcsc	7	12	44	43	0.5700757575757576	0.31910430690683783
chr16:28844016	wtdmso	wtcsc	12	4	25	19	2.28	0.24228183415152474
chr16:28844232	wtdmso	wtcsc	3	4	40	47	0.88125	1.0
chr16:28844249	wtdmso	wtcsc	8	9	40	51	1.1333333333333333	1.0
chr16:28844260	wtdmso	wtcsc	1	1	40	55	1.375	1.0
chr16:28844316	wtdmso	wtcsc	2	4	38	52	0.6842105263157895	1.0
chr16:28844468	wtdmso	wtcsc	2	4	39	54	0.6923076923076923	1.0
chr16:28844495	wtdmso	wtcsc	3	3	35	50	1.4285714285714286	0.6911684301870187
chr16:28844543	wtdmso	wtcsc	1	4	23	44	0.4782608695652174	0.658815638931629
chr16:28844735	wtdmso	wtcsc	1	1	43	54	1.255813953488372	1.0
chr16:28844784	wtdmso	wtcsc	13	15	29	41	1.2252873563218392	0.6590572139865001
chr16:28844793	wtdmso	wtcsc	14	17	26	37	1.1719457013574661	0.8251334695085285
chr16:28844809	wtdmso	wtcsc	20	18	21	36	1.9047619047619047	0.14395419129324877
chr16:28844830	wtdmso	wtcsc	3	5	39	49	0.7538461538461538	1.0
chr16:28845341	wtdmso	wtcsc	2	1	22	34	3.090909090909091	0.5607370266695377
chr16:28845929	wtdmso	wtcsc	5	8	35	41	0.7321428571428571	0.7654926622784963
chr16:28845949	wtdmso	wtcsc	2	1	20	43	4.3	0.2557692307692308
chr16:28846001	wtdmso	wtcsc	2	1	36	51	2.8333333333333335	0.5710929519918284
chr16:28846088	wtdmso	wtcsc	2	5	21	36	0.6857142857142857	1.0
chr16:28846265	wtdmso	wtcsc	1	4	24	38	0.3958333333333333	0.6433914344362108
chr16:29963400	wtdmso	wtcsc	5	5	9	5	0.5555555555555556	0.6784560506124646
chr16:29963511	wtdmso	wtcsc	4	4	25	21	0.84	1.0
chr16:29968065	wtdmso	wtcsc	1	1	27	24	0.8888888888888888	1.0
chr16:29968077	wtdmso	wtcsc	8	5	22	10	0.7272727272727273	0.7324986462731898
chr16:29968086	wtdmso	wtcsc	1	3	28	23	0.27380952380952384	0.33455307794930433
chr16:29971533	wtdmso	wtcsc	3	3	14	24	1.7142857142857142	0.6618809437867861
chr16:30067235	wtdmso	wtcsc	57	101	272	355	0.7365681421083284	0.10469376069145123
chr16:30067278	wtdmso	wtcsc	8	17	316	439	0.6537602382725242	0.4109799883842665
chr16:30067488	wtdmso	wtcsc	20	40	309	412	0.6666666666666666	0.1741478812060263
chr16:30067500	wtdmso	wtcsc	166	177	194	323	1.561477080785136	0.0018803986261140687
chr16:30067529	wtdmso	wtcsc	2	9	345	446	0.28727858293075687	0.12644697230563257
chr16:30067548	wtdmso	wtcsc	224	270	130	197	1.2572079772079772	0.13059957992481686
chr16:30067583	wtdmso	wtcsc	5	8	339	460	0.8480825958702065	1.0
chr16:30068649	wtdmso	wtcsc	3	2	377	499	1.9854111405835544	0.6569246480799995
chr16:30068675	wtdmso	wtcsc	41	47	376	480	1.1136260751471254	0.6531741565136604
chr16:30068687	wtdmso	wtcsc	8	14	399	514	0.7361260293591121	0.5236110689990487
chr16:30068868	wtdmso	wtcsc	43	83	370	469	0.6566916313904265	0.04227715430441098
chr16:30068905	wtdmso	wtcsc	47	90	378	425	0.5871546149323927	0.006917137537206646
chr16:30069351	wtdmso	wtcsc	7	5	381	501	1.8409448818897638	0.38191039378126224
chr16:30069357	wtdmso	wtcsc	43	74	385	469	0.7078624078624078	0.0923059020624099
chr16:30069380	wtdmso	wtcsc	22	38	381	479	0.7278629644978588	0.2826741754638318
chr16:30069529	wtdmso	wtcsc	20	46	461	566	0.5338111855135339	0.021404601389707362
chr16:30069924	wtdmso	wtcsc	43	83	464	560	0.625259659326963	0.01751643491297082
chr16:30069988	wtdmso	wtcsc	89	80	449	618	1.5312360801781737	0.012091934759903434
chr16:30070330	wtdmso	wtcsc	48	72	441	544	0.8223733938019653	0.3320589324338309
chr16:30070396	wtdmso	wtcsc	12	15	362	464	1.025414364640884	1.0
chr16:3021253	wtdmso	wtcsc	10	8	94	181	2.4069148936170213	0.07778640008673537
chr16:3021271	wtdmso	wtcsc	12	44	86	150	0.47568710359408034	0.040174249766852826
chr16:3021619	wtdmso	wtcsc	8	26	112	190	0.521978021978022	0.13381366935725064
chr16:3021825	wtdmso	wtcsc	6	14	119	225	0.8103241296518607	0.8106578250108605
chr16:3021989	wtdmso	wtcsc	32	24	116	251	2.8850574712643677	0.00028294630380691155
chr16:3022029	wtdmso	wtcsc	1	9	56	126	0.25	0.2861161107529286
chr16:3022069	wtdmso	wtcsc	4	8	128	239	0.93359375	1.0
chr16:3022075	wtdmso	wtcsc	21	64	122	211	0.5674948770491803	0.04088409429296025
chr16:3022083	wtdmso	wtcsc	45	101	108	182	0.7508250825082509	0.20277356705815905
chr16:3022146	wtdmso	wtcsc	19	61	131	231	0.5492428982605431	0.0368730238904293
chr16:3022230	wtdmso	wtcsc	8	23	141	264	0.6512488436632747	0.4319950384244446
chr16:3022241	wtdmso	wtcsc	1	1	69	152	2.2028985507246377	0.5302387589383105
chr16:3022286	wtdmso	wtcsc	2	2	105	220	2.0952380952380953	0.5984158128833208
chr16:3022375	wtdmso	wtcsc	1	1	34	59	1.7352941176470589	1.0
chr16:3022743	wtdmso	wtcsc	5	2	33	8	0.6060606060606061	0.6250555758736169
chr16:30743846	wtdmso	wtcsc	1	1	10	9	0.9	1.0
chr16:30743942	wtdmso	wtcsc	1	1	10	9	0.9	1.0
chr16:30744055	wtdmso	wtcsc	7	6	5	5	1.1666666666666667	1.0
chr16:30744118	wtdmso	wtcsc	2	5	10	7	0.28	0.3707093821510298
chr16:31111957	wtdmso	wtcsc	3	1	9	14	4.666666666666667	0.2940170940170941
chr16:31112015	wtdmso	wtcsc	1	1	9	13	1.4444444444444444	1.0
chr16:31112264	wtdmso	wtcsc	2	3	8	12	1.0	1.0
chr16:31112319	wtdmso	wtcsc	2	2	11	12	1.0909090909090908	1.0
chr16:31112381	wtdmso	wtcsc	1	3	11	13	0.3939393939393939	0.613186813186813
chr16:31112456	wtdmso	wtcsc	1	2	11	11	0.5	1.0
chr16:31112523	wtdmso	wtcsc	2	4	9	9	0.5	0.6493952271984309
chr16:3658108	wtdmso	wtcsc	2	7	11	29	0.7532467532467533	1.0
chr16:3658200	wtdmso	wtcsc	3	5	11	32	1.7454545454545454	0.6677644156645081
chr16:3665993	wtdmso	wtcsc	2	3	9	30	2.2222222222222223	0.5855279150798152
chr16:3671760	wtdmso	wtcsc	3	7	7	13	0.7959183673469388	1.0
chr16:56434384	wtdmso	wtcsc	1	1	11	26	2.3636363636363638	0.5263157894736843
chr16:56434790	wtdmso	wtcsc	1	8	14	22	0.19642857142857142	0.23439907596697762
chr16:56439665	wtdmso	wtcsc	5	5	7	23	3.2857142857142856	0.1329160604727368
chr16:56446676	wtdmso	wtcsc	3	10	9	18	0.6	0.715876990387799
chr16:56447790	wtdmso	wtcsc	1	1	11	22	2.0	1.0
chr16:56447870	wtdmso	wtcsc	3	5	8	21	1.575	0.6720202175610146
chr16:56608609	wtdmso	wtcsc	30	39	233	357	1.1786068009243975	0.5192678688131742
chr16:56608994	wtdmso	wtcsc	21	33	218	318	0.9282735613010842	0.884710348022784
chr16:56609361	wtdmso	wtcsc	70	143	74	125	0.8268758268758268	0.4082677069619678
chr16:56609401	wtdmso	wtcsc	1	3	296	486	0.5472972972972973	1.0
chr16:56609427	wtdmso	wtcsc	18	37	232	382	0.8010251630941286	0.5609094353015229
chr16:56609433	wtdmso	wtcsc	15	37	263	450	0.6936594389065872	0.2963138793340675
chr16:56609491	wtdmso	wtcsc	16	40	65	144	0.8861538461538462	0.7472471491047858
chr16:56625801	wtdmso	wtcsc	21	54	117	183	0.6082621082621082	0.08305720745713935
chr16:56625855	wtdmso	wtcsc	3	6	142	237	0.8345070422535211	1.0
chr16:56626978	wtdmso	wtcsc	11	22	143	239	0.8356643356643356	0.7101189134834414
chr16:56627005	wtdmso	wtcsc	8	17	143	242	0.7963800904977375	0.6738048582567323
chr16:56627083	wtdmso	wtcsc	33	75	102	129	0.5564705882352942	0.01768826418331833
chr16:56627087	wtdmso	wtcsc	6	15	118	191	0.6474576271186441	0.48733827432673515
chr16:56627105	wtdmso	wtcsc	7	33	71	125	0.37345283824157066	0.026189034068583535
chr16:56682516	wtdmso	wtcsc	25	71	194	346	0.6279947727602729	0.06296237170714508
chr16:56682544	wtdmso	wtcsc	8	16	208	360	0.8653846153846154	0.8311066649336576
chr16:56684056	wtdmso	wtcsc	5	21	213	388	0.4337133914598703	0.09663767511356663
chr16:56684096	wtdmso	wtcsc	1	6	212	380	0.29874213836477986	0.43074758973776706
chr16:56684134	wtdmso	wtcsc	10	34	169	302	0.5255830142707971	0.09751786460990186
chr16:56684192	wtdmso	wtcsc	2	7	79	145	0.5244122965641953	0.5020632016094937
chr16:57664553	wtdmso	wtcsc	14	5	6	5	2.3333333333333335	0.42527637280260966
chr16:57664559	wtdmso	wtcsc	5	3	6	7	1.9444444444444444	0.6594427244582044
chr16:57664563	wtdmso	wtcsc	3	5	17	6	0.21176470588235294	0.09471682686365669
chr16:57664576	wtdmso	wtcsc	2	2	18	9	0.5	0.6014619418401399
chr16:57664678	wtdmso	wtcsc	1	2	9	9	0.5	1.0
chr16:57664791	wtdmso	wtcsc	7	2	5	10	7.0	0.08937945887737245
chr16:57664970	wtdmso	wtcsc	4	1	8	10	5.0	0.3167701863354037
chr16:58707179	wtdmso	wtcsc	3	7	37	52	0.6023166023166023	0.7356872113168476
chr16:58707343	wtdmso	wtcsc	4	13	8	17	0.6538461538461539	0.7310055925319499
chr16:58707419	wtdmso	wtcsc	11	26	31	38	0.5186104218362283	0.14851814422491172
chr16:58707482	wtdmso	wtcsc	1	8	41	54	0.16463414634146342	0.080463965336702
chr16:58707735	wtdmso	wtcsc	1	4	36	41	0.2847222222222222	0.3717196665637542
chr16:58707842	wtdmso	wtcsc	5	13	36	38	0.405982905982906	0.12297193072918883
chr16:58707881	wtdmso	wtcsc	1	1	36	42	1.1666666666666667	1.0
chr16:58707954	wtdmso	wtcsc	4	11	31	35	0.41055718475073316	0.24779540142875567
chr16:58708001	wtdmso	wtcsc	7	22	29	28	0.3072100313479624	0.021513175887405686
chr16:58708011	wtdmso	wtcsc	6	15	32	36	0.45	0.20655061570859085
chr16:58708100	wtdmso	wtcsc	5	4	27	33	1.5277777777777777	0.7234112894052683
chr16:58708145	wtdmso	wtcsc	7	14	31	37	0.5967741935483871	0.4497881629384046
chr16:58709419	wtdmso	wtcsc	21	17	14	31	2.735294117647059	0.04397562019598561
chr16:58709520	wtdmso	wtcsc	1	6	28	37	0.22023809523809523	0.2296120133358378
chr16:58716037	wtdmso	wtcsc	9	15	17	27	0.9529411764705882	1.0
chr16:58716676	wtdmso	wtcsc	4	2	28	41	2.9285714285714284	0.3920193007980002
chr16:58716717	wtdmso	wtcsc	14	17	16	26	1.338235294117647	0.6327581334493937
chr16:58718225	wtdmso	wtcsc	6	8	24	36	1.125	1.0
chr16:58718238	wtdmso	wtcsc	3	5	21	27	0.7714285714285715	1.0
chr16:58718554	wtdmso	wtcsc	3	4	23	32	1.0434782608695652	1.0
chr16:58718575	wtdmso	wtcsc	1	1	29	38	1.3103448275862069	1.0
chr16:58719227	wtdmso	wtcsc	8	11	20	26	0.9454545454545454	1.0
chr16:58722174	wtdmso	wtcsc	3	9	22	29	0.4393939393939394	0.33366673255820395
chr16:58722191	wtdmso	wtcsc	2	11	21	28	0.24242424242424243	0.1062964428210732
chr16:58722221	wtdmso	wtcsc	3	8	22	23	0.39204545454545453	0.31180358071030034
chr16:58722246	wtdmso	wtcsc	1	2	23	32	0.6956521739130435	1.0
chr16:58723830	wtdmso	wtcsc	1	3	22	33	0.5	1.0
chr16:58723874	wtdmso	wtcsc	1	5	10	28	0.56	1.0
chr16:635319	wtdmso	wtcsc	1	3	9	9	0.3333333333333333	0.593984962406015
chr16:66932251	wtdmso	wtcsc	2	2	14	36	2.5714285714285716	0.5731997685382813
chr16:66932296	wtdmso	wtcsc	1	2	16	35	1.09375	1.0
chr16:66932800	wtdmso	wtcsc	1	6	16	26	0.2708333333333333	0.39651241486320976
chr16:682171	wtdmso	wtcsc	1	3	27	36	0.4444444444444444	0.6345658073270014
chr16:682387	wtdmso	wtcsc	3	9	25	31	0.41333333333333333	0.3335667800630971
chr16:682402	wtdmso	wtcsc	4	4	21	31	1.4761904761904763	0.7081812252647381
chr16:682410	wtdmso	wtcsc	2	5	28	35	0.5	0.6904811272630105
chr16:682481	wtdmso	wtcsc	5	15	24	25	0.3472222222222222	0.10598903341808075
chr16:682607	wtdmso	wtcsc	17	26	9	9	0.6538461538461539	0.5722978352727457
chr16:682614	wtdmso	wtcsc	21	26	6	8	1.0769230769230769	1.0
chr16:68680988	wtdmso	wtcsc	1	4	9	21	0.5833333333333334	1.0
chr16:68682428	wtdmso	wtcsc	1	5	23	26	0.22608695652173913	0.2161585116080121
chr16:68684802	wtdmso	wtcsc	3	2	22	27	1.8409090909090908	0.6533765901135489
chr16:68685245	wtdmso	wtcsc	1	1	29	30	1.0344827586206897	1.0
chr16:68687537	wtdmso	wtcsc	2	3	39	35	0.5982905982905983	0.6674886295139458
chr16:68687568	wtdmso	wtcsc	2	2	27	21	0.7777777777777778	1.0
chr16:68687637	wtdmso	wtcsc	16	19	21	21	0.8421052631578947	0.8196666632116798
chr16:68687646	wtdmso	wtcsc	3	3	23	30	1.3043478260869565	1.0
chr16:68687652	wtdmso	wtcsc	4	4	34	41	1.2058823529411764	1.0
chr16:68687697	wtdmso	wtcsc	2	4	34	40	0.5882352941176471	0.6853174806539231
chr16:68691722	wtdmso	wtcsc	6	13	35	33	0.4351648351648352	0.1931540295978229
chr16:68691791	wtdmso	wtcsc	3	2	34	38	1.6764705882352942	0.6669631738124888
chr16:68691870	wtdmso	wtcsc	4	3	30	32	1.4222222222222223	0.7095902871373347
chr16:68695338	wtdmso	wtcsc	5	6	40	41	0.8541666666666666	1.0
chr16:68695380	wtdmso	wtcsc	8	11	44	45	0.743801652892562	0.619715352834407
chr16:68695777	wtdmso	wtcsc	2	8	50	46	0.23	0.09328622068206503
chr16:68698191	wtdmso	wtcsc	4	8	50	47	0.47	0.3596620128894714
chr16:68698212	wtdmso	wtcsc	1	1	57	57	1.0	1.0
chr16:68698317	wtdmso	wtcsc	2	2	58	56	0.9655172413793104	1.0
chr16:68698423	wtdmso	wtcsc	8	15	45	43	0.5096296296296297	0.24085656601870292
chr16:68698481	wtdmso	wtcsc	28	36	31	27	0.6774193548387096	0.364590869649303
chr16:68698524	wtdmso	wtcsc	2	3	60	59	0.6555555555555556	1.0
chr16:68698595	wtdmso	wtcsc	3	10	51	56	0.32941176470588235	0.13944268276427385
chr16:68698713	wtdmso	wtcsc	41	49	13	12	0.7723704866562009	0.6527766612825674
chr16:68698717	wtdmso	wtcsc	12	22	42	34	0.44155844155844154	0.06462348180727934
chr16:68698728	wtdmso	wtcsc	36	49	26	18	0.5086342229199372	0.09432500057282875
chr16:68698747	wtdmso	wtcsc	3	5	56	53	0.5678571428571428	0.4903074027352596
chr16:68698878	wtdmso	wtcsc	1	1	65	67	1.0307692307692307	1.0
chr16:68698988	wtdmso	wtcsc	12	9	47	54	1.5319148936170213	0.4733663850856863
chr16:68699010	wtdmso	wtcsc	13	18	47	44	0.6761229314420804	0.4083795457402968
chr16:68699027	wtdmso	wtcsc	2	2	13	22	1.6923076923076923	0.6308859466754203
chr16:68835074	wtdmso	wtcsc	5	1	5	13	13.0	0.05008321198252548
chr16:68835248	wtdmso	wtcsc	1	1	10	14	1.4	1.0
chr16:68835263	wtdmso	wtcsc	5	8	5	8	1.0	1.0
chr16:69710909	wtdmso	wtcsc	12	24	46	60	0.6521739130434783	0.33051348510459755
chr16:69711000	wtdmso	wtcsc	13	11	48	75	1.8465909090909092	0.1816525841385194
chr16:69711105	wtdmso	wtcsc	3	12	60	72	0.3	0.0961056827516987
chr16:69711111	wtdmso	wtcsc	5	13	49	69	0.5416012558869702	0.3111587034179857
chr16:69711145	wtdmso	wtcsc	1	3	51	81	0.5294117647058824	1.0
chr16:69711232	wtdmso	wtcsc	2	8	59	81	0.3432203389830508	0.20162611486740953
chr16:69711242	wtdmso	wtcsc	5	4	51	74	1.8137254901960784	0.4901216816054062
chr16:69713055	wtdmso	wtcsc	5	2	55	90	4.090909090909091	0.11325411128885529
chr16:69714972	wtdmso	wtcsc	4	4	47	69	1.4680851063829787	0.7158700274292846
chr16:69714979	wtdmso	wtcsc	1	5	45	66	0.29333333333333333	0.40105572639139925
chr16:69718161	wtdmso	wtcsc	4	1	48	82	6.833333333333333	0.07230780205001106
chr16:69718231	wtdmso	wtcsc	4	10	52	80	0.6153846153846154	0.5673588989350997
chr16:69718240	wtdmso	wtcsc	5	5	49	86	1.7551020408163265	0.5007180064982386
chr16:69718248	wtdmso	wtcsc	7	6	44	76	2.015151515151515	0.24384831674243101
chr16:69718404	wtdmso	wtcsc	14	19	38	64	1.2409972299168974	0.6816714864949533
chr16:69718419	wtdmso	wtcsc	5	9	45	69	0.8518518518518519	1.0
chr16:69726452	wtdmso	wtcsc	9	17	35	62	0.9378151260504202	1.0
chr16:70252401	wtdmso	wtcsc	9	19	8	34	2.013157894736842	0.2602657769346887
chr16:70252518	wtdmso	wtcsc	2	1	32	56	3.5	0.5533275713050995
chr16:70252599	wtdmso	wtcsc	7	14	26	44	0.8461538461538461	0.8016781068417762
chr16:70252605	wtdmso	wtcsc	8	14	21	46	1.251700680272109	0.7938290972453813
chr16:70252637	wtdmso	wtcsc	12	27	5	18	1.6	0.5605246458016327
chr16:70252653	wtdmso	wtcsc	4	21	28	40	0.272108843537415	0.02755879272077226
chr16:70252724	wtdmso	wtcsc	4	19	28	40	0.3007518796992481	0.0456285324959009
chr16:70253949	wtdmso	wtcsc	1	2	11	36	1.6363636363636365	1.0
chr16:70253955	wtdmso	wtcsc	1	6	12	32	0.4444444444444444	0.661831637372803
chr16:70253986	wtdmso	wtcsc	2	4	9	31	1.7222222222222223	0.6187657730975692
chr16:717193	wtdmso	wtcsc	6	10	18	18	0.6	0.5487465945852316
chr16:717204	wtdmso	wtcsc	4	8	23	24	0.5217391304347826	0.5176653126367609
chr16:717452	wtdmso	wtcsc	4	12	22	21	0.3181818181818182	0.08549586765959218
chr16:75577352	wtdmso	wtcsc	1	1	9	10	1.1111111111111112	1.0
chr16:75577397	wtdmso	wtcsc	2	1	8	11	2.75	0.5714285714285713
chr16:75577765	wtdmso	wtcsc	1	2	9	8	0.4444444444444444	1.0
chr16:75577807	wtdmso	wtcsc	2	4	8	8	0.5	0.6461742591773552
chr16:83795301	wtdmso	wtcsc	2	2	8	9	1.125	1.0
chr16:83795433	wtdmso	wtcsc	3	7	7	14	0.8571428571428571	1.0
chr16:83795512	wtdmso	wtcsc	1	1	9	9	1.0	1.0
chr16:83795549	wtdmso	wtcsc	3	4	7	6	0.6428571428571429	1.0
chr16:83795690	wtdmso	wtcsc	2	2	8	9	1.125	1.0
chr16:83796095	wtdmso	wtcsc	5	4	7	18	3.2142857142857144	0.22392527645095855
chr16:83796150	wtdmso	wtcsc	2	1	8	9	2.25	1.0
chr16:83808107	wtdmso	wtcsc	1	10	13	26	0.2	0.1476807803774652
chr16:83809352	wtdmso	wtcsc	1	3	12	27	0.75	1.0
chr16:83809380	wtdmso	wtcsc	6	6	9	31	3.4444444444444446	0.08120463057904126
chr16:83811588	wtdmso	wtcsc	3	4	13	28	1.6153846153846154	0.6717992045316014
chr16:83811610	wtdmso	wtcsc	1	4	11	26	0.5909090909090909	1.0
chr16:83811648	wtdmso	wtcsc	1	2	14	24	0.8571428571428571	1.0
chr16:84565635	wtdmso	wtcsc	7	2	37	42	3.972972972972973	0.1566759261522086
chr16:84565651	wtdmso	wtcsc	7	7	40	41	1.025	1.0
chr16:84565979	wtdmso	wtcsc	4	3	39	40	1.3675213675213675	1.0
chr16:84566092	wtdmso	wtcsc	2	8	36	35	0.24305555555555555	0.09419194950667117
chr16:84566109	wtdmso	wtcsc	2	4	19	35	0.9210526315789473	1.0
chr16:84566131	wtdmso	wtcsc	1	2	35	37	0.5285714285714286	1.0
chr16:84566468	wtdmso	wtcsc	2	2	17	20	1.1764705882352942	1.0
chr16:84566639	wtdmso	wtcsc	1	1	19	19	1.0	1.0
chr16:84566673	wtdmso	wtcsc	2	3	15	7	0.3111111111111111	0.3261488913662826
chr16:84566783	wtdmso	wtcsc	2	1	15	11	1.4666666666666666	1.0
chr16:84617578	wtdmso	wtcsc	1	1	17	10	0.5882352941176471	1.0
chr16:85799710	wtdmso	wtcsc	2	2	45	39	0.8666666666666667	1.0
chr16:85804990	wtdmso	wtcsc	5	10	96	96	0.5	0.28570582785026494
chr16:85805771	wtdmso	wtcsc	27	30	70	72	0.9257142857142857	0.8757590965786819
chr16:85806803	wtdmso	wtcsc	5	2	99	109	2.7525252525252526	0.2673305467544791
chr16:85806815	wtdmso	wtcsc	13	15	87	91	0.9065134099616858	0.8414322449306072
chr16:85806845	wtdmso	wtcsc	11	11	92	102	1.108695652173913	0.8261838711369784
chr16:85806961	wtdmso	wtcsc	5	5	97	102	1.0515463917525774	1.0
chr16:85806986	wtdmso	wtcsc	4	1	26	28	4.3076923076923075	0.35325602140945583
chr16:87830037	wtdmso	wtcsc	5	7	207	275	0.9489302967563837	1.0
chr16:87830132	wtdmso	wtcsc	9	26	229	292	0.44138394356734967	0.03553346868369002
chr16:87830167	wtdmso	wtcsc	9	19	183	265	0.6859361518550474	0.4301493718908298
chr16:87830435	wtdmso	wtcsc	8	15	137	224	0.8720194647201946	0.8278434289051042
chr16:87830473	wtdmso	wtcsc	31	42	186	265	1.0515873015873016	0.8982748026993534
chr16:87830486	wtdmso	wtcsc	105	184	105	129	0.7010869565217391	0.049098947998242264
chr16:87830505	wtdmso	wtcsc	14	31	191	275	0.6502280020266847	0.20752889692225496
chr16:87830556	wtdmso	wtcsc	40	70	150	225	0.8571428571428571	0.5074430903900984
chr16:87830596	wtdmso	wtcsc	9	17	174	256	0.7789046653144016	0.6815344585407918
chr16:87830863	wtdmso	wtcsc	24	57	78	121	0.6531713900134952	0.17059706331174312
chr16:87831037	wtdmso	wtcsc	40	61	113	171	0.9923110401856956	1.0
chr16:87831095	wtdmso	wtcsc	87	138	60	84	0.8826086956521739	0.5869167226396885
chr16:87831136	wtdmso	wtcsc	7	13	128	199	0.8371394230769231	0.8158166317137936
chr16:87831151	wtdmso	wtcsc	74	149	60	69	0.5711409395973155	0.01661328373444846
chr16:87831155	wtdmso	wtcsc	115	183	13	30	1.450189155107188	0.3168570523579508
chr16:87831174	wtdmso	wtcsc	12	23	120	195	0.8478260869565217	0.7163690326167806
chr16:87831199	wtdmso	wtcsc	50	82	61	102	1.0195921631347462	1.0
chr16:87831240	wtdmso	wtcsc	35	43	93	149	1.3040760190047511	0.35273131341040553
chr16:87831263	wtdmso	wtcsc	5	7	87	114	0.9359605911330049	1.0
chr16:87831267	wtdmso	wtcsc	39	99	61	71	0.4585196224540487	0.002525480753464382
chr16:87831309	wtdmso	wtcsc	3	6	123	189	0.7682926829268293	1.0
chr16:87831344	wtdmso	wtcsc	8	24	107	165	0.514018691588785	0.12674085552140368
chr16:87831351	wtdmso	wtcsc	68	117	55	60	0.634032634032634	0.07011692334090719
chr16:87831362	wtdmso	wtcsc	65	94	61	99	1.1222532263690268	0.6477241807524914
chr16:87831401	wtdmso	wtcsc	18	36	89	152	0.8539325842696629	0.6427452066162571
chr16:87831474	wtdmso	wtcsc	4	4	107	183	1.7102803738317758	0.47621670076912875
chr16:87831488	wtdmso	wtcsc	1	6	93	163	0.2921146953405018	0.4271917415385119
chr16:87831684	wtdmso	wtcsc	21	47	85	127	0.6675844806007509	0.19722219389456647
chr16:87831805	wtdmso	wtcsc	5	15	87	161	0.6168582375478927	0.4661940397986823
chr16:87831893	wtdmso	wtcsc	1	2	85	154	0.9058823529411765	1.0
chr16:87832119	wtdmso	wtcsc	1	2	68	134	0.9852941176470589	1.0
chr16:87832132	wtdmso	wtcsc	1	4	67	143	0.5335820895522388	1.0
chr16:87832288	wtdmso	wtcsc	4	10	58	121	0.8344827586206897	1.0
chr16:87832328	wtdmso	wtcsc	3	6	46	107	1.1630434782608696	1.0
chr16:87832335	wtdmso	wtcsc	33	81	24	45	0.7638888888888888	0.41561420842358454
chr16:87832422	wtdmso	wtcsc	4	14	51	112	0.6274509803921569	0.5911828809033424
chr16:87832482	wtdmso	wtcsc	12	27	44	96	0.9696969696969697	1.0
chr16:87832497	wtdmso	wtcsc	2	3	54	123	1.5185185185185186	0.6439836979720476
chr16:87832509	wtdmso	wtcsc	10	21	34	90	1.2605042016806722	0.6573071984980072
chr16:87832526	wtdmso	wtcsc	11	33	33	68	0.6868686868686869	0.43369261781068247
chr16:87832544	wtdmso	wtcsc	2	8	51	104	0.5098039215686274	0.503608209321206
chr16:87832551	wtdmso	wtcsc	13	18	45	106	1.7012345679012346	0.20740719903424096
chr16:87832771	wtdmso	wtcsc	10	32	42	74	0.5505952380952381	0.18058691661213067
chr16:87832810	wtdmso	wtcsc	6	15	47	88	0.7489361702127659	0.6302937377710842
chr16:87832902	wtdmso	wtcsc	16	27	31	61	1.1660692951015532	0.7021710911281258
chr16:87834586	wtdmso	wtcsc	7	32	26	48	0.40384615384615385	0.08094479481659313
chr16:87836612	wtdmso	wtcsc	3	4	29	53	1.3706896551724137	0.6985887336177989
chr16:87838815	wtdmso	wtcsc	6	12	29	48	0.8275862068965517	0.792636078410321
chr16:87839766	wtdmso	wtcsc	5	11	25	36	0.6545454545454545	0.5721744967671575
chr16:87841094	wtdmso	wtcsc	2	2	36	47	1.3055555555555556	1.0
chr16:87841108	wtdmso	wtcsc	3	9	32	45	0.46875	0.3516965062279094
chr16:87851830	wtdmso	wtcsc	9	21	16	27	0.7232142857142857	0.6194476969737202
chr16:87869238	wtdmso	wtcsc	2	11	13	26	0.36363636363636365	0.30042275393326895
chr16:88809482	wtdmso	wtcsc	1	1	12	40	3.3333333333333335	0.42697414395527605
chr16:88809514	wtdmso	wtcsc	5	4	41	88	2.682926829268293	0.15980936140422217
chr16:88809599	wtdmso	wtcsc	2	10	51	94	0.3686274509803922	0.3402319427694481
chr16:88809626	wtdmso	wtcsc	3	11	42	91	0.5909090909090909	0.5517005971747269
chr16:88809762	wtdmso	wtcsc	3	7	31	75	1.0368663594470047	1.0
chr16:88809837	wtdmso	wtcsc	1	4	39	86	0.5512820512820513	1.0
chr16:88810109	wtdmso	wtcsc	2	10	48	80	0.3333333333333333	0.21216239963515676
chr16:88810503	wtdmso	wtcsc	5	9	41	83	1.1246612466124661	1.0
chr16:88811632	wtdmso	wtcsc	2	5	43	83	0.772093023255814	1.0
chr16:89561008	wtdmso	wtcsc	182	276	818	984	0.7932390772828745	0.030809424065664014
chr16:89561607	wtdmso	wtcsc	29	51	1073	1353	0.7170111287758346	0.17047930077568768
chr16:89561641	wtdmso	wtcsc	70	118	1131	1373	0.7201516581995834	0.03977709367509164
chr16:89561699	wtdmso	wtcsc	8	17	1262	1582	0.5899133028805817	0.2324024763807552
chr16:89561743	wtdmso	wtcsc	94	142	1176	1474	0.8297163935996934	0.1935957134762047
chr16:89562342	wtdmso	wtcsc	251	394	962	1138	0.7536065937081166	0.0020558748503277397
chr16:89562348	wtdmso	wtcsc	52	86	1131	1424	0.7612937717187918	0.13510338889630263
chr16:89562364	wtdmso	wtcsc	66	128	1090	1297	0.6135464449541285	0.0020180077976878754
chr16:89562369	wtdmso	wtcsc	46	80	1030	1320	0.7368932038834951	0.11693910573585764
chr16:89563017	wtdmso	wtcsc	189	292	1025	1252	0.7906047444036084	0.02290825312647051
chr16:89563055	wtdmso	wtcsc	272	379	694	857	0.8862393831788492	0.20425394237451766
chr16:89563109	wtdmso	wtcsc	2	4	46	60	0.6521739130434783	0.6987885908403785
chr16:89563143	wtdmso	wtcsc	10	12	32	37	0.9635416666666666	1.0
chr16:89563246	wtdmso	wtcsc	18	22	26	29	0.9125874125874126	0.8382938745016575
chr16:89563289	wtdmso	wtcsc	9	6	22	22	1.5	0.5610148565962135
chr17:1344573	wtdmso	wtcsc	3	6	25	35	0.7	0.7292507098015395
chr17:1344637	wtdmso	wtcsc	1	5	9	30	0.6666666666666666	1.0
chr17:1344669	wtdmso	wtcsc	3	3	23	36	1.565217391304348	0.6763687957996525
chr17:1344941	wtdmso	wtcsc	1	10	12	28	0.23333333333333334	0.24988920038172996
chr17:1345013	wtdmso	wtcsc	1	4	11	34	0.7727272727272727	1.0
chr17:1345349	wtdmso	wtcsc	6	12	7	21	1.5	0.7383194461141739
chr17:1354240	wtdmso	wtcsc	1	3	11	30	0.9090909090909091	1.0
chr17:1354278	wtdmso	wtcsc	1	2	12	33	1.375	1.0
chr17:1354310	wtdmso	wtcsc	4	10	9	24	1.0666666666666667	1.0
chr17:1361289	wtdmso	wtcsc	2	1	10	32	6.4	0.1689922480620155
chr17:1364921	wtdmso	wtcsc	2	6	9	23	0.8518518518518519	1.0
chr17:16381968	wtdmso	wtcsc	7	17	84	91	0.44607843137254904	0.12485229576143704
chr17:16382079	wtdmso	wtcsc	10	12	71	93	1.091549295774648	1.0
chr17:16382159	wtdmso	wtcsc	4	2	78	88	2.2564102564102564	0.4263139889140887
chr17:16382196	wtdmso	wtcsc	15	18	78	98	1.047008547008547	1.0
chr17:16382307	wtdmso	wtcsc	4	11	90	101	0.4080808080808081	0.17859116982708903
chr17:16382387	wtdmso	wtcsc	6	11	87	98	0.6144200626959248	0.4488855532172865
chr17:16382396	wtdmso	wtcsc	1	3	69	88	0.4251207729468599	0.6332397898256508
chr17:16382424	wtdmso	wtcsc	10	17	95	104	0.6439628482972136	0.3129934874926268
chr17:16382535	wtdmso	wtcsc	11	20	90	99	0.605	0.24595192988844922
chr17:16382701	wtdmso	wtcsc	8	14	85	96	0.6453781512605042	0.37470589488914047
chr17:16439365	wtdmso	wtcsc	8	24	170	203	0.3980392156862745	0.02627556584488583
chr17:16439409	wtdmso	wtcsc	27	54	181	210	0.580110497237569	0.036610215770323015
chr17:16439548	wtdmso	wtcsc	1	2	12	15	0.625	1.0
chr17:16439612	wtdmso	wtcsc	3	6	47	47	0.5	0.48945725320204914
chr17:16441082	wtdmso	wtcsc	5	12	195	245	0.5235042735042735	0.3196667801843164
chr17:16441398	wtdmso	wtcsc	10	22	215	260	0.5496828752642706	0.14301270301233296
chr17:16441430	wtdmso	wtcsc	5	4	213	274	1.607981220657277	0.5153638180944142
chr17:16441434	wtdmso	wtcsc	38	65	185	220	0.6952182952182953	0.12006407886439009
chr17:16441484	wtdmso	wtcsc	13	24	186	236	0.6872759856630825	0.30623316395622885
chr17:16441596	wtdmso	wtcsc	7	14	155	181	0.5838709677419355	0.27007058942191875
chr17:16441699	wtdmso	wtcsc	9	15	222	270	0.7297297297297297	0.5322857603782856
chr17:16441890	wtdmso	wtcsc	17	42	213	237	0.4503688799463447	0.007987096441672902
chr17:16441982	wtdmso	wtcsc	49	71	167	195	0.8058530825672598	0.3411552120960546
chr17:18209639	wtdmso	wtcsc	1	2	9	8	0.4444444444444444	1.0
chr17:18209786	wtdmso	wtcsc	2	4	11	8	0.36363636363636365	0.37826086956521743
chr17:18209819	wtdmso	wtcsc	7	8	5	3	0.525	0.6668461434917217
chr17:18245053	wtdmso	wtcsc	4	7	11	22	1.1428571428571428	1.0
chr17:18245242	wtdmso	wtcsc	3	5	13	23	1.0615384615384615	1.0
chr17:18245400	wtdmso	wtcsc	2	4	12	20	0.8333333333333334	1.0
chr17:18245952	wtdmso	wtcsc	1	1	9	9	1.0	1.0
chr17:18245964	wtdmso	wtcsc	4	7	10	17	0.9714285714285714	1.0
chr17:20999960	wtdmso	wtcsc	6	7	17	15	0.7563025210084033	0.7494473486532477
chr17:21000510	wtdmso	wtcsc	4	5	7	6	0.6857142857142857	1.0
chr17:21000850	wtdmso	wtcsc	1	4	9	7	0.19444444444444445	0.3107769423558897
chr17:28720831	wtdmso	wtcsc	1	3	316	453	0.4778481012658228	0.6480086937581732
chr17:28720848	wtdmso	wtcsc	1	4	309	431	0.34870550161812297	0.4081969045948416
chr17:28722727	wtdmso	wtcsc	19	29	268	387	0.9460885229027277	0.880529109882276
chr17:28722756	wtdmso	wtcsc	7	27	320	436	0.35324074074074074	0.012247930092927118
chr17:28722842	wtdmso	wtcsc	1	1	361	505	1.3988919667590027	1.0
chr17:28722865	wtdmso	wtcsc	4	2	321	472	2.940809968847352	0.23084016525914275
chr17:28723881	wtdmso	wtcsc	15	26	270	384	0.8205128205128205	0.6251062420849345
chr17:38753198	wtdmso	wtcsc	7	16	21	23	0.4791666666666667	0.20127610505299187
chr17:38753258	wtdmso	wtcsc	1	5	24	30	0.25	0.38555476944846045
chr17:38753285	wtdmso	wtcsc	2	4	26	34	0.6538461538461539	1.0
chr17:38755908	wtdmso	wtcsc	4	2	25	39	3.12	0.22358969426954312
chr17:38760471	wtdmso	wtcsc	1	2	26	39	0.75	1.0
chr17:38760530	wtdmso	wtcsc	5	11	23	34	0.6719367588932806	0.5729843247029339
chr17:38760537	wtdmso	wtcsc	1	4	25	40	0.4	0.6443613136364217
chr17:38764143	wtdmso	wtcsc	2	6	26	34	0.4358974358974359	0.45524362326573165
chr17:38764162	wtdmso	wtcsc	2	1	23	41	3.5652173913043477	0.5506732073896253
chr17:38850091	wtdmso	wtcsc	2	3	222	250	0.7507507507507507	1.0
chr17:38850096	wtdmso	wtcsc	5	12	186	266	0.5958781362007168	0.452730978600606
chr17:38850174	wtdmso	wtcsc	3	6	340	434	0.638235294117647	0.7385024334170252
chr17:38850197	wtdmso	wtcsc	16	31	335	410	0.6316803081367357	0.17318046012798152
chr17:38850381	wtdmso	wtcsc	23	40	371	465	0.7206873315363881	0.2386446537329172
chr17:38852653	wtdmso	wtcsc	26	19	355	464	1.7885841363973314	0.06472573928716632
chr17:38852680	wtdmso	wtcsc	23	39	230	303	0.7769230769230769	0.41621316746200476
chr17:38852722	wtdmso	wtcsc	5	14	325	432	0.4747252747252747	0.166070163101885
chr17:38853029	wtdmso	wtcsc	19	27	302	387	0.9017660044150111	0.7614758030535189
chr17:38921712	wtdmso	wtcsc	1	2	9	11	0.6111111111111112	1.0
chr17:39201291	wtdmso	wtcsc	4	11	197	394	0.7272727272727273	0.7830066029455196
chr17:39202400	wtdmso	wtcsc	44	122	137	257	0.6765585736508316	0.06047939758788206
chr17:39204139	wtdmso	wtcsc	16	43	190	353	0.6913096695226438	0.25024770522046225
chr17:39204526	wtdmso	wtcsc	2	9	228	443	0.4317738791423002	0.34987695995568785
chr17:39204552	wtdmso	wtcsc	1	2	226	440	0.9734513274336283	1.0
chr17:39204615	wtdmso	wtcsc	4	3	191	422	2.945898778359511	0.21437652266019946
chr17:39204636	wtdmso	wtcsc	1	4	221	428	0.4841628959276018	0.6666182283712317
chr17:39204649	wtdmso	wtcsc	12	27	183	357	0.8670309653916212	0.8609091432605277
chr17:39986692	wtdmso	wtcsc	5	5	6	6	1.0	1.0
chr17:39989806	wtdmso	wtcsc	7	4	14	6	0.75	1.0
chr17:39995061	wtdmso	wtcsc	2	1	24	14	1.1666666666666667	1.0
chr17:39995183	wtdmso	wtcsc	2	1	25	15	1.2	1.0
chr17:39995291	wtdmso	wtcsc	1	1	27	16	0.5925925925925926	1.0
chr17:39997363	wtdmso	wtcsc	4	4	28	19	0.6785714285714286	0.7070903807418789
chr17:39997520	wtdmso	wtcsc	2	2	28	21	0.75	1.0
chr17:39997528	wtdmso	wtcsc	2	7	27	14	0.14814814814814814	0.025312912890091646
chr17:39997731	wtdmso	wtcsc	2	5	25	9	0.144	0.03501543905908476
chr17:39997761	wtdmso	wtcsc	5	6	27	16	0.49382716049382713	0.3242671216221008
chr17:39997878	wtdmso	wtcsc	1	4	34	18	0.1323529411764706	0.0674353598881901
chr17:39997884	wtdmso	wtcsc	12	12	23	13	0.5652173913043478	0.30127781573639834
chr17:40019226	wtdmso	wtcsc	10	31	34	32	0.3036053130929791	0.008264277601068414
chr17:40019293	wtdmso	wtcsc	1	5	46	56	0.24347826086956523	0.22964760326923128
chr17:40019372	wtdmso	wtcsc	5	17	34	32	0.2768166089965398	0.025353430692636195
chr17:40019379	wtdmso	wtcsc	3	7	44	56	0.5454545454545454	0.5116827405373415
chr17:40019495	wtdmso	wtcsc	15	24	27	40	0.9259259259259259	1.0
chr17:40019583	wtdmso	wtcsc	12	16	28	46	1.2321428571428572	0.6562211137614913
chr17:40019636	wtdmso	wtcsc	13	18	29	43	1.0708812260536398	1.0
chr17:40019839	wtdmso	wtcsc	7	15	34	49	0.6725490196078432	0.47274394272026043
chr17:40020283	wtdmso	wtcsc	1	6	40	57	0.2375	0.24046902230090342
chr17:40020292	wtdmso	wtcsc	7	7	35	50	1.4285714285714286	0.5705034550416463
chr17:40022400	wtdmso	wtcsc	1	2	40	61	0.7625	1.0
chr17:40022438	wtdmso	wtcsc	1	2	40	56	0.7	1.0
chr17:40022668	wtdmso	wtcsc	2	1	36	54	3.0	0.5651403295162061
chr17:40022695	wtdmso	wtcsc	5	12	34	49	0.6004901960784313	0.42587280798090066
chr17:40022752	wtdmso	wtcsc	2	1	32	48	3.0	0.564828419368531
chr17:40023206	wtdmso	wtcsc	5	10	19	28	0.7368421052631579	0.7642120763080953
chr17:40023242	wtdmso	wtcsc	1	1	26	40	1.5384615384615385	1.0
chr17:40023302	wtdmso	wtcsc	1	5	9	27	0.6	1.0
chr17:40476003	wtdmso	wtcsc	1	4	39	34	0.21794871794871795	0.1948051948051948
chr17:40476208	wtdmso	wtcsc	4	1	31	31	4.0	0.35827853738301507
chr17:40476659	wtdmso	wtcsc	2	1	10	16	3.2	0.5533661740558291
chr17:41523646	wtdmso	wtcsc	43	92	69	145	0.9821991178323881	1.0
chr17:41523671	wtdmso	wtcsc	14	49	180	416	0.6603174603174603	0.2443572254425681
chr17:41523787	wtdmso	wtcsc	6	27	172	403	0.520671834625323	0.17227593571794306
chr17:41523842	wtdmso	wtcsc	4	15	170	405	0.6352941176470588	0.6091040734574378
chr17:41523980	wtdmso	wtcsc	2	20	169	374	0.22130177514792898	0.0311640531976634
chr17:41524197	wtdmso	wtcsc	9	22	156	383	1.0043706293706294	1.0
chr17:41524254	wtdmso	wtcsc	28	82	134	337	0.8587550054605023	0.5571885592410997
chr17:41524267	wtdmso	wtcsc	17	36	122	309	1.1960382513661203	0.6295237278953842
chr17:41524412	wtdmso	wtcsc	42	70	132	366	1.6636363636363636	0.02731857827304548
chr17:41524448	wtdmso	wtcsc	5	5	157	402	2.5605095541401273	0.15727908677623426
chr17:41524852	wtdmso	wtcsc	4	19	143	358	0.5270518954729481	0.3431049535013924
chr17:41524910	wtdmso	wtcsc	26	79	116	277	0.7859013531209079	0.3946863735640617
chr17:41524922	wtdmso	wtcsc	1	11	135	338	0.22760942760942762	0.1930319111157644
chr17:41524986	wtdmso	wtcsc	9	15	119	315	1.588235294117647	0.3489351027749736
chr17:41525194	wtdmso	wtcsc	7	27	127	303	0.6185476815398075	0.3284002677927693
chr17:41525202	wtdmso	wtcsc	18	48	102	247	0.9080882352941176	0.8823925566952734
chr17:41525250	wtdmso	wtcsc	22	72	93	229	0.752389486260454	0.3589596770847813
chr17:41527831	wtdmso	wtcsc	3	6	90	243	1.35	0.7083363566227934
chr17:41527840	wtdmso	wtcsc	28	67	71	226	1.3302501576623922	0.28058264681854433
chr17:41527960	wtdmso	wtcsc	5	19	95	262	0.7257617728531855	0.6375700158304562
chr17:41527990	wtdmso	wtcsc	7	20	103	276	0.9378640776699029	1.0
chr17:41528243	wtdmso	wtcsc	9	39	68	167	0.5667420814479638	0.15972320138232
chr17:41582339	wtdmso	wtcsc	21	53	489	554	0.44889454798009026	0.0023449803302647097
chr17:41582391	wtdmso	wtcsc	5	7	236	388	1.1743341404358354	0.7722491581137312
chr17:41582438	wtdmso	wtcsc	92	181	469	509	0.5516380214162023	2.619736027416741e-05
chr17:41582529	wtdmso	wtcsc	76	144	444	469	0.557494994994995	0.0001615495526313346
chr17:41583324	wtdmso	wtcsc	25	18	567	711	1.7416225749559082	0.08636335492111899
chr17:41583424	wtdmso	wtcsc	3	8	529	678	0.48062381852551983	0.3656259965022953
chr17:41583438	wtdmso	wtcsc	51	111	459	572	0.5725725725725725	0.002036486978317629
chr17:41583584	wtdmso	wtcsc	138	211	299	438	0.958075100255195	0.7910418961737148
chr17:41583662	wtdmso	wtcsc	55	121	335	475	0.6445047489823609	0.01362064987358252
chr17:41583675	wtdmso	wtcsc	3	6	339	546	0.8053097345132744	1.0
chr17:41583793	wtdmso	wtcsc	51	124	324	485	0.6156660692951016	0.007695715459889145
chr17:41583820	wtdmso	wtcsc	25	59	313	502	0.6795906211079222	0.12562070316931662
chr17:41583850	wtdmso	wtcsc	18	35	307	510	0.8543508608655188	0.6618112324796153
chr17:41584266	wtdmso	wtcsc	17	29	299	542	1.062622534886403	0.8749332371652639
chr17:41584320	wtdmso	wtcsc	6	31	267	481	0.3486770569046756	0.013519169350488571
chr17:41584336	wtdmso	wtcsc	7	23	255	505	0.6027280477408354	0.3232764881379021
chr17:41584340	wtdmso	wtcsc	91	213	174	319	0.7832550860719875	0.12236319377777446
chr17:41584395	wtdmso	wtcsc	78	160	156	306	0.95625	0.800437689186116
chr17:41584405	wtdmso	wtcsc	1	5	185	372	0.40216216216216216	0.6690469473984
chr17:41584986	wtdmso	wtcsc	23	57	160	364	0.9179824561403509	0.795120991121113
chr17:41585010	wtdmso	wtcsc	4	6	181	390	1.4364640883977902	0.7330738270228239
chr17:41585037	wtdmso	wtcsc	7	13	169	371	1.1820664542558035	0.806858694633837
chr17:41586313	wtdmso	wtcsc	1	6	194	421	0.36168384879725085	0.4430821521497116
chr17:41586322	wtdmso	wtcsc	16	40	155	365	0.9419354838709677	1.0
chr17:41586332	wtdmso	wtcsc	4	11	168	367	0.7943722943722944	0.7858533855041127
chr17:41586352	wtdmso	wtcsc	1	4	170	383	0.5632352941176471	1.0
chr17:41586388	wtdmso	wtcsc	51	124	125	266	0.8752258064516129	0.5557850297547517
chr17:41586442	wtdmso	wtcsc	6	11	171	358	1.141945773524721	0.7960634714800914
chr17:41586463	wtdmso	wtcsc	2	28	158	321	0.14511754068716093	0.0018151419529095865
chr17:41586472	wtdmso	wtcsc	16	40	170	364	0.8564705882352941	0.653808051823026
chr17:41586482	wtdmso	wtcsc	2	6	186	407	0.7293906810035843	1.0
chr17:41586830	wtdmso	wtcsc	8	22	84	194	0.8398268398268398	0.8344578265156117
chr17:41619449	wtdmso	wtcsc	40	45	140	134	0.8507936507936508	0.5367191725512479
chr17:41619465	wtdmso	wtcsc	34	36	368	313	0.8032910628019324	0.4504576124140402
chr17:41619590	wtdmso	wtcsc	42	59	373	316	0.6030808379152088	0.01915409660308458
chr17:41619604	wtdmso	wtcsc	15	10	424	370	1.3089622641509433	0.5481336931734865
chr17:41619682	wtdmso	wtcsc	63	70	369	296	0.7219512195121951	0.08738009224470222
chr17:41620536	wtdmso	wtcsc	85	84	337	281	0.8437544157128727	0.3393635017469203
chr17:41620553	wtdmso	wtcsc	87	100	334	272	0.708502994011976	0.044252344015957484
chr17:41620748	wtdmso	wtcsc	7	20	408	363	0.3113970588235294	0.006031523523338619
chr17:41620841	wtdmso	wtcsc	76	70	324	298	0.9985890652557319	1.0
chr17:41620848	wtdmso	wtcsc	2	2	363	335	0.9228650137741047	1.0
chr17:41621077	wtdmso	wtcsc	52	61	263	256	0.829769993143427	0.4066715724626423
chr17:41621082	wtdmso	wtcsc	67	91	254	236	0.6840875659773298	0.04412225158358646
chr17:41621090	wtdmso	wtcsc	1	8	288	285	0.12369791666666667	0.03765853054570706
chr17:41621626	wtdmso	wtcsc	87	71	202	235	1.4255333984102636	0.06333795502902254
chr17:41621653	wtdmso	wtcsc	27	40	224	241	0.7262276785714286	0.2412263117619371
chr17:41621683	wtdmso	wtcsc	2	6	236	273	0.3855932203389831	0.29768933793224844
chr17:41622364	wtdmso	wtcsc	21	15	215	263	1.7125581395348837	0.16457349004016658
chr17:41622397	wtdmso	wtcsc	11	11	193	255	1.3212435233160622	0.5193589437631969
chr17:41622434	wtdmso	wtcsc	5	2	182	237	3.2554945054945055	0.24833162949766424
chr17:41622503	wtdmso	wtcsc	1	1	104	142	1.3653846153846154	1.0
chr17:41622961	wtdmso	wtcsc	25	45	114	145	0.7066276803118908	0.22297741616728017
chr17:41623012	wtdmso	wtcsc	7	14	107	156	0.7289719626168224	0.6452529878520215
chr17:41624081	wtdmso	wtcsc	3	2	134	198	2.216417910447761	0.3999229866516066
chr17:41624100	wtdmso	wtcsc	5	13	115	163	0.5451505016722408	0.325713069160571
chr17:41624120	wtdmso	wtcsc	34	44	95	142	1.1550239234449762	0.5977159973154561
chr17:41624156	wtdmso	wtcsc	43	96	76	85	0.5009594298245614	0.004553512859033344
chr17:41624210	wtdmso	wtcsc	5	5	105	157	1.4952380952380953	0.5317670339223179
chr17:41624231	wtdmso	wtcsc	5	8	111	169	0.9515765765765766	1.0
chr17:41624240	wtdmso	wtcsc	26	20	97	162	2.1711340206185565	0.021674804216773542
chr17:41624505	wtdmso	wtcsc	9	19	56	57	0.48214285714285715	0.1377196397178595
chr17:41689054	wtdmso	wtcsc	37	69	249	300	0.6460625109132181	0.054062810533655935
chr17:41689807	wtdmso	wtcsc	22	29	263	334	0.9634194309689262	1.0
chr17:41689919	wtdmso	wtcsc	2	2	299	395	1.3210702341137124	1.0
chr17:41690154	wtdmso	wtcsc	3	11	299	363	0.3311036789297659	0.10312273457514579
chr17:41690166	wtdmso	wtcsc	53	94	277	331	0.6737460634457332	0.04146854636851981
chr17:41690786	wtdmso	wtcsc	24	38	263	318	0.7636581949169502	0.3491429977255539
chr17:41690959	wtdmso	wtcsc	32	41	236	304	1.0053741215378256	1.0
chr17:41690968	wtdmso	wtcsc	4	19	316	404	0.2691538974017322	0.01669392216100902
chr17:41690985	wtdmso	wtcsc	17	26	236	295	0.8173076923076923	0.632497474141005
chr17:41691137	wtdmso	wtcsc	6	8	69	85	0.9239130434782609	1.0
chr17:41691194	wtdmso	wtcsc	20	31	61	70	0.74034902168165	0.4091760779823108
chr17:41691300	wtdmso	wtcsc	13	22	73	79	0.6394769613947696	0.2647819890978469
chr17:41691309	wtdmso	wtcsc	2	3	68	81	0.7941176470588235	1.0
chr17:41691352	wtdmso	wtcsc	4	6	83	104	0.8353413654618473	1.0
chr17:41691456	wtdmso	wtcsc	3	4	76	85	0.8388157894736842	1.0
chr17:41691464	wtdmso	wtcsc	6	10	80	95	0.7125	0.6062957984043698
chr17:41691475	wtdmso	wtcsc	4	4	84	106	1.2619047619047619	1.0
chr17:41691629	wtdmso	wtcsc	1	1	58	72	1.2413793103448276	1.0
chr17:41754815	wtdmso	wtcsc	2	11	62	53	0.15542521994134897	0.01627151438468783
chr17:41754861	wtdmso	wtcsc	4	5	55	64	0.9309090909090909	1.0
chr17:41754983	wtdmso	wtcsc	5	9	40	51	0.7083333333333334	0.7728563016566157
chr17:41755027	wtdmso	wtcsc	6	8	52	49	0.7067307692307693	0.5812748388710329
chr17:41755081	wtdmso	wtcsc	26	30	23	30	1.1304347826086956	0.8477224713995286
chr17:41755202	wtdmso	wtcsc	3	4	37	32	0.6486486486486487	0.7015242137758054
chr17:41755246	wtdmso	wtcsc	5	8	37	35	0.5912162162162162	0.5485746012095041
chr17:41755348	wtdmso	wtcsc	4	6	49	51	0.6938775510204082	0.7437893218809704
chr17:41755508	wtdmso	wtcsc	1	2	16	21	0.65625	1.0
chr17:41755689	wtdmso	wtcsc	1	2	12	9	0.375	0.576086956521739
chr17:41755813	wtdmso	wtcsc	4	4	42	46	1.0952380952380953	1.0
chr17:41755825	wtdmso	wtcsc	2	1	31	36	2.3225806451612905	0.598502009499452
chr17:41755846	wtdmso	wtcsc	1	3	38	39	0.34210526315789475	0.6165260196905767
chr17:41757484	wtdmso	wtcsc	1	2	45	44	0.4888888888888889	1.0
chr17:41757490	wtdmso	wtcsc	7	10	37	20	0.3783783783783784	0.09714054934415617
chr17:41757496	wtdmso	wtcsc	2	3	21	25	0.7936507936507936	1.0
chr17:41757761	wtdmso	wtcsc	1	2	33	31	0.4696969696969697	0.6135476463834674
chr17:41758453	wtdmso	wtcsc	1	4	31	29	0.23387096774193547	0.35531135531135516
chr17:41763058	wtdmso	wtcsc	4	5	29	27	0.7448275862068966	0.7330162562025211
chr17:41763139	wtdmso	wtcsc	2	1	23	18	1.565217391304348	1.0
chr17:41763184	wtdmso	wtcsc	3	4	28	27	0.7232142857142857	1.0
chr17:41763191	wtdmso	wtcsc	1	4	24	23	0.23958333333333334	0.35174069627851146
chr17:41763224	wtdmso	wtcsc	1	3	24	13	0.18055555555555555	0.2811296534017972
chr17:41764758	wtdmso	wtcsc	8	11	20	16	0.5818181818181818	0.40319761987692804
chr17:41764786	wtdmso	wtcsc	6	4	21	14	1.0	1.0
chr17:41769197	wtdmso	wtcsc	1	3	25	21	0.28	0.3395570994355188
chr17:41769438	wtdmso	wtcsc	1	2	24	23	0.4791666666666667	1.0
chr17:41769595	wtdmso	wtcsc	1	2	13	21	0.8076923076923077	1.0
chr17:41771814	wtdmso	wtcsc	6	8	18	16	0.6666666666666666	0.7516424282019676
chr17:41771840	wtdmso	wtcsc	4	3	21	23	1.4603174603174602	0.7030017680831198
chr17:41822435	wtdmso	wtcsc	1	5	10	20	0.4	0.6428006686545586
chr17:41822459	wtdmso	wtcsc	6	16	4	20	1.875	0.4838839013541225
chr17:41822477	wtdmso	wtcsc	3	4	19	32	1.263157894736842	1.0
chr17:41822546	wtdmso	wtcsc	1	4	10	34	0.85	1.0
chr17:41822763	wtdmso	wtcsc	2	2	22	38	1.7272727272727273	0.6268036564176173
chr17:41822822	wtdmso	wtcsc	3	10	7	30	1.2857142857142858	0.7068395627374254
chr17:41822835	wtdmso	wtcsc	3	2	20	37	2.775	0.35034172451190704
chr17:41822862	wtdmso	wtcsc	5	7	18	25	0.9920634920634921	1.0
chr17:41822957	wtdmso	wtcsc	1	1	23	43	1.8695652173913044	1.0
chr17:41822979	wtdmso	wtcsc	1	6	22	21	0.1590909090909091	0.10679331306990882
chr17:41823031	wtdmso	wtcsc	1	1	22	43	1.9545454545454546	1.0
chr17:41823164	wtdmso	wtcsc	3	5	22	34	0.9272727272727272	1.0
chr17:42125069	wtdmso	wtcsc	2	5	29	26	0.3586206896551724	0.4248219534666062
chr17:42125132	wtdmso	wtcsc	2	1	15	28	3.7333333333333334	0.54532279314888
chr17:42125195	wtdmso	wtcsc	7	12	20	18	0.525	0.3990561083974449
chr17:42125396	wtdmso	wtcsc	3	6	14	12	0.42857142857142855	0.4430174941854585
chr17:42125403	wtdmso	wtcsc	5	4	24	12	0.625	0.699816896580786
chr17:42125737	wtdmso	wtcsc	2	2	20	28	1.4	1.0
chr17:42125819	wtdmso	wtcsc	3	3	31	28	0.9032258064516129	1.0
chr17:42125831	wtdmso	wtcsc	4	1	27	23	3.4074074074074074	0.37282842943220285
chr17:42126790	wtdmso	wtcsc	1	2	13	22	0.8461538461538461	1.0
chr17:42128360	wtdmso	wtcsc	2	9	12	6	0.1111111111111111	0.020939530234882556
chr17:42128739	wtdmso	wtcsc	1	1	14	23	1.6428571428571428	1.0
chr17:42998767	wtdmso	wtcsc	3	1	167	302	5.425149700598802	0.13467508845287557
chr17:42999933	wtdmso	wtcsc	11	36	161	261	0.4953416149068323	0.05513787512339011
chr17:42999990	wtdmso	wtcsc	5	9	161	289	0.9972394755003451	1.0
chr17:43000010	wtdmso	wtcsc	9	16	159	283	1.0011792452830188	1.0
chr17:43000077	wtdmso	wtcsc	6	10	180	309	1.03	1.0
chr17:43002695	wtdmso	wtcsc	6	13	164	278	0.7823639774859287	0.8090180282686014
chr17:43002700	wtdmso	wtcsc	3	13	157	282	0.4145026947574718	0.1919820392426992
chr17:43002878	wtdmso	wtcsc	1	2	172	306	0.8895348837209303	1.0
chr17:43002888	wtdmso	wtcsc	2	6	183	301	0.5482695810564663	0.7160602494601809
chr17:43002907	wtdmso	wtcsc	3	20	151	280	0.2781456953642384	0.03960197501436381
chr17:43014735	wtdmso	wtcsc	2	2	43	86	2.0	0.6036008989002158
chr17:43014825	wtdmso	wtcsc	3	11	42	76	0.4935064935064935	0.3796287709655998
chr17:43014852	wtdmso	wtcsc	2	9	46	79	0.38164251207729466	0.3273828148935868
chr17:43014921	wtdmso	wtcsc	2	18	36	62	0.19135802469135801	0.01940210358356349
chr17:43015004	wtdmso	wtcsc	3	4	21	53	1.8928571428571428	0.41718922427783184
chr17:43015563	wtdmso	wtcsc	4	19	26	30	0.242914979757085	0.02122466595063055
chr17:43015586	wtdmso	wtcsc	1	6	26	59	0.3782051282051282	0.6690596669026581
chr17:43015893	wtdmso	wtcsc	2	4	23	55	1.1956521739130435	1.0
chr17:43016064	wtdmso	wtcsc	5	14	21	50	0.8503401360544217	1.0
chr17:44319665	wtdmso	wtcsc	3	3	7	23	3.2857142857142856	0.3168931795592137
chr17:44319699	wtdmso	wtcsc	1	3	10	25	0.8333333333333334	1.0
chr17:44320272	wtdmso	wtcsc	2	4	8	24	1.5	0.6440008823909751
chr17:44349524	wtdmso	wtcsc	4	1	30	43	5.733333333333333	0.16128054022790866
chr17:44350281	wtdmso	wtcsc	1	2	27	43	0.7962962962962963	1.0
chr17:44350564	wtdmso	wtcsc	1	7	47	55	0.16717325227963525	0.13457246328505357
chr17:44351088	wtdmso	wtcsc	4	3	41	66	2.1463414634146343	0.4314658011014779
chr17:44351133	wtdmso	wtcsc	1	2	31	45	0.7258064516129032	1.0
chr17:44351565	wtdmso	wtcsc	3	6	52	67	0.6442307692307693	0.7312678966617339
chr17:44351601	wtdmso	wtcsc	8	12	49	64	0.8707482993197279	0.8119459028512279
chr17:44351623	wtdmso	wtcsc	6	5	63	77	1.4666666666666666	0.5501703680882164
chr17:44351682	wtdmso	wtcsc	2	2	54	69	1.2777777777777777	1.0
chr17:44352030	wtdmso	wtcsc	6	6	44	56	1.2727272727272727	0.7640886346516518
chr17:44352109	wtdmso	wtcsc	32	34	38	51	1.263157894736842	0.5160322101783702
chr17:44352168	wtdmso	wtcsc	4	7	75	86	0.6552380952380953	0.5510845899443667
chr17:44352498	wtdmso	wtcsc	3	7	79	101	0.5479204339963833	0.5188988606130186
chr17:44352520	wtdmso	wtcsc	1	2	78	94	0.6025641025641025	1.0
chr17:44352772	wtdmso	wtcsc	6	13	84	92	0.5054945054945055	0.2285319554030945
chr17:44352785	wtdmso	wtcsc	2	5	82	91	0.44390243902439025	0.45135371121036005
chr17:44352801	wtdmso	wtcsc	20	31	69	76	0.7106124357176251	0.3299233457395835
chr17:44352813	wtdmso	wtcsc	3	3	88	105	1.1931818181818181	1.0
chr17:44352830	wtdmso	wtcsc	8	8	78	93	1.1923076923076923	0.7968058583113528
chr17:44352897	wtdmso	wtcsc	1	8	84	86	0.12797619047619047	0.03648217329618861
chr17:44353018	wtdmso	wtcsc	5	8	75	76	0.6333333333333333	0.566535798953754
chr17:4796267	wtdmso	wtcsc	2	2	27	38	1.4074074074074074	1.0
chr17:4796727	wtdmso	wtcsc	1	8	28	38	0.16964285714285715	0.14094784701439772
chr17:4796776	wtdmso	wtcsc	1	1	29	37	1.2758620689655173	1.0
chr17:4796784	wtdmso	wtcsc	2	8	33	43	0.32575757575757575	0.18977224501683823
chr17:4797459	wtdmso	wtcsc	6	15	26	37	0.5692307692307692	0.43696593225931124
chr17:4797687	wtdmso	wtcsc	14	19	23	45	1.4416475972540046	0.5093888126809395
chr17:4797791	wtdmso	wtcsc	2	6	36	51	0.4722222222222222	0.4695220473149506
chr17:4798119	wtdmso	wtcsc	1	3	34	43	0.4215686274509804	0.6298550254246458
chr17:48928652	wtdmso	wtcsc	4	5	6	13	1.7333333333333334	0.6774703557312254
chr17:48928743	wtdmso	wtcsc	1	4	9	15	0.4166666666666667	0.6328154604016673
chr17:48928916	wtdmso	wtcsc	1	2	9	17	0.9444444444444444	1.0
chr17:4945703	wtdmso	wtcsc	30	40	294	336	0.8571428571428571	0.6137537120148271
chr17:4945745	wtdmso	wtcsc	1	1	276	328	1.1884057971014492	1.0
chr17:4945749	wtdmso	wtcsc	6	15	268	311	0.46417910447761196	0.1230818915626233
chr17:4945780	wtdmso	wtcsc	1	3	255	286	0.3738562091503268	0.6263825013433875
chr17:4945899	wtdmso	wtcsc	23	33	272	300	0.7687165775401069	0.4009989346221222
chr17:4946632	wtdmso	wtcsc	2	6	264	303	0.38257575757575757	0.2966916067221054
chr17:4946636	wtdmso	wtcsc	1	3	271	319	0.3923739237392374	0.6290631125635107
chr17:4946725	wtdmso	wtcsc	30	54	268	297	0.6156716417910447	0.046648789768147
chr17:4948314	wtdmso	wtcsc	26	40	270	299	0.7198148148148148	0.24160867374110157
chr17:4948348	wtdmso	wtcsc	14	29	249	269	0.5215344135161335	0.056698714539560095
chr17:50064131	wtdmso	wtcsc	2	4	8	19	1.1875	1.0
chr17:50064174	wtdmso	wtcsc	1	3	10	23	0.7666666666666667	1.0
chr17:50064189	wtdmso	wtcsc	4	6	19	21	0.7368421052631579	0.7355519656843561
chr17:50064571	wtdmso	wtcsc	5	13	18	18	0.38461538461538464	0.1514172694348725
chr17:50068155	wtdmso	wtcsc	4	5	17	25	1.1764705882352942	1.0
chr17:50068167	wtdmso	wtcsc	3	7	18	25	0.5952380952380952	0.7218559202376132
chr17:50068263	wtdmso	wtcsc	7	8	15	22	1.2833333333333334	0.7617923389773233
chr17:50070876	wtdmso	wtcsc	2	4	20	23	0.575	0.6778776265362759
chr17:50070900	wtdmso	wtcsc	1	2	23	31	0.6739130434782609	1.0
chr17:50070909	wtdmso	wtcsc	1	3	23	36	0.5217391304347826	1.0
chr17:50071430	wtdmso	wtcsc	1	2	22	40	0.9090909090909091	1.0
chr17:50071993	wtdmso	wtcsc	5	10	18	33	0.9166666666666666	1.0
chr17:50072065	wtdmso	wtcsc	2	9	24	35	0.32407407407407407	0.19214402439693437
chr17:50072076	wtdmso	wtcsc	3	16	11	26	0.4431818181818182	0.33774621754982204
chr17:50072158	wtdmso	wtcsc	2	3	13	34	1.7435897435897436	0.6188186813186813
chr17:50073991	wtdmso	wtcsc	3	14	7	29	0.8877551020408163	1.0
chr17:50074166	wtdmso	wtcsc	5	15	24	34	0.4722222222222222	0.28370840355405325
chr17:50074225	wtdmso	wtcsc	4	15	25	34	0.3626666666666667	0.10997691374890281
chr17:50074506	wtdmso	wtcsc	4	3	20	49	3.2666666666666666	0.1977525643478099
chr17:50075502	wtdmso	wtcsc	1	8	27	44	0.2037037037037037	0.15012772049177003
chr17:50075628	wtdmso	wtcsc	2	7	25	51	0.5828571428571429	0.7124575158050067
chr17:50076338	wtdmso	wtcsc	3	11	11	36	0.8925619834710744	1.0
chr17:50076342	wtdmso	wtcsc	2	7	27	52	0.5502645502645502	0.7118405422430438
chr17:50076368	wtdmso	wtcsc	10	31	19	25	0.4244482173174873	0.10830006545071294
chr17:50076464	wtdmso	wtcsc	1	1	32	64	2.0	1.0
chr17:50076611	wtdmso	wtcsc	1	3	31	57	0.6129032258064516	1.0
chr17:50077026	wtdmso	wtcsc	2	11	33	46	0.2534435261707989	0.12070591772336245
chr17:50077034	wtdmso	wtcsc	2	6	29	56	0.6436781609195402	0.7143878402896138
chr17:50077424	wtdmso	wtcsc	5	6	27	59	1.8209876543209877	0.49662401590018224
chr17:50077439	wtdmso	wtcsc	3	6	30	58	0.9666666666666667	1.0
chr17:50078081	wtdmso	wtcsc	1	5	36	68	0.37777777777777777	0.6615571460905599
chr17:50078097	wtdmso	wtcsc	1	3	38	65	0.5701754385964912	1.0
chr17:50078220	wtdmso	wtcsc	10	14	26	53	1.456043956043956	0.46918752216333026
chr17:50078857	wtdmso	wtcsc	2	2	31	55	1.7741935483870968	0.6221102931680227
chr17:50078884	wtdmso	wtcsc	3	10	42	67	0.4785714285714286	0.36875295054338225
chr17:50079111	wtdmso	wtcsc	3	8	46	72	0.5869565217391305	0.531595982011486
chr17:50079226	wtdmso	wtcsc	1	1	52	79	1.5192307692307692	1.0
chr17:50079435	wtdmso	wtcsc	1	6	42	70	0.2777777777777778	0.4195385765523503
chr17:50079444	wtdmso	wtcsc	5	2	32	59	4.609375	0.10018998064978422
chr17:50079548	wtdmso	wtcsc	5	14	51	70	0.49019607843137253	0.21786724159500062
chr17:50080336	wtdmso	wtcsc	10	20	47	69	0.7340425531914894	0.5334957911625081
chr17:50080358	wtdmso	wtcsc	11	31	41	55	0.4760031471282455	0.08572872402133885
chr17:50081319	wtdmso	wtcsc	1	2	55	93	0.8454545454545455	1.0
chr17:50081366	wtdmso	wtcsc	15	25	44	64	0.8727272727272727	0.8503618476006388
chr17:50087759	wtdmso	wtcsc	3	9	61	82	0.44808743169398907	0.36126612299901184
chr17:50088308	wtdmso	wtcsc	2	1	81	119	2.9382716049382718	0.5685960773123117
chr17:50088320	wtdmso	wtcsc	1	2	76	105	0.6907894736842105	1.0
chr17:50089113	wtdmso	wtcsc	17	13	69	101	1.9141583054626532	0.1128100497690031
chr17:50089127	wtdmso	wtcsc	1	5	58	62	0.21379310344827587	0.21320788595607698
chr17:50089232	wtdmso	wtcsc	5	6	85	121	1.1862745098039216	0.7652845064909817
chr17:50089244	wtdmso	wtcsc	2	9	83	113	0.30254350736278446	0.20583496313413313
chr17:50089251	wtdmso	wtcsc	3	8	71	86	0.45422535211267606	0.3501223210618172
chr17:50089337	wtdmso	wtcsc	12	12	72	111	1.5416666666666667	0.3783365947017845
chr17:50089459	wtdmso	wtcsc	43	58	49	74	1.11963406052076	0.6848385837610189
chr17:50089524	wtdmso	wtcsc	82	123	13	14	0.717948717948718	0.5328545678968899
chr17:50089588	wtdmso	wtcsc	1	4	104	136	0.3269230769230769	0.39551166575508345
chr17:50089644	wtdmso	wtcsc	13	20	81	115	0.9228395061728395	1.0
chr17:50089695	wtdmso	wtcsc	58	85	60	84	0.9552941176470588	0.9046569451414348
chr17:50089709	wtdmso	wtcsc	3	10	122	166	0.4081967213114754	0.2505261194400613
chr17:50089716	wtdmso	wtcsc	7	8	108	148	1.1990740740740742	0.791617706565327
chr17:50089818	wtdmso	wtcsc	35	42	94	127	1.125886524822695	0.6898040481163517
chr17:50089833	wtdmso	wtcsc	3	3	127	175	1.3779527559055118	0.6997094005330267
chr17:50089849	wtdmso	wtcsc	12	23	121	157	0.6769673014732304	0.3654165097266825
chr17:50089862	wtdmso	wtcsc	22	48	111	130	0.5367867867867868	0.03907975501525765
chr17:50089917	wtdmso	wtcsc	57	71	71	96	1.0854989089466376	0.8126941356410852
chr17:50089922	wtdmso	wtcsc	56	83	89	92	0.6974414511980507	0.14072671068813597
chr17:50089948	wtdmso	wtcsc	5	6	147	194	1.0997732426303855	1.0
chr17:50089954	wtdmso	wtcsc	23	32	127	168	0.9507874015748031	0.8833115672557525
chr17:50090025	wtdmso	wtcsc	33	41	107	147	1.105767038978801	0.7895586196461386
chr17:50090036	wtdmso	wtcsc	72	95	80	106	1.0042105263157894	1.0
chr17:50090040	wtdmso	wtcsc	12	11	108	154	1.5555555555555556	0.3794410847383314
chr17:50090117	wtdmso	wtcsc	6	5	147	203	1.6571428571428573	0.5380918928395602
chr17:50090127	wtdmso	wtcsc	7	9	149	198	1.0335570469798658	1.0
chr17:50090193	wtdmso	wtcsc	1	3	147	188	0.42630385487528344	0.634883304646946
chr17:50090204	wtdmso	wtcsc	7	15	142	186	0.6112676056338028	0.3749015852554251
chr17:50090343	wtdmso	wtcsc	1	2	123	172	0.6991869918699187	1.0
chr17:50090464	wtdmso	wtcsc	1	1	98	153	1.5612244897959184	1.0
chr17:5024502	wtdmso	wtcsc	2	5	8	8	0.4	0.4050343249427917
chr17:50381553	wtdmso	wtcsc	6	14	9	16	0.7619047619047619	0.756881375914183
chr17:50381577	wtdmso	wtcsc	1	6	15	21	0.23333333333333334	0.22917663461592774
chr17:50381590	wtdmso	wtcsc	6	5	7	8	1.3714285714285714	1.0
chr17:50381604	wtdmso	wtcsc	1	1	14	27	1.9285714285714286	1.0
chr17:50381689	wtdmso	wtcsc	1	4	14	23	0.4107142857142857	0.6389602053915275
chr17:50381717	wtdmso	wtcsc	3	2	13	28	3.230769230769231	0.3246928332873732
chr17:50381908	wtdmso	wtcsc	3	11	12	17	0.38636363636363635	0.3083535284723442
chr17:50382001	wtdmso	wtcsc	2	1	14	27	3.857142857142857	0.5433403805496828
chr17:50382082	wtdmso	wtcsc	1	3	13	23	0.5897435897435898	1.0
chr17:50382233	wtdmso	wtcsc	1	1	11	23	2.090909090909091	1.0
chr17:50382272	wtdmso	wtcsc	6	7	10	8	0.6857142857142857	0.7223934721942933
chr17:50382347	wtdmso	wtcsc	1	2	14	20	0.7142857142857143	1.0
chr17:50382440	wtdmso	wtcsc	1	4	13	16	0.3076923076923077	0.3786297510206428
chr17:50382572	wtdmso	wtcsc	2	5	13	16	0.49230769230769234	0.6737806192858375
chr17:50382837	wtdmso	wtcsc	7	11	4	16	2.5454545454545454	0.2877027671243466
chr17:50383069	wtdmso	wtcsc	1	4	11	11	0.25	0.3418803418803419
chr17:50385235	wtdmso	wtcsc	1	3	10	11	0.36666666666666664	0.6043478260869565
chr17:51166827	wtdmso	wtcsc	6	16	127	181	0.5344488188976378	0.261722933907773
chr17:51168252	wtdmso	wtcsc	13	37	166	209	0.44236405079778574	0.014704788212170042
chr17:51168275	wtdmso	wtcsc	1	4	188	247	0.32845744680851063	0.39693983890119156
chr17:51168320	wtdmso	wtcsc	53	82	149	180	0.7808151907022426	0.2574168430685325
chr17:51169963	wtdmso	wtcsc	10	16	188	246	0.8178191489361702	0.6874227416453293
chr17:51169987	wtdmso	wtcsc	2	1	198	260	2.6262626262626263	0.5816944150101802
chr17:51170027	wtdmso	wtcsc	9	22	190	252	0.5425837320574163	0.137208376845814
chr17:51171488	wtdmso	wtcsc	6	19	207	261	0.39816933638443935	0.06095806745419831
chr17:51171558	wtdmso	wtcsc	30	65	179	211	0.5440481306403094	0.014967802041134804
chr17:51171566	wtdmso	wtcsc	3	10	208	267	0.38509615384615387	0.16433608653501625
chr17:51171587	wtdmso	wtcsc	45	66	151	196	0.885009030704395	0.6594935034818876
chr17:51171611	wtdmso	wtcsc	10	26	130	177	0.5236686390532544	0.10786495364976587
chr17:51171654	wtdmso	wtcsc	11	26	145	203	0.5923076923076923	0.21715743754359088
chr17:51171675	wtdmso	wtcsc	15	28	161	206	0.6854480922803904	0.3287680396729714
chr17:5432801	wtdmso	wtcsc	6	2	28	29	3.107142857142857	0.2616510284195752
chr17:5432963	wtdmso	wtcsc	5	6	45	38	0.7037037037037037	0.7500456809360658
chr17:5433042	wtdmso	wtcsc	2	3	47	42	0.5957446808510638	0.6677095695328514
chr17:5433153	wtdmso	wtcsc	2	9	48	35	0.16203703703703703	0.021573810400525213
chr17:5433296	wtdmso	wtcsc	9	10	36	31	0.775	0.7953307542566457
chr17:5433386	wtdmso	wtcsc	1	2	49	46	0.46938775510204084	0.61340206185567
chr17:5433690	wtdmso	wtcsc	12	8	35	38	1.6285714285714286	0.45024798141094274
chr17:5433757	wtdmso	wtcsc	2	2	45	44	0.9777777777777777	1.0
chr17:5433761	wtdmso	wtcsc	21	30	27	18	0.4666666666666667	0.10131159212731075
chr17:5434878	wtdmso	wtcsc	1	1	49	48	0.9795918367346939	1.0
chr17:5434905	wtdmso	wtcsc	3	3	47	46	0.9787234042553191	1.0
chr17:5438159	wtdmso	wtcsc	2	3	44	41	0.6212121212121212	0.6732532610099444
chr17:5438169	wtdmso	wtcsc	16	22	28	26	0.6753246753246753	0.4012999259234535
chr17:5438884	wtdmso	wtcsc	3	1	32	25	2.34375	0.6294468770060648
chr17:59694554	wtdmso	wtcsc	1	2	9	32	1.7777777777777777	0.5481727574750832
chr17:64499818	wtdmso	wtcsc	4	7	25	35	0.8	1.0
chr17:64499920	wtdmso	wtcsc	2	5	29	38	0.5241379310344828	0.6917457192644914
chr17:64500001	wtdmso	wtcsc	2	5	28	40	0.5714285714285714	0.695228434820244
chr17:64500089	wtdmso	wtcsc	6	14	23	24	0.4472049689440994	0.18514096214981787
chr17:64500179	wtdmso	wtcsc	2	6	26	33	0.4230769230769231	0.45261097163095637
chr17:64500238	wtdmso	wtcsc	1	1	25	38	1.52	1.0
chr17:64500283	wtdmso	wtcsc	2	1	21	34	3.238095238095238	0.5564882032667877
chr17:64500292	wtdmso	wtcsc	2	2	25	34	1.36	1.0
chr17:64500695	wtdmso	wtcsc	3	21	20	20	0.14285714285714285	0.0029561543990882086
chr17:64500739	wtdmso	wtcsc	1	5	21	29	0.2761904761904762	0.3862280277374617
chr17:64502196	wtdmso	wtcsc	1	3	22	36	0.5454545454545454	1.0
chr17:64502990	wtdmso	wtcsc	2	9	8	28	0.7777777777777778	1.0
chr17:64503021	wtdmso	wtcsc	1	1	9	32	3.5555555555555554	0.4152823920265781
chr17:64503220	wtdmso	wtcsc	2	5	8	29	1.45	0.6490386050645178
chr17:64503308	wtdmso	wtcsc	1	3	9	29	1.0740740740740742	1.0
chr17:64503544	wtdmso	wtcsc	3	5	7	21	1.8	0.6576261205260747
chr17:64504075	wtdmso	wtcsc	1	3	9	10	0.37037037037037035	0.603613777526821
chr17:7014158	wtdmso	wtcsc	6	13	40	52	0.6	0.4452526915487708
chr17:7014330	wtdmso	wtcsc	8	17	32	44	0.6470588235294118	0.4809323793249449
chr17:7014387	wtdmso	wtcsc	16	27	22	27	0.7272727272727273	0.526894736415852
chr17:7014408	wtdmso	wtcsc	14	22	32	39	0.7755681818181818	0.6797717861463
chr17:7224031	wtdmso	wtcsc	1	2	13	12	0.46153846153846156	1.0
chr17:7224645	wtdmso	wtcsc	1	4	14	15	0.26785714285714285	0.3547308952906675
chr17:7224867	wtdmso	wtcsc	4	2	13	17	2.6153846153846154	0.3910766652702137
chr17:7224999	wtdmso	wtcsc	1	3	14	15	0.35714285714285715	0.6074046920821116
chr17:7240477	wtdmso	wtcsc	10	14	45	70	1.1111111111111112	0.8222584965007429
chr17:7240531	wtdmso	wtcsc	12	25	29	56	0.926896551724138	1.0
chr17:7240550	wtdmso	wtcsc	7	14	35	65	0.9285714285714286	1.0
chr17:7240611	wtdmso	wtcsc	1	2	57	82	0.7192982456140351	1.0
chr17:7240667	wtdmso	wtcsc	1	4	60	88	0.36666666666666664	0.6486310984306562
chr17:7240743	wtdmso	wtcsc	6	13	44	53	0.5559440559440559	0.31815250614510326
chr17:7240787	wtdmso	wtcsc	4	5	44	63	1.1454545454545455	1.0
chr17:7240916	wtdmso	wtcsc	4	11	43	66	0.5581395348837209	0.40600690913635273
chr17:7242250	wtdmso	wtcsc	2	8	42	58	0.34523809523809523	0.3101138225586437
chr17:7243807	wtdmso	wtcsc	2	1	20	35	3.5	0.5508166969147005
chr17:7243877	wtdmso	wtcsc	1	2	29	37	0.6379310344827587	1.0
chr17:7243881	wtdmso	wtcsc	4	4	29	40	1.3793103448275863	0.7184089393169685
chr17:7243894	wtdmso	wtcsc	14	18	12	20	1.2962962962962963	0.7994067946255456
chr17:7243944	wtdmso	wtcsc	6	6	25	39	1.56	0.5328211446391313
chr17:7243950	wtdmso	wtcsc	3	3	26	24	0.9230769230769231	1.0
chr17:7244019	wtdmso	wtcsc	13	22	14	11	0.4642857142857143	0.19147766877221573
chr17:7244094	wtdmso	wtcsc	8	21	21	21	0.38095238095238093	0.08561577602711529
chr17:7244184	wtdmso	wtcsc	2	1	23	24	2.0869565217391304	1.0
chr17:7244601	wtdmso	wtcsc	2	8	26	32	0.3076923076923077	0.17879803960888588
chr17:7246102	wtdmso	wtcsc	6	6	20	34	1.7	0.5173356515288183
chr17:7246293	wtdmso	wtcsc	4	2	22	36	3.272727272727273	0.21341161555373162
chr17:7246298	wtdmso	wtcsc	3	1	21	37	5.285714285714286	0.28924342783389645
chr17:7247076	wtdmso	wtcsc	3	8	8	24	1.125	1.0
chr17:7247140	wtdmso	wtcsc	1	3	21	35	0.5555555555555556	1.0
chr17:7247327	wtdmso	wtcsc	1	3	21	34	0.5396825396825397	1.0
chr17:7309645	wtdmso	wtcsc	3	5	39	53	0.8153846153846154	1.0
chr17:7309651	wtdmso	wtcsc	3	5	39	57	0.8769230769230769	1.0
chr17:7309776	wtdmso	wtcsc	2	1	36	51	2.8333333333333335	0.5710929519918284
chr17:7311114	wtdmso	wtcsc	1	5	35	50	0.2857142857142857	0.39663316419215977
chr17:7311389	wtdmso	wtcsc	1	4	40	50	0.3125	0.3856848261921852
chr17:7311410	wtdmso	wtcsc	7	7	37	59	1.5945945945945945	0.5604989909946092
chr17:7311431	wtdmso	wtcsc	1	1	44	62	1.4090909090909092	1.0
chr17:7311598	wtdmso	wtcsc	2	1	36	51	2.8333333333333335	0.5710929519918284
chr17:7311852	wtdmso	wtcsc	1	10	42	51	0.12142857142857143	0.024436343433475102
chr17:7311908	wtdmso	wtcsc	13	29	33	38	0.51619644723093	0.11711751305138415
chr17:7312256	wtdmso	wtcsc	1	7	37	48	0.18532818532818532	0.13522440948261658
chr17:7312331	wtdmso	wtcsc	1	5	32	28	0.175	0.1967813607157869
chr17:7312425	wtdmso	wtcsc	1	1	49	69	1.4081632653061225	1.0
chr17:7312436	wtdmso	wtcsc	2	1	29	55	3.793103448275862	0.28807962639747153
chr17:74204154	wtdmso	wtcsc	9	23	267	331	0.48510014655593553	0.0700969892848124
chr17:74209210	wtdmso	wtcsc	9	8	249	326	1.4728915662650603	0.4644563815329701
chr17:74209267	wtdmso	wtcsc	6	9	281	353	0.8374851720047449	0.7983185465489717
chr17:74209286	wtdmso	wtcsc	12	21	277	343	0.7075812274368231	0.3744993512991569
chr17:74209819	wtdmso	wtcsc	27	36	262	326	0.933206106870229	0.8940042996933035
chr17:74209829	wtdmso	wtcsc	22	35	268	309	0.7247334754797441	0.2685161322984602
chr17:74209834	wtdmso	wtcsc	4	2	221	232	2.0995475113122173	0.4417058015527612
chr17:74209848	wtdmso	wtcsc	71	95	199	236	0.8863263686855329	0.5223668063160595
chr17:75038884	wtdmso	wtcsc	2	3	14	50	2.380952380952381	0.32776827325821495
chr17:75039046	wtdmso	wtcsc	1	10	29	57	0.19655172413793104	0.16421146668578013
chr17:75042582	wtdmso	wtcsc	2	13	24	49	0.3141025641025641	0.2134453705756578
chr17:75042615	wtdmso	wtcsc	2	18	18	37	0.22839506172839505	0.07499156825571798
chr17:75136030	wtdmso	wtcsc	3	2	12	26	3.25	0.32359614293817357
chr17:75136049	wtdmso	wtcsc	10	20	4	5	0.625	0.695800864281839
chr17:75136095	wtdmso	wtcsc	4	5	12	25	1.6666666666666667	0.6981854666708988
chr17:75147595	wtdmso	wtcsc	3	6	14	23	0.8214285714285714	1.0
chr17:75147609	wtdmso	wtcsc	3	9	13	19	0.48717948717948717	0.4865676934835016
chr17:75147625	wtdmso	wtcsc	2	3	14	28	1.3333333333333333	1.0
chr17:75148610	wtdmso	wtcsc	2	3	14	25	1.1904761904761905	1.0
chr17:75154393	wtdmso	wtcsc	1	1	14	20	1.4285714285714286	1.0
chr17:75167881	wtdmso	wtcsc	3	7	23	43	0.8012422360248447	1.0
chr17:75168241	wtdmso	wtcsc	6	18	21	32	0.5079365079365079	0.30327827936985463
chr17:75168268	wtdmso	wtcsc	1	5	30	49	0.32666666666666666	0.4088291061355486
chr17:75168310	wtdmso	wtcsc	7	21	26	45	0.5769230769230769	0.3463082374165698
chr17:75168330	wtdmso	wtcsc	5	6	29	58	1.6666666666666667	0.5064863309094688
chr17:75181168	wtdmso	wtcsc	1	4	29	61	0.5258620689655172	1.0
chr17:75182884	wtdmso	wtcsc	1	1	12	50	4.166666666666667	0.3675595238095239
chr17:75736113	wtdmso	wtcsc	3	20	7	20	0.42857142857142855	0.3079167004294628
chr17:75736586	wtdmso	wtcsc	6	4	19	40	3.1578947368421053	0.1521288397334742
chr17:75737537	wtdmso	wtcsc	1	8	24	38	0.19791666666666666	0.14585965852520405
chr17:75740402	wtdmso	wtcsc	1	2	27	46	0.8518518518518519	1.0
chr17:75740459	wtdmso	wtcsc	1	4	34	60	0.4411764705882353	0.6533977868758118
chr17:75742345	wtdmso	wtcsc	4	9	31	60	0.8602150537634409	1.0
chr17:75742360	wtdmso	wtcsc	1	1	26	49	1.8846153846153846	1.0
chr17:75742427	wtdmso	wtcsc	2	10	30	51	0.34	0.20763745331311811
chr17:75742483	wtdmso	wtcsc	1	6	34	57	0.27941176470588236	0.4158920005340607
chr17:75743763	wtdmso	wtcsc	3	6	41	75	0.9146341463414634	1.0
chr17:7574549	wtdmso	wtcsc	16	24	66	104	1.0505050505050506	1.0
chr17:7574585	wtdmso	wtcsc	5	16	64	94	0.458984375	0.15952536482285706
chr17:75748841	wtdmso	wtcsc	3	3	41	81	1.975609756097561	0.41299688849377697
chr17:75748931	wtdmso	wtcsc	2	4	39	83	1.064102564102564	1.0
chr17:75749039	wtdmso	wtcsc	7	22	30	64	0.6787878787878788	0.4935969799199195
chr17:75750114	wtdmso	wtcsc	19	53	25	33	0.47320754716981134	0.06196806690720589
chr17:75750119	wtdmso	wtcsc	1	5	42	78	0.37142857142857144	0.6630826315168414
chr17:75750188	wtdmso	wtcsc	2	3	43	81	1.255813953488372	1.0
chr17:75750701	wtdmso	wtcsc	6	15	41	81	0.7902439024390244	0.8030041273832786
chr17:75750819	wtdmso	wtcsc	9	12	43	85	1.4825581395348837	0.46209150690353923
chr17:75751023	wtdmso	wtcsc	2	6	46	88	0.6376811594202898	0.7169619249900908
chr17:75751053	wtdmso	wtcsc	1	1	48	93	1.9375	1.0
chr17:75751105	wtdmso	wtcsc	4	3	49	94	2.557823129251701	0.24399951330817793
chr17:7575150	wtdmso	wtcsc	21	42	51	75	0.7352941176470589	0.42712788819157677
chr17:75752206	wtdmso	wtcsc	3	4	52	94	1.3557692307692308	0.7023350481360379
chr17:75752218	wtdmso	wtcsc	4	11	54	94	0.632996632996633	0.5766962700224203
chr17:75752460	wtdmso	wtcsc	5	11	49	76	0.7050092764378478	0.5970609735596599
chr17:75752493	wtdmso	wtcsc	3	9	67	111	0.5522388059701493	0.5401681862667972
chr17:75754599	wtdmso	wtcsc	8	27	55	86	0.4632996632996633	0.08011544259043893
chr17:75754640	wtdmso	wtcsc	4	9	63	103	0.7266313932980599	0.7693169188120641
chr17:75754728	wtdmso	wtcsc	4	10	57	104	0.7298245614035088	0.7730662646501406
chr17:75754742	wtdmso	wtcsc	8	14	53	82	0.8840970350404312	1.0
chr17:75754753	wtdmso	wtcsc	13	34	62	92	0.5673624288425048	0.12536091188957127
chr17:75754782	wtdmso	wtcsc	2	5	61	104	0.6819672131147541	1.0
chr17:75755711	wtdmso	wtcsc	14	32	60	83	0.6052083333333333	0.22388484104216042
chr17:75756485	wtdmso	wtcsc	1	9	84	133	0.17592592592592593	0.09475606932119217
chr17:75756769	wtdmso	wtcsc	3	17	91	139	0.26955397543632836	0.03127898367068971
chr17:75756834	wtdmso	wtcsc	2	6	109	150	0.45871559633027525	0.4754740972647816
chr17:75756972	wtdmso	wtcsc	4	14	115	148	0.36770186335403726	0.08726469113213225
chr17:75756992	wtdmso	wtcsc	3	3	104	144	1.3846153846153846	0.6986898712417305
chr17:75757046	wtdmso	wtcsc	47	48	80	121	1.4809895833333333	0.1317663999070154
chr17:75757200	wtdmso	wtcsc	10	12	107	152	1.1838006230529594	0.8224519498988935
chr17:75757423	wtdmso	wtcsc	5	16	96	145	0.4720052083333333	0.16803055737174433
chr17:75757474	wtdmso	wtcsc	5	15	129	167	0.4315245478036176	0.15924329702675885
chr17:75757495	wtdmso	wtcsc	3	9	88	138	0.5227272727272727	0.3815753221232233
chr17:75757501	wtdmso	wtcsc	12	31	115	141	0.47461430575035063	0.04503172204425697
chr17:75757513	wtdmso	wtcsc	10	13	106	145	1.0522496371552976	1.0
chr17:75757532	wtdmso	wtcsc	21	39	85	105	0.665158371040724	0.23062172577943252
chr17:75757549	wtdmso	wtcsc	4	16	119	161	0.3382352941176471	0.05954550596459991
chr17:75757554	wtdmso	wtcsc	6	15	102	135	0.5294117647058824	0.25109219389516635
chr17:75757773	wtdmso	wtcsc	39	59	63	76	0.7974172719935432	0.4260583292393146
chr17:7576615	wtdmso	wtcsc	1	5	83	130	0.3132530120481928	0.4102202865935317
chr17:7577121	wtdmso	wtcsc	5	7	63	100	1.1337868480725624	1.0
chr17:7577388	wtdmso	wtcsc	1	8	95	132	0.1736842105263158	0.08694354651526659
chr17:7577407	wtdmso	wtcsc	2	8	89	126	0.3539325842696629	0.2084523716051748
chr17:7577442	wtdmso	wtcsc	1	1	91	135	1.4835164835164836	1.0
chr17:7577581	wtdmso	wtcsc	4	15	65	80	0.3282051282051282	0.05235936114104954
chr17:7577593	wtdmso	wtcsc	10	25	86	118	0.5488372093023256	0.14032889791857386
chr17:7577604	wtdmso	wtcsc	2	4	85	126	0.7411764705882353	1.0
chr17:7577610	wtdmso	wtcsc	9	24	58	87	0.5625	0.23240088855777358
chr17:7577656	wtdmso	wtcsc	23	29	73	109	1.1842229570146434	0.6332515732692943
chr17:75777488	wtdmso	wtcsc	12	25	28	38	0.6514285714285715	0.40054653108972726
chr17:75777619	wtdmso	wtcsc	7	17	37	49	0.5453100158982512	0.24796369178748628
chr17:75777659	wtdmso	wtcsc	1	1	27	47	1.7407407407407407	1.0
chr17:75777734	wtdmso	wtcsc	2	4	43	66	0.7674418604651163	1.0
chr17:75777779	wtdmso	wtcsc	10	28	23	28	0.43478260869565216	0.0800338917841779
chr17:75777792	wtdmso	wtcsc	2	1	41	69	3.3658536585365852	0.5564757235111217
chr17:75777855	wtdmso	wtcsc	6	5	28	53	2.2714285714285714	0.317671426188607
chr17:75777861	wtdmso	wtcsc	2	2	39	64	1.641025641025641	0.6364460790487946
chr17:75778146	wtdmso	wtcsc	4	8	45	77	0.8555555555555555	1.0
chr17:75778214	wtdmso	wtcsc	5	18	36	57	0.4398148148148148	0.15004265940695338
chr17:75778254	wtdmso	wtcsc	7	19	44	73	0.611244019138756	0.3695635605605727
chr17:75778264	wtdmso	wtcsc	7	20	52	87	0.5855769230769231	0.28137937910680494
chr17:75778328	wtdmso	wtcsc	5	7	80	122	1.0892857142857142	1.0
chr17:75778401	wtdmso	wtcsc	2	2	82	118	1.4390243902439024	1.0
chr17:75778446	wtdmso	wtcsc	33	49	52	76	0.9843014128728415	1.0
chr17:75778531	wtdmso	wtcsc	8	25	77	95	0.3948051948051948	0.03376209854289301
chr17:75778955	wtdmso	wtcsc	3	6	63	105	0.8333333333333334	1.0
chr17:7577908	wtdmso	wtcsc	6	15	89	125	0.5617977528089888	0.35170369655413347
chr17:75779164	wtdmso	wtcsc	9	36	62	77	0.31048387096774194	0.004455204036555145
chr17:75779668	wtdmso	wtcsc	1	2	69	123	0.8913043478260869	1.0
chr17:7578210	wtdmso	wtcsc	7	10	51	97	1.3313725490196078	0.5993580585793249
chr17:7578231	wtdmso	wtcsc	7	9	94	144	1.1914893617021276	0.7947201899828874
chr17:7578411	wtdmso	wtcsc	10	21	97	140	0.6872852233676976	0.43690713151864025
chr17:7578475	wtdmso	wtcsc	4	12	83	130	0.5220883534136547	0.3009666864838333
chr17:7578577	wtdmso	wtcsc	5	11	86	119	0.6289640591966174	0.44354052976182323
chr17:7578633	wtdmso	wtcsc	6	21	35	33	0.2693877551020408	0.011596122539645703
chr17:7578640	wtdmso	wtcsc	5	6	40	50	1.0416666666666667	1.0
chr17:7578803	wtdmso	wtcsc	8	13	36	40	0.6837606837606838	0.4714310190757299
chr17:7578830	wtdmso	wtcsc	1	1	13	34	2.6153846153846154	0.494047619047619
chr17:7578848	wtdmso	wtcsc	2	3	39	46	0.7863247863247863	1.0
chr17:7578970	wtdmso	wtcsc	2	4	38	45	0.5921052631578947	0.6867545499211929
chr17:7578992	wtdmso	wtcsc	2	6	35	34	0.3238095238095238	0.26550786662690956
chr17:7580068	wtdmso	wtcsc	6	8	16	21	0.984375	1.0
chr17:7580225	wtdmso	wtcsc	1	2	12	28	1.1666666666666667	1.0
chr17:7580235	wtdmso	wtcsc	1	2	21	30	0.7142857142857143	1.0
chr17:7580487	wtdmso	wtcsc	2	8	11	26	0.5909090909090909	0.7028678365911625
chr17:7580560	wtdmso	wtcsc	1	4	10	26	0.65	1.0
chr17:7580711	wtdmso	wtcsc	3	12	21	20	0.23809523809523808	0.06547527584222751
chr17:7581395	wtdmso	wtcsc	6	7	10	22	1.8857142857142857	0.4935307702772393
chr17:7581598	wtdmso	wtcsc	2	2	25	37	1.48	1.0
chr17:7581629	wtdmso	wtcsc	5	7	14	33	1.683673469387755	0.49705106395524035
chr17:7581836	wtdmso	wtcsc	6	5	25	42	2.016	0.3293465107242167
chr17:7581845	wtdmso	wtcsc	5	6	20	33	1.375	0.7383405637768234
chr17:7581933	wtdmso	wtcsc	4	10	28	35	0.5	0.37317123326610413
chr17:7582007	wtdmso	wtcsc	8	12	7	17	1.619047619047619	0.5315914509279923
chr17:76039273	wtdmso	wtcsc	3	6	9	22	1.2222222222222223	1.0
chr17:76039322	wtdmso	wtcsc	9	13	4	2	0.34615384615384615	0.37198067632850235
chr17:76039671	wtdmso	wtcsc	4	14	10	12	0.34285714285714286	0.18600121255849844
chr17:76039775	wtdmso	wtcsc	1	1	11	12	1.0909090909090908	1.0
chr17:76561363	wtdmso	wtcsc	2	3	8	19	1.5833333333333333	0.6367491657397109
chr17:76561375	wtdmso	wtcsc	1	4	9	18	0.5	1.0
chr17:76563360	wtdmso	wtcsc	1	10	9	11	0.12222222222222222	0.055036253585366124
chr17:76563370	wtdmso	wtcsc	1	4	9	19	0.5277777777777778	1.0
chr17:76679830	wtdmso	wtcsc	1	3	41	20	0.16260162601626016	0.12294251447477254
chr17:76679856	wtdmso	wtcsc	12	2	30	9	1.8	0.7061986143037078
chr17:76680080	wtdmso	wtcsc	1	3	41	17	0.13821138211382114	0.0945155016178329
chr17:76680120	wtdmso	wtcsc	3	1	35	10	0.8571428571428571	1.0
chr17:76680290	wtdmso	wtcsc	3	1	33	9	0.8181818181818182	1.0
chr17:76680448	wtdmso	wtcsc	2	1	32	10	0.625	1.0
chr17:76680683	wtdmso	wtcsc	1	1	11	9	0.8181818181818182	1.0
chr17:76680713	wtdmso	wtcsc	13	6	9	4	0.9629629629629629	1.0
chr17:77498536	wtdmso	wtcsc	7	4	16	7	0.765625	1.0
chr17:77499210	wtdmso	wtcsc	5	2	28	26	2.3214285714285716	0.4366674751859384
chr17:77499329	wtdmso	wtcsc	2	2	31	27	0.8709677419354839	1.0
chr17:77499458	wtdmso	wtcsc	2	5	34	26	0.3058823529411765	0.23562269330864882
chr17:77499706	wtdmso	wtcsc	5	6	37	21	0.47297297297297297	0.3188983654922747
chr17:77499817	wtdmso	wtcsc	3	6	38	30	0.39473684210526316	0.290703794172492
chr17:77499871	wtdmso	wtcsc	10	10	38	30	0.7894736842105263	0.7990186721143655
chr17:77499978	wtdmso	wtcsc	5	4	38	30	0.9868421052631579	1.0
chr17:77500076	wtdmso	wtcsc	9	13	41	28	0.4727954971857411	0.1467097526235296
chr17:77500211	wtdmso	wtcsc	3	4	41	34	0.6219512195121951	0.6987720437087525
chr17:77500238	wtdmso	wtcsc	2	1	49	40	1.6326530612244898	1.0
chr17:77500263	wtdmso	wtcsc	4	4	39	30	0.7692307692307693	0.7262538515647363
chr17:77500449	wtdmso	wtcsc	3	1	40	37	2.775	0.6184445886977533
chr17:77500539	wtdmso	wtcsc	2	1	48	44	1.8333333333333333	1.0
chr17:78172202	wtdmso	wtcsc	1	2	10	15	0.75	1.0
chr17:78172327	wtdmso	wtcsc	6	14	5	2	0.17142857142857143	0.08400842313885792
chr17:78971549	wtdmso	wtcsc	7	3	7	25	8.333333333333334	0.008451175633838173
chr17:78971915	wtdmso	wtcsc	1	2	10	23	1.15	1.0
chr17:78971946	wtdmso	wtcsc	3	3	9	12	1.3333333333333333	1.0
chr17:78971978	wtdmso	wtcsc	1	2	10	13	0.65	1.0
chr17:78972078	wtdmso	wtcsc	1	5	10	20	0.4	0.6428006686545586
chr17:78972140	wtdmso	wtcsc	3	5	8	10	0.75	1.0
chr17:78972476	wtdmso	wtcsc	4	9	7	17	1.0793650793650793	1.0
chr17:78972548	wtdmso	wtcsc	3	7	7	17	1.0408163265306123	1.0
chr17:78972572	wtdmso	wtcsc	2	4	8	19	1.1875	1.0
chr17:7930551	wtdmso	wtcsc	2	1	8	13	3.25	0.5503952569169961
chr17:7931046	wtdmso	wtcsc	1	1	9	14	1.5555555555555556	1.0
chr17:799416	wtdmso	wtcsc	3	6	7	15	1.0714285714285714	1.0
chr17:80118252	wtdmso	wtcsc	1	1	20	26	1.3	1.0
chr17:80118682	wtdmso	wtcsc	2	1	23	25	2.1739130434782608	0.60984393757503
chr17:80118718	wtdmso	wtcsc	5	5	18	21	1.1666666666666667	1.0
chr17:80119801	wtdmso	wtcsc	12	17	23	22	0.6751918158567775	0.4788393958555636
chr17:80119820	wtdmso	wtcsc	15	14	19	27	1.5225563909774436	0.47624799207962365
chr17:81510029	wtdmso	wtcsc	45	94	330	465	0.6745647969052224	0.04872806329628684
chr17:81510063	wtdmso	wtcsc	9	22	322	509	0.6466685488424618	0.3480014248529523
chr17:81510184	wtdmso	wtcsc	28	68	313	441	0.5801541063709829	0.0204091053509539
chr17:81510221	wtdmso	wtcsc	44	96	307	436	0.6509229098805646	0.03037678112815099
chr17:81510274	wtdmso	wtcsc	84	70	305	524	2.061639344262295	4.924000447881381e-05
chr17:81510381	wtdmso	wtcsc	4	6	325	498	1.0215384615384615	1.0
chr17:81510490	wtdmso	wtcsc	52	101	281	425	0.7786899686409922	0.2003387280806041
chr17:81510507	wtdmso	wtcsc	26	48	279	460	0.8930704898446834	0.7067876421590069
chr17:81510524	wtdmso	wtcsc	67	166	240	336	0.5650602409638554	0.0005810598081321329
chr17:81510592	wtdmso	wtcsc	47	105	257	374	0.6513989253288864	0.0263580267033537
chr17:81510684	wtdmso	wtcsc	163	278	55	61	0.6502943100065403	0.04275832256626906
chr17:81511035	wtdmso	wtcsc	4	10	216	373	0.6907407407407408	0.7797298726439827
chr17:81511047	wtdmso	wtcsc	6	19	196	307	0.49462943071965626	0.14604965225435249
chr17:81511081	wtdmso	wtcsc	1	3	229	356	0.5181950509461426	1.0
chr17:81511324	wtdmso	wtcsc	6	21	186	314	0.4823348694316436	0.15049990925635398
chr17:81511433	wtdmso	wtcsc	2	8	189	305	0.40343915343915343	0.33191386762731045
chr17:81511438	wtdmso	wtcsc	4	13	180	272	0.46495726495726497	0.2127193659901428
chr17:81511453	wtdmso	wtcsc	6	9	168	268	1.0634920634920635	1.0
chr17:81511528	wtdmso	wtcsc	154	273	14	14	0.5641025641025641	0.158666986452007
chr17:81511613	wtdmso	wtcsc	6	6	160	273	1.70625	0.37656856892981516
chr17:81511907	wtdmso	wtcsc	13	44	154	227	0.4355076741440378	0.01246558424808578
chr17:81511933	wtdmso	wtcsc	9	10	160	278	1.56375	0.34215761762519314
chr17:81511949	wtdmso	wtcsc	10	28	159	254	0.5705300988319856	0.16256413024425637
chr17:81512069	wtdmso	wtcsc	6	24	146	229	0.3921232876712329	0.04903265076261403
chr17:81512113	wtdmso	wtcsc	17	54	150	210	0.44074074074074077	0.00505947217570255
chr17:81512237	wtdmso	wtcsc	2	12	151	238	0.26269315673289184	0.09059246494865728
chr17:81512322	wtdmso	wtcsc	1	4	151	228	0.37748344370860926	0.6521865257560888
chr17:81703471	wtdmso	wtcsc	2	3	11	16	0.9696969696969697	1.0
chr17:81704377	wtdmso	wtcsc	1	1	17	26	1.5294117647058822	1.0
chr17:81706962	wtdmso	wtcsc	2	2	15	24	1.6	1.0
chr17:81706981	wtdmso	wtcsc	3	3	13	19	1.4615384615384615	0.6820349761526232
chr17:81707011	wtdmso	wtcsc	2	4	17	25	0.7352941176470589	1.0
chr17:81707255	wtdmso	wtcsc	8	8	9	16	1.7777777777777777	0.517830101188304
chr17:81707395	wtdmso	wtcsc	2	2	10	21	2.1	0.5941176470588235
chr17:81843194	wtdmso	wtcsc	38	68	56	75	0.7484243697478992	0.2890930864489964
chr17:81843232	wtdmso	wtcsc	2	2	99	149	1.505050505050505	1.0
chr17:81843282	wtdmso	wtcsc	28	56	87	123	0.7068965517241379	0.2341947698063577
chr17:81843295	wtdmso	wtcsc	21	20	97	157	1.6994845360824742	0.12446850028149753
chr17:81843341	wtdmso	wtcsc	4	9	114	163	0.6354775828460039	0.5701850742280538
chr17:81843476	wtdmso	wtcsc	23	25	89	122	1.261123595505618	0.5198775989675402
chr17:81843512	wtdmso	wtcsc	9	21	91	132	0.6216640502354788	0.321395888040532
chr17:81843548	wtdmso	wtcsc	30	51	74	107	0.8505564387917329	0.5869422659635221
chr17:81843553	wtdmso	wtcsc	84	128	18	18	0.65625	0.2738241596441458
chr17:81843639	wtdmso	wtcsc	9	18	83	110	0.6626506024096386	0.4077666857940397
chr17:81843764	wtdmso	wtcsc	2	2	88	133	1.5113636363636365	1.0
chr17:81843877	wtdmso	wtcsc	12	19	61	86	0.8904227782571182	0.8425230247050759
chr17:81843891	wtdmso	wtcsc	8	19	73	101	0.5825522710886806	0.2927138693078779
chr17:81843980	wtdmso	wtcsc	1	1	66	100	1.5151515151515151	1.0
chr17:81844017	wtdmso	wtcsc	56	80	22	33	1.05	1.0
chr17:81844057	wtdmso	wtcsc	2	2	70	87	1.2428571428571429	1.0
chr17:81844081	wtdmso	wtcsc	8	12	64	89	0.9270833333333334	1.0
chr17:81845642	wtdmso	wtcsc	7	12	15	27	1.05	1.0
chr17:81845663	wtdmso	wtcsc	5	6	41	63	1.2804878048780488	0.752558795008831
chr17:81845672	wtdmso	wtcsc	13	9	28	56	2.888888888888889	0.047344446712750926
chr17:81845692	wtdmso	wtcsc	2	2	23	44	1.9130434782608696	0.6094212332820451
chr17:81845920	wtdmso	wtcsc	1	8	42	61	0.18154761904761904	0.14956592826748247
chr17:81845959	wtdmso	wtcsc	8	22	33	50	0.5509641873278237	0.2688467914728555
chr17:81846988	wtdmso	wtcsc	3	12	16	25	0.390625	0.21953869389493919
chr17:81847001	wtdmso	wtcsc	9	13	15	43	1.9846153846153847	0.2740318386834811
chr17:81847071	wtdmso	wtcsc	4	18	11	13	0.26262626262626265	0.06252139831266318
chr17:81847291	wtdmso	wtcsc	1	3	21	36	0.5714285714285714	1.0
chr17:81847330	wtdmso	wtcsc	3	3	18	37	2.0555555555555554	0.405495779478974
chr17:81855265	wtdmso	wtcsc	5	7	13	26	1.4285714285714286	0.7323804084639581
chr17:81855558	wtdmso	wtcsc	8	20	15	22	0.5866666666666667	0.43315771135762304
chr17:81867859	wtdmso	wtcsc	11	9	25	37	1.808888888888889	0.3043614232414715
chr17:81867870	wtdmso	wtcsc	2	3	34	44	0.8627450980392157	1.0
chr17:81867882	wtdmso	wtcsc	1	2	26	43	0.8269230769230769	1.0
chr17:81868140	wtdmso	wtcsc	1	1	17	38	2.235294117647059	0.5357142857142858
chr17:81868258	wtdmso	wtcsc	1	11	31	28	0.08211143695014662	0.008639239324642407
chr17:81868266	wtdmso	wtcsc	1	4	28	32	0.2857142857142857	0.37034739454094284
chr17:81868274	wtdmso	wtcsc	5	7	26	29	0.7967032967032966	0.7608585521814015
chr17:81868327	wtdmso	wtcsc	2	2	29	34	1.1724137931034482	1.0
chr17:81868849	wtdmso	wtcsc	1	3	22	31	0.4696969696969697	0.6406850459482039
chr17:81868879	wtdmso	wtcsc	14	16	8	12	1.3125	0.7733531687245856
chr17:81868888	wtdmso	wtcsc	12	15	10	17	1.36	0.7822113332892582
chr17:81869012	wtdmso	wtcsc	1	2	10	27	1.35	1.0
chr17:81869062	wtdmso	wtcsc	3	5	17	25	0.8823529411764706	1.0
chr17:81894541	wtdmso	wtcsc	9	17	6	17	1.5	0.5522087823125104
chr17:81894583	wtdmso	wtcsc	3	7	11	21	0.8181818181818182	1.0
chr17:81900101	wtdmso	wtcsc	2	4	12	30	1.25	1.0
chr17:81900137	wtdmso	wtcsc	1	2	14	31	1.1071428571428572	1.0
chr17:81900231	wtdmso	wtcsc	2	3	12	26	1.4444444444444444	1.0
chr17:82036418	wtdmso	wtcsc	1	3	9	9	0.3333333333333333	0.593984962406015
chr17:82036918	wtdmso	wtcsc	1	5	9	9	0.2	0.34080507593093406
chr17:82036975	wtdmso	wtcsc	2	6	13	12	0.3076923076923077	0.24188492264131867
chr17:82036998	wtdmso	wtcsc	3	1	7	12	5.142857142857143	0.28063241106719367
chr17:82235992	wtdmso	wtcsc	2	1	51	57	2.235294117647059	0.6050357279715076
chr17:82236227	wtdmso	wtcsc	1	2	49	48	0.4897959183673469	1.0
chr17:82236752	wtdmso	wtcsc	14	13	44	48	1.1748251748251748	0.8273989668666055
chr17:82237182	wtdmso	wtcsc	10	22	45	47	0.47474747474747475	0.10032834291821693
chr17:82237284	wtdmso	wtcsc	2	8	53	60	0.2830188679245283	0.18253416588392485
chr17:82237443	wtdmso	wtcsc	13	21	48	43	0.5545634920634921	0.16445294979351177
chr17:82237533	wtdmso	wtcsc	37	32	25	33	1.52625	0.28603019721565415
chr17:82237695	wtdmso	wtcsc	5	8	54	68	0.7870370370370371	0.7748637651246414
chr17:82238705	wtdmso	wtcsc	1	2	94	100	0.5319148936170213	1.0
chr17:82238881	wtdmso	wtcsc	39	37	52	61	1.2364864864864864	0.5529227797077797
chr17:82238893	wtdmso	wtcsc	54	57	31	35	1.069609507640068	0.8770227905115906
chr17:82239047	wtdmso	wtcsc	42	53	59	48	0.6447073872721458	0.15846646278522347
chr17:82239052	wtdmso	wtcsc	72	85	17	11	0.5480968858131487	0.1572953539456007
chr17:82239146	wtdmso	wtcsc	7	8	115	114	0.8673913043478261	1.0
chr17:82239263	wtdmso	wtcsc	20	33	50	61	0.7393939393939394	0.40307045431119126
chr17:82239285	wtdmso	wtcsc	1	2	109	105	0.481651376146789	0.618080115266912
chr17:82239293	wtdmso	wtcsc	35	43	81	75	0.7536606373815676	0.33376364655489643
chr17:82239420	wtdmso	wtcsc	13	18	84	81	0.6964285714285714	0.4348974265492457
chr17:82244562	wtdmso	wtcsc	3	16	9	25	0.5208333333333334	0.5017390390954259
chr17:82244777	wtdmso	wtcsc	1	7	10	24	0.34285714285714286	0.6569059431703848
chr17:8377533	wtdmso	wtcsc	5	5	262	391	1.4923664122137406	0.533998824098475
chr17:8377586	wtdmso	wtcsc	1	2	362	535	0.738950276243094	1.0
chr17:8377660	wtdmso	wtcsc	2	6	343	493	0.47910592808551994	0.48274442397070405
chr17:8377666	wtdmso	wtcsc	4	10	326	450	0.5521472392638037	0.41617629770586123
chr17:8377671	wtdmso	wtcsc	26	77	344	487	0.47802778616732106	0.001344130548686958
chr17:8379924	wtdmso	wtcsc	7	16	365	525	0.6292808219178082	0.39196426638086546
chr17:8382193	wtdmso	wtcsc	5	1	327	471	7.201834862385321	0.08703198541909116
chr17:8382288	wtdmso	wtcsc	10	33	301	416	0.41880600020134906	0.016267690474339368
chr17_KI270862v1_alt:286695	wtdmso	wtcsc	1	2	9	12	0.6666666666666666	1.0
chr18:23531534	wtdmso	wtcsc	1	2	9	17	0.9444444444444444	1.0
chr18:23531993	wtdmso	wtcsc	5	15	5	6	0.4	0.4232164314864901
chr18:23532053	wtdmso	wtcsc	2	8	9	13	0.3611111111111111	0.4250188801380948
chr18:23532112	wtdmso	wtcsc	4	8	7	13	0.9285714285714286	1.0
chr18:23532175	wtdmso	wtcsc	7	10	4	8	1.4	0.716689023909098
chr18:23532180	wtdmso	wtcsc	5	5	6	11	1.8333333333333333	0.686753114670735
chr18:23899401	wtdmso	wtcsc	2	19	9	43	0.5029239766081871	0.49372554073161123
chr18:23901288	wtdmso	wtcsc	1	7	10	63	0.9	1.0
chr18:23903984	wtdmso	wtcsc	1	4	11	60	1.3636363636363635	1.0
chr18:23903997	wtdmso	wtcsc	3	18	9	51	0.9444444444444444	1.0
chr18:23904620	wtdmso	wtcsc	5	19	10	52	1.368421052631579	0.7520711504176607
chr18:23905521	wtdmso	wtcsc	1	11	24	69	0.26136363636363635	0.2857241703745627
chr18:23905580	wtdmso	wtcsc	2	4	22	67	1.5227272727272727	0.6404613772962578
chr18:23907596	wtdmso	wtcsc	3	18	14	63	0.75	1.0
chr18:23907850	wtdmso	wtcsc	1	3	33	82	0.8282828282828283	1.0
chr18:23907872	wtdmso	wtcsc	2	18	35	73	0.23174603174603176	0.05835659457331667
chr18:23907886	wtdmso	wtcsc	5	19	29	76	0.6896551724137931	0.612321937239888
chr18:23907899	wtdmso	wtcsc	4	5	33	90	2.1818181818181817	0.266486051381819
chr18:23907916	wtdmso	wtcsc	7	19	30	75	0.9210526315789473	1.0
chr18:23907929	wtdmso	wtcsc	1	7	37	89	0.3436293436293436	0.43975755994080923
chr18:23909239	wtdmso	wtcsc	1	2	30	86	1.4333333333333333	1.0
chr18:23909248	wtdmso	wtcsc	2	4	31	74	1.1935483870967742	1.0
chr18:23909261	wtdmso	wtcsc	3	12	33	89	0.6742424242424242	0.7588227861531867
chr18:23912768	wtdmso	wtcsc	1	2	43	105	1.2209302325581395	1.0
chr18:23914419	wtdmso	wtcsc	3	3	39	108	2.769230769230769	0.34672012942577296
chr18:23914476	wtdmso	wtcsc	3	11	41	85	0.565410199556541	0.5484651342757062
chr18:23914489	wtdmso	wtcsc	20	62	31	49	0.5098855359001041	0.06272902992874044
chr18:23914500	wtdmso	wtcsc	2	5	37	83	0.8972972972972973	1.0
chr18:23914511	wtdmso	wtcsc	3	7	48	107	0.9553571428571429	1.0
chr18:23914523	wtdmso	wtcsc	2	8	49	106	0.5408163265306123	0.7254445876504774
chr18:23914771	wtdmso	wtcsc	1	4	50	114	0.57	1.0
chr18:23915287	wtdmso	wtcsc	2	12	47	101	0.35815602836879434	0.2314757167225908
chr18:23915340	wtdmso	wtcsc	3	9	49	107	0.7278911564625851	0.7563423016209208
chr18:23916640	wtdmso	wtcsc	5	8	49	107	1.364795918367347	0.7576475777445386
chr18:23921471	wtdmso	wtcsc	4	11	71	154	0.7887323943661971	0.7819288385501191
chr18:23928656	wtdmso	wtcsc	6	10	77	158	1.2311688311688311	0.7848193903069016
chr18:23928694	wtdmso	wtcsc	8	18	72	141	0.8703703703703703	0.8290009491375099
chr18:23928759	wtdmso	wtcsc	3	3	86	172	2.0	0.40829495066426535
chr18:23931061	wtdmso	wtcsc	1	4	76	158	0.5197368421052632	1.0
chr18:23931068	wtdmso	wtcsc	12	24	77	143	0.9285714285714286	1.0
chr18:23932159	wtdmso	wtcsc	1	8	96	192	0.25	0.2799251427942673
chr18:23932179	wtdmso	wtcsc	3	13	79	177	0.5170399221032133	0.4061842887218928
chr18:23932210	wtdmso	wtcsc	5	9	95	205	1.1988304093567252	0.7729142055770741
chr18:23933812	wtdmso	wtcsc	2	12	106	207	0.32547169811320753	0.15539953062854503
chr18:23933819	wtdmso	wtcsc	2	6	101	211	0.6963696369636964	1.0
chr18:23933865	wtdmso	wtcsc	1	1	113	224	1.9823008849557522	1.0
chr18:23933917	wtdmso	wtcsc	1	5	113	232	0.41061946902654867	0.6682329759079499
chr18:23939232	wtdmso	wtcsc	9	21	101	200	0.8486562942008486	0.8395545619732767
chr18:23939297	wtdmso	wtcsc	1	9	113	229	0.22517207472959685	0.17659810321949973
chr18:23939331	wtdmso	wtcsc	2	13	93	201	0.3325062034739454	0.16148080676367604
chr18:23943829	wtdmso	wtcsc	21	82	101	167	0.4234484424052161	0.0013395586246040543
chr18:23943855	wtdmso	wtcsc	28	58	105	204	0.9379310344827586	0.897479940740029
chr18:23943908	wtdmso	wtcsc	6	20	103	201	0.5854368932038835	0.38466295777524967
chr18:23946190	wtdmso	wtcsc	62	136	94	140	0.6789737171464331	0.05721882930013583
chr18:23946222	wtdmso	wtcsc	7	22	150	276	0.5854545454545454	0.3126268705438191
chr18:23949801	wtdmso	wtcsc	35	67	138	253	0.9577114427860697	0.9075292051053994
chr18:23951699	wtdmso	wtcsc	4	22	73	167	0.41594022415940224	0.16991468651995245
chr18:23951716	wtdmso	wtcsc	1	15	208	348	0.11153846153846154	0.008240154381236299
chr18:23953020	wtdmso	wtcsc	91	182	118	202	0.8559322033898306	0.38914639406583196
chr18:23953025	wtdmso	wtcsc	4	8	176	339	0.9630681818181818	1.0
chr18:23953031	wtdmso	wtcsc	5	10	176	341	0.96875	1.0
chr18:23953050	wtdmso	wtcsc	19	26	156	304	1.4240631163708086	0.32450996239696184
chr18:23954640	wtdmso	wtcsc	11	44	194	329	0.42396907216494845	0.011596774319936439
chr18:23954742	wtdmso	wtcsc	37	95	138	234	0.6604118993135012	0.07033891812685428
chr18:23954753	wtdmso	wtcsc	25	45	182	352	1.0744810744810744	0.7899655302820553
chr18:23954787	wtdmso	wtcsc	16	53	207	341	0.4973110928812323	0.016959510023714805
chr18:3253262	wtdmso	wtcsc	1	4	32	62	0.484375	0.6621893467099265
chr18:3253323	wtdmso	wtcsc	2	1	29	57	3.9310344827586206	0.27706843718079677
chr18:3253374	wtdmso	wtcsc	1	4	30	54	0.45	0.6543277500562426
chr18:3255904	wtdmso	wtcsc	2	2	35	59	1.6857142857142857	0.6313602489286545
chr18:3255913	wtdmso	wtcsc	2	9	37	58	0.3483483483483483	0.3215853344541877
chr18:3255922	wtdmso	wtcsc	1	10	38	58	0.15263157894736842	0.05319830435877006
chr18:3256064	wtdmso	wtcsc	6	7	30	47	1.3428571428571427	0.7613175387227231
chr18:3256076	wtdmso	wtcsc	10	21	23	29	0.6004140786749482	0.35583419885372203
chr18:3256146	wtdmso	wtcsc	5	5	26	55	2.1153846153846154	0.29965931529513745
chr18:3272925	wtdmso	wtcsc	1	6	44	82	0.3106060606060606	0.4222289308572498
chr18:3272977	wtdmso	wtcsc	3	12	38	69	0.45394736842105265	0.3814244211509667
chr18:3273028	wtdmso	wtcsc	1	1	43	80	1.8604651162790697	1.0
chr18:3277329	wtdmso	wtcsc	4	9	41	68	0.7371273712737128	0.7659329416097553
chr18:3277799	wtdmso	wtcsc	2	2	49	107	2.183673469387755	0.5928163301940036
chr18:3277863	wtdmso	wtcsc	3	7	50	100	0.8571428571428571	1.0
chr18:3277923	wtdmso	wtcsc	2	3	47	100	1.4184397163120568	0.6575753058599665
chr18:3277932	wtdmso	wtcsc	9	23	53	97	0.716160787530763	0.5392346078821162
chr18:3277941	wtdmso	wtcsc	15	20	46	106	1.7282608695652173	0.16533792983005943
chr18:3278015	wtdmso	wtcsc	1	8	53	113	0.2665094339622642	0.2777943898447782
chr18:46084280	wtdmso	wtcsc	3	8	58	60	0.3879310344827586	0.21393467394462545
chr18:46084341	wtdmso	wtcsc	6	8	57	62	0.8157894736842105	0.7832764260671727
chr18:46084589	wtdmso	wtcsc	5	4	48	52	1.3541666666666667	0.7376432010668013
chr18:46086119	wtdmso	wtcsc	2	5	59	48	0.3254237288135593	0.24753258007735135
chr18:46086139	wtdmso	wtcsc	8	7	56	59	1.2040816326530612	0.7889569365872576
chr18:46086186	wtdmso	wtcsc	3	4	58	55	0.7112068965517241	0.7148146326535074
chr18:46087090	wtdmso	wtcsc	2	3	51	43	0.5620915032679739	0.6610060933562989
chr18:46087376	wtdmso	wtcsc	3	1	48	41	2.5625	0.6240155356564893
chr18:46088121	wtdmso	wtcsc	7	3	46	45	2.282608695652174	0.3246991699227432
chr18:46089577	wtdmso	wtcsc	1	4	40	34	0.2125	0.18980597461610116
chr18:46089591	wtdmso	wtcsc	11	11	33	27	0.8181818181818182	0.8038347397132198
chr18:46089905	wtdmso	wtcsc	2	1	38	29	1.5263157894736843	1.0
chr18:46089970	wtdmso	wtcsc	3	2	29	27	1.396551724137931	1.0
chr18:46089975	wtdmso	wtcsc	9	2	28	27	4.339285714285714	0.09520690941133611
chr18:46089982	wtdmso	wtcsc	6	6	31	25	0.8064516129032258	0.7597764641822224
chr18:46091779	wtdmso	wtcsc	2	2	31	18	0.5806451612903226	0.6273542218048321
chr18:46091848	wtdmso	wtcsc	4	2	24	14	1.1666666666666667	1.0
chr18:46095087	wtdmso	wtcsc	6	6	29	22	0.7586206896551724	0.752331070668698
chr18:46098174	wtdmso	wtcsc	3	4	21	11	0.39285714285714285	0.39550171748314156
chr18:46098239	wtdmso	wtcsc	1	8	33	21	0.07954545454545454	0.008805218955840875
chr18:47156082	wtdmso	wtcsc	1	5	25	23	0.184	0.19375297288726812
chr18:47156142	wtdmso	wtcsc	1	2	29	26	0.4482758620689655	0.605263157894737
chr18:47156154	wtdmso	wtcsc	2	2	28	23	0.8214285714285714	1.0
chr18:47156213	wtdmso	wtcsc	3	3	26	22	0.8461538461538461	1.0
chr18:47157447	wtdmso	wtcsc	8	10	6	11	1.4666666666666666	0.7332224210475407
chr18:47157467	wtdmso	wtcsc	2	2	28	22	0.7857142857142857	1.0
chr18:47176188	wtdmso	wtcsc	10	6	20	17	1.4166666666666667	0.7637185464788547
chr18:47176300	wtdmso	wtcsc	3	4	13	15	0.8653846153846154	1.0
chr18:49488536	wtdmso	wtcsc	14	21	534	716	0.8938826466916354	0.8628944459122782
chr18:49488551	wtdmso	wtcsc	6	29	514	677	0.27250771501408827	0.001658044817511376
chr18:49489403	wtdmso	wtcsc	5	6	454	631	1.158223201174743	1.0
chr18:49489455	wtdmso	wtcsc	1	1	556	774	1.3920863309352518	1.0
chr18:49489480	wtdmso	wtcsc	16	34	438	553	0.5941445071179157	0.10765732569891455
chr18:49489506	wtdmso	wtcsc	88	153	462	605	0.7531901649548708	0.060250366961438824
chr18:49490459	wtdmso	wtcsc	79	127	478	636	0.8276611867031265	0.2494291027135764
chr18:49490533	wtdmso	wtcsc	29	49	424	574	0.8012129380053908	0.4052951590243691
chr18:49490843	wtdmso	wtcsc	1	2	481	653	0.6787941787941788	1.0
chr18:49490914	wtdmso	wtcsc	16	47	492	630	0.4359107420861443	0.0038506700993698045
chr18:49490925	wtdmso	wtcsc	52	74	400	529	0.9293243243243243	0.7736397160303016
chr18:49491542	wtdmso	wtcsc	13	25	472	617	0.6797457627118644	0.3182792266183035
chr18:49491551	wtdmso	wtcsc	13	20	474	603	0.8268987341772152	0.7223885341747993
chr18:49491705	wtdmso	wtcsc	3	9	13	27	0.6923076923076923	0.7331428574426933
chr18:49491827	wtdmso	wtcsc	3	3	27	29	1.0740740740740742	1.0
chr18:59327853	wtdmso	wtcsc	1	1	9	25	2.7777777777777777	0.4841269841269842
chr18:59328079	wtdmso	wtcsc	1	2	10	21	1.05	1.0
chr18:59328205	wtdmso	wtcsc	2	2	8	21	2.625	0.5672043010752689
chr18:59329099	wtdmso	wtcsc	1	3	10	12	0.4	0.6137123745819397
chr18:63477038	wtdmso	wtcsc	2	2	44	12	0.2727272727272727	0.22953643606385923
chr18:63484573	wtdmso	wtcsc	6	4	44	12	0.4090909090909091	0.23951453438573134
chr18:63487013	wtdmso	wtcsc	2	1	45	14	0.6222222222222222	1.0
chr18:63489391	wtdmso	wtcsc	1	2	50	16	0.16	0.16450356911096695
chr18:63492964	wtdmso	wtcsc	3	1	49	17	1.0408163265306123	1.0
chr18:63499147	wtdmso	wtcsc	7	1	55	24	3.0545454545454547	0.4296828646887787
chr18:63503368	wtdmso	wtcsc	25	13	34	10	0.5656108597285068	0.3255506137317981
chr18:63503403	wtdmso	wtcsc	5	3	57	22	0.6432748538011696	0.6843876047306834
chr18:63503475	wtdmso	wtcsc	1	1	75	29	0.38666666666666666	0.4878706199460916
chr18:63503492	wtdmso	wtcsc	1	1	72	28	0.3888888888888889	0.4898078043098427
chr18:63503521	wtdmso	wtcsc	13	3	63	37	2.544973544973545	0.2562836283152636
chr18:63503572	wtdmso	wtcsc	16	9	44	28	1.1313131313131313	1.0
chr18:63503645	wtdmso	wtcsc	8	8	46	16	0.34782608695652173	0.07471852145030625
chr18:63503680	wtdmso	wtcsc	7	7	72	36	0.5	0.24399489068067093
chr18:63503687	wtdmso	wtcsc	2	2	65	39	0.6	0.6335006190410879
chr18:63503751	wtdmso	wtcsc	15	9	51	32	1.0457516339869282	1.0
chr18:63503779	wtdmso	wtcsc	1	1	66	38	0.5757575757575758	1.0
chr18:63503930	wtdmso	wtcsc	1	1	44	11	0.25	0.37969924812030076
chr18:63504138	wtdmso	wtcsc	5	2	49	17	0.8673469387755102	1.0
chr18:63504162	wtdmso	wtcsc	5	1	59	21	1.7796610169491525	1.0
chr18:63504171	wtdmso	wtcsc	1	1	64	23	0.359375	0.4688457609805925
chr18:63504324	wtdmso	wtcsc	6	6	64	21	0.328125	0.08769191785276396
chr18:63504420	wtdmso	wtcsc	6	4	73	35	0.7191780821917808	0.7281647014165253
chr18:63504666	wtdmso	wtcsc	7	10	92	47	0.3576086956521739	0.06062889124552854
chr18:63504717	wtdmso	wtcsc	2	8	99	51	0.12878787878787878	0.00551008018714157
chr18:63504866	wtdmso	wtcsc	15	18	85	43	0.4215686274509804	0.042956652444494724
chr18:63504971	wtdmso	wtcsc	7	4	83	54	1.1385542168674698	1.0
chr18:63504997	wtdmso	wtcsc	1	3	77	50	0.21645021645021645	0.3026872891887094
chr18:63505061	wtdmso	wtcsc	3	4	91	40	0.32967032967032966	0.20911622938341623
chr18:79973709	wtdmso	wtcsc	4	12	6	12	0.6666666666666666	0.7145919708767318
chr18:79977651	wtdmso	wtcsc	5	5	5	10	2.0	0.4422196796338672
chr18:9950405	wtdmso	wtcsc	3	8	9	30	1.25	1.0
chr18:9954372	wtdmso	wtcsc	1	1	24	41	1.7083333333333333	1.0
chr18:9954387	wtdmso	wtcsc	3	3	20	34	1.7	0.6662385800855151
chr18:9954403	wtdmso	wtcsc	2	4	20	39	0.975	1.0
chr18:9954784	wtdmso	wtcsc	1	1	21	40	1.9047619047619047	1.0
chr18:9954801	wtdmso	wtcsc	4	8	6	24	2.0	0.43309454371902445
chr19:1010066	wtdmso	wtcsc	2	4	12	12	0.5	0.6567049808429117
chr19:1010305	wtdmso	wtcsc	1	2	10	15	0.75	1.0
chr19:10115083	wtdmso	wtcsc	1	3	17	50	0.9803921568627451	1.0
chr19:10115700	wtdmso	wtcsc	1	8	28	55	0.24553571428571427	0.2634942990283661
chr19:10115705	wtdmso	wtcsc	1	1	18	52	2.888888888888889	0.46087636932707354
chr19:10115766	wtdmso	wtcsc	1	3	31	61	0.6559139784946236	1.0
chr19:10115777	wtdmso	wtcsc	4	4	26	60	2.3076923076923075	0.26150287467835726
chr19:10116898	wtdmso	wtcsc	2	7	17	48	0.8067226890756303	1.0
chr19:10116981	wtdmso	wtcsc	8	29	9	31	0.9501915708812261	1.0
chr19:10116987	wtdmso	wtcsc	4	9	10	48	2.1333333333333333	0.27009452599365535
chr19:10117168	wtdmso	wtcsc	2	7	16	54	0.9642857142857143	1.0
chr19:10117186	wtdmso	wtcsc	4	21	14	42	0.5714285714285714	0.563610664092661
chr19:10118905	wtdmso	wtcsc	2	4	11	44	2.0	0.5991030550862405
chr19:10119119	wtdmso	wtcsc	3	10	10	41	1.23	0.7172208838688815
chr19:1036451	wtdmso	wtcsc	2	3	9	18	1.3333333333333333	1.0
chr19:1036545	wtdmso	wtcsc	2	2	9	20	2.2222222222222223	0.5860215053763442
chr19:1037645	wtdmso	wtcsc	2	2	8	18	2.25	0.5840175150519977
chr19:1037678	wtdmso	wtcsc	3	6	7	14	1.0	1.0
chr19:1037691	wtdmso	wtcsc	1	3	9	17	0.6296296296296297	1.0
chr19:1038201	wtdmso	wtcsc	2	4	9	20	1.1111111111111112	1.0
chr19:1038452	wtdmso	wtcsc	1	1	13	43	3.3076923076923075	0.427707199032063
chr19:1038709	wtdmso	wtcsc	1	4	18	48	0.6666666666666666	1.0
chr19:1038793	wtdmso	wtcsc	6	4	12	50	6.25	0.012542676862306515
chr19:1038979	wtdmso	wtcsc	2	15	26	38	0.19487179487179487	0.042240253529864435
chr19:10572882	wtdmso	wtcsc	1	2	33	63	0.9545454545454546	1.0
chr19:10572953	wtdmso	wtcsc	10	16	35	56	1.0	1.0
chr19:10573040	wtdmso	wtcsc	7	22	34	51	0.4772727272727273	0.17845958073636445
chr19:10579749	wtdmso	wtcsc	2	2	20	50	2.5	0.5774474068898149
chr19:10579848	wtdmso	wtcsc	2	5	21	46	0.8761904761904762	1.0
chr19:10581789	wtdmso	wtcsc	4	10	14	34	0.9714285714285714	1.0
chr19:10583613	wtdmso	wtcsc	1	2	13	36	1.3846153846153846	1.0
chr19:10643601	wtdmso	wtcsc	9	6	2	6	4.5	0.1930273253466146
chr19:1088447	wtdmso	wtcsc	1	1	23	15	0.6521739130434783	1.0
chr19:1089920	wtdmso	wtcsc	1	4	9	10	0.2777777777777778	0.35770750988142286
chr19:10923076	wtdmso	wtcsc	1	3	9	13	0.48148148148148145	1.0
chr19:10923567	wtdmso	wtcsc	2	3	8	14	1.1666666666666667	1.0
chr19:10924110	wtdmso	wtcsc	1	3	9	13	0.48148148148148145	1.0
chr19:1105243	wtdmso	wtcsc	1	1	70	120	1.7142857142857142	1.0
chr19:1106255	wtdmso	wtcsc	26	65	63	77	0.4888888888888889	0.01311393516175703
chr19:1106552	wtdmso	wtcsc	3	16	54	69	0.23958333333333334	0.02334705553611955
chr19:1106770	wtdmso	wtcsc	2	9	72	99	0.3055555555555556	0.2037257599417428
chr19:11450862	wtdmso	wtcsc	11	10	13	19	1.6076923076923078	0.5732261903610921
chr19:1241882	wtdmso	wtcsc	4	6	33	56	1.1313131313131313	1.0
chr19:1242503	wtdmso	wtcsc	1	3	35	53	0.5047619047619047	1.0
chr19:1244168	wtdmso	wtcsc	1	4	40	60	0.375	0.6461862941554886
chr19:1244177	wtdmso	wtcsc	2	2	40	63	1.575	0.6445071415976018
chr19:1244327	wtdmso	wtcsc	5	8	42	62	0.9226190476190477	1.0
chr19:1244754	wtdmso	wtcsc	3	9	45	56	0.4148148148148148	0.23184296820598338
chr19:1244783	wtdmso	wtcsc	13	22	20	27	0.7977272727272727	0.6553698675922399
chr19:12668198	wtdmso	wtcsc	5	9	30	25	0.46296296296296297	0.2435714498491537
chr19:12668218	wtdmso	wtcsc	17	10	19	28	2.5052631578947366	0.09066910866180938
chr19:12668265	wtdmso	wtcsc	4	6	30	33	0.7333333333333333	0.7421512800233079
chr19:12668330	wtdmso	wtcsc	1	5	35	33	0.18857142857142858	0.20029108540462554
chr19:12669170	wtdmso	wtcsc	3	5	36	36	0.6	0.7126503460125793
chr19:12669365	wtdmso	wtcsc	1	3	40	37	0.30833333333333335	0.35927488670104707
chr19:12669380	wtdmso	wtcsc	6	5	30	17	0.68	0.7318166543931021
chr19:12730777	wtdmso	wtcsc	1	5	10	13	0.26	0.3622584312239485
chr19:12730811	wtdmso	wtcsc	3	18	8	1	0.020833333333333332	0.00022296544035674468
chr19:12730867	wtdmso	wtcsc	2	10	8	10	0.25	0.23527027694943733
chr19:12730910	wtdmso	wtcsc	1	1	10	23	2.3	0.5361344537815124
chr19:12730980	wtdmso	wtcsc	1	2	9	21	1.1666666666666667	1.0
chr19:1278821	wtdmso	wtcsc	1	1	20	32	1.6	1.0
chr19:1278932	wtdmso	wtcsc	1	3	21	28	0.4444444444444444	0.6331768120891317
chr19:1279044	wtdmso	wtcsc	4	2	20	31	3.1	0.22749301895280047
chr19:1279087	wtdmso	wtcsc	17	20	8	10	1.0625	1.0
chr19:1279093	wtdmso	wtcsc	12	12	14	22	1.5714285714285714	0.4351935760708737
chr19:1279122	wtdmso	wtcsc	4	6	20	26	0.8666666666666667	1.0
chr19:1279168	wtdmso	wtcsc	3	2	20	28	2.1	0.6420582746886854
chr19:1279180	wtdmso	wtcsc	2	2	20	24	1.2	1.0
chr19:12796947	wtdmso	wtcsc	4	8	28	48	0.8571428571428571	1.0
chr19:12796962	wtdmso	wtcsc	1	1	35	58	1.6571428571428573	1.0
chr19:12796992	wtdmso	wtcsc	1	5	35	51	0.2914285714285714	0.39793499965661083
chr19:12797135	wtdmso	wtcsc	1	4	37	56	0.3783783783783784	0.6457612437385571
chr19:12800234	wtdmso	wtcsc	1	1	30	45	1.5	1.0
chr19:12800257	wtdmso	wtcsc	4	13	20	32	0.49230769230769234	0.3808960145379463
chr19:12800939	wtdmso	wtcsc	12	13	23	39	1.565217391304348	0.4690856201117284
chr19:12800981	wtdmso	wtcsc	6	9	27	43	1.0617283950617284	1.0
chr19:12801166	wtdmso	wtcsc	1	2	31	46	0.7419354838709677	1.0
chr19:12801220	wtdmso	wtcsc	3	8	32	43	0.50390625	0.513233539158227
chr19:12943734	wtdmso	wtcsc	1	6	14	76	0.9047619047619048	1.0
chr19:12943809	wtdmso	wtcsc	4	15	48	108	0.6	0.43969168694040395
chr19:12943827	wtdmso	wtcsc	4	8	54	124	1.1481481481481481	0.7584740298721531
chr19:12943857	wtdmso	wtcsc	3	6	54	134	1.2407407407407407	0.7198314391528488
chr19:12943935	wtdmso	wtcsc	44	105	14	21	0.6285714285714286	0.23282170192204074
chr19:12943993	wtdmso	wtcsc	15	24	60	131	1.3645833333333333	0.4539885295928605
chr19:12944001	wtdmso	wtcsc	12	71	57	82	0.24314306893995552	2.5258069653923296e-05
chr19:12944109	wtdmso	wtcsc	5	32	49	89	0.28380102040816324	0.009440262078606817
chr19:12944389	wtdmso	wtcsc	20	53	69	129	0.7054963084495488	0.3075305869079179
chr19:12944449	wtdmso	wtcsc	19	53	72	103	0.5128406708595388	0.030370116715779584
chr19:12954451	wtdmso	wtcsc	4	1	6	10	6.666666666666667	0.1486068111455108
chr19:12954475	wtdmso	wtcsc	4	3	6	7	1.5555555555555556	1.0
chr19:13778052	wtdmso	wtcsc	1	3	24	41	0.5694444444444444	1.0
chr19:13778083	wtdmso	wtcsc	10	9	19	38	2.2222222222222223	0.17491082307444683
chr19:13778249	wtdmso	wtcsc	10	18	13	25	1.0683760683760684	1.0
chr19:13778290	wtdmso	wtcsc	1	2	26	42	0.8076923076923077	1.0
chr19:13778322	wtdmso	wtcsc	9	16	17	25	0.8272058823529411	0.798663929128503
chr19:13778350	wtdmso	wtcsc	3	7	22	41	0.7987012987012987	1.0
chr19:13778438	wtdmso	wtcsc	4	5	20	37	1.48	0.7131508845152572
chr19:14088172	wtdmso	wtcsc	2	1	11	9	1.6363636363636365	1.0
chr19:1435069	wtdmso	wtcsc	6	9	4	4	0.6666666666666666	0.6850181720285368
chr19:1438833	wtdmso	wtcsc	2	10	191	312	0.3267015706806283	0.2257656031465758
chr19:1438864	wtdmso	wtcsc	2	4	199	333	0.8366834170854272	1.0
chr19:1440065	wtdmso	wtcsc	43	95	204	311	0.6900412796697627	0.07546626878172238
chr19:1440173	wtdmso	wtcsc	2	5	221	354	0.6407239819004525	0.7132641234489567
chr19:1440229	wtdmso	wtcsc	1	2	191	349	0.9136125654450262	1.0
chr19:1440488	wtdmso	wtcsc	9	19	26	53	0.9655870445344129	1.0
chr19:14471755	wtdmso	wtcsc	1	6	9	34	0.6296296296296297	1.0
chr19:14477783	wtdmso	wtcsc	4	8	6	16	1.3333333333333333	0.7138701120903567
chr19:14477899	wtdmso	wtcsc	1	5	10	21	0.42	0.6463112271935801
chr19:14478044	wtdmso	wtcsc	1	2	9	21	1.1666666666666667	1.0
chr19:14478093	wtdmso	wtcsc	2	1	8	17	4.25	0.28388278388278393
chr19:14563239	wtdmso	wtcsc	1	1	10	10	1.0	1.0
chr19:14564970	wtdmso	wtcsc	1	1	10	21	2.1	1.0
chr19:15115143	wtdmso	wtcsc	3	7	7	6	0.3673469387755102	0.40153452685421986
chr19:15115208	wtdmso	wtcsc	9	9	2	2	1.0	1.0
chr19:1598144	wtdmso	wtcsc	3	3	37	55	1.4864864864864864	0.6856119914727845
chr19:1599482	wtdmso	wtcsc	5	7	42	64	1.08843537414966	1.0
chr19:1605362	wtdmso	wtcsc	6	16	39	53	0.5096153846153846	0.2308397320512552
chr19:17516189	wtdmso	wtcsc	5	3	40	56	2.3333333333333335	0.2877467055594872
chr19:17516257	wtdmso	wtcsc	3	2	48	60	1.875	0.6564623604487207
chr19:17516276	wtdmso	wtcsc	1	2	50	63	0.63	1.0
chr19:17517300	wtdmso	wtcsc	3	4	35	51	1.0928571428571427	1.0
chr19:17517740	wtdmso	wtcsc	2	7	40	46	0.32857142857142857	0.2903336117979332
chr19:17517769	wtdmso	wtcsc	13	12	41	52	1.3739837398373984	0.5057312625387342
chr19:17517802	wtdmso	wtcsc	23	36	30	31	0.6601851851851852	0.27622001482498093
chr19:17520956	wtdmso	wtcsc	5	4	45	61	1.6944444444444444	0.4992699316220739
chr19:17521008	wtdmso	wtcsc	4	6	46	59	0.855072463768116	1.0
chr19:17521048	wtdmso	wtcsc	1	9	49	55	0.12471655328798185	0.04086873640040578
chr19:17521107	wtdmso	wtcsc	1	6	37	45	0.20270270270270271	0.23127191637719519
chr19:17521256	wtdmso	wtcsc	11	16	29	38	0.9008620689655172	1.0
chr19:17582676	wtdmso	wtcsc	4	2	6	18	6.0	0.14131615510925855
chr19:17583024	wtdmso	wtcsc	3	4	7	20	2.142857142857143	0.3942615978538245
chr19:17862124	wtdmso	wtcsc	20	50	586	671	0.45802047781569966	0.0030279122548370167
chr19:17862148	wtdmso	wtcsc	49	120	507	536	0.431689677843524	1.7787148258676035e-06
chr19:17862190	wtdmso	wtcsc	15	16	588	694	1.1065051020408163	0.856018189387179
chr19:17862195	wtdmso	wtcsc	22	25	566	663	1.0308127208480566	1.0
chr19:17862923	wtdmso	wtcsc	3	6	307	417	0.6791530944625407	0.7404298193577384
chr19:17863297	wtdmso	wtcsc	20	25	400	492	0.984	1.0
chr19:18306992	wtdmso	wtcsc	8	8	32	30	0.9375	1.0
chr19:18307072	wtdmso	wtcsc	21	25	16	13	0.6825	0.4817606704496369
chr19:18307337	wtdmso	wtcsc	13	5	29	27	2.420689655172414	0.1739544646899519
chr19:18307481	wtdmso	wtcsc	1	2	38	32	0.42105263157894735	0.5949257186957362
chr19:18532009	wtdmso	wtcsc	18	22	54	62	0.9393939393939394	1.0
chr19:18532130	wtdmso	wtcsc	6	8	51	58	0.8529411764705882	1.0
chr19:18532168	wtdmso	wtcsc	1	8	67	67	0.125	0.03520909069701069
chr19:18532172	wtdmso	wtcsc	15	17	59	67	1.0019940179461615	1.0
chr19:18533281	wtdmso	wtcsc	4	13	60	65	0.3333333333333333	0.07079405391926895
chr19:18537715	wtdmso	wtcsc	5	3	58	69	1.9827586206896552	0.4724718403460474
chr19:18537769	wtdmso	wtcsc	1	1	58	62	1.0689655172413792	1.0
chr19:18538277	wtdmso	wtcsc	4	6	39	50	0.8547008547008547	1.0
chr19:18538361	wtdmso	wtcsc	4	4	55	58	1.0545454545454545	1.0
chr19:18538389	wtdmso	wtcsc	4	10	54	53	0.3925925925925926	0.158988452274617
chr19:18539566	wtdmso	wtcsc	13	15	36	36	0.8666666666666667	0.8253788920426772
chr19:18541686	wtdmso	wtcsc	2	3	38	42	0.7368421052631579	1.0
chr19:18541793	wtdmso	wtcsc	2	5	18	29	0.6444444444444445	1.0
chr19:18541827	wtdmso	wtcsc	2	3	19	35	1.2280701754385965	1.0
chr19:18541902	wtdmso	wtcsc	2	7	16	27	0.48214285714285715	0.47027314960709965
chr19:18541952	wtdmso	wtcsc	4	7	12	27	1.2857142857142858	0.7278057145915473
chr19:18543512	wtdmso	wtcsc	3	7	15	31	0.8857142857142857	1.0
chr19:18573298	wtdmso	wtcsc	2	7	318	378	0.33962264150943394	0.19364437125717593
chr19:18573333	wtdmso	wtcsc	5	2	314	376	2.9936305732484074	0.25607685111042894
chr19:18573361	wtdmso	wtcsc	59	102	262	291	0.642456219128873	0.019110108545076575
chr19:18573394	wtdmso	wtcsc	2	4	300	352	0.5866666666666667	0.6924052137687668
chr19:18573673	wtdmso	wtcsc	85	122	240	250	0.7257513661202186	0.05663947373521648
chr19:18575228	wtdmso	wtcsc	43	77	195	197	0.5641691641691642	0.008817882855201069
chr19:18899642	wtdmso	wtcsc	2	2	50	76	1.52	1.0
chr19:18899656	wtdmso	wtcsc	9	17	35	45	0.680672268907563	0.49509517788785573
chr19:18899943	wtdmso	wtcsc	5	9	31	44	0.7885304659498208	0.7738163278964669
chr19:18904828	wtdmso	wtcsc	10	11	32	50	1.4204545454545454	0.6194262213880652
chr19:18905618	wtdmso	wtcsc	3	9	40	47	0.39166666666666666	0.2215471041872103
chr19:18906971	wtdmso	wtcsc	5	9	26	36	0.7692307692307693	0.7690715356275015
chr19:18907007	wtdmso	wtcsc	7	11	26	40	0.9790209790209791	1.0
chr19:18907059	wtdmso	wtcsc	1	4	40	46	0.2875	0.37359768820442985
chr19:18907088	wtdmso	wtcsc	2	6	15	24	0.5333333333333333	0.6918372704075634
chr19:18910994	wtdmso	wtcsc	8	4	28	46	3.2857142857142856	0.11180020588417094
chr19:18919355	wtdmso	wtcsc	1	3	14	32	0.7619047619047619	1.0
chr19:19516308	wtdmso	wtcsc	7	13	40	30	0.40384615384615385	0.12670151753221184
chr19:19516324	wtdmso	wtcsc	9	11	36	28	0.6363636363636364	0.4459168502153057
chr19:19526210	wtdmso	wtcsc	6	10	38	27	0.4263157894736842	0.16592413815899654
chr19:19526247	wtdmso	wtcsc	8	12	41	46	0.7479674796747967	0.6251459667218394
chr19:19527297	wtdmso	wtcsc	2	2	47	54	1.148936170212766	1.0
chr19:19527701	wtdmso	wtcsc	7	8	41	47	1.0030487804878048	1.0
chr19:19527723	wtdmso	wtcsc	2	1	44	53	2.409090909090909	0.59291280148423
chr19:1985546	wtdmso	wtcsc	6	9	28	19	0.4523809523809524	0.2384336516925482
chr19:1985747	wtdmso	wtcsc	10	10	20	15	0.75	0.7790218456426219
chr19:1986003	wtdmso	wtcsc	3	3	30	11	0.36666666666666664	0.34376008433190625
chr19:1986039	wtdmso	wtcsc	2	2	33	13	0.3939393939393939	0.5737082066869302
chr19:1986195	wtdmso	wtcsc	4	1	21	13	2.4761904761904763	0.6364785838470048
chr19:1986236	wtdmso	wtcsc	15	7	12	5	0.8928571428571429	1.0
chr19:1986249	wtdmso	wtcsc	5	2	20	10	1.25	1.0
chr19:1987508	wtdmso	wtcsc	3	3	7	8	1.1428571428571428	1.0
chr19:2037565	wtdmso	wtcsc	11	37	26	29	0.3316008316008316	0.013460558636588656
chr19:2037648	wtdmso	wtcsc	1	9	35	53	0.16825396825396827	0.08688364886572948
chr19:2037725	wtdmso	wtcsc	5	12	30	54	0.75	0.7819648309368317
chr19:2037758	wtdmso	wtcsc	8	15	29	53	0.9747126436781609	1.0
chr19:2037768	wtdmso	wtcsc	6	22	23	42	0.4980237154150198	0.2270660732310607
chr19:2041151	wtdmso	wtcsc	4	8	18	23	0.6388888888888888	0.740436261588613
chr19:2041202	wtdmso	wtcsc	6	10	16	23	0.8625	1.0
chr19:2101224	wtdmso	wtcsc	7	8	3	6	1.75	0.6784560506124648
chr19:2271807	wtdmso	wtcsc	4	8	61	69	0.5655737704918032	0.5466557973331756
chr19:2271875	wtdmso	wtcsc	10	15	55	63	0.7636363636363637	0.6598297277870576
chr19:2271883	wtdmso	wtcsc	11	18	51	58	0.6949891067538126	0.4111180627043225
chr19:2271950	wtdmso	wtcsc	3	5	54	51	0.5666666666666667	0.4896616600909506
chr19:2272805	wtdmso	wtcsc	13	15	47	62	1.1432624113475178	0.8320041412126788
chr19:2272814	wtdmso	wtcsc	2	5	56	64	0.45714285714285713	0.45270583189973523
chr19:2272985	wtdmso	wtcsc	10	12	51	59	0.9640522875816994	1.0
chr19:2273170	wtdmso	wtcsc	5	20	57	55	0.2412280701754386	0.006907746062946541
chr19:2426947	wtdmso	wtcsc	1	3	9	33	1.2222222222222223	1.0
chr19:2427002	wtdmso	wtcsc	1	2	9	33	1.8333333333333333	0.5387596899224807
chr19:2427480	wtdmso	wtcsc	2	1	9	21	4.666666666666667	0.2520161290322581
chr19:29207493	wtdmso	wtcsc	4	12	27	41	0.5061728395061729	0.39000354660698655
chr19:29207537	wtdmso	wtcsc	21	44	6	9	0.7159090909090909	0.5611895261749008
chr19:29207543	wtdmso	wtcsc	15	26	16	28	1.0096153846153846	1.0
chr19:29207782	wtdmso	wtcsc	10	16	6	21	2.1875	0.240911882078619
chr19:29207881	wtdmso	wtcsc	2	6	13	42	1.0769230769230769	1.0
chr19:29208020	wtdmso	wtcsc	5	9	8	38	2.638888888888889	0.1589927664106235
chr19:29208112	wtdmso	wtcsc	3	15	7	22	0.6285714285714286	0.7192849629218695
chr19:3053303	wtdmso	wtcsc	4	3	39	84	2.871794871794872	0.21855756978501134
chr19:3053474	wtdmso	wtcsc	8	26	31	58	0.575682382133995	0.28171491182668146
chr19:3053516	wtdmso	wtcsc	2	2	35	80	2.2857142857142856	0.5873538913384894
chr19:3053537	wtdmso	wtcsc	2	2	19	64	3.3684210526315788	0.24449266474833714
chr19:3053577	wtdmso	wtcsc	5	9	38	69	1.0087719298245614	1.0
chr19:3053711	wtdmso	wtcsc	1	2	37	82	1.1081081081081081	1.0
chr19:3053737	wtdmso	wtcsc	1	1	38	78	2.0526315789473686	1.0
chr19:3053784	wtdmso	wtcsc	2	7	32	69	0.6160714285714286	0.7182591726479545
chr19:3053855	wtdmso	wtcsc	4	13	21	50	0.7326007326007326	0.7687810885556552
chr19:3054132	wtdmso	wtcsc	7	10	9	31	2.411111111111111	0.20080107878463044
chr19:3056330	wtdmso	wtcsc	5	15	13	26	0.6666666666666666	0.5652488408770567
chr19:3061213	wtdmso	wtcsc	1	6	12	30	0.4166666666666667	0.6576813028418993
chr19:3150158	wtdmso	wtcsc	1	6	12	32	0.4444444444444444	0.661831637372803
chr19:3155941	wtdmso	wtcsc	1	3	23	42	0.6086956521739131	1.0
chr19:3157728	wtdmso	wtcsc	5	3	19	37	3.245614035087719	0.13926472798700001
chr19:3157760	wtdmso	wtcsc	3	5	21	35	1.0	1.0
chr19:3157771	wtdmso	wtcsc	4	4	7	24	3.4285714285714284	0.1879340640950548
chr19:3162945	wtdmso	wtcsc	4	10	25	37	0.592	0.5471941615031441
chr19:3162975	wtdmso	wtcsc	7	18	21	30	0.5555555555555556	0.31769281174642056
chr19:3163082	wtdmso	wtcsc	2	8	28	45	0.4017857142857143	0.3159166802243032
chr19:3163187	wtdmso	wtcsc	8	16	15	31	1.0333333333333334	1.0
chr19:3163222	wtdmso	wtcsc	8	7	22	45	2.3376623376623376	0.15079669108160576
chr19:3163313	wtdmso	wtcsc	14	25	16	36	1.26	0.6563044623886519
chr19:3163382	wtdmso	wtcsc	1	6	30	52	0.28888888888888886	0.41398835940759615
chr19:3163448	wtdmso	wtcsc	20	27	12	25	1.5432098765432098	0.3739203716751017
chr19:3163468	wtdmso	wtcsc	3	5	26	40	0.9230769230769231	1.0
chr19:3163493	wtdmso	wtcsc	8	8	25	54	2.16	0.24842932707296472
chr19:3163501	wtdmso	wtcsc	16	23	17	37	1.514066496163683	0.384599525237777
chr19:3163516	wtdmso	wtcsc	4	13	29	48	0.5092838196286472	0.4007800532414415
chr19:34365285	wtdmso	wtcsc	1	4	21	35	0.4166666666666667	0.6451408916269845
chr19:34365339	wtdmso	wtcsc	2	12	9	27	0.5	0.7051228574741761
chr19:34365369	wtdmso	wtcsc	3	5	18	35	1.1666666666666667	1.0
chr19:34366394	wtdmso	wtcsc	1	2	22	40	0.9090909090909091	1.0
chr19:34377518	wtdmso	wtcsc	2	5	24	44	0.7333333333333333	1.0
chr19:34377736	wtdmso	wtcsc	7	12	20	38	1.1083333333333334	1.0
chr19:34377749	wtdmso	wtcsc	5	17	23	35	0.4475703324808184	0.1951351134552339
chr19:34377815	wtdmso	wtcsc	2	13	20	34	0.26153846153846155	0.11879953870637688
chr19:34377846	wtdmso	wtcsc	2	3	22	51	1.5454545454545454	0.640472187840609
chr19:34393285	wtdmso	wtcsc	10	7	22	56	3.6363636363636362	0.023009728286078286
chr19:34394006	wtdmso	wtcsc	1	1	27	47	1.7407407407407407	1.0
chr19:34394028	wtdmso	wtcsc	1	7	31	56	0.25806451612903225	0.2596998499459753
chr19:34396352	wtdmso	wtcsc	3	4	28	57	1.5267857142857142	0.6842262113546808
chr19:34396390	wtdmso	wtcsc	1	3	35	66	0.6285714285714286	1.0
chr19:34396601	wtdmso	wtcsc	5	12	27	38	0.5864197530864198	0.41510521027020697
chr19:34399233	wtdmso	wtcsc	2	5	29	61	0.8413793103448276	1.0
chr19:34399309	wtdmso	wtcsc	9	17	28	56	1.0588235294117647	1.0
chr19:34399760	wtdmso	wtcsc	1	4	44	78	0.4431818181818182	0.6551398817083349
chr19:34399775	wtdmso	wtcsc	5	7	40	78	1.3928571428571428	0.7512016618295532
chr19:34399964	wtdmso	wtcsc	2	7	42	75	0.5102040816326531	0.49342090511313047
chr19:34400065	wtdmso	wtcsc	15	31	22	36	0.7917888563049853	0.680927713752588
chr19:34400120	wtdmso	wtcsc	3	4	28	52	1.3928571428571428	0.6960283691305511
chr19:34400155	wtdmso	wtcsc	4	7	34	63	1.0588235294117647	1.0
chr19:34400264	wtdmso	wtcsc	3	8	40	62	0.58125	0.5284405291158476
chr19:34400273	wtdmso	wtcsc	1	10	39	57	0.14615384615384616	0.050194484997341006
chr19:35116350	wtdmso	wtcsc	2	7	38	56	0.42105263157894735	0.47656583570948996
chr19:35119374	wtdmso	wtcsc	2	5	41	61	0.5951219512195122	0.7014976852615719
chr19:35122764	wtdmso	wtcsc	8	14	37	54	0.833976833976834	0.8106709562079917
chr19:35123286	wtdmso	wtcsc	1	2	47	75	0.7978723404255319	1.0
chr19:35123462	wtdmso	wtcsc	6	3	40	67	3.35	0.15224548049556264
chr19:35123488	wtdmso	wtcsc	1	3	43	64	0.49612403100775193	1.0
chr19:35123531	wtdmso	wtcsc	20	31	28	42	0.967741935483871	1.0
chr19:35123564	wtdmso	wtcsc	6	13	34	47	0.6380090497737556	0.44794419011950576
chr19:35154794	wtdmso	wtcsc	1	1	26	38	1.4615384615384615	1.0
chr19:35157421	wtdmso	wtcsc	1	1	32	49	1.53125	1.0
chr19:35158359	wtdmso	wtcsc	7	23	36	42	0.35507246376811596	0.04717806082232327
chr19:35160710	wtdmso	wtcsc	2	1	44	61	2.772727272727273	0.5739238621446345
chr19:35160731	wtdmso	wtcsc	7	7	43	58	1.3488372093023255	0.7746784321538807
chr19:35160767	wtdmso	wtcsc	2	4	46	60	0.6521739130434783	0.6987885908403785
chr19:35164170	wtdmso	wtcsc	1	1	50	65	1.3	1.0
chr19:35164217	wtdmso	wtcsc	3	1	42	59	4.214285714285714	0.3112883689696938
chr19:35166156	wtdmso	wtcsc	1	1	39	46	1.1794871794871795	1.0
chr19:35166254	wtdmso	wtcsc	24	37	20	23	0.745945945945946	0.546799934569824
chr19:35169636	wtdmso	wtcsc	1	1	47	62	1.3191489361702127	1.0
chr19:35169853	wtdmso	wtcsc	2	2	33	55	1.6666666666666667	0.6334848997281824
chr19:35279335	wtdmso	wtcsc	1	7	10	19	0.2714285714285714	0.3908946897561698
chr19:35279753	wtdmso	wtcsc	1	2	11	22	1.0	1.0
chr19:35279783	wtdmso	wtcsc	1	2	12	24	1.0	1.0
chr19:35545722	wtdmso	wtcsc	1	5	29	27	0.18620689655172415	0.1968529269826414
chr19:35545761	wtdmso	wtcsc	9	12	23	22	0.717391304347826	0.602822395190006
chr19:35546985	wtdmso	wtcsc	1	8	36	32	0.1111111111111111	0.029677415611186943
chr19:35651253	wtdmso	wtcsc	2	2	43	60	1.3953488372093024	1.0
chr19:35651274	wtdmso	wtcsc	9	6	38	56	2.210526315789474	0.17206870558451803
chr19:35651295	wtdmso	wtcsc	2	4	39	49	0.6282051282051282	0.6932989222021264
chr19:35651316	wtdmso	wtcsc	5	8	46	55	0.7472826086956522	0.7700667681965906
chr19:35651328	wtdmso	wtcsc	1	6	45	53	0.1962962962962963	0.13268296258084278
chr19:35651340	wtdmso	wtcsc	5	12	48	51	0.4427083333333333	0.1902959144147428
chr19:35658647	wtdmso	wtcsc	15	13	38	53	1.6093117408906883	0.2861124474265701
chr19:35658747	wtdmso	wtcsc	7	5	22	17	1.0818181818181818	1.0
chr19:35658765	wtdmso	wtcsc	1	1	28	25	0.8928571428571429	1.0
chr19:36140138	wtdmso	wtcsc	6	12	7	25	1.7857142857142858	0.5041710385416769
chr19:36142716	wtdmso	wtcsc	1	6	67	80	0.19900497512437812	0.13446685881413972
chr19:36142931	wtdmso	wtcsc	20	30	48	59	0.8194444444444444	0.6071680187672979
chr19:36142939	wtdmso	wtcsc	3	12	65	75	0.28846153846153844	0.058543822266539036
chr19:36142959	wtdmso	wtcsc	10	17	42	61	0.8543417366946778	0.8267750336603624
chr19:36143077	wtdmso	wtcsc	2	2	62	83	1.3387096774193548	1.0
chr19:36143096	wtdmso	wtcsc	1	1	75	95	1.2666666666666666	1.0
chr19:36145854	wtdmso	wtcsc	4	5	73	88	0.9643835616438357	1.0
chr19:36146011	wtdmso	wtcsc	2	7	80	98	0.35	0.30279360551556495
chr19:36146028	wtdmso	wtcsc	7	12	79	92	0.679324894514768	0.4765403996350672
chr19:36146258	wtdmso	wtcsc	4	6	82	106	0.8617886178861789	1.0
chr19:36146270	wtdmso	wtcsc	1	2	81	103	0.6358024691358025	1.0
chr19:36149595	wtdmso	wtcsc	1	1	79	93	1.1772151898734178	1.0
chr19:36149611	wtdmso	wtcsc	2	5	80	105	0.525	0.7007589170504765
chr19:36149625	wtdmso	wtcsc	22	31	67	88	0.9321136254212807	0.8731913345581144
chr19:36149824	wtdmso	wtcsc	9	10	82	113	1.2402439024390244	0.8086184086288272
chr19:36149839	wtdmso	wtcsc	42	50	41	56	1.1473170731707316	0.6623499647603953
chr19:36149852	wtdmso	wtcsc	1	5	67	100	0.29850746268656714	0.40533432602259045
chr19:36149949	wtdmso	wtcsc	5	3	68	107	2.622549019607843	0.2690736229613966
chr19:36150042	wtdmso	wtcsc	25	31	61	87	1.1501850872554205	0.7509568264310723
chr19:36150254	wtdmso	wtcsc	1	1	98	121	1.2346938775510203	1.0
chr19:36150264	wtdmso	wtcsc	4	5	82	106	1.0341463414634147	1.0
chr19:38264677	wtdmso	wtcsc	3	2	61	103	2.5327868852459017	0.36811186793150574
chr19:38264763	wtdmso	wtcsc	5	16	58	83	0.44719827586206895	0.15461851339062438
chr19:38283740	wtdmso	wtcsc	1	1	82	124	1.5121951219512195	1.0
chr19:38283757	wtdmso	wtcsc	8	9	64	95	1.3194444444444444	0.6118106355122345
chr19:38287890	wtdmso	wtcsc	4	7	74	115	0.888030888030888	1.0
chr19:38290193	wtdmso	wtcsc	15	18	69	111	1.3405797101449275	0.44564541084764314
chr19:38290205	wtdmso	wtcsc	5	9	79	117	0.8227848101265823	0.7863509530009081
chr19:38290238	wtdmso	wtcsc	2	14	78	113	0.20695970695970695	0.03108249951027526
chr19:38291926	wtdmso	wtcsc	3	2	90	141	2.35	0.3851037718574334
chr19:38291968	wtdmso	wtcsc	3	3	86	131	1.5232558139534884	0.6849407726619774
chr19:38291989	wtdmso	wtcsc	8	18	74	119	0.7147147147147147	0.5224433209454046
chr19:38292005	wtdmso	wtcsc	22	39	50	70	0.7897435897435897	0.5221821889879898
chr19:38292025	wtdmso	wtcsc	44	78	37	41	0.625086625086625	0.1396332223461167
chr19:38292044	wtdmso	wtcsc	2	6	95	142	0.4982456140350877	0.48412378066493356
chr19:38292078	wtdmso	wtcsc	17	17	80	122	1.525	0.26447863154162043
chr19:38304241	wtdmso	wtcsc	2	6	16	43	0.8958333333333334	1.0
chr19:38304628	wtdmso	wtcsc	5	4	52	91	2.1875	0.2965424882803812
chr19:38304672	wtdmso	wtcsc	1	2	45	77	0.8555555555555555	1.0
chr19:38304974	wtdmso	wtcsc	3	10	20	46	0.69	0.7458187620979448
chr19:38304988	wtdmso	wtcsc	5	5	35	45	1.2857142857142858	0.7461385996398255
chr19:38374908	wtdmso	wtcsc	5	2	40	62	3.875	0.12252823065464774
chr19:38376198	wtdmso	wtcsc	1	4	41	59	0.3597560975609756	0.6459098771977976
chr19:38376207	wtdmso	wtcsc	1	1	42	61	1.4523809523809523	1.0
chr19:38376354	wtdmso	wtcsc	1	9	40	53	0.14722222222222223	0.04844135185660839
chr19:38379310	wtdmso	wtcsc	16	18	32	58	1.6111111111111112	0.3020949900831854
chr19:38380977	wtdmso	wtcsc	1	3	44	68	0.5151515151515151	1.0
chr19:38383338	wtdmso	wtcsc	10	19	31	64	1.0865874363327674	1.0
chr19:38383468	wtdmso	wtcsc	19	32	13	17	0.7764423076923077	0.6422117205350759
chr19:38383472	wtdmso	wtcsc	1	5	21	36	0.34285714285714286	0.6557040161631846
chr19:38620350	wtdmso	wtcsc	3	5	12	42	2.1	0.387531116754244
chr19:38632451	wtdmso	wtcsc	1	1	14	46	3.2857142857142856	0.42834479111581164
chr19:38632468	wtdmso	wtcsc	2	6	26	46	0.5897435897435898	0.7062809125196757
chr19:38632639	wtdmso	wtcsc	1	1	15	45	3.0	0.4526705446853516
chr19:38634992	wtdmso	wtcsc	9	15	8	32	2.4	0.1510814427245778
chr19:38635091	wtdmso	wtcsc	2	7	26	45	0.4945054945054945	0.4829320230815125
chr19:38635109	wtdmso	wtcsc	1	3	27	48	0.5925925925925926	1.0
chr19:38729274	wtdmso	wtcsc	1	3	13	10	0.2564102564102564	0.325925925925926
chr19:38729447	wtdmso	wtcsc	2	3	8	9	0.75	1.0
chr19:38729842	wtdmso	wtcsc	1	10	20	18	0.09	0.014360069894797253
chr19:38729900	wtdmso	wtcsc	3	6	15	18	0.6	0.7083098700556981
chr19:38730005	wtdmso	wtcsc	3	13	16	15	0.21634615384615385	0.058034255111287736
chr19:38730020	wtdmso	wtcsc	4	3	17	26	2.0392156862745097	0.43407198721722295
chr19:38730087	wtdmso	wtcsc	2	2	32	28	0.875	1.0
chr19:38730111	wtdmso	wtcsc	3	2	29	29	1.5	1.0
chr19:38730127	wtdmso	wtcsc	1	1	30	25	0.8333333333333334	1.0
chr19:38730160	wtdmso	wtcsc	1	3	32	27	0.28125	0.3396288182115786
chr19:38730184	wtdmso	wtcsc	2	2	31	29	0.9354838709677419	1.0
chr19:38730214	wtdmso	wtcsc	1	2	33	25	0.3787878787878788	0.5791330925257017
chr19:38730495	wtdmso	wtcsc	4	3	11	10	1.2121212121212122	1.0
chr19:39433237	wtdmso	wtcsc	6	6	408	499	1.2230392156862746	0.7763159832028257
chr19:39433254	wtdmso	wtcsc	35	76	491	532	0.4989816700610998	0.000918144040507584
chr19:39433261	wtdmso	wtcsc	108	152	403	458	0.8074964085150842	0.13657137701198704
chr19:39433345	wtdmso	wtcsc	24	39	518	605	0.7187407187407188	0.24279234705918368
chr19:39433361	wtdmso	wtcsc	16	33	456	538	0.5720361509835195	0.07809501333645978
chr19:39433366	wtdmso	wtcsc	37	53	453	530	0.8167770419426048	0.3786972065863523
chr19:39433711	wtdmso	wtcsc	1	2	544	649	0.5965073529411765	1.0
chr19:39435704	wtdmso	wtcsc	4	7	500	610	0.6971428571428572	0.7628701413742605
chr19:3976162	wtdmso	wtcsc	76	128	519	680	0.7779383429672447	0.10841453899414896
chr19:3976241	wtdmso	wtcsc	5	7	595	813	0.9759903961584634	1.0
chr19:3976255	wtdmso	wtcsc	25	37	492	674	0.9256207426939135	0.7935331089545847
chr19:3976289	wtdmso	wtcsc	38	72	497	677	0.7189246590655042	0.1291988176586423
chr19:3976327	wtdmso	wtcsc	342	512	230	242	0.7028192934782609	0.002589060956294991
chr19:3976346	wtdmso	wtcsc	3	7	500	692	0.5931428571428572	0.5341492884668356
chr19:3976398	wtdmso	wtcsc	1	1	558	773	1.385304659498208	1.0
chr19:3976467	wtdmso	wtcsc	195	302	304	372	0.7901272220285814	0.055803276919994316
chr19:3976519	wtdmso	wtcsc	153	255	342	441	0.7736842105263158	0.04112868753006933
chr19:3976563	wtdmso	wtcsc	48	85	407	563	0.7811533458592282	0.2222277374796634
chr19:3976575	wtdmso	wtcsc	21	61	422	552	0.45031466086551164	0.001606108835367213
chr19:3976618	wtdmso	wtcsc	7	10	502	708	0.9872509960159362	1.0
chr19:3976662	wtdmso	wtcsc	4	16	490	666	0.33979591836734696	0.06498457903735716
chr19:3976686	wtdmso	wtcsc	7	20	465	636	0.47870967741935483	0.11380147105591802
chr19:3976734	wtdmso	wtcsc	27	52	344	502	0.7577146690518783	0.2817825900836487
chr19:3977306	wtdmso	wtcsc	71	114	363	532	0.9127640036730946	0.621463687459428
chr19:3977474	wtdmso	wtcsc	29	64	328	441	0.6092320884146342	0.0346572630681078
chr19:3977590	wtdmso	wtcsc	38	80	363	512	0.6699724517906336	0.05775854593387057
chr19:3977855	wtdmso	wtcsc	49	81	295	435	0.8920276208411801	0.6272486507161468
chr19:3978038	wtdmso	wtcsc	7	27	275	404	0.38087542087542087	0.019937185280582713
chr19:3978164	wtdmso	wtcsc	27	59	289	396	0.6270599964811449	0.0626281866381356
chr19:3979350	wtdmso	wtcsc	14	39	318	454	0.5124979841960974	0.04185874572326279
chr19:3979362	wtdmso	wtcsc	22	24	283	449	1.4543580683156654	0.21765596007021976
chr19:3979865	wtdmso	wtcsc	22	77	250	305	0.3485714285714286	2.10656146174481e-05
chr19:3979874	wtdmso	wtcsc	19	35	274	402	0.7964546402502607	0.4738451359247828
chr19:3979985	wtdmso	wtcsc	17	17	241	350	1.4522821576763485	0.2895106564560009
chr19:3980009	wtdmso	wtcsc	38	68	258	359	0.7775877792977656	0.28517347870481224
chr19:3980064	wtdmso	wtcsc	33	63	239	354	0.775851763299462	0.3113785116712896
chr19:3980537	wtdmso	wtcsc	38	49	230	351	1.1834960070984917	0.4832020044200216
chr19:3980693	wtdmso	wtcsc	67	120	175	251	0.8008095238095239	0.2436601793803581
chr19:3981350	wtdmso	wtcsc	1	1	224	349	1.5580357142857142	1.0
chr19:3981363	wtdmso	wtcsc	25	26	197	307	1.498438110113237	0.1791344202909365
chr19:3981369	wtdmso	wtcsc	15	36	192	282	0.6119791666666666	0.13384125981457484
chr19:3981378	wtdmso	wtcsc	10	14	197	311	1.1276287164612038	0.8316469912046605
chr19:3981383	wtdmso	wtcsc	23	63	203	282	0.50715458597232	0.008440765312081464
chr19:3981390	wtdmso	wtcsc	6	27	192	288	0.3333333333333333	0.015194634514653069
chr19:3981395	wtdmso	wtcsc	4	9	208	311	0.6645299145299145	0.5778920073057079
chr19:3981407	wtdmso	wtcsc	9	24	210	322	0.575	0.1985707378581658
chr19:3981415	wtdmso	wtcsc	14	30	189	294	0.725925925925926	0.419048594922746
chr19:3981959	wtdmso	wtcsc	3	12	192	285	0.37109375	0.1785497161934482
chr19:3982043	wtdmso	wtcsc	8	22	168	273	0.5909090909090909	0.2456753816953674
chr19:3982248	wtdmso	wtcsc	6	15	195	303	0.6215384615384615	0.37014869864111166
chr19:3982272	wtdmso	wtcsc	8	11	184	307	1.2134387351778657	0.8099586280939877
chr19:3982889	wtdmso	wtcsc	2	2	180	297	1.65	0.6355604033904363
chr19:3982936	wtdmso	wtcsc	2	12	147	258	0.2925170068027211	0.1526415486758269
chr19:3982945	wtdmso	wtcsc	18	36	166	273	0.822289156626506	0.5544757011650253
chr19:3983120	wtdmso	wtcsc	21	59	160	246	0.5472457627118644	0.03110678613026454
chr19:3983163	wtdmso	wtcsc	24	45	152	246	0.8631578947368421	0.6867242318744273
chr19:3983198	wtdmso	wtcsc	31	80	127	187	0.5705708661417322	0.02215009179846031
chr19:3983249	wtdmso	wtcsc	24	62	139	235	0.654444186586215	0.13317047893010908
chr19:3983255	wtdmso	wtcsc	8	21	150	267	0.6780952380952381	0.42599083430407375
chr19:39834467	wtdmso	wtcsc	4	3	11	19	2.303030303030303	0.40814806742226095
chr19:39834541	wtdmso	wtcsc	7	6	13	29	2.6025641025641026	0.18899586684822833
chr19:39834739	wtdmso	wtcsc	5	8	16	27	1.0546875	1.0
chr19:39834799	wtdmso	wtcsc	2	3	18	41	1.5185185185185186	0.6439090134555496
chr19:39837770	wtdmso	wtcsc	4	3	16	37	3.0833333333333335	0.20774666595823815
chr19:39840281	wtdmso	wtcsc	3	3	15	41	2.7333333333333334	0.3441502649252124
chr19:3984243	wtdmso	wtcsc	3	7	145	252	0.7448275862068966	0.753147575779695
chr19:3984267	wtdmso	wtcsc	5	24	132	215	0.33933080808080807	0.02705234311096765
chr19:3984345	wtdmso	wtcsc	57	126	84	130	0.7001133786848073	0.1144270599836847
chr19:40447970	wtdmso	wtcsc	2	4	30	28	0.4666666666666667	0.6718665237698302
chr19:40448031	wtdmso	wtcsc	9	8	24	25	1.171875	1.0
chr19:40451441	wtdmso	wtcsc	10	12	20	18	0.75	0.7891703517397821
chr19:40451476	wtdmso	wtcsc	3	7	26	24	0.3956043956043956	0.302176885431095
chr19:40458210	wtdmso	wtcsc	3	6	29	27	0.46551724137931033	0.4752388483980592
chr19:40458517	wtdmso	wtcsc	4	3	27	28	1.382716049382716	1.0
chr19:4090339	wtdmso	wtcsc	3	2	67	112	2.5074626865671643	0.3702367288762661
chr19:4090521	wtdmso	wtcsc	8	12	66	107	1.0808080808080809	1.0
chr19:4090565	wtdmso	wtcsc	3	6	65	98	0.7538461538461538	1.0
chr19:4090597	wtdmso	wtcsc	8	7	77	121	1.7959183673469388	0.286529847438975
chr19:4090631	wtdmso	wtcsc	9	25	65	93	0.5150769230769231	0.12395892365188674
chr19:4094486	wtdmso	wtcsc	8	18	62	103	0.7383512544802867	0.6620956676058243
chr19:4097294	wtdmso	wtcsc	3	4	68	117	1.2904411764705883	0.710868952798887
chr19:4097302	wtdmso	wtcsc	14	34	66	92	0.5739750445632799	0.13050757795520634
chr19:4099373	wtdmso	wtcsc	2	5	51	86	0.6745098039215687	1.0
chr19:4101088	wtdmso	wtcsc	5	19	58	91	0.4128856624319419	0.11067205098202182
chr19:4101115	wtdmso	wtcsc	16	32	52	75	0.7211538461538461	0.38919634150386734
chr19:4102436	wtdmso	wtcsc	4	7	61	91	0.8524590163934426	1.0
chr19:4110514	wtdmso	wtcsc	6	7	51	76	1.2773109243697478	0.7698521904789066
chr19:4110620	wtdmso	wtcsc	6	13	47	87	0.8543371522094927	1.0
chr19:4117509	wtdmso	wtcsc	3	8	47	81	0.6462765957446809	0.7459823190132013
chr19:4117523	wtdmso	wtcsc	25	52	32	47	0.7061298076923077	0.3220303328821659
chr19:4117586	wtdmso	wtcsc	5	20	51	74	0.3627450980392157	0.06893823791825292
chr19:41330962	wtdmso	wtcsc	5	9	42	43	0.5687830687830688	0.3974797452734948
chr19:41332143	wtdmso	wtcsc	2	2	40	49	1.225	1.0
chr19:41332227	wtdmso	wtcsc	5	4	40	41	1.28125	1.0
chr19:41332266	wtdmso	wtcsc	2	4	43	44	0.5116279069767442	0.6780168001625051
chr19:41341900	wtdmso	wtcsc	1	2	35	40	0.5714285714285714	1.0
chr19:41341981	wtdmso	wtcsc	12	16	26	25	0.7211538461538461	0.6382936998935455
chr19:41342005	wtdmso	wtcsc	2	4	40	40	0.5	0.6766149565582593
chr19:41342177	wtdmso	wtcsc	5	1	33	37	5.606060606060606	0.1997491800115763
chr19:41342204	wtdmso	wtcsc	3	6	34	37	0.5441176470588235	0.493882349021845
chr19:41348372	wtdmso	wtcsc	2	2	32	37	1.15625	1.0
chr19:41348445	wtdmso	wtcsc	2	3	27	31	0.7654320987654321	1.0
chr19:41352762	wtdmso	wtcsc	4	7	32	34	0.6071428571428571	0.5278477296177304
chr19:41352941	wtdmso	wtcsc	4	10	11	20	0.7272727272727273	0.7425299470379451
chr19:41352957	wtdmso	wtcsc	15	21	14	11	0.5612244897959183	0.30665229634219016
chr19:41353171	wtdmso	wtcsc	3	5	13	24	1.1076923076923078	1.0
chr19:41353419	wtdmso	wtcsc	12	21	5	4	0.45714285714285713	0.4463289200131305
chr19:41353543	wtdmso	wtcsc	2	4	11	19	0.8636363636363636	1.0
chr19:41353551	wtdmso	wtcsc	10	13	6	11	1.4102564102564104	0.747141134460378
chr19:41353587	wtdmso	wtcsc	1	4	14	18	0.32142857142857145	0.6290408055113937
chr19:41353623	wtdmso	wtcsc	9	5	4	5	2.25	0.4172836182527932
chr19:41353632	wtdmso	wtcsc	3	1	12	10	2.5	0.6137123745819397
chr19:41860802	wtdmso	wtcsc	23	59	220	390	0.6910631741140215	0.17570898296918364
chr19:41861191	wtdmso	wtcsc	48	135	214	350	0.5815160955347871	0.004266588196137872
chr19:41869083	wtdmso	wtcsc	12	34	241	473	0.6927019770563827	0.3346178888729703
chr19:41869204	wtdmso	wtcsc	18	24	279	493	1.325268817204301	0.4119405405505432
chr19:41869707	wtdmso	wtcsc	8	42	284	459	0.30784708249496984	0.0012941174823140323
chr19:41869711	wtdmso	wtcsc	10	18	280	497	0.9861111111111112	1.0
chr19:41869722	wtdmso	wtcsc	3	21	260	424	0.23296703296703297	0.009625409033386732
chr19:41869736	wtdmso	wtcsc	6	8	278	472	1.2733812949640289	0.7813162294646696
chr19:41869749	wtdmso	wtcsc	8	12	253	437	1.1515151515151516	0.8155668811720667
chr19:41871378	wtdmso	wtcsc	5	7	263	463	1.2574687669744704	0.7652982293437129
chr19:41871382	wtdmso	wtcsc	2	4	269	470	0.8736059479553904	1.0
chr19:41956831	wtdmso	wtcsc	3	7	40	62	0.6642857142857143	0.7385928182251887
chr19:41956854	wtdmso	wtcsc	1	2	35	49	0.7	1.0
chr19:41958855	wtdmso	wtcsc	2	3	35	60	1.1428571428571428	1.0
chr19:41959275	wtdmso	wtcsc	4	9	33	56	0.7542087542087542	0.764766909982138
chr19:4445212	wtdmso	wtcsc	1	5	12	9	0.15	0.1647342995169082
chr19:4445233	wtdmso	wtcsc	4	3	25	15	0.8	1.0
chr19:4445270	wtdmso	wtcsc	3	2	13	14	1.6153846153846154	1.0
chr19:4445546	wtdmso	wtcsc	4	7	25	21	0.48	0.33129811327856795
chr19:4445591	wtdmso	wtcsc	1	1	17	15	0.8823529411764706	1.0
chr19:4446558	wtdmso	wtcsc	6	8	5	2	0.3	0.3614551083591332
chr19:44800396	wtdmso	wtcsc	3	6	7	12	0.8571428571428571	1.0
chr19:44819405	wtdmso	wtcsc	2	1	21	9	0.8571428571428571	1.0
chr19:44820928	wtdmso	wtcsc	1	2	21	8	0.19047619047619047	0.22379032258064516
chr19:44820950	wtdmso	wtcsc	2	1	21	10	0.9523809523809523	1.0
chr19:44820974	wtdmso	wtcsc	3	3	21	7	0.3333333333333333	0.3284204671857619
chr19:44821153	wtdmso	wtcsc	7	3	13	8	1.435897435897436	1.0
chr19:44821182	wtdmso	wtcsc	1	1	22	10	0.45454545454545453	1.0
chr19:44821207	wtdmso	wtcsc	4	2	19	18	1.894736842105263	0.6688337187486364
chr19:45687529	wtdmso	wtcsc	19	37	29	47	0.8322460391425909	0.71495415843889
chr19:45687574	wtdmso	wtcsc	5	10	48	88	0.9166666666666666	1.0
chr19:45687598	wtdmso	wtcsc	3	3	49	97	1.9795918367346939	0.41198553031944457
chr19:45687686	wtdmso	wtcsc	20	39	33	64	0.9945609945609946	1.0
chr19:45691893	wtdmso	wtcsc	2	4	51	89	0.8725490196078431	1.0
chr19:4657557	wtdmso	wtcsc	3	7	13	27	0.8901098901098901	1.0
chr19:4657601	wtdmso	wtcsc	12	41	24	35	0.4268292682926829	0.0456456799693959
chr19:4657617	wtdmso	wtcsc	9	18	28	46	0.8214285714285714	0.8163968601436763
chr19:4657643	wtdmso	wtcsc	15	37	25	43	0.6972972972972973	0.43586874489388483
chr19:4657718	wtdmso	wtcsc	13	12	28	67	2.5922619047619047	0.05620634098331456
chr19:4657757	wtdmso	wtcsc	22	41	19	36	1.0166880616174583	1.0
chr19:4657826	wtdmso	wtcsc	7	15	34	61	0.8372549019607843	0.8079449717922149
chr19:4657904	wtdmso	wtcsc	32	64	9	20	1.1111111111111112	1.0
chr19:4658004	wtdmso	wtcsc	2	5	38	71	0.7473684210526316	1.0
chr19:4659960	wtdmso	wtcsc	2	10	36	59	0.3277777777777778	0.2061529945741864
chr19:46609857	wtdmso	wtcsc	1	6	9	22	0.4074074074074074	0.6495633686036162
chr19:46610256	wtdmso	wtcsc	1	4	10	28	0.7	1.0
chr19:46610373	wtdmso	wtcsc	1	6	10	28	0.4666666666666667	0.6627543377401575
chr19:46610536	wtdmso	wtcsc	3	3	24	25	1.0416666666666667	1.0
chr19:46610619	wtdmso	wtcsc	6	6	20	29	1.45	0.7460826911443915
chr19:46610666	wtdmso	wtcsc	1	2	26	28	0.5384615384615384	1.0
chr19:4664905	wtdmso	wtcsc	1	3	40	69	0.575	1.0
chr19:4664915	wtdmso	wtcsc	1	2	38	67	0.881578947368421	1.0
chr19:4668643	wtdmso	wtcsc	1	4	28	33	0.29464285714285715	0.3747086247086248
chr19:4675556	wtdmso	wtcsc	2	6	8	12	0.5	0.6692003648525386
chr19:46774921	wtdmso	wtcsc	6	16	82	101	0.46189024390243905	0.17049281528002985
chr19:46774947	wtdmso	wtcsc	14	16	73	102	1.2226027397260273	0.6905551832258701
chr19:46774967	wtdmso	wtcsc	22	42	67	77	0.6019900497512438	0.12886939773840028
chr19:46774979	wtdmso	wtcsc	1	2	91	114	0.6263736263736264	1.0
chr19:46775045	wtdmso	wtcsc	4	15	86	103	0.31937984496124033	0.05147545882847182
chr19:46775224	wtdmso	wtcsc	2	8	77	99	0.32142857142857145	0.1938148950072892
chr19:46775308	wtdmso	wtcsc	1	2	79	103	0.6518987341772152	1.0
chr19:46775369	wtdmso	wtcsc	20	27	55	74	0.9966329966329966	1.0
chr19:46775464	wtdmso	wtcsc	48	67	18	25	0.9950248756218906	1.0
chr19:46775496	wtdmso	wtcsc	7	12	64	78	0.7109375	0.6247783492728354
chr19:46775569	wtdmso	wtcsc	2	4	72	89	0.6180555555555556	0.6942445057700839
chr19:46775675	wtdmso	wtcsc	11	16	50	57	0.78375	0.6675336938154328
chr19:46775695	wtdmso	wtcsc	10	10	68	78	1.1470588235294117	0.8146839800404571
chr19:46776983	wtdmso	wtcsc	19	19	46	50	1.0869565217391304	0.8501021198009844
chr19:46777234	wtdmso	wtcsc	3	4	62	65	0.7862903225806451	1.0
chr19:46778737	wtdmso	wtcsc	1	1	50	62	1.24	1.0
chr19:46782517	wtdmso	wtcsc	11	13	41	48	0.9906191369606003	1.0
chr19:46784107	wtdmso	wtcsc	17	10	35	48	2.3314285714285714	0.07677688824956197
chr19:46787606	wtdmso	wtcsc	6	9	37	36	0.6486486486486487	0.5737163742138297
chr19:46787758	wtdmso	wtcsc	30	43	11	9	0.5708245243128964	0.3146954215539365
chr19:46787837	wtdmso	wtcsc	6	7	31	42	1.1612903225806452	1.0
chr19:46787876	wtdmso	wtcsc	6	13	31	32	0.47642679900744417	0.1994894660290921
chr19:46787942	wtdmso	wtcsc	12	6	24	43	3.5833333333333335	0.030195842780617863
chr19:46788107	wtdmso	wtcsc	14	21	16	21	0.875	0.8148935724116584
chr19:46788122	wtdmso	wtcsc	7	11	24	34	0.9015151515151515	1.0
chr19:46788205	wtdmso	wtcsc	1	9	12	19	0.17592592592592593	0.12860261719092803
chr19:46788220	wtdmso	wtcsc	11	18	18	21	0.7129629629629629	0.6213347602985637
chr19:46788235	wtdmso	wtcsc	1	1	9	27	3.0	0.4623044096728308
chr19:46788267	wtdmso	wtcsc	3	4	22	35	1.1931818181818181	1.0
chr19:46788346	wtdmso	wtcsc	5	15	21	23	0.36507936507936506	0.1055773265490697
chr19:46788406	wtdmso	wtcsc	2	1	22	30	2.727272727272727	0.5746140651801028
chr19:46788487	wtdmso	wtcsc	2	7	9	20	0.6349206349206349	1.0
chr19:46838184	wtdmso	wtcsc	1	1	43	66	1.5348837209302326	1.0
chr19:46838300	wtdmso	wtcsc	14	13	61	117	2.0655737704918034	0.08863370516546289
chr19:46838331	wtdmso	wtcsc	4	11	66	110	0.6060606060606061	0.5783420347176245
chr19:46838407	wtdmso	wtcsc	8	26	51	84	0.5067873303167421	0.15881855076172036
chr19:46838761	wtdmso	wtcsc	3	5	60	100	1.0	1.0
chr19:46838766	wtdmso	wtcsc	39	61	27	38	0.8998178506375227	0.7481271628972932
chr19:46839570	wtdmso	wtcsc	5	19	66	97	0.386762360446571	0.07381082990993398
chr19:46846010	wtdmso	wtcsc	2	5	62	91	0.5870967741935483	0.7031513801619633
chr19:46846061	wtdmso	wtcsc	1	1	51	88	1.7254901960784315	1.0
chr19:46846119	wtdmso	wtcsc	13	17	52	77	1.1323529411764706	0.8375378770378881
chr19:46850798	wtdmso	wtcsc	3	5	25	34	0.816	1.0
chr19:47045927	wtdmso	wtcsc	1	1	16	20	1.25	1.0
chr19:47045934	wtdmso	wtcsc	3	8	8	15	0.703125	1.0
chr19:47045940	wtdmso	wtcsc	7	17	8	6	0.3088235294117647	0.16777149786048556
chr19:47046175	wtdmso	wtcsc	2	1	21	25	2.380952380952381	0.5942792010421192
chr19:47726138	wtdmso	wtcsc	3	1	22	13	1.7727272727272727	1.0
chr19:47736429	wtdmso	wtcsc	2	1	26	13	1.0	1.0
chr19:47736454	wtdmso	wtcsc	4	1	23	11	1.9130434782608696	1.0
chr19:47736487	wtdmso	wtcsc	5	5	20	7	0.35	0.23979460106202236
chr19:47736507	wtdmso	wtcsc	1	4	21	8	0.09523809523809523	0.04198292220113852
chr19:47741077	wtdmso	wtcsc	15	7	18	19	2.261904761904762	0.18075623211190578
chr19:47741138	wtdmso	wtcsc	1	2	39	35	0.44871794871794873	0.6054682159945319
chr19:47741145	wtdmso	wtcsc	16	19	15	12	0.6736842105263158	0.6088940755009056
chr19:47741219	wtdmso	wtcsc	5	5	26	24	0.9230769230769231	1.0
chr19:47741234	wtdmso	wtcsc	5	5	37	27	0.7297297297297297	0.7374211618657912
chr19:47741286	wtdmso	wtcsc	9	4	24	26	2.4375	0.2205990606539363
chr19:47741544	wtdmso	wtcsc	13	11	26	26	1.1818181818181819	0.8077137197907103
chr19:47741574	wtdmso	wtcsc	2	1	38	37	1.9473684210526316	1.0
chr19:47741601	wtdmso	wtcsc	7	8	41	31	0.6615853658536586	0.5716288207907178
chr19:47741613	wtdmso	wtcsc	5	7	37	27	0.5212355212355212	0.3541470110878886
chr19:47741782	wtdmso	wtcsc	4	2	46	39	1.6956521739130435	0.6865476803845743
chr19:47741791	wtdmso	wtcsc	2	1	42	34	1.619047619047619	1.0
chr19:47741921	wtdmso	wtcsc	11	6	37	39	1.9324324324324325	0.2882880849998388
chr19:47741937	wtdmso	wtcsc	4	4	47	37	0.7872340425531915	1.0
chr19:47742014	wtdmso	wtcsc	5	8	31	30	0.6048387096774194	0.5449207919416081
chr19:47742037	wtdmso	wtcsc	3	7	49	36	0.31486880466472306	0.17706574642048753
chr19:47742408	wtdmso	wtcsc	4	6	54	45	0.5555555555555556	0.5102886890267677
chr19:47742493	wtdmso	wtcsc	10	6	51	51	1.6666666666666667	0.42561718454284914
chr19:47742692	wtdmso	wtcsc	21	23	32	26	0.7418478260869565	0.5491861312742097
chr19:47742746	wtdmso	wtcsc	37	47	23	9	0.3080481036077706	0.011953724774206323
chr19:47742968	wtdmso	wtcsc	6	9	57	51	0.5964912280701754	0.4158292791648668
chr19:47743092	wtdmso	wtcsc	10	9	58	48	0.9195402298850575	1.0
chr19:47745650	wtdmso	wtcsc	1	3	11	31	0.9393939393939394	1.0
chr19:47750194	wtdmso	wtcsc	1	2	13	37	1.4230769230769231	1.0
chr19:47750243	wtdmso	wtcsc	1	7	14	31	0.3163265306122449	0.4152749228325652
chr19:47750258	wtdmso	wtcsc	6	19	5	20	1.263157894736842	1.0
chr19:47751065	wtdmso	wtcsc	5	17	11	22	0.5882352941176471	0.5467568498653508
chr19:47781119	wtdmso	wtcsc	7	11	23	25	0.691699604743083	0.5861181470507465
chr19:47784296	wtdmso	wtcsc	3	4	28	33	0.8839285714285714	1.0
chr19:47784302	wtdmso	wtcsc	2	5	12	22	0.7333333333333333	1.0
chr19:47784340	wtdmso	wtcsc	7	10	22	24	0.7636363636363637	0.7777552236711999
chr19:47784561	wtdmso	wtcsc	1	1	28	33	1.1785714285714286	1.0
chr19:48382622	wtdmso	wtcsc	35	31	70	77	1.2419354838709677	0.5535542314531071
chr19:48382839	wtdmso	wtcsc	32	30	59	81	1.464406779661017	0.22370885718049777
chr19:48383035	wtdmso	wtcsc	2	6	90	99	0.36666666666666664	0.2876965450623864
chr19:48383080	wtdmso	wtcsc	1	4	52	56	0.2692307692307692	0.36864976687985535
chr19:48383112	wtdmso	wtcsc	16	32	88	82	0.4659090909090909	0.03281666832711496
chr19:48383145	wtdmso	wtcsc	8	10	88	87	0.7909090909090909	0.8053016250388552
chr19:48383193	wtdmso	wtcsc	18	22	68	62	0.7459893048128342	0.47177551201404444
chr19:48383205	wtdmso	wtcsc	11	16	80	81	0.69609375	0.4133921380254334
chr19:48384271	wtdmso	wtcsc	46	75	13	13	0.6133333333333333	0.2772024138250714
chr19:48384397	wtdmso	wtcsc	1	4	75	80	0.26666666666666666	0.37026419353808193
chr19:48384472	wtdmso	wtcsc	2	5	72	80	0.4444444444444444	0.450711453091063
chr19:48389568	wtdmso	wtcsc	3	7	67	68	0.4349680170575693	0.3292828492808246
chr19:48389631	wtdmso	wtcsc	3	1	66	83	3.772727272727273	0.32782700811241183
chr19:48389637	wtdmso	wtcsc	12	8	55	63	1.7181818181818183	0.3357324722284476
chr19:48390466	wtdmso	wtcsc	2	1	69	74	2.1449275362318843	0.6122165800661314
chr19:48391332	wtdmso	wtcsc	3	4	63	66	0.7857142857142857	1.0
chr19:48391430	wtdmso	wtcsc	2	1	58	69	2.3793103448275863	0.5949798747763864
chr19:48615375	wtdmso	wtcsc	7	18	415	498	0.4666666666666667	0.1031882231957506
chr19:48615446	wtdmso	wtcsc	1	2	454	598	0.6585903083700441	1.0
chr19:48615895	wtdmso	wtcsc	14	35	474	598	0.5046413502109705	0.038291802704028724
chr19:48616113	wtdmso	wtcsc	10	27	457	577	0.4676229840343626	0.04293024963751366
chr19:48616183	wtdmso	wtcsc	33	54	418	507	0.7412280701754386	0.21516492746529703
chr19:48616731	wtdmso	wtcsc	16	58	422	505	0.33011930053930383	4.807665564970343e-05
chr19:48616763	wtdmso	wtcsc	36	46	420	535	0.9968944099378882	1.0
chr19:48616769	wtdmso	wtcsc	5	9	445	578	0.7215980024968789	0.6010283740125877
chr19:48616792	wtdmso	wtcsc	2	1	467	596	2.5524625267665955	0.5855556266402603
chr19:48617398	wtdmso	wtcsc	22	31	398	529	0.9432647106500243	0.887230953127174
chr19:48617851	wtdmso	wtcsc	16	21	324	433	1.0182245737801294	1.0
chr19:48617869	wtdmso	wtcsc	6	20	399	495	0.37218045112781956	0.04303134614759196
chr19:48965361	wtdmso	wtcsc	8	33	215	462	0.5209302325581395	0.11820639167070046
chr19:48965373	wtdmso	wtcsc	14	73	329	704	0.4103759836782279	0.001589788279305164
chr19:48965429	wtdmso	wtcsc	10	49	291	617	0.43270916614068305	0.013712433093204735
chr19:48965460	wtdmso	wtcsc	10	66	293	599	0.3097528182852415	0.0002542813024935455
chr19:48965908	wtdmso	wtcsc	9	24	353	753	0.7999291784702549	0.7052528541206436
chr19:48966307	wtdmso	wtcsc	7	12	395	865	1.2774261603375527	0.6226752710954401
chr19:48966353	wtdmso	wtcsc	90	197	285	615	0.9858402351055303	0.9419974198067385
chr19:48966398	wtdmso	wtcsc	11	54	304	634	0.4248294346978557	0.008440710519927603
chr19:48966589	wtdmso	wtcsc	23	79	355	726	0.595400249598859	0.03476370842034356
chr19:48966600	wtdmso	wtcsc	1	36	353	737	0.05799496380232924	1.7086009428126566e-05
chr19:48966646	wtdmso	wtcsc	20	81	404	830	0.5072729495171739	0.0073669605892703735
chr19:48966654	wtdmso	wtcsc	66	190	319	634	0.6903811252268602	0.019231012416553388
chr19:48966830	wtdmso	wtcsc	12	35	394	837	0.7283538796229152	0.42562951617057476
chr19:48966850	wtdmso	wtcsc	14	41	295	650	0.7523770152955767	0.4532791418069057
chr19:49490507	wtdmso	wtcsc	145	271	226	400	0.9470006204486824	0.6923344393001202
chr19:49490566	wtdmso	wtcsc	9	27	316	551	0.5812236286919831	0.2142843320822596
chr19:49490820	wtdmso	wtcsc	11	31	396	720	0.6451612903225806	0.2511262431395443
chr19:49491478	wtdmso	wtcsc	98	196	325	608	0.9353846153846154	0.6730960375820207
chr19:49491537	wtdmso	wtcsc	2	6	440	828	0.6272727272727273	0.7214787336699124
chr19:49491771	wtdmso	wtcsc	4	7	411	765	1.0636079249217936	1.0
chr19:49491802	wtdmso	wtcsc	27	46	385	709	1.0809147374364765	0.8005708924936388
chr19:49491826	wtdmso	wtcsc	139	233	243	488	1.1980430597502605	0.1810453858312467
chr19:49491885	wtdmso	wtcsc	16	24	90	149	1.1037037037037036	0.860596478555915
chr19:49491928	wtdmso	wtcsc	2	4	115	185	0.8043478260869565	1.0
chr19:49492024	wtdmso	wtcsc	4	14	121	181	0.42739079102715466	0.1454909045111384
chr19:49492072	wtdmso	wtcsc	7	13	100	158	0.8507692307692307	0.8152867344506185
chr19:49492114	wtdmso	wtcsc	27	49	45	76	0.9306122448979591	0.8796431270623037
chr19:49492168	wtdmso	wtcsc	6	18	95	146	0.512280701754386	0.191573881004483
chr19:49492218	wtdmso	wtcsc	5	9	127	194	0.8486439195100612	1.0
chr19:49496463	wtdmso	wtcsc	3	14	308	440	0.30612244897959184	0.077506957862399
chr19:49497193	wtdmso	wtcsc	6	9	270	401	0.9901234567901235	1.0
chr19:49497233	wtdmso	wtcsc	4	1	332	506	6.096385542168675	0.0853150341353913
chr19:49497259	wtdmso	wtcsc	28	47	296	434	0.8734905117883841	0.622728400057695
chr19:49497293	wtdmso	wtcsc	28	59	307	443	0.6848120134709876	0.13291904508354555
chr19:49497541	wtdmso	wtcsc	9	12	348	505	1.0883620689655173	0.8268824183121923
chr19:49497924	wtdmso	wtcsc	2	15	331	499	0.20100704934541794	0.02191589139153281
chr19:49497945	wtdmso	wtcsc	33	59	346	493	0.7969530714215735	0.37138520862941404
chr19:49497964	wtdmso	wtcsc	5	26	360	521	0.2783119658119658	0.004904356046292294
chr19:49498015	wtdmso	wtcsc	69	119	316	455	0.8348845867460909	0.319455588385412
chr19:49499528	wtdmso	wtcsc	13	17	172	302	1.3426812585499317	0.44085288285343593
chr19:49499566	wtdmso	wtcsc	8	13	366	528	0.8877679697351829	1.0
chr19:49499641	wtdmso	wtcsc	11	21	331	485	0.7675154654006617	0.5829349153617305
chr19:49556360	wtdmso	wtcsc	3	3	7	8	1.1428571428571428	1.0
chr19:49560014	wtdmso	wtcsc	1	3	9	7	0.25925925925925924	0.5820433436532508
chr19:49635331	wtdmso	wtcsc	13	24	27	23	0.46141975308641975	0.08807276356385832
chr19:49635460	wtdmso	wtcsc	8	12	30	36	0.8	0.7986589770249504
chr19:49635508	wtdmso	wtcsc	3	9	36	40	0.37037037037037035	0.21359810148914848
chr19:49635536	wtdmso	wtcsc	1	6	38	41	0.17982456140350878	0.12104164324487346
chr19:49636646	wtdmso	wtcsc	1	4	37	48	0.32432432432432434	0.3919708514826686
chr19:49636679	wtdmso	wtcsc	2	4	34	41	0.6029411764705882	0.6878149609661935
chr19:49637092	wtdmso	wtcsc	3	6	30	40	0.6666666666666666	0.7274629943976496
chr19:49637113	wtdmso	wtcsc	4	1	23	43	7.478260869565218	0.06550967445317782
chr19:49639962	wtdmso	wtcsc	2	2	29	43	1.4827586206896552	1.0
chr19:49640030	wtdmso	wtcsc	2	10	18	36	0.4	0.31949933851302836
chr19:49640044	wtdmso	wtcsc	6	6	27	43	1.5925925925925926	0.5311764431028645
chr19:49677302	wtdmso	wtcsc	4	5	7	10	1.1428571428571428	1.0
chr19:49684999	wtdmso	wtcsc	1	3	12	12	0.3333333333333333	0.6
chr19:49686128	wtdmso	wtcsc	2	4	12	12	0.5	0.6567049808429117
chr19:49688165	wtdmso	wtcsc	2	2	12	14	1.1666666666666667	1.0
chr19:49688189	wtdmso	wtcsc	1	1	21	16	0.7619047619047619	1.0
chr19:49688383	wtdmso	wtcsc	5	7	18	10	0.3968253968253968	0.2959724248934483
chr19:49688398	wtdmso	wtcsc	1	1	22	14	0.6363636363636364	1.0
chr19:49806170	wtdmso	wtcsc	3	3	7	15	2.142857142857143	0.6344959388437649
chr19:49806692	wtdmso	wtcsc	1	1	11	17	1.5454545454545454	1.0
chr19:49806765	wtdmso	wtcsc	3	5	9	10	0.6666666666666666	0.6956521739130436
chr19:49806808	wtdmso	wtcsc	9	13	4	8	1.3846153846153846	0.7270880688687913
chr19:49858573	wtdmso	wtcsc	2	7	8	19	0.6785714285714286	1.0
chr19:50379794	wtdmso	wtcsc	2	4	9	14	0.7777777777777778	1.0
chr19:50382456	wtdmso	wtcsc	3	2	8	13	2.4375	0.6195652173913044
chr19:50382635	wtdmso	wtcsc	3	8	9	12	0.5	0.4646727504733985
chr19:50382821	wtdmso	wtcsc	1	4	12	15	0.3125	0.6246722548863816
chr19:52211483	wtdmso	wtcsc	3	4	10	8	0.6	0.6727688787185355
chr19:52215836	wtdmso	wtcsc	1	4	13	18	0.34615384615384615	0.6282679738562091
chr19:52216027	wtdmso	wtcsc	3	3	12	9	0.75	1.0
chr19:52219709	wtdmso	wtcsc	4	8	11	17	0.7727272727272727	1.0
chr19:52219727	wtdmso	wtcsc	1	5	15	9	0.12	0.07249042145593868
chr19:52221112	wtdmso	wtcsc	7	3	14	27	4.5	0.07045711627867535
chr19:52222234	wtdmso	wtcsc	2	2	35	33	0.9428571428571428	1.0
chr19:52225756	wtdmso	wtcsc	6	1	35	34	5.828571428571428	0.1157857594589014
chr19:52225763	wtdmso	wtcsc	3	6	34	29	0.4264705882352941	0.3011690921247548
chr19:52225804	wtdmso	wtcsc	4	4	32	33	1.03125	1.0
chr19:52226093	wtdmso	wtcsc	1	2	37	34	0.4594594594594595	0.6095890410958904
chr19:52226191	wtdmso	wtcsc	1	2	27	29	0.5370370370370371	1.0
chr19:52226202	wtdmso	wtcsc	1	2	37	38	0.5135135135135135	1.0
chr19:52226286	wtdmso	wtcsc	2	1	33	39	2.3636363636363638	0.5957052943354313
chr19:54201217	wtdmso	wtcsc	9	7	159	207	1.673854447439353	0.3189748924373692
chr19:54201226	wtdmso	wtcsc	2	8	163	197	0.30214723926380366	0.19530812789723295
chr19:54201504	wtdmso	wtcsc	6	5	172	219	1.527906976744186	0.5477853392185804
chr19:54201565	wtdmso	wtcsc	16	39	170	196	0.4730015082956259	0.019311441846273335
chr19:54201588	wtdmso	wtcsc	4	10	177	211	0.4768361581920904	0.277395825802762
chr19:54207417	wtdmso	wtcsc	79	84	110	163	1.3936147186147185	0.11008188399557498
chr19:54207627	wtdmso	wtcsc	2	5	134	162	0.4835820895522388	0.46503022119506315
chr19:55386391	wtdmso	wtcsc	46	74	491	460	0.5823746353277921	0.0065995944642100995
chr19:55386426	wtdmso	wtcsc	2	2	476	481	1.0105042016806722	1.0
chr19:55386579	wtdmso	wtcsc	44	57	510	504	0.7628482972136222	0.21135764879181712
chr19:55386613	wtdmso	wtcsc	90	98	341	327	0.8806631156861572	0.458208829169682
chr19:55386629	wtdmso	wtcsc	5	11	470	477	0.46131528046421666	0.20695990816966536
chr19:55387961	wtdmso	wtcsc	9	14	475	442	0.5981954887218045	0.29178949579933394
chr19:55388005	wtdmso	wtcsc	7	7	510	501	0.9823529411764705	1.0
chr19:55388022	wtdmso	wtcsc	34	35	542	516	0.9248286768581971	0.8041953994741311
chr19:55388308	wtdmso	wtcsc	11	25	497	456	0.4037022132796781	0.016265425065988725
chr19:55644666	wtdmso	wtcsc	2	2	8	12	1.5	1.0
chr19:55644923	wtdmso	wtcsc	2	2	9	14	1.5555555555555556	1.0
chr19:55645197	wtdmso	wtcsc	10	23	1	3	1.3043478260869565	1.0
chr19:55645215	wtdmso	wtcsc	1	5	10	22	0.44	0.6503580094911364
chr19:55645273	wtdmso	wtcsc	2	3	8	24	2.0	0.5973819503231268
chr19:55645434	wtdmso	wtcsc	5	13	5	14	1.0769230769230769	1.0
chr19:55645551	wtdmso	wtcsc	6	7	5	18	3.085714285714286	0.1525096875976939
chr19:55645589	wtdmso	wtcsc	10	18	1	6	3.3333333333333335	0.391627952627102
chr19:55695534	wtdmso	wtcsc	1	4	9	21	0.5833333333333334	1.0
chr19:5678432	wtdmso	wtcsc	8	10	3	7	1.8666666666666667	0.6887871853546912
chr19:5678477	wtdmso	wtcsc	1	2	15	36	1.2	1.0
chr19:5678483	wtdmso	wtcsc	3	3	13	34	2.6153846153846154	0.35098486419241137
chr19:5678490	wtdmso	wtcsc	1	3	16	36	0.75	1.0
chr19:5678498	wtdmso	wtcsc	3	10	14	27	0.5785714285714286	0.5172364371442632
chr19:5679605	wtdmso	wtcsc	2	10	14	28	0.4	0.4743811866679672
chr19:5690558	wtdmso	wtcsc	12	21	188	240	0.729483282674772	0.4679590960223996
chr19:5691324	wtdmso	wtcsc	3	8	190	252	0.49736842105263157	0.36710962529724406
chr19:5691329	wtdmso	wtcsc	4	3	224	292	1.7380952380952381	0.4762083242581843
chr19:5691616	wtdmso	wtcsc	16	31	202	253	0.6464388374321303	0.2162011929039962
chr19:5691653	wtdmso	wtcsc	31	71	136	157	0.5040389395194698	0.005195336219859145
chr19:572614	wtdmso	wtcsc	8	4	57	88	3.087719298245614	0.07496597220438157
chr19:580383	wtdmso	wtcsc	9	13	98	117	0.826530612244898	0.8227947454306273
chr19:580679	wtdmso	wtcsc	15	32	90	99	0.515625	0.07059132383256952
chr19:580744	wtdmso	wtcsc	26	56	72	65	0.4191468253968254	0.003170597853267139
chr19:580768	wtdmso	wtcsc	12	24	90	102	0.5666666666666667	0.1476437078988724
chr19:580777	wtdmso	wtcsc	5	8	90	100	0.6944444444444444	0.579188327369649
chr19:581387	wtdmso	wtcsc	27	23	76	100	1.5446224256292906	0.1995303735081324
chr19:581393	wtdmso	wtcsc	37	44	81	85	0.882435465768799	0.6851933513289954
chr19:582566	wtdmso	wtcsc	28	30	117	139	1.1088319088319087	0.7713544205374436
chr19:582843	wtdmso	wtcsc	1	1	130	146	1.123076923076923	1.0
chr19:583220	wtdmso	wtcsc	6	15	134	151	0.4507462686567164	0.11622138216498681
chr19:583238	wtdmso	wtcsc	62	83	77	90	0.8731028008136442	0.5697512838156034
chr19:583345	wtdmso	wtcsc	21	37	117	127	0.6160776160776161	0.14213487667994126
chr19:583363	wtdmso	wtcsc	10	17	123	132	0.6312769010043041	0.31395044022358176
chr19:583371	wtdmso	wtcsc	20	35	121	136	0.6422668240850059	0.17926550632407684
chr19:583441	wtdmso	wtcsc	12	24	119	124	0.5210084033613446	0.1065746549259276
chr19:58387312	wtdmso	wtcsc	10	15	374	468	0.8342245989304813	0.6892052266071351
chr19:58388140	wtdmso	wtcsc	15	33	387	457	0.5367629786234437	0.05287141362430611
chr19:58388152	wtdmso	wtcsc	3	5	375	460	0.736	0.7368571707231568
chr19:58388176	wtdmso	wtcsc	13	16	402	497	1.0045087064676617	1.0
chr19:58388183	wtdmso	wtcsc	30	49	383	459	0.7337347471625726	0.23675695906143485
chr19:58388231	wtdmso	wtcsc	3	7	403	490	0.5210918114143921	0.5252307890749291
chr19:58393087	wtdmso	wtcsc	4	12	459	559	0.4059549745824256	0.13198089984387004
chr19:58393131	wtdmso	wtcsc	22	51	409	468	0.4935998849417518	0.006936235494633264
chr19:58393359	wtdmso	wtcsc	27	47	359	439	0.7024832572749363	0.17898120613568963
chr19:58393410	wtdmso	wtcsc	38	68	441	521	0.6601974122982527	0.05115535780501522
chr19:58393436	wtdmso	wtcsc	139	162	337	424	1.079532549364399	0.584497264471475
chr19:58393482	wtdmso	wtcsc	64	96	412	467	0.7556634304207119	0.12055389093007374
chr19:58394542	wtdmso	wtcsc	57	40	425	540	1.8105882352941176	0.00723012658911659
chr19:58394550	wtdmso	wtcsc	3	3	370	474	1.281081081081081	1.0
chr19:58394691	wtdmso	wtcsc	118	185	355	388	0.6971298058622002	0.00934182753331226
chr19:58545532	wtdmso	wtcsc	1	2	9	13	0.7222222222222222	1.0
chr19:58545875	wtdmso	wtcsc	1	6	9	11	0.2037037037037037	0.20401337792642138
chr19:58547625	wtdmso	wtcsc	1	3	9	25	0.9259259259259259	1.0
chr19:58548039	wtdmso	wtcsc	2	8	8	23	0.71875	1.0
chr19:58548372	wtdmso	wtcsc	2	6	9	29	1.0740740740740742	1.0
chr19:58548515	wtdmso	wtcsc	1	4	11	29	0.6590909090909091	1.0
chr19:58549124	wtdmso	wtcsc	7	14	15	25	0.8333333333333334	0.786691704225515
chr19:58549183	wtdmso	wtcsc	4	5	19	37	1.5578947368421052	0.709376554048353
chr19:58549198	wtdmso	wtcsc	4	2	18	35	3.888888888888889	0.18300060496067752
chr19:58549616	wtdmso	wtcsc	8	15	21	29	0.7365079365079366	0.6145900091084417
chr19:58549774	wtdmso	wtcsc	4	2	24	49	4.083333333333333	0.1780962253980242
chr19:58549986	wtdmso	wtcsc	3	16	25	37	0.2775	0.057768380767608464
chr19:58550147	wtdmso	wtcsc	2	1	27	48	3.5555555555555554	0.5517114464482886
chr19:58550173	wtdmso	wtcsc	2	2	32	54	1.6875	0.6311507167764435
chr19:58550278	wtdmso	wtcsc	11	16	26	48	1.2692307692307692	0.645179646388771
chr19:58550377	wtdmso	wtcsc	1	1	29	54	1.8620689655172413	1.0
chr19:58550449	wtdmso	wtcsc	4	12	35	54	0.5142857142857142	0.4007921753944338
chr19:58550631	wtdmso	wtcsc	2	13	37	46	0.19126819126819128	0.024423349824972167
chr19:58550703	wtdmso	wtcsc	1	1	26	47	1.8076923076923077	1.0
chr19:58556212	wtdmso	wtcsc	3	5	24	31	0.775	1.0
chr19:58556349	wtdmso	wtcsc	1	1	24	34	1.4166666666666667	1.0
chr19:58556373	wtdmso	wtcsc	1	6	29	26	0.14942528735632185	0.10489755926353811
chr19:58557141	wtdmso	wtcsc	8	10	18	15	0.6666666666666666	0.5653038532163125
chr19:5894723	wtdmso	wtcsc	1	4	29	29	0.25	0.3573569036287175
chr19:5896467	wtdmso	wtcsc	2	7	19	31	0.46616541353383456	0.4687248726043206
chr19:5896499	wtdmso	wtcsc	8	11	23	33	1.0434782608695652	1.0
chr19:6368555	wtdmso	wtcsc	1	10	11	19	0.17272727272727273	0.1283122892777293
chr19:6368818	wtdmso	wtcsc	1	10	10	20	0.2	0.232641538478554
chr19:6372829	wtdmso	wtcsc	2	11	9	23	0.46464646464646464	0.46655143323501685
chr19:6372972	wtdmso	wtcsc	2	10	10	25	0.5	0.7027134019947963
chr19:6374553	wtdmso	wtcsc	1	7	11	30	0.38961038961038963	0.6597711605779073
chr19:6374827	wtdmso	wtcsc	2	6	10	29	0.9666666666666667	1.0
chr19:6374972	wtdmso	wtcsc	2	3	9	30	2.2222222222222223	0.5855279150798152
chr19:7620022	wtdmso	wtcsc	1	2	9	9	0.5	1.0
chr19:7620387	wtdmso	wtcsc	1	1	9	10	1.1111111111111112	1.0
chr19:7620553	wtdmso	wtcsc	1	1	9	10	1.1111111111111112	1.0
chr19:7682490	wtdmso	wtcsc	1	2	17	20	0.5882352941176471	1.0
chr19:7682653	wtdmso	wtcsc	4	1	16	21	5.25	0.17448405253283303
chr19:7682819	wtdmso	wtcsc	3	1	12	15	3.75	0.33259176863181317
chr19:808662	wtdmso	wtcsc	2	4	8	17	1.0625	1.0
chr19:808719	wtdmso	wtcsc	1	3	10	17	0.5666666666666667	1.0
chr19:811010	wtdmso	wtcsc	2	4	12	18	0.75	1.0
chr19:811029	wtdmso	wtcsc	7	8	7	4	0.5	0.4527392650424015
chr19:811210	wtdmso	wtcsc	4	6	19	18	0.631578947368421	0.7237932292541821
chr19:811484	wtdmso	wtcsc	1	1	11	24	2.1818181818181817	1.0
chr19:811537	wtdmso	wtcsc	2	3	24	23	0.6388888888888888	1.0
chr19:811649	wtdmso	wtcsc	3	3	26	28	1.0769230769230769	1.0
chr19:811826	wtdmso	wtcsc	1	7	27	27	0.14285714285714285	0.06274615015694553
chr19:811858	wtdmso	wtcsc	1	4	14	24	0.42857142857142855	0.6426545660805445
chr19:811901	wtdmso	wtcsc	1	2	32	37	0.578125	1.0
chr19:812047	wtdmso	wtcsc	1	1	31	39	1.2580645161290323	1.0
chr19:812080	wtdmso	wtcsc	6	12	27	32	0.5925925925925926	0.4217247369864239
chr19:812145	wtdmso	wtcsc	6	7	26	37	1.2197802197802199	0.7663082890452663
chr19:812195	wtdmso	wtcsc	3	10	31	35	0.3387096774193548	0.13571928853438206
chr19:812217	wtdmso	wtcsc	1	3	12	31	0.8611111111111112	1.0
chr19:812286	wtdmso	wtcsc	6	7	6	5	0.7142857142857143	1.0
chr19:8311441	wtdmso	wtcsc	1	2	23	16	0.34782608695652173	0.567247386759582
chr19:8311504	wtdmso	wtcsc	3	3	21	14	0.6666666666666666	0.6786006901539634
chr19:8311560	wtdmso	wtcsc	1	1	23	16	0.6956521739130435	1.0
chr19:8316643	wtdmso	wtcsc	4	6	19	11	0.38596491228070173	0.2742606129702904
chr19:8320901	wtdmso	wtcsc	4	1	17	16	3.764705882352941	0.355144618302513
chr19:8321320	wtdmso	wtcsc	1	3	21	14	0.2222222222222222	0.2997531944900367
chr19:8321534	wtdmso	wtcsc	3	1	165	213	3.8727272727272726	0.3241298879436185
chr19:8321676	wtdmso	wtcsc	17	20	167	213	1.084131736526946	0.8631909750750848
chr19:8321690	wtdmso	wtcsc	2	2	174	213	1.2241379310344827	1.0
chr19:8322353	wtdmso	wtcsc	16	18	167	195	1.0379241516966067	1.0
chr19:8369314	wtdmso	wtcsc	3	11	7	19	0.7402597402597403	1.0
chr19:8371100	wtdmso	wtcsc	2	4	10	24	1.2	1.0
chr19:8371285	wtdmso	wtcsc	1	2	10	25	1.25	1.0
chr19:8371318	wtdmso	wtcsc	2	5	8	24	1.2	1.0
chr19:8371501	wtdmso	wtcsc	2	13	11	18	0.2517482517482518	0.16238638614292536
chr19:8373927	wtdmso	wtcsc	4	15	10	19	0.5066666666666667	0.3540530429175269
chr19:8374006	wtdmso	wtcsc	5	8	5	23	2.875	0.24142611803073932
chr19:8374102	wtdmso	wtcsc	8	16	2	12	3.0	0.26849848226196904
chr19:8374163	wtdmso	wtcsc	6	27	7	5	0.15873015873015872	0.021603785508542556
chr19:8374173	wtdmso	wtcsc	1	4	11	27	0.6136363636363636	1.0
chr19:8374223	wtdmso	wtcsc	3	8	11	24	0.8181818181818182	1.0
chr19:8374233	wtdmso	wtcsc	1	1	11	29	2.6363636363636362	0.4947735191637631
chr19:8374300	wtdmso	wtcsc	3	4	10	26	1.95	0.6550574516959569
chr19:9828611	wtdmso	wtcsc	3	1	32	30	2.8125	0.6161130536130537
chr19:9828853	wtdmso	wtcsc	2	2	31	26	0.8387096774193549	1.0
chr19:9828871	wtdmso	wtcsc	1	4	31	12	0.0967741935483871	0.03656360085592278
chr19:9829985	wtdmso	wtcsc	4	3	32	30	1.25	1.0
chr19:985912	wtdmso	wtcsc	3	1	9	24	8.0	0.09077144371262018
chr19:989774	wtdmso	wtcsc	1	5	22	29	0.2636363636363636	0.38462750975164095
chr19:989864	wtdmso	wtcsc	1	4	10	27	0.675	1.0
chr19:990350	wtdmso	wtcsc	1	4	20	29	0.3625	0.6377054934213646
chr19:990917	wtdmso	wtcsc	1	1	21	36	1.7142857142857142	1.0
chr19:990924	wtdmso	wtcsc	2	8	11	31	0.7045454545454546	1.0
chr19:991228	wtdmso	wtcsc	5	8	23	37	1.0054347826086956	1.0
chr19:991236	wtdmso	wtcsc	3	7	24	35	0.625	0.7292507098015395
chr19:994041	wtdmso	wtcsc	1	5	26	33	0.25384615384615383	0.38759018282088076
chr19:994231	wtdmso	wtcsc	7	7	21	35	1.6666666666666667	0.5431450317149555
chr19:994297	wtdmso	wtcsc	1	3	32	44	0.4583333333333333	0.6391153150646821
chr19:994439	wtdmso	wtcsc	21	38	11	8	0.4019138755980861	0.11029426773587836
chr19:994481	wtdmso	wtcsc	9	18	23	27	0.5869565217391305	0.3375102802191278
chr19_GL949750v2_alt:176547	wtdmso	wtcsc	2	3	11	14	0.8484848484848485	1.0
chr19_GL949750v2_alt:182399	wtdmso	wtcsc	6	7	7	10	1.2244897959183674	1.0
chr19_GL949751v2_alt:176208	wtdmso	wtcsc	1	2	22	13	0.29545454545454547	0.5501422475106686
chr19_GL949751v2_alt:176486	wtdmso	wtcsc	1	1	22	14	0.6363636363636364	1.0
chr19_GL949751v2_alt:176547	wtdmso	wtcsc	5	2	21	15	1.7857142857142858	0.6845219700997831
chr19_GL949751v2_alt:182399	wtdmso	wtcsc	13	11	16	18	1.3295454545454546	0.7901227482203396
chr19_GL949752v1_alt:176189	wtdmso	wtcsc	3	1	34	58	5.117647058823529	0.29488645257618995
chr19_GL949752v1_alt:176476	wtdmso	wtcsc	2	1	42	66	3.142857142857143	0.5614182990329779
chr19_GL949752v1_alt:176537	wtdmso	wtcsc	2	8	41	65	0.39634146341463417	0.3187107165032345
chr19_GL949752v1_alt:176560	wtdmso	wtcsc	2	2	41	67	1.6341463414634145	0.6372553060626456
chr19_GL949752v1_alt:181359	wtdmso	wtcsc	1	1	34	59	1.7352941176470589	1.0
chr19_GL949752v1_alt:182388	wtdmso	wtcsc	17	34	31	41	0.6612903225806451	0.3487395673496547
chr19_KI270938v1_alt:176547	wtdmso	wtcsc	2	2	9	12	1.3333333333333333	1.0
chr19_KI270938v1_alt:182399	wtdmso	wtcsc	2	8	10	6	0.15	0.051097052093148465
chr1:1013515	wtdmso	wtcsc	4	6	6	12	1.3333333333333333	1.0
chr1:1013990	wtdmso	wtcsc	1	3	9	20	0.7407407407407407	1.0
chr1:1014146	wtdmso	wtcsc	2	5	10	19	0.76	1.0
chr1:1014219	wtdmso	wtcsc	1	1	10	25	2.5	0.5120120120120121
chr1:1014377	wtdmso	wtcsc	1	3	10	22	0.7333333333333333	1.0
chr1:10399669	wtdmso	wtcsc	2	16	9	9	0.125	0.027490862863499124
chr1:10399681	wtdmso	wtcsc	1	6	9	17	0.3148148148148148	0.3968220862686937
chr1:10400455	wtdmso	wtcsc	1	2	10	24	1.2	1.0
chr1:10404173	wtdmso	wtcsc	1	3	9	24	0.8888888888888888	1.0
chr1:10408116	wtdmso	wtcsc	6	11	7	19	1.4805194805194806	0.7356973554529043
chr1:10408135	wtdmso	wtcsc	2	8	10	22	0.55	0.695621231526993
chr1:10413082	wtdmso	wtcsc	1	6	11	22	0.3333333333333333	0.6520793239059492
chr1:10413092	wtdmso	wtcsc	3	5	10	24	1.44	0.686084030114839
chr1:10417453	wtdmso	wtcsc	1	5	10	22	0.44	0.6503580094911364
chr1:10418870	wtdmso	wtcsc	5	10	8	22	1.375	0.7324986462731898
chr1:10418917	wtdmso	wtcsc	2	2	10	28	2.8	0.5647279549718573
chr1:10419417	wtdmso	wtcsc	3	11	12	28	0.6363636363636364	0.7326062365952897
chr1:10419664	wtdmso	wtcsc	3	13	9	19	0.48717948717948717	0.48656769348350165
chr1:10419790	wtdmso	wtcsc	1	4	10	29	0.725	1.0
chr1:10419869	wtdmso	wtcsc	6	13	10	22	1.0153846153846153	1.0
chr1:10419983	wtdmso	wtcsc	2	2	11	31	2.8181818181818183	0.5653522076171216
chr1:10420081	wtdmso	wtcsc	1	3	11	31	0.9393939393939394	1.0
chr1:109214035	wtdmso	wtcsc	2	9	10	28	0.6222222222222222	0.7084778689285708
chr1:109214077	wtdmso	wtcsc	1	4	13	22	0.4230769230769231	0.6404299035877984
chr1:109224001	wtdmso	wtcsc	1	9	14	29	0.23015873015873015	0.2489185146796024
chr1:109224013	wtdmso	wtcsc	3	5	12	21	1.05	1.0
chr1:109224027	wtdmso	wtcsc	1	2	13	22	0.8461538461538461	1.0
chr1:109228409	wtdmso	wtcsc	1	2	13	39	1.5	1.0
chr1:109229516	wtdmso	wtcsc	1	3	13	39	1.0	1.0
chr1:109230884	wtdmso	wtcsc	1	2	13	39	1.5	1.0
chr1:109231650	wtdmso	wtcsc	1	4	15	40	0.6666666666666666	1.0
chr1:109235240	wtdmso	wtcsc	1	1	12	42	3.5	0.41363636363636364
chr1:109235393	wtdmso	wtcsc	4	5	30	45	1.2	1.0
chr1:109235981	wtdmso	wtcsc	3	5	31	48	0.9290322580645162	1.0
chr1:109236007	wtdmso	wtcsc	2	3	12	37	2.0555555555555554	0.5954289472602458
chr1:109236423	wtdmso	wtcsc	4	2	43	62	2.883720930232558	0.398287585947643
chr1:109237313	wtdmso	wtcsc	1	5	53	63	0.23773584905660378	0.2259297069597911
chr1:109237731	wtdmso	wtcsc	6	15	44	51	0.4636363636363636	0.15303713466464308
chr1:109237740	wtdmso	wtcsc	2	4	38	57	0.75	1.0
chr1:109237865	wtdmso	wtcsc	6	14	52	56	0.46153846153846156	0.15062702842449116
chr1:109237888	wtdmso	wtcsc	19	14	38	56	2.0	0.10556792382100527
chr1:109237997	wtdmso	wtcsc	8	16	35	43	0.6142857142857143	0.35363536453908073
chr1:109238017	wtdmso	wtcsc	4	6	38	52	0.9122807017543859	1.0
chr1:109238068	wtdmso	wtcsc	9	11	48	48	0.8181818181818182	0.8070849079564333
chr1:109238082	wtdmso	wtcsc	22	27	34	33	0.7908496732026143	0.5760550844937093
chr1:11054833	wtdmso	wtcsc	10	7	17	9	0.7563025210084033	0.7521023471834136
chr1:11055076	wtdmso	wtcsc	7	2	22	16	2.5454545454545454	0.4488628105366037
chr1:11055784	wtdmso	wtcsc	4	1	23	18	3.130434782608696	0.3869840978031069
chr1:11056046	wtdmso	wtcsc	2	2	22	11	0.5	0.6016049663108486
chr1:11056620	wtdmso	wtcsc	9	6	18	12	1.0	1.0
chr1:11059794	wtdmso	wtcsc	2	1	23	12	1.0434782608695652	1.0
chr1:111454229	wtdmso	wtcsc	1	2	9	12	0.6666666666666666	1.0
chr1:111454303	wtdmso	wtcsc	1	1	19	11	0.5789473684210527	1.0
chr1:111454343	wtdmso	wtcsc	1	3	21	10	0.15873015873015872	0.1338235294117647
chr1:111456102	wtdmso	wtcsc	5	9	18	6	0.18518518518518517	0.03697028180441124
chr1:111459556	wtdmso	wtcsc	2	4	20	14	0.35	0.3810318415581574
chr1:111460947	wtdmso	wtcsc	3	2	20	11	0.825	1.0
chr1:111461031	wtdmso	wtcsc	2	1	21	16	1.5238095238095237	1.0
chr1:111461035	wtdmso	wtcsc	3	5	21	13	0.37142857142857144	0.25619016864203
chr1:111461254	wtdmso	wtcsc	3	6	20	13	0.325	0.2572029815932255
chr1:111461316	wtdmso	wtcsc	1	4	9	12	0.3333333333333333	0.6169048342961386
chr1:112701225	wtdmso	wtcsc	2	13	26	46	0.27218934911242604	0.1287963636753477
chr1:112701299	wtdmso	wtcsc	2	8	25	49	0.49	0.4892523828830959
chr1:112701413	wtdmso	wtcsc	7	37	21	19	0.17117117117117117	0.0004864094676348416
chr1:112701675	wtdmso	wtcsc	6	7	26	51	1.6813186813186813	0.5321058171681486
chr1:112702611	wtdmso	wtcsc	2	5	27	52	0.7703703703703704	1.0
chr1:112703099	wtdmso	wtcsc	3	1	17	48	8.470588235294118	0.07021969899398613
chr1:112703677	wtdmso	wtcsc	1	4	22	47	0.5340909090909091	1.0
chr1:112703744	wtdmso	wtcsc	1	1	23	48	2.0869565217391304	1.0
chr1:114717352	wtdmso	wtcsc	2	6	23	59	0.855072463768116	1.0
chr1:114717495	wtdmso	wtcsc	1	9	23	57	0.2753623188405797	0.27858473077846685
chr1:116393546	wtdmso	wtcsc	2	6	8	22	0.9166666666666666	1.0
chr1:116395137	wtdmso	wtcsc	3	10	9	18	0.6	0.715876990387799
chr1:116396727	wtdmso	wtcsc	5	5	19	28	1.4736842105263157	0.7274619144120866
chr1:116397933	wtdmso	wtcsc	1	6	11	24	0.36363636363636365	0.6513721680602297
chr1:116397990	wtdmso	wtcsc	8	6	16	10	0.8333333333333334	1.0
chr1:116398638	wtdmso	wtcsc	4	7	23	26	0.6459627329192547	0.7390897813015768
chr1:116398773	wtdmso	wtcsc	2	5	30	28	0.37333333333333335	0.42664985287936097
chr1:116399045	wtdmso	wtcsc	7	12	27	24	0.5185185185185185	0.2873338281978972
chr1:116399067	wtdmso	wtcsc	3	3	32	37	1.15625	1.0
chr1:116399472	wtdmso	wtcsc	13	18	18	20	0.8024691358024691	0.8081825172136312
chr1:116400953	wtdmso	wtcsc	10	11	30	29	0.8787878787878788	1.0
chr1:116401225	wtdmso	wtcsc	3	3	40	51	1.275	1.0
chr1:116401587	wtdmso	wtcsc	11	14	23	34	1.1614906832298137	0.8104245612159635
chr1:116403949	wtdmso	wtcsc	3	1	43	53	3.697674418604651	0.3313138113727215
chr1:116404535	wtdmso	wtcsc	16	19	30	39	1.0947368421052632	0.8376999351525625
chr1:116404655	wtdmso	wtcsc	1	1	49	62	1.2653061224489797	1.0
chr1:116404702	wtdmso	wtcsc	2	12	36	44	0.2037037037037037	0.03911212065227261
chr1:116404714	wtdmso	wtcsc	7	13	39	47	0.6489151873767258	0.4600711740982646
chr1:11648463	wtdmso	wtcsc	6	1	41	33	4.829268292682927	0.22930806812552318
chr1:11648468	wtdmso	wtcsc	23	23	18	9	0.5	0.22324809780527594
chr1:11648627	wtdmso	wtcsc	2	3	48	33	0.4583333333333333	0.64544039157531
chr1:11648699	wtdmso	wtcsc	4	1	45	34	3.022222222222222	0.3955950269007375
chr1:11648760	wtdmso	wtcsc	3	7	48	25	0.22321428571428573	0.04019906960135073
chr1:11649781	wtdmso	wtcsc	8	7	39	20	0.5860805860805861	0.38210113710960614
chr1:11649811	wtdmso	wtcsc	2	1	48	31	1.2916666666666667	1.0
chr1:11650070	wtdmso	wtcsc	7	5	37	27	1.0216216216216216	1.0
chr1:11650755	wtdmso	wtcsc	2	6	19	19	0.3333333333333333	0.25967207305834644
chr1:11654323	wtdmso	wtcsc	2	4	16	18	0.5625	0.672611883138199
chr1:119721208	wtdmso	wtcsc	1	1	10	16	1.6	1.0
chr1:119723374	wtdmso	wtcsc	7	15	3	23	3.577777777777778	0.15225498123363224
chr1:119723408	wtdmso	wtcsc	4	19	7	20	0.6015037593984962	0.5151786037546529
chr1:119735348	wtdmso	wtcsc	5	22	6	23	0.8712121212121212	1.0
chr1:119737126	wtdmso	wtcsc	2	7	8	33	1.1785714285714286	1.0
chr1:119740496	wtdmso	wtcsc	1	8	10	38	0.475	0.6727761152585702
chr1:119741790	wtdmso	wtcsc	4	16	7	30	1.0714285714285714	1.0
chr1:119741853	wtdmso	wtcsc	2	9	12	47	0.8703703703703703	1.0
chr1:119743017	wtdmso	wtcsc	1	5	10	43	0.86	1.0
chr1:119743926	wtdmso	wtcsc	2	1	9	53	11.777777777777779	0.07177197802197803
chr1:119744013	wtdmso	wtcsc	5	25	9	34	0.7555555555555555	0.7671219169521528
chr1:11974984	wtdmso	wtcsc	1	1	9	12	1.3333333333333333	1.0
chr1:11975066	wtdmso	wtcsc	9	9	1	3	3.0	0.5939849624060151
chr1:11975146	wtdmso	wtcsc	2	1	9	13	2.888888888888889	0.5647826086956521
chr1:11975175	wtdmso	wtcsc	10	10	1	2	2.0	1.0
chr1:11975234	wtdmso	wtcsc	5	9	6	5	0.46296296296296297	0.43466011576255215
chr1:11975261	wtdmso	wtcsc	4	1	6	13	8.666666666666666	0.1222002635046113
chr1:11975274	wtdmso	wtcsc	1	6	9	7	0.12962962962962962	0.0886207613896401
chr1:11975300	wtdmso	wtcsc	7	12	3	2	0.3888888888888889	0.614624505928854
chr1:1216960	wtdmso	wtcsc	2	5	10	8	0.32	0.3782608695652173
chr1:1217109	wtdmso	wtcsc	9	9	6	11	1.8333333333333333	0.49979203946413886
chr1:1217178	wtdmso	wtcsc	8	7	5	10	2.2857142857142856	0.46213735237644327
chr1:1217453	wtdmso	wtcsc	1	2	14	15	0.5357142857142857	1.0
chr1:1217542	wtdmso	wtcsc	9	5	4	9	4.05	0.12834612105711848
chr1:1217608	wtdmso	wtcsc	4	1	11	14	5.090909090909091	0.32950191570881227
chr1:150265686	wtdmso	wtcsc	1	1	12	15	1.25	1.0
chr1:150265701	wtdmso	wtcsc	3	5	20	11	0.33	0.23487788812866214
chr1:150265736	wtdmso	wtcsc	1	1	21	15	0.7142857142857143	1.0
chr1:150265825	wtdmso	wtcsc	7	2	17	13	2.676470588235294	0.4372315989214022
chr1:150265875	wtdmso	wtcsc	1	2	21	14	0.3333333333333333	0.5618776671408251
chr1:150265936	wtdmso	wtcsc	1	2	12	14	0.5833333333333334	1.0
chr1:150266025	wtdmso	wtcsc	4	5	20	9	0.36	0.24523848726385428
chr1:150266050	wtdmso	wtcsc	4	1	16	14	3.5	0.36497326203208547
chr1:150266113	wtdmso	wtcsc	1	4	11	10	0.22727272727272727	0.33043478260869563
chr1:150266133	wtdmso	wtcsc	3	4	8	10	0.9375	1.0
chr1:150266178	wtdmso	wtcsc	5	5	16	11	0.6875	0.7164744884433427
chr1:150266645	wtdmso	wtcsc	2	5	10	12	0.48	0.6645267110034727
chr1:150267077	wtdmso	wtcsc	1	4	12	13	0.2708333333333333	0.35486225141397554
chr1:150267361	wtdmso	wtcsc	1	2	12	12	0.5	1.0
chr1:150267381	wtdmso	wtcsc	1	2	12	8	0.3333333333333333	0.55957086391869
chr1:150268062	wtdmso	wtcsc	2	5	10	8	0.32	0.3782608695652173
chr1:150574648	wtdmso	wtcsc	2	5	9	16	0.7111111111111111	1.0
chr1:150574784	wtdmso	wtcsc	2	1	9	21	4.666666666666667	0.2520161290322581
chr1:150574795	wtdmso	wtcsc	5	7	16	15	0.6696428571428571	0.7360398489156288
chr1:150574948	wtdmso	wtcsc	4	7	6	13	1.2380952380952381	1.0
chr1:150575103	wtdmso	wtcsc	1	1	9	22	2.4444444444444446	0.5208333333333334
chr1:151399581	wtdmso	wtcsc	1	2	9	13	0.7222222222222222	1.0
chr1:151399616	wtdmso	wtcsc	4	7	25	35	0.8	1.0
chr1:151399643	wtdmso	wtcsc	4	5	29	35	0.9655172413793104	1.0
chr1:151399722	wtdmso	wtcsc	3	1	29	24	2.4827586206896552	0.6233006759322549
chr1:151399982	wtdmso	wtcsc	1	2	37	36	0.4864864864864865	1.0
chr1:151400048	wtdmso	wtcsc	7	6	32	43	1.5677083333333333	0.5503090377475313
chr1:151400468	wtdmso	wtcsc	1	1	29	26	0.896551724137931	1.0
chr1:151400505	wtdmso	wtcsc	1	4	41	45	0.27439024390243905	0.36858646971006515
chr1:151400539	wtdmso	wtcsc	8	13	41	40	0.600375234521576	0.33721826609777916
chr1:151400551	wtdmso	wtcsc	2	7	39	38	0.2783882783882784	0.16057678218458343
chr1:151401283	wtdmso	wtcsc	1	1	39	43	1.1025641025641026	1.0
chr1:151401585	wtdmso	wtcsc	1	1	54	57	1.0555555555555556	1.0
chr1:151401850	wtdmso	wtcsc	18	20	37	39	0.9486486486486486	1.0
chr1:151401878	wtdmso	wtcsc	14	21	39	37	0.6324786324786325	0.3100676963015325
chr1:151401899	wtdmso	wtcsc	6	10	50	46	0.552	0.4187028921857592
chr1:151983014	wtdmso	wtcsc	3	8	274	312	0.42700729927007297	0.235677722719509
chr1:151983025	wtdmso	wtcsc	12	18	356	407	0.7621722846441947	0.5766057702360802
chr1:151983054	wtdmso	wtcsc	34	63	330	356	0.5822029822029822	0.01677215949731023
chr1:151983202	wtdmso	wtcsc	17	53	301	318	0.3388704318936877	0.00011975760924401365
chr1:151983277	wtdmso	wtcsc	13	35	316	338	0.3972875226039783	0.004351678992577593
chr1:151983283	wtdmso	wtcsc	22	45	287	323	0.5502129307007356	0.028283471726106638
chr1:151983298	wtdmso	wtcsc	4	7	267	303	0.6484751203852327	0.5551999317875042
chr1:151983313	wtdmso	wtcsc	1	5	301	341	0.226578073089701	0.22307687490298983
chr1:151986141	wtdmso	wtcsc	34	35	295	321	1.057046004842615	0.899050786521091
chr1:151986212	wtdmso	wtcsc	24	38	235	260	0.6987681970884658	0.22453338940021716
chr1:151986240	wtdmso	wtcsc	10	15	274	313	0.7615571776155717	0.5459659993052426
chr1:152032511	wtdmso	wtcsc	2	3	100	136	0.9066666666666666	1.0
chr1:152032636	wtdmso	wtcsc	5	18	311	369	0.3295819935691318	0.031168621187107143
chr1:152032658	wtdmso	wtcsc	16	31	287	354	0.6366190850848601	0.1721733379334099
chr1:152032666	wtdmso	wtcsc	10	16	266	320	0.7518796992481203	0.5496656237358526
chr1:152032701	wtdmso	wtcsc	25	41	275	348	0.7716186252771619	0.3623644701523335
chr1:152032776	wtdmso	wtcsc	19	31	289	341	0.7231833910034602	0.30453472284001915
chr1:152032781	wtdmso	wtcsc	17	15	300	377	1.4242222222222223	0.36553276282113767
chr1:152032797	wtdmso	wtcsc	9	13	309	360	0.806572068707991	0.6695838989662188
chr1:152032812	wtdmso	wtcsc	14	19	307	384	0.921652665866621	0.8595434939437655
chr1:152032821	wtdmso	wtcsc	17	24	242	313	0.9161501377410468	0.8709291794420094
chr1:152033665	wtdmso	wtcsc	25	69	310	333	0.38920056100981765	8.903880928612037e-05
chr1:152033711	wtdmso	wtcsc	15	20	323	389	0.903250773993808	0.862562008416065
chr1:152033775	wtdmso	wtcsc	1	2	282	356	0.6312056737588653	1.0
chr1:153534673	wtdmso	wtcsc	9	20	2216	2647	0.5375225631768953	0.13607952157512168
chr1:153534762	wtdmso	wtcsc	309	484	2011	2269	0.720336701858785	3.2310470177939504e-05
chr1:153534774	wtdmso	wtcsc	81	128	2147	2513	0.7406883150908244	0.03960548333706489
chr1:153534780	wtdmso	wtcsc	44	90	2040	2371	0.5682135076252723	0.0020374231884393895
chr1:153534786	wtdmso	wtcsc	114	128	2120	2496	1.0485849056603773	0.7410030055474377
chr1:153534792	wtdmso	wtcsc	25	29	2252	2646	1.0128927543333128	1.0
chr1:153535197	wtdmso	wtcsc	27	34	7	22	2.495798319327731	0.10254824024966802
chr1:153535265	wtdmso	wtcsc	222	306	1748	2123	0.8811302553057836	0.19147787626004362
chr1:153535944	wtdmso	wtcsc	13	28	1	2	0.9285714285714286	1.0
chr1:153536005	wtdmso	wtcsc	13	14	81	63	0.7222222222222222	0.5283760758509473
chr1:153561244	wtdmso	wtcsc	1	7	14	30	0.30612244897959184	0.4120757133708106
chr1:153561361	wtdmso	wtcsc	3	7	161	258	0.686779059449867	0.747864029934616
chr1:153561394	wtdmso	wtcsc	60	133	134	262	0.8820558859836157	0.5150234066495989
chr1:153561424	wtdmso	wtcsc	12	41	204	378	0.5423242467718795	0.07079682084447766
chr1:153561431	wtdmso	wtcsc	52	82	162	347	1.358325805480277	0.14896955866856904
chr1:153561448	wtdmso	wtcsc	2	3	201	400	1.3266998341625207	1.0
chr1:153561469	wtdmso	wtcsc	12	28	183	342	0.8009367681498829	0.607183226436672
chr1:153561520	wtdmso	wtcsc	26	52	158	309	0.9778481012658228	1.0
chr1:153561532	wtdmso	wtcsc	12	23	200	396	1.0330434782608695	1.0
chr1:153561538	wtdmso	wtcsc	2	8	200	381	0.47625	0.5067489540008633
chr1:153563471	wtdmso	wtcsc	3	4	27	53	1.4722222222222223	0.6882970807523578
chr1:153563524	wtdmso	wtcsc	8	9	22	54	2.1818181818181817	0.16238264776282327
chr1:153563766	wtdmso	wtcsc	18	37	205	421	0.9990771259063942	1.0
chr1:153606904	wtdmso	wtcsc	1	2	59	69	0.5847457627118644	1.0
chr1:153607039	wtdmso	wtcsc	18	7	27	23	2.1904761904761907	0.2108666010357331
chr1:153607091	wtdmso	wtcsc	12	12	137	146	1.0656934306569343	1.0
chr1:153607185	wtdmso	wtcsc	4	13	144	147	0.3141025641025641	0.04577778121753769
chr1:153607277	wtdmso	wtcsc	21	19	107	111	1.146581406787998	0.7329505633873161
chr1:153607393	wtdmso	wtcsc	62	76	82	83	0.8257381258023107	0.42101994381988594
chr1:153607404	wtdmso	wtcsc	4	8	105	126	0.6	0.5552082815645287
chr1:153607415	wtdmso	wtcsc	1	4	126	127	0.251984126984127	0.37041272881879195
chr1:153607530	wtdmso	wtcsc	4	6	114	127	0.7426900584795322	0.7534615549709455
chr1:153607569	wtdmso	wtcsc	1	3	130	143	0.36666666666666664	0.6244959299963329
chr1:153607604	wtdmso	wtcsc	9	15	111	117	0.6324324324324324	0.39089341253066723
chr1:153607651	wtdmso	wtcsc	24	12	110	131	2.381818181818182	0.020593840740897915
chr1:153607681	wtdmso	wtcsc	7	15	116	124	0.49885057471264366	0.18095321933581898
chr1:153607690	wtdmso	wtcsc	1	5	96	105	0.21875	0.2175104535908322
chr1:153608011	wtdmso	wtcsc	12	24	113	115	0.5088495575221239	0.07522038835901235
chr1:153608098	wtdmso	wtcsc	1	6	124	124	0.16666666666666666	0.12033957025844401
chr1:153612963	wtdmso	wtcsc	5	7	107	128	0.8544726301735648	1.0
chr1:153613070	wtdmso	wtcsc	2	7	48	60	0.35714285714285715	0.29722601389216563
chr1:153614334	wtdmso	wtcsc	12	42	136	285	0.5987394957983193	0.16030953330698308
chr1:153614349	wtdmso	wtcsc	5	12	167	354	0.8832335329341318	1.0
chr1:153614417	wtdmso	wtcsc	8	20	149	312	0.8375838926174497	0.8355056127954303
chr1:153614508	wtdmso	wtcsc	6	48	146	292	0.25	0.00051168009284686
chr1:153614597	wtdmso	wtcsc	6	24	164	322	0.49085365853658536	0.16054946311278967
chr1:153614671	wtdmso	wtcsc	37	94	128	246	0.7564827127659575	0.2343271158798493
chr1:153614825	wtdmso	wtcsc	14	34	161	326	0.8337595907928389	0.6320524975382824
chr1:153614845	wtdmso	wtcsc	37	89	110	213	0.8050051072522982	0.3717165180269409
chr1:153614881	wtdmso	wtcsc	37	104	125	247	0.703	0.11218763477633058
chr1:153614965	wtdmso	wtcsc	40	114	139	244	0.615928309983592	0.02578504569601467
chr1:153614972	wtdmso	wtcsc	15	44	155	280	0.6158357771260997	0.14443138029400993
chr1:153615268	wtdmso	wtcsc	21	38	119	233	1.0820433436532508	0.7690807545987755
chr1:153615287	wtdmso	wtcsc	3	12	165	311	0.4712121212121212	0.28277430366719514
chr1:153615328	wtdmso	wtcsc	8	30	169	290	0.45759368836291914	0.05385240247711399
chr1:153615852	wtdmso	wtcsc	18	42	138	256	0.7950310559006211	0.4700754734366083
chr1:153615871	wtdmso	wtcsc	6	18	145	281	0.6459770114942529	0.5055688725592458
chr1:153615876	wtdmso	wtcsc	6	21	113	192	0.4854614412136536	0.1456789562664049
chr1:153615890	wtdmso	wtcsc	58	120	117	221	0.912962962962963	0.6958660191710573
chr1:153615898	wtdmso	wtcsc	23	51	135	255	0.8518518518518519	0.5947931313856296
chr1:153618988	wtdmso	wtcsc	1	1	11	9	0.8181818181818182	1.0
chr1:153662209	wtdmso	wtcsc	1	6	22	24	0.18181818181818182	0.12304277298727913
chr1:153662358	wtdmso	wtcsc	1	3	9	9	0.3333333333333333	0.593984962406015
chr1:153974632	wtdmso	wtcsc	1	8	10	42	0.525	1.0
chr1:153977449	wtdmso	wtcsc	1	1	9	44	4.888888888888889	0.33333333333333326
chr1:153990794	wtdmso	wtcsc	18	47	102	207	0.7772215269086358	0.46604072392723006
chr1:153990851	wtdmso	wtcsc	7	7	6	8	1.3333333333333333	1.0
chr1:153990914	wtdmso	wtcsc	2	3	10	10	0.6666666666666666	1.0
chr1:153990929	wtdmso	wtcsc	1	3	10	10	0.3333333333333333	0.5962732919254659
chr1:153991161	wtdmso	wtcsc	4	2	163	310	3.803680981595092	0.18961739859872762
chr1:153992121	wtdmso	wtcsc	2	3	130	238	1.2205128205128206	1.0
chr1:153992134	wtdmso	wtcsc	4	6	109	210	1.2844036697247707	0.7409718167889587
chr1:1541705	wtdmso	wtcsc	2	4	22	46	1.0454545454545454	1.0
chr1:1541948	wtdmso	wtcsc	3	16	7	27	0.7232142857142857	1.0
chr1:154206761	wtdmso	wtcsc	4	4	8	9	1.125	1.0
chr1:154206949	wtdmso	wtcsc	3	3	11	7	0.6363636363636364	0.6653318077803203
chr1:154206991	wtdmso	wtcsc	8	3	6	10	4.444444444444445	0.12011187388761763
chr1:154207044	wtdmso	wtcsc	5	1	8	11	6.875	0.16024844720496895
chr1:154207255	wtdmso	wtcsc	3	1	8	11	4.125	0.3167701863354037
chr1:154207370	wtdmso	wtcsc	2	1	10	12	2.4	0.5930434782608696
chr1:154207439	wtdmso	wtcsc	6	9	6	3	0.3333333333333333	0.40032305828509895
chr1:154219850	wtdmso	wtcsc	2	2	8	11	1.375	1.0
chr1:154962325	wtdmso	wtcsc	2	4	77	54	0.35064935064935066	0.4008989331288313
chr1:154962394	wtdmso	wtcsc	1	1	95	66	0.6947368421052632	1.0
chr1:154962562	wtdmso	wtcsc	2	7	76	54	0.20300751879699247	0.04245263869258635
chr1:154962583	wtdmso	wtcsc	18	10	81	56	1.2444444444444445	0.6761189024919836
chr1:154962592	wtdmso	wtcsc	29	27	52	36	0.7435897435897436	0.3957801483410385
chr1:154962625	wtdmso	wtcsc	3	3	88	56	0.6363636363636364	0.6801470141913278
chr1:154962652	wtdmso	wtcsc	20	22	79	48	0.5523590333716916	0.10666593045562808
chr1:154962709	wtdmso	wtcsc	4	3	80	60	1.0	1.0
chr1:154962793	wtdmso	wtcsc	3	3	65	36	0.5538461538461539	0.6660889490316328
chr1:154962839	wtdmso	wtcsc	20	26	54	25	0.3561253561253561	0.008291674378501254
chr1:154962930	wtdmso	wtcsc	7	2	76	47	2.164473684210526	0.4834271049275215
chr1:154962957	wtdmso	wtcsc	8	12	69	43	0.41545893719806765	0.08701683379307987
chr1:154963133	wtdmso	wtcsc	5	6	58	41	0.5890804597701149	0.524071435972927
chr1:154963271	wtdmso	wtcsc	8	10	55	35	0.509090909090909	0.20298546850196872
chr1:154963319	wtdmso	wtcsc	6	4	52	38	1.0961538461538463	1.0
chr1:154963363	wtdmso	wtcsc	4	4	57	33	0.5789473684210527	0.47126741340750766
chr1:154963377	wtdmso	wtcsc	3	4	72	47	0.4895833333333333	0.43957405041182673
chr1:154963444	wtdmso	wtcsc	1	4	59	42	0.17796610169491525	0.16403416524641054
chr1:154963470	wtdmso	wtcsc	10	6	57	38	1.1111111111111112	1.0
chr1:154963484	wtdmso	wtcsc	25	13	36	23	1.2286324786324787	0.6722433481522748
chr1:154963676	wtdmso	wtcsc	48	35	18	6	0.45714285714285713	0.15654285041968205
chr1:154963734	wtdmso	wtcsc	14	16	41	20	0.4268292682926829	0.07108959692200159
chr1:154963743	wtdmso	wtcsc	3	2	62	38	0.9193548387096774	1.0
chr1:154963808	wtdmso	wtcsc	2	5	59	29	0.19661016949152543	0.09347421748426699
chr1:154963838	wtdmso	wtcsc	32	17	30	25	1.5686274509803921	0.31869829222418056
chr1:154963872	wtdmso	wtcsc	9	5	23	7	0.5478260869565217	0.4752858061512567
chr1:154963924	wtdmso	wtcsc	10	13	48	28	0.44871794871794873	0.14616421190890055
chr1:154965645	wtdmso	wtcsc	4	2	45	29	1.288888888888889	1.0
chr1:154965959	wtdmso	wtcsc	14	4	38	26	2.3947368421052633	0.17758701300445626
chr1:154966034	wtdmso	wtcsc	4	5	43	26	0.48372093023255813	0.47067158816298205
chr1:154966222	wtdmso	wtcsc	2	5	31	23	0.2967741935483871	0.23103140668737887
chr1:154966429	wtdmso	wtcsc	13	6	23	17	1.6014492753623188	0.569563615514212
chr1:154966445	wtdmso	wtcsc	5	2	35	24	1.7142857142857142	0.6948931408212212
chr1:154966463	wtdmso	wtcsc	5	3	34	25	1.2254901960784315	1.0
chr1:154967690	wtdmso	wtcsc	2	1	34	29	1.7058823529411764	1.0
chr1:154967700	wtdmso	wtcsc	9	3	30	22	2.2	0.33826642750008323
chr1:154970123	wtdmso	wtcsc	1	1	26	9	0.34615384615384615	0.472972972972973
chr1:154970162	wtdmso	wtcsc	3	1	26	11	1.2692307692307692	1.0
chr1:154970191	wtdmso	wtcsc	1	1	26	9	0.34615384615384615	0.472972972972973
chr1:154970643	wtdmso	wtcsc	3	2	8	8	1.5	1.0
chr1:154970652	wtdmso	wtcsc	3	3	18	7	0.3888888888888889	0.35783349020278943
chr1:155059953	wtdmso	wtcsc	3	5	8	17	1.275	1.0
chr1:155060325	wtdmso	wtcsc	4	3	22	27	1.6363636363636365	0.6927656139642823
chr1:155060795	wtdmso	wtcsc	5	10	22	22	0.5	0.37046278694094015
chr1:155062501	wtdmso	wtcsc	4	4	18	26	1.4444444444444444	0.7083745986831366
chr1:155062534	wtdmso	wtcsc	3	7	8	20	1.0714285714285714	1.0
chr1:155062582	wtdmso	wtcsc	2	12	23	17	0.12318840579710146	0.006042302630992184
chr1:155062598	wtdmso	wtcsc	4	6	23	27	0.782608695652174	1.0
chr1:155062615	wtdmso	wtcsc	5	3	24	29	2.013888888888889	0.4600995403206542
chr1:155062656	wtdmso	wtcsc	1	3	22	23	0.3484848484848485	0.6119192357794181
chr1:155169439	wtdmso	wtcsc	2	5	48	59	0.49166666666666664	0.4641489332182126
chr1:155169443	wtdmso	wtcsc	2	3	41	54	0.8780487804878049	1.0
chr1:155173241	wtdmso	wtcsc	5	2	37	50	3.3783783783783785	0.23609012787176323
chr1:156009130	wtdmso	wtcsc	17	44	6	6	0.38636363636363635	0.17592545147494726
chr1:156009195	wtdmso	wtcsc	1	5	19	43	0.45263157894736844	0.6622286843972534
chr1:156009203	wtdmso	wtcsc	12	36	10	15	0.5	0.28208905314216637
chr1:156009376	wtdmso	wtcsc	5	16	14	30	0.6696428571428571	0.57232966097608
chr1:156009467	wtdmso	wtcsc	1	7	20	39	0.2785714285714286	0.41890145538021967
chr1:156009543	wtdmso	wtcsc	3	3	18	44	2.4444444444444446	0.3634788444654554
chr1:156009564	wtdmso	wtcsc	3	5	20	45	1.35	0.7009143430626372
chr1:156009622	wtdmso	wtcsc	1	1	20	41	2.05	1.0
chr1:156009645	wtdmso	wtcsc	4	14	18	36	0.5714285714285714	0.5558300542295236
chr1:156011863	wtdmso	wtcsc	1	2	20	45	1.125	1.0
chr1:156018281	wtdmso	wtcsc	1	3	19	42	0.7368421052631579	1.0
chr1:156018349	wtdmso	wtcsc	1	14	19	34	0.12781954887218044	0.05055221767655362
chr1:156020046	wtdmso	wtcsc	1	11	19	36	0.1722488038277512	0.0908634823821585
chr1:156054880	wtdmso	wtcsc	3	5	7	10	0.8571428571428571	1.0
chr1:156055417	wtdmso	wtcsc	4	11	6	4	0.24242424242424243	0.1221193969578678
chr1:156134905	wtdmso	wtcsc	4	6	6	5	0.5555555555555556	0.6699214098594903
chr1:156137176	wtdmso	wtcsc	1	3	12	22	0.6111111111111112	1.0
chr1:156137194	wtdmso	wtcsc	1	5	13	18	0.27692307692307694	0.37609300476947527
chr1:156137686	wtdmso	wtcsc	3	13	8	14	0.40384615384615385	0.295963895584389
chr1:156137723	wtdmso	wtcsc	2	1	10	11	2.2	1.0
chr1:156309126	wtdmso	wtcsc	2	3	9	37	2.740740740740741	0.29193038917694736
chr1:156310614	wtdmso	wtcsc	2	11	9	28	0.5656565656565656	0.7043965590935706
chr1:156310624	wtdmso	wtcsc	2	2	10	36	3.6	0.2399174989144595
chr1:156593424	wtdmso	wtcsc	6	6	5	4	0.8	1.0
chr1:156593484	wtdmso	wtcsc	2	2	9	8	0.8888888888888888	1.0
chr1:156594037	wtdmso	wtcsc	5	2	5	8	4.0	0.3498452012383901
chr1:156742154	wtdmso	wtcsc	5	7	40	35	0.625	0.5414569671089421
chr1:156742183	wtdmso	wtcsc	7	6	34	31	1.0637254901960784	1.0
chr1:156742300	wtdmso	wtcsc	3	8	38	35	0.34539473684210525	0.19594181427336832
chr1:156742352	wtdmso	wtcsc	5	10	24	18	0.375	0.14064405555524612
chr1:156742416	wtdmso	wtcsc	2	3	42	31	0.49206349206349204	0.648057774373564
chr1:156742755	wtdmso	wtcsc	1	4	16	21	0.328125	0.6322889776034833
chr1:15768604	wtdmso	wtcsc	2	6	9	23	0.8518518518518519	1.0
chr1:15770565	wtdmso	wtcsc	3	6	8	26	1.625	0.6717239589138566
chr1:15774618	wtdmso	wtcsc	3	10	8	16	0.6	0.7105653432945194
chr1:15784548	wtdmso	wtcsc	1	4	10	31	0.775	1.0
chr1:15784602	wtdmso	wtcsc	2	3	10	30	2.0	0.5980876752289117
chr1:15784681	wtdmso	wtcsc	3	7	8	30	1.6071428571428572	0.6753503540340902
chr1:15784715	wtdmso	wtcsc	1	21	10	17	0.08095238095238096	0.013433435744857756
chr1:15784871	wtdmso	wtcsc	5	13	9	24	1.0256410256410255	1.0
chr1:15784942	wtdmso	wtcsc	1	5	14	35	0.5	1.0
chr1:15784955	wtdmso	wtcsc	6	10	22	38	1.0363636363636364	1.0
chr1:15784981	wtdmso	wtcsc	1	5	24	44	0.36666666666666664	0.6568824274786073
chr1:15785015	wtdmso	wtcsc	1	2	10	21	1.05	1.0
chr1:15785019	wtdmso	wtcsc	1	4	27	46	0.42592592592592593	0.6490564911617542
chr1:15785134	wtdmso	wtcsc	1	1	26	51	1.9615384615384615	1.0
chr1:15785991	wtdmso	wtcsc	1	1	10	28	2.8	0.47948717948717945
chr1:15786209	wtdmso	wtcsc	2	3	9	32	2.3703703703703702	0.5798224918548477
chr1:15786321	wtdmso	wtcsc	2	4	11	35	1.5909090909090908	0.6323484713034151
chr1:15786383	wtdmso	wtcsc	3	13	12	29	0.5576923076923077	0.5173092780935618
chr1:15786486	wtdmso	wtcsc	2	5	9	33	1.4666666666666666	0.6464809715379818
chr1:159918295	wtdmso	wtcsc	21	29	69	82	0.8605697151424287	0.7432925826059239
chr1:159918351	wtdmso	wtcsc	17	28	82	97	0.7182055749128919	0.4018831002214639
chr1:159918401	wtdmso	wtcsc	17	17	41	55	1.3414634146341464	0.5481039777490687
chr1:159918554	wtdmso	wtcsc	2	5	61	74	0.4852459016393443	0.46285369704329177
chr1:159918582	wtdmso	wtcsc	2	2	62	73	1.1774193548387097	1.0
chr1:159918587	wtdmso	wtcsc	13	19	76	85	0.7652354570637119	0.5628724835657932
chr1:159918727	wtdmso	wtcsc	3	5	64	73	0.684375	0.7254165349247382
chr1:159918831	wtdmso	wtcsc	4	8	63	78	0.6190476190476191	0.5522144278663785
chr1:159918917	wtdmso	wtcsc	18	18	53	73	1.3773584905660377	0.4485336346333949
chr1:159919369	wtdmso	wtcsc	4	5	53	71	1.0716981132075472	1.0
chr1:159919671	wtdmso	wtcsc	2	8	46	47	0.2554347826086957	0.10033419198012486
chr1:159919689	wtdmso	wtcsc	2	4	52	59	0.5673076923076923	0.6850641982222674
chr1:159920348	wtdmso	wtcsc	15	24	46	49	0.6657608695652174	0.34215377170669226
chr1:159920357	wtdmso	wtcsc	11	10	48	60	1.375	0.633165902233191
chr1:159920494	wtdmso	wtcsc	4	5	36	51	1.1333333333333333	1.0
chr1:16124434	wtdmso	wtcsc	2	1	9	16	3.5555555555555554	0.5433455433455433
chr1:16124537	wtdmso	wtcsc	2	3	8	17	1.4166666666666667	1.0
chr1:16124545	wtdmso	wtcsc	1	1	9	18	2.0	1.0
chr1:16124777	wtdmso	wtcsc	3	3	8	16	2.0	0.6409751168371858
chr1:16124782	wtdmso	wtcsc	3	11	8	10	0.3409090909090909	0.26563814866760166
chr1:16124789	wtdmso	wtcsc	4	3	6	13	2.888888888888889	0.3691699604743083
chr1:16125053	wtdmso	wtcsc	4	8	6	11	0.9166666666666666	1.0
chr1:16125126	wtdmso	wtcsc	6	10	5	3	0.36	0.3904518329070759
chr1:16125236	wtdmso	wtcsc	1	1	9	10	1.1111111111111112	1.0
chr1:16125245	wtdmso	wtcsc	2	1	8	9	2.25	1.0
chr1:165649886	wtdmso	wtcsc	2	5	21	24	0.45714285714285713	0.44373856744006923
chr1:165651083	wtdmso	wtcsc	2	5	22	23	0.41818181818181815	0.430037546933667
chr1:167541058	wtdmso	wtcsc	9	37	25	40	0.3891891891891892	0.03832689481280902
chr1:167541121	wtdmso	wtcsc	5	14	33	102	1.103896103896104	1.0
chr1:167541126	wtdmso	wtcsc	16	55	20	53	0.7709090909090909	0.565878922684464
chr1:167541138	wtdmso	wtcsc	4	23	33	82	0.4321475625823452	0.2217797092945626
chr1:167541305	wtdmso	wtcsc	6	16	31	97	1.1733870967741935	0.7908224463397604
chr1:167541468	wtdmso	wtcsc	2	8	26	79	0.7596153846153846	1.0
chr1:167541549	wtdmso	wtcsc	5	17	26	77	0.8710407239819005	1.0
chr1:167541649	wtdmso	wtcsc	1	7	30	86	0.4095238095238095	0.6780412279935302
chr1:167541689	wtdmso	wtcsc	10	27	22	60	1.0101010101010102	1.0
chr1:167541781	wtdmso	wtcsc	2	4	22	68	1.5454545454545454	0.6377782532462297
chr1:167542127	wtdmso	wtcsc	1	8	33	68	0.25757575757575757	0.26960674599315654
chr1:167542291	wtdmso	wtcsc	2	6	36	77	0.7129629629629629	1.0
chr1:167546131	wtdmso	wtcsc	11	27	20	47	0.9574074074074074	1.0
chr1:167546144	wtdmso	wtcsc	1	10	18	57	0.31666666666666665	0.4427921209257957
chr1:167546157	wtdmso	wtcsc	6	18	32	62	0.6458333333333334	0.4698849808516751
chr1:167548006	wtdmso	wtcsc	5	8	31	74	1.4919354838709677	0.5322937590950214
chr1:167548012	wtdmso	wtcsc	4	21	34	66	0.3697478991596639	0.0931178023880136
chr1:167548093	wtdmso	wtcsc	2	7	27	57	0.6031746031746031	0.7151734933154741
chr1:167548099	wtdmso	wtcsc	1	3	26	69	0.8846153846153846	1.0
chr1:167553625	wtdmso	wtcsc	11	22	22	52	1.1818181818181819	0.821186357238658
chr1:167553634	wtdmso	wtcsc	2	7	32	74	0.6607142857142857	1.0
chr1:17022665	wtdmso	wtcsc	3	12	7	32	1.1428571428571428	1.0
chr1:173477488	wtdmso	wtcsc	3	1	64	87	4.078125	0.31621273297094726
chr1:173481354	wtdmso	wtcsc	2	9	65	73	0.24957264957264957	0.11211764275666669
chr1:173481450	wtdmso	wtcsc	1	2	77	96	0.6233766233766234	1.0
chr1:173481462	wtdmso	wtcsc	2	9	81	93	0.2551440329218107	0.11491216234459575
chr1:173485495	wtdmso	wtcsc	16	22	72	91	0.9191919191919192	0.8576294866818847
chr1:173486321	wtdmso	wtcsc	10	19	79	98	0.6528980679546968	0.41896093497149645
chr1:173486362	wtdmso	wtcsc	2	2	77	100	1.2987012987012987	1.0
chr1:173487787	wtdmso	wtcsc	9	7	79	111	1.806509945750452	0.29805668015843284
chr1:173487938	wtdmso	wtcsc	5	11	82	99	0.5487804878048781	0.3076262607915826
chr1:173863972	wtdmso	wtcsc	1	7	118	142	0.17191283292978207	0.0799274942605414
chr1:173864017	wtdmso	wtcsc	1	8	116	144	0.15517241379310345	0.08226383123519967
chr1:173864292	wtdmso	wtcsc	2	4	116	158	0.6810344827586207	1.0
chr1:173864487	wtdmso	wtcsc	2	5	115	154	0.5356521739130434	0.7025381648777258
chr1:173864702	wtdmso	wtcsc	10	31	89	99	0.35882566147154765	0.008677238878174603
chr1:173865263	wtdmso	wtcsc	11	25	109	134	0.5409174311926606	0.1482581223796946
chr1:173865502	wtdmso	wtcsc	1	1	67	95	1.4179104477611941	1.0
chr1:173865518	wtdmso	wtcsc	5	9	101	122	0.671067106710671	0.585450623059181
chr1:173865873	wtdmso	wtcsc	2	3	95	126	0.8842105263157894	1.0
chr1:173866198	wtdmso	wtcsc	1	4	110	130	0.29545454545454547	0.3809944356392443
chr1:173866547	wtdmso	wtcsc	1	6	115	150	0.21739130434782608	0.24455468401671188
chr1:1785330	wtdmso	wtcsc	4	12	26	48	0.6153846153846154	0.5639580555006721
chr1:1785504	wtdmso	wtcsc	1	2	28	55	0.9821428571428571	1.0
chr1:1785515	wtdmso	wtcsc	1	9	25	50	0.2222222222222222	0.16572056336852586
chr1:1785596	wtdmso	wtcsc	1	7	28	50	0.25510204081632654	0.2571742988720455
chr1:1785984	wtdmso	wtcsc	1	1	10	32	3.2	0.4418604651162791
chr1:1786856	wtdmso	wtcsc	2	2	34	60	1.7647058823529411	0.6230856965683724
chr1:1786944	wtdmso	wtcsc	14	32	20	34	0.74375	0.53060361881302
chr1:1787026	wtdmso	wtcsc	1	2	33	60	0.9090909090909091	1.0
chr1:1787034	wtdmso	wtcsc	1	3	35	57	0.5428571428571428	1.0
chr1:1787334	wtdmso	wtcsc	5	16	29	47	0.5064655172413793	0.30358170857336797
chr1:1787392	wtdmso	wtcsc	7	25	26	39	0.42	0.11018980801519065
chr1:1789181	wtdmso	wtcsc	3	12	19	42	0.5526315789473685	0.5316586070171606
chr1:1789195	wtdmso	wtcsc	1	4	31	50	0.4032258064516129	0.6467387206370632
chr1:1790410	wtdmso	wtcsc	3	8	25	43	0.645	0.7376899304008672
chr1:1790502	wtdmso	wtcsc	1	4	29	40	0.3448275862068966	0.6423598980033478
chr1:1790547	wtdmso	wtcsc	1	4	24	41	0.4270833333333333	0.6482694310689883
chr1:1793280	wtdmso	wtcsc	1	1	26	47	1.8076923076923077	1.0
chr1:180197451	wtdmso	wtcsc	1	8	11	17	0.19318181818181818	0.22038000180380604
chr1:180197575	wtdmso	wtcsc	1	1	10	23	2.3	0.5361344537815124
chr1:1804425	wtdmso	wtcsc	3	7	27	42	0.6666666666666666	0.733996224805426
chr1:1804466	wtdmso	wtcsc	1	6	10	33	0.55	1.0
chr1:1804519	wtdmso	wtcsc	1	2	22	38	0.8636363636363636	1.0
chr1:1804544	wtdmso	wtcsc	2	2	21	29	1.380952380952381	1.0
chr1:1806493	wtdmso	wtcsc	1	4	10	20	0.5	1.0
chr1:1806507	wtdmso	wtcsc	1	3	23	19	0.2753623188405797	0.33643410852713174
chr1:1815810	wtdmso	wtcsc	1	6	21	26	0.20634920634920634	0.21977290190386745
chr1:1825406	wtdmso	wtcsc	2	2	18	35	1.9444444444444444	0.6065922381711855
chr1:183186331	wtdmso	wtcsc	1	1	10	13	1.3	1.0
chr1:183207926	wtdmso	wtcsc	7	7	4	20	5.0	0.06072950923352299
chr1:183207939	wtdmso	wtcsc	2	2	10	24	2.4	0.5773216825848406
chr1:183208036	wtdmso	wtcsc	1	5	12	25	0.4166666666666667	0.6493715855151208
chr1:183215473	wtdmso	wtcsc	2	4	10	24	1.2	1.0
chr1:183215508	wtdmso	wtcsc	2	1	11	27	4.909090909090909	0.23170731707317077
chr1:183215575	wtdmso	wtcsc	1	2	12	29	1.2083333333333333	1.0
chr1:183218403	wtdmso	wtcsc	4	11	11	20	0.6611570247933884	0.7397313595057488
chr1:183218409	wtdmso	wtcsc	1	2	13	31	1.1923076923076923	1.0
chr1:183223185	wtdmso	wtcsc	2	6	11	24	0.7272727272727273	1.0
chr1:183226770	wtdmso	wtcsc	2	5	11	27	0.9818181818181818	1.0
chr1:183226880	wtdmso	wtcsc	4	8	10	30	1.5	0.7124895460263805
chr1:183228412	wtdmso	wtcsc	1	5	13	30	0.46153846153846156	0.6592661116250387
chr1:183228425	wtdmso	wtcsc	5	3	10	38	6.333333333333333	0.0256152775575639
chr1:183228475	wtdmso	wtcsc	1	5	13	28	0.4307692307692308	0.6532065486306822
chr1:183228499	wtdmso	wtcsc	1	3	14	38	0.9047619047619048	1.0
chr1:183228583	wtdmso	wtcsc	2	8	13	29	0.5576923076923077	0.7038917453692748
chr1:183235608	wtdmso	wtcsc	2	2	22	68	3.090909090909091	0.2685180296710839
chr1:183235617	wtdmso	wtcsc	1	11	26	75	0.26223776223776224	0.28786576240515954
chr1:183235624	wtdmso	wtcsc	6	9	22	83	2.515151515151515	0.11328254137126571
chr1:183236493	wtdmso	wtcsc	3	1	27	82	9.11111111111111	0.056592594203213685
chr1:183237451	wtdmso	wtcsc	3	6	45	113	1.2555555555555555	0.717383445434109
chr1:183239369	wtdmso	wtcsc	3	14	56	116	0.44387755102040816	0.2770091911757655
chr1:183239381	wtdmso	wtcsc	5	4	54	118	2.7314814814814814	0.15395680169552775
chr1:183239456	wtdmso	wtcsc	6	14	58	151	1.1157635467980296	0.798829321915412
chr1:183239461	wtdmso	wtcsc	1	1	64	153	2.390625	0.5064722885509613
chr1:183239559	wtdmso	wtcsc	38	93	61	136	0.9109818438216112	0.7147411437522315
chr1:183240055	wtdmso	wtcsc	36	96	86	156	0.6802325581395349	0.1077938541283876
chr1:183240072	wtdmso	wtcsc	11	32	113	219	0.6662057522123894	0.30481220164346035
chr1:183240104	wtdmso	wtcsc	30	84	104	177	0.6078296703296703	0.04640484649139514
chr1:183240172	wtdmso	wtcsc	4	12	145	254	0.5839080459770115	0.4339430259710252
chr1:183240352	wtdmso	wtcsc	2	16	159	274	0.21540880503144655	0.025080592823697286
chr1:183243146	wtdmso	wtcsc	6	29	115	152	0.2734632683658171	0.0030675497008854327
chr1:183243211	wtdmso	wtcsc	1	3	168	279	0.5535714285714286	1.0
chr1:183243332	wtdmso	wtcsc	41	87	159	249	0.7380177835610496	0.1738007456791617
chr1:183243341	wtdmso	wtcsc	28	51	175	275	0.8627450980392157	0.6167957213155467
chr1:183243350	wtdmso	wtcsc	51	80	142	242	1.086443661971831	0.7539523104628741
chr1:183243487	wtdmso	wtcsc	22	65	188	298	0.5364975450081833	0.021270377250381216
chr1:183243495	wtdmso	wtcsc	15	30	202	351	0.8688118811881188	0.748420161456701
chr1:183243526	wtdmso	wtcsc	15	29	85	159	0.9675456389452333	1.0
chr1:183243531	wtdmso	wtcsc	20	40	183	304	0.8306010928961749	0.5729122120320689
chr1:183243645	wtdmso	wtcsc	34	73	166	287	0.8052483908235682	0.3710273091633425
chr1:183243659	wtdmso	wtcsc	89	185	115	169	0.7069800235017626	0.053360145628998046
chr1:183243672	wtdmso	wtcsc	6	16	184	324	0.6603260869565217	0.49841173109403797
chr1:183243676	wtdmso	wtcsc	12	41	213	330	0.45345242184816215	0.017582101599538984
chr1:183243732	wtdmso	wtcsc	33	76	152	245	0.6998788088642659	0.1444417824235959
chr1:183243777	wtdmso	wtcsc	23	82	204	282	0.38773314203730275	9.887844138065935e-05
chr1:183243790	wtdmso	wtcsc	17	38	227	376	0.7410155344307906	0.3823536166849737
chr1:183243796	wtdmso	wtcsc	49	128	179	255	0.5453474162011173	0.0017040112863451876
chr1:183243832	wtdmso	wtcsc	18	28	191	333	1.1207928197456993	0.7507016522366516
chr1:183243942	wtdmso	wtcsc	98	161	168	288	1.0434782608695652	0.8094749422288863
chr1:183243992	wtdmso	wtcsc	30	65	217	350	0.7444168734491315	0.2517049601075011
chr1:183244056	wtdmso	wtcsc	36	84	174	276	0.6798029556650246	0.0886832515057754
chr1:183244067	wtdmso	wtcsc	12	23	252	425	0.8799171842650103	0.8579969643139811
chr1:183244258	wtdmso	wtcsc	118	189	111	153	0.8605748605748605	0.3928169564713411
chr1:183244474	wtdmso	wtcsc	11	15	250	391	1.1469333333333334	0.8380740184534003
chr1:183244483	wtdmso	wtcsc	1	4	275	405	0.36818181818181817	0.653166696273974
chr1:183244526	wtdmso	wtcsc	12	17	230	349	1.0710997442455243	0.8484916017994899
chr1:183244553	wtdmso	wtcsc	10	23	153	229	0.6507530548451265	0.35333543893077374
chr1:183244561	wtdmso	wtcsc	2	16	95	151	0.1986842105263158	0.02147380286045237
chr1:183244628	wtdmso	wtcsc	26	51	96	142	0.7540849673202614	0.34704037705755975
chr1:183244754	wtdmso	wtcsc	28	49	79	113	0.8173598553345389	0.4936858921248787
chr1:183244795	wtdmso	wtcsc	4	5	114	174	1.2210526315789474	0.7444389872165492
chr1:183244825	wtdmso	wtcsc	3	5	116	169	0.8741379310344828	1.0
chr1:183244888	wtdmso	wtcsc	10	7	88	143	2.3214285714285716	0.12240260082354851
chr1:183626312	wtdmso	wtcsc	1	3	9	19	0.7037037037037037	1.0
chr1:183626324	wtdmso	wtcsc	3	7	7	15	0.9183673469387755	1.0
chr1:19304001	wtdmso	wtcsc	1	3	9	9	0.3333333333333333	0.593984962406015
chr1:19304142	wtdmso	wtcsc	1	3	9	9	0.3333333333333333	0.593984962406015
chr1:19307089	wtdmso	wtcsc	1	3	9	8	0.2962962962962963	0.5864661654135339
chr1:19307344	wtdmso	wtcsc	1	1	9	11	1.2222222222222223	1.0
chr1:19311914	wtdmso	wtcsc	4	2	7	8	2.2857142857142856	0.6351172047766473
chr1:19339050	wtdmso	wtcsc	1	2	22	35	0.7954545454545454	1.0
chr1:19339114	wtdmso	wtcsc	3	5	23	36	0.9391304347826087	1.0
chr1:19339142	wtdmso	wtcsc	10	9	23	40	1.932367149758454	0.28643490372098324
chr1:19339146	wtdmso	wtcsc	11	20	18	21	0.6416666666666667	0.4655312126981539
chr1:19339293	wtdmso	wtcsc	1	1	11	31	2.8181818181818183	0.47568710359408034
chr1:19339403	wtdmso	wtcsc	1	2	27	50	0.9259259259259259	1.0
chr1:19339470	wtdmso	wtcsc	1	1	29	47	1.6206896551724137	1.0
chr1:19345226	wtdmso	wtcsc	5	15	22	31	0.4696969696969697	0.27806989824372985
chr1:19345236	wtdmso	wtcsc	1	6	26	44	0.28205128205128205	0.4106340050367589
chr1:19356659	wtdmso	wtcsc	4	7	19	42	1.263157894736842	0.7357356968076331
chr1:19385513	wtdmso	wtcsc	3	9	19	33	0.5789473684210527	0.5207870875912816
chr1:19597076	wtdmso	wtcsc	2	1	8	13	3.25	0.5503952569169961
chr1:19626400	wtdmso	wtcsc	2	3	8	10	0.8333333333333334	1.0
chr1:19658093	wtdmso	wtcsc	3	1	31	19	1.8387096774193548	1.0
chr1:19658103	wtdmso	wtcsc	3	2	34	8	0.35294117647058826	0.28527340396195683
chr1:19658127	wtdmso	wtcsc	16	7	23	13	1.2919254658385093	0.780389599752149
chr1:19658225	wtdmso	wtcsc	1	1	37	9	0.24324324324324326	0.3767730496453901
chr1:201332412	wtdmso	wtcsc	1	2	12	8	0.3333333333333333	0.55957086391869
chr1:201332442	wtdmso	wtcsc	1	2	23	8	0.17391304347826086	0.2005347593582887
chr1:201332597	wtdmso	wtcsc	5	4	22	18	1.0227272727272727	1.0
chr1:201332603	wtdmso	wtcsc	6	8	19	15	0.5921052631578947	0.5292991622462062
chr1:201332698	wtdmso	wtcsc	1	7	26	14	0.07692307692307693	0.014742652262112563
chr1:201332718	wtdmso	wtcsc	1	1	25	9	0.36	0.4841269841269841
chr1:201332768	wtdmso	wtcsc	13	15	12	9	0.65	0.5671848057206982
chr1:201332781	wtdmso	wtcsc	1	2	21	24	0.5714285714285714	1.0
chr1:201332787	wtdmso	wtcsc	5	5	22	17	0.7727272727272727	0.7365101107362244
chr1:201465661	wtdmso	wtcsc	3	2	22	38	2.590909090909091	0.3645494951021127
chr1:201465737	wtdmso	wtcsc	21	30	6	8	0.9333333333333333	1.0
chr1:201465890	wtdmso	wtcsc	19	29	3	9	1.9655172413793103	0.5068663995929304
chr1:201465998	wtdmso	wtcsc	8	12	4	24	4.0	0.08838187325195167
chr1:201466007	wtdmso	wtcsc	14	14	12	27	2.25	0.13292418171074596
chr1:201468422	wtdmso	wtcsc	1	11	11	23	0.19008264462809918	0.14055051224038453
chr1:201468449	wtdmso	wtcsc	1	4	10	33	0.825	1.0
chr1:201468466	wtdmso	wtcsc	1	3	9	32	1.1851851851851851	1.0
chr1:201483727	wtdmso	wtcsc	1	7	9	20	0.31746031746031744	0.40406034808311847
chr1:203865059	wtdmso	wtcsc	4	1	18	19	4.222222222222222	0.34646654158849277
chr1:203870003	wtdmso	wtcsc	2	3	20	14	0.4666666666666667	0.6362354257091101
chr1:20652868	wtdmso	wtcsc	1	1	12	28	2.3333333333333335	0.5284552845528455
chr1:20653633	wtdmso	wtcsc	6	5	22	27	1.4727272727272727	0.7401210469881319
chr1:20653664	wtdmso	wtcsc	3	7	19	19	0.42857142857142855	0.30713282887405813
chr1:20653763	wtdmso	wtcsc	1	1	29	37	1.2758620689655173	1.0
chr1:20654315	wtdmso	wtcsc	2	4	22	26	0.5909090909090909	0.6818295775010534
chr1:20654348	wtdmso	wtcsc	3	3	18	13	0.7222222222222222	1.0
chr1:20655505	wtdmso	wtcsc	10	5	11	23	4.181818181818182	0.03279595698224487
chr1:209428854	wtdmso	wtcsc	7	5	44	29	0.9227272727272727	1.0
chr1:209428937	wtdmso	wtcsc	1	1	64	56	0.875	1.0
chr1:209429155	wtdmso	wtcsc	4	9	7	8	0.5079365079365079	0.46006864988558355
chr1:209429217	wtdmso	wtcsc	19	25	66	40	0.46060606060606063	0.04592540801913715
chr1:209429336	wtdmso	wtcsc	22	14	51	45	1.3865546218487395	0.4384791884836501
chr1:209429389	wtdmso	wtcsc	41	41	48	32	0.6666666666666666	0.21092256533204007
chr1:209430424	wtdmso	wtcsc	5	7	56	44	0.5612244897959183	0.37496485448011796
chr1:209431747	wtdmso	wtcsc	4	7	75	60	0.45714285714285713	0.3459899873148538
chr1:209431786	wtdmso	wtcsc	8	5	75	64	1.3653333333333333	0.7727338617144087
chr1:209431808	wtdmso	wtcsc	2	4	88	68	0.38636363636363635	0.4078134136832128
chr1:209432337	wtdmso	wtcsc	3	2	87	68	1.1724137931034482	1.0
chr1:209432343	wtdmso	wtcsc	27	21	63	50	1.0204081632653061	1.0
chr1:209432357	wtdmso	wtcsc	20	12	52	47	1.5064102564102564	0.41440562839458667
chr1:209432460	wtdmso	wtcsc	11	14	64	50	0.6138392857142857	0.27921646812242673
chr1:209432513	wtdmso	wtcsc	4	4	88	62	0.7045454545454546	0.7202797045432072
chr1:209614946	wtdmso	wtcsc	76	290	431	853	0.5186654932394592	1.8621749794987318e-06
chr1:209614959	wtdmso	wtcsc	65	159	470	1000	0.8697979392479593	0.39676421623112823
chr1:209615037	wtdmso	wtcsc	23	42	551	1237	1.2294097312246133	0.4167179376971973
chr1:209615069	wtdmso	wtcsc	20	36	491	1095	1.238968092328581	0.46422282717749114
chr1:209615073	wtdmso	wtcsc	7	16	544	1233	0.9916130514705882	1.0
chr1:209615086	wtdmso	wtcsc	229	575	171	332	0.7732316297991355	0.03620535009902116
chr1:209615148	wtdmso	wtcsc	43	135	447	959	0.6833540475598641	0.03895961289642117
chr1:209615177	wtdmso	wtcsc	139	312	420	945	1.0024038461538463	1.0
chr1:209615313	wtdmso	wtcsc	9	43	508	1158	0.47711041933711773	0.045410242617776125
chr1:209615342	wtdmso	wtcsc	202	570	224	463	0.7325031328320802	0.007938072754438568
chr1:209615347	wtdmso	wtcsc	2	12	482	1065	0.3682572614107884	0.24852753190643243
chr1:209615352	wtdmso	wtcsc	8	41	405	878	0.4230051189400783	0.02660175206421053
chr1:209615406	wtdmso	wtcsc	1	1	497	1112	2.237424547283702	0.5228240628289207
chr1:209616481	wtdmso	wtcsc	4	10	458	999	0.8724890829694323	1.0
chr1:209616497	wtdmso	wtcsc	2	5	436	1042	0.9559633027522936	1.0
chr1:209616524	wtdmso	wtcsc	5	28	429	1038	0.4320679320679321	0.08290212359797891
chr1:209616583	wtdmso	wtcsc	22	64	353	854	0.8316218130311614	0.5391588587430622
chr1:209617516	wtdmso	wtcsc	6	24	199	642	0.8065326633165829	0.8270471881367176
chr1:209617524	wtdmso	wtcsc	11	48	183	604	0.7563752276867031	0.52095089054192
chr1:209617540	wtdmso	wtcsc	19	68	157	504	0.8969651554889472	0.7883985145732242
chr1:209617549	wtdmso	wtcsc	11	61	162	510	0.567698846387371	0.10636771557055108
chr1:209617919	wtdmso	wtcsc	7	21	138	485	1.171497584541063	0.6503517896815356
chr1:209617961	wtdmso	wtcsc	19	44	134	505	1.6273744911804613	0.10877404688760958
chr1:209617986	wtdmso	wtcsc	10	74	147	456	0.41919470490899063	0.011911281816396009
chr1:209618000	wtdmso	wtcsc	21	94	128	444	0.7749335106382979	0.3857396559147038
chr1:209618496	wtdmso	wtcsc	4	29	125	469	0.5175172413793103	0.2724001571934455
chr1:209618506	wtdmso	wtcsc	3	15	137	490	0.7153284671532847	0.7758876726082773
chr1:209618523	wtdmso	wtcsc	3	37	132	472	0.28992628992628994	0.02767118039807087
chr1:209618589	wtdmso	wtcsc	2	8	119	439	0.9222689075630253	1.0
chr1:209618658	wtdmso	wtcsc	3	21	118	420	0.5084745762711864	0.444499485869506
chr1:209622538	wtdmso	wtcsc	1	2	112	418	1.8660714285714286	0.5114531327842614
chr1:209622546	wtdmso	wtcsc	3	33	95	328	0.3138755980861244	0.05510778976964309
chr1:209622992	wtdmso	wtcsc	3	30	89	305	0.34269662921348315	0.0788738974073748
chr1:209623521	wtdmso	wtcsc	6	26	90	292	0.7487179487179487	0.665064221415362
chr1:209623526	wtdmso	wtcsc	10	48	49	217	0.9226190476190477	1.0
chr1:209623631	wtdmso	wtcsc	13	55	85	307	0.8536898395721925	0.7488330831173154
chr1:209623643	wtdmso	wtcsc	4	12	83	295	1.1847389558232932	0.760858384501452
chr1:209623934	wtdmso	wtcsc	2	7	82	315	1.0975609756097562	1.0
chr1:209623995	wtdmso	wtcsc	19	93	71	258	0.7423898228078146	0.34292433797793187
chr1:209625773	wtdmso	wtcsc	9	38	74	291	0.9313655761024182	1.0
chr1:209625820	wtdmso	wtcsc	5	24	68	296	0.9068627450980392	1.0
chr1:209625851	wtdmso	wtcsc	3	53	54	197	0.20649895178197064	0.0038306181177361395
chr1:209625929	wtdmso	wtcsc	3	11	67	300	1.2211668928086838	0.7278445026523088
chr1:209625945	wtdmso	wtcsc	1	16	56	235	0.2622767857142857	0.21435573789671425
chr1:209626002	wtdmso	wtcsc	3	18	64	257	0.6692708333333334	0.7767239423616425
chr1:209626019	wtdmso	wtcsc	21	115	45	187	0.758840579710145	0.3989854022503928
chr1:209626896	wtdmso	wtcsc	11	63	49	223	0.7946226109491416	0.6058054227720282
chr1:209626901	wtdmso	wtcsc	2	11	53	245	0.8404802744425386	1.0
chr1:209627430	wtdmso	wtcsc	13	65	47	232	0.9872340425531915	1.0
chr1:209627479	wtdmso	wtcsc	3	23	59	265	0.5858511422254974	0.5929476736561134
chr1:209627545	wtdmso	wtcsc	2	10	52	254	0.9769230769230769	1.0
chr1:209627572	wtdmso	wtcsc	6	66	51	213	0.37967914438502676	0.032501614782705454
chr1:209628065	wtdmso	wtcsc	4	31	52	242	0.6004962779156328	0.4771793893454221
chr1:209628090	wtdmso	wtcsc	5	14	56	246	1.5688775510204083	0.3753698787116488
chr1:209628136	wtdmso	wtcsc	6	25	49	222	1.0873469387755101	0.8090297340487185
chr1:209628144	wtdmso	wtcsc	8	34	52	241	1.090497737556561	0.8306478881343768
chr1:209629745	wtdmso	wtcsc	2	21	54	224	0.3950617283950617	0.27143568587276967
chr1:209629774	wtdmso	wtcsc	11	36	37	201	1.65990990990991	0.20233672592261426
chr1:209629807	wtdmso	wtcsc	19	82	37	165	1.0332893869479236	1.0
chr1:209629825	wtdmso	wtcsc	5	41	40	155	0.4725609756097561	0.14662282921169464
chr1:209629837	wtdmso	wtcsc	7	34	48	220	0.9436274509803921	1.0
chr1:209629885	wtdmso	wtcsc	1	6	52	225	0.7211538461538461	1.0
chr1:209630648	wtdmso	wtcsc	1	3	49	211	1.435374149659864	0.5705523614353935
chr1:209632757	wtdmso	wtcsc	1	7	45	199	0.6317460317460317	1.0
chr1:209634586	wtdmso	wtcsc	1	10	36	170	0.4722222222222222	0.694580097125498
chr1:209637974	wtdmso	wtcsc	6	28	32	153	1.0245535714285714	1.0
chr1:209638622	wtdmso	wtcsc	10	69	21	104	0.717736369910283	0.5486955078947489
chr1:209649986	wtdmso	wtcsc	4	30	25	122	0.6506666666666666	0.606412588730084
chr1:209649998	wtdmso	wtcsc	4	12	23	125	1.8115942028985508	0.30472285346997074
chr1:209650002	wtdmso	wtcsc	4	47	27	116	0.3656422379826635	0.07614539867044925
chr1:209650034	wtdmso	wtcsc	3	16	27	149	1.0347222222222223	1.0
chr1:209650051	wtdmso	wtcsc	2	9	26	141	1.205128205128205	0.6847716003769306
chr1:209650938	wtdmso	wtcsc	3	21	30	134	0.638095238095238	0.7734833978580775
chr1:209652379	wtdmso	wtcsc	5	32	21	98	0.7291666666666666	0.6242728161652064
chr1:209675481	wtdmso	wtcsc	7	19	70	186	0.9789473684210527	1.0
chr1:209675816	wtdmso	wtcsc	31	62	78	184	1.1794871794871795	0.5163134026088233
chr1:209675856	wtdmso	wtcsc	2	9	111	241	0.4824824824824825	0.5136639313318749
chr1:209675946	wtdmso	wtcsc	24	67	77	166	0.7722426826904439	0.422193611700441
chr1:209675998	wtdmso	wtcsc	78	175	68	117	0.766890756302521	0.21838075773134863
chr1:209676008	wtdmso	wtcsc	1	17	142	257	0.10646230323115162	0.008991515063764978
chr1:209676037	wtdmso	wtcsc	3	13	142	284	0.46153846153846156	0.2852173355896741
chr1:209676043	wtdmso	wtcsc	31	60	107	231	1.1154205607476635	0.7048910519511034
chr1:209676047	wtdmso	wtcsc	16	24	86	192	1.4883720930232558	0.2784307655552251
chr1:209676067	wtdmso	wtcsc	16	42	99	214	0.8234728234728235	0.6433584336387663
chr1:209676095	wtdmso	wtcsc	13	39	135	238	0.5876543209876544	0.12249394923217466
chr1:209676139	wtdmso	wtcsc	16	72	4	7	0.3888888888888889	0.22523915088257018
chr1:209676162	wtdmso	wtcsc	4	7	116	245	1.206896551724138	0.7514531571993996
chr1:209676171	wtdmso	wtcsc	67	146	52	91	0.803082191780822	0.3602870753469011
chr1:209676175	wtdmso	wtcsc	26	66	81	142	0.6906098017209128	0.1917477905263701
chr1:209676245	wtdmso	wtcsc	6	7	96	202	1.8035714285714286	0.3662459104045544
chr1:209676346	wtdmso	wtcsc	18	37	75	168	1.0897297297297297	0.8720942109213102
chr1:209676375	wtdmso	wtcsc	3	8	60	169	1.05625	1.0
chr1:209785739	wtdmso	wtcsc	1	3	9	25	0.9259259259259259	1.0
chr1:209785786	wtdmso	wtcsc	2	7	20	25	0.35714285714285715	0.2825089332680343
chr1:209785951	wtdmso	wtcsc	2	1	20	29	2.9	0.5669683257918552
chr1:209785966	wtdmso	wtcsc	1	1	20	27	1.35	1.0
chr1:212444383	wtdmso	wtcsc	2	7	22	29	0.37662337662337664	0.2929821242758676
chr1:212444437	wtdmso	wtcsc	2	2	22	38	1.7272727272727273	0.6268036564176173
chr1:212445849	wtdmso	wtcsc	5	7	21	33	1.1224489795918366	1.0
chr1:212445956	wtdmso	wtcsc	6	10	15	21	0.84	1.0
chr1:212445971	wtdmso	wtcsc	1	3	19	29	0.5087719298245614	1.0
chr1:212446051	wtdmso	wtcsc	3	2	24	38	2.375	0.38541868579182015
chr1:212446077	wtdmso	wtcsc	1	3	22	30	0.45454545454545453	0.6362982929020664
chr1:219968730	wtdmso	wtcsc	1	1	9	17	1.8888888888888888	1.0
chr1:222668498	wtdmso	wtcsc	1	1	9	13	1.4444444444444444	1.0
chr1:222668772	wtdmso	wtcsc	5	4	5	8	2.0	0.6656346749226008
chr1:223750955	wtdmso	wtcsc	1	6	9	41	0.7592592592592593	1.0
chr1:223752947	wtdmso	wtcsc	2	16	9	46	0.6388888888888888	0.7207995289346958
chr1:223755479	wtdmso	wtcsc	2	22	9	39	0.3939393939393939	0.3158405211812774
chr1:223759421	wtdmso	wtcsc	3	18	17	43	0.4215686274509804	0.2501946490327089
chr1:223770471	wtdmso	wtcsc	1	3	25	64	0.8533333333333334	1.0
chr1:223774864	wtdmso	wtcsc	2	7	28	71	0.7244897959183674	1.0
chr1:223774908	wtdmso	wtcsc	5	26	23	50	0.4180602006688963	0.14735094745606458
chr1:223774942	wtdmso	wtcsc	3	13	18	46	0.5897435897435898	0.5402055381542997
chr1:223774959	wtdmso	wtcsc	2	8	26	71	0.6826923076923077	1.0
chr1:223775090	wtdmso	wtcsc	1	9	19	53	0.30994152046783624	0.4376349982595778
chr1:223775237	wtdmso	wtcsc	3	7	20	72	1.542857142857143	0.690131670306035
chr1:223775348	wtdmso	wtcsc	1	1	36	103	2.861111111111111	0.4573454913880446
chr1:223775435	wtdmso	wtcsc	4	3	37	103	3.7117117117117115	0.09508641821734642
chr1:223775531	wtdmso	wtcsc	1	5	43	101	0.4697674418604651	0.6712992584673734
chr1:223775561	wtdmso	wtcsc	6	26	39	87	0.514792899408284	0.19535458362239885
chr1:223775612	wtdmso	wtcsc	6	21	34	79	0.6638655462184874	0.48465861992248155
chr1:223775639	wtdmso	wtcsc	2	5	45	111	0.9866666666666667	1.0
chr1:223775648	wtdmso	wtcsc	18	46	25	61	0.9547826086956521	1.0
chr1:223775688	wtdmso	wtcsc	2	7	42	108	0.7346938775510204	1.0
chr1:223775716	wtdmso	wtcsc	5	14	37	90	0.8687258687258688	1.0
chr1:224375817	wtdmso	wtcsc	1	1	12	15	1.25	1.0
chr1:224375903	wtdmso	wtcsc	1	2	12	13	0.5416666666666666	1.0
chr1:224375909	wtdmso	wtcsc	1	2	10	12	0.6	1.0
chr1:226064369	wtdmso	wtcsc	1	1	34	45	1.3235294117647058	1.0
chr1:226065706	wtdmso	wtcsc	13	26	29	29	0.5	0.14355491471930332
chr1:226065759	wtdmso	wtcsc	4	15	34	36	0.2823529411764706	0.03813130775695569
chr1:226071387	wtdmso	wtcsc	2	3	36	50	0.9259259259259259	1.0
chr1:226071438	wtdmso	wtcsc	2	6	38	46	0.40350877192982454	0.458328298377832
chr1:226071629	wtdmso	wtcsc	4	8	36	50	0.6944444444444444	0.7564450115008093
chr1:226071733	wtdmso	wtcsc	7	7	36	45	1.25	0.7755459226765957
chr1:226071792	wtdmso	wtcsc	2	3	24	36	1.0	1.0
chr1:226071909	wtdmso	wtcsc	2	1	26	27	2.076923076923077	1.0
chr1:228097121	wtdmso	wtcsc	2	10	25	44	0.352	0.3197182205760062
chr1:228097243	wtdmso	wtcsc	2	7	34	60	0.5042016806722689	0.4894131555293979
chr1:228097371	wtdmso	wtcsc	6	13	28	54	0.8901098901098901	1.0
chr1:228097443	wtdmso	wtcsc	8	25	28	42	0.48	0.12862495064531823
chr1:228097608	wtdmso	wtcsc	2	10	33	55	0.3333333333333333	0.20643230873688356
chr1:228097852	wtdmso	wtcsc	9	14	25	52	1.3371428571428572	0.6189719588204405
chr1:228097921	wtdmso	wtcsc	11	30	32	47	0.5385416666666667	0.163055772400988
chr1:228097973	wtdmso	wtcsc	13	30	25	36	0.624	0.3050224843628617
chr1:228097978	wtdmso	wtcsc	12	31	29	43	0.5739710789766407	0.22845982704423015
chr1:228098002	wtdmso	wtcsc	2	7	44	68	0.44155844155844154	0.48011090308736826
chr1:228098408	wtdmso	wtcsc	1	3	60	102	0.5666666666666667	1.0
chr1:228098450	wtdmso	wtcsc	5	6	55	97	1.4696969696969697	0.5352113867350907
chr1:228098458	wtdmso	wtcsc	23	27	38	80	1.793372319688109	0.11417421653049131
chr1:228098542	wtdmso	wtcsc	7	10	62	107	1.2080645161290322	0.7940313239848573
chr1:228098987	wtdmso	wtcsc	2	6	74	128	0.5765765765765766	0.7136527129079846
chr1:228099066	wtdmso	wtcsc	29	58	54	85	0.7870370370370371	0.478559770071014
chr1:228146037	wtdmso	wtcsc	2	4	37	35	0.47297297297297297	0.6748265433196943
chr1:228146877	wtdmso	wtcsc	1	5	38	38	0.2	0.20464238973037982
chr1:228147437	wtdmso	wtcsc	9	10	29	32	0.993103448275862	1.0
chr1:228147461	wtdmso	wtcsc	3	3	16	34	2.125	0.39708404802744424
chr1:228147479	wtdmso	wtcsc	2	3	40	39	0.65	1.0
chr1:228148685	wtdmso	wtcsc	3	6	37	34	0.4594594594594595	0.48136891719343594
chr1:228148736	wtdmso	wtcsc	5	9	34	33	0.5392156862745098	0.3842003806054014
chr1:228148838	wtdmso	wtcsc	3	9	32	31	0.3229166666666667	0.12397972055350424
chr1:228148851	wtdmso	wtcsc	3	6	37	35	0.47297297297297297	0.4820611175041554
chr1:228148903	wtdmso	wtcsc	3	5	23	23	0.6	0.705803638195543
chr1:228148914	wtdmso	wtcsc	3	6	31	32	0.5161290322580645	0.48518409413200625
chr1:228148930	wtdmso	wtcsc	6	4	28	34	1.8214285714285714	0.5007613611250357
chr1:228487847	wtdmso	wtcsc	1	7	10	39	0.5571428571428572	1.0
chr1:228494092	wtdmso	wtcsc	8	12	18	37	1.3703703703703705	0.5913697845291523
chr1:228494100	wtdmso	wtcsc	6	21	25	36	0.4114285714285714	0.09832193271729499
chr1:228494225	wtdmso	wtcsc	10	18	19	38	1.1111111111111112	1.0
chr1:228494353	wtdmso	wtcsc	10	28	24	31	0.46130952380952384	0.12508024112876645
chr1:228494381	wtdmso	wtcsc	5	8	33	54	1.0227272727272727	1.0
chr1:228494807	wtdmso	wtcsc	1	6	39	66	0.28205128205128205	0.41818722475662096
chr1:228494917	wtdmso	wtcsc	3	6	29	51	0.8793103448275862	1.0
chr1:235109516	wtdmso	wtcsc	2	5	10	13	0.52	0.6693191865605659
chr1:235109643	wtdmso	wtcsc	4	8	8	9	0.5625	0.7031980250476265
chr1:235109656	wtdmso	wtcsc	1	1	10	17	1.7	1.0
chr1:235109702	wtdmso	wtcsc	2	3	10	14	0.9333333333333333	1.0
chr1:235110157	wtdmso	wtcsc	2	2	8	10	1.25	1.0
chr1:235110196	wtdmso	wtcsc	4	3	8	8	1.3333333333333333	1.0
chr1:235113790	wtdmso	wtcsc	3	5	27	44	0.9777777777777777	1.0
chr1:235119891	wtdmso	wtcsc	2	5	24	41	0.6833333333333333	1.0
chr1:235128608	wtdmso	wtcsc	2	9	24	35	0.32407407407407407	0.19214402439693437
chr1:235128623	wtdmso	wtcsc	5	9	24	38	0.8796296296296297	1.0
chr1:23692630	wtdmso	wtcsc	13	16	334	556	1.3525449101796407	0.44085249587298453
chr1:23692643	wtdmso	wtcsc	83	146	282	436	0.8789468570873409	0.4360688921346363
chr1:23692658	wtdmso	wtcsc	7	11	372	573	0.9802052785923754	1.0
chr1:23692693	wtdmso	wtcsc	5	9	335	544	0.9021558872305141	1.0
chr1:23692697	wtdmso	wtcsc	2	3	332	520	1.0441767068273093	1.0
chr1:23692740	wtdmso	wtcsc	3	7	390	593	0.6516483516483517	0.7479958530984672
chr1:23694684	wtdmso	wtcsc	1	3	394	621	0.5253807106598984	1.0
chr1:23694705	wtdmso	wtcsc	16	40	371	551	0.5940700808625337	0.09191034511668736
chr1:23694727	wtdmso	wtcsc	27	58	382	575	0.7007131251128362	0.16423947201863434
chr1:23694753	wtdmso	wtcsc	22	57	359	557	0.5988369251820359	0.053313250416487476
chr1:23694780	wtdmso	wtcsc	18	47	383	570	0.5699683350924949	0.049349338296490436
chr1:23695842	wtdmso	wtcsc	20	40	377	572	0.7586206896551724	0.3439216835244444
chr1:23695862	wtdmso	wtcsc	15	27	384	591	0.8550347222222222	0.7473944832877351
chr1:23795781	wtdmso	wtcsc	2	1	19	12	1.263157894736842	1.0
chr1:23795884	wtdmso	wtcsc	2	3	8	10	0.8333333333333334	1.0
chr1:23795928	wtdmso	wtcsc	1	4	9	7	0.19444444444444445	0.3107769423558897
chr1:2403131	wtdmso	wtcsc	7	6	5	4	0.9333333333333333	1.0
chr1:2403158	wtdmso	wtcsc	2	1	9	9	2.0	1.0
chr1:24843908	wtdmso	wtcsc	1	2	12	10	0.4166666666666667	0.5930434782608694
chr1:24844027	wtdmso	wtcsc	1	1	15	11	0.7333333333333333	1.0
chr1:24844204	wtdmso	wtcsc	3	1	9	9	3.0	0.5939849624060151
chr1:26170754	wtdmso	wtcsc	9	20	4	16	1.8	0.5162117103681892
chr1:26170768	wtdmso	wtcsc	4	19	11	20	0.3827751196172249	0.21995110983680527
chr1:26280788	wtdmso	wtcsc	7	12	168	220	0.7638888888888888	0.6417261799729196
chr1:26280831	wtdmso	wtcsc	3	2	175	220	1.8857142857142857	0.6594667322839203
chr1:26280843	wtdmso	wtcsc	9	16	163	210	0.7246932515337423	0.5344925179311888
chr1:26280918	wtdmso	wtcsc	12	23	158	186	0.6141992294991745	0.21431392340222077
chr1:26281058	wtdmso	wtcsc	10	25	191	233	0.48795811518324606	0.07552541328386483
chr1:26281086	wtdmso	wtcsc	16	17	196	252	1.2100840336134453	0.5923571959008936
chr1:26281091	wtdmso	wtcsc	6	7	211	262	1.0643195666892349	1.0
chr1:26281152	wtdmso	wtcsc	13	23	195	245	0.7101449275362319	0.3852346552357071
chr1:26281196	wtdmso	wtcsc	23	29	188	242	1.0209097578870139	1.0
chr1:26281204	wtdmso	wtcsc	12	9	184	239	1.7318840579710144	0.2626019255571024
chr1:26281483	wtdmso	wtcsc	7	17	200	267	0.5497058823529412	0.20958672458436908
chr1:26472540	wtdmso	wtcsc	5	8	60	64	0.6666666666666666	0.5688450055810454
chr1:26473701	wtdmso	wtcsc	6	5	70	85	1.457142857142857	0.7557734326880319
chr1:26475167	wtdmso	wtcsc	2	7	86	95	0.31561461794019935	0.18007421256214767
chr1:26475184	wtdmso	wtcsc	34	32	48	56	1.2395833333333333	0.5311613211042832
chr1:26475286	wtdmso	wtcsc	16	12	72	85	1.5740740740740742	0.3082844192584504
chr1:26475364	wtdmso	wtcsc	1	1	87	95	1.0919540229885059	1.0
chr1:26475390	wtdmso	wtcsc	3	4	90	94	0.7833333333333333	1.0
chr1:26475425	wtdmso	wtcsc	13	12	77	92	1.2943722943722944	0.6682627105362664
chr1:26475523	wtdmso	wtcsc	3	10	67	77	0.3447761194029851	0.14613347558655182
chr1:26475528	wtdmso	wtcsc	4	8	97	104	0.5360824742268041	0.38180024775081683
chr1:26475544	wtdmso	wtcsc	2	1	83	95	2.289156626506024	0.6012222599462946
chr1:26475556	wtdmso	wtcsc	1	2	90	94	0.5222222222222223	1.0
chr1:26475561	wtdmso	wtcsc	2	3	86	100	0.7751937984496124	1.0
chr1:26475600	wtdmso	wtcsc	24	34	72	80	0.7843137254901961	0.5357098662295436
chr1:26475775	wtdmso	wtcsc	4	11	99	109	0.4003673094582185	0.1789123152483843
chr1:26475804	wtdmso	wtcsc	3	4	96	105	0.8203125	1.0
chr1:26863479	wtdmso	wtcsc	1	6	42	67	0.26587301587301587	0.2564200716074011
chr1:26863522	wtdmso	wtcsc	4	6	47	59	0.8368794326241135	1.0
chr1:26863588	wtdmso	wtcsc	2	4	55	79	0.7181818181818181	1.0
chr1:26863645	wtdmso	wtcsc	3	15	45	61	0.27111111111111114	0.04034864003366645
chr1:26863678	wtdmso	wtcsc	7	9	39	60	1.1965811965811965	0.787383992367734
chr1:26863735	wtdmso	wtcsc	26	43	38	49	0.7796817625458996	0.5132462853097423
chr1:26863797	wtdmso	wtcsc	2	4	52	74	0.7115384615384616	1.0
chr1:26863843	wtdmso	wtcsc	10	34	57	53	0.27347781217750256	0.0011313036831673963
chr1:26863855	wtdmso	wtcsc	3	9	59	85	0.480225988700565	0.36520656514756533
chr1:26863893	wtdmso	wtcsc	2	2	69	102	1.4782608695652173	1.0
chr1:26864015	wtdmso	wtcsc	7	8	6	9	1.3125	1.0
chr1:26864089	wtdmso	wtcsc	50	72	21	20	0.6613756613756614	0.2782761644410304
chr1:26864211	wtdmso	wtcsc	7	5	73	94	1.8027397260273972	0.37702638829859936
chr1:26864302	wtdmso	wtcsc	18	44	66	72	0.4462809917355372	0.013659274557796232
chr1:26864307	wtdmso	wtcsc	35	52	38	41	0.7262145748987854	0.3489604780078989
chr1:26864418	wtdmso	wtcsc	11	12	68	78	1.0514705882352942	1.0
chr1:26864450	wtdmso	wtcsc	13	18	23	37	1.1618357487922706	0.8222691198922059
chr1:26941618	wtdmso	wtcsc	2	2	8	12	1.5	1.0
chr1:26942732	wtdmso	wtcsc	1	1	9	12	1.3333333333333333	1.0
chr1:26943047	wtdmso	wtcsc	2	5	9	9	0.4	0.40652173913043477
chr1:26945429	wtdmso	wtcsc	1	1	10	14	1.4	1.0
chr1:26945619	wtdmso	wtcsc	1	3	10	12	0.4	0.6137123745819397
chr1:26945659	wtdmso	wtcsc	1	4	10	13	0.325	0.6194546194546195
chr1:26946202	wtdmso	wtcsc	3	7	8	8	0.42857142857142855	0.4278637770897833
chr1:27666127	wtdmso	wtcsc	7	24	6	20	0.9722222222222222	1.0
chr1:27666230	wtdmso	wtcsc	7	19	5	36	2.6526315789473682	0.19068943081246326
chr1:27666319	wtdmso	wtcsc	4	22	11	36	0.5950413223140496	0.5500614184465671
chr1:27666341	wtdmso	wtcsc	2	4	11	50	2.272727272727273	0.3292316434167663
chr1:27666364	wtdmso	wtcsc	2	2	12	41	3.4166666666666665	0.2501860712387028
chr1:27668373	wtdmso	wtcsc	3	3	10	40	4.0	0.1303489949438895
chr1:28237851	wtdmso	wtcsc	1	3	12	39	1.0833333333333333	1.0
chr1:28237872	wtdmso	wtcsc	1	2	11	42	1.9090909090909092	0.5222222222222221
chr1:28237965	wtdmso	wtcsc	1	1	11	38	3.4545454545454546	0.41882352941176476
chr1:31424848	wtdmso	wtcsc	6	8	59	78	0.9915254237288136	1.0
chr1:31425859	wtdmso	wtcsc	5	17	67	83	0.36435469710272167	0.0644499820292177
chr1:31429397	wtdmso	wtcsc	11	22	60	83	0.6916666666666667	0.43333501446231554
chr1:31429440	wtdmso	wtcsc	1	4	74	117	0.3952702702702703	0.6509757435823085
chr1:31432995	wtdmso	wtcsc	29	44	54	91	1.1106902356902357	0.7683418279791068
chr1:31434097	wtdmso	wtcsc	2	13	91	117	0.1978021978021978	0.027818069674163073
chr1:31434154	wtdmso	wtcsc	6	14	71	112	0.676056338028169	0.47962095748795586
chr1:31434258	wtdmso	wtcsc	28	61	46	52	0.518888096935139	0.036394666081754574
chr1:31434326	wtdmso	wtcsc	9	29	87	108	0.38525564803804996	0.01895826135431425
chr1:31434536	wtdmso	wtcsc	18	38	91	129	0.6714864083285136	0.22411998880819387
chr1:31434600	wtdmso	wtcsc	11	17	93	145	1.0088551549652118	1.0
chr1:31434618	wtdmso	wtcsc	24	47	74	108	0.7452558941920644	0.388938017978558
chr1:31434644	wtdmso	wtcsc	1	12	99	144	0.12121212121212122	0.018347207553987065
chr1:31434658	wtdmso	wtcsc	1	2	62	86	0.6935483870967742	1.0
chr1:31587163	wtdmso	wtcsc	7	19	6	15	0.9210526315789473	1.0
chr1:31587261	wtdmso	wtcsc	3	9	10	28	0.9333333333333333	1.0
chr1:31587454	wtdmso	wtcsc	1	4	11	33	0.75	1.0
chr1:32222601	wtdmso	wtcsc	1	2	43	55	0.6395348837209303	1.0
chr1:32222625	wtdmso	wtcsc	4	8	39	49	0.6282051282051282	0.5471083376336366
chr1:32224118	wtdmso	wtcsc	2	13	49	50	0.15698587127158556	0.0108891635485008
chr1:32224412	wtdmso	wtcsc	2	2	44	65	1.4772727272727273	1.0
chr1:32224442	wtdmso	wtcsc	1	1	47	68	1.446808510638298	1.0
chr1:32224463	wtdmso	wtcsc	11	15	36	51	1.038888888888889	1.0
chr1:32226193	wtdmso	wtcsc	3	3	47	74	1.574468085106383	0.6793112405363824
chr1:32226211	wtdmso	wtcsc	1	3	34	53	0.5196078431372549	1.0
chr1:32226224	wtdmso	wtcsc	1	5	54	71	0.26296296296296295	0.40004081674401654
chr1:32226257	wtdmso	wtcsc	4	1	35	49	5.6	0.16399551195897855
chr1:32226402	wtdmso	wtcsc	1	1	48	61	1.2708333333333333	1.0
chr1:32226438	wtdmso	wtcsc	2	2	54	76	1.4074074074074074	1.0
chr1:32226466	wtdmso	wtcsc	3	4	53	70	0.9905660377358491	1.0
chr1:32228565	wtdmso	wtcsc	2	1	51	79	3.0980392156862746	0.5630644967728136
chr1:32228570	wtdmso	wtcsc	3	5	49	72	0.8816326530612245	1.0
chr1:32228582	wtdmso	wtcsc	7	6	48	78	1.8958333333333333	0.3724407800211281
chr1:32228595	wtdmso	wtcsc	3	7	47	59	0.5379939209726444	0.5113552180621681
chr1:32228733	wtdmso	wtcsc	8	18	45	66	0.6518518518518519	0.38256948481508213
chr1:32228749	wtdmso	wtcsc	9	32	46	45	0.2751358695652174	0.0022489270389183676
chr1:32228768	wtdmso	wtcsc	1	1	40	63	1.575	1.0
chr1:32228811	wtdmso	wtcsc	1	7	53	74	0.19946091644204852	0.14402310242692407
chr1:32231300	wtdmso	wtcsc	2	8	44	59	0.3352272727272727	0.19624236100215015
chr1:32231411	wtdmso	wtcsc	7	11	43	76	1.1247357293868923	0.799330902530379
chr1:32231481	wtdmso	wtcsc	3	10	58	87	0.45	0.3729507841446606
chr1:32231556	wtdmso	wtcsc	17	32	45	67	0.7909722222222222	0.5984373906372039
chr1:32774539	wtdmso	wtcsc	4	5	7	8	0.9142857142857143	1.0
chr1:32774610	wtdmso	wtcsc	6	7	5	5	0.8571428571428571	1.0
chr1:32774647	wtdmso	wtcsc	5	8	7	14	1.25	1.0
chr1:32774701	wtdmso	wtcsc	1	1	12	21	1.75	1.0
chr1:32774765	wtdmso	wtcsc	1	3	11	20	0.6060606060606061	1.0
chr1:32775552	wtdmso	wtcsc	2	6	12	21	0.5833333333333334	0.6924514940070327
chr1:32775585	wtdmso	wtcsc	5	11	8	23	1.3068181818181819	0.7391799936835728
chr1:32775695	wtdmso	wtcsc	3	8	25	34	0.51	0.5064627224382348
chr1:32775815	wtdmso	wtcsc	2	6	13	34	0.8717948717948718	1.0
chr1:32775846	wtdmso	wtcsc	2	3	13	35	1.794871794871795	0.6141649693259017
chr1:32775865	wtdmso	wtcsc	18	24	8	2	0.1875	0.07513128952719139
chr1:32775886	wtdmso	wtcsc	3	9	21	16	0.25396825396825395	0.09548801413318067
chr1:32775990	wtdmso	wtcsc	2	3	21	35	1.1111111111111112	1.0
chr1:32779490	wtdmso	wtcsc	2	5	10	19	0.76	1.0
chr1:32779498	wtdmso	wtcsc	2	2	11	23	2.090909090909091	0.5949332791438056
chr1:33323673	wtdmso	wtcsc	2	3	14	12	0.5714285714285714	0.6539364726239032
chr1:33323765	wtdmso	wtcsc	3	3	10	10	1.0	1.0
chr1:33323904	wtdmso	wtcsc	1	1	14	11	0.7857142857142857	1.0
chr1:33323921	wtdmso	wtcsc	6	6	9	8	0.8888888888888888	1.0
chr1:33324255	wtdmso	wtcsc	4	4	10	8	0.8	1.0
chr1:33324280	wtdmso	wtcsc	2	2	11	12	1.0909090909090908	1.0
chr1:33324427	wtdmso	wtcsc	2	1	8	9	2.25	1.0
chr1:34784766	wtdmso	wtcsc	2	1	10	24	4.8	0.2406692406692407
chr1:34784910	wtdmso	wtcsc	9	18	3	8	1.3333333333333333	1.0
chr1:34784916	wtdmso	wtcsc	3	1	9	26	8.666666666666666	0.07823613086770981
chr1:34785093	wtdmso	wtcsc	1	1	9	11	1.2222222222222223	1.0
chr1:34785285	wtdmso	wtcsc	8	19	2	1	0.21052631578947367	0.25123152709359603
chr1:34785423	wtdmso	wtcsc	1	4	10	22	0.55	1.0
chr1:34785522	wtdmso	wtcsc	1	2	10	26	1.3	1.0
chr1:34785563	wtdmso	wtcsc	2	1	10	23	4.6	0.2526610644257702
chr1:34785574	wtdmso	wtcsc	2	2	10	8	0.8	1.0
chr1:34785728	wtdmso	wtcsc	2	11	11	12	0.19834710743801653	0.07544922826379347
chr1:34785785	wtdmso	wtcsc	6	4	7	7	1.5	0.6968299905774668
chr1:34785791	wtdmso	wtcsc	3	11	11	14	0.34710743801652894	0.18725889076932722
chr1:34785916	wtdmso	wtcsc	3	14	15	20	0.2857142857142857	0.11976702516445992
chr1:34786121	wtdmso	wtcsc	4	8	31	36	0.5806451612903226	0.533329069079924
chr1:34786126	wtdmso	wtcsc	1	8	17	28	0.20588235294117646	0.24403215167531928
chr1:34786293	wtdmso	wtcsc	11	21	20	26	0.680952380952381	0.48505413111340084
chr1:34786316	wtdmso	wtcsc	2	3	13	29	1.4871794871794872	0.6483562905695728
chr1:35603153	wtdmso	wtcsc	2	3	9	11	0.8148148148148148	1.0
chr1:35603235	wtdmso	wtcsc	2	4	18	11	0.3055555555555556	0.3670217353803691
chr1:35605256	wtdmso	wtcsc	6	6	15	10	0.6666666666666666	0.7258214833298259
chr1:35609278	wtdmso	wtcsc	1	1	9	12	1.3333333333333333	1.0
chr1:35609391	wtdmso	wtcsc	7	6	14	8	0.6666666666666666	0.7240557140784445
chr1:35631289	wtdmso	wtcsc	1	1	9	13	1.4444444444444444	1.0
chr1:37808547	wtdmso	wtcsc	3	3	10	15	1.5	0.6758302876211665
chr1:37809096	wtdmso	wtcsc	2	8	15	29	0.48333333333333334	0.47624181565500756
chr1:37809127	wtdmso	wtcsc	14	26	4	14	1.8846153846153846	0.37688175042861194
chr1:37809134	wtdmso	wtcsc	6	12	12	27	1.125	1.0
chr1:39028778	wtdmso	wtcsc	1	1	29	58	2.0	1.0
chr1:39028795	wtdmso	wtcsc	7	23	23	43	0.5689981096408318	0.3437096768033592
chr1:39034496	wtdmso	wtcsc	5	17	26	45	0.5090497737556561	0.30349220075428757
chr1:39560918	wtdmso	wtcsc	3	2	37	23	0.9324324324324325	1.0
chr1:39560927	wtdmso	wtcsc	1	2	38	20	0.2631578947368421	0.29310919699916643
chr1:39561051	wtdmso	wtcsc	1	3	32	12	0.125	0.0841813135985199
chr1:39561072	wtdmso	wtcsc	1	1	36	21	0.5833333333333334	1.0
chr1:39562124	wtdmso	wtcsc	1	2	28	15	0.26785714285714285	0.5453227931488801
chr1:39562373	wtdmso	wtcsc	2	4	30	15	0.25	0.17923446899573892
chr1:39563719	wtdmso	wtcsc	1	2	27	15	0.2777777777777778	0.5471458773784357
chr1:39563856	wtdmso	wtcsc	4	8	25	8	0.16	0.014003911699754524
chr1:39563891	wtdmso	wtcsc	2	4	23	10	0.21739130434782608	0.1625848282195031
chr1:39563906	wtdmso	wtcsc	2	1	26	13	1.0	1.0
chr1:39564692	wtdmso	wtcsc	2	1	23	13	1.1304347826086956	1.0
chr1:42682456	wtdmso	wtcsc	3	3	34	77	2.264705882352941	0.378815715570254
chr1:42682583	wtdmso	wtcsc	1	3	54	110	0.6790123456790124	1.0
chr1:42682716	wtdmso	wtcsc	1	5	56	103	0.3678571428571429	0.6654349511680573
chr1:42683419	wtdmso	wtcsc	2	7	68	126	0.5294117647058824	0.7214991060064356
chr1:42693494	wtdmso	wtcsc	4	10	69	128	0.7420289855072464	0.7750854426619165
chr1:42696198	wtdmso	wtcsc	6	11	60	102	0.9272727272727272	1.0
chr1:42696255	wtdmso	wtcsc	2	11	87	136	0.28422152560083597	0.13895196421174336
chr1:42696886	wtdmso	wtcsc	2	1	106	175	3.30188679245283	0.5597069372100584
chr1:42697186	wtdmso	wtcsc	1	6	113	174	0.25663716814159293	0.2543447523429656
chr1:42697214	wtdmso	wtcsc	1	1	129	198	1.5348837209302326	1.0
chr1:42700798	wtdmso	wtcsc	1	9	115	175	0.16908212560386474	0.09490795470183858
chr1:42700920	wtdmso	wtcsc	4	4	133	205	1.5413533834586466	0.7172676765199655
chr1:42700946	wtdmso	wtcsc	1	2	141	210	0.7446808510638298	1.0
chr1:42702029	wtdmso	wtcsc	23	30	134	188	1.0756218905472636	0.8807999219903315
chr1:42702049	wtdmso	wtcsc	2	12	160	215	0.22395833333333334	0.05011577357221672
chr1:42702091	wtdmso	wtcsc	39	63	130	164	0.780952380952381	0.29891287525262433
chr1:42702255	wtdmso	wtcsc	12	22	155	198	0.6967741935483871	0.36915747410233146
chr1:42702314	wtdmso	wtcsc	2	8	141	187	0.33156028368794327	0.2001373518996244
chr1:42926229	wtdmso	wtcsc	5	13	42	49	0.44871794871794873	0.19593144915472588
chr1:42926252	wtdmso	wtcsc	4	5	79	94	0.9518987341772152	1.0
chr1:42926320	wtdmso	wtcsc	4	7	86	108	0.717607973421927	0.7586445972493054
chr1:42926618	wtdmso	wtcsc	32	52	45	49	0.67008547008547	0.2259067233542811
chr1:42926625	wtdmso	wtcsc	37	40	43	53	1.1401162790697674	0.7592008826591681
chr1:42926638	wtdmso	wtcsc	27	29	28	46	1.5295566502463054	0.2831711684985394
chr1:42926653	wtdmso	wtcsc	19	31	48	54	0.6895161290322581	0.3033587018915682
chr1:42926691	wtdmso	wtcsc	10	14	68	84	0.8823529411764706	0.8281465812873511
chr1:42926707	wtdmso	wtcsc	7	13	64	82	0.6899038461538461	0.4825988732250635
chr1:42926825	wtdmso	wtcsc	6	8	49	59	0.9030612244897959	1.0
chr1:42926847	wtdmso	wtcsc	36	55	31	23	0.48563049853372436	0.04064898526066504
chr1:42926858	wtdmso	wtcsc	1	1	66	87	1.3181818181818181	1.0
chr1:42926880	wtdmso	wtcsc	45	66	6	6	0.6818181818181818	0.5514686521676164
chr1:42926964	wtdmso	wtcsc	43	44	22	36	1.5991735537190082	0.23274146910863694
chr1:42927087	wtdmso	wtcsc	1	4	59	69	0.2923728813559322	0.3776733511566778
chr1:42927092	wtdmso	wtcsc	7	6	63	79	1.462962962962963	0.5690658356060201
chr1:42927144	wtdmso	wtcsc	1	8	49	65	0.16581632653061223	0.0815671266739026
chr1:42927156	wtdmso	wtcsc	2	7	66	72	0.3116883116883117	0.17735925194479876
chr1:42927645	wtdmso	wtcsc	1	3	56	68	0.40476190476190477	0.6282283464566929
chr1:42927703	wtdmso	wtcsc	8	18	52	54	0.46153846153846156	0.12418433334698521
chr1:42928951	wtdmso	wtcsc	1	2	53	63	0.5943396226415094	1.0
chr1:42929002	wtdmso	wtcsc	3	4	49	51	0.7806122448979592	1.0
chr1:42929740	wtdmso	wtcsc	6	3	35	48	2.742857142857143	0.18034389972708767
chr1:42929747	wtdmso	wtcsc	1	7	46	53	0.16459627329192547	0.07608013385120396
chr1:42929759	wtdmso	wtcsc	2	3	41	49	0.7967479674796748	1.0
chr1:42929886	wtdmso	wtcsc	3	8	43	48	0.4186046511627907	0.33691022295963086
chr1:42930000	wtdmso	wtcsc	5	5	38	48	1.263157894736842	0.7488296916042205
chr1:42930021	wtdmso	wtcsc	2	5	41	51	0.4975609756097561	0.6955252041615478
chr1:42930735	wtdmso	wtcsc	3	3	38	48	1.263157894736842	1.0
chr1:42930842	wtdmso	wtcsc	10	10	28	45	1.6071428571428572	0.44273170681741303
chr1:42931181	wtdmso	wtcsc	1	6	36	42	0.19444444444444445	0.13160052932917704
chr1:42958743	wtdmso	wtcsc	1	2	27	39	0.7222222222222222	1.0
chr1:43622052	wtdmso	wtcsc	1	9	9	19	0.2345679012345679	0.23621928745871068
chr1:43622179	wtdmso	wtcsc	4	7	6	21	2.0	0.4317539807755975
chr1:43622238	wtdmso	wtcsc	1	4	9	11	0.3055555555555556	0.6146245059288538
chr1:43622503	wtdmso	wtcsc	3	3	9	21	2.3333333333333335	0.3780834914611005
chr1:43622508	wtdmso	wtcsc	1	1	12	18	1.5	1.0
chr1:43622640	wtdmso	wtcsc	1	1	13	29	2.230769230769231	0.540169133192389
chr1:43622778	wtdmso	wtcsc	1	2	12	29	1.2083333333333333	1.0
chr1:43622992	wtdmso	wtcsc	1	3	12	21	0.5833333333333334	1.0
chr1:43623300	wtdmso	wtcsc	2	4	28	36	0.6428571428571429	0.6940662879510837
chr1:43623308	wtdmso	wtcsc	10	17	17	20	0.6920415224913494	0.609444255049588
chr1:43976369	wtdmso	wtcsc	1	2	12	36	1.5	1.0
chr1:43976812	wtdmso	wtcsc	1	7	12	30	0.35714285714285715	0.6622455521373408
chr1:43978203	wtdmso	wtcsc	2	8	11	34	0.7727272727272727	1.0
chr1:44776045	wtdmso	wtcsc	9	17	283	473	0.884847225109125	0.8392502859914871
chr1:44776717	wtdmso	wtcsc	1	3	390	617	0.5273504273504274	1.0
chr1:44777684	wtdmso	wtcsc	3	13	375	623	0.3833846153846154	0.19090258941107124
chr1:44777999	wtdmso	wtcsc	52	128	355	517	0.591637323943662	0.003201183795868564
chr1:44778597	wtdmso	wtcsc	10	12	337	545	1.347675568743818	0.5111257334289496
chr1:45511237	wtdmso	wtcsc	2	5	33	50	0.6060606060606061	0.7012323959525335
chr1:45511282	wtdmso	wtcsc	1	8	51	69	0.16911764705882354	0.08337667130815918
chr1:45514583	wtdmso	wtcsc	7	4	32	46	2.515625	0.2008685271975798
chr1:45514961	wtdmso	wtcsc	3	3	42	61	1.4523809523809523	0.689375317251895
chr1:45514967	wtdmso	wtcsc	4	14	41	46	0.3205574912891986	0.06786886689520313
chr1:45515773	wtdmso	wtcsc	3	5	25	39	0.936	1.0
chr1:45518945	wtdmso	wtcsc	10	18	27	38	0.7818930041152263	0.6501433959840766
chr1:45521831	wtdmso	wtcsc	2	8	35	41	0.29285714285714287	0.17682395503668183
chr1:46278632	wtdmso	wtcsc	2	2	11	18	1.6363636363636365	1.0
chr1:46278792	wtdmso	wtcsc	2	4	21	17	0.40476190476190477	0.40289715956193545
chr1:46279499	wtdmso	wtcsc	2	3	20	7	0.23333333333333334	0.29261679644048944
chr1:46303711	wtdmso	wtcsc	3	13	16	35	0.5048076923076923	0.5259138920444573
chr1:46303753	wtdmso	wtcsc	27	35	33	69	1.612987012987013	0.1815337573540426
chr1:46303771	wtdmso	wtcsc	26	40	24	51	1.38125	0.38254678409130194
chr1:46310290	wtdmso	wtcsc	4	4	66	100	1.5151515151515151	0.7155834314331286
chr1:46310308	wtdmso	wtcsc	2	2	60	96	1.6	0.6413697842427045
chr1:46316592	wtdmso	wtcsc	7	19	54	77	0.5253411306042886	0.19338254546192749
chr1:46316677	wtdmso	wtcsc	15	16	51	88	1.6176470588235294	0.23038348770723252
chr1:46316694	wtdmso	wtcsc	1	3	65	96	0.49230769230769234	0.6505062596638236
chr1:52020154	wtdmso	wtcsc	1	1	12	28	2.3333333333333335	0.5284552845528455
chr1:52020255	wtdmso	wtcsc	1	1	13	13	1.0	1.0
chr1:52020302	wtdmso	wtcsc	3	5	11	25	1.3636363636363635	0.6951265355898607
chr1:52020319	wtdmso	wtcsc	7	14	6	15	1.25	1.0
chr1:52020729	wtdmso	wtcsc	3	6	7	24	1.7142857142857142	0.6649671765770835
chr1:52020849	wtdmso	wtcsc	1	2	9	26	1.4444444444444444	1.0
chr1:52024567	wtdmso	wtcsc	2	2	8	25	3.125	0.29139223256870306
chr1:52027307	wtdmso	wtcsc	4	9	6	19	1.4074074074074074	0.7091804884777468
chr1:54032117	wtdmso	wtcsc	1	2	10	13	0.65	1.0
chr1:54032266	wtdmso	wtcsc	1	1	11	15	1.3636363636363635	1.0
chr1:54032285	wtdmso	wtcsc	1	2	11	14	0.6363636363636364	1.0
chr1:54036715	wtdmso	wtcsc	1	1	9	14	1.5555555555555556	1.0
chr1:54043416	wtdmso	wtcsc	1	3	10	11	0.36666666666666664	0.6043478260869565
chr1:54043448	wtdmso	wtcsc	1	1	9	13	1.4444444444444444	1.0
chr1:54043457	wtdmso	wtcsc	1	1	12	32	2.6666666666666665	0.48985507246376825
chr1:54045694	wtdmso	wtcsc	1	1	9	13	1.4444444444444444	1.0
chr1:54045706	wtdmso	wtcsc	4	11	7	4	0.2077922077922078	0.10886895948310674
chr1:54047287	wtdmso	wtcsc	4	6	9	27	2.0	0.43459966441388526
chr1:54053094	wtdmso	wtcsc	1	1	10	12	1.2	1.0
chr1:54053154	wtdmso	wtcsc	2	3	12	28	1.5555555555555556	0.6394460773360376
chr1:54849981	wtdmso	wtcsc	1	1	11	11	1.0	1.0
chr1:54850167	wtdmso	wtcsc	1	1	11	13	1.1818181818181819	1.0
chr1:54850322	wtdmso	wtcsc	3	7	7	6	0.3673469387755102	0.40153452685421986
chr1:58575461	wtdmso	wtcsc	1	1	14	13	0.9285714285714286	1.0
chr1:58575581	wtdmso	wtcsc	2	1	14	23	3.2857142857142856	0.5530364372469635
chr1:58575594	wtdmso	wtcsc	3	4	14	22	1.1785714285714286	1.0
chr1:58575598	wtdmso	wtcsc	9	7	6	3	0.6428571428571429	0.6913178085879661
chr1:58575668	wtdmso	wtcsc	1	3	15	21	0.4666666666666667	0.6375971112813219
chr1:58575713	wtdmso	wtcsc	2	3	18	23	0.8518518518518519	1.0
chr1:58575847	wtdmso	wtcsc	3	4	15	17	0.85	1.0
chr1:58575871	wtdmso	wtcsc	3	5	15	19	0.76	1.0
chr1:58575931	wtdmso	wtcsc	6	4	10	6	0.9	1.0
chr1:6186246	wtdmso	wtcsc	2	4	30	18	0.3	0.21108522751142067
chr1:6186356	wtdmso	wtcsc	9	9	25	17	0.68	0.5750910716765889
chr1:6186379	wtdmso	wtcsc	5	4	28	22	0.9821428571428571	1.0
chr1:6186435	wtdmso	wtcsc	16	7	19	18	2.1654135338345863	0.18891499657350216
chr1:6186445	wtdmso	wtcsc	1	2	34	23	0.3382352941176471	0.56531268264173
chr1:6186511	wtdmso	wtcsc	1	4	31	17	0.13709677419354838	0.07383005451817883
chr1:6186516	wtdmso	wtcsc	3	5	32	20	0.375	0.25899313932932494
chr1:6186576	wtdmso	wtcsc	3	6	27	18	0.3333333333333333	0.1645683477973841
chr1:6186620	wtdmso	wtcsc	8	7	70	71	1.1591836734693877	1.0
chr1:6186628	wtdmso	wtcsc	2	7	126	142	0.3219954648526077	0.18396236260224322
chr1:6186765	wtdmso	wtcsc	54	76	101	91	0.640177175612298	0.05423483299116452
chr1:6192954	wtdmso	wtcsc	10	9	153	176	1.2781408859840233	0.6424953034709663
chr1:6192987	wtdmso	wtcsc	5	9	156	174	0.6196581196581197	0.4280979641565912
chr1:6193007	wtdmso	wtcsc	50	34	96	137	2.0986519607843137	0.004871567138307379
chr1:6318571	wtdmso	wtcsc	4	13	9	29	0.9914529914529915	1.0
chr1:6327324	wtdmso	wtcsc	1	2	10	35	1.75	0.5507631822386678
chr1:6333504	wtdmso	wtcsc	1	1	9	30	3.3333333333333335	0.4329268292682927
chr1:6333553	wtdmso	wtcsc	2	3	10	28	1.8666666666666667	0.6077490291897553
chr1:6339443	wtdmso	wtcsc	1	1	11	29	2.6363636363636362	0.4947735191637631
chr1:6349816	wtdmso	wtcsc	2	3	8	29	2.4166666666666665	0.5772733898536208
chr1:63638765	wtdmso	wtcsc	1	2	10	33	1.65	1.0
chr1:63638796	wtdmso	wtcsc	2	2	8	27	3.375	0.266987635408688
chr1:63648522	wtdmso	wtcsc	3	4	8	34	3.1875	0.1781830377311521
chr1:63648544	wtdmso	wtcsc	3	10	7	24	1.0285714285714285	1.0
chr1:63651718	wtdmso	wtcsc	3	5	18	33	1.1	1.0
chr1:63654458	wtdmso	wtcsc	1	4	21	37	0.44047619047619047	0.6496637357449948
chr1:63659783	wtdmso	wtcsc	11	19	10	19	1.1	1.0
chr1:63659867	wtdmso	wtcsc	12	29	11	16	0.6018808777429467	0.43309146926652675
chr1:68391605	wtdmso	wtcsc	5	19	48	90	0.4934210526315789	0.24000868287693455
chr1:68391638	wtdmso	wtcsc	6	10	50	95	1.14	0.7888858069544331
chr1:68391682	wtdmso	wtcsc	5	8	52	103	1.2379807692307692	0.764358258155429
chr1:68391689	wtdmso	wtcsc	1	3	55	98	0.593939393939394	1.0
chr1:68391726	wtdmso	wtcsc	7	12	51	95	1.0866013071895424	1.0
chr1:68391792	wtdmso	wtcsc	3	13	54	87	0.3717948717948718	0.17164583455313354
chr1:68391816	wtdmso	wtcsc	2	6	52	98	0.6282051282051282	0.7164645362637677
chr1:68391829	wtdmso	wtcsc	10	24	48	86	0.7465277777777778	0.548760999790472
chr1:68391891	wtdmso	wtcsc	5	13	50	86	0.6615384615384615	0.6028837746353592
chr1:68391904	wtdmso	wtcsc	8	7	40	74	2.1142857142857143	0.2547875835343817
chr1:7781388	wtdmso	wtcsc	1	4	9	6	0.16666666666666666	0.30340557275541796
chr1:7985062	wtdmso	wtcsc	13	18	12	36	2.1666666666666665	0.140607635251363
chr1:7985129	wtdmso	wtcsc	1	1	22	48	2.1818181818181817	0.539906103286385
chr1:84498340	wtdmso	wtcsc	1	3	41	41	0.3333333333333333	0.6164422395464211
chr1:84501903	wtdmso	wtcsc	4	6	46	52	0.7536231884057971	0.7492846778977427
chr1:84506025	wtdmso	wtcsc	8	11	40	49	0.8909090909090909	1.0
chr1:8861011	wtdmso	wtcsc	5	8	56	70	0.78125	0.7746523847314433
chr1:8861206	wtdmso	wtcsc	52	97	225	261	0.6218556701030927	0.014305311516689952
chr1:8861315	wtdmso	wtcsc	1	3	270	332	0.40987654320987654	0.6321308831665828
chr1:8861384	wtdmso	wtcsc	40	72	266	314	0.6558061821219716	0.04903674270041822
chr1:8863262	wtdmso	wtcsc	29	38	225	301	1.02093567251462	1.0
chr1:8863284	wtdmso	wtcsc	3	17	244	297	0.2148023143683703	0.009928066765924186
chr1:8863906	wtdmso	wtcsc	7	31	238	302	0.286527514231499	0.001932223483672064
chr1:8863990	wtdmso	wtcsc	9	27	219	279	0.4246575342465753	0.035060719600740184
chr1:8864058	wtdmso	wtcsc	10	14	221	305	0.9857789269553976	1.0
chr1:8864067	wtdmso	wtcsc	8	9	231	320	1.2313612313612314	0.8040195560579926
chr1:8865292	wtdmso	wtcsc	10	42	190	233	0.29197994987468673	0.00031087770170378496
chr1:8865316	wtdmso	wtcsc	9	17	207	271	0.6930946291560103	0.4224708700469184
chr1:8865328	wtdmso	wtcsc	32	48	144	213	0.9861111111111112	1.0
chr1:8865352	wtdmso	wtcsc	16	39	212	272	0.5263667150459603	0.043335107461450015
chr1:8865370	wtdmso	wtcsc	10	38	202	244	0.31787389265242316	0.001114800146985237
chr1:8865376	wtdmso	wtcsc	4	26	207	276	0.20512820512820512	0.001005367593889001
chr1:8865464	wtdmso	wtcsc	4	30	196	240	0.16326530612244897	9.979768436891396e-05
chr1:8866415	wtdmso	wtcsc	1	4	197	255	0.3236040609137056	0.39451610751725774
chr1:8867153	wtdmso	wtcsc	17	38	164	198	0.5401155327342747	0.05706311001695276
chr1:8867999	wtdmso	wtcsc	3	10	154	204	0.3974025974025974	0.2522923217377283
chr1:8868021	wtdmso	wtcsc	9	24	168	225	0.5022321428571429	0.09856175515554452
chr1:8868025	wtdmso	wtcsc	1	1	162	230	1.4197530864197532	1.0
chr1:8868039	wtdmso	wtcsc	7	17	173	227	0.5402924175450527	0.20596425726220496
chr1:8868054	wtdmso	wtcsc	12	22	152	211	0.757177033492823	0.5853211943356265
chr1:8870477	wtdmso	wtcsc	4	16	164	216	0.32926829268292684	0.06055253150892837
chr1:8871908	wtdmso	wtcsc	8	24	163	215	0.4396728016359918	0.06072031958497756
chr1:8871919	wtdmso	wtcsc	6	7	147	206	1.2011661807580174	0.780211530103115
chr1:8874870	wtdmso	wtcsc	12	40	149	195	0.3926174496644295	0.006113860503276966
chr1:8878591	wtdmso	wtcsc	1	5	137	179	0.2613138686131387	0.24312616285509167
chr1:92833552	wtdmso	wtcsc	14	49	171	255	0.42606516290726815	0.007755025640212067
chr1:92833636	wtdmso	wtcsc	18	32	171	270	0.8881578947368421	0.7606051847680959
chr1:92834834	wtdmso	wtcsc	87	142	99	176	1.0892018779342723	0.7108507540043014
chr1:92834865	wtdmso	wtcsc	2	7	179	295	0.47086991221069435	0.4941965205934597
chr1:92836240	wtdmso	wtcsc	30	85	166	245	0.5209071580439405	0.0062077883467352496
chr1:92836321	wtdmso	wtcsc	37	97	161	240	0.5686111288979958	0.009775177445146289
chr1:92837613	wtdmso	wtcsc	12	16	206	341	1.241504854368932	0.6901627815703948
chr1:92837621	wtdmso	wtcsc	2	7	225	359	0.4558730158730159	0.493803298505129
chr1:92841770	wtdmso	wtcsc	21	63	197	296	0.5008460236886633	0.010280123064422953
chr1:92841865	wtdmso	wtcsc	1	4	214	339	0.39602803738317754	0.6536143396598115
chr1:92841906	wtdmso	wtcsc	6	12	161	242	0.7515527950310559	0.6315670094663105
chr1:92841914	wtdmso	wtcsc	54	77	100	165	1.1571428571428573	0.5128100050506369
chr1:93562019	wtdmso	wtcsc	1	1	9	26	2.888888888888889	0.4729729729729729
chr1:93562225	wtdmso	wtcsc	1	3	10	24	0.8	1.0
chr1:93562237	wtdmso	wtcsc	1	2	12	24	1.0	1.0
chr1:93562270	wtdmso	wtcsc	1	3	11	12	0.36363636363636365	0.6051282051282052
chr1:93562293	wtdmso	wtcsc	3	9	9	18	0.6666666666666666	0.7189992212626579
chr1:93562380	wtdmso	wtcsc	1	1	9	22	2.4444444444444446	0.5208333333333334
chr1:93567398	wtdmso	wtcsc	1	6	10	19	0.31666666666666665	0.3999051233396584
chr1:93567410	wtdmso	wtcsc	1	2	9	23	1.2777777777777777	1.0
chr1:94529554	wtdmso	wtcsc	2	5	9	9	0.4	0.40652173913043477
chr1:94529717	wtdmso	wtcsc	1	1	9	11	1.2222222222222223	1.0
chr1:9729217	wtdmso	wtcsc	5	4	30	39	1.625	0.723621677060551
chr1:9729233	wtdmso	wtcsc	5	15	29	25	0.28735632183908044	0.03649875827255307
chr1:9729457	wtdmso	wtcsc	1	1	28	38	1.3571428571428572	1.0
chr1:9729556	wtdmso	wtcsc	1	3	26	36	0.46153846153846156	0.6391233766233765
chr1:9729583	wtdmso	wtcsc	3	6	26	33	0.6346153846153846	0.7225083921114757
chr1:9729784	wtdmso	wtcsc	5	20	12	12	0.25	0.037758447311795694
chr1:9729959	wtdmso	wtcsc	6	19	9	14	0.49122807017543857	0.35323549010929084
chr1:9730021	wtdmso	wtcsc	10	12	15	32	1.7777777777777777	0.2955080917012002
chr1:9730025	wtdmso	wtcsc	6	10	20	34	1.02	1.0
chr1:9730354	wtdmso	wtcsc	3	16	8	18	0.421875	0.3092533421518107
chr1:9730469	wtdmso	wtcsc	2	8	9	24	0.6666666666666666	1.0
chr1:9730507	wtdmso	wtcsc	1	1	10	32	3.2	0.4418604651162791
chr20:1118655	wtdmso	wtcsc	2	3	11	11	0.6666666666666666	1.0
chr20:1118666	wtdmso	wtcsc	1	7	15	19	0.18095238095238095	0.1270860077021823
chr20:1118897	wtdmso	wtcsc	1	4	17	24	0.35294117647058826	0.6343413916720286
chr20:1125523	wtdmso	wtcsc	5	11	12	18	0.6818181818181818	0.7499819044550542
chr20:1127462	wtdmso	wtcsc	5	7	15	23	1.0952380952380953	1.0
chr20:1127487	wtdmso	wtcsc	1	2	18	10	0.2777777777777778	0.5434927697441603
chr20:1127498	wtdmso	wtcsc	1	1	18	16	0.8888888888888888	1.0
chr20:1135121	wtdmso	wtcsc	2	4	17	24	0.7058823529411765	1.0
chr20:1135254	wtdmso	wtcsc	2	3	17	25	0.9803921568627451	1.0
chr20:1164400	wtdmso	wtcsc	8	4	13	26	4.0	0.051450697526176106
chr20:1164462	wtdmso	wtcsc	3	5	14	7	0.3	0.21804226092082163
chr20:1165028	wtdmso	wtcsc	1	1	14	26	1.8571428571428572	1.0
chr20:1165442	wtdmso	wtcsc	2	4	15	24	0.8	1.0
chr20:1369226	wtdmso	wtcsc	2	2	63	66	1.0476190476190477	1.0
chr20:1369258	wtdmso	wtcsc	1	4	53	51	0.24056603773584906	0.3633713452799452
chr20:1369297	wtdmso	wtcsc	4	4	58	60	1.0344827586206897	1.0
chr20:1369332	wtdmso	wtcsc	8	19	62	58	0.3938879456706282	0.05402006065070654
chr20:1369358	wtdmso	wtcsc	6	5	41	41	1.2	1.0
chr20:1369416	wtdmso	wtcsc	3	2	67	74	1.6567164179104477	0.6708862900224583
chr20:1369610	wtdmso	wtcsc	9	13	37	43	0.8045738045738046	0.809553475216277
chr20:1369971	wtdmso	wtcsc	10	11	33	44	1.2121212121212122	0.8053261565792309
chr20:1369983	wtdmso	wtcsc	1	1	41	48	1.170731707317073	1.0
chr20:1372120	wtdmso	wtcsc	2	1	44	55	2.5	0.5874199184624344
chr20:1372212	wtdmso	wtcsc	6	7	40	49	1.05	1.0
chr20:1372216	wtdmso	wtcsc	2	3	42	49	0.7777777777777778	1.0
chr20:17600783	wtdmso	wtcsc	1	5	82	104	0.25365853658536586	0.2373834483596044
chr20:17600926	wtdmso	wtcsc	19	28	71	89	0.8506036217303823	0.7382549581176138
chr20:17604563	wtdmso	wtcsc	27	50	73	80	0.5917808219178082	0.09047427914598158
chr20:17607064	wtdmso	wtcsc	2	3	70	76	0.7238095238095238	1.0
chr20:17607271	wtdmso	wtcsc	1	2	82	111	0.676829268292683	1.0
chr20:17607293	wtdmso	wtcsc	2	5	49	73	0.5959183673469388	0.7027966278647152
chr20:17607788	wtdmso	wtcsc	3	11	58	89	0.41849529780564265	0.2528048532552954
chr20:17607927	wtdmso	wtcsc	5	17	58	85	0.43103448275862066	0.15662490073262864
chr20:17608116	wtdmso	wtcsc	1	2	23	19	0.41304347826086957	0.5915433403805497
chr20:17608189	wtdmso	wtcsc	5	7	20	13	0.4642857142857143	0.31997966314472265
chr20:17613810	wtdmso	wtcsc	2	5	9	21	0.9333333333333333	1.0
chr20:17613910	wtdmso	wtcsc	1	2	9	11	0.6111111111111112	1.0
chr20:17613916	wtdmso	wtcsc	2	6	9	22	0.8148148148148148	1.0
chr20:18569275	wtdmso	wtcsc	6	14	16	48	1.2857142857142858	0.7717537845201428
chr20:18569378	wtdmso	wtcsc	15	29	7	17	1.2561576354679802	0.7891493939771768
chr20:18569404	wtdmso	wtcsc	4	14	18	33	0.5238095238095238	0.38637622591174337
chr20:18569431	wtdmso	wtcsc	11	20	9	34	2.077777777777778	0.19202021107775596
chr20:18569516	wtdmso	wtcsc	1	2	21	53	1.2619047619047619	1.0
chr20:18593809	wtdmso	wtcsc	6	5	4	16	4.8	0.10550481583029825
chr20:18744152	wtdmso	wtcsc	1	3	10	20	0.6666666666666666	1.0
chr20:18763434	wtdmso	wtcsc	3	14	7	19	0.5816326530612245	0.7142140199727447
chr20:18763474	wtdmso	wtcsc	1	4	10	30	0.75	1.0
chr20:18763827	wtdmso	wtcsc	2	1	8	32	8.0	0.13005429057612833
chr20:23633786	wtdmso	wtcsc	4	1	59	69	4.677966101694915	0.18925954309549106
chr20:23633841	wtdmso	wtcsc	32	40	36	35	0.7777777777777778	0.5047655478543619
chr20:23633947	wtdmso	wtcsc	1	4	68	72	0.2647058823529412	0.3692199010314601
chr20:23635272	wtdmso	wtcsc	2	8	68	70	0.25735294117647056	0.10258701543800605
chr20:23635290	wtdmso	wtcsc	1	1	62	78	1.2580645161290323	1.0
chr20:23635321	wtdmso	wtcsc	3	8	77	81	0.3944805194805195	0.2185396818805444
chr20:23635350	wtdmso	wtcsc	7	6	71	84	1.380281690140845	0.773444516650225
chr20:23637701	wtdmso	wtcsc	24	17	54	59	1.542483660130719	0.2761621930733988
chr20:2461646	wtdmso	wtcsc	5	6	28	27	0.8035714285714286	1.0
chr20:2461673	wtdmso	wtcsc	3	12	75	63	0.21	0.014007126016583769
chr20:2461754	wtdmso	wtcsc	15	22	67	52	0.5291723202170964	0.13101047112630276
chr20:2462689	wtdmso	wtcsc	6	10	80	78	0.585	0.43274514469403336
chr20:2463220	wtdmso	wtcsc	5	9	73	74	0.563165905631659	0.4058762758560738
chr20:2463788	wtdmso	wtcsc	12	9	67	67	1.3333333333333333	0.6411790247689031
chr20:2465722	wtdmso	wtcsc	8	16	73	62	0.4246575342465753	0.0769166830621647
chr20:2465810	wtdmso	wtcsc	17	18	63	60	0.8994708994708994	0.8491082667119485
chr20:2467630	wtdmso	wtcsc	30	37	50	43	0.6972972972972973	0.33635360352838567
chr20:2467657	wtdmso	wtcsc	1	3	70	60	0.2857142857142857	0.3416296289835384
chr20:2470698	wtdmso	wtcsc	2	4	68	64	0.47058823529411764	0.4376147180603576
chr20:24963060	wtdmso	wtcsc	13	30	27	27	0.43333333333333335	0.06266317435996299
chr20:24963082	wtdmso	wtcsc	4	4	36	50	1.3888888888888888	0.7193048473705523
chr20:24963134	wtdmso	wtcsc	4	4	28	35	1.25	1.0
chr20:24963168	wtdmso	wtcsc	2	3	36	50	0.9259259259259259	1.0
chr20:24963206	wtdmso	wtcsc	9	25	34	34	0.36	0.032990341915920623
chr20:24963226	wtdmso	wtcsc	2	5	29	44	0.6068965517241379	0.700199042004505
chr20:24963288	wtdmso	wtcsc	21	31	21	29	0.9354838709677419	1.0
chr20:24963491	wtdmso	wtcsc	2	3	31	44	0.946236559139785	1.0
chr20:24963543	wtdmso	wtcsc	2	6	29	45	0.5172413793103449	0.7037432896128724
chr20:24963585	wtdmso	wtcsc	3	7	24	38	0.6785714285714286	0.7334154754845061
chr20:24963730	wtdmso	wtcsc	4	3	26	43	2.2051282051282053	0.42419943578538977
chr20:24963833	wtdmso	wtcsc	1	9	26	32	0.13675213675213677	0.04334077365290019
chr20:24963884	wtdmso	wtcsc	4	14	30	34	0.3238095238095238	0.10256403490512456
chr20:24963965	wtdmso	wtcsc	12	21	18	24	0.7619047619047619	0.638942590032457
chr20:24968918	wtdmso	wtcsc	1	3	30	39	0.43333333333333335	0.6321628400540227
chr20:24969033	wtdmso	wtcsc	1	8	27	41	0.18981481481481483	0.14365340100242666
chr20:24969567	wtdmso	wtcsc	1	3	30	47	0.5222222222222223	1.0
chr20:24969612	wtdmso	wtcsc	1	1	25	44	1.76	1.0
chr20:24969637	wtdmso	wtcsc	1	4	28	45	0.4017857142857143	0.6456770351507193
chr20:24970322	wtdmso	wtcsc	2	7	26	34	0.37362637362637363	0.2937102300012051
chr20:24970360	wtdmso	wtcsc	2	4	23	36	0.782608695652174	1.0
chr20:24973719	wtdmso	wtcsc	1	3	13	31	0.7948717948717948	1.0
chr20:24983990	wtdmso	wtcsc	2	8	13	24	0.46153846153846156	0.46535711238844935
chr20:25282050	wtdmso	wtcsc	2	14	8	9	0.16071428571428573	0.057026325546903955
chr20:25284107	wtdmso	wtcsc	1	8	11	15	0.17045454545454544	0.12108271562240026
chr20:25288462	wtdmso	wtcsc	3	9	8	14	0.5833333333333334	0.7049285530931804
chr20:25290568	wtdmso	wtcsc	1	1	11	24	2.1818181818181817	1.0
chr20:25292603	wtdmso	wtcsc	4	2	10	19	3.8	0.19068914956011734
chr20:25294261	wtdmso	wtcsc	1	1	14	31	2.2142857142857144	0.5411655874190564
chr20:25294270	wtdmso	wtcsc	1	3	17	27	0.5294117647058824	1.0
chr20:25294288	wtdmso	wtcsc	1	4	18	22	0.3055555555555556	0.3783348434511226
chr20:25296370	wtdmso	wtcsc	4	2	26	30	2.3076923076923075	0.41796697913163006
chr20:25296403	wtdmso	wtcsc	4	1	31	34	4.387096774193548	0.3564784771793209
chr20:25296433	wtdmso	wtcsc	3	2	28	33	1.7678571428571428	0.6594551282051284
chr20:25296438	wtdmso	wtcsc	1	1	19	21	1.105263157894737	1.0
chr20:25296517	wtdmso	wtcsc	15	23	18	13	0.47101449275362317	0.1505874506696685
chr20:25296542	wtdmso	wtcsc	1	1	29	30	1.0344827586206897	1.0
chr20:25296568	wtdmso	wtcsc	9	13	22	19	0.5979020979020979	0.43022309861730923
chr20:25296834	wtdmso	wtcsc	4	9	34	35	0.45751633986928103	0.2446928628782889
chr20:25297116	wtdmso	wtcsc	1	3	29	34	0.39080459770114945	0.6220253626970047
chr20:25297173	wtdmso	wtcsc	7	10	35	39	0.78	0.7889760983784441
chr20:25297183	wtdmso	wtcsc	5	13	40	39	0.375	0.11570827990287269
chr20:25297193	wtdmso	wtcsc	2	9	45	47	0.23209876543209876	0.06225973980582332
chr20:25297254	wtdmso	wtcsc	3	7	25	36	0.6171428571428571	0.7296629660485106
chr20:25297295	wtdmso	wtcsc	1	4	44	45	0.2556818181818182	0.3636991757012048
chr20:25297313	wtdmso	wtcsc	2	2	42	49	1.1666666666666667	1.0
chr20:25297425	wtdmso	wtcsc	3	7	39	53	0.5824175824175825	0.5188184479756404
chr20:25297527	wtdmso	wtcsc	8	14	35	47	0.7673469387755102	0.6346140293837205
chr20:25297545	wtdmso	wtcsc	2	7	43	59	0.3920265780730897	0.30707209160672916
chr20:25297566	wtdmso	wtcsc	3	7	36	47	0.5595238095238095	0.511704190839216
chr20:25297668	wtdmso	wtcsc	4	10	46	64	0.5565217391304348	0.3993067179263784
chr20:25297861	wtdmso	wtcsc	3	5	35	69	1.1828571428571428	1.0
chr20:25297936	wtdmso	wtcsc	7	18	26	43	0.6431623931623932	0.46774859486839027
chr20:25297979	wtdmso	wtcsc	3	4	35	65	1.3928571428571428	0.6970132321982386
chr20:3046497	wtdmso	wtcsc	3	4	9	7	0.5833333333333334	0.6668461434917216
chr20:3047807	wtdmso	wtcsc	1	4	10	7	0.175	0.3107769423558897
chr20:3047861	wtdmso	wtcsc	5	2	7	8	2.857142857142857	0.3808049535603715
chr20:3047882	wtdmso	wtcsc	2	5	10	6	0.24	0.19302732534661465
chr20:31605456	wtdmso	wtcsc	2	4	89	128	0.7191011235955056	1.0
chr20:31605643	wtdmso	wtcsc	14	38	95	125	0.48476454293628807	0.04025658565220335
chr20:31605697	wtdmso	wtcsc	4	24	104	133	0.21314102564102563	0.0021227089137477433
chr20:31605715	wtdmso	wtcsc	20	43	92	118	0.596562184024267	0.10811715870761246
chr20:31605735	wtdmso	wtcsc	43	32	59	112	2.5508474576271185	0.0011605353222191787
chr20:31606110	wtdmso	wtcsc	16	42	99	133	0.5117845117845118	0.03686469257744132
chr20:31606118	wtdmso	wtcsc	2	3	108	156	0.9629629629629629	1.0
chr20:31606197	wtdmso	wtcsc	3	6	117	177	0.7564102564102564	1.0
chr20:31606228	wtdmso	wtcsc	12	18	112	162	0.9642857142857143	1.0
chr20:31606308	wtdmso	wtcsc	55	96	66	78	0.6770833333333334	0.12362359764790895
chr20:31606358	wtdmso	wtcsc	5	18	85	120	0.39215686274509803	0.07488384218369656
chr20:31606491	wtdmso	wtcsc	1	1	110	147	1.3363636363636364	1.0
chr20:34077224	wtdmso	wtcsc	1	3	16	27	0.5625	1.0
chr20:34078506	wtdmso	wtcsc	4	5	12	33	2.2	0.42451132725686336
chr20:34078517	wtdmso	wtcsc	3	4	14	30	1.6071428571428572	0.6731351041804327
chr20:34080177	wtdmso	wtcsc	3	7	14	32	0.9795918367346939	1.0
chr20:34080232	wtdmso	wtcsc	3	4	15	35	1.75	0.6668096054888508
chr20:34080238	wtdmso	wtcsc	5	4	9	36	5.0	0.04051035805382141
chr20:34089733	wtdmso	wtcsc	1	1	9	26	2.888888888888889	0.4729729729729729
chr20:34089850	wtdmso	wtcsc	3	3	7	19	2.7142857142857144	0.3461484983314794
chr20:34280415	wtdmso	wtcsc	4	6	60	89	0.9888888888888889	1.0
chr20:34280444	wtdmso	wtcsc	1	1	69	83	1.2028985507246377	1.0
chr20:34280455	wtdmso	wtcsc	2	4	74	83	0.5608108108108109	0.6860427533549317
chr20:34280480	wtdmso	wtcsc	8	10	67	83	0.991044776119403	1.0
chr20:34280589	wtdmso	wtcsc	23	27	48	67	1.189043209876543	0.6130379072721082
chr20:34280626	wtdmso	wtcsc	1	2	46	59	0.6413043478260869	1.0
chr20:34280676	wtdmso	wtcsc	16	27	22	27	0.7272727272727273	0.526894736415852
chr20:34280772	wtdmso	wtcsc	5	7	46	67	1.0403726708074534	1.0
chr20:34280847	wtdmso	wtcsc	2	3	49	61	0.8299319727891157	1.0
chr20:34281104	wtdmso	wtcsc	15	15	44	71	1.6136363636363635	0.29791720832426205
chr20:34281113	wtdmso	wtcsc	1	4	50	66	0.33	0.3959237988513797
chr20:34285629	wtdmso	wtcsc	1	1	42	63	1.5	1.0
chr20:34290344	wtdmso	wtcsc	8	19	42	52	0.5213032581453634	0.18843620018106821
chr20:34290762	wtdmso	wtcsc	4	2	41	50	2.4390243902439024	0.41142176321206336
chr20:34292453	wtdmso	wtcsc	1	1	35	56	1.6	1.0
chr20:34303258	wtdmso	wtcsc	3	3	29	51	1.7586206896551724	0.6663643472683376
chr20:34303262	wtdmso	wtcsc	1	1	27	45	1.6666666666666667	1.0
chr20:34303317	wtdmso	wtcsc	1	1	29	50	1.7241379310344827	1.0
chr20:34526334	wtdmso	wtcsc	17	29	19	23	0.7096188747731398	0.5165200324677052
chr20:34534651	wtdmso	wtcsc	2	2	29	43	1.4827586206896552	1.0
chr20:34534723	wtdmso	wtcsc	8	11	25	44	1.28	0.7896553149373826
chr20:34540699	wtdmso	wtcsc	14	33	24	25	0.44191919191919193	0.06315142524595134
chr20:34540723	wtdmso	wtcsc	4	1	37	58	6.27027027027027	0.15581219835638102
chr20:34540745	wtdmso	wtcsc	1	4	36	50	0.3472222222222222	0.6447767652726972
chr20:34540785	wtdmso	wtcsc	1	3	35	54	0.5142857142857142	1.0
chr20:34540889	wtdmso	wtcsc	1	1	33	47	1.4242424242424243	1.0
chr20:34540935	wtdmso	wtcsc	2	2	35	53	1.5142857142857142	1.0
chr20:34927862	wtdmso	wtcsc	1	1	10	9	0.9	1.0
chr20:35176993	wtdmso	wtcsc	2	5	9	14	0.6222222222222222	1.0
chr20:35277360	wtdmso	wtcsc	3	3	11	10	0.9090909090909091	1.0
chr20:35277400	wtdmso	wtcsc	2	5	10	7	0.28	0.3707093821510298
chr20:35277471	wtdmso	wtcsc	1	1	16	17	1.0625	1.0
chr20:35277491	wtdmso	wtcsc	5	5	11	12	1.0909090909090908	1.0
chr20:35277561	wtdmso	wtcsc	2	5	14	12	0.34285714285714286	0.3983213671756498
chr20:35279081	wtdmso	wtcsc	22	38	24	33	0.7960526315789473	0.5748259648540541
chr20:35279157	wtdmso	wtcsc	14	21	30	50	1.1111111111111112	0.8367287283231641
chr20:35279568	wtdmso	wtcsc	1	6	30	51	0.2833333333333333	0.41361429883536355
chr20:35279691	wtdmso	wtcsc	2	3	47	73	1.0354609929078014	1.0
chr20:35279733	wtdmso	wtcsc	4	14	45	61	0.3873015873015873	0.1239014051897805
chr20:35279740	wtdmso	wtcsc	14	17	32	52	1.338235294117647	0.5252243543687533
chr20:35279981	wtdmso	wtcsc	3	2	43	71	2.4767441860465116	0.3733993170167407
chr20:35280070	wtdmso	wtcsc	2	4	43	66	0.7674418604651163	1.0
chr20:35280663	wtdmso	wtcsc	2	2	44	68	1.5454545454545454	0.648330469138975
chr20:35280687	wtdmso	wtcsc	2	4	43	62	0.7209302325581395	1.0
chr20:35280825	wtdmso	wtcsc	1	4	43	64	0.37209302325581395	0.6466013851334953
chr20:35284389	wtdmso	wtcsc	5	12	42	56	0.5555555555555556	0.4240583642984287
chr20:35284461	wtdmso	wtcsc	3	3	38	55	1.4473684210526316	0.6895204671032703
chr20:35542152	wtdmso	wtcsc	4	5	27	36	1.0666666666666667	1.0
chr20:35542324	wtdmso	wtcsc	3	1	22	39	5.318181818181818	0.28955453149001537
chr20:35542534	wtdmso	wtcsc	2	3	22	28	0.8484848484848485	1.0
chr20:35542553	wtdmso	wtcsc	2	3	35	42	0.8	1.0
chr20:35542855	wtdmso	wtcsc	4	8	33	37	0.5606060606060606	0.5326849567731877
chr20:35542873	wtdmso	wtcsc	3	12	28	27	0.24107142857142858	0.04195023144176899
chr20:35547447	wtdmso	wtcsc	8	10	31	41	1.0580645161290323	1.0
chr20:35548570	wtdmso	wtcsc	2	6	41	52	0.42276422764227645	0.46111081913192414
chr20:35555049	wtdmso	wtcsc	4	7	38	62	0.9323308270676691	1.0
chr20:35555070	wtdmso	wtcsc	1	2	43	68	0.7906976744186046	1.0
chr20:35556041	wtdmso	wtcsc	1	4	42	66	0.39285714285714285	0.6478439439387722
chr20:35556075	wtdmso	wtcsc	4	5	44	71	1.290909090909091	0.7335164345513385
chr20:35556093	wtdmso	wtcsc	9	11	38	60	1.291866028708134	0.6239890109552081
chr20:35556102	wtdmso	wtcsc	2	3	42	65	1.0317460317460319	1.0
chr20:35556981	wtdmso	wtcsc	5	4	53	75	1.7688679245283019	0.49365817080459073
chr20:35556999	wtdmso	wtcsc	7	1	54	70	9.074074074074074	0.024198317101040923
chr20:35557431	wtdmso	wtcsc	6	15	48	56	0.4666666666666667	0.15541014751328908
chr20:35557495	wtdmso	wtcsc	1	1	55	79	1.4363636363636363	1.0
chr20:35699658	wtdmso	wtcsc	12	12	24	42	1.75	0.33080195287895536
chr20:35953663	wtdmso	wtcsc	5	24	33	30	0.1893939393939394	0.0014917129127733414
chr20:35953701	wtdmso	wtcsc	27	47	6	6	0.574468085106383	0.523538605559559
chr20:35953981	wtdmso	wtcsc	11	14	30	48	1.2571428571428571	0.6450977438747476
chr20:35954183	wtdmso	wtcsc	7	13	32	47	0.7908653846153846	0.799215316897449
chr20:35954221	wtdmso	wtcsc	9	19	30	31	0.48947368421052634	0.16952032269622624
chr20:35954311	wtdmso	wtcsc	1	1	15	32	2.1333333333333333	1.0
chr20:36612046	wtdmso	wtcsc	2	9	21	33	0.3492063492063492	0.30235545244770445
chr20:36612091	wtdmso	wtcsc	4	3	20	32	2.1333333333333333	0.4267173102781471
chr20:36612114	wtdmso	wtcsc	7	9	19	34	1.391812865497076	0.5715086721718273
chr20:36612146	wtdmso	wtcsc	4	12	21	32	0.5079365079365079	0.37921916724172633
chr20:36612170	wtdmso	wtcsc	4	4	17	32	1.8823529411764706	0.44902604843021926
chr20:36612217	wtdmso	wtcsc	1	6	11	34	0.5151515151515151	1.0
chr20:36612224	wtdmso	wtcsc	4	3	21	41	2.6031746031746033	0.2450569305743563
chr20:37199101	wtdmso	wtcsc	1	1	12	13	1.0833333333333333	1.0
chr20:37204767	wtdmso	wtcsc	1	3	22	13	0.19696969696969696	0.28637949690581266
chr20:37204789	wtdmso	wtcsc	7	9	4	6	1.1666666666666667	1.0
chr20:37204822	wtdmso	wtcsc	1	5	12	9	0.15	0.1647342995169082
chr20:37204880	wtdmso	wtcsc	1	3	11	11	0.3333333333333333	0.5982608695652174
chr20:37207315	wtdmso	wtcsc	1	2	11	10	0.45454545454545453	1.0
chr20:37207433	wtdmso	wtcsc	10	4	12	13	2.7083333333333335	0.19347100159113506
chr20:37210079	wtdmso	wtcsc	8	7	13	8	0.7032967032967034	0.7357856689934601
chr20:37210102	wtdmso	wtcsc	2	5	13	9	0.27692307692307694	0.21475928702315508
chr20:37213771	wtdmso	wtcsc	6	6	19	12	0.631578947368421	0.5157172624557763
chr20:37213812	wtdmso	wtcsc	5	3	19	13	1.1403508771929824	1.0
chr20:37225691	wtdmso	wtcsc	3	2	22	16	1.0909090909090908	1.0
chr20:37225728	wtdmso	wtcsc	11	9	12	4	0.4074074074074074	0.30135070713491174
chr20:37225740	wtdmso	wtcsc	12	13	15	15	0.9230769230769231	1.0
chr20:37225773	wtdmso	wtcsc	4	6	23	21	0.6086956521739131	0.7276582250724458
chr20:37225786	wtdmso	wtcsc	11	10	16	15	1.03125	1.0
chr20:37228635	wtdmso	wtcsc	6	18	9	8	0.2962962962962963	0.1017826068288642
chr20:37228724	wtdmso	wtcsc	1	2	24	13	0.2708333333333333	0.5445344129554657
chr20:37230030	wtdmso	wtcsc	2	4	24	25	0.5208333333333334	0.6722833215619008
chr20:37241303	wtdmso	wtcsc	1	3	30	34	0.37777777777777777	0.6197253141941463
chr20:37241407	wtdmso	wtcsc	1	3	26	33	0.4230769230769231	0.6287678476996301
chr20:3753540	wtdmso	wtcsc	1	1	19	18	0.9473684210526315	1.0
chr20:3753738	wtdmso	wtcsc	8	8	9	8	0.8888888888888888	1.0
chr20:3754157	wtdmso	wtcsc	1	1	15	14	0.9333333333333333	1.0
chr20:3758584	wtdmso	wtcsc	2	2	19	15	0.7894736842105263	1.0
chr20:388135	wtdmso	wtcsc	12	11	57	71	1.3588516746411483	0.5061298945898105
chr20:391412	wtdmso	wtcsc	5	9	36	44	0.6790123456790124	0.572479898423295
chr20:391569	wtdmso	wtcsc	2	4	74	93	0.6283783783783784	0.6961301751574857
chr20:396217	wtdmso	wtcsc	10	6	69	93	2.246376811594203	0.1862954332440045
chr20:396226	wtdmso	wtcsc	6	12	73	90	0.6164383561643836	0.4552587323470522
chr20:396240	wtdmso	wtcsc	3	20	74	76	0.15405405405405406	0.0012090444583124065
chr20:396265	wtdmso	wtcsc	9	13	52	65	0.8653846153846154	0.8182542075298103
chr20:396293	wtdmso	wtcsc	2	4	74	95	0.6418918918918919	0.698586502198953
chr20:396400	wtdmso	wtcsc	23	35	51	63	0.8117647058823529	0.625384045421151
chr20:396565	wtdmso	wtcsc	34	41	41	61	1.2337894110648424	0.5396709057446113
chr20:396629	wtdmso	wtcsc	61	75	12	16	1.0844444444444445	1.0
chr20:396664	wtdmso	wtcsc	2	4	86	127	0.7383720930232558	1.0
chr20:396691	wtdmso	wtcsc	10	11	72	100	1.2626262626262625	0.6456651269985101
chr20:396766	wtdmso	wtcsc	58	85	25	30	0.8188235294117647	0.6298031588628271
chr20:396776	wtdmso	wtcsc	1	1	87	131	1.5057471264367817	1.0
chr20:396934	wtdmso	wtcsc	2	6	60	81	0.45	0.46971271182003993
chr20:396959	wtdmso	wtcsc	6	8	70	86	0.9214285714285714	1.0
chr20:396963	wtdmso	wtcsc	30	65	45	55	0.5641025641025641	0.057520708022281784
chr20:396981	wtdmso	wtcsc	1	1	80	123	1.5375	1.0
chr20:396997	wtdmso	wtcsc	2	2	81	123	1.5185185185185186	1.0
chr20:397082	wtdmso	wtcsc	24	29	14	14	0.8275862068965517	0.8155184007850635
chr20:397098	wtdmso	wtcsc	1	3	95	148	0.519298245614035	1.0
chr20:397189	wtdmso	wtcsc	24	42	70	98	0.8	0.5536066572682355
chr20:397213	wtdmso	wtcsc	28	72	74	87	0.4572072072072072	0.004151933276641281
chr20:397301	wtdmso	wtcsc	1	2	105	158	0.7523809523809524	1.0
chr20:397324	wtdmso	wtcsc	1	3	106	161	0.5062893081761006	1.0
chr20:397331	wtdmso	wtcsc	29	51	60	88	0.8339869281045752	0.5709661374144872
chr20:397377	wtdmso	wtcsc	9	14	87	131	0.9679802955665024	1.0
chr20:397399	wtdmso	wtcsc	2	4	88	140	0.7954545454545454	1.0
chr20:397450	wtdmso	wtcsc	36	58	63	105	1.0344827586206897	0.8952440063114595
chr20:397462	wtdmso	wtcsc	13	22	90	132	0.8666666666666667	0.8530491073336413
chr20:408341	wtdmso	wtcsc	5	13	15	34	0.8717948717948718	1.0
chr20:408380	wtdmso	wtcsc	2	2	23	71	3.0869565217391304	0.2682377888757239
chr20:408424	wtdmso	wtcsc	11	55	21	88	0.8380952380952381	0.8403710914768898
chr20:409929	wtdmso	wtcsc	22	45	58	167	1.4076628352490421	0.27623117560153676
chr20:410018	wtdmso	wtcsc	1	2	75	208	1.3866666666666667	1.0
chr20:410481	wtdmso	wtcsc	1	2	68	184	1.3529411764705883	1.0
chr20:410551	wtdmso	wtcsc	10	22	53	130	1.1149228130360205	0.8342181280178321
chr20:410557	wtdmso	wtcsc	29	98	44	91	0.612012987012987	0.09785028901009232
chr20:410593	wtdmso	wtcsc	18	47	56	141	0.9642857142857143	1.0
chr20:410684	wtdmso	wtcsc	10	21	62	163	1.251920122887865	0.670269418185607
chr20:410690	wtdmso	wtcsc	1	3	73	193	0.8812785388127854	1.0
chr20:410703	wtdmso	wtcsc	3	4	67	186	2.082089552238806	0.3907856164441506
chr20:428509	wtdmso	wtcsc	3	16	7	34	0.9107142857142857	1.0
chr20:428530	wtdmso	wtcsc	1	5	9	41	0.9111111111111111	1.0
chr20:430419	wtdmso	wtcsc	9	22	14	31	0.9058441558441559	1.0
chr20:430456	wtdmso	wtcsc	2	2	25	60	2.4	0.5817786999319307
chr20:430614	wtdmso	wtcsc	1	7	11	49	0.6363636363636364	1.0
chr20:430647	wtdmso	wtcsc	3	14	11	46	0.8961038961038961	1.0
chr20:430705	wtdmso	wtcsc	4	25	21	39	0.29714285714285715	0.045364595653291206
chr20:430835	wtdmso	wtcsc	9	24	16	43	1.0078125	1.0
chr20:430868	wtdmso	wtcsc	8	17	20	53	1.2470588235294118	0.7979876330990985
chr20:44908002	wtdmso	wtcsc	3	2	7	9	1.9285714285714286	0.6351172047766475
chr20:45253054	wtdmso	wtcsc	6	21	81	249	0.8783068783068783	1.0
chr20:45253121	wtdmso	wtcsc	5	38	87	245	0.3705384150030248	0.038334036982567196
chr20:45253621	wtdmso	wtcsc	1	8	80	260	0.40625	0.6907927615626919
chr20:45253657	wtdmso	wtcsc	8	38	69	220	0.6712433257055682	0.45023421956881404
chr20:45254494	wtdmso	wtcsc	24	60	59	178	1.2067796610169492	0.562208599202505
chr20:45325492	wtdmso	wtcsc	3	6	101	123	0.6089108910891089	0.7346764814029421
chr20:45325579	wtdmso	wtcsc	6	6	83	113	1.3614457831325302	0.7653364900666932
chr20:45325693	wtdmso	wtcsc	6	22	90	98	0.296969696969697	0.008467421493089192
chr20:45325698	wtdmso	wtcsc	4	10	87	108	0.496551724137931	0.2780027702326999
chr20:45325716	wtdmso	wtcsc	10	24	64	79	0.5143229166666666	0.12333647904619856
chr20:45325742	wtdmso	wtcsc	1	3	70	100	0.47619047619047616	0.6461451708824837
chr20:45325927	wtdmso	wtcsc	5	14	63	76	0.4308390022675737	0.14223304289152044
chr20:45326589	wtdmso	wtcsc	2	3	19	36	1.263157894736842	1.0
chr20:45326710	wtdmso	wtcsc	4	4	17	33	1.9411764705882353	0.4428478984860178
chr20:45326817	wtdmso	wtcsc	3	2	17	37	3.264705882352941	0.32457665070172376
chr20:45326996	wtdmso	wtcsc	1	2	18	32	0.8888888888888888	1.0
chr20:45327019	wtdmso	wtcsc	2	14	13	22	0.24175824175824176	0.102074353639036
chr20:45327116	wtdmso	wtcsc	1	9	16	24	0.16666666666666666	0.13379634811817015
chr20:45327164	wtdmso	wtcsc	1	5	18	32	0.35555555555555557	0.652163873861987
chr20:45327197	wtdmso	wtcsc	4	12	14	19	0.4523809523809524	0.3457798962442893
chr20:45327237	wtdmso	wtcsc	14	31	4	2	0.22580645161290322	0.16794262570893298
chr20:45330504	wtdmso	wtcsc	4	5	13	32	1.9692307692307693	0.4394371864848189
chr20:45333065	wtdmso	wtcsc	1	1	16	36	2.25	0.5345911949685535
chr20:45335888	wtdmso	wtcsc	6	8	8	27	2.53125	0.18115457247724387
chr20:4699227	wtdmso	wtcsc	6	7	28	47	1.4387755102040816	0.5534528212685347
chr20:4699272	wtdmso	wtcsc	4	5	16	42	2.1	0.4342488951481003
chr20:4699314	wtdmso	wtcsc	5	11	28	39	0.6331168831168831	0.5729542841993034
chr20:4699465	wtdmso	wtcsc	14	31	21	22	0.4731182795698925	0.12709247666145324
chr20:4699518	wtdmso	wtcsc	1	1	35	48	1.3714285714285714	1.0
chr20:4699650	wtdmso	wtcsc	19	30	16	26	1.0291666666666666	1.0
chr20:4699659	wtdmso	wtcsc	18	32	13	22	0.9519230769230769	1.0
chr20:4699677	wtdmso	wtcsc	1	3	31	52	0.5591397849462365	1.0
chr20:4699737	wtdmso	wtcsc	2	11	37	45	0.22113022113022113	0.06655771768878557
chr20:4699809	wtdmso	wtcsc	10	18	30	33	0.6111111111111112	0.3624389784968638
chr20:4699820	wtdmso	wtcsc	1	1	33	55	1.6666666666666667	1.0
chr20:4700253	wtdmso	wtcsc	15	22	25	37	1.009090909090909	1.0
chr20:4700265	wtdmso	wtcsc	9	18	26	42	0.8076923076923077	0.8141661267492938
chr20:4700303	wtdmso	wtcsc	5	21	32	37	0.27529761904761907	0.018619596445415984
chr20:4700552	wtdmso	wtcsc	8	25	43	47	0.3497674418604651	0.023183522706056676
chr20:4700631	wtdmso	wtcsc	8	24	41	44	0.35772357723577236	0.03467445224275091
chr20:4700646	wtdmso	wtcsc	3	1	42	72	5.142857142857143	0.15440324166469568
chr20:4700661	wtdmso	wtcsc	21	27	31	55	1.3799283154121864	0.4601435248979454
chr20:4700666	wtdmso	wtcsc	8	17	47	63	0.6307884856070087	0.3734892531647256
chr20:4700694	wtdmso	wtcsc	9	14	46	68	0.9503105590062112	1.0
chr20:4700759	wtdmso	wtcsc	6	4	48	68	2.125	0.3241985489101856
chr20:4700787	wtdmso	wtcsc	1	2	66	94	0.7121212121212122	1.0
chr20:4700883	wtdmso	wtcsc	1	2	67	102	0.7611940298507462	1.0
chr20:4700967	wtdmso	wtcsc	20	31	46	63	0.8835904628330996	0.7342704926193548
chr20:4701068	wtdmso	wtcsc	1	2	69	108	0.782608695652174	1.0
chr20:4701291	wtdmso	wtcsc	6	20	56	94	0.5035714285714286	0.1874015052105761
chr20:4701448	wtdmso	wtcsc	5	9	67	125	1.0364842454394694	1.0
chr20:4701457	wtdmso	wtcsc	1	2	94	171	0.9095744680851063	1.0
chr20:4701503	wtdmso	wtcsc	7	11	77	135	1.115702479338843	0.8045637241091731
chr20:4701557	wtdmso	wtcsc	17	47	68	111	0.5904255319148937	0.12655269365636826
chr20:49094280	wtdmso	wtcsc	1	1	9	11	1.2222222222222223	1.0
chr20:49094800	wtdmso	wtcsc	1	1	9	9	1.0	1.0
chr20:49096535	wtdmso	wtcsc	2	5	8	10	0.5	0.6592469315581444
chr20:49279157	wtdmso	wtcsc	3	8	129	198	0.5755813953488372	0.5382742167030891
chr20:49280501	wtdmso	wtcsc	1	3	120	202	0.5611111111111111	1.0
chr20:49280517	wtdmso	wtcsc	24	35	98	175	1.2244897959183674	0.5518391372460775
chr20:49289046	wtdmso	wtcsc	2	11	122	201	0.2995529061102832	0.14329904384401362
chr20:49289088	wtdmso	wtcsc	21	36	110	175	0.928030303030303	0.8817859391255096
chr20:49289092	wtdmso	wtcsc	1	2	123	196	0.7967479674796748	1.0
chr20:49289127	wtdmso	wtcsc	9	28	129	204	0.5083056478405316	0.10661121441739801
chr20:49289202	wtdmso	wtcsc	7	26	139	207	0.4009407858328722	0.03879773260159164
chr20:49289217	wtdmso	wtcsc	13	27	126	197	0.7527924750146973	0.49242627812572903
chr20:49936431	wtdmso	wtcsc	3	4	10	12	0.9	1.0
chr20:50191421	wtdmso	wtcsc	12	32	12	42	1.3125	0.6396478024651059
chr20:50191580	wtdmso	wtcsc	31	78	10	25	0.9935897435897436	1.0
chr20:50191835	wtdmso	wtcsc	6	21	57	105	0.5263157894736842	0.2698288735775622
chr20:50192018	wtdmso	wtcsc	26	54	56	108	0.9285714285714286	0.8854302162188488
chr20:50192111	wtdmso	wtcsc	28	63	58	107	0.8199233716475096	0.49323511330378694
chr20:50192168	wtdmso	wtcsc	5	19	71	124	0.45959970348406226	0.17336656959587043
chr20:50192439	wtdmso	wtcsc	74	147	19	30	0.7948442534908701	0.5084662252310149
chr20:50192459	wtdmso	wtcsc	14	39	79	151	0.6861408633560532	0.3309375100732507
chr20:50192634	wtdmso	wtcsc	15	27	64	124	1.0763888888888888	0.8585006325750975
chr20:50192647	wtdmso	wtcsc	2	4	67	144	1.0746268656716418	1.0
chr20:50584234	wtdmso	wtcsc	1	1	9	11	1.2222222222222223	1.0
chr20:5115016	wtdmso	wtcsc	1	3	9	20	0.7407407407407407	1.0
chr20:5115239	wtdmso	wtcsc	2	4	9	18	1.0	1.0
chr20:5115478	wtdmso	wtcsc	2	1	10	13	2.6	0.5800000000000001
chr20:5115516	wtdmso	wtcsc	4	12	7	12	0.5714285714285714	0.49276974416017777
chr20:5115551	wtdmso	wtcsc	3	1	20	23	3.45	0.34751773049645385
chr20:5117661	wtdmso	wtcsc	2	2	10	12	1.2	1.0
chr20:5119586	wtdmso	wtcsc	4	2	8	9	2.25	0.6404053612291599
chr20:5119736	wtdmso	wtcsc	5	3	7	7	1.6666666666666667	0.6749226006191952
chr20:58891742	wtdmso	wtcsc	7	21	126	178	0.4708994708994709	0.10784990894134817
chr20:58891757	wtdmso	wtcsc	19	34	106	147	0.7749722530521642	0.44587254971527657
chr20:58891823	wtdmso	wtcsc	5	6	132	182	1.148989898989899	1.0
chr20:58898954	wtdmso	wtcsc	2	2	13	15	1.1538461538461537	1.0
chr20:58903526	wtdmso	wtcsc	7	7	57	92	1.6140350877192982	0.40472872886352423
chr20:58903553	wtdmso	wtcsc	6	8	152	214	1.055921052631579	1.0
chr20:58903671	wtdmso	wtcsc	4	5	160	226	1.13	1.0
chr20:58903729	wtdmso	wtcsc	3	18	158	207	0.21835443037974683	0.010742334276902434
chr20:58903744	wtdmso	wtcsc	1	3	159	223	0.46750524109014674	0.6448749710766244
chr20:58903774	wtdmso	wtcsc	30	65	126	166	0.608058608058608	0.05394622698519924
chr20:58903780	wtdmso	wtcsc	6	8	95	133	1.05	1.0
chr20:58905467	wtdmso	wtcsc	4	13	149	212	0.43779039752194115	0.2062935722874699
chr20:58909169	wtdmso	wtcsc	1	2	146	193	0.660958904109589	1.0
chr20:58909196	wtdmso	wtcsc	26	34	151	195	0.987534086482275	1.0
chr20:58909350	wtdmso	wtcsc	15	25	162	217	0.8037037037037037	0.6146008877729892
chr20:58909373	wtdmso	wtcsc	12	16	160	224	1.05	1.0
chr20:58909391	wtdmso	wtcsc	1	5	180	230	0.25555555555555554	0.23908608812510312
chr20:58909407	wtdmso	wtcsc	1	3	156	216	0.46153846153846156	0.6433218027530757
chr20:58909688	wtdmso	wtcsc	28	49	150	188	0.7161904761904762	0.20541260412457085
chr20:58909743	wtdmso	wtcsc	8	21	185	246	0.5065637065637065	0.12191384587149628
chr20:58909751	wtdmso	wtcsc	2	1	195	272	2.7897435897435896	0.5745951095585901
chr20:58909776	wtdmso	wtcsc	13	24	192	256	0.7222222222222222	0.39160250789273193
chr20:58909797	wtdmso	wtcsc	7	8	192	262	1.1940104166666667	0.79399070730205
chr20:58910039	wtdmso	wtcsc	8	11	192	261	0.9886363636363636	1.0
chr20:58910354	wtdmso	wtcsc	10	29	202	273	0.4660293615568453	0.042844665753171
chr20:58910365	wtdmso	wtcsc	12	17	202	295	1.0308677926616192	1.0
chr20:58910746	wtdmso	wtcsc	3	16	172	251	0.27361918604651164	0.031729604264137505
chr20:58910755	wtdmso	wtcsc	22	48	203	277	0.6254105090311987	0.09162812373324844
chr20:58910785	wtdmso	wtcsc	19	41	182	263	0.6696596086839989	0.20616647670863358
chr20:58910836	wtdmso	wtcsc	16	34	199	279	0.6597694354123559	0.22654401870775065
chr20:58911085	wtdmso	wtcsc	2	7	238	315	0.37815126050420167	0.31299934379028405
chr20:58995359	wtdmso	wtcsc	10	20	9	11	0.6111111111111112	0.5531677602706193
chr20:58995382	wtdmso	wtcsc	10	3	11	24	7.2727272727272725	0.008027629865773682
chr20:58995406	wtdmso	wtcsc	1	3	21	26	0.4126984126984127	0.6247058823529412
chr20:58995473	wtdmso	wtcsc	6	2	15	33	6.6	0.042306540419747976
chr20:58995521	wtdmso	wtcsc	3	9	17	21	0.4117647058823529	0.3168416624469196
chr20:58995553	wtdmso	wtcsc	17	14	6	18	3.642857142857143	0.03143432270183071
chr20:58995599	wtdmso	wtcsc	1	2	17	28	0.8235294117647058	1.0
chr20:58995606	wtdmso	wtcsc	2	3	19	27	0.9473684210526315	1.0
chr20:58995661	wtdmso	wtcsc	1	5	17	24	0.2823529411764706	0.38388619104149513
chr20:58996644	wtdmso	wtcsc	3	3	13	28	2.1538461538461537	0.39517281977966534
chr20:58996679	wtdmso	wtcsc	1	6	15	18	0.2	0.2096616740579589
chr20:58996735	wtdmso	wtcsc	1	6	15	22	0.24444444444444444	0.39302569836647516
chr20:58996776	wtdmso	wtcsc	3	12	12	18	0.375	0.31452287819099944
chr20:58997689	wtdmso	wtcsc	6	7	8	21	2.25	0.29804327051168356
chr20:58997746	wtdmso	wtcsc	1	2	15	22	0.7333333333333333	1.0
chr20:59001469	wtdmso	wtcsc	1	2	14	13	0.4642857142857143	1.0
chr20:59006383	wtdmso	wtcsc	3	3	12	22	1.8333333333333333	0.6539555750082066
chr20:59006428	wtdmso	wtcsc	3	7	10	19	0.8142857142857143	1.0
chr20:59007173	wtdmso	wtcsc	3	5	11	10	0.5454545454545454	0.6816591704147926
chr20:59028718	wtdmso	wtcsc	7	10	160	131	0.573125	0.3205511633464689
chr20:59028834	wtdmso	wtcsc	38	57	160	135	0.5625	0.018258266643053144
chr20:59030349	wtdmso	wtcsc	2	1	194	188	1.9381443298969072	1.0
chr20:59030376	wtdmso	wtcsc	1	2	150	145	0.48333333333333334	0.6187214517751431
chr20:59032224	wtdmso	wtcsc	12	10	191	183	1.149738219895288	0.8282166906525061
chr20:59032320	wtdmso	wtcsc	16	11	49	52	1.5435992578849722	0.3884311369491973
chr20:62137396	wtdmso	wtcsc	2	18	47	90	0.2127659574468085	0.03683603968543224
chr20:62138202	wtdmso	wtcsc	3	8	46	85	0.6929347826086957	0.7481740029957402
chr20:62138237	wtdmso	wtcsc	4	7	51	100	1.1204481792717087	1.0
chr20:62139829	wtdmso	wtcsc	5	12	40	74	0.7708333333333334	0.7871987378884405
chr20:62139839	wtdmso	wtcsc	5	22	44	78	0.40289256198347106	0.112113182928432
chr20:62140868	wtdmso	wtcsc	3	4	45	89	1.4833333333333334	0.6897807129993729
chr20:62140884	wtdmso	wtcsc	2	13	46	81	0.2709030100334448	0.0896102627623888
chr20:62306198	wtdmso	wtcsc	2	5	8	20	1.0	1.0
chr20:62306251	wtdmso	wtcsc	2	4	8	22	1.375	1.0
chr20:62306303	wtdmso	wtcsc	8	12	12	16	0.8888888888888888	1.0
chr20:62307387	wtdmso	wtcsc	2	6	19	8	0.14035087719298245	0.03863026654690595
chr20:62308744	wtdmso	wtcsc	1	1	19	28	1.4736842105263157	1.0
chr20:62308756	wtdmso	wtcsc	1	9	9	19	0.2345679012345679	0.23621928745871068
chr20:62387366	wtdmso	wtcsc	9	24	200	317	0.594375	0.26663757326532134
chr20:62387642	wtdmso	wtcsc	30	37	188	287	1.2377803335250144	0.42721222206860165
chr20:62388458	wtdmso	wtcsc	12	19	213	312	0.9251297257227576	1.0
chr20:62388465	wtdmso	wtcsc	26	60	188	270	0.6223404255319149	0.07089406087503114
chr20:62388515	wtdmso	wtcsc	1	1	66	84	1.2727272727272727	1.0
chr20:63521682	wtdmso	wtcsc	5	7	245	296	0.8629737609329446	1.0
chr20:63521770	wtdmso	wtcsc	31	47	290	303	0.6891415994130594	0.1480447230067451
chr20:63521795	wtdmso	wtcsc	9	13	265	302	0.7889695210449927	0.6666042945134512
chr20:63521878	wtdmso	wtcsc	30	66	279	281	0.4578038449006191	0.0008459335518896136
chr20:63522023	wtdmso	wtcsc	2	4	299	337	0.5635451505016722	0.6896956042923005
chr20:63522044	wtdmso	wtcsc	5	3	251	302	2.00531208499336	0.4788576671796574
chr20:63522053	wtdmso	wtcsc	2	2	327	373	1.1406727828746177	1.0
chr20:63522108	wtdmso	wtcsc	3	11	283	332	0.319948602634115	0.10112826030019555
chr20:63522117	wtdmso	wtcsc	54	99	257	267	0.5666784577290414	0.0031099180292197236
chr20:63522147	wtdmso	wtcsc	14	30	283	322	0.5309776207302709	0.06057760305282445
chr20:63697342	wtdmso	wtcsc	4	3	8	17	2.8333333333333335	0.37930677961267506
chr20:63698327	wtdmso	wtcsc	1	3	12	18	0.5	1.0
chr20:63740496	wtdmso	wtcsc	1	14	11	17	0.11038961038961038	0.0327186776045673
chr20:63742373	wtdmso	wtcsc	1	10	9	29	0.32222222222222224	0.4193067227851366
chr20:63742435	wtdmso	wtcsc	5	8	6	28	2.9166666666666665	0.24612751783771317
chr20:63742601	wtdmso	wtcsc	2	5	9	28	1.2444444444444445	1.0
chr20:63742934	wtdmso	wtcsc	2	2	29	42	1.4482758620689655	1.0
chr20:63742985	wtdmso	wtcsc	2	1	29	42	2.896551724137931	0.5681691965938541
chr20:63743007	wtdmso	wtcsc	4	14	25	30	0.34285714285714286	0.10070576542333451
chr20:63743144	wtdmso	wtcsc	6	7	27	39	1.2380952380952381	0.7653561971692657
chr20:63743366	wtdmso	wtcsc	5	14	27	33	0.4365079365079365	0.18570714397762442
chr20:63743385	wtdmso	wtcsc	2	3	31	45	0.967741935483871	1.0
chr20:63891209	wtdmso	wtcsc	4	3	6	9	2.0	0.651702786377709
chr21:25880853	wtdmso	wtcsc	1	2	40	57	0.7125	1.0
chr21:25881032	wtdmso	wtcsc	5	4	47	66	1.7553191489361701	0.49377288114505397
chr21:25881146	wtdmso	wtcsc	4	6	31	47	1.010752688172043	1.0
chr21:25881319	wtdmso	wtcsc	2	9	31	37	0.26523297491039427	0.10896279023134575
chr21:25881399	wtdmso	wtcsc	1	1	33	53	1.606060606060606	1.0
chr21:25881509	wtdmso	wtcsc	13	21	20	31	0.9595238095238096	1.0
chr21:25881668	wtdmso	wtcsc	1	1	30	43	1.4333333333333333	1.0
chr21:25881673	wtdmso	wtcsc	5	13	27	28	0.39886039886039887	0.17124195115650126
chr21:25891820	wtdmso	wtcsc	1	7	12	29	0.34523809523809523	0.6631149329555199
chr21:25911769	wtdmso	wtcsc	2	1	8	14	3.5	0.5434782608695652
chr21:31667282	wtdmso	wtcsc	2	9	9	30	0.7407407407407407	1.0
chr21:33421556	wtdmso	wtcsc	1	3	10	8	0.26666666666666666	0.5864661654135339
chr21:33426885	wtdmso	wtcsc	2	4	9	19	1.0555555555555556	1.0
chr21:33426915	wtdmso	wtcsc	1	2	10	21	1.05	1.0
chr21:33432754	wtdmso	wtcsc	2	3	9	24	1.7777777777777777	0.6153938104402501
chr21:33436837	wtdmso	wtcsc	1	1	11	26	2.3636363636363638	0.5263157894736843
chr21:33436900	wtdmso	wtcsc	2	6	9	24	0.8888888888888888	1.0
chr21:33436962	wtdmso	wtcsc	2	1	9	27	6.0	0.18656308129992344
chr21:33437046	wtdmso	wtcsc	1	4	9	25	0.6944444444444444	1.0
chr21:33437120	wtdmso	wtcsc	2	3	10	27	1.8	0.6134096968500049
chr21:33437256	wtdmso	wtcsc	1	1	22	36	1.6363636363636365	1.0
chr21:33437323	wtdmso	wtcsc	4	6	24	32	0.8888888888888888	1.0
chr21:33437381	wtdmso	wtcsc	1	3	22	33	0.5	1.0
chr21:33437478	wtdmso	wtcsc	3	8	22	28	0.4772727272727273	0.49991087048994926
chr21:33903638	wtdmso	wtcsc	4	7	41	38	0.5296167247386759	0.5216260808669875
chr21:33907351	wtdmso	wtcsc	6	8	41	36	0.6585365853658537	0.5665785920314197
chr21:39342539	wtdmso	wtcsc	4	8	12	19	0.7916666666666666	1.0
chr21:39342569	wtdmso	wtcsc	3	7	12	20	0.7142857142857143	1.0
chr21:39342744	wtdmso	wtcsc	2	4	12	24	1.0	1.0
chr21:39342857	wtdmso	wtcsc	3	11	12	16	0.36363636363636365	0.30568708244803544
chr21:43734096	wtdmso	wtcsc	6	12	7	23	1.6428571428571428	0.5131467748100931
chr21:43741738	wtdmso	wtcsc	4	4	20	33	1.65	0.7004050496651033
chr21:43741756	wtdmso	wtcsc	3	1	22	34	4.636363636363637	0.2983994175971783
chr21:43743762	wtdmso	wtcsc	1	1	12	34	2.8333333333333335	0.472517730496454
chr21:43743789	wtdmso	wtcsc	1	1	23	39	1.6956521739130435	1.0
chr21:43746099	wtdmso	wtcsc	1	1	13	30	2.3076923076923075	0.5303030303030303
chr21:43749007	wtdmso	wtcsc	2	6	22	33	0.5	0.6991056408265676
chr21:43753663	wtdmso	wtcsc	3	2	21	38	2.7142857142857144	0.35468132255546325
chr21:43755745	wtdmso	wtcsc	6	10	25	37	0.888	1.0
chr21:43756028	wtdmso	wtcsc	4	3	28	45	2.142857142857143	0.4288380341411653
chr21:43756084	wtdmso	wtcsc	4	10	24	32	0.5333333333333333	0.37785241336686726
chr21:43756152	wtdmso	wtcsc	1	3	10	13	0.43333333333333335	0.623931623931624
chr21:43774163	wtdmso	wtcsc	1	3	16	37	0.7708333333333334	1.0
chr21:43774195	wtdmso	wtcsc	9	12	12	29	1.8125	0.39578834072857105
chr21:43774212	wtdmso	wtcsc	1	2	18	37	1.0277777777777777	1.0
chr21:43774257	wtdmso	wtcsc	3	5	18	38	1.2666666666666666	1.0
chr21:43774310	wtdmso	wtcsc	3	9	14	34	0.8095238095238095	1.0
chr21:43774670	wtdmso	wtcsc	1	1	17	43	2.5294117647058822	0.4997355896351137
chr21:44326848	wtdmso	wtcsc	1	2	9	25	1.3888888888888888	1.0
chr21:44327074	wtdmso	wtcsc	3	3	21	16	0.7619047619047619	1.0
chr21:44327289	wtdmso	wtcsc	1	1	10	15	1.5	1.0
chr21:44327346	wtdmso	wtcsc	4	6	6	5	0.5555555555555556	0.6699214098594903
chr21:44806005	wtdmso	wtcsc	1	2	10	9	0.45	1.0
chr21:44806605	wtdmso	wtcsc	1	4	9	9	0.25	0.33935629587803495
chr21:44806772	wtdmso	wtcsc	3	6	19	13	0.34210526315789475	0.25950002535368394
chr21:44806889	wtdmso	wtcsc	1	1	21	18	0.8571428571428571	1.0
chr21:8209921	wtdmso	wtcsc	3	3	9	33	3.6666666666666665	0.15581502915044215
chr21:8210165	wtdmso	wtcsc	1	8	11	25	0.2840909090909091	0.4068585035417886
chr21:8210504	wtdmso	wtcsc	2	1	9	32	7.111111111111111	0.14950166112956806
chr21:8210533	wtdmso	wtcsc	5	14	8	21	0.9375	1.0
chr21:8210601	wtdmso	wtcsc	1	5	9	32	0.7111111111111111	1.0
chr21:8210751	wtdmso	wtcsc	2	1	8	33	8.25	0.12458471760797343
chr21:8211017	wtdmso	wtcsc	1	4	12	34	0.7083333333333334	1.0
chr22:19175618	wtdmso	wtcsc	2	4	9	24	1.3333333333333333	1.0
chr22:19175674	wtdmso	wtcsc	2	2	15	35	2.3333333333333335	0.5823254313820352
chr22:19175856	wtdmso	wtcsc	1	4	15	31	0.5166666666666667	1.0
chr22:19175891	wtdmso	wtcsc	1	4	16	26	0.40625	0.6400378372282081
chr22:19175951	wtdmso	wtcsc	1	5	19	30	0.3157894736842105	0.3994517013384938
chr22:19176107	wtdmso	wtcsc	3	6	12	24	1.0	1.0
chr22:19176468	wtdmso	wtcsc	2	2	12	15	1.25	1.0
chr22:19176668	wtdmso	wtcsc	1	4	14	23	0.4107142857142857	0.6389602053915275
chr22:19176869	wtdmso	wtcsc	2	3	8	13	1.0833333333333333	1.0
chr22:19176895	wtdmso	wtcsc	10	5	4	24	12.0	0.001355589682639164
chr22:19177123	wtdmso	wtcsc	1	1	12	27	2.25	0.5390243902439025
chr22:19178037	wtdmso	wtcsc	1	2	13	23	0.8846153846153846	1.0
chr22:19435741	wtdmso	wtcsc	1	1	9	11	1.2222222222222223	1.0
chr22:19435787	wtdmso	wtcsc	1	9	10	4	0.044444444444444446	0.004526181181854892
chr22:19436009	wtdmso	wtcsc	1	3	10	10	0.3333333333333333	0.5962732919254659
chr22:20314740	wtdmso	wtcsc	6	4	9	6	1.0	1.0
chr22:20314804	wtdmso	wtcsc	3	5	11	5	0.2727272727272727	0.2037959348499125
chr22:23765869	wtdmso	wtcsc	1	3	11	52	1.5757575757575757	0.5550373134328358
chr22:23766204	wtdmso	wtcsc	4	20	10	34	0.68	0.7554870092256806
chr22:23767448	wtdmso	wtcsc	1	3	13	56	1.435897435897436	1.0
chr22:23800946	wtdmso	wtcsc	1	2	11	33	1.5	1.0
chr22:23801041	wtdmso	wtcsc	1	9	9	20	0.24691358024691357	0.4015841445432976
chr22:23801067	wtdmso	wtcsc	1	6	10	22	0.36666666666666664	0.648564973642373
chr22:23803413	wtdmso	wtcsc	2	8	10	31	0.775	1.0
chr22:23816826	wtdmso	wtcsc	2	5	11	31	1.1272727272727272	1.0
chr22:23825228	wtdmso	wtcsc	8	12	15	24	1.0666666666666667	1.0
chr22:23825291	wtdmso	wtcsc	2	13	22	27	0.1888111888111888	0.03426394178970376
chr22:23825401	wtdmso	wtcsc	1	1	24	40	1.6666666666666667	1.0
chr22:23833576	wtdmso	wtcsc	4	5	22	35	1.2727272727272727	0.730378976576088
chr22:23833609	wtdmso	wtcsc	2	3	25	42	1.12	1.0
chr22:23833647	wtdmso	wtcsc	1	2	26	43	0.8269230769230769	1.0
chr22:23833690	wtdmso	wtcsc	4	4	22	33	1.5	0.7073681861585611
chr22:23833696	wtdmso	wtcsc	4	4	27	44	1.6296296296296295	0.7049764125959901
chr22:23834254	wtdmso	wtcsc	2	4	27	37	0.6851851851851852	1.0
chr22:23834268	wtdmso	wtcsc	6	8	21	35	1.25	0.7644267134338325
chr22:23894493	wtdmso	wtcsc	3	6	164	209	0.6371951219512195	0.7369501615433418
chr22:23894796	wtdmso	wtcsc	8	3	151	211	3.726269315673289	0.06034255497886831
chr22:23894880	wtdmso	wtcsc	33	50	162	200	0.8148148148148148	0.4623129144652742
chr22:23894940	wtdmso	wtcsc	7	8	111	161	1.2691441441441442	0.7887030982591338
chr22:23895117	wtdmso	wtcsc	30	58	139	169	0.6288762093773257	0.06800155850145881
chr22:23895149	wtdmso	wtcsc	4	11	176	212	0.4380165289256198	0.19052291602265414
chr22:23895219	wtdmso	wtcsc	2	2	78	128	1.641025641025641	0.6365089271267759
chr22:23971518	wtdmso	wtcsc	9	6	13	12	1.3846153846153846	0.7470162041908428
chr22:23971561	wtdmso	wtcsc	6	3	16	15	1.875	0.47609147609147606
chr22:23973770	wtdmso	wtcsc	1	1	20	17	0.85	1.0
chr22:23973833	wtdmso	wtcsc	3	1	19	16	2.526315789473684	0.6180471969945655
chr22:24557657	wtdmso	wtcsc	2	2	8	13	1.625	1.0
chr22:28794588	wtdmso	wtcsc	2	5	11	34	1.2363636363636363	1.0
chr22:28794738	wtdmso	wtcsc	2	4	32	61	0.953125	1.0
chr22:28794843	wtdmso	wtcsc	1	1	34	62	1.8235294117647058	1.0
chr22:28794941	wtdmso	wtcsc	2	13	14	34	0.37362637362637363	0.31567529334208766
chr22:28795026	wtdmso	wtcsc	2	3	39	51	0.8717948717948718	1.0
chr22:28795141	wtdmso	wtcsc	4	15	35	53	0.4038095238095238	0.18830263558822483
chr22:28795201	wtdmso	wtcsc	17	34	22	24	0.5454545454545454	0.15466865456282347
chr22:28795217	wtdmso	wtcsc	11	15	27	48	1.3037037037037038	0.6408701669027993
chr22:28795256	wtdmso	wtcsc	1	3	28	53	0.6309523809523809	1.0
chr22:28795292	wtdmso	wtcsc	26	48	7	9	0.6964285714285714	0.5732053474719478
chr22:28795393	wtdmso	wtcsc	2	3	31	55	1.1827956989247312	1.0
chr22:28795491	wtdmso	wtcsc	1	3	26	54	0.6923076923076923	1.0
chr22:28795549	wtdmso	wtcsc	8	24	22	29	0.4393939393939394	0.10671992592992285
chr22:28795621	wtdmso	wtcsc	3	5	26	52	1.2	1.0
chr22:28795697	wtdmso	wtcsc	2	4	18	44	1.2222222222222223	1.0
chr22:28796062	wtdmso	wtcsc	4	7	26	48	1.054945054945055	1.0
chr22:28796091	wtdmso	wtcsc	9	15	22	41	1.1181818181818182	0.8082510984194098
chr22:28797127	wtdmso	wtcsc	2	1	29	47	3.2413793103448274	0.5578092793282666
chr22:28797140	wtdmso	wtcsc	4	4	14	46	3.2857142857142856	0.19398044009727555
chr22:28797162	wtdmso	wtcsc	4	3	24	46	2.5555555555555554	0.24881548938739953
chr22:28799083	wtdmso	wtcsc	5	11	23	40	0.7905138339920948	0.7767900213723692
chr22:28800484	wtdmso	wtcsc	1	8	9	25	0.3472222222222222	0.6590979573336203
chr22:28800498	wtdmso	wtcsc	4	13	6	24	1.2307692307692308	1.0
chr22:29767449	wtdmso	wtcsc	3	3	20	14	0.7	1.0
chr22:29769711	wtdmso	wtcsc	1	3	25	16	0.21333333333333335	0.2954461559112722
chr22:29769826	wtdmso	wtcsc	1	2	24	18	0.375	0.5771670190274842
chr22:29769871	wtdmso	wtcsc	9	10	21	13	0.5571428571428572	0.390573818590117
chr22:31105106	wtdmso	wtcsc	1	2	11	11	0.5	1.0
chr22:31107410	wtdmso	wtcsc	2	3	10	10	0.6666666666666666	1.0
chr22:31107416	wtdmso	wtcsc	2	3	11	9	0.5454545454545454	0.6447204968944099
chr22:32387935	wtdmso	wtcsc	4	5	7	5	0.5714285714285714	0.6699214098594903
chr22:32393908	wtdmso	wtcsc	1	1	10	9	0.9	1.0
chr22:32393923	wtdmso	wtcsc	1	5	10	5	0.1	0.0634674922600619
chr22:32859978	wtdmso	wtcsc	1	1	25	9	0.36	0.4841269841269841
chr22:32860110	wtdmso	wtcsc	1	1	23	20	0.8695652173913043	1.0
chr22:32860174	wtdmso	wtcsc	2	3	25	19	0.5066666666666667	0.6456653891899036
chr22:32860429	wtdmso	wtcsc	6	2	14	8	1.7142857142857142	0.6821281666858878
chr22:32860658	wtdmso	wtcsc	1	2	10	8	0.4	0.5864661654135338
chr22:35838355	wtdmso	wtcsc	9	18	20	16	0.4	0.125002020001612
chr22:35838364	wtdmso	wtcsc	1	4	24	32	0.3333333333333333	0.6399483825160146
chr22:35838454	wtdmso	wtcsc	2	10	26	27	0.2076923076923077	0.05479220687355032
chr22:35838495	wtdmso	wtcsc	12	23	16	16	0.5217391304347826	0.22254205801339344
chr22:36510947	wtdmso	wtcsc	1	5	41	56	0.2731707317073171	0.39679813620588633
chr22:36511603	wtdmso	wtcsc	2	6	24	34	0.4722222222222222	0.4642530404928562
chr22:36511759	wtdmso	wtcsc	1	1	40	48	1.2	1.0
chr22:36512502	wtdmso	wtcsc	2	3	22	33	1.0	1.0
chr22:36512567	wtdmso	wtcsc	4	2	31	45	2.903225806451613	0.3938392402424511
chr22:36517410	wtdmso	wtcsc	4	4	24	33	1.375	0.7170813113641443
chr22:36517422	wtdmso	wtcsc	1	1	9	23	2.5555555555555554	0.5080213903743314
chr22:36517430	wtdmso	wtcsc	3	4	19	30	1.1842105263157894	1.0
chr22:36518767	wtdmso	wtcsc	2	6	21	30	0.47619047619047616	0.4636879611902494
chr22:37029248	wtdmso	wtcsc	1	12	9	19	0.17592592592592593	0.128602617190928
chr22:37029525	wtdmso	wtcsc	4	16	7	17	0.6071428571428571	0.7279066229718525
chr22:37029637	wtdmso	wtcsc	1	4	10	33	0.825	1.0
chr22:37029664	wtdmso	wtcsc	3	25	7	12	0.2057142857142857	0.06579178530948993
chr22:37225336	wtdmso	wtcsc	42	74	27	31	0.6516516516516516	0.19385359258302892
chr22:37225359	wtdmso	wtcsc	13	26	68	103	0.7573529411764706	0.5848502833975621
chr22:37225414	wtdmso	wtcsc	50	83	29	40	0.8309098462816784	0.5471442000454139
chr22:37225508	wtdmso	wtcsc	1	11	62	80	0.11730205278592376	0.028223510650870032
chr22:37225685	wtdmso	wtcsc	2	12	69	97	0.23429951690821257	0.04999441920135474
chr22:37225699	wtdmso	wtcsc	10	22	58	79	0.6191222570532915	0.3178451668013692
chr22:37225791	wtdmso	wtcsc	21	29	57	86	1.0925589836660616	0.8673711923091803
chr22:37226802	wtdmso	wtcsc	6	14	65	94	0.6197802197802198	0.46848439205418896
chr22:37231294	wtdmso	wtcsc	3	6	69	84	0.6086956521739131	0.7322992062866858
chr22:37231307	wtdmso	wtcsc	1	4	73	103	0.3527397260273973	0.6498645028790266
chr22:37231325	wtdmso	wtcsc	2	6	68	101	0.4950980392156863	0.48152938248878957
chr22:37232837	wtdmso	wtcsc	7	12	65	95	0.8525641025641025	0.8094281542167565
chr22:37232855	wtdmso	wtcsc	1	6	62	86	0.23118279569892472	0.24188048836820422
chr22:37232870	wtdmso	wtcsc	10	15	64	91	0.9479166666666666	1.0
chr22:37232885	wtdmso	wtcsc	4	8	61	92	0.7540983606557377	0.7657232817911425
chr22:37232912	wtdmso	wtcsc	1	2	64	88	0.6875	1.0
chr22:37241644	wtdmso	wtcsc	5	14	55	65	0.42207792207792205	0.13792371683748755
chr22:37244152	wtdmso	wtcsc	1	3	57	84	0.49122807017543857	0.6499606027775042
chr22:37675682	wtdmso	wtcsc	33	76	230	267	0.5040617848970251	0.0027014977991740535
chr22:37675694	wtdmso	wtcsc	9	14	244	323	0.8509953161592506	0.8310039134711066
chr22:37677014	wtdmso	wtcsc	1	1	276	369	1.3369565217391304	1.0
chr22:37678493	wtdmso	wtcsc	55	81	194	258	0.903016418480336	0.622161596186926
chr22:37678505	wtdmso	wtcsc	4	7	263	345	0.7495926127104834	0.7646557071334888
chr22:37678603	wtdmso	wtcsc	12	17	209	314	1.0605122431747818	1.0
chr22:37679632	wtdmso	wtcsc	14	27	236	326	0.7162586315128688	0.41198777596049696
chr22:37679717	wtdmso	wtcsc	23	50	274	341	0.5724817518248175	0.034219501606739755
chr22:37679744	wtdmso	wtcsc	46	103	239	276	0.5157411544867369	0.0007132347727922593
chr22:37851294	wtdmso	wtcsc	1	2	18	36	1.0	1.0
chr22:37851319	wtdmso	wtcsc	6	10	13	27	1.2461538461538462	0.7612941429694154
chr22:37851380	wtdmso	wtcsc	1	5	17	37	0.43529411764705883	0.6579310904113267
chr22:37851486	wtdmso	wtcsc	1	2	17	40	1.1764705882352942	1.0
chr22:37855577	wtdmso	wtcsc	1	5	18	33	0.36666666666666664	0.652163873861987
chr22:37863296	wtdmso	wtcsc	3	15	14	17	0.24285714285714285	0.06308105054455532
chr22:37870233	wtdmso	wtcsc	2	6	28	38	0.4523809523809524	0.4606069533437012
chr22:37874504	wtdmso	wtcsc	3	4	32	44	1.03125	1.0
chr22:37874511	wtdmso	wtcsc	18	12	16	39	3.65625	0.010161921714046803
chr22:37874516	wtdmso	wtcsc	3	13	31	37	0.27543424317617865	0.08716316191042102
chr22:37875969	wtdmso	wtcsc	3	6	31	44	0.7096774193548387	0.7330893902500686
chr22:37877782	wtdmso	wtcsc	5	4	27	45	2.0833333333333335	0.4713004677138176
chr22:37877809	wtdmso	wtcsc	2	6	32	43	0.4479166666666667	0.46158677000981563
chr22:37877828	wtdmso	wtcsc	8	17	26	34	0.6153846153846154	0.46657385372066956
chr22:37878034	wtdmso	wtcsc	6	8	26	43	1.2403846153846154	0.768355404526911
chr22:37878077	wtdmso	wtcsc	1	2	34	48	0.7058823529411765	1.0
chr22:37878091	wtdmso	wtcsc	5	9	31	44	0.7885304659498208	0.7738163278964669
chr22:37878154	wtdmso	wtcsc	2	5	32	48	0.6	0.700126979616758
chr22:37886783	wtdmso	wtcsc	4	1	32	52	6.5	0.15343299915711905
chr22:37888434	wtdmso	wtcsc	12	9	30	54	2.4	0.08562120680632343
chr22:37888451	wtdmso	wtcsc	2	3	30	50	1.1111111111111112	1.0
chr22:37888457	wtdmso	wtcsc	1	2	45	62	0.6888888888888889	1.0
chr22:37888486	wtdmso	wtcsc	3	3	40	63	1.575	0.6786159747241315
chr22:37888533	wtdmso	wtcsc	1	1	35	52	1.4857142857142858	1.0
chr22:37888584	wtdmso	wtcsc	1	3	32	52	0.5416666666666666	1.0
chr22:38219357	wtdmso	wtcsc	5	1	6	17	14.166666666666666	0.01847922192749779
chr22:38219373	wtdmso	wtcsc	1	5	13	16	0.24615384615384617	0.3662023460410558
chr22:38219419	wtdmso	wtcsc	2	4	8	12	0.75	1.0
chr22:38219597	wtdmso	wtcsc	1	5	14	15	0.21428571428571427	0.20724081421424873
chr22:38219976	wtdmso	wtcsc	4	7	7	9	0.7346938775510204	1.0
chr22:38220027	wtdmso	wtcsc	3	2	8	17	3.1875	0.32682834406972333
chr22:38290801	wtdmso	wtcsc	1	2	9	8	0.4444444444444444	1.0
chr22:38483569	wtdmso	wtcsc	5	7	22	16	0.5194805194805194	0.5077198130431859
chr22:38483578	wtdmso	wtcsc	2	5	25	18	0.288	0.22503799392097268
chr22:38483672	wtdmso	wtcsc	12	11	13	7	0.5874125874125874	0.5374882197449911
chr22:38483752	wtdmso	wtcsc	3	1	9	9	3.0	0.5939849624060151
chr22:38483801	wtdmso	wtcsc	3	3	24	19	0.7916666666666666	1.0
chr22:38483898	wtdmso	wtcsc	1	1	25	19	0.76	1.0
chr22:39312930	wtdmso	wtcsc	14	27	546	824	0.7825261158594492	0.5195242517426544
chr22:39312967	wtdmso	wtcsc	4	8	652	936	0.7177914110429447	0.7707827623590072
chr22:39312981	wtdmso	wtcsc	11	22	463	714	0.7710583153347732	0.5887331077274658
chr22:39313216	wtdmso	wtcsc	2	1	651	936	2.8755760368663594	0.5717687505669726
chr22:39313251	wtdmso	wtcsc	7	34	610	846	0.2855351976856316	0.0011279453628639323
chr22:39313266	wtdmso	wtcsc	19	29	679	958	0.9243816972220812	0.8822085458684414
chr22:39313662	wtdmso	wtcsc	41	43	637	922	1.380088350188018	0.17202735864303212
chr22:39313694	wtdmso	wtcsc	27	63	653	899	0.5900240647560708	0.027318422793560646
chr22:39313701	wtdmso	wtcsc	6	15	645	894	0.5544186046511628	0.26862971536596447
chr22:39314125	wtdmso	wtcsc	5	7	562	791	1.0053380782918149	1.0
chr22:39314134	wtdmso	wtcsc	70	147	544	711	0.6223739495798319	0.0022152697549026393
chr22:39314140	wtdmso	wtcsc	103	182	545	742	0.7705010585744531	0.06246776914013716
chr22:39314155	wtdmso	wtcsc	24	46	621	874	0.7342995169082126	0.26394599305355165
chr22:39314804	wtdmso	wtcsc	8	23	546	773	0.4924351011307533	0.09666752719343355
chr22:39315389	wtdmso	wtcsc	8	14	587	855	0.8323192990995376	0.8278049076472751
chr22:39315433	wtdmso	wtcsc	21	56	559	794	0.5326475849731663	0.016603019478175003
chr22:39315472	wtdmso	wtcsc	53	127	465	639	0.5734823469646939	0.0013549534176575551
chr22:39316760	wtdmso	wtcsc	14	40	440	684	0.5440909090909091	0.062069907876946856
chr22:39317515	wtdmso	wtcsc	10	21	357	604	0.805655595571562	0.7063477101157435
chr22:39317524	wtdmso	wtcsc	26	44	348	569	0.9661703239289446	1.0
chr22:39317596	wtdmso	wtcsc	33	82	342	573	0.6742618741976893	0.08016928887733228
chr22:39317622	wtdmso	wtcsc	29	46	361	619	1.0809948211489824	0.8041931072965802
chr22:39318435	wtdmso	wtcsc	20	52	318	529	0.6398161586840833	0.12601761454208998
chr22:39318488	wtdmso	wtcsc	37	99	310	492	0.5931573802541544	0.01229429445099367
chr22:39318565	wtdmso	wtcsc	1	1	270	466	1.7259259259259259	1.0
chr22:39521488	wtdmso	wtcsc	5	20	24	67	0.6979166666666666	0.609297888796227
chr22:39521789	wtdmso	wtcsc	2	7	21	58	0.7891156462585034	1.0
chr22:39521856	wtdmso	wtcsc	3	5	24	85	2.125	0.38371024973159407
chr22:39521877	wtdmso	wtcsc	1	7	25	73	0.41714285714285715	0.6761632134464377
chr22:39521885	wtdmso	wtcsc	7	17	19	71	1.5386996904024768	0.4192248895537527
chr22:39521898	wtdmso	wtcsc	1	6	23	73	0.5289855072463768	1.0
chr22:39521933	wtdmso	wtcsc	5	22	26	72	0.6293706293706294	0.46018280721408733
chr22:39521961	wtdmso	wtcsc	4	19	22	71	0.6794258373205742	0.5906889942956246
chr22:39522132	wtdmso	wtcsc	2	5	29	89	1.2275862068965517	1.0
chr22:39522180	wtdmso	wtcsc	6	6	37	101	2.72972972972973	0.10320130964682911
chr22:39522376	wtdmso	wtcsc	8	22	49	109	0.8089053803339518	0.8287228420552779
chr22:39522413	wtdmso	wtcsc	3	4	47	115	1.8351063829787233	0.42330887281861473
chr22:40972573	wtdmso	wtcsc	1	8	9	5	0.06944444444444445	0.028806030421321842
chr22:41680296	wtdmso	wtcsc	1	5	26	38	0.2923076923076923	0.39431996030079774
chr22:41680363	wtdmso	wtcsc	5	4	20	35	2.1875	0.2955254801674124
chr22:42086302	wtdmso	wtcsc	2	4	9	38	2.111111111111111	0.5924052639923896
chr22:42090610	wtdmso	wtcsc	1	7	9	35	0.5555555555555556	1.0
chr22:42090673	wtdmso	wtcsc	1	1	9	31	3.4444444444444446	0.4239256678281068
chr22:43159220	wtdmso	wtcsc	21	23	53	56	0.9647251845775225	1.0
chr22:43161143	wtdmso	wtcsc	4	7	80	81	0.5785714285714286	0.536470499589442
chr22:43162950	wtdmso	wtcsc	2	2	52	72	1.3846153846153846	1.0
chr22:43163009	wtdmso	wtcsc	33	47	52	47	0.6346153846153846	0.1753337488939432
chr22:43163070	wtdmso	wtcsc	1	3	73	84	0.3835616438356164	0.625265684824516
chr22:43163199	wtdmso	wtcsc	13	12	64	67	1.1341145833333333	0.8294075567167564
chr22:45196275	wtdmso	wtcsc	3	1	8	10	3.75	0.5864661654135339
chr22:45196480	wtdmso	wtcsc	4	3	6	7	1.5555555555555556	1.0
chr22:50447347	wtdmso	wtcsc	3	2	8	8	1.5	1.0
chr22:50503151	wtdmso	wtcsc	1	2	12	27	1.125	1.0
chr22:50503189	wtdmso	wtcsc	9	18	3	12	2.0	0.484798675696545
chr22:50503318	wtdmso	wtcsc	7	8	5	8	1.4	0.7176829541885403
chr22:50503323	wtdmso	wtcsc	2	7	9	9	0.2857142857142857	0.23112128146453093
chr22:50503472	wtdmso	wtcsc	1	1	9	29	3.2222222222222223	0.44230769230769235
chr22:50503638	wtdmso	wtcsc	3	14	7	14	0.42857142857142855	0.46044062061859614
chr22_KI270876v1_alt:159353	wtdmso	wtcsc	14	13	23	27	1.2642140468227425	0.6414345337620653
chr22_KI270876v1_alt:159362	wtdmso	wtcsc	2	2	33	41	1.2424242424242424	1.0
chr22_KI270876v1_alt:159452	wtdmso	wtcsc	4	4	34	41	1.2058823529411764	1.0
chr22_KI270876v1_alt:159493	wtdmso	wtcsc	16	21	22	25	0.8658008658008658	0.8266377464165873
chr22_KI270879v1_alt:131158	wtdmso	wtcsc	2	2	47	70	1.4893617021276595	1.0
chr22_KI270879v1_alt:131242	wtdmso	wtcsc	8	25	49	61	0.3983673469387755	0.04338982613566869
chr22_KI270879v1_alt:131302	wtdmso	wtcsc	1	2	42	73	0.8690476190476191	1.0
chr22_KI270879v1_alt:131448	wtdmso	wtcsc	5	6	41	54	1.0975609756097562	1.0
chr22_KI270879v1_alt:131511	wtdmso	wtcsc	3	4	35	55	1.1785714285714286	1.0
chr2:101004224	wtdmso	wtcsc	115	168	469	619	0.9034546654482689	0.45897332913632516
chr2:101004243	wtdmso	wtcsc	1	15	571	760	0.08873321657910099	0.0034904522351298017
chr2:101006357	wtdmso	wtcsc	180	286	282	377	0.8413926499032882	0.1759720231146532
chr2:101006376	wtdmso	wtcsc	13	56	555	703	0.29404761904761906	2.657397083562267e-05
chr2:101276647	wtdmso	wtcsc	1	4	9	6	0.16666666666666666	0.30340557275541796
chr2:10440472	wtdmso	wtcsc	1	16	10	32	0.2	0.15114283508800672
chr2:10440550	wtdmso	wtcsc	1	1	22	63	2.8636363636363638	0.4611066559743384
chr2:10440589	wtdmso	wtcsc	1	4	23	44	0.4782608695652174	0.658815638931629
chr2:10440665	wtdmso	wtcsc	2	3	22	63	1.9090909090909092	0.6064262094194606
chr2:10440844	wtdmso	wtcsc	1	2	24	59	1.2291666666666667	1.0
chr2:10441637	wtdmso	wtcsc	2	11	12	36	0.5454545454545454	0.7129527117538692
chr2:105360852	wtdmso	wtcsc	2	3	8	12	1.0	1.0
chr2:105360947	wtdmso	wtcsc	2	4	10	23	1.15	1.0
chr2:105361432	wtdmso	wtcsc	2	1	8	14	3.5	0.5434782608695652
chr2:105386367	wtdmso	wtcsc	2	3	8	19	1.5833333333333333	0.6367491657397109
chr2:10783867	wtdmso	wtcsc	4	7	26	24	0.5274725274725275	0.5077344114951935
chr2:10783978	wtdmso	wtcsc	18	40	40	39	0.43875	0.02411380951065445
chr2:10784099	wtdmso	wtcsc	33	56	39	55	0.8310439560439561	0.5493101142308503
chr2:10784167	wtdmso	wtcsc	5	12	57	82	0.5994152046783626	0.43750212555795887
chr2:10784187	wtdmso	wtcsc	14	22	46	65	0.8992094861660079	0.8469309162764909
chr2:10784279	wtdmso	wtcsc	1	5	65	88	0.27076923076923076	0.4018717321889561
chr2:10784303	wtdmso	wtcsc	3	3	61	92	1.5081967213114753	0.6853678222914817
chr2:10784309	wtdmso	wtcsc	1	1	60	88	1.4666666666666666	1.0
chr2:10787405	wtdmso	wtcsc	3	3	49	66	1.346938775510204	1.0
chr2:10787428	wtdmso	wtcsc	3	3	49	61	1.2448979591836735	1.0
chr2:10788967	wtdmso	wtcsc	2	2	44	57	1.2954545454545454	1.0
chr2:10791805	wtdmso	wtcsc	1	1	42	49	1.1666666666666667	1.0
chr2:10793193	wtdmso	wtcsc	17	24	16	24	1.0625	1.0
chr2:10812719	wtdmso	wtcsc	4	13	10	11	0.3384615384615385	0.181161584276156
chr2:112829770	wtdmso	wtcsc	2	3	42	119	1.8888888888888888	0.6090172562273746
chr2:112829854	wtdmso	wtcsc	4	19	50	114	0.48	0.22841826522356856
chr2:112829892	wtdmso	wtcsc	13	56	41	89	0.5039198606271778	0.06577339438239946
chr2:112830182	wtdmso	wtcsc	12	39	31	99	0.9826302729528535	1.0
chr2:112830260	wtdmso	wtcsc	26	65	4	23	2.3	0.2091697344059302
chr2:112830322	wtdmso	wtcsc	21	67	31	80	0.8088589311506981	0.6263047937254895
chr2:112830388	wtdmso	wtcsc	12	25	37	109	1.414054054054054	0.40912898107809914
chr2:112830392	wtdmso	wtcsc	5	11	51	145	1.2923351158645275	0.768243793590671
chr2:112830413	wtdmso	wtcsc	1	13	50	136	0.20923076923076922	0.12266209034703907
chr2:112830436	wtdmso	wtcsc	2	3	51	149	1.9477124183006536	0.6056185827207349
chr2:112832680	wtdmso	wtcsc	3	6	40	132	1.65	0.44532140505862233
chr2:112832704	wtdmso	wtcsc	13	43	40	107	0.8087209302325581	0.5972470169894167
chr2:112832744	wtdmso	wtcsc	6	21	40	116	0.8285714285714286	0.8133935699687045
chr2:112832759	wtdmso	wtcsc	17	80	30	58	0.41083333333333333	0.011383597244665651
chr2:112832824	wtdmso	wtcsc	7	15	38	116	1.424561403508772	0.4463279362828098
chr2:112833408	wtdmso	wtcsc	2	5	40	118	1.18	1.0
chr2:112833459	wtdmso	wtcsc	2	9	35	113	0.7174603174603175	1.0
chr2:112833561	wtdmso	wtcsc	3	14	40	109	0.5839285714285715	0.5636066385029266
chr2:112835602	wtdmso	wtcsc	1	9	44	116	0.29292929292929293	0.29399653236028517
chr2:119370757	wtdmso	wtcsc	1	2	12	20	0.8333333333333334	1.0
chr2:119372321	wtdmso	wtcsc	2	3	10	19	1.2666666666666666	1.0
chr2:119372486	wtdmso	wtcsc	4	10	9	9	0.4	0.28928785607196406
chr2:130182637	wtdmso	wtcsc	1	6	52	82	0.26282051282051283	0.2552206177959918
chr2:130182727	wtdmso	wtcsc	11	15	43	78	1.330232558139535	0.5112037969578769
chr2:130190638	wtdmso	wtcsc	4	9	52	90	0.7692307692307693	0.7708138555654559
chr2:131484047	wtdmso	wtcsc	1	7	31	30	0.1382488479262673	0.060171127621599055
chr2:131491922	wtdmso	wtcsc	3	6	25	30	0.6	0.7197259485674057
chr2:169812504	wtdmso	wtcsc	2	5	8	6	0.3	0.3614551083591331
chr2:169819560	wtdmso	wtcsc	1	3	9	7	0.25925925925925924	0.5820433436532508
chr2:172504288	wtdmso	wtcsc	2	2	16	8	0.5	0.6014652014652014
chr2:172504347	wtdmso	wtcsc	5	7	10	4	0.2857142857142857	0.2328577197469377
chr2:172504362	wtdmso	wtcsc	5	6	13	19	1.2179487179487178	1.0
chr2:172504378	wtdmso	wtcsc	7	6	11	18	1.9090909090909092	0.5012843685542347
chr2:172504391	wtdmso	wtcsc	2	5	16	20	0.5	0.6796684619474722
chr2:172504446	wtdmso	wtcsc	7	18	11	5	0.17676767676767677	0.022496247570177957
chr2:172504470	wtdmso	wtcsc	8	9	22	15	0.6060606060606061	0.5563159372769602
chr2:172504484	wtdmso	wtcsc	1	4	29	21	0.1810344827586207	0.16532782792494224
chr2:172504518	wtdmso	wtcsc	3	6	15	18	0.6	0.7083098700556981
chr2:172504685	wtdmso	wtcsc	1	5	19	20	0.21052631578947367	0.20454852389055456
chr2:172504864	wtdmso	wtcsc	1	1	17	27	1.588235294117647	1.0
chr2:172504937	wtdmso	wtcsc	1	2	30	33	0.55	1.0
chr2:172505019	wtdmso	wtcsc	2	1	34	32	1.8823529411764706	1.0
chr2:172505082	wtdmso	wtcsc	7	10	30	29	0.6766666666666666	0.5857182015315239
chr2:172505114	wtdmso	wtcsc	3	4	29	26	0.6724137931034483	0.7031339114666355
chr2:172505160	wtdmso	wtcsc	7	6	33	33	1.1666666666666667	1.0
chr2:172505279	wtdmso	wtcsc	15	15	26	27	1.0384615384615385	1.0
chr2:172505324	wtdmso	wtcsc	7	8	31	35	0.9879032258064516	1.0
chr2:172505361	wtdmso	wtcsc	1	5	41	41	0.2	0.2054042904439633
chr2:172505377	wtdmso	wtcsc	3	3	36	40	1.1111111111111112	1.0
chr2:172505490	wtdmso	wtcsc	2	1	41	48	2.341463414634146	0.597324414715719
chr2:172505558	wtdmso	wtcsc	1	7	42	36	0.12244897959183673	0.057694499350924
chr2:172505634	wtdmso	wtcsc	1	2	43	55	0.6395348837209303	1.0
chr2:172505693	wtdmso	wtcsc	5	10	37	42	0.5675675675675675	0.40404654554783015
chr2:172505882	wtdmso	wtcsc	2	7	44	44	0.2857142857142857	0.16430384261743414
chr2:174075168	wtdmso	wtcsc	1	1	10	19	1.9	1.0
chr2:174075226	wtdmso	wtcsc	6	5	5	12	2.88	0.2480876103301733
chr2:174075310	wtdmso	wtcsc	1	2	10	14	0.7	1.0
chr2:175178149	wtdmso	wtcsc	2	5	42	43	0.4095238095238095	0.43782473499637387
chr2:175178211	wtdmso	wtcsc	10	13	112	112	0.7692307692307693	0.6628765843446649
chr2:175178220	wtdmso	wtcsc	17	21	102	104	0.8253968253968254	0.6017653718026593
chr2:175178272	wtdmso	wtcsc	1	1	125	117	0.936	1.0
chr2:175179090	wtdmso	wtcsc	10	8	111	117	1.3175675675675675	0.6303287835793434
chr2:175180105	wtdmso	wtcsc	13	22	107	96	0.530161427357689	0.10134400902212393
chr2:197486973	wtdmso	wtcsc	1	10	11	47	0.42727272727272725	0.6744362681099172
chr2:197487012	wtdmso	wtcsc	6	20	4	26	1.95	0.48743352309720656
chr2:197488015	wtdmso	wtcsc	1	5	9	45	1.0	1.0
chr2:197488343	wtdmso	wtcsc	3	3	8	43	5.375	0.07903285063165899
chr2:197488351	wtdmso	wtcsc	1	8	10	42	0.525	1.0
chr2:197488481	wtdmso	wtcsc	1	2	9	42	2.3333333333333335	0.46605386228027734
chr2:20032742	wtdmso	wtcsc	3	2	34	50	2.2058823529411766	0.6454002373827934
chr2:20032750	wtdmso	wtcsc	1	2	37	47	0.6351351351351351	1.0
chr2:20032783	wtdmso	wtcsc	4	13	35	43	0.378021978021978	0.17254237025016783
chr2:20032827	wtdmso	wtcsc	6	11	27	34	0.6868686868686869	0.5865691030433176
chr2:20032895	wtdmso	wtcsc	12	20	27	35	0.7777777777777778	0.6609375183735489
chr2:20032990	wtdmso	wtcsc	1	2	34	49	0.7205882352941176	1.0
chr2:20033187	wtdmso	wtcsc	2	1	29	41	2.8275862068965516	0.5708566467296932
chr2:20033231	wtdmso	wtcsc	1	3	31	42	0.45161290322580644	0.6371469213574477
chr2:20034389	wtdmso	wtcsc	4	11	28	23	0.2987012987012987	0.07847770064489756
chr2:20034401	wtdmso	wtcsc	5	11	31	27	0.39589442815249265	0.15979750178460583
chr2:20035039	wtdmso	wtcsc	1	1	17	34	2.0	1.0
chr2:20040968	wtdmso	wtcsc	3	1	19	24	3.789473684210526	0.3277829170521122
chr2:20040980	wtdmso	wtcsc	2	6	20	21	0.35	0.2688571244172217
chr2:20051420	wtdmso	wtcsc	1	1	20	32	1.6	1.0
chr2:20051485	wtdmso	wtcsc	1	1	18	20	1.1111111111111112	1.0
chr2:20051494	wtdmso	wtcsc	1	5	18	18	0.2	0.19727339239534367
chr2:20200890	wtdmso	wtcsc	3	10	134	246	0.5507462686567164	0.5555131001436395
chr2:20200918	wtdmso	wtcsc	85	167	60	96	0.8143712574850299	0.34006870562429703
chr2:20200928	wtdmso	wtcsc	45	87	92	167	0.9389055472263869	0.8230814440356593
chr2:20200975	wtdmso	wtcsc	6	13	144	248	0.7948717948717948	0.8085950437187807
chr2:20201055	wtdmso	wtcsc	4	6	125	244	1.3013333333333332	0.7398803419780337
chr2:20201128	wtdmso	wtcsc	48	90	54	81	0.8	0.38404085565372004
chr2:20201137	wtdmso	wtcsc	3	16	132	220	0.3125	0.08387349041002246
chr2:20201188	wtdmso	wtcsc	5	15	138	241	0.5821256038647343	0.34804133058808173
chr2:20201424	wtdmso	wtcsc	19	40	85	143	0.7991176470588235	0.5442261688960335
chr2:20201436	wtdmso	wtcsc	61	121	65	108	0.8376350921805468	0.4392011226426529
chr2:20201441	wtdmso	wtcsc	14	24	111	195	1.0247747747747749	1.0
chr2:20201510	wtdmso	wtcsc	4	16	188	316	0.42021276595744683	0.1556738476203145
chr2:20201566	wtdmso	wtcsc	7	38	195	296	0.2796221322537112	0.0011285370199133604
chr2:20201807	wtdmso	wtcsc	77	170	84	105	0.5661764705882353	0.00506608925023385
chr2:20201816	wtdmso	wtcsc	3	12	156	256	0.41025641025641024	0.18537941102974181
chr2:20201829	wtdmso	wtcsc	62	131	108	170	0.7449816228442183	0.14422689229342633
chr2:20202004	wtdmso	wtcsc	90	190	64	98	0.725328947368421	0.12155582181876658
chr2:20202085	wtdmso	wtcsc	3	15	152	286	0.3763157894736842	0.13339027180053528
chr2:20202094	wtdmso	wtcsc	2	6	126	230	0.6084656084656085	0.7178760744739119
chr2:20202115	wtdmso	wtcsc	6	9	148	279	1.2567567567567568	0.7837433429228351
chr2:20202135	wtdmso	wtcsc	5	21	123	240	0.4645760743321719	0.1368247212002889
chr2:20202307	wtdmso	wtcsc	1	11	142	245	0.15685019206145967	0.0630356187738445
chr2:20202346	wtdmso	wtcsc	10	31	109	181	0.5356614382953536	0.11831569906740719
chr2:20202424	wtdmso	wtcsc	71	147	32	43	0.6490221088435374	0.12440008568225583
chr2:20202483	wtdmso	wtcsc	13	36	90	148	0.5938271604938271	0.14451705170031875
chr2:20202498	wtdmso	wtcsc	30	80	91	148	0.6098901098901099	0.053279915451315274
chr2:20202539	wtdmso	wtcsc	58	141	64	81	0.5206117021276596	0.00445098198990098
chr2:20202569	wtdmso	wtcsc	79	159	37	65	0.8728539860615332	0.6183659971750589
chr2:20202583	wtdmso	wtcsc	25	71	67	110	0.5780954383014505	0.06029555707215574
chr2:20202698	wtdmso	wtcsc	43	102	67	94	0.5914544922446591	0.03221241842952433
chr2:20202786	wtdmso	wtcsc	1	2	115	219	0.9521739130434783	1.0
chr2:20203106	wtdmso	wtcsc	1	2	97	189	0.9742268041237113	1.0
chr2:20203157	wtdmso	wtcsc	13	30	79	142	0.7789029535864979	0.6003193249601131
chr2:20203166	wtdmso	wtcsc	5	20	86	167	0.48546511627906974	0.18463191756897873
chr2:20203206	wtdmso	wtcsc	1	3	72	148	0.6851851851851852	1.0
chr2:20203220	wtdmso	wtcsc	7	37	76	129	0.32112375533428167	0.007695412628175748
chr2:20203918	wtdmso	wtcsc	2	15	63	132	0.27936507936507937	0.10094562094366602
chr2:20203932	wtdmso	wtcsc	9	33	55	111	0.5504132231404959	0.189941287114341
chr2:20203949	wtdmso	wtcsc	3	12	53	131	0.6179245283018868	0.5640388316158473
chr2:20203972	wtdmso	wtcsc	2	17	55	116	0.24812834224598931	0.06412109855626738
chr2:20204202	wtdmso	wtcsc	16	40	43	100	0.9302325581395349	0.8649668717422604
chr2:20205371	wtdmso	wtcsc	2	8	61	135	0.5532786885245902	0.7267752093458115
chr2:20224934	wtdmso	wtcsc	2	9	51	112	0.4880174291938998	0.5073174104624736
chr2:20224980	wtdmso	wtcsc	7	14	44	101	1.1477272727272727	0.8028737410999229
chr2:20225001	wtdmso	wtcsc	2	9	50	94	0.4177777777777778	0.33686652153205277
chr2:20225015	wtdmso	wtcsc	2	8	49	103	0.5255102040816326	0.5073350274840063
chr2:206161398	wtdmso	wtcsc	1	3	182	245	0.44871794871794873	0.6402708966040553
chr2:206161446	wtdmso	wtcsc	4	11	182	250	0.4995004995004995	0.2926437533445151
chr2:206162531	wtdmso	wtcsc	2	1	182	246	2.7032967032967035	0.5781402216194209
chr2:206162732	wtdmso	wtcsc	3	9	198	263	0.44276094276094274	0.25143752202870734
chr2:206162802	wtdmso	wtcsc	2	7	132	181	0.3917748917748918	0.31418971065179524
chr2:206162839	wtdmso	wtcsc	35	55	156	201	0.8199300699300699	0.4746234078054941
chr2:215360894	wtdmso	wtcsc	4	7	479	336	0.40083507306889354	0.21606374644163853
chr2:215360990	wtdmso	wtcsc	14	14	533	377	0.7073170731707317	0.43720531245087635
chr2:215361140	wtdmso	wtcsc	39	36	542	385	0.7695264452644527	0.27673767312764647
chr2:215361215	wtdmso	wtcsc	21	23	515	359	0.6364710848459265	0.15922209945306026
chr2:215361480	wtdmso	wtcsc	60	60	392	255	0.6505102040816326	0.03391370433445094
chr2:215361499	wtdmso	wtcsc	45	55	451	280	0.5079621044144326	0.0016119179215184957
chr2:215361531	wtdmso	wtcsc	17	20	445	289	0.5520224719101123	0.08617198040465443
chr2:215361972	wtdmso	wtcsc	4	1	445	292	2.6247191011235955	0.6533208550658075
chr2:215361976	wtdmso	wtcsc	7	7	424	275	0.6485849056603774	0.42258881822014527
chr2:215362040	wtdmso	wtcsc	51	50	375	231	0.62832	0.03665457414688411
chr2:215362065	wtdmso	wtcsc	16	14	401	254	0.7239045244032776	0.4452796510023761
chr2:215364938	wtdmso	wtcsc	27	27	377	218	0.5782493368700266	0.05746768918330729
chr2:215364955	wtdmso	wtcsc	3	5	393	240	0.366412213740458	0.2705767645698869
chr2:215365509	wtdmso	wtcsc	19	20	392	231	0.5598214285714286	0.0890351629273412
chr2:215365581	wtdmso	wtcsc	31	24	331	192	0.7492447129909365	0.30981485081836513
chr2:215365605	wtdmso	wtcsc	96	68	244	161	0.9315332690453231	0.7069571679374462
chr2:215365617	wtdmso	wtcsc	3	2	317	207	0.9794952681388013	1.0
chr2:215367917	wtdmso	wtcsc	18	17	272	202	0.7863321799307958	0.5961759954190066
chr2:215367984	wtdmso	wtcsc	5	6	220	181	0.6856060606060606	0.5561425575384583
chr2:215367996	wtdmso	wtcsc	4	7	235	176	0.4279635258358663	0.22075115175694576
chr2:215368011	wtdmso	wtcsc	40	33	193	149	0.9357826974407285	0.7966565536936863
chr2:215370343	wtdmso	wtcsc	2	4	223	181	0.40582959641255606	0.4159374868756386
chr2:215370416	wtdmso	wtcsc	28	25	190	158	0.9313684210526316	0.8825901052184795
chr2:215371917	wtdmso	wtcsc	26	17	177	162	1.3998005982053838	0.33392365394669854
chr2:215371966	wtdmso	wtcsc	12	21	193	151	0.44707623982235384	0.04284504035174529
chr2:215371994	wtdmso	wtcsc	1	1	180	159	0.8833333333333333	1.0
chr2:215372013	wtdmso	wtcsc	19	10	148	124	1.5918918918918918	0.3263697534029313
chr2:215372037	wtdmso	wtcsc	11	8	7	4	0.7857142857142857	1.0
chr2:215372127	wtdmso	wtcsc	13	16	150	135	0.73125	0.4421873938104716
chr2:215372171	wtdmso	wtcsc	7	8	161	138	0.75	0.6070207979090643
chr2:215372187	wtdmso	wtcsc	1	10	176	134	0.07613636363636364	0.0030890654755181745
chr2:215372263	wtdmso	wtcsc	7	5	174	139	1.1183908045977011	1.0
chr2:215372291	wtdmso	wtcsc	4	2	139	122	1.7553956834532374	0.6887851018992249
chr2:215372328	wtdmso	wtcsc	10	7	99	103	1.4862914862914862	0.4615084020906963
chr2:215373324	wtdmso	wtcsc	6	2	164	138	2.524390243902439	0.30129204874551335
chr2:215373396	wtdmso	wtcsc	22	22	158	121	0.7658227848101266	0.4194057401352196
chr2:215373403	wtdmso	wtcsc	34	29	132	103	0.9148380355276907	0.776580147912036
chr2:215375699	wtdmso	wtcsc	22	25	133	95	0.6285714285714286	0.15066965122941312
chr2:215376533	wtdmso	wtcsc	5	12	150	110	0.3055555555555556	0.04069727731956445
chr2:215376548	wtdmso	wtcsc	5	8	119	109	0.5724789915966386	0.39992059942803565
chr2:215376605	wtdmso	wtcsc	7	4	125	110	1.54	0.5519947839765643
chr2:215376629	wtdmso	wtcsc	3	2	141	106	1.127659574468085	1.0
chr2:215376644	wtdmso	wtcsc	15	12	125	100	1.0	1.0
chr2:215378221	wtdmso	wtcsc	10	18	116	79	0.3783524904214559	0.02409507470465444
chr2:215379135	wtdmso	wtcsc	14	14	121	92	0.7603305785123967	0.546582912356943
chr2:215379160	wtdmso	wtcsc	6	5	119	92	0.9277310924369748	1.0
chr2:215379189	wtdmso	wtcsc	15	13	120	83	0.7980769230769231	0.6831948853431706
chr2:215379194	wtdmso	wtcsc	4	8	126	92	0.36507936507936506	0.13453464722867142
chr2:215379209	wtdmso	wtcsc	10	10	122	94	0.7704918032786885	0.6413234240953263
chr2:215379251	wtdmso	wtcsc	2	6	100	75	0.25	0.14127046454381015
chr2:215379298	wtdmso	wtcsc	10	10	106	87	0.8207547169811321	0.8142799088463536
chr2:215380822	wtdmso	wtcsc	10	10	73	53	0.726027397260274	0.6281164645689021
chr2:215380917	wtdmso	wtcsc	2	4	81	57	0.35185185185185186	0.4014696413810986
chr2:215380978	wtdmso	wtcsc	1	4	77	63	0.20454545454545456	0.18176729735222294
chr2:215381060	wtdmso	wtcsc	16	19	64	43	0.5657894736842105	0.17123716435436148
chr2:215382223	wtdmso	wtcsc	4	2	113	99	1.752212389380531	0.6883074370354062
chr2:215382310	wtdmso	wtcsc	2	1	104	88	1.6923076923076923	1.0
chr2:215383339	wtdmso	wtcsc	13	13	97	82	0.845360824742268	0.8337360007144012
chr2:215383345	wtdmso	wtcsc	1	3	105	90	0.2857142857142857	0.3414133757984994
chr2:215383355	wtdmso	wtcsc	12	13	92	73	0.7324414715719063	0.5215526818740029
chr2:215383361	wtdmso	wtcsc	1	4	85	65	0.19117647058823528	0.1723797608448886
chr2:215383440	wtdmso	wtcsc	8	7	101	79	0.8939179632248939	1.0
chr2:215383453	wtdmso	wtcsc	6	5	95	82	1.0357894736842106	1.0
chr2:215383476	wtdmso	wtcsc	2	4	94	77	0.4095744680851064	0.41448653536659563
chr2:215384022	wtdmso	wtcsc	20	12	67	62	1.5422885572139304	0.32548700431581357
chr2:215384063	wtdmso	wtcsc	41	32	43	35	1.0428779069767442	1.0
chr2:215384957	wtdmso	wtcsc	2	5	84	69	0.32857142857142857	0.2504513824334924
chr2:215386827	wtdmso	wtcsc	2	2	70	60	0.8571428571428571	1.0
chr2:215386933	wtdmso	wtcsc	16	8	54	48	1.7777777777777777	0.25955115730760336
chr2:215388221	wtdmso	wtcsc	1	1	68	51	0.75	1.0
chr2:215388251	wtdmso	wtcsc	2	2	69	57	0.8260869565217391	1.0
chr2:215391651	wtdmso	wtcsc	4	1	52	43	3.3076923076923075	0.38078874161348386
chr2:215391795	wtdmso	wtcsc	3	3	49	43	0.8775510204081632	1.0
chr2:215394565	wtdmso	wtcsc	4	2	51	42	1.6470588235294117	0.6899176544124075
chr2:215397180	wtdmso	wtcsc	1	2	53	48	0.4528301886792453	0.6070926503536439
chr2:215397682	wtdmso	wtcsc	8	11	39	31	0.578088578088578	0.3133300084909485
chr2:215397719	wtdmso	wtcsc	1	1	16	19	1.1875	1.0
chr2:215397766	wtdmso	wtcsc	3	6	43	37	0.43023255813953487	0.30487215402165224
chr2:215397802	wtdmso	wtcsc	10	7	40	39	1.3928571428571428	0.6004345654732978
chr2:215399309	wtdmso	wtcsc	4	5	30	27	0.72	0.7296684976596062
chr2:215404530	wtdmso	wtcsc	3	5	14	12	0.5142857142857142	0.6880184866836703
chr2:215404589	wtdmso	wtcsc	3	6	15	14	0.4666666666666667	0.4543076801141316
chr2:215406255	wtdmso	wtcsc	8	8	15	14	0.9333333333333333	1.0
chr2:215406488	wtdmso	wtcsc	1	1	18	19	1.0555555555555556	1.0
chr2:215407233	wtdmso	wtcsc	5	7	14	11	0.5612244897959183	0.4950545651324293
chr2:215407274	wtdmso	wtcsc	10	8	9	11	1.5277777777777777	0.7458545854734856
chr2:215408154	wtdmso	wtcsc	2	1	16	17	2.125	1.0
chr2:215408398	wtdmso	wtcsc	7	7	6	8	1.3333333333333333	1.0
chr2:215409676	wtdmso	wtcsc	1	2	10	10	0.5	1.0
chr2:215409968	wtdmso	wtcsc	1	1	9	10	1.1111111111111112	1.0
chr2:215409978	wtdmso	wtcsc	2	1	10	16	3.2	0.5533661740558291
chr2:215410064	wtdmso	wtcsc	1	1	11	16	1.4545454545454546	1.0
chr2:215420722	wtdmso	wtcsc	5	5	6	8	1.3333333333333333	1.0
chr2:216499311	wtdmso	wtcsc	3	20	338	427	0.18949704142011833	0.0024138436089917795
chr2:216499948	wtdmso	wtcsc	5	8	306	420	0.8578431372549019	1.0
chr2:216500002	wtdmso	wtcsc	1	5	313	454	0.2900958466453674	0.4097355387754858
chr2:216501379	wtdmso	wtcsc	18	25	249	367	1.0612048192771084	0.8732992859474209
chr2:216501396	wtdmso	wtcsc	1	2	315	428	0.6793650793650794	1.0
chr2:216501424	wtdmso	wtcsc	4	5	271	377	1.1129151291512915	1.0
chr2:216529357	wtdmso	wtcsc	1	7	9	5	0.07936507936507936	0.03095975232198142
chr2:218217489	wtdmso	wtcsc	4	7	36	52	0.8253968253968254	1.0
chr2:218228825	wtdmso	wtcsc	6	8	34	50	1.1029411764705883	1.0
chr2:218238687	wtdmso	wtcsc	1	1	39	53	1.358974358974359	1.0
chr2:218245522	wtdmso	wtcsc	3	6	44	61	0.6931818181818182	0.7342414989920428
chr2:218249857	wtdmso	wtcsc	3	9	37	49	0.44144144144144143	0.34954424946490203
chr2:218249875	wtdmso	wtcsc	9	24	39	43	0.41346153846153844	0.06007061354048088
chr2:218253959	wtdmso	wtcsc	5	13	52	71	0.5251479289940828	0.30822325350310703
chr2:218254087	wtdmso	wtcsc	9	14	34	50	0.9453781512605042	1.0
chr2:218254289	wtdmso	wtcsc	1	6	27	36	0.2222222222222222	0.22980676135712974
chr2:218274341	wtdmso	wtcsc	2	3	65	74	0.7589743589743589	1.0
chr2:218274418	wtdmso	wtcsc	4	8	67	70	0.5223880597014925	0.37426293472490757
chr2:218274459	wtdmso	wtcsc	3	9	64	60	0.3125	0.12844292527707535
chr2:218274512	wtdmso	wtcsc	1	4	63	69	0.27380952380952384	0.3712502323077614
chr2:218274590	wtdmso	wtcsc	5	4	61	73	1.4959016393442623	0.7328163610009961
chr2:218274679	wtdmso	wtcsc	4	10	65	65	0.4	0.16331106853613764
chr2:218274857	wtdmso	wtcsc	2	5	50	50	0.4	0.43857181743943374
chr2:218274892	wtdmso	wtcsc	1	1	45	43	0.9555555555555556	1.0
chr2:218275003	wtdmso	wtcsc	3	2	45	38	1.2666666666666666	1.0
chr2:218275067	wtdmso	wtcsc	2	2	45	44	0.9777777777777777	1.0
chr2:218275115	wtdmso	wtcsc	4	10	50	50	0.4	0.16077996326703758
chr2:218275245	wtdmso	wtcsc	4	5	34	37	0.8705882352941177	1.0
chr2:218275273	wtdmso	wtcsc	9	10	30	30	0.9	1.0
chr2:218275277	wtdmso	wtcsc	2	8	35	33	0.2357142857142857	0.09125402580338648
chr2:218275407	wtdmso	wtcsc	11	10	23	22	1.0521739130434782	1.0
chr2:218275559	wtdmso	wtcsc	3	3	33	30	0.9090909090909091	1.0
chr2:218275586	wtdmso	wtcsc	6	4	28	30	1.6071428571428572	0.7337032962020003
chr2:218277041	wtdmso	wtcsc	6	9	26	21	0.5384615384615384	0.3791915430923391
chr2:218277094	wtdmso	wtcsc	1	3	32	28	0.2916666666666667	0.3473848555815767
chr2:218277956	wtdmso	wtcsc	6	7	22	25	0.974025974025974	1.0
chr2:218278519	wtdmso	wtcsc	5	9	29	23	0.44061302681992337	0.23439133744931473
chr2:218281944	wtdmso	wtcsc	7	7	24	22	0.9166666666666666	1.0
chr2:219250523	wtdmso	wtcsc	6	5	48	45	1.125	1.0
chr2:219250598	wtdmso	wtcsc	5	7	52	47	0.6456043956043956	0.5503305762346339
chr2:219250664	wtdmso	wtcsc	35	34	9	7	0.8006535947712419	0.7847763061773767
chr2:219250946	wtdmso	wtcsc	20	17	16	19	1.3970588235294117	0.6375661455847985
chr2:219251066	wtdmso	wtcsc	2	1	45	44	1.9555555555555555	1.0
chr2:219251084	wtdmso	wtcsc	1	1	35	25	0.7142857142857143	1.0
chr2:219251102	wtdmso	wtcsc	9	11	34	26	0.6256684491978609	0.4411725665515397
chr2:219251130	wtdmso	wtcsc	4	5	38	33	0.6947368421052632	0.7292282106657
chr2:219251219	wtdmso	wtcsc	9	6	45	39	1.3	0.7807353657477158
chr2:219251305	wtdmso	wtcsc	10	13	41	31	0.5816135084427767	0.337949884445782
chr2:219252067	wtdmso	wtcsc	1	2	33	28	0.42424242424242425	0.596054147465438
chr2:219252117	wtdmso	wtcsc	3	2	26	24	1.3846153846153846	1.0
chr2:219252152	wtdmso	wtcsc	5	2	36	33	2.2916666666666665	0.44150778976423544
chr2:219253864	wtdmso	wtcsc	2	8	22	15	0.17045454545454544	0.03632960852883374
chr2:219538968	wtdmso	wtcsc	1	3	9	12	0.4444444444444444	0.6264822134387351
chr2:219538997	wtdmso	wtcsc	2	6	8	23	0.9583333333333334	1.0
chr2:219539382	wtdmso	wtcsc	4	11	8	27	1.2272727272727273	1.0
chr2:219539406	wtdmso	wtcsc	1	9	10	26	0.28888888888888886	0.4102528851260405
chr2:219539432	wtdmso	wtcsc	7	11	17	27	1.0106951871657754	1.0
chr2:219539482	wtdmso	wtcsc	2	25	11	11	0.08	0.0010876819963518403
chr2:219539622	wtdmso	wtcsc	1	6	22	29	0.2196969696969697	0.22568175878195398
chr2:219539716	wtdmso	wtcsc	6	13	17	22	0.5972850678733032	0.40973604644494277
chr2:219539833	wtdmso	wtcsc	3	12	8	20	0.625	0.7190171456874884
chr2:219539945	wtdmso	wtcsc	3	12	8	18	0.5625	0.7158069921099933
chr2:219540151	wtdmso	wtcsc	2	6	18	22	0.4074074074074074	0.4401983883386211
chr2:219540293	wtdmso	wtcsc	1	5	19	24	0.25263157894736843	0.3794075951800281
chr2:219540409	wtdmso	wtcsc	2	9	18	17	0.20987654320987653	0.08205709964076385
chr2:219540526	wtdmso	wtcsc	4	18	6	9	0.3333333333333333	0.25781538752650446
chr2:231712846	wtdmso	wtcsc	1	3	39	58	0.49572649572649574	1.0
chr2:231712851	wtdmso	wtcsc	5	8	37	45	0.7601351351351351	0.7682914308712792
chr2:231712897	wtdmso	wtcsc	3	3	32	57	1.78125	0.6661601357074486
chr2:231713225	wtdmso	wtcsc	14	15	28	50	1.6666666666666667	0.2711545013602976
chr2:231713242	wtdmso	wtcsc	2	4	42	57	0.6785714285714286	1.0
chr2:231713276	wtdmso	wtcsc	1	1	45	66	1.4666666666666666	1.0
chr2:231713336	wtdmso	wtcsc	2	5	37	60	0.6486486486486487	0.7087337517303988
chr2:240578393	wtdmso	wtcsc	1	10	11	18	0.16363636363636364	0.12444194169201658
chr2:240578426	wtdmso	wtcsc	1	1	11	28	2.5454545454545454	0.5048780487804878
chr2:240578492	wtdmso	wtcsc	3	5	9	25	1.6666666666666667	0.6679734933906949
chr2:240578507	wtdmso	wtcsc	3	2	9	29	4.833333333333333	0.12303890097423849
chr2:240578526	wtdmso	wtcsc	1	5	11	23	0.41818181818181815	0.6479374110953059
chr2:240578673	wtdmso	wtcsc	4	14	7	16	0.6530612244897959	0.726246460707515
chr2:24067737	wtdmso	wtcsc	7	10	21	21	0.7	0.5778647913935306
chr2:24068433	wtdmso	wtcsc	2	1	35	34	1.9428571428571428	1.0
chr2:24068442	wtdmso	wtcsc	3	2	31	33	1.596774193548387	0.6732890730295016
chr2:24068453	wtdmso	wtcsc	10	11	26	23	0.8041958041958042	0.7956035270967716
chr2:24076200	wtdmso	wtcsc	10	12	26	22	0.7051282051282052	0.6085877066513004
chr2:24076247	wtdmso	wtcsc	6	12	27	22	0.4074074074074074	0.16844484876800017
chr2:241229227	wtdmso	wtcsc	4	14	11	52	1.3506493506493507	0.732634030784638
chr2:241229347	wtdmso	wtcsc	5	9	31	72	1.2903225806451613	0.7593833760511133
chr2:241229388	wtdmso	wtcsc	1	3	36	82	0.7592592592592593	1.0
chr2:241229405	wtdmso	wtcsc	7	9	24	60	1.9444444444444444	0.24855026216206583
chr2:241229514	wtdmso	wtcsc	5	10	28	56	1.0	1.0
chr2:241229527	wtdmso	wtcsc	3	3	33	64	1.9393939393939394	0.4191255431327583
chr2:241229564	wtdmso	wtcsc	3	15	28	51	0.36428571428571427	0.16497703992124368
chr2:241229582	wtdmso	wtcsc	5	14	33	66	0.7142857142857143	0.6049016845809612
chr2:241229587	wtdmso	wtcsc	3	4	26	55	1.5865384615384615	0.6798228247144931
chr2:241229679	wtdmso	wtcsc	2	4	29	64	1.103448275862069	1.0
chr2:241229852	wtdmso	wtcsc	4	7	32	59	1.0535714285714286	1.0
chr2:241229944	wtdmso	wtcsc	1	4	26	45	0.4326923076923077	0.64996589956936
chr2:241230828	wtdmso	wtcsc	1	2	31	54	0.8709677419354839	1.0
chr2:241230906	wtdmso	wtcsc	9	12	22	51	1.7386363636363635	0.30043775918550375
chr2:241230936	wtdmso	wtcsc	2	4	26	53	1.0192307692307692	1.0
chr2:241233853	wtdmso	wtcsc	7	19	22	42	0.7033492822966507	0.6208271024691681
chr2:241235124	wtdmso	wtcsc	4	13	13	39	0.9230769230769231	1.0
chr2:241235165	wtdmso	wtcsc	9	17	17	40	1.245674740484429	0.7991679995122751
chr2:241235181	wtdmso	wtcsc	3	4	13	42	2.423076923076923	0.3607929164927667
chr2:241235250	wtdmso	wtcsc	4	8	19	43	1.131578947368421	1.0
chr2:241235553	wtdmso	wtcsc	2	7	19	39	0.5864661654135338	0.7086403564092627
chr2:241236672	wtdmso	wtcsc	1	5	9	38	0.8444444444444444	1.0
chr2:26190902	wtdmso	wtcsc	3	4	30	44	1.1	1.0
chr2:26191071	wtdmso	wtcsc	4	8	32	42	0.65625	0.7537275249486178
chr2:26191144	wtdmso	wtcsc	1	1	33	49	1.4848484848484849	1.0
chr2:26191286	wtdmso	wtcsc	1	2	27	45	0.8333333333333334	1.0
chr2:26191349	wtdmso	wtcsc	2	4	28	40	0.7142857142857143	1.0
chr2:26193603	wtdmso	wtcsc	1	2	21	29	0.6904761904761905	1.0
chr2:26193610	wtdmso	wtcsc	3	14	19	28	0.3157894736842105	0.13671608158735654
chr2:27070492	wtdmso	wtcsc	3	5	13	24	1.1076923076923078	1.0
chr2:27070711	wtdmso	wtcsc	3	1	37	47	3.810810810810811	0.32600594367658847
chr2:27071608	wtdmso	wtcsc	3	14	35	30	0.1836734693877551	0.012507295520587573
chr2:27215334	wtdmso	wtcsc	4	13	30	35	0.358974358974359	0.10604850255872701
chr2:27215349	wtdmso	wtcsc	1	1	32	39	1.21875	1.0
chr2:27215502	wtdmso	wtcsc	1	4	33	39	0.29545454545454547	0.37610241820768137
chr2:27215540	wtdmso	wtcsc	2	1	32	44	2.75	0.5743497009319796
chr2:27215726	wtdmso	wtcsc	4	2	30	43	2.8666666666666667	0.3938065643595291
chr2:27215747	wtdmso	wtcsc	4	4	28	38	1.3571428571428572	0.7200464204794644
chr2:27216948	wtdmso	wtcsc	10	18	25	27	0.6	0.3484934049961955
chr2:27216969	wtdmso	wtcsc	3	3	34	40	1.1764705882352942	1.0
chr2:27216986	wtdmso	wtcsc	6	17	26	29	0.3936651583710407	0.12913529357135867
chr2:27217102	wtdmso	wtcsc	1	2	28	41	0.7321428571428571	1.0
chr2:27374696	wtdmso	wtcsc	1	3	10	10	0.3333333333333333	0.5962732919254659
chr2:27374741	wtdmso	wtcsc	1	3	10	11	0.36666666666666664	0.6043478260869565
chr2:27375513	wtdmso	wtcsc	3	4	8	10	0.9375	1.0
chr2:27375907	wtdmso	wtcsc	5	5	5	8	1.6	0.6850181720285369
chr2:3575838	wtdmso	wtcsc	26	31	353	398	0.9456273416796125	0.8909955054096765
chr2:3575844	wtdmso	wtcsc	17	25	337	381	0.7687833827893175	0.4314881572107807
chr2:3580147	wtdmso	wtcsc	31	35	362	415	1.0153906866614049	1.0
chr2:3580193	wtdmso	wtcsc	4	5	407	464	0.912039312039312	1.0
chr2:3580228	wtdmso	wtcsc	1	8	366	407	0.13900273224043716	0.041155458295182155
chr2:3580243	wtdmso	wtcsc	9	7	392	445	1.4595481049562682	0.463137061354592
chr2:3580253	wtdmso	wtcsc	38	48	341	387	0.8984604105571847	0.6497346904846442
chr2:3580810	wtdmso	wtcsc	4	9	385	415	0.4790764790764791	0.2688337824996098
chr2:3580882	wtdmso	wtcsc	1	2	359	421	0.5863509749303621	1.0
chr2:3580891	wtdmso	wtcsc	37	46	326	358	0.883302213923713	0.642222571890629
chr2:42350528	wtdmso	wtcsc	2	9	54	71	0.29218106995884774	0.1239388711983844
chr2:42350616	wtdmso	wtcsc	2	5	46	66	0.5739130434782609	0.6999971305357668
chr2:42350839	wtdmso	wtcsc	5	9	48	58	0.6712962962962963	0.5760659547853655
chr2:42350907	wtdmso	wtcsc	18	23	41	58	1.1071049840933191	0.8516242466954619
chr2:42350916	wtdmso	wtcsc	5	13	49	67	0.5259026687598116	0.30695533313069745
chr2:42350949	wtdmso	wtcsc	17	20	39	55	1.1987179487179487	0.6969695561516547
chr2:42351202	wtdmso	wtcsc	39	53	12	11	0.6745283018867925	0.48347327382669264
chr2:42351271	wtdmso	wtcsc	2	5	45	58	0.5155555555555555	0.6964750807909466
chr2:42351283	wtdmso	wtcsc	8	12	39	55	0.9401709401709402	1.0
chr2:42351298	wtdmso	wtcsc	1	7	36	51	0.20238095238095238	0.14414000516400569
chr2:42351315	wtdmso	wtcsc	1	5	44	56	0.2545454545454545	0.23794373452080192
chr2:42353279	wtdmso	wtcsc	1	7	43	43	0.14285714285714285	0.06310963711847686
chr2:42353283	wtdmso	wtcsc	9	20	36	41	0.5125	0.18726621186193565
chr2:42361172	wtdmso	wtcsc	7	17	31	28	0.3719165085388994	0.08785088753538275
chr2:43222467	wtdmso	wtcsc	14	28	18	20	0.5555555555555556	0.25503406344546753
chr2:43222550	wtdmso	wtcsc	7	2	24	43	6.270833333333333	0.027126309086572847
chr2:43222560	wtdmso	wtcsc	5	10	27	35	0.6481481481481481	0.5667276230982669
chr2:43222884	wtdmso	wtcsc	13	22	20	24	0.7090909090909091	0.498013835956735
chr2:43223003	wtdmso	wtcsc	1	2	19	40	1.0526315789473684	1.0
chr2:43223062	wtdmso	wtcsc	1	1	18	44	2.4444444444444446	0.5089285714285714
chr2:43223127	wtdmso	wtcsc	2	9	18	33	0.4074074074074074	0.47810470902371627
chr2:43223291	wtdmso	wtcsc	1	8	18	30	0.20833333333333334	0.24651596382054597
chr2:43223475	wtdmso	wtcsc	2	2	14	31	2.2142857142857144	0.5879854254375201
chr2:43223814	wtdmso	wtcsc	1	2	14	13	0.4642857142857143	1.0
chr2:43223893	wtdmso	wtcsc	9	7	7	5	0.9183673469387755	1.0
chr2:43223955	wtdmso	wtcsc	4	9	7	5	0.31746031746031744	0.23774397630905908
chr2:43223972	wtdmso	wtcsc	6	4	6	8	2.0	0.6801722977520527
chr2:43224061	wtdmso	wtcsc	6	7	4	3	0.6428571428571429	1.0
chr2:46385210	wtdmso	wtcsc	1	4	12	8	0.16666666666666666	0.16024844720496895
chr2:46385359	wtdmso	wtcsc	2	5	11	8	0.2909090909090909	0.3782608695652174
chr2:46385560	wtdmso	wtcsc	4	5	7	5	0.5714285714285714	0.6699214098594903
chr2:46385619	wtdmso	wtcsc	1	4	11	11	0.25	0.3418803418803419
chr2:46385821	wtdmso	wtcsc	2	1	22	24	2.1818181818181817	0.609205384281372
chr2:46385852	wtdmso	wtcsc	4	6	20	18	0.6	0.723793229254182
chr2:46385863	wtdmso	wtcsc	2	5	9	7	0.3111111111111111	0.3707093821510298
chr2:46385974	wtdmso	wtcsc	7	12	15	14	0.5444444444444444	0.3819676684202818
chr2:46386223	wtdmso	wtcsc	7	6	18	23	1.4907407407407407	0.7505684002242612
chr2:46386431	wtdmso	wtcsc	5	8	27	26	0.6018518518518519	0.5402331892526536
chr2:46386625	wtdmso	wtcsc	5	2	25	32	3.2	0.23807613823433632
chr2:47160396	wtdmso	wtcsc	6	15	10	28	1.12	1.0
chr2:47160403	wtdmso	wtcsc	10	5	32	56	3.5	0.044345058671611974
chr2:47160414	wtdmso	wtcsc	2	2	41	63	1.5365853658536586	1.0
chr2:47160450	wtdmso	wtcsc	16	29	25	31	0.6841379310344827	0.4172911789791304
chr2:47160491	wtdmso	wtcsc	6	10	37	55	0.8918918918918919	1.0
chr2:47160519	wtdmso	wtcsc	1	2	39	62	0.7948717948717948	1.0
chr2:47160572	wtdmso	wtcsc	1	4	41	60	0.36585365853658536	0.6460194008980147
chr2:47160708	wtdmso	wtcsc	7	7	32	52	1.625	0.5565151582962655
chr2:47161828	wtdmso	wtcsc	10	18	31	43	0.7706093189964157	0.6540514012957503
chr2:47162334	wtdmso	wtcsc	3	4	29	44	1.1379310344827587	1.0
chr2:47162376	wtdmso	wtcsc	2	5	31	29	0.3741935483870968	0.42747799464217384
chr2:47162544	wtdmso	wtcsc	1	3	35	54	0.5142857142857142	1.0
chr2:47162593	wtdmso	wtcsc	10	17	26	39	0.8823529411764706	0.8193300752349865
chr2:47162617	wtdmso	wtcsc	5	11	28	42	0.6818181818181818	0.5807381369425497
chr2:47170751	wtdmso	wtcsc	10	22	24	32	0.6060606060606061	0.3641056014956046
chr2:47170759	wtdmso	wtcsc	1	6	26	36	0.23076923076923078	0.23305604909653083
chr2:54972228	wtdmso	wtcsc	16	24	13	23	1.1794871794871795	0.814799976524011
chr2:54972253	wtdmso	wtcsc	7	15	24	32	0.6222222222222222	0.44611477631245106
chr2:54972368	wtdmso	wtcsc	13	22	18	21	0.6893939393939394	0.4849942994656865
chr2:54972399	wtdmso	wtcsc	13	22	13	23	1.0454545454545454	1.0
chr2:54972403	wtdmso	wtcsc	1	4	11	19	0.4318181818181818	0.6399430740037952
chr2:54972429	wtdmso	wtcsc	7	16	17	11	0.28308823529411764	0.048490576552631615
chr2:54973597	wtdmso	wtcsc	2	3	12	25	1.3888888888888888	1.0
chr2:54974709	wtdmso	wtcsc	1	4	10	18	0.45	0.6431219873934002
chr2:54982559	wtdmso	wtcsc	3	7	9	20	0.9523809523809523	1.0
chr2:54982575	wtdmso	wtcsc	5	17	8	9	0.33088235294117646	0.17212874721217325
chr2:54987560	wtdmso	wtcsc	1	5	12	22	0.36666666666666664	0.6433651696809592
chr2:54987662	wtdmso	wtcsc	1	1	11	23	2.090909090909091	1.0
chr2:55050049	wtdmso	wtcsc	2	4	8	19	1.1875	1.0
chr2:55232842	wtdmso	wtcsc	2	4	373	532	0.7131367292225201	1.0
chr2:55232857	wtdmso	wtcsc	1	2	336	501	0.7455357142857143	1.0
chr2:55233367	wtdmso	wtcsc	46	58	360	510	1.1235632183908046	0.5996572897945482
chr2:55234140	wtdmso	wtcsc	1	2	370	550	0.7432432432432432	1.0
chr2:55234187	wtdmso	wtcsc	38	80	389	564	0.6886889460154242	0.07358887052427873
chr2:55234856	wtdmso	wtcsc	20	30	417	612	0.9784172661870504	1.0
chr2:55235515	wtdmso	wtcsc	1	4	447	651	0.3640939597315436	0.6537554364310141
chr2:55235519	wtdmso	wtcsc	2	8	380	552	0.3631578947368421	0.2151835481804266
chr2:55235544	wtdmso	wtcsc	78	143	322	414	0.7012987012987013	0.029334500860760605
chr2:55235569	wtdmso	wtcsc	8	16	368	534	0.7255434782608695	0.5322691071091945
chr2:55235576	wtdmso	wtcsc	41	74	388	535	0.7639662858735023	0.2280773237659618
chr2:55235596	wtdmso	wtcsc	9	24	225	294	0.49	0.1007137705150464
chr2:55235602	wtdmso	wtcsc	49	64	100	117	0.89578125	0.6433410923687386
chr2:61868445	wtdmso	wtcsc	1	2	12	38	1.5833333333333333	1.0
chr2:61868678	wtdmso	wtcsc	8	21	33	67	0.7734487734487735	0.6556420463541206
chr2:61868682	wtdmso	wtcsc	3	13	38	77	0.4676113360323887	0.38854855439574554
chr2:61869471	wtdmso	wtcsc	6	13	34	76	1.0316742081447965	1.0
chr2:61869486	wtdmso	wtcsc	4	15	35	71	0.540952380952381	0.421968571000672
chr2:61869526	wtdmso	wtcsc	5	13	32	74	0.8894230769230769	1.0
chr2:61872104	wtdmso	wtcsc	2	2	39	90	2.3076923076923075	0.586690529237737
chr2:61872135	wtdmso	wtcsc	3	16	35	67	0.35892857142857143	0.1767610114865519
chr2:61872248	wtdmso	wtcsc	6	18	31	67	0.7204301075268817	0.6253348825574652
chr2:61872263	wtdmso	wtcsc	2	10	37	78	0.42162162162162165	0.34128500261446204
chr2:61873010	wtdmso	wtcsc	1	8	37	74	0.25	0.26929666235118943
chr2:61873080	wtdmso	wtcsc	1	6	35	72	0.34285714285714286	0.4292477912677637
chr2:61873102	wtdmso	wtcsc	1	4	32	72	0.5625	1.0
chr2:61876193	wtdmso	wtcsc	2	3	24	43	1.1944444444444444	1.0
chr2:61876208	wtdmso	wtcsc	1	6	26	57	0.36538461538461536	0.669789682343314
chr2:61877037	wtdmso	wtcsc	5	7	24	53	1.5773809523809523	0.5164359899646476
chr2:61877449	wtdmso	wtcsc	1	8	25	50	0.25	0.26261744370858814
chr2:61878875	wtdmso	wtcsc	6	21	20	40	0.5714285714285714	0.32536846295985206
chr2:61878906	wtdmso	wtcsc	2	4	27	56	1.037037037037037	1.0
chr2:61878922	wtdmso	wtcsc	9	22	17	32	0.7700534759358288	0.6333003595584334
chr2:61878941	wtdmso	wtcsc	3	2	21	53	3.7857142857142856	0.16117899422363113
chr2:61878945	wtdmso	wtcsc	3	3	12	52	4.333333333333333	0.10779860289346109
chr2:61885051	wtdmso	wtcsc	1	4	12	39	0.8125	1.0
chr2:63606938	wtdmso	wtcsc	3	13	17	9	0.12217194570135746	0.004564183272232866
chr2:63606986	wtdmso	wtcsc	1	1	10	14	1.4	1.0
chr2:63607043	wtdmso	wtcsc	2	5	18	17	0.37777777777777777	0.41432990213478016
chr2:73239672	wtdmso	wtcsc	2	12	10	22	0.36666666666666664	0.29384248136011754
chr2:73244026	wtdmso	wtcsc	2	2	23	33	1.434782608695652	1.0
chr2:73247797	wtdmso	wtcsc	1	7	34	38	0.15966386554621848	0.0734791336006964
chr2:73249033	wtdmso	wtcsc	1	2	33	41	0.6212121212121212	1.0
chr2:73249126	wtdmso	wtcsc	1	2	34	35	0.5147058823529411	1.0
chr2:73249896	wtdmso	wtcsc	2	1	36	49	2.7222222222222223	0.5758001020631334
chr2:73251266	wtdmso	wtcsc	11	11	29	33	1.1379310344827587	0.8091941917965494
chr2:73251297	wtdmso	wtcsc	8	16	34	33	0.4852941176470588	0.16007715687554763
chr2:73251373	wtdmso	wtcsc	3	3	36	39	1.0833333333333333	1.0
chr2:73252661	wtdmso	wtcsc	1	4	43	45	0.2616279069767442	0.3649560662183383
chr2:73252793	wtdmso	wtcsc	23	16	19	34	2.5723684210526314	0.03510071154887144
chr2:74214765	wtdmso	wtcsc	2	21	9	30	0.31746031746031744	0.18732047376547842
chr2:74214791	wtdmso	wtcsc	1	4	9	49	1.3611111111111112	1.0
chr2:74214934	wtdmso	wtcsc	1	8	10	42	0.525	1.0
chr2:74362085	wtdmso	wtcsc	5	3	6	8	2.2222222222222223	0.6594427244582042
chr2:74472074	wtdmso	wtcsc	3	10	8	8	0.3	0.24903412955176546
chr2:84905710	wtdmso	wtcsc	7	16	65	145	0.9759615384615384	1.0
chr2:84906033	wtdmso	wtcsc	8	7	76	203	3.0526315789473686	0.03964503001972761
chr2:84906096	wtdmso	wtcsc	5	34	97	211	0.31989084293511216	0.01511311771807841
chr2:84906500	wtdmso	wtcsc	1	7	92	212	0.32919254658385094	0.4435437400879525
chr2:84906525	wtdmso	wtcsc	45	98	67	196	1.3432835820895523	0.20299150717422504
chr2:84906573	wtdmso	wtcsc	13	28	110	280	1.1818181818181819	0.7163067224052755
chr2:84906589	wtdmso	wtcsc	44	134	64	126	0.6464552238805971	0.06707629313464893
chr2:85394902	wtdmso	wtcsc	6	27	11	32	0.6464646464646465	0.5808749668413653
chr2:85395544	wtdmso	wtcsc	7	14	30	52	0.8666666666666667	1.0
chr2:85398069	wtdmso	wtcsc	4	12	33	48	0.48484848484848486	0.27416059942647353
chr2:85398086	wtdmso	wtcsc	16	23	21	46	1.5238095238095237	0.3985324958935541
chr2:85398108	wtdmso	wtcsc	5	23	27	41	0.33011272141706927	0.055923862777002745
chr2:85398121	wtdmso	wtcsc	1	4	36	61	0.4236111111111111	0.6507348213812978
chr2:85398126	wtdmso	wtcsc	8	12	29	59	1.3563218390804597	0.6055638346155928
chr2:85398134	wtdmso	wtcsc	1	3	34	61	0.5980392156862745	1.0
chr2:85398723	wtdmso	wtcsc	1	2	32	55	0.859375	1.0
chr2:85399205	wtdmso	wtcsc	1	5	25	51	0.408	0.6591026036842647
chr2:85399226	wtdmso	wtcsc	1	5	33	54	0.32727272727272727	0.40982327682770514
chr2:85399283	wtdmso	wtcsc	8	11	29	49	1.2288401253918495	0.7936814675368917
chr2:85401189	wtdmso	wtcsc	3	10	27	46	0.5111111111111111	0.5288786681295847
chr2:85401207	wtdmso	wtcsc	2	2	28	53	1.8928571428571428	0.611292063107935
chr2:85401213	wtdmso	wtcsc	10	28	23	32	0.4968944099378882	0.18556145103516852
chr2:85401298	wtdmso	wtcsc	5	12	26	41	0.657051282051282	0.5796380045088454
chr2:85401568	wtdmso	wtcsc	4	11	27	40	0.5387205387205387	0.38945548673032887
chr2:85402149	wtdmso	wtcsc	1	9	10	33	0.36666666666666664	0.6670789779266741
chr2:85581726	wtdmso	wtcsc	2	1	8	23	5.75	0.20053475935828874
chr2:85595823	wtdmso	wtcsc	2	1	9	30	6.666666666666667	0.16289198606271776
chr2:85596613	wtdmso	wtcsc	3	3	7	17	2.4285714285714284	0.3717064544650751
chr2:9584089	wtdmso	wtcsc	3	5	13	15	0.6923076923076923	0.7085987797889912
chr2:9584129	wtdmso	wtcsc	5	5	26	18	0.6923076923076923	0.7275564581513057
chr2:9584351	wtdmso	wtcsc	2	4	54	48	0.4444444444444444	0.42534235670152876
chr2:9584378	wtdmso	wtcsc	1	2	51	46	0.45098039215686275	0.606382189239332
chr2:9584459	wtdmso	wtcsc	2	4	61	63	0.5163934426229508	0.6809954678630286
chr2:9584899	wtdmso	wtcsc	11	14	51	45	0.6932773109243697	0.5024396275824701
chr2:9584967	wtdmso	wtcsc	11	15	40	32	0.5866666666666667	0.2626435082589129
chr2:9584983	wtdmso	wtcsc	8	6	37	36	1.2972972972972974	0.7736490213298826
chr2:9585016	wtdmso	wtcsc	3	6	49	45	0.45918367346938777	0.31888728279346434
chr2:9585331	wtdmso	wtcsc	1	3	45	44	0.32592592592592595	0.6168025522864231
chr2:9585338	wtdmso	wtcsc	1	5	44	39	0.17727272727272728	0.11026278004421451
chr2:9587465	wtdmso	wtcsc	1	2	48	40	0.4166666666666667	0.5934312878133104
chr2:9587485	wtdmso	wtcsc	1	4	48	40	0.20833333333333334	0.1855773119936254
chr2:9630210	wtdmso	wtcsc	4	4	37	36	0.972972972972973	1.0
chr2:9630364	wtdmso	wtcsc	4	6	24	22	0.6111111111111112	0.7287346747757167
chr2:9630442	wtdmso	wtcsc	4	2	21	15	1.4285714285714286	1.0
chr2:97647136	wtdmso	wtcsc	5	5	74	100	1.3513513513513513	0.7469896322120715
chr2:97647344	wtdmso	wtcsc	5	5	69	113	1.6376811594202898	0.5123097302936155
chr2:97647392	wtdmso	wtcsc	1	4	85	114	0.3352941176470588	0.39977840883860455
chr2:97648004	wtdmso	wtcsc	5	9	68	103	0.8415032679738562	1.0
chr3:100748515	wtdmso	wtcsc	2	4	8	11	0.6875	1.0
chr3:100748584	wtdmso	wtcsc	6	16	5	20	1.5	0.7322319790066982
chr3:100748689	wtdmso	wtcsc	1	2	9	10	0.5555555555555556	1.0
chr3:10126490	wtdmso	wtcsc	2	4	8	23	1.4375	0.6527419321536969
chr3:10126586	wtdmso	wtcsc	1	8	9	17	0.2361111111111111	0.234630448397379
chr3:101681095	wtdmso	wtcsc	7	13	37	85	1.237006237006237	0.7947095549099017
chr3:101681133	wtdmso	wtcsc	27	93	198	315	0.46187683284457476	0.0009636326899241457
chr3:101682448	wtdmso	wtcsc	4	27	176	344	0.2895622895622896	0.016861736746173788
chr3:101682781	wtdmso	wtcsc	2	10	205	391	0.38146341463414635	0.2371194441784805
chr3:101682808	wtdmso	wtcsc	2	1	221	414	3.746606334841629	0.2807854381885425
chr3:101682885	wtdmso	wtcsc	23	82	192	318	0.4645579268292683	0.0022857533056271414
chr3:101685823	wtdmso	wtcsc	40	61	157	338	1.4117155685496503	0.13226481545340663
chr3:101685855	wtdmso	wtcsc	7	45	199	330	0.25795644891122277	0.0003798197761498798
chr3:101686492	wtdmso	wtcsc	6	28	189	332	0.3764172335600907	0.026842503762075153
chr3:101686514	wtdmso	wtcsc	3	3	188	360	1.9148936170212767	0.4198838448129044
chr3:120601186	wtdmso	wtcsc	1	5	22	27	0.24545454545454545	0.3831583141239079
chr3:120601248	wtdmso	wtcsc	1	1	11	21	1.9090909090909092	1.0
chr3:120602249	wtdmso	wtcsc	4	2	19	31	3.263157894736842	0.21542066270146182
chr3:122341494	wtdmso	wtcsc	2	3	44	97	1.4696969696969697	0.6503342390011009
chr3:122341505	wtdmso	wtcsc	6	25	60	107	0.428	0.0963217567152082
chr3:12734732	wtdmso	wtcsc	4	1	11	25	9.090909090909092	0.051365229157270244
chr3:12748751	wtdmso	wtcsc	2	1	12	25	4.166666666666667	0.2763157894736842
chr3:12749797	wtdmso	wtcsc	2	4	9	23	1.2777777777777777	1.0
chr3:128069808	wtdmso	wtcsc	1	4	9	10	0.2777777777777778	0.35770750988142286
chr3:128070231	wtdmso	wtcsc	1	11	9	20	0.20202020202020202	0.23130093205793578
chr3:128070320	wtdmso	wtcsc	1	5	10	30	0.6	1.0
chr3:128070508	wtdmso	wtcsc	1	4	10	34	0.85	1.0
chr3:128070527	wtdmso	wtcsc	3	4	7	33	3.5357142857142856	0.15475576436809052
chr3:128070543	wtdmso	wtcsc	5	28	5	12	0.42857142857142855	0.27676708388826654
chr3:128070690	wtdmso	wtcsc	1	7	10	33	0.4714285714285714	0.6684623895811794
chr3:128070783	wtdmso	wtcsc	1	3	9	39	1.4444444444444444	1.0
chr3:128070964	wtdmso	wtcsc	3	2	17	41	3.6176470588235294	0.3152518471379445
chr3:128070975	wtdmso	wtcsc	2	4	20	37	0.925	1.0
chr3:128071162	wtdmso	wtcsc	1	3	23	42	0.6086956521739131	1.0
chr3:128071170	wtdmso	wtcsc	1	4	20	34	0.425	0.6461399500557886
chr3:128071215	wtdmso	wtcsc	2	1	21	45	4.285714285714286	0.255926251097454
chr3:128071604	wtdmso	wtcsc	4	7	19	45	1.3533834586466165	0.7279128861483344
chr3:128071633	wtdmso	wtcsc	8	18	18	33	0.8148148148148148	0.8011399968156956
chr3:128071655	wtdmso	wtcsc	1	5	21	48	0.45714285714285713	0.6640706884774025
chr3:12836052	wtdmso	wtcsc	13	26	139	215	0.7733812949640287	0.4949238375288769
chr3:12836181	wtdmso	wtcsc	30	72	258	340	0.5490956072351422	0.009070560794802065
chr3:12839501	wtdmso	wtcsc	2	6	253	376	0.49538866930171277	0.48610239122787413
chr3:12839515	wtdmso	wtcsc	1	1	233	360	1.5450643776824033	1.0
chr3:12839525	wtdmso	wtcsc	8	24	265	381	0.47924528301886793	0.09533578204425408
chr3:12840160	wtdmso	wtcsc	1	1	218	323	1.481651376146789	1.0
chr3:12840188	wtdmso	wtcsc	15	25	245	357	0.8742857142857143	0.7417704824306673
chr3:128622354	wtdmso	wtcsc	1	1	10	48	4.8	0.335593220338983
chr3:129169822	wtdmso	wtcsc	3	6	25	71	1.42	0.6975031274458943
chr3:129169839	wtdmso	wtcsc	8	39	19	40	0.4318488529014845	0.1153519724737081
chr3:129169869	wtdmso	wtcsc	2	10	24	66	0.55	0.7258209968782889
chr3:129169896	wtdmso	wtcsc	4	10	24	72	1.2	0.7503033350518702
chr3:129169983	wtdmso	wtcsc	5	23	21	53	0.5486542443064182	0.3199506883424403
chr3:129170038	wtdmso	wtcsc	2	10	24	55	0.4583333333333333	0.49739852573907095
chr3:129170089	wtdmso	wtcsc	8	27	17	48	0.8366013071895425	0.8113268375598328
chr3:129170136	wtdmso	wtcsc	1	12	22	63	0.23863636363636365	0.2892542937689658
chr3:129170282	wtdmso	wtcsc	2	7	21	64	0.8707482993197279	1.0
chr3:129170559	wtdmso	wtcsc	1	4	21	60	0.7142857142857143	1.0
chr3:129171165	wtdmso	wtcsc	3	15	19	48	0.5052631578947369	0.37978646277481287
chr3:129171237	wtdmso	wtcsc	4	11	16	47	1.0681818181818181	1.0
chr3:131498195	wtdmso	wtcsc	1	1	9	9	1.0	1.0
chr3:131501713	wtdmso	wtcsc	3	3	7	7	1.0	1.0
chr3:149964954	wtdmso	wtcsc	1	2	20	22	0.55	1.0
chr3:149965153	wtdmso	wtcsc	1	8	9	17	0.2361111111111111	0.234630448397379
chr3:149965157	wtdmso	wtcsc	5	9	18	16	0.49382716049382713	0.3492641290836461
chr3:149965184	wtdmso	wtcsc	6	9	5	14	1.8666666666666667	0.474805339265851
chr3:149965298	wtdmso	wtcsc	1	6	19	17	0.14912280701754385	0.10033160260046252
chr3:149965353	wtdmso	wtcsc	1	2	10	10	0.5	1.0
chr3:149966096	wtdmso	wtcsc	1	6	9	16	0.2962962962962963	0.3871306437352044
chr3:149966199	wtdmso	wtcsc	8	11	13	14	0.7832167832167832	0.7687218158505028
chr3:150544344	wtdmso	wtcsc	1	11	39	62	0.1445221445221445	0.053390617182104236
chr3:150544408	wtdmso	wtcsc	20	26	23	59	1.9732441471571907	0.08318856070068399
chr3:150544448	wtdmso	wtcsc	2	9	48	83	0.38425925925925924	0.3284464736269979
chr3:150544452	wtdmso	wtcsc	16	38	33	57	0.7272727272727273	0.4684039183590667
chr3:150545745	wtdmso	wtcsc	1	3	45	87	0.6444444444444445	1.0
chr3:150546085	wtdmso	wtcsc	5	17	40	74	0.5441176470588235	0.3271544838280309
chr3:150546249	wtdmso	wtcsc	9	22	24	60	1.0227272727272727	1.0
chr3:156543235	wtdmso	wtcsc	7	32	41	69	0.36814024390243905	0.02910893866026863
chr3:156543266	wtdmso	wtcsc	9	34	38	70	0.48761609907120745	0.11886495505238051
chr3:156544322	wtdmso	wtcsc	3	13	41	77	0.4333958724202627	0.26322515915832695
chr3:156548954	wtdmso	wtcsc	1	1	45	107	2.3777777777777778	0.5095492742551567
chr3:156548962	wtdmso	wtcsc	5	8	39	95	1.5224358974358974	0.5307262325250721
chr3:156555048	wtdmso	wtcsc	1	7	44	80	0.2597402597402597	0.2636661449688137
chr3:170866383	wtdmso	wtcsc	1	4	23	29	0.31521739130434784	0.3851294903926482
chr3:170866433	wtdmso	wtcsc	3	10	27	44	0.4888888888888889	0.3621536997943919
chr3:170866441	wtdmso	wtcsc	2	2	23	28	1.2173913043478262	1.0
chr3:179624000	wtdmso	wtcsc	1	4	9	9	0.25	0.33935629587803495
chr3:184181760	wtdmso	wtcsc	1	1	11	10	0.9090909090909091	1.0
chr3:184182860	wtdmso	wtcsc	4	9	10	17	0.7555555555555555	1.0
chr3:184183531	wtdmso	wtcsc	2	2	15	27	1.8	0.6193400128688298
chr3:184183542	wtdmso	wtcsc	7	15	6	11	0.8555555555555555	1.0
chr3:184183777	wtdmso	wtcsc	2	4	15	15	0.5	0.6617092584834521
chr3:184183881	wtdmso	wtcsc	1	3	12	24	0.6666666666666666	1.0
chr3:184184050	wtdmso	wtcsc	1	7	9	18	0.2857142857142857	0.39049924752993526
chr3:184306398	wtdmso	wtcsc	6	4	7	22	4.714285714285714	0.056413599257901674
chr3:184307492	wtdmso	wtcsc	2	3	12	26	1.4444444444444444	1.0
chr3:184307975	wtdmso	wtcsc	1	2	12	19	0.7916666666666666	1.0
chr3:184308870	wtdmso	wtcsc	1	5	29	35	0.2413793103448276	0.22783366192916904
chr3:184308893	wtdmso	wtcsc	1	5	30	41	0.2733333333333333	0.3921598238469183
chr3:184308910	wtdmso	wtcsc	15	22	17	18	0.7219251336898396	0.635598199238623
chr3:184308971	wtdmso	wtcsc	2	3	32	40	0.8333333333333334	1.0
chr3:184334897	wtdmso	wtcsc	1	2	12	23	0.9583333333333334	1.0
chr3:184334926	wtdmso	wtcsc	3	2	11	12	1.6363636363636365	1.0
chr3:184334971	wtdmso	wtcsc	8	11	4	4	0.7272727272727273	1.0
chr3:184335031	wtdmso	wtcsc	4	10	9	17	0.7555555555555555	1.0
chr3:197950951	wtdmso	wtcsc	9	17	168	217	0.6838235294117647	0.4182750404360034
chr3:197950964	wtdmso	wtcsc	16	17	163	222	1.2818477084085167	0.5831137362479049
chr3:197954001	wtdmso	wtcsc	7	22	165	212	0.40881542699724516	0.05013984508402507
chr3:197954076	wtdmso	wtcsc	1	1	182	235	1.2912087912087913	1.0
chr3:197954131	wtdmso	wtcsc	3	8	115	178	0.5804347826086956	0.5383710851135787
chr3:197955773	wtdmso	wtcsc	2	7	189	236	0.35676492819349964	0.309696676170074
chr3:23919325	wtdmso	wtcsc	34	45	499	563	0.8524604765085727	0.5593774643560692
chr3:23919378	wtdmso	wtcsc	7	4	528	597	1.9786931818181819	0.3657381187815335
chr3:23919545	wtdmso	wtcsc	80	83	209	275	1.2682308180088777	0.20283849298183892
chr3:23919584	wtdmso	wtcsc	2	5	110	115	0.41818181818181815	0.44793786788113166
chr3:23919652	wtdmso	wtcsc	4	5	87	105	0.9655172413793104	1.0
chr3:23919742	wtdmso	wtcsc	6	4	96	98	1.53125	0.7476592619079705
chr3:23919790	wtdmso	wtcsc	10	14	32	27	0.6026785714285714	0.33995646771471033
chr3:23920465	wtdmso	wtcsc	3	7	29	30	0.4433497536945813	0.3199829074872957
chr3:23920489	wtdmso	wtcsc	1	4	39	40	0.2564102564102564	0.36263313675401054
chr3:23920618	wtdmso	wtcsc	6	11	35	30	0.4675324675324675	0.27575355331298806
chr3:23920627	wtdmso	wtcsc	4	5	32	30	0.75	0.7349500085422435
chr3:23920744	wtdmso	wtcsc	2	1	36	31	1.7222222222222223	1.0
chr3:32996872	wtdmso	wtcsc	1	1	11	16	1.4545454545454546	1.0
chr3:32997006	wtdmso	wtcsc	5	4	8	11	1.71875	0.6891304347826088
chr3:32997054	wtdmso	wtcsc	5	3	7	12	2.857142857142857	0.3980676328502416
chr3:32997098	wtdmso	wtcsc	9	9	3	6	2.0	0.682837528604119
chr3:32997218	wtdmso	wtcsc	7	6	4	10	2.9166666666666665	0.2518598285996321
chr3:32997237	wtdmso	wtcsc	1	1	11	15	1.3636363636363635	1.0
chr3:32997250	wtdmso	wtcsc	2	1	10	15	3.0	0.5604395604395604
chr3:32997280	wtdmso	wtcsc	2	1	9	15	3.3333333333333335	0.5487179487179487
chr3:33014197	wtdmso	wtcsc	3	4	8	8	0.75	1.0
chr3:33114498	wtdmso	wtcsc	3	2	22	28	1.9090909090909092	0.6498753435490394
chr3:33120422	wtdmso	wtcsc	4	2	29	33	2.2758620689655173	0.4211634137007272
chr3:33120458	wtdmso	wtcsc	4	3	25	31	1.6533333333333333	0.6937160907269564
chr3:33124447	wtdmso	wtcsc	8	11	24	26	0.7878787878787878	0.7887640495665198
chr3:33124455	wtdmso	wtcsc	2	4	31	35	0.5645161290322581	0.6808580868985592
chr3:33124549	wtdmso	wtcsc	5	9	28	34	0.6746031746031746	0.5660011082269236
chr3:33129983	wtdmso	wtcsc	2	2	30	36	1.2	1.0
chr3:33132659	wtdmso	wtcsc	1	2	39	40	0.5128205128205128	1.0
chr3:33134205	wtdmso	wtcsc	5	4	29	36	1.5517241379310345	0.723899440127918
chr3:33134230	wtdmso	wtcsc	1	5	41	41	0.2	0.2054042904439633
chr3:33142419	wtdmso	wtcsc	1	2	37	40	0.5405405405405406	1.0
chr3:33142429	wtdmso	wtcsc	10	12	31	32	0.8602150537634409	0.8083222547050994
chr3:33142439	wtdmso	wtcsc	1	2	41	40	0.4878048780487805	1.0
chr3:33142466	wtdmso	wtcsc	4	5	28	31	0.8857142857142857	1.0
chr3:33142586	wtdmso	wtcsc	5	5	35	40	1.1428571428571428	1.0
chr3:33142875	wtdmso	wtcsc	2	2	42	47	1.119047619047619	1.0
chr3:33142882	wtdmso	wtcsc	3	7	39	36	0.3956043956043956	0.31335948727331087
chr3:39407632	wtdmso	wtcsc	41	48	557	562	0.8618342309994016	0.510942207028481
chr3:39407719	wtdmso	wtcsc	12	44	573	565	0.2689195621132794	2.5982195443163277e-05
chr3:39407744	wtdmso	wtcsc	55	91	456	432	0.5725853094274147	0.002352439893864391
chr3:39407757	wtdmso	wtcsc	63	106	476	443	0.5531354051054383	0.0005782526539826627
chr3:39408631	wtdmso	wtcsc	113	109	512	563	1.139962012614679	0.37720013298821203
chr3:39410819	wtdmso	wtcsc	28	36	604	665	0.8563281824871228	0.6085416251177261
chr3:39410877	wtdmso	wtcsc	50	85	533	576	0.635691424787551	0.017386578081207228
chr3:39410889	wtdmso	wtcsc	33	46	597	693	0.8327507100720997	0.4859746604988533
chr3:39410946	wtdmso	wtcsc	3	2	754	849	1.6889920424403182	0.6710370494913038
chr3:39410973	wtdmso	wtcsc	6	14	635	671	0.4528683914510686	0.11657962003319125
chr3:39411725	wtdmso	wtcsc	217	289	511	520	0.7640896809972982	0.014466870192823132
chr3:39411934	wtdmso	wtcsc	9	20	794	895	0.5072418136020151	0.0941298336243433
chr3:39411961	wtdmso	wtcsc	90	153	640	671	0.6167279411764706	0.0007670310669106509
chr3:39412007	wtdmso	wtcsc	7	13	731	814	0.5996001262759129	0.36810184948580116
chr3:39412276	wtdmso	wtcsc	10	18	628	705	0.6236730360934183	0.25588380684250556
chr3:39412303	wtdmso	wtcsc	17	36	736	801	0.5139266304347826	0.02516226182185097
chr3:39412357	wtdmso	wtcsc	267	371	530	512	0.6952347047754666	0.0003505486013808521
chr3:39412422	wtdmso	wtcsc	6	4	633	716	1.6966824644549763	0.5297210338396988
chr3:40457939	wtdmso	wtcsc	10	23	249	325	0.5674873406670159	0.15176980259338127
chr3:40457986	wtdmso	wtcsc	6	19	241	315	0.4127538763922254	0.06362200450176642
chr3:40458655	wtdmso	wtcsc	4	4	199	282	1.4170854271356783	0.7237380404504237
chr3:40458676	wtdmso	wtcsc	1	2	260	367	0.7057692307692308	1.0
chr3:40461447	wtdmso	wtcsc	1	1	275	363	1.32	1.0
chr3:40461619	wtdmso	wtcsc	1	4	265	353	0.3330188679245283	0.3995401082434269
chr3:40461942	wtdmso	wtcsc	3	7	273	373	0.5855572998430141	0.5315299291434439
chr3:40462267	wtdmso	wtcsc	10	16	213	256	0.7511737089201878	0.5477792794451921
chr3:45082631	wtdmso	wtcsc	4	9	6	24	1.7777777777777777	0.4582234885580751
chr3:45082738	wtdmso	wtcsc	6	18	5	12	0.8	1.0
chr3:45082896	wtdmso	wtcsc	3	5	7	26	2.2285714285714286	0.3780273515227831
chr3:45083011	wtdmso	wtcsc	5	5	5	24	4.8	0.08714340890012517
chr3:45085079	wtdmso	wtcsc	2	2	8	10	1.25	1.0
chr3:45085113	wtdmso	wtcsc	5	5	6	19	3.1666666666666665	0.22663028589548245
chr3:45085289	wtdmso	wtcsc	9	24	7	21	1.125	1.0
chr3:45085464	wtdmso	wtcsc	4	7	7	21	1.7142857142857142	0.6940213742637833
chr3:45085530	wtdmso	wtcsc	1	3	9	28	1.037037037037037	1.0
chr3:45085668	wtdmso	wtcsc	4	5	6	14	1.8666666666666667	0.6749038068378399
chr3:45085683	wtdmso	wtcsc	7	12	3	6	1.1666666666666667	1.0
chr3:45085736	wtdmso	wtcsc	4	8	7	10	0.7142857142857143	0.7166890239090982
chr3:45085932	wtdmso	wtcsc	2	1	9	14	3.111111111111111	0.5557692307692308
chr3:45085965	wtdmso	wtcsc	7	5	4	9	3.15	0.23774397630905908
chr3:45091240	wtdmso	wtcsc	1	1	9	14	1.5555555555555556	1.0
chr3:45091435	wtdmso	wtcsc	1	1	9	9	1.0	1.0
chr3:45091471	wtdmso	wtcsc	1	2	9	11	0.6111111111111112	1.0
chr3:47851640	wtdmso	wtcsc	3	10	7	15	0.6428571428571429	0.7093993325917686
chr3:47851728	wtdmso	wtcsc	2	3	8	11	0.9166666666666666	1.0
chr3:47852024	wtdmso	wtcsc	2	4	8	6	0.375	0.628482972136223
chr3:48468067	wtdmso	wtcsc	2	4	19	47	1.236842105263158	1.0
chr3:48564157	wtdmso	wtcsc	1	4	9	8	0.2222222222222222	0.32330827067669177
chr3:48564271	wtdmso	wtcsc	1	1	10	11	1.1	1.0
chr3:48564409	wtdmso	wtcsc	3	4	8	6	0.5625	0.6594427244582043
chr3:48564908	wtdmso	wtcsc	1	2	9	8	0.4444444444444444	1.0
chr3:48565134	wtdmso	wtcsc	2	1	9	10	2.2222222222222223	1.0
chr3:48599027	wtdmso	wtcsc	9	15	38	55	0.868421052631579	0.8190887451297664
chr3:48599065	wtdmso	wtcsc	1	4	63	81	0.32142857142857145	0.3917241687766648
chr3:48599170	wtdmso	wtcsc	1	6	63	85	0.22486772486772486	0.24056084503202577
chr3:48599660	wtdmso	wtcsc	1	4	65	90	0.34615384615384615	0.649524650913732
chr3:48600109	wtdmso	wtcsc	6	10	57	74	0.7789473684210526	0.7909853431029481
chr3:48600129	wtdmso	wtcsc	4	5	54	71	1.0518518518518518	1.0
chr3:48600516	wtdmso	wtcsc	3	5	62	89	0.8612903225806452	1.0
chr3:48600706	wtdmso	wtcsc	1	1	55	81	1.4727272727272727	1.0
chr3:48600724	wtdmso	wtcsc	1	4	50	85	0.425	0.6527432358868763
chr3:48600996	wtdmso	wtcsc	9	15	41	67	0.9804878048780488	1.0
chr3:48604385	wtdmso	wtcsc	1	2	41	65	0.7926829268292683	1.0
chr3:48604400	wtdmso	wtcsc	15	24	25	41	1.025	1.0
chr3:48604412	wtdmso	wtcsc	1	1	42	64	1.5238095238095237	1.0
chr3:48604776	wtdmso	wtcsc	2	4	31	47	0.7580645161290323	1.0
chr3:49024668	wtdmso	wtcsc	4	5	32	41	1.025	1.0
chr3:49024751	wtdmso	wtcsc	7	6	35	41	1.3666666666666667	0.7653530745774719
chr3:49024907	wtdmso	wtcsc	2	7	32	24	0.21428571428571427	0.07441675769135152
chr3:49026394	wtdmso	wtcsc	2	5	31	32	0.4129032258064516	0.4341806607333195
chr3:49026723	wtdmso	wtcsc	2	2	31	31	1.0	1.0
chr3:49026810	wtdmso	wtcsc	1	1	30	33	1.1	1.0
chr3:49027725	wtdmso	wtcsc	2	9	31	26	0.1863799283154122	0.04574952890664552
chr3:49027730	wtdmso	wtcsc	4	7	28	30	0.6122448979591837	0.5267259840934589
chr3:49027755	wtdmso	wtcsc	1	1	32	32	1.0	1.0
chr3:49027907	wtdmso	wtcsc	8	5	24	32	2.1333333333333333	0.3550114737234798
chr3:49028513	wtdmso	wtcsc	4	4	22	30	1.3636363636363635	0.717243920132293
chr3:49028525	wtdmso	wtcsc	4	5	23	27	0.9391304347826087	1.0
chr3:49028530	wtdmso	wtcsc	2	2	22	28	1.2727272727272727	1.0
chr3:49029299	wtdmso	wtcsc	1	6	23	19	0.13768115942028986	0.09827760891590678
chr3:49095949	wtdmso	wtcsc	1	1	10	17	1.7	1.0
chr3:49096013	wtdmso	wtcsc	4	3	13	16	1.641025641025641	0.6842619745845553
chr3:49096063	wtdmso	wtcsc	7	10	7	9	0.9	1.0
chr3:49098082	wtdmso	wtcsc	4	6	7	9	0.8571428571428571	1.0
chr3:49098894	wtdmso	wtcsc	2	5	11	14	0.509090909090909	0.6706525769373377
chr3:49357220	wtdmso	wtcsc	2	3	199	275	0.9212730318257957	1.0
chr3:49357288	wtdmso	wtcsc	22	42	240	302	0.6591269841269841	0.1434488486277074
chr3:49357303	wtdmso	wtcsc	1	5	278	353	0.2539568345323741	0.23815501787584173
chr3:49357427	wtdmso	wtcsc	26	49	224	281	0.665634110787172	0.1337726324214443
chr3:49357439	wtdmso	wtcsc	5	9	231	321	0.772005772005772	0.7866250590008298
chr3:49357446	wtdmso	wtcsc	3	9	269	345	0.4275092936802974	0.24686266106255156
chr3:49357511	wtdmso	wtcsc	76	111	186	253	0.931318415189383	0.7236682569758123
chr3:49357566	wtdmso	wtcsc	5	21	247	315	0.30364372469635625	0.01416352116524756
chr3:49358077	wtdmso	wtcsc	19	33	216	273	0.7276936026936027	0.3071338991295792
chr3:49358114	wtdmso	wtcsc	15	33	235	301	0.5822050290135397	0.09626901761225767
chr3:49358288	wtdmso	wtcsc	18	25	195	249	0.9193846153846154	0.8726930644831656
chr3:49359204	wtdmso	wtcsc	1	1	92	88	0.9565217391304348	1.0
chr3:49359209	wtdmso	wtcsc	7	11	65	57	0.558041958041958	0.315819889192919
chr3:49359325	wtdmso	wtcsc	6	12	51	60	0.5882352941176471	0.44391502720601417
chr3:49359870	wtdmso	wtcsc	6	4	96	134	2.09375	0.3313058675769406
chr3:49359881	wtdmso	wtcsc	1	6	102	133	0.2173202614379085	0.24374415767805768
chr3:49359902	wtdmso	wtcsc	4	20	97	118	0.24329896907216494	0.00821593198686169
chr3:49359971	wtdmso	wtcsc	9	18	54	81	0.75	0.66608269223568
chr3:49362605	wtdmso	wtcsc	4	2	34	66	3.8823529411764706	0.18435768570163763
chr3:49375467	wtdmso	wtcsc	4	6	38	67	1.1754385964912282	1.0
chr3:49375506	wtdmso	wtcsc	4	8	35	61	0.8714285714285714	1.0
chr3:49375534	wtdmso	wtcsc	1	3	34	57	0.5588235294117647	1.0
chr3:49411838	wtdmso	wtcsc	1	5	25	59	0.472	0.6683386639983065
chr3:49678854	wtdmso	wtcsc	2	3	8	7	0.5833333333333334	1.0
chr3:49680582	wtdmso	wtcsc	1	2	9	19	1.0555555555555556	1.0
chr3:49681730	wtdmso	wtcsc	1	2	9	18	1.0	1.0
chr3:49682350	wtdmso	wtcsc	1	6	11	17	0.25757575757575757	0.38003991362952294
chr3:49682380	wtdmso	wtcsc	2	4	9	17	0.9444444444444444	1.0
chr3:49682556	wtdmso	wtcsc	4	2	6	10	3.3333333333333335	0.34763379035824854
chr3:49682574	wtdmso	wtcsc	1	6	11	17	0.25757575757575757	0.38003991362952294
chr3:49682877	wtdmso	wtcsc	2	1	9	22	4.888888888888889	0.23897058823529418
chr3:49683076	wtdmso	wtcsc	1	2	11	22	1.0	1.0
chr3:49683441	wtdmso	wtcsc	3	2	8	20	3.75	0.3040878754171302
chr3:50256226	wtdmso	wtcsc	1	9	15	20	0.14814814814814814	0.07135532104932349
chr3:50256307	wtdmso	wtcsc	1	3	14	15	0.35714285714285715	0.6074046920821116
chr3:50256823	wtdmso	wtcsc	1	4	15	27	0.45	0.6483562905695728
chr3:50256937	wtdmso	wtcsc	4	3	13	27	2.769230769230769	0.23502553182903146
chr3:50257065	wtdmso	wtcsc	1	3	16	13	0.2708333333333333	0.3352883675464321
chr3:50257550	wtdmso	wtcsc	5	3	22	27	2.0454545454545454	0.456680243642099
chr3:50257661	wtdmso	wtcsc	1	1	25	31	1.24	1.0
chr3:50257673	wtdmso	wtcsc	1	6	14	14	0.16666666666666666	0.19867960835866355
chr3:50258909	wtdmso	wtcsc	6	11	28	31	0.6038961038961039	0.41914812486115044
chr3:50258925	wtdmso	wtcsc	1	4	31	36	0.2903225806451613	0.3732442966980627
chr3:50258940	wtdmso	wtcsc	1	1	34	38	1.1176470588235294	1.0
chr3:50258950	wtdmso	wtcsc	5	11	29	29	0.45454545454545453	0.25882162397508035
chr3:50258964	wtdmso	wtcsc	2	4	21	19	0.4523809523809524	0.6651540934013991
chr3:50258999	wtdmso	wtcsc	2	1	31	39	2.5161290322580645	0.5861470191009068
chr3:50259206	wtdmso	wtcsc	10	8	28	37	1.6517857142857142	0.42642836035817766
chr3:50259275	wtdmso	wtcsc	10	10	23	32	1.391304347826087	0.6032941312639868
chr3:51388904	wtdmso	wtcsc	1	2	10	56	2.8	0.4110776043058365
chr3:51389037	wtdmso	wtcsc	8	39	4	30	1.5384615384615385	0.7525612561557034
chr3:51993719	wtdmso	wtcsc	210	324	232	265	0.7403416347381865	0.019767015256378917
chr3:51993727	wtdmso	wtcsc	113	170	281	324	0.766422440862466	0.07044457615886957
chr3:51993831	wtdmso	wtcsc	1	1	450	615	1.3666666666666667	1.0
chr3:51994103	wtdmso	wtcsc	22	47	362	476	0.6154931233102151	0.07606864944947525
chr3:51994121	wtdmso	wtcsc	9	36	274	335	0.3056569343065693	0.0009413300851973841
chr3:51995444	wtdmso	wtcsc	11	23	361	485	0.6425388413826327	0.28881653219507025
chr3:51995462	wtdmso	wtcsc	3	1	309	452	4.388349514563107	0.3100414638900889
chr3:52048959	wtdmso	wtcsc	2	2	9	11	1.2222222222222223	1.0
chr3:52048971	wtdmso	wtcsc	2	4	8	9	0.5625	0.660019614253024
chr3:52049019	wtdmso	wtcsc	2	2	10	12	1.2	1.0
chr3:52049345	wtdmso	wtcsc	10	8	3	5	2.0833333333333335	0.6727688787185354
chr3:52049516	wtdmso	wtcsc	1	1	10	11	1.1	1.0
chr3:52049687	wtdmso	wtcsc	1	2	9	9	0.5	1.0
chr3:52706669	wtdmso	wtcsc	6	10	30	34	0.68	0.5815360175094082
chr3:52706824	wtdmso	wtcsc	9	14	34	33	0.6239495798319328	0.4685572178349765
chr3:52706837	wtdmso	wtcsc	9	10	32	35	0.984375	1.0
chr3:52707689	wtdmso	wtcsc	1	2	39	41	0.5256410256410257	1.0
chr3:52708021	wtdmso	wtcsc	2	8	42	41	0.24404761904761904	0.09541321601626225
chr3:52708026	wtdmso	wtcsc	18	18	31	39	1.2580645161290323	0.681549741116538
chr3:53226769	wtdmso	wtcsc	9	39	131	359	0.632413388138579	0.30073060020028464
chr3:53226822	wtdmso	wtcsc	11	42	147	378	0.673469387755102	0.3318705747067876
chr3:53226829	wtdmso	wtcsc	3	21	149	359	0.34419942473633747	0.10337297883649615
chr3:53226853	wtdmso	wtcsc	3	19	150	365	0.38421052631578945	0.14885557646679903
chr3:53228068	wtdmso	wtcsc	41	151	127	289	0.6178755801220212	0.01933118216450857
chr3:53228097	wtdmso	wtcsc	4	12	155	423	0.9096774193548387	1.0
chr3:53228118	wtdmso	wtcsc	2	46	151	373	0.1073999424128995	5.433173071746849e-05
chr3:53228126	wtdmso	wtcsc	1	17	159	405	0.14983351831298558	0.032501615136143414
chr3:53228284	wtdmso	wtcsc	7	19	104	302	1.069838056680162	0.8209955254423758
chr3:53228297	wtdmso	wtcsc	13	69	111	284	0.4820472646559603	0.02617643755550335
chr3:53228309	wtdmso	wtcsc	1	1	145	421	2.9034482758620688	0.4483505974116303
chr3:53228340	wtdmso	wtcsc	4	33	66	175	0.3213957759412305	0.040108694764393764
chr3:53229024	wtdmso	wtcsc	31	97	107	299	0.8930532806628769	0.728413979589962
chr3:53229350	wtdmso	wtcsc	3	11	116	302	0.7100313479623824	0.766358863367774
chr3:53230460	wtdmso	wtcsc	26	79	90	265	0.9690576652601969	1.0
chr3:53230493	wtdmso	wtcsc	2	11	102	269	0.47950089126559714	0.5272327715950296
chr3:53230541	wtdmso	wtcsc	7	40	81	225	0.4861111111111111	0.103620907451168
chr3:53230565	wtdmso	wtcsc	8	38	100	270	0.5684210526315789	0.21139344462042758
chr3:53231360	wtdmso	wtcsc	4	10	87	248	1.1402298850574712	0.7640060210334354
chr3:53231408	wtdmso	wtcsc	2	7	90	270	0.8571428571428571	1.0
chr3:53235012	wtdmso	wtcsc	1	2	63	198	1.5714285714285714	0.5668011493919253
chr3:53235039	wtdmso	wtcsc	7	20	78	254	1.1397435897435897	0.8143599761613649
chr3:53235084	wtdmso	wtcsc	6	19	59	178	0.9527207850133809	1.0
chr3:53241174	wtdmso	wtcsc	7	25	79	220	0.779746835443038	0.6751900598491676
chr3:53242164	wtdmso	wtcsc	6	18	70	193	0.919047619047619	1.0
chr3:53255892	wtdmso	wtcsc	6	13	70	203	1.3384615384615384	0.5916395845700155
chr3:53255919	wtdmso	wtcsc	4	19	64	174	0.5723684210526315	0.4564692518012864
chr3:57571689	wtdmso	wtcsc	1	1	9	33	3.6666666666666665	0.40697674418604646
chr3:57572089	wtdmso	wtcsc	1	9	11	41	0.41414141414141414	0.670439524738482
chr3:57572111	wtdmso	wtcsc	8	17	13	32	1.158371040723982	0.7918868098746462
chr3:57572186	wtdmso	wtcsc	1	4	11	39	0.8863636363636364	1.0
chr3:57572242	wtdmso	wtcsc	1	5	10	50	1.0	1.0
chr3:57572247	wtdmso	wtcsc	3	11	9	43	1.303030303030303	0.7075650116107455
chr3:57572264	wtdmso	wtcsc	5	17	6	33	1.6176470588235294	0.5042788217575799
chr3:57575549	wtdmso	wtcsc	2	10	8	44	1.1	1.0
chr3:58138343	wtdmso	wtcsc	3	12	7	48	1.7142857142857142	0.43731295240167334
chr3:58148679	wtdmso	wtcsc	5	19	19	60	0.8310249307479224	1.0
chr3:58148809	wtdmso	wtcsc	2	11	22	66	0.5454545454545454	0.7279347424214564
chr3:58148825	wtdmso	wtcsc	3	11	19	62	0.8899521531100478	1.0
chr3:58149894	wtdmso	wtcsc	2	3	8	65	5.416666666666667	0.12046332046332048
chr3:58149909	wtdmso	wtcsc	1	6	24	69	0.4791666666666667	0.6765392888590496
chr3:58150206	wtdmso	wtcsc	1	8	28	79	0.35267857142857145	0.44676987834819415
chr3:58150212	wtdmso	wtcsc	6	22	21	59	0.7662337662337663	0.8005235176653749
chr3:58153427	wtdmso	wtcsc	5	19	28	74	0.6954887218045113	0.6118619437357249
chr3:58153458	wtdmso	wtcsc	4	18	31	75	0.5376344086021505	0.4308812516460636
chr3:58154880	wtdmso	wtcsc	1	7	40	81	0.2892857142857143	0.43446985837505375
chr3:58163279	wtdmso	wtcsc	3	14	54	126	0.5	0.4040674381177587
chr3:58163310	wtdmso	wtcsc	5	17	48	113	0.6924019607843137	0.6198764295913642
chr3:58168486	wtdmso	wtcsc	2	8	60	140	0.5833333333333334	0.7266954712567564
chr3:58168654	wtdmso	wtcsc	9	21	44	109	1.0616883116883118	1.0
chr3:58169624	wtdmso	wtcsc	1	2	53	136	1.2830188679245282	1.0
chr3:58169651	wtdmso	wtcsc	10	18	52	146	1.5598290598290598	0.364839903578604
chr3:58169669	wtdmso	wtcsc	1	1	60	163	2.716666666666667	0.46960317460317463
chr3:58169717	wtdmso	wtcsc	1	7	57	154	0.38596491228070173	0.6844244046351536
chr3:58169778	wtdmso	wtcsc	8	36	44	112	0.5656565656565656	0.24290038745777212
chr3:58170722	wtdmso	wtcsc	8	33	57	140	0.5954279638490165	0.25215921413764214
chr3:58170763	wtdmso	wtcsc	1	4	43	111	0.6453488372093024	1.0
chr3:58170921	wtdmso	wtcsc	3	21	12	26	0.30952380952380953	0.12922703025727342
chr3:58170932	wtdmso	wtcsc	1	6	12	33	0.4583333333333333	0.6643181694509442
chr3:58171010	wtdmso	wtcsc	6	14	10	36	1.542857142857143	0.5378210108363225
chr3:58171043	wtdmso	wtcsc	4	8	22	40	0.9090909090909091	1.0
chr3:58171054	wtdmso	wtcsc	8	16	17	34	1.0	1.0
chr3:58171064	wtdmso	wtcsc	8	18	8	30	1.6666666666666667	0.3956912769122716
chr3:58171086	wtdmso	wtcsc	1	9	13	41	0.3504273504273504	0.4374326916246387
chr3:58171200	wtdmso	wtcsc	6	14	9	26	1.2380952380952381	0.7608162533657505
chr3:58171358	wtdmso	wtcsc	1	5	26	53	0.4076923076923077	0.6595002679296815
chr3:58171451	wtdmso	wtcsc	2	9	13	42	0.717948717948718	1.0
chr3:58171590	wtdmso	wtcsc	3	7	19	58	1.3082706766917294	0.7085684344814972
chr3:58171696	wtdmso	wtcsc	2	2	16	59	3.6875	0.22151466122152333
chr3:58171766	wtdmso	wtcsc	1	2	33	66	1.0	1.0
chr3:58171771	wtdmso	wtcsc	1	6	29	54	0.3103448275862069	0.4170342817032744
chr3:58172124	wtdmso	wtcsc	5	9	17	57	1.8627450980392157	0.326086582887365
chr3:58172149	wtdmso	wtcsc	5	14	31	57	0.6566820276497696	0.5951979148684086
chr3:58172171	wtdmso	wtcsc	2	7	21	61	0.8299319727891157	1.0
chr3:58172184	wtdmso	wtcsc	4	7	33	69	1.1948051948051948	0.7479935042956938
chr3:58172221	wtdmso	wtcsc	9	22	16	55	1.40625	0.6172191696043021
chr3:63835172	wtdmso	wtcsc	3	4	7	6	0.6428571428571429	1.0
chr3:9780004	wtdmso	wtcsc	1	5	23	10	0.08695652173913043	0.023624243438484918
chr3:9780113	wtdmso	wtcsc	3	3	22	18	0.8181818181818182	1.0
chr3:9780183	wtdmso	wtcsc	4	5	20	16	0.64	0.7129349778243709
chr3:9780414	wtdmso	wtcsc	2	5	21	14	0.26666666666666666	0.2142259520308301
chr3:9784123	wtdmso	wtcsc	2	1	12	19	3.1666666666666665	0.5554812834224598
chr3:9785327	wtdmso	wtcsc	1	2	9	13	0.7222222222222222	1.0
chr3:9787068	wtdmso	wtcsc	4	6	6	11	1.2222222222222223	1.0
chr3:9787211	wtdmso	wtcsc	4	8	6	6	0.5	0.6801722977520528
chr4:10075316	wtdmso	wtcsc	1	4	10	22	0.55	1.0
chr4:10075327	wtdmso	wtcsc	3	5	8	23	1.725	0.6632080997406076
chr4:10075338	wtdmso	wtcsc	6	12	5	16	1.6	0.7226023833365324
chr4:10077329	wtdmso	wtcsc	1	2	10	27	1.35	1.0
chr4:10077382	wtdmso	wtcsc	3	10	7	19	0.8142857142857143	1.0
chr4:10083120	wtdmso	wtcsc	3	5	7	22	1.8857142857142857	0.6549823067849633
chr4:10087860	wtdmso	wtcsc	3	5	7	7	0.6	0.6749226006191951
chr4:10097740	wtdmso	wtcsc	1	2	9	9	0.5	1.0
chr4:10097762	wtdmso	wtcsc	1	3	9	19	0.7037037037037037	1.0
chr4:102797098	wtdmso	wtcsc	1	4	11	18	0.4090909090909091	0.6347248576850093
chr4:102797111	wtdmso	wtcsc	1	2	11	21	0.9545454545454546	1.0
chr4:102797173	wtdmso	wtcsc	1	5	10	18	0.36	0.6378737813256561
chr4:102797186	wtdmso	wtcsc	1	3	10	19	0.6333333333333333	1.0
chr4:102797208	wtdmso	wtcsc	1	2	10	9	0.45	1.0
chr4:102797370	wtdmso	wtcsc	2	1	10	16	3.2	0.5533661740558291
chr4:102809832	wtdmso	wtcsc	2	5	8	12	0.6	0.678389243606635
chr4:108621974	wtdmso	wtcsc	9	29	366	567	0.4807801017524025	0.061476449929454884
chr4:108622016	wtdmso	wtcsc	13	22	329	536	0.9626968775904946	1.0
chr4:108622111	wtdmso	wtcsc	18	30	367	583	0.953133514986376	1.0
chr4:108622528	wtdmso	wtcsc	6	34	371	544	0.2587601078167116	0.0008350650107775637
chr4:108622614	wtdmso	wtcsc	26	71	326	480	0.5391860364641838	0.010952839577536466
chr4:108625221	wtdmso	wtcsc	6	14	365	553	0.6493150684931507	0.4901921335763708
chr4:108655588	wtdmso	wtcsc	2	6	10	16	0.5333333333333333	0.6809090710811576
chr4:108655618	wtdmso	wtcsc	2	13	10	21	0.3230769230769231	0.2845768288280337
chr4:108667421	wtdmso	wtcsc	1	8	14	14	0.125	0.05568190057491895
chr4:108667449	wtdmso	wtcsc	1	1	15	18	1.2	1.0
chr4:108667673	wtdmso	wtcsc	1	3	10	14	0.4666666666666667	1.0
chr4:108667760	wtdmso	wtcsc	1	3	10	15	0.5	1.0
chr4:118278926	wtdmso	wtcsc	3	3	14	16	1.1428571428571428	1.0
chr4:118278978	wtdmso	wtcsc	18	19	17	21	1.1702786377708978	0.8185050413424368
chr4:118279032	wtdmso	wtcsc	6	5	50	37	0.888	1.0
chr4:118279116	wtdmso	wtcsc	14	8	32	18	0.984375	1.0
chr4:118279401	wtdmso	wtcsc	5	9	52	31	0.3311965811965812	0.07917955080943762
chr4:118279678	wtdmso	wtcsc	17	23	32	18	0.4157608695652174	0.05573440915896731
chr4:118279733	wtdmso	wtcsc	8	4	48	39	1.625	0.5443541950420389
chr4:121668102	wtdmso	wtcsc	11	17	17	63	2.397923875432526	0.07988475995003796
chr4:121668274	wtdmso	wtcsc	2	9	26	65	0.5555555555555556	0.7228548129787273
chr4:121668342	wtdmso	wtcsc	1	8	21	58	0.34523809523809523	0.4402333740970147
chr4:121668375	wtdmso	wtcsc	1	1	15	72	4.8	0.32890704800817167
chr4:121671590	wtdmso	wtcsc	1	1	12	65	5.416666666666667	0.3037974683544303
chr4:151099643	wtdmso	wtcsc	12	22	69	79	0.6245059288537549	0.25591683104775187
chr4:151099668	wtdmso	wtcsc	2	7	208	286	0.39285714285714285	0.3160628197317088
chr4:151100575	wtdmso	wtcsc	21	32	187	242	0.8492647058823529	0.6599987528949338
chr4:151100584	wtdmso	wtcsc	3	5	230	301	0.7852173913043479	1.0
chr4:151101091	wtdmso	wtcsc	4	21	257	348	0.2579210672595887	0.011377548196823645
chr4:151101099	wtdmso	wtcsc	10	34	222	281	0.372284048754637	0.0064218270060507985
chr4:151101103	wtdmso	wtcsc	9	12	244	345	1.0604508196721312	1.0
chr4:151101130	wtdmso	wtcsc	10	23	235	315	0.5827937095282146	0.20388605717302094
chr4:151102900	wtdmso	wtcsc	4	8	264	328	0.6212121212121212	0.5624918392670843
chr4:151103032	wtdmso	wtcsc	6	17	280	378	0.4764705882352941	0.13540212642844357
chr4:151103054	wtdmso	wtcsc	10	24	279	382	0.570489844683393	0.1564095437049824
chr4:151104184	wtdmso	wtcsc	5	16	282	364	0.4033687943262411	0.07697769212366537
chr4:151104199	wtdmso	wtcsc	2	3	283	393	0.9257950530035336	1.0
chr4:151104568	wtdmso	wtcsc	24	66	268	341	0.4626865671641791	0.0018995236826244537
chr4:151104600	wtdmso	wtcsc	9	4	262	373	3.2032442748091605	0.050255009302836995
chr4:2042062	wtdmso	wtcsc	8	13	19	24	0.7773279352226721	0.7887938046821293
chr4:2042750	wtdmso	wtcsc	4	11	23	24	0.3794466403162055	0.1493233807447691
chr4:2042789	wtdmso	wtcsc	5	6	23	26	0.9420289855072463	1.0
chr4:2043928	wtdmso	wtcsc	3	3	25	32	1.28	1.0
chr4:2930664	wtdmso	wtcsc	5	6	35	31	0.7380952380952381	0.7495934332314638
chr4:2930684	wtdmso	wtcsc	2	1	28	31	2.2142857142857144	0.6065573770491803
chr4:2930764	wtdmso	wtcsc	3	1	31	31	3.0	0.613919413919414
chr4:2932633	wtdmso	wtcsc	1	3	34	40	0.39215686274509803	0.6233345601766654
chr4:2933142	wtdmso	wtcsc	8	17	26	24	0.4343891402714932	0.1405698270061107
chr4:2933628	wtdmso	wtcsc	2	7	31	35	0.3225806451612903	0.28345144601772815
chr4:2933819	wtdmso	wtcsc	1	5	27	16	0.11851851851851852	0.07156673114119924
chr4:3512701	wtdmso	wtcsc	3	7	10	21	0.9	1.0
chr4:3512758	wtdmso	wtcsc	9	16	4	13	1.828125	0.5046019662463407
chr4:3512830	wtdmso	wtcsc	8	10	5	13	2.08	0.48867630700778636
chr4:3512895	wtdmso	wtcsc	3	2	11	22	3.0	0.3366803335843583
chr4:3512926	wtdmso	wtcsc	3	10	9	17	0.5666666666666667	0.7143736940406442
chr4:3512979	wtdmso	wtcsc	5	9	9	18	1.1111111111111112	1.0
chr4:3513016	wtdmso	wtcsc	5	5	8	19	2.375	0.2748585439647404
chr4:39454136	wtdmso	wtcsc	5	11	90	109	0.5505050505050505	0.30914783655622635
chr4:39454150	wtdmso	wtcsc	18	38	430	540	0.594859241126071	0.09560047081845091
chr4:39454184	wtdmso	wtcsc	15	7	543	756	2.983425414364641	0.01602842667223054
chr4:39454193	wtdmso	wtcsc	10	38	608	788	0.3410664819944598	0.0016282583891615938
chr4:39454565	wtdmso	wtcsc	157	313	470	534	0.5699000747739786	1.1326431888085045e-06
chr4:39454615	wtdmso	wtcsc	1	6	543	742	0.22774708410067526	0.24955108103442641
chr4:39454886	wtdmso	wtcsc	2	6	595	789	0.44201680672268906	0.4782853623806431
chr4:39456409	wtdmso	wtcsc	21	59	592	760	0.45693999083829595	0.0023158999490928613
chr4:39457607	wtdmso	wtcsc	79	147	532	686	0.6929824561403509	0.015544195164667807
chr4:39457629	wtdmso	wtcsc	92	155	471	628	0.7913978494623656	0.11635652250675943
chr4:39457645	wtdmso	wtcsc	162	296	460	552	0.6567567567567567	0.0003248018400676215
chr4:39457670	wtdmso	wtcsc	1	4	559	766	0.3425760286225403	0.4049255826411536
chr4:39458223	wtdmso	wtcsc	230	369	343	401	0.7287049546880309	0.004674752689946748
chr4:39458245	wtdmso	wtcsc	73	113	535	700	0.8452568025804317	0.30269117893409037
chr4:39458258	wtdmso	wtcsc	14	31	565	774	0.6186697116757065	0.1668634867070787
chr4:39458414	wtdmso	wtcsc	8	21	419	544	0.4946016592794636	0.1264310279233902
chr4:39458432	wtdmso	wtcsc	2	19	521	683	0.13799373674108495	0.0013884795917072008
chr4:39458541	wtdmso	wtcsc	1	6	9	27	0.5	1.0
chr4:48885450	wtdmso	wtcsc	1	2	38	124	1.631578947368421	0.557221171765538
chr4:48885468	wtdmso	wtcsc	2	13	20	94	0.7230769230769231	1.0
chr4:48885505	wtdmso	wtcsc	2	8	42	124	0.7380952380952381	1.0
chr4:48899898	wtdmso	wtcsc	1	11	35	96	0.24935064935064935	0.2952871321172864
chr4:48906688	wtdmso	wtcsc	2	12	17	88	0.8627450980392157	1.0
chr4:57031156	wtdmso	wtcsc	1	6	47	51	0.18085106382978725	0.12211066856367137
chr4:57031268	wtdmso	wtcsc	4	9	48	60	0.5555555555555556	0.3912791535094606
chr4:57032489	wtdmso	wtcsc	1	3	40	57	0.475	0.6445195539962159
chr4:57033208	wtdmso	wtcsc	2	5	45	56	0.49777777777777776	0.6965243117198279
chr4:57033255	wtdmso	wtcsc	1	3	41	52	0.42276422764227645	0.6309829602521329
chr4:57033275	wtdmso	wtcsc	6	18	45	46	0.34074074074074073	0.03861858083702714
chr4:57040827	wtdmso	wtcsc	4	8	44	51	0.5795454545454546	0.5412767574162435
chr4:6641019	wtdmso	wtcsc	1	4	13	31	0.5961538461538461	1.0
chr4:6641878	wtdmso	wtcsc	5	13	34	37	0.41855203619909503	0.18367642569016263
chr4:6642073	wtdmso	wtcsc	15	27	35	41	0.6507936507936508	0.33247796854738143
chr4:6642091	wtdmso	wtcsc	4	11	39	53	0.49417249417249415	0.39483252834112903
chr4:6642100	wtdmso	wtcsc	1	1	42	55	1.3095238095238095	1.0
chr4:6642191	wtdmso	wtcsc	2	4	32	47	0.734375	1.0
chr4:6642196	wtdmso	wtcsc	3	1	40	59	4.425	0.30568218443774703
chr4:6642234	wtdmso	wtcsc	18	29	34	43	0.7849898580121704	0.5764388141470044
chr4:6642288	wtdmso	wtcsc	22	29	29	41	1.0725326991676576	0.854584124846794
chr4:6642307	wtdmso	wtcsc	1	3	49	62	0.4217687074829932	0.6314371924424372
chr4:6642394	wtdmso	wtcsc	4	8	44	53	0.6022727272727273	0.5441659052785349
chr4:6642402	wtdmso	wtcsc	1	4	49	63	0.32142857142857145	0.39111078738633376
chr4:6642424	wtdmso	wtcsc	8	14	40	53	0.7571428571428571	0.6365050349686165
chr4:6642493	wtdmso	wtcsc	17	34	36	30	0.4166666666666667	0.025742108961145087
chr4:6642554	wtdmso	wtcsc	12	20	40	46	0.69	0.4115346186676714
chr4:6642568	wtdmso	wtcsc	6	5	42	65	1.8571428571428572	0.35093203345091534
chr4:6642575	wtdmso	wtcsc	2	4	48	66	0.6875	1.0
chr4:6642580	wtdmso	wtcsc	6	11	44	57	0.7066115702479339	0.6027962018659705
chr4:6642665	wtdmso	wtcsc	6	7	20	29	1.2428571428571429	0.7604167327733375
chr4:6642691	wtdmso	wtcsc	2	4	26	45	0.8653846153846154	1.0
chr4:672515	wtdmso	wtcsc	1	1	9	18	2.0	1.0
chr4:673333	wtdmso	wtcsc	6	14	4	18	1.9285714285714286	0.47685208660818407
chr4:74387763	wtdmso	wtcsc	1	1	14	20	1.4285714285714286	1.0
chr4:74388147	wtdmso	wtcsc	2	7	13	29	0.6373626373626373	0.7086935008497732
chr4:74388514	wtdmso	wtcsc	2	3	15	47	2.088888888888889	0.594611441626367
chr4:74388546	wtdmso	wtcsc	2	7	14	40	0.8163265306122449	1.0
chr4:74445178	wtdmso	wtcsc	6	22	146	311	0.5809464508094645	0.2977965777536391
chr4:74445341	wtdmso	wtcsc	12	43	155	319	0.5743435858964742	0.1249170646537047
chr4:74446554	wtdmso	wtcsc	6	26	135	300	0.5128205128205128	0.1662363122695772
chr4:74446563	wtdmso	wtcsc	2	4	151	319	1.0562913907284768	1.0
chr4:74446585	wtdmso	wtcsc	10	15	157	351	1.4904458598726114	0.378383824550692
chr4:74446599	wtdmso	wtcsc	3	7	146	314	0.9217221135029354	1.0
chr4:74446693	wtdmso	wtcsc	58	151	114	219	0.737887765772046	0.12940254541250643
chr4:74446716	wtdmso	wtcsc	19	42	158	343	0.9820675105485233	1.0
chr4:74446741	wtdmso	wtcsc	36	102	154	307	0.7035905271199389	0.11804191489733276
chr4:74449050	wtdmso	wtcsc	43	115	158	294	0.6957622454595487	0.07759589629662425
chr4:74449104	wtdmso	wtcsc	1	4	196	389	0.4961734693877551	0.6690995768424522
chr4:74449151	wtdmso	wtcsc	3	2	151	312	3.0993377483443707	0.33704372587342135
chr4:74450428	wtdmso	wtcsc	8	10	228	452	1.5859649122807018	0.3256545049268641
chr4:74450444	wtdmso	wtcsc	2	5	231	450	0.7792207792207793	1.0
chr4:74452552	wtdmso	wtcsc	8	7	221	457	2.363283775048481	0.10150344087509769
chr4:74452597	wtdmso	wtcsc	1	3	240	466	0.6472222222222223	1.0
chr4:74452636	wtdmso	wtcsc	33	70	215	422	0.9253156146179402	0.8221045389989985
chr4:74454831	wtdmso	wtcsc	3	7	217	452	0.8926925608953259	1.0
chr4:74454838	wtdmso	wtcsc	18	46	183	367	0.7847469707769066	0.4821553784048417
chr4:74454863	wtdmso	wtcsc	1	1	249	501	2.0120481927710845	0.5546682437600929
chr4:74454990	wtdmso	wtcsc	3	18	152	301	0.3300438596491228	0.09348810169890329
chr4:77047204	wtdmso	wtcsc	54	109	106	154	0.7197507356759564	0.12314780534405431
chr4:77047256	wtdmso	wtcsc	13	21	137	234	1.0573514077163713	0.8553495040893404
chr4:77047298	wtdmso	wtcsc	68	127	80	110	0.7362204724409449	0.17308820228791538
chr4:77047348	wtdmso	wtcsc	23	42	145	227	0.8573070607553366	0.678779981273776
chr4:77047358	wtdmso	wtcsc	1	3	166	263	0.5281124497991968	1.0
chr4:77047399	wtdmso	wtcsc	1	7	137	215	0.22419186652763295	0.16067787024364283
chr4:77047436	wtdmso	wtcsc	7	15	157	248	0.7371549893842887	0.6541022267336535
chr4:77047549	wtdmso	wtcsc	17	18	128	209	1.5421006944444444	0.27453840930676643
chr4:77047733	wtdmso	wtcsc	9	27	101	158	0.5214521452145214	0.14041861245666085
chr4:77047742	wtdmso	wtcsc	21	24	94	154	1.4335106382978724	0.3197501563144477
chr4:77047760	wtdmso	wtcsc	10	27	118	172	0.5398618957940992	0.1516321373395389
chr4:77047806	wtdmso	wtcsc	27	65	94	132	0.5833060556464812	0.042696660520250715
chr4:77047981	wtdmso	wtcsc	1	2	110	146	0.6636363636363637	1.0
chr4:77047992	wtdmso	wtcsc	2	2	112	156	1.3928571428571428	1.0
chr4:77048027	wtdmso	wtcsc	2	6	91	104	0.38095238095238093	0.29333512175171494
chr4:77048081	wtdmso	wtcsc	8	13	106	138	0.8011611030478955	0.8189418488838078
chr4:77048161	wtdmso	wtcsc	11	27	93	109	0.4774990043807248	0.07336789983641293
chr4:77048179	wtdmso	wtcsc	1	3	103	144	0.46601941747572817	0.6440186490725786
chr4:77048189	wtdmso	wtcsc	3	3	102	141	1.3823529411764706	0.6989207087401941
chr4:77048263	wtdmso	wtcsc	1	6	85	123	0.2411764705882353	0.246933459730945
chr4:77048357	wtdmso	wtcsc	16	29	89	104	0.644711352189074	0.2437718437930694
chr4:77048397	wtdmso	wtcsc	2	1	93	119	2.5591397849462365	0.5847197945333378
chr4:77048477	wtdmso	wtcsc	14	13	67	81	1.3019517795637199	0.5375847969445062
chr4:77048489	wtdmso	wtcsc	5	16	74	73	0.30827702702702703	0.033722326746019424
chr4:77048534	wtdmso	wtcsc	7	19	76	85	0.4120498614958449	0.05855069640426812
chr4:77048541	wtdmso	wtcsc	5	4	74	95	1.6047297297297298	0.5128417431582423
chr4:77055167	wtdmso	wtcsc	29	49	45	44	0.5786848072562358	0.08854075946740561
chr4:77075539	wtdmso	wtcsc	3	5	45	66	0.88	1.0
chr4:77075701	wtdmso	wtcsc	1	5	18	60	0.6666666666666666	1.0
chr4:77075713	wtdmso	wtcsc	6	8	15	54	2.7	0.17348635607295554
chr4:99072238	wtdmso	wtcsc	5	4	20	13	0.8125	1.0
chr4:99072433	wtdmso	wtcsc	13	9	14	8	0.8253968253968254	1.0
chr4:99072592	wtdmso	wtcsc	5	4	10	12	1.5	0.7042511002563236
chr4:99072633	wtdmso	wtcsc	3	3	12	12	1.0	1.0
chr4:99076713	wtdmso	wtcsc	3	2	10	8	1.2	1.0
chr4:99948153	wtdmso	wtcsc	1	4	45	76	0.4222222222222222	0.6518111649349478
chr4:99948195	wtdmso	wtcsc	2	7	44	72	0.4675324675324675	0.4835107709079235
chr4:99948209	wtdmso	wtcsc	1	6	39	68	0.2905982905982906	0.41835122223374643
chr4:99948386	wtdmso	wtcsc	22	49	16	22	0.6173469387755102	0.29359996681786815
chr4:99948431	wtdmso	wtcsc	12	29	31	47	0.6273637374860956	0.3172005589005129
chr4:99948479	wtdmso	wtcsc	2	8	38	70	0.4605263157894737	0.4912969267014689
chr4:99948931	wtdmso	wtcsc	20	40	23	35	0.7608695652173914	0.5667837182849359
chr4:99949717	wtdmso	wtcsc	6	12	35	66	0.9428571428571428	1.0
chr5:10254197	wtdmso	wtcsc	1	1	9	29	3.2222222222222223	0.44230769230769235
chr5:10254785	wtdmso	wtcsc	2	19	8	14	0.18421052631578946	0.06888183178597246
chr5:10256060	wtdmso	wtcsc	2	18	8	18	0.25	0.15005553689614948
chr5:10256104	wtdmso	wtcsc	3	8	7	25	1.3392857142857142	0.6982756975311181
chr5:10256124	wtdmso	wtcsc	1	1	10	33	3.3	0.43333333333333346
chr5:10258429	wtdmso	wtcsc	1	5	10	30	0.6	1.0
chr5:10258466	wtdmso	wtcsc	1	1	12	38	3.1666666666666665	0.44117647058823534
chr5:10260898	wtdmso	wtcsc	2	3	10	38	2.533333333333333	0.31538200185734677
chr5:10261701	wtdmso	wtcsc	1	8	12	32	0.3333333333333333	0.42414329877658224
chr5:10262532	wtdmso	wtcsc	1	5	25	35	0.28	0.3903752910230964
chr5:10263147	wtdmso	wtcsc	2	1	24	40	3.3333333333333335	0.5549525101763909
chr5:10263272	wtdmso	wtcsc	2	18	25	30	0.13333333333333333	0.005789066207325988
chr5:10264796	wtdmso	wtcsc	1	3	27	46	0.5679012345679012	1.0
chr5:10679553	wtdmso	wtcsc	1	3	10	25	0.8333333333333334	1.0
chr5:10679915	wtdmso	wtcsc	2	2	8	24	3.0	0.30481283422459887
chr5:112161037	wtdmso	wtcsc	2	8	47	36	0.19148936170212766	0.04260927746279074
chr5:112161185	wtdmso	wtcsc	16	14	32	30	1.0714285714285714	1.0
chr5:112161189	wtdmso	wtcsc	20	21	25	22	0.8380952380952381	0.830923555481101
chr5:112161221	wtdmso	wtcsc	5	4	42	29	0.8630952380952381	1.0
chr5:112162275	wtdmso	wtcsc	4	3	36	23	0.8518518518518519	1.0
chr5:112878717	wtdmso	wtcsc	8	19	15	19	0.5333333333333333	0.29473040094475833
chr5:112887061	wtdmso	wtcsc	2	8	14	29	0.5178571428571429	0.7043215106154734
chr5:112887132	wtdmso	wtcsc	9	16	6	20	1.875	0.3678241632647204
chr5:112921245	wtdmso	wtcsc	3	3	8	29	3.625	0.1635911629940946
chr5:112922092	wtdmso	wtcsc	5	6	10	27	2.25	0.28311403589320006
chr5:112922128	wtdmso	wtcsc	1	1	12	31	2.5833333333333335	0.4989898989898989
chr5:112922132	wtdmso	wtcsc	1	2	13	20	0.7692307692307693	1.0
chr5:112922140	wtdmso	wtcsc	1	3	12	19	0.5277777777777778	1.0
chr5:115870103	wtdmso	wtcsc	2	7	10	5	0.14285714285714285	0.08937945887737245
chr5:115913449	wtdmso	wtcsc	1	2	13	10	0.38461538461538464	0.5800000000000001
chr5:115913905	wtdmso	wtcsc	1	1	14	10	0.7142857142857143	1.0
chr5:115913935	wtdmso	wtcsc	1	1	14	9	0.6428571428571429	1.0
chr5:123023665	wtdmso	wtcsc	4	8	9	4	0.2222222222222222	0.11523854393015784
chr5:123023697	wtdmso	wtcsc	3	2	9	8	1.3333333333333333	1.0
chr5:123023874	wtdmso	wtcsc	4	1	19	13	2.736842105263158	0.630277336159689
chr5:123028800	wtdmso	wtcsc	3	1	19	14	2.210526315789474	0.6327503974562798
chr5:1253741	wtdmso	wtcsc	1	1	14	21	1.5	1.0
chr5:1253749	wtdmso	wtcsc	2	4	16	18	0.5625	0.672611883138199
chr5:1253789	wtdmso	wtcsc	2	2	17	23	1.3529411764705883	1.0
chr5:1254370	wtdmso	wtcsc	3	4	14	18	0.9642857142857143	1.0
chr5:1254415	wtdmso	wtcsc	9	8	8	14	1.96875	0.3453950153664812
chr5:1258654	wtdmso	wtcsc	5	8	7	14	1.25	1.0
chr5:1260524	wtdmso	wtcsc	3	1	11	22	6.0	0.14191838897721248
chr5:1264529	wtdmso	wtcsc	1	4	9	7	0.19444444444444445	0.3107769423558897
chr5:1264550	wtdmso	wtcsc	4	8	8	13	0.8125	1.0
chr5:126544834	wtdmso	wtcsc	1	2	26	19	0.36538461538461536	0.573832099907493
chr5:126544849	wtdmso	wtcsc	4	7	26	25	0.5494505494505495	0.5106750661457597
chr5:126544855	wtdmso	wtcsc	1	3	25	18	0.24	0.31124379783029177
chr5:126544861	wtdmso	wtcsc	8	4	15	18	2.4	0.314097945408212
chr5:126544904	wtdmso	wtcsc	4	1	23	19	3.3043478260869565	0.37683962660835923
chr5:126544948	wtdmso	wtcsc	15	15	22	19	0.8636363636363636	0.813004731313818
chr5:126550248	wtdmso	wtcsc	2	4	20	14	0.35	0.3810318415581574
chr5:126552094	wtdmso	wtcsc	3	2	23	13	0.8478260869565217	1.0
chr5:126552107	wtdmso	wtcsc	4	3	22	15	0.9090909090909091	1.0
chr5:126555932	wtdmso	wtcsc	3	2	24	16	1.0	1.0
chr5:126555941	wtdmso	wtcsc	4	1	19	16	3.3684210526315788	0.3725061093482147
chr5:126561107	wtdmso	wtcsc	1	2	11	15	0.6818181818181818	1.0
chr5:126568326	wtdmso	wtcsc	4	4	21	14	0.6666666666666666	0.7010238978176407
chr5:126570803	wtdmso	wtcsc	2	2	21	15	0.7142857142857143	1.0
chr5:131159375	wtdmso	wtcsc	2	3	215	251	0.7782945736434108	1.0
chr5:131159512	wtdmso	wtcsc	30	49	122	126	0.6323185011709602	0.09272409260618167
chr5:131159602	wtdmso	wtcsc	4	9	213	220	0.4590505998956703	0.26203668082235
chr5:131162613	wtdmso	wtcsc	2	2	219	249	1.1369863013698631	1.0
chr5:131165098	wtdmso	wtcsc	12	16	164	190	0.8689024390243902	0.844488685265492
chr5:1317965	wtdmso	wtcsc	23	18	8	1	0.1597222222222222	0.12687225768536603
chr5:1318175	wtdmso	wtcsc	8	7	28	17	0.6938775510204082	0.5586865496041473
chr5:1318241	wtdmso	wtcsc	1	2	29	21	0.3620689655172414	0.5729104413899087
chr5:1318252	wtdmso	wtcsc	6	15	6	6	0.4	0.2743141456567002
chr5:1318287	wtdmso	wtcsc	2	8	29	16	0.13793103448275862	0.014661875620148934
chr5:1318372	wtdmso	wtcsc	12	5	17	12	1.6941176470588235	0.5326501573320017
chr5:1321770	wtdmso	wtcsc	1	1	31	17	0.5483870967741935	1.0
chr5:132192707	wtdmso	wtcsc	2	2	19	16	0.8421052631578947	1.0
chr5:132192851	wtdmso	wtcsc	5	6	6	12	1.6666666666666667	0.6964525256168907
chr5:132193013	wtdmso	wtcsc	2	7	9	9	0.2857142857142857	0.23112128146453093
chr5:132194967	wtdmso	wtcsc	1	1	10	15	1.5	1.0
chr5:132194975	wtdmso	wtcsc	2	3	9	11	0.8148148148148148	1.0
chr5:132257749	wtdmso	wtcsc	2	2	25	32	1.28	1.0
chr5:132257798	wtdmso	wtcsc	5	5	40	39	0.975	1.0
chr5:132262654	wtdmso	wtcsc	1	2	43	38	0.4418604651162791	0.6028714159774989
chr5:132262695	wtdmso	wtcsc	3	4	22	25	0.8522727272727273	1.0
chr5:132262714	wtdmso	wtcsc	7	9	37	39	0.8198198198198198	0.7878872513619573
chr5:132270956	wtdmso	wtcsc	10	13	38	35	0.708502024291498	0.6331188601333131
chr5:132271000	wtdmso	wtcsc	1	3	24	31	0.4305555555555556	0.6302122928595599
chr5:132271307	wtdmso	wtcsc	2	5	47	43	0.3659574468085106	0.2682283847809901
chr5:132271337	wtdmso	wtcsc	8	6	45	47	1.3925925925925926	0.7752340613531059
chr5:132271820	wtdmso	wtcsc	8	8	57	48	0.8421052631578947	0.7927677911441513
chr5:132272047	wtdmso	wtcsc	2	3	53	49	0.6163522012578616	0.67276757359327
chr5:132272083	wtdmso	wtcsc	10	14	57	43	0.5388471177944862	0.25393360448542796
chr5:132272095	wtdmso	wtcsc	14	16	48	38	0.6927083333333334	0.40411357720416785
chr5:132272219	wtdmso	wtcsc	15	18	51	38	0.6209150326797386	0.3072838081208109
chr5:132272235	wtdmso	wtcsc	8	6	50	45	1.2	0.7828829264659738
chr5:132866663	wtdmso	wtcsc	4	10	39	47	0.48205128205128206	0.38322443238067116
chr5:132867522	wtdmso	wtcsc	2	8	73	69	0.2363013698630137	0.09804719374416729
chr5:132867661	wtdmso	wtcsc	4	9	64	61	0.4236111111111111	0.24384416953257754
chr5:132867670	wtdmso	wtcsc	2	6	66	52	0.26262626262626265	0.14187684691519287
chr5:133972062	wtdmso	wtcsc	6	13	65	82	0.5822485207100592	0.33428382167050075
chr5:133972085	wtdmso	wtcsc	2	11	66	81	0.2231404958677686	0.04402502785531598
chr5:133972200	wtdmso	wtcsc	7	17	61	83	0.5602700096432015	0.2661536775573607
chr5:133972262	wtdmso	wtcsc	5	20	65	82	0.3153846153846154	0.027286537898729243
chr5:133972324	wtdmso	wtcsc	1	3	65	87	0.4461538461538462	0.6381133098400649
chr5:133972337	wtdmso	wtcsc	4	6	60	84	0.9333333333333333	1.0
chr5:133972347	wtdmso	wtcsc	9	14	49	66	0.8658892128279884	0.820251515491862
chr5:133972362	wtdmso	wtcsc	1	1	61	94	1.540983606557377	1.0
chr5:133972418	wtdmso	wtcsc	12	27	48	65	0.6018518518518519	0.2547484333574341
chr5:133972551	wtdmso	wtcsc	6	4	47	74	2.3617021276595747	0.3145919522745315
chr5:133972562	wtdmso	wtcsc	1	2	50	77	0.77	1.0
chr5:133972788	wtdmso	wtcsc	18	26	31	44	0.9826302729528535	1.0
chr5:133972854	wtdmso	wtcsc	7	19	43	54	0.46266829865361075	0.12159762803280741
chr5:133973802	wtdmso	wtcsc	2	3	47	66	0.9361702127659575	1.0
chr5:133973837	wtdmso	wtcsc	4	7	47	67	0.8145896656534954	1.0
chr5:133975976	wtdmso	wtcsc	3	10	38	54	0.4263157894736842	0.2418718523177148
chr5:133980756	wtdmso	wtcsc	3	8	34	48	0.5294117647058824	0.516593262254939
chr5:133980786	wtdmso	wtcsc	2	3	36	52	0.9629629629629629	1.0
chr5:133980804	wtdmso	wtcsc	1	3	37	56	0.5045045045045045	1.0
chr5:133990885	wtdmso	wtcsc	2	7	28	41	0.41836734693877553	0.4694803014146618
chr5:133990895	wtdmso	wtcsc	10	23	15	21	0.6086956521739131	0.45253538385801273
chr5:133991078	wtdmso	wtcsc	6	4	9	34	5.666666666666667	0.02197264188345123
chr5:133991120	wtdmso	wtcsc	1	3	29	45	0.5172413793103449	1.0
chr5:134157495	wtdmso	wtcsc	14	44	20	29	0.46136363636363636	0.09491786142335484
chr5:134157500	wtdmso	wtcsc	1	17	29	55	0.11156186612576065	0.019943430754900356
chr5:134157718	wtdmso	wtcsc	2	4	30	80	1.3333333333333333	0.6670589540637983
chr5:134158587	wtdmso	wtcsc	1	1	33	70	2.121212121212121	0.5448717948717948
chr5:134160995	wtdmso	wtcsc	11	29	20	43	0.8155172413793104	0.8258331644470795
chr5:134161006	wtdmso	wtcsc	3	9	32	67	0.6979166666666666	0.749650619527459
chr5:134161035	wtdmso	wtcsc	1	1	29	66	2.2758620689655173	0.5251288659793814
chr5:134161057	wtdmso	wtcsc	5	7	23	59	1.8322981366459627	0.3328166266526794
chr5:134161098	wtdmso	wtcsc	2	5	32	64	0.8	1.0
chr5:134167212	wtdmso	wtcsc	2	6	32	66	0.6875	1.0
chr5:134173946	wtdmso	wtcsc	1	6	34	61	0.29901960784313725	0.4171798623161286
chr5:134176858	wtdmso	wtcsc	6	20	9	23	0.7666666666666667	0.7674511922709459
chr5:134197143	wtdmso	wtcsc	5	8	16	27	1.0546875	1.0
chr5:134197175	wtdmso	wtcsc	7	13	15	26	0.9333333333333333	1.0
chr5:134197180	wtdmso	wtcsc	1	15	19	25	0.08771929824561403	0.011358661610546467
chr5:134197362	wtdmso	wtcsc	5	8	16	31	1.2109375	0.7545295936708882
chr5:134197486	wtdmso	wtcsc	7	15	3	20	3.111111111111111	0.16532174217937123
chr5:134197662	wtdmso	wtcsc	1	4	10	33	0.825	1.0
chr5:134197738	wtdmso	wtcsc	5	2	6	30	12.5	0.007580223927956559
chr5:134197832	wtdmso	wtcsc	2	1	8	31	7.75	0.13588850174216027
chr5:134199111	wtdmso	wtcsc	5	10	5	24	2.4	0.2708403092168803
chr5:134201970	wtdmso	wtcsc	2	2	8	27	3.375	0.266987635408688
chr5:135027804	wtdmso	wtcsc	5	2	5	10	5.0	0.1718266253869969
chr5:135027944	wtdmso	wtcsc	4	3	6	7	1.5555555555555556	1.0
chr5:135028025	wtdmso	wtcsc	1	2	9	8	0.4444444444444444	1.0
chr5:135028347	wtdmso	wtcsc	7	8	3	4	1.1666666666666667	1.0
chr5:135334738	wtdmso	wtcsc	3	2	22	16	1.0909090909090908	1.0
chr5:135334884	wtdmso	wtcsc	2	5	12	14	0.4666666666666667	0.6697452837608566
chr5:135335121	wtdmso	wtcsc	1	2	13	15	0.5769230769230769	1.0
chr5:136046860	wtdmso	wtcsc	4	10	61	51	0.3344262295081967	0.09000521554742001
chr5:136046934	wtdmso	wtcsc	10	18	68	54	0.4411764705882353	0.06221885522893394
chr5:136046958	wtdmso	wtcsc	6	2	69	72	3.130434782608696	0.2756237051539065
chr5:136047279	wtdmso	wtcsc	13	25	66	54	0.4254545454545455	0.03976031774832908
chr5:136047286	wtdmso	wtcsc	25	16	52	55	1.6526442307692308	0.2012715227184913
chr5:136047400	wtdmso	wtcsc	8	7	59	54	1.0460048426150121	1.0
chr5:136049540	wtdmso	wtcsc	3	6	78	72	0.46153846153846156	0.3220172392205194
chr5:136049547	wtdmso	wtcsc	41	33	42	47	1.3903318903318904	0.3459552032529947
chr5:136052915	wtdmso	wtcsc	7	5	75	75	1.4	0.7658216238807563
chr5:136053017	wtdmso	wtcsc	1	7	84	76	0.1292517006802721	0.0331480052922737
chr5:136053059	wtdmso	wtcsc	4	2	77	76	1.974025974025974	0.6818000317889831
chr5:136053113	wtdmso	wtcsc	8	7	83	75	1.0327022375215147	1.0
chr5:136053947	wtdmso	wtcsc	5	7	81	79	0.6966490299823633	0.766133016990936
chr5:136053993	wtdmso	wtcsc	5	6	96	88	0.7638888888888888	0.7612615673182836
chr5:136054046	wtdmso	wtcsc	1	4	103	93	0.22572815533980584	0.19872512810359097
chr5:136054720	wtdmso	wtcsc	2	9	86	70	0.18087855297157623	0.026026592921202237
chr5:136054760	wtdmso	wtcsc	5	6	108	101	0.779320987654321	0.7634365511238858
chr5:136054775	wtdmso	wtcsc	3	2	100	94	1.41	1.0
chr5:136054806	wtdmso	wtcsc	16	13	72	67	1.1452991452991452	0.8389337649295266
chr5:136054810	wtdmso	wtcsc	4	3	72	75	1.3888888888888888	0.7174711032908653
chr5:136054819	wtdmso	wtcsc	4	3	109	107	1.308868501529052	1.0
chr5:136054836	wtdmso	wtcsc	5	5	117	108	0.9230769230769231	1.0
chr5:136055695	wtdmso	wtcsc	7	12	106	94	0.5172955974842768	0.23105082347166947
chr5:136055736	wtdmso	wtcsc	8	7	125	112	1.024	1.0
chr5:136055752	wtdmso	wtcsc	3	6	97	79	0.4072164948453608	0.3052778377368962
chr5:136055763	wtdmso	wtcsc	2	2	134	114	0.8507462686567164	1.0
chr5:136055778	wtdmso	wtcsc	19	17	113	101	0.9989588755856325	1.0
chr5:136055803	wtdmso	wtcsc	6	1	121	116	5.75206611570248	0.12181235299749787
chr5:136056694	wtdmso	wtcsc	16	19	124	98	0.66553480475382	0.2785408626323939
chr5:136056704	wtdmso	wtcsc	2	2	138	120	0.8695652173913043	1.0
chr5:136056787	wtdmso	wtcsc	2	6	154	128	0.27705627705627706	0.14991728791937398
chr5:136059102	wtdmso	wtcsc	29	43	131	97	0.49937866145925797	0.014442775753781976
chr5:136059194	wtdmso	wtcsc	15	15	131	118	0.9007633587786259	0.8478171895660793
chr5:136060879	wtdmso	wtcsc	9	6	154	126	1.2272727272727273	0.7939920943982703
chr5:136061527	wtdmso	wtcsc	16	17	171	148	0.8145854833161335	0.5880597590957929
chr5:136063293	wtdmso	wtcsc	96	83	88	84	1.104052573932092	0.6698014361421544
chr5:136063313	wtdmso	wtcsc	1	3	204	178	0.2908496732026144	0.3447520017084338
chr5:136063452	wtdmso	wtcsc	2	3	217	182	0.5591397849462365	0.6640821628165778
chr5:136063471	wtdmso	wtcsc	8	15	187	162	0.46203208556149733	0.08845942892400246
chr5:136063490	wtdmso	wtcsc	43	39	162	136	0.9256093700538145	0.8029103847458388
chr5:136063512	wtdmso	wtcsc	31	37	199	162	0.682058943365476	0.18475188019388383
chr5:136063566	wtdmso	wtcsc	4	2	246	210	1.7073170731707317	0.6918490244402692
chr5:136063774	wtdmso	wtcsc	18	19	178	159	0.8462448255470136	0.7293218607591581
chr5:137752621	wtdmso	wtcsc	1	1	12	14	1.1666666666666667	1.0
chr5:137752740	wtdmso	wtcsc	20	12	14	25	2.9761904761904763	0.03299614124779027
chr5:137752807	wtdmso	wtcsc	4	5	35	39	0.8914285714285715	1.0
chr5:137752878	wtdmso	wtcsc	19	17	8	4	0.5588235294117647	0.5100627654844958
chr5:137752903	wtdmso	wtcsc	28	22	2	3	1.9090909090909092	0.6498753435490394
chr5:137752946	wtdmso	wtcsc	20	14	9	3	0.47619047619047616	0.48925478602763145
chr5:137753202	wtdmso	wtcsc	19	20	4	5	1.1875	1.0
chr5:137753936	wtdmso	wtcsc	3	2	8	11	2.0625	0.6299171842650104
chr5:137753962	wtdmso	wtcsc	9	12	1	1	0.75	1.0
chr5:137753972	wtdmso	wtcsc	9	10	1	1	0.9	1.0
chr5:138469039	wtdmso	wtcsc	13	12	20	26	1.4083333333333334	0.6193690176159186
chr5:138469062	wtdmso	wtcsc	5	9	30	33	0.6111111111111112	0.5559458347517836
chr5:138469148	wtdmso	wtcsc	4	7	29	33	0.6502463054187192	0.7439970691796924
chr5:138469211	wtdmso	wtcsc	11	9	22	27	1.5	0.5961396990901515
chr5:138507823	wtdmso	wtcsc	3	4	8	12	1.125	1.0
chr5:138507851	wtdmso	wtcsc	1	3	11	15	0.45454545454545453	0.6315270935960592
chr5:138507947	wtdmso	wtcsc	2	2	12	19	1.5833333333333333	1.0
chr5:138508066	wtdmso	wtcsc	9	13	4	3	0.5192307692307693	0.6665000832916876
chr5:138508140	wtdmso	wtcsc	1	4	12	11	0.22916666666666666	0.33333333333333326
chr5:138508190	wtdmso	wtcsc	4	14	10	4	0.11428571428571428	0.011001706277591256
chr5:138508201	wtdmso	wtcsc	1	5	13	12	0.18461538461538463	0.18477320479545176
chr5:138508804	wtdmso	wtcsc	2	3	11	14	0.8484848484848485	1.0
chr5:138511172	wtdmso	wtcsc	1	4	10	10	0.25	0.34057971014492755
chr5:138512790	wtdmso	wtcsc	2	5	9	6	0.26666666666666666	0.3614551083591332
chr5:138512873	wtdmso	wtcsc	1	1	10	10	1.0	1.0
chr5:138555486	wtdmso	wtcsc	1	1	17	38	2.235294117647059	0.5357142857142858
chr5:138555863	wtdmso	wtcsc	7	9	8	19	1.8472222222222223	0.5091369141027972
chr5:138555889	wtdmso	wtcsc	1	7	14	44	0.4489795918367347	0.6707635491482258
chr5:138555956	wtdmso	wtcsc	5	14	12	40	1.1904761904761905	0.7623762092681938
chr5:138555979	wtdmso	wtcsc	1	8	15	44	0.36666666666666664	0.6742263395775319
chr5:138930838	wtdmso	wtcsc	1	3	20	33	0.55	1.0
chr5:138932650	wtdmso	wtcsc	11	10	14	26	2.0428571428571427	0.2735724758767435
chr5:138933838	wtdmso	wtcsc	1	4	24	36	0.375	0.6411573619400166
chr5:138934042	wtdmso	wtcsc	3	4	22	36	1.2272727272727273	1.0
chr5:138934207	wtdmso	wtcsc	3	2	9	22	3.6666666666666665	0.30742296918767503
chr5:138934212	wtdmso	wtcsc	1	4	25	23	0.23	0.3507214206437292
chr5:138934240	wtdmso	wtcsc	4	6	24	37	1.0277777777777777	1.0
chr5:138934475	wtdmso	wtcsc	2	7	13	30	0.6593406593406593	1.0
chr5:138934575	wtdmso	wtcsc	2	4	14	41	1.4642857142857142	0.6479421335529276
chr5:138934579	wtdmso	wtcsc	1	3	25	46	0.6133333333333333	1.0
chr5:138934628	wtdmso	wtcsc	2	1	21	39	3.7142857142857144	0.5482360051371156
chr5:139561657	wtdmso	wtcsc	3	8	14	46	1.2321428571428572	0.7175450311917522
chr5:139600393	wtdmso	wtcsc	4	9	29	57	0.8735632183908046	1.0
chr5:139626780	wtdmso	wtcsc	9	20	23	42	0.8217391304347826	0.8147362434228872
chr5:139626844	wtdmso	wtcsc	4	17	9	37	0.9673202614379085	1.0
chr5:140332918	wtdmso	wtcsc	7	16	11	16	0.6363636363636364	0.5587314138678126
chr5:140333049	wtdmso	wtcsc	4	10	12	26	0.8666666666666667	1.0
chr5:140333062	wtdmso	wtcsc	3	8	13	24	0.6923076923076923	0.7288867626650648
chr5:140333074	wtdmso	wtcsc	4	5	14	30	1.7142857142857142	0.4689631454890737
chr5:140333081	wtdmso	wtcsc	2	1	15	31	4.133333333333334	0.2731220147633522
chr5:140333124	wtdmso	wtcsc	2	14	16	20	0.17857142857142858	0.03060862336939279
chr5:140333176	wtdmso	wtcsc	1	3	17	33	0.6470588235294118	1.0
chr5:140333209	wtdmso	wtcsc	4	16	9	18	0.5	0.34753456723985676
chr5:140333399	wtdmso	wtcsc	3	6	10	25	1.25	1.0
chr5:140333526	wtdmso	wtcsc	2	6	15	21	0.4666666666666667	0.45458462340571193
chr5:140645534	wtdmso	wtcsc	13	8	9	7	1.2638888888888888	0.7486393391505353
chr5:140645647	wtdmso	wtcsc	3	2	22	24	1.6363636363636365	0.667952287297898
chr5:140647359	wtdmso	wtcsc	4	1	22	14	2.5454545454545454	0.6357075946292892
chr5:141515197	wtdmso	wtcsc	1	1	23	10	0.43478260869565216	0.5361344537815125
chr5:141515266	wtdmso	wtcsc	4	1	18	13	2.888888888888889	0.6282679738562091
chr5:141515281	wtdmso	wtcsc	2	4	19	9	0.23684210526315788	0.1733633032543587
chr5:141515541	wtdmso	wtcsc	9	6	13	8	0.9230769230769231	1.0
chr5:141515614	wtdmso	wtcsc	2	1	18	11	1.2222222222222223	1.0
chr5:141515626	wtdmso	wtcsc	2	3	19	7	0.24561403508771928	0.2955135335558028
chr5:141515631	wtdmso	wtcsc	3	1	17	12	2.1176470588235294	1.0
chr5:141515694	wtdmso	wtcsc	3	2	18	10	0.8333333333333334	1.0
chr5:142132220	wtdmso	wtcsc	1	1	10	20	2.0	1.0
chr5:142135769	wtdmso	wtcsc	1	2	10	21	1.05	1.0
chr5:142137748	wtdmso	wtcsc	1	5	12	20	0.3333333333333333	0.6425881874798283
chr5:142144650	wtdmso	wtcsc	1	1	20	23	1.15	1.0
chr5:142151817	wtdmso	wtcsc	3	4	21	19	0.6785714285714286	0.7007759983586972
chr5:142152094	wtdmso	wtcsc	2	3	26	13	0.3333333333333333	0.33635847986386835
chr5:142152174	wtdmso	wtcsc	5	2	22	11	1.25	1.0
chr5:142152243	wtdmso	wtcsc	6	2	19	13	2.0526315789473686	0.6856608930912337
chr5:142152601	wtdmso	wtcsc	8	4	26	18	1.3846153846153846	0.7462911124098355
chr5:142152748	wtdmso	wtcsc	5	2	27	17	1.5740740740740742	0.6990264746046431
chr5:150444237	wtdmso	wtcsc	8	8	17	31	1.8235294117647058	0.37873032546354884
chr5:150444284	wtdmso	wtcsc	59	131	368	542	0.6633338864918685	0.017504778536805612
chr5:150444328	wtdmso	wtcsc	9	17	402	648	0.8533801580333626	0.8389351570008283
chr5:150445669	wtdmso	wtcsc	1	1	367	602	1.6403269754768393	1.0
chr5:150445677	wtdmso	wtcsc	1	11	328	532	0.14745011086474502	0.03679742105887434
chr5:150445683	wtdmso	wtcsc	77	113	324	527	1.108352452747733	0.5640263736057918
chr5:150446824	wtdmso	wtcsc	9	15	405	640	0.9481481481481482	1.0
chr5:150446943	wtdmso	wtcsc	58	110	326	481	0.7779698828778583	0.16563844583406434
chr5:150446958	wtdmso	wtcsc	1	3	409	641	0.5224123879380603	1.0
chr5:150447617	wtdmso	wtcsc	6	17	396	610	0.5436720142602496	0.27960529595608985
chr5:150447679	wtdmso	wtcsc	22	61	331	496	0.5404388093705116	0.01780083590813315
chr5:150447697	wtdmso	wtcsc	37	67	352	546	0.8565976933514247	0.524216127081548
chr5:151029970	wtdmso	wtcsc	13	17	9	23	1.9542483660130718	0.2894662314839864
chr5:151030054	wtdmso	wtcsc	7	12	54	58	0.6265432098765432	0.45800997532015775
chr5:151030061	wtdmso	wtcsc	2	1	53	70	2.641509433962264	0.5801075268817204
chr5:151030211	wtdmso	wtcsc	7	9	47	54	0.8936170212765957	1.0
chr5:151030276	wtdmso	wtcsc	3	4	7	17	1.8214285714285714	0.6517669205099683
chr5:151030323	wtdmso	wtcsc	9	5	35	48	2.4685714285714284	0.15282457455067175
chr5:151030361	wtdmso	wtcsc	1	1	45	48	1.0666666666666667	1.0
chr5:151030377	wtdmso	wtcsc	3	2	46	56	1.826086956521739	0.6586666779043939
chr5:151030438	wtdmso	wtcsc	2	2	42	47	1.119047619047619	1.0
chr5:151030483	wtdmso	wtcsc	2	3	44	50	0.7575757575757576	1.0
chr5:151030493	wtdmso	wtcsc	12	18	31	31	0.6666666666666666	0.38395108209541884
chr5:151030543	wtdmso	wtcsc	28	34	15	17	0.9333333333333333	1.0
chr5:151030560	wtdmso	wtcsc	28	35	16	17	0.85	0.829683923414114
chr5:151032290	wtdmso	wtcsc	2	6	37	41	0.36936936936936937	0.2833582578444495
chr5:151033689	wtdmso	wtcsc	11	13	20	25	1.0576923076923077	1.0
chr5:151033760	wtdmso	wtcsc	3	8	31	37	0.4475806451612903	0.3345039294989295
chr5:151035022	wtdmso	wtcsc	2	2	30	43	1.4333333333333333	1.0
chr5:151035687	wtdmso	wtcsc	3	5	14	32	1.3714285714285714	0.6961258822358785
chr5:151268586	wtdmso	wtcsc	3	2	11	8	1.0909090909090908	1.0
chr5:151268813	wtdmso	wtcsc	5	3	22	10	0.7575757575757576	1.0
chr5:151269123	wtdmso	wtcsc	1	3	26	11	0.14102564102564102	0.10693196405648267
chr5:151742920	wtdmso	wtcsc	7	5	23	33	2.008695652173913	0.3438795730544142
chr5:151746350	wtdmso	wtcsc	4	3	26	33	1.6923076923076923	0.69291532766546
chr5:151746385	wtdmso	wtcsc	2	2	30	32	1.0666666666666667	1.0
chr5:171387970	wtdmso	wtcsc	1	5	84	209	0.4976190476190476	1.0
chr5:171387994	wtdmso	wtcsc	13	52	82	209	0.6371951219512195	0.21521423303938073
chr5:171390057	wtdmso	wtcsc	9	51	85	208	0.4318339100346021	0.025181538731490857
chr5:171391729	wtdmso	wtcsc	1	1	112	319	2.8482142857142856	0.45428107090924635
chr5:171391785	wtdmso	wtcsc	7	10	116	316	1.9068965517241379	0.2645494494408167
chr5:171392758	wtdmso	wtcsc	7	24	193	402	0.6075129533678757	0.324241110375987
chr5:171392924	wtdmso	wtcsc	1	25	219	408	0.07452054794520548	0.0004370668212354412
chr5:171405303	wtdmso	wtcsc	7	11	192	410	1.3589015151515151	0.6094278394220016
chr5:171405321	wtdmso	wtcsc	1	10	228	426	0.1868421052631579	0.10828872699491107
chr5:171405331	wtdmso	wtcsc	10	15	231	478	1.3795093795093796	0.5160109675989017
chr5:171405351	wtdmso	wtcsc	9	24	209	431	0.7733253588516746	0.5730733771543769
chr5:171405368	wtdmso	wtcsc	8	43	243	463	0.35448368264905733	0.005297222738537525
chr5:171407762	wtdmso	wtcsc	22	85	214	405	0.48982957669048927	0.003684619794200865
chr5:171407766	wtdmso	wtcsc	3	29	215	424	0.20400962309542903	0.0031856855060163735
chr5:171410661	wtdmso	wtcsc	22	111	224	421	0.372506435006435	2.347064419529052e-05
chr5:171410750	wtdmso	wtcsc	46	119	142	278	0.7567759498165464	0.20081863237057743
chr5:171410798	wtdmso	wtcsc	2	17	247	518	0.24672541081209812	0.04688087699948361
chr5:171410820	wtdmso	wtcsc	2	11	232	493	0.38636363636363635	0.24515089390846434
chr5:171410839	wtdmso	wtcsc	2	9	240	485	0.44907407407407407	0.5185472332843502
chr5:171410863	wtdmso	wtcsc	19	64	191	395	0.6139561518324608	0.07800954602276519
chr5:172768137	wtdmso	wtcsc	2	3	28	33	0.7857142857142857	1.0
chr5:172768190	wtdmso	wtcsc	1	2	35	36	0.5142857142857142	1.0
chr5:172768508	wtdmso	wtcsc	19	26	13	15	0.8431952662721893	0.8101075224375425
chr5:172768565	wtdmso	wtcsc	4	1	10	33	13.2	0.021045328399629974
chr5:172768581	wtdmso	wtcsc	8	6	27	33	1.6296296296296295	0.5541860217196346
chr5:172768592	wtdmso	wtcsc	2	4	31	27	0.43548387096774194	0.4191012053612776
chr5:172768605	wtdmso	wtcsc	4	4	27	32	1.1851851851851851	1.0
chr5:172768722	wtdmso	wtcsc	9	15	2	5	1.5	1.0
chr5:172768813	wtdmso	wtcsc	4	11	11	13	0.4297520661157025	0.3171881002248076
chr5:172769039	wtdmso	wtcsc	6	10	7	11	0.9428571428571428	1.0
chr5:172769582	wtdmso	wtcsc	2	1	22	20	1.8181818181818181	1.0
chr5:172769627	wtdmso	wtcsc	1	2	9	21	1.1666666666666667	1.0
chr5:172924056	wtdmso	wtcsc	1	1	11	14	1.2727272727272727	1.0
chr5:172924062	wtdmso	wtcsc	2	1	9	14	3.111111111111111	0.5557692307692308
chr5:172926515	wtdmso	wtcsc	5	13	7	4	0.21978021978021978	0.11858807438386071
chr5:172926551	wtdmso	wtcsc	1	3	11	14	0.42424242424242425	0.6220790703549324
chr5:172950729	wtdmso	wtcsc	1	2	11	14	0.6363636363636364	1.0
chr5:172950754	wtdmso	wtcsc	2	2	11	14	1.2727272727272727	1.0
chr5:172950842	wtdmso	wtcsc	1	5	10	12	0.24	0.35472739820565913
chr5:172951097	wtdmso	wtcsc	1	3	13	24	0.6153846153846154	1.0
chr5:172951136	wtdmso	wtcsc	1	10	12	7	0.058333333333333334	0.006725208824159348
chr5:172951204	wtdmso	wtcsc	1	3	10	10	0.3333333333333333	0.5962732919254659
chr5:172951281	wtdmso	wtcsc	1	2	13	24	0.9230769230769231	1.0
chr5:172951384	wtdmso	wtcsc	5	7	10	24	1.7142857142857142	0.4875192183581903
chr5:172951417	wtdmso	wtcsc	3	13	15	21	0.3230769230769231	0.12891727499916558
chr5:172951499	wtdmso	wtcsc	4	16	13	22	0.4230769230769231	0.23463988766394897
chr5:172951569	wtdmso	wtcsc	2	8	15	28	0.4666666666666667	0.47114648568578377
chr5:172951860	wtdmso	wtcsc	1	4	14	34	0.6071428571428571	1.0
chr5:172951875	wtdmso	wtcsc	5	14	10	20	0.7142857142857143	0.7536263339838003
chr5:172952312	wtdmso	wtcsc	3	5	45	57	0.76	1.0
chr5:172952544	wtdmso	wtcsc	1	3	50	68	0.4533333333333333	0.6392765207966399
chr5:172952584	wtdmso	wtcsc	1	2	44	61	0.6931818181818182	1.0
chr5:173020279	wtdmso	wtcsc	6	4	32	48	2.25	0.31198360486923504
chr5:173034446	wtdmso	wtcsc	1	2	38	53	0.6973684210526315	1.0
chr5:173034459	wtdmso	wtcsc	8	15	39	40	0.5470085470085471	0.2433526925695813
chr5:173034586	wtdmso	wtcsc	36	46	17	20	0.9207161125319693	0.8448195248132888
chr5:173034732	wtdmso	wtcsc	15	14	39	65	1.7857142857142858	0.2015088016927341
chr5:173034752	wtdmso	wtcsc	10	23	45	51	0.4927536231884058	0.10722389558757453
chr5:173034820	wtdmso	wtcsc	1	2	53	76	0.7169811320754716	1.0
chr5:173607924	wtdmso	wtcsc	3	13	7	23	0.7582417582417582	1.0
chr5:173607968	wtdmso	wtcsc	6	29	4	3	0.15517241379310345	0.04349535671743631
chr5:173607987	wtdmso	wtcsc	1	6	9	27	0.5	1.0
chr5:176388955	wtdmso	wtcsc	8	9	26	45	1.5384615384615385	0.580080986686974
chr5:176389572	wtdmso	wtcsc	16	29	10	23	1.2689655172413794	0.8082778342137265
chr5:176389624	wtdmso	wtcsc	1	4	40	55	0.34375	0.6459256461097405
chr5:176389636	wtdmso	wtcsc	11	17	29	44	0.9817444219066938	1.0
chr5:176392694	wtdmso	wtcsc	2	11	17	28	0.2994652406417112	0.18552760749210268
chr5:176397635	wtdmso	wtcsc	5	7	14	33	1.683673469387755	0.49705106395524035
chr5:176397651	wtdmso	wtcsc	1	4	14	37	0.6607142857142857	1.0
chr5:176397666	wtdmso	wtcsc	1	6	18	33	0.3055555555555556	0.4074791506476606
chr5:176397695	wtdmso	wtcsc	1	2	15	36	1.2	1.0
chr5:177303864	wtdmso	wtcsc	7	17	50	63	0.5188235294117647	0.254021813369382
chr5:177304031	wtdmso	wtcsc	1	3	51	78	0.5098039215686274	1.0
chr5:177304664	wtdmso	wtcsc	7	6	67	90	1.5671641791044777	0.5628021593213216
chr5:177304671	wtdmso	wtcsc	1	8	61	74	0.15163934426229508	0.07798904805594942
chr5:177304700	wtdmso	wtcsc	1	10	48	64	0.13333333333333333	0.04853836964673241
chr5:177304706	wtdmso	wtcsc	2	5	53	82	0.6188679245283019	0.7062164841027487
chr5:177304779	wtdmso	wtcsc	5	12	56	82	0.6101190476190477	0.4394454509494595
chr5:177304791	wtdmso	wtcsc	3	8	56	77	0.515625	0.5255170215571273
chr5:177304811	wtdmso	wtcsc	3	13	58	76	0.30238726790450926	0.06533590204102661
chr5:177304827	wtdmso	wtcsc	10	25	62	71	0.45806451612903226	0.058249670503416166
chr5:177305901	wtdmso	wtcsc	8	15	66	80	0.6464646464646465	0.3763901584703857
chr5:177305907	wtdmso	wtcsc	1	8	57	78	0.17105263157894737	0.08464172840271908
chr5:177305921	wtdmso	wtcsc	2	12	48	72	0.25	0.08019655328364231
chr5:177306130	wtdmso	wtcsc	4	6	73	89	0.8127853881278538	1.0
chr5:177306136	wtdmso	wtcsc	2	1	81	105	2.5925925925925926	0.582906663632571
chr5:177306450	wtdmso	wtcsc	7	7	58	87	1.5	0.5718910298112704
chr5:177306598	wtdmso	wtcsc	1	1	58	81	1.396551724137931	1.0
chr5:177331794	wtdmso	wtcsc	2	7	8	32	1.1428571428571428	1.0
chr5:177331984	wtdmso	wtcsc	15	16	37	74	1.875	0.14282047236500137
chr5:177331997	wtdmso	wtcsc	1	4	43	78	0.45348837209302323	0.6569615471783639
chr5:177332008	wtdmso	wtcsc	4	7	48	87	1.0357142857142858	1.0
chr5:177332037	wtdmso	wtcsc	21	56	29	36	0.46551724137931033	0.035575491500724206
chr5:177332221	wtdmso	wtcsc	6	7	41	69	1.4425087108013936	0.5575825738344291
chr5:177334325	wtdmso	wtcsc	1	2	44	61	0.6931818181818182	1.0
chr5:177334393	wtdmso	wtcsc	1	1	46	71	1.5434782608695652	1.0
chr5:177334402	wtdmso	wtcsc	1	2	42	67	0.7976190476190477	1.0
chr5:177337212	wtdmso	wtcsc	4	10	43	65	0.6046511627906976	0.5628616523647996
chr5:177337230	wtdmso	wtcsc	1	11	39	53	0.12354312354312354	0.026774907889171955
chr5:177337243	wtdmso	wtcsc	2	11	39	57	0.26573426573426573	0.12541056277060664
chr5:177337423	wtdmso	wtcsc	6	6	30	47	1.5666666666666667	0.5352577076091485
chr5:177337448	wtdmso	wtcsc	1	2	43	65	0.7558139534883721	1.0
chr5:177337492	wtdmso	wtcsc	5	8	42	65	0.9672619047619048	1.0
chr5:177337733	wtdmso	wtcsc	3	1	27	43	4.777777777777778	0.2970522133169249
chr5:177337760	wtdmso	wtcsc	5	8	42	62	0.9226190476190477	1.0
chr5:177338501	wtdmso	wtcsc	7	4	36	52	2.5277777777777777	0.2011724909685858
chr5:177338540	wtdmso	wtcsc	3	2	44	63	2.147727272727273	0.648030015002492
chr5:177351179	wtdmso	wtcsc	4	5	41	59	1.1512195121951219	1.0
chr5:177351216	wtdmso	wtcsc	2	4	43	54	0.627906976744186	0.6937793477479426
chr5:177351260	wtdmso	wtcsc	2	6	38	49	0.4298245614035088	0.46080894450556076
chr5:177351491	wtdmso	wtcsc	6	9	39	55	0.9401709401709402	1.0
chr5:177351508	wtdmso	wtcsc	7	11	38	54	0.9043062200956937	1.0
chr5:177351520	wtdmso	wtcsc	10	15	33	47	0.9494949494949495	1.0
chr5:177483921	wtdmso	wtcsc	5	7	31	29	0.6682027649769585	0.7530545161554784
chr5:177484113	wtdmso	wtcsc	3	4	31	28	0.6774193548387096	0.7046378029984587
chr5:177489818	wtdmso	wtcsc	1	2	31	35	0.5645161290322581	1.0
chr5:177491063	wtdmso	wtcsc	4	9	24	24	0.4444444444444444	0.34735821420199237
chr5:177491083	wtdmso	wtcsc	7	10	15	18	0.84	1.0
chr5:177491092	wtdmso	wtcsc	2	5	34	34	0.4	0.43289600617403046
chr5:177491827	wtdmso	wtcsc	1	1	27	26	0.9629629629629629	1.0
chr5:177491905	wtdmso	wtcsc	2	8	10	20	0.5	0.6926967914683886
chr5:177496444	wtdmso	wtcsc	1	3	11	26	0.7878787878787878	1.0
chr5:177592259	wtdmso	wtcsc	8	20	74	94	0.5081081081081081	0.149696970378929
chr5:177592283	wtdmso	wtcsc	2	10	76	95	0.25	0.07359385901508624
chr5:177592385	wtdmso	wtcsc	5	4	77	111	1.801948051948052	0.4940465793227068
chr5:177592598	wtdmso	wtcsc	5	3	60	101	2.8055555555555554	0.2625642561644354
chr5:177592661	wtdmso	wtcsc	3	8	86	133	0.5799418604651163	0.5363366597976037
chr5:177592670	wtdmso	wtcsc	2	8	68	116	0.4264705882352941	0.33444441018711535
chr5:177594151	wtdmso	wtcsc	3	3	89	131	1.4719101123595506	0.6894489098361569
chr5:177594167	wtdmso	wtcsc	41	69	59	80	0.805698845492508	0.43662340341257144
chr5:177594178	wtdmso	wtcsc	2	8	95	132	0.3473684210526316	0.20528817311482694
chr5:177594245	wtdmso	wtcsc	4	4	102	141	1.3823529411764706	0.7246799813299971
chr5:177594274	wtdmso	wtcsc	7	22	108	130	0.382996632996633	0.030388295828589026
chr5:177595338	wtdmso	wtcsc	2	2	110	136	1.2363636363636363	1.0
chr5:177595462	wtdmso	wtcsc	27	32	92	122	1.1188858695652173	0.7673348832842055
chr5:177595472	wtdmso	wtcsc	46	74	75	80	0.6630630630630631	0.11158549314710446
chr5:177595476	wtdmso	wtcsc	33	48	89	111	0.8574438202247191	0.5969229858489975
chr5:177595494	wtdmso	wtcsc	60	91	43	25	0.38333759263991823	0.002005075886667051
chr5:177595778	wtdmso	wtcsc	6	9	100	136	0.9066666666666666	1.0
chr5:177595838	wtdmso	wtcsc	4	8	113	140	0.6194690265486725	0.5579274967929766
chr5:177595865	wtdmso	wtcsc	2	1	94	119	2.5319148936170213	0.586176918061291
chr5:177595941	wtdmso	wtcsc	3	5	127	160	0.7559055118110236	1.0
chr5:177595984	wtdmso	wtcsc	15	28	111	142	0.6853281853281853	0.3183258192317288
chr5:177595990	wtdmso	wtcsc	1	7	95	118	0.1774436090225564	0.1420687042329129
chr5:177595995	wtdmso	wtcsc	3	3	122	157	1.2868852459016393	1.0
chr5:178149468	wtdmso	wtcsc	1	3	11	13	0.3939393939393939	0.613186813186813
chr5:178149515	wtdmso	wtcsc	5	19	49	53	0.284640171858217	0.0209488030581832
chr5:178149836	wtdmso	wtcsc	4	3	37	40	1.4414414414414414	0.7095508146039384
chr5:178150924	wtdmso	wtcsc	4	5	45	55	0.9777777777777777	1.0
chr5:178150972	wtdmso	wtcsc	3	4	45	61	1.0166666666666666	1.0
chr5:178153722	wtdmso	wtcsc	5	4	40	54	1.6875	0.49912237262808506
chr5:178207173	wtdmso	wtcsc	1	8	12	32	0.3333333333333333	0.42414329877658224
chr5:178209414	wtdmso	wtcsc	5	6	21	28	1.1111111111111112	1.0
chr5:178210173	wtdmso	wtcsc	2	2	21	27	1.2857142857142858	1.0
chr5:178210606	wtdmso	wtcsc	3	4	25	45	1.35	0.7002662790166471
chr5:178210680	wtdmso	wtcsc	10	27	16	21	0.4861111111111111	0.22312412146438287
chr5:178210778	wtdmso	wtcsc	1	3	26	47	0.6025641025641025	1.0
chr5:178210924	wtdmso	wtcsc	1	2	20	29	0.725	1.0
chr5:179724744	wtdmso	wtcsc	2	6	10	20	0.6666666666666666	1.0
chr5:179728606	wtdmso	wtcsc	3	5	15	22	0.88	1.0
chr5:179728778	wtdmso	wtcsc	4	5	18	34	1.511111111111111	0.710269407228893
chr5:179728838	wtdmso	wtcsc	7	10	14	26	1.3	0.7665383525675271
chr5:179728949	wtdmso	wtcsc	2	6	17	24	0.47058823529411764	0.45826612773668696
chr5:179729207	wtdmso	wtcsc	8	8	31	41	1.3225806451612903	0.781731149588338
chr5:179729338	wtdmso	wtcsc	1	1	33	46	1.393939393939394	1.0
chr5:179729817	wtdmso	wtcsc	2	6	51	61	0.39869281045751637	0.4636379893570092
chr5:179729828	wtdmso	wtcsc	3	11	38	41	0.2942583732057416	0.08263835988877818
chr5:179729857	wtdmso	wtcsc	1	7	44	54	0.17532467532467533	0.13418077400671002
chr5:179730385	wtdmso	wtcsc	5	10	64	85	0.6640625	0.5878684908835444
chr5:179730732	wtdmso	wtcsc	1	1	41	51	1.2439024390243902	1.0
chr5:179730761	wtdmso	wtcsc	3	6	46	51	0.5543478260869565	0.5004713341010895
chr5:179797632	wtdmso	wtcsc	28	24	36	44	1.4259259259259258	0.3743187957807035
chr5:179797730	wtdmso	wtcsc	29	33	39	47	1.0590520590520591	0.8690072439196806
chr5:179797807	wtdmso	wtcsc	39	39	27	41	1.5185185185185186	0.24501856965023439
chr5:179798192	wtdmso	wtcsc	3	2	42	56	2.0	0.6510508846430044
chr5:179798240	wtdmso	wtcsc	2	4	61	71	0.5819672131147541	0.6879105102818552
chr5:179798552	wtdmso	wtcsc	5	4	43	53	1.5406976744186047	0.7288804878854095
chr5:179798570	wtdmso	wtcsc	7	11	47	52	0.7040618955512572	0.6104229687895809
chr5:179798969	wtdmso	wtcsc	5	6	49	59	1.0034013605442176	1.0
chr5:179799002	wtdmso	wtcsc	6	9	41	51	0.8292682926829268	0.7866032531962781
chr5:179799077	wtdmso	wtcsc	5	11	47	55	0.5319148936170213	0.2942681803324704
chr5:179799113	wtdmso	wtcsc	4	4	48	61	1.2708333333333333	1.0
chr5:179799119	wtdmso	wtcsc	5	3	45	55	2.037037037037037	0.4673147664416961
chr5:179799208	wtdmso	wtcsc	3	2	49	63	1.9285714285714286	0.6543135046356654
chr5:179799299	wtdmso	wtcsc	10	13	39	49	0.9664694280078896	1.0
chr5:179799548	wtdmso	wtcsc	2	1	44	52	2.3636363636363638	0.5958660877659406
chr5:179799572	wtdmso	wtcsc	2	5	30	43	0.5733333333333334	0.6961904436921091
chr5:179799614	wtdmso	wtcsc	4	1	36	52	5.777777777777778	0.1610767046101209
chr5:179799991	wtdmso	wtcsc	4	11	36	47	0.47474747474747475	0.26622766304063306
chr5:179800018	wtdmso	wtcsc	5	3	42	59	2.3412698412698414	0.28698350236185965
chr5:179800241	wtdmso	wtcsc	1	6	45	56	0.2074074074074074	0.23476441128708958
chr5:179800251	wtdmso	wtcsc	7	5	35	55	2.2	0.22482452036657008
chr5:179800501	wtdmso	wtcsc	2	3	44	54	0.8181818181818182	1.0
chr5:179800531	wtdmso	wtcsc	4	4	33	41	1.2424242424242424	1.0
chr5:179800918	wtdmso	wtcsc	9	10	30	48	1.44	0.6029580893181925
chr5:179800948	wtdmso	wtcsc	10	21	29	32	0.5254515599343186	0.1860160364524468
chr5:179800952	wtdmso	wtcsc	1	3	36	48	0.4444444444444444	0.6358533206969453
chr5:179801361	wtdmso	wtcsc	1	2	39	55	0.7051282051282052	1.0
chr5:179801409	wtdmso	wtcsc	1	1	32	52	1.625	1.0
chr5:179801413	wtdmso	wtcsc	13	12	25	39	1.69	0.3416450015732325
chr5:179801690	wtdmso	wtcsc	2	5	36	51	0.5666666666666667	0.6972940192473339
chr5:179821061	wtdmso	wtcsc	2	10	33	173	1.0484848484848486	1.0
chr5:179823001	wtdmso	wtcsc	1	1	52	204	3.923076923076923	0.36928784725364217
chr5:179823967	wtdmso	wtcsc	5	22	48	176	0.8333333333333334	1.0
chr5:179824216	wtdmso	wtcsc	5	19	41	190	1.2195121951219512	0.7798453150909344
chr5:179824222	wtdmso	wtcsc	2	11	53	191	0.6552315608919382	0.7408930640615651
chr5:179824263	wtdmso	wtcsc	9	30	50	188	1.128	0.8330132360760087
chr5:179833081	wtdmso	wtcsc	8	31	71	215	0.781462971376647	0.6916036929987048
chr5:179833151	wtdmso	wtcsc	8	18	69	228	1.4685990338164252	0.47054919081174085
chr5:179833588	wtdmso	wtcsc	2	8	88	246	0.6988636363636364	1.0
chr5:179833605	wtdmso	wtcsc	4	12	96	278	0.9652777777777778	1.0
chr5:179833626	wtdmso	wtcsc	2	35	98	244	0.1422740524781341	0.0013277986982683362
chr5:179833631	wtdmso	wtcsc	10	22	92	254	1.2549407114624507	0.5396862562031175
chr5:179833656	wtdmso	wtcsc	3	16	79	222	0.5268987341772152	0.421257703092755
chr5:179833672	wtdmso	wtcsc	44	132	51	148	0.9673202614379085	0.9058429964213413
chr5:179833719	wtdmso	wtcsc	3	14	91	242	0.5698587127158555	0.5754229615303237
chr5:179833735	wtdmso	wtcsc	17	57	86	237	0.8219094247246022	0.5597145031302014
chr5:179836441	wtdmso	wtcsc	9	16	92	251	1.5346467391304348	0.3543901245231429
chr5:179836531	wtdmso	wtcsc	11	22	87	275	1.5804597701149425	0.2910922516994563
chr5:179836537	wtdmso	wtcsc	5	18	94	268	0.7919621749408984	0.807695873376743
chr5:179836555	wtdmso	wtcsc	7	16	83	251	1.3230421686746987	0.6195853631112642
chr5:179836592	wtdmso	wtcsc	8	30	88	270	0.8181818181818182	0.695823855770572
chr5:179836749	wtdmso	wtcsc	10	50	90	256	0.5688888888888889	0.14453941338915383
chr5:179836860	wtdmso	wtcsc	2	7	105	298	0.8108843537414966	1.0
chr5:179836940	wtdmso	wtcsc	7	16	101	304	1.316831683168317	0.6216339495031578
chr5:179836955	wtdmso	wtcsc	1	6	105	307	0.4873015873015873	0.6845897714663899
chr5:179836983	wtdmso	wtcsc	1	4	107	310	0.7242990654205608	1.0
chr5:179837072	wtdmso	wtcsc	44	132	64	190	0.9895833333333334	1.0
chr5:179837163	wtdmso	wtcsc	1	3	109	321	0.981651376146789	1.0
chr5:179862846	wtdmso	wtcsc	1	3	11	20	0.6060606060606061	1.0
chr5:179862935	wtdmso	wtcsc	3	4	9	20	1.6666666666666667	0.6639468690702086
chr5:179862951	wtdmso	wtcsc	6	3	4	18	9.0	0.015151481331294653
chr5:179862978	wtdmso	wtcsc	4	2	6	18	6.0	0.14131615510925855
chr5:1801451	wtdmso	wtcsc	4	3	8	10	1.6666666666666667	0.6727688787185353
chr5:180790613	wtdmso	wtcsc	4	10	16	27	0.675	0.7493381695151546
chr5:180790640	wtdmso	wtcsc	7	13	20	37	0.9961538461538462	1.0
chr5:180790737	wtdmso	wtcsc	1	2	26	51	0.9807692307692307	1.0
chr5:180790789	wtdmso	wtcsc	1	1	23	46	2.0	1.0
chr5:180790830	wtdmso	wtcsc	1	2	23	47	1.0217391304347827	1.0
chr5:180790897	wtdmso	wtcsc	2	5	22	41	0.7454545454545455	1.0
chr5:180790908	wtdmso	wtcsc	8	6	18	44	3.259259259259259	0.06256317402580587
chr5:181236941	wtdmso	wtcsc	8	25	111	116	0.33441441441441444	0.008655961993715381
chr5:181236993	wtdmso	wtcsc	44	93	853	972	0.539121884808834	0.0009547430690047571
chr5:181237019	wtdmso	wtcsc	20	19	677	851	1.323174998056441	0.4172240220163385
chr5:181237041	wtdmso	wtcsc	10	12	798	957	0.9993734335839599	1.0
chr5:181237650	wtdmso	wtcsc	24	82	910	1036	0.33320825515947466	6.59018938976508e-07
chr5:181237689	wtdmso	wtcsc	411	538	469	498	0.8111777807721879	0.024661618158233638
chr5:181238174	wtdmso	wtcsc	7	12	779	935	0.7001497646555412	0.4961271703083254
chr5:181238200	wtdmso	wtcsc	17	16	791	998	1.340549936788875	0.4801537308998509
chr5:181239107	wtdmso	wtcsc	222	352	617	641	0.6552140120819213	4.143649683792799e-05
chr5:181239115	wtdmso	wtcsc	164	195	635	767	1.0158530183727035	0.9055238201731204
chr5:181239160	wtdmso	wtcsc	87	114	735	872	0.9054063730755461	0.548016656926233
chr5:181239169	wtdmso	wtcsc	84	158	709	789	0.5916337862205638	0.0002856700852740194
chr5:181239499	wtdmso	wtcsc	16	13	662	808	1.502207762026493	0.34664748957560254
chr5:181241538	wtdmso	wtcsc	7	6	706	832	1.3748819641170915	0.58897949548109
chr5:181241573	wtdmso	wtcsc	20	33	651	733	0.6824000372387469	0.20766165894820018
chr5:181242198	wtdmso	wtcsc	32	45	642	743	0.8229837313949463	0.48124735096768145
chr5:181242306	wtdmso	wtcsc	11	22	661	729	0.5514372163388804	0.11503937460666983
chr5:181242318	wtdmso	wtcsc	35	81	624	694	0.4805713833491611	0.00042756832291633145
chr5:181242322	wtdmso	wtcsc	24	68	557	600	0.3801879818354631	4.74326858100302e-05
chr5:181242339	wtdmso	wtcsc	6	14	559	636	0.48760541783797595	0.17564899746004647
chr5:181243714	wtdmso	wtcsc	12	20	581	655	0.6764199655765921	0.3700148586485661
chr5:181243784	wtdmso	wtcsc	14	45	649	738	0.3537750385208012	0.0004517965103098077
chr5:181243796	wtdmso	wtcsc	36	75	557	587	0.5058527827648115	0.0010004862880541548
chr5:251349	wtdmso	wtcsc	6	5	4	16	4.8	0.10550481583029825
chr5:251382	wtdmso	wtcsc	2	5	8	17	0.85	1.0
chr5:251460	wtdmso	wtcsc	1	1	10	23	2.3	0.5361344537815124
chr5:256382	wtdmso	wtcsc	1	4	11	27	0.6136363636363636	1.0
chr5:256580	wtdmso	wtcsc	4	7	10	24	1.3714285714285714	0.7171106085337211
chr5:256644	wtdmso	wtcsc	4	11	8	25	1.1363636363636365	1.0
chr5:306673	wtdmso	wtcsc	3	3	7	7	1.0	1.0
chr5:314481	wtdmso	wtcsc	1	3	12	9	0.25	0.3217391304347825
chr5:314640	wtdmso	wtcsc	2	3	8	7	0.5833333333333334	1.0
chr5:314730	wtdmso	wtcsc	4	9	7	3	0.19047619047619047	0.09953271926619617
chr5:40832553	wtdmso	wtcsc	9	26	359	531	0.511999142918363	0.11191100652415592
chr5:40834223	wtdmso	wtcsc	72	143	286	430	0.7570052325297081	0.093537977690169
chr5:40834261	wtdmso	wtcsc	23	46	338	511	0.7559171597633136	0.3080697569966865
chr5:60945373	wtdmso	wtcsc	3	1	17	12	2.1176470588235294	1.0
chr5:61152774	wtdmso	wtcsc	2	2	9	12	1.3333333333333333	1.0
chr5:73499152	wtdmso	wtcsc	22	39	143	167	0.6587771203155819	0.16076751122908872
chr5:73499162	wtdmso	wtcsc	2	2	163	210	1.2883435582822085	1.0
chr5:73499171	wtdmso	wtcsc	1	5	159	211	0.26540880503144654	0.24620048420132784
chr5:73502490	wtdmso	wtcsc	21	38	149	179	0.6638996820911339	0.19964100875210483
chr5:73502523	wtdmso	wtcsc	38	48	121	157	1.0272038567493114	1.0
chr5:73502539	wtdmso	wtcsc	4	3	140	194	1.8476190476190477	0.46142716299589936
chr5:73502546	wtdmso	wtcsc	2	1	159	210	2.641509433962264	0.5808877958908392
chr5:73502939	wtdmso	wtcsc	11	50	147	173	0.25891156462585035	3.2556458928846936e-05
chr5:73502988	wtdmso	wtcsc	81	110	94	124	0.9713733075435204	0.9203629849909716
chr5:73503017	wtdmso	wtcsc	1	4	166	210	0.31626506024096385	0.3907741060673669
chr5:73503054	wtdmso	wtcsc	3	3	183	237	1.2950819672131149	1.0
chr5:73503077	wtdmso	wtcsc	10	27	163	201	0.4567143830947512	0.054064198399184166
chr5:73503091	wtdmso	wtcsc	3	10	176	236	0.4022727272727273	0.25330531329538497
chr5:73505233	wtdmso	wtcsc	4	13	156	217	0.4280078895463511	0.20635031195530826
chr5:73505262	wtdmso	wtcsc	3	5	176	243	0.8284090909090909	1.0
chr5:73505301	wtdmso	wtcsc	43	70	109	121	0.681913499344692	0.10696854501877873
chr5:73505378	wtdmso	wtcsc	24	53	157	187	0.5393582502103113	0.022042161987874363
chr5:74721167	wtdmso	wtcsc	1	2	9	26	1.4444444444444444	1.0
chr5:74769306	wtdmso	wtcsc	1	2	9	22	1.2222222222222223	1.0
chr5:74770699	wtdmso	wtcsc	4	11	8	25	1.1363636363636365	1.0
chr5:74773905	wtdmso	wtcsc	6	22	7	17	0.6623376623376623	0.5409957183534763
chr5:74774035	wtdmso	wtcsc	5	12	6	16	1.1111111111111112	1.0
chr5:74776718	wtdmso	wtcsc	2	4	10	24	1.2	1.0
chr5:77691349	wtdmso	wtcsc	1	4	16	49	0.765625	1.0
chr5:82276092	wtdmso	wtcsc	22	32	660	836	0.8708333333333333	0.6768878627623078
chr5:82276120	wtdmso	wtcsc	5	5	738	944	1.2791327913279134	0.7562470471677141
chr5:82276407	wtdmso	wtcsc	162	270	595	706	0.7119327731092437	0.0029924419706921683
chr5:82276502	wtdmso	wtcsc	11	29	738	923	0.4743949163629567	0.03612658108914943
chr5:82277781	wtdmso	wtcsc	2	7	732	917	0.35792349726775957	0.31347539249399137
chr5:82277800	wtdmso	wtcsc	16	34	576	694	0.5669934640522876	0.08104710535961962
chr5:82277838	wtdmso	wtcsc	11	25	707	870	0.5414427157001415	0.09280600483064583
chr5:83057037	wtdmso	wtcsc	4	4	6	6	1.0	1.0
chr5:83065011	wtdmso	wtcsc	1	4	10	17	0.425	0.6367491657397109
chr5:86617965	wtdmso	wtcsc	4	16	201	261	0.3246268656716418	0.039535186337620126
chr5:86619447	wtdmso	wtcsc	4	11	182	263	0.5254745254745254	0.30064053986084655
chr5:86620712	wtdmso	wtcsc	1	6	214	285	0.2219626168224299	0.2474379044239728
chr5:86620718	wtdmso	wtcsc	68	81	141	192	1.143157341738902	0.5508725854568104
chr5:86620752	wtdmso	wtcsc	4	6	122	157	0.8579234972677595	1.0
chr5:96766069	wtdmso	wtcsc	2	3	8	11	0.9166666666666666	1.0
chr5:96767955	wtdmso	wtcsc	1	1	10	14	1.4	1.0
chr5:96772675	wtdmso	wtcsc	2	1	11	20	3.6363636363636362	0.543783422459893
chr5:96772756	wtdmso	wtcsc	1	9	14	12	0.09523809523809523	0.024474609340146208
chr5:96772806	wtdmso	wtcsc	2	4	21	12	0.2857142857142857	0.20531915578355203
chr6:10723217	wtdmso	wtcsc	3	2	23	45	2.9347826086956523	0.3404031494905506
chr6:10724598	wtdmso	wtcsc	3	4	14	36	1.9285714285714286	0.4147131694301504
chr6:10724620	wtdmso	wtcsc	7	5	22	41	2.609090909090909	0.19503424005142878
chr6:10730656	wtdmso	wtcsc	1	1	27	56	2.074074074074074	1.0
chr6:10730767	wtdmso	wtcsc	4	3	26	48	2.4615384615384617	0.41434908023848727
chr6:10730795	wtdmso	wtcsc	1	2	29	51	0.8793103448275862	1.0
chr6:10730874	wtdmso	wtcsc	2	2	28	55	1.9642857142857142	0.6056417755554506
chr6:10731002	wtdmso	wtcsc	1	5	28	41	0.29285714285714287	0.39550505550891424
chr6:10731068	wtdmso	wtcsc	1	3	27	52	0.6419753086419753	1.0
chr6:10731072	wtdmso	wtcsc	5	20	25	38	0.38	0.08815772235517982
chr6:108211859	wtdmso	wtcsc	1	1	41	47	1.146341463414634	1.0
chr6:108211994	wtdmso	wtcsc	3	2	29	38	1.9655172413793103	0.6497541658018585
chr6:108212120	wtdmso	wtcsc	4	3	26	27	1.3846153846153846	1.0
chr6:108214545	wtdmso	wtcsc	1	1	32	35	1.09375	1.0
chr6:108222989	wtdmso	wtcsc	3	5	37	39	0.6324324324324324	0.7154205193959144
chr6:108260852	wtdmso	wtcsc	2	4	32	20	0.3125	0.21953658816309915
chr6:108260871	wtdmso	wtcsc	5	3	28	31	1.8452380952380953	0.4762831491972673
chr6:108260901	wtdmso	wtcsc	1	1	31	30	0.967741935483871	1.0
chr6:132815026	wtdmso	wtcsc	2	15	177	321	0.24180790960451978	0.06617956617341039
chr6:132815084	wtdmso	wtcsc	1	3	173	312	0.6011560693641619	1.0
chr6:132815130	wtdmso	wtcsc	1	3	35	62	0.5904761904761905	1.0
chr6:132816541	wtdmso	wtcsc	22	57	190	285	0.5789473684210527	0.045318460899692686
chr6:132816966	wtdmso	wtcsc	2	7	207	348	0.4803312629399586	0.495861260301915
chr6:132816976	wtdmso	wtcsc	5	3	212	360	2.830188679245283	0.1574980068803399
chr6:132817008	wtdmso	wtcsc	4	7	176	299	0.9707792207792207	1.0
chr6:132817480	wtdmso	wtcsc	15	36	201	322	0.6674958540630183	0.22812339572056817
chr6:138090991	wtdmso	wtcsc	1	4	103	129	0.3131067961165049	0.388562504723314
chr6:138091132	wtdmso	wtcsc	4	12	100	127	0.42333333333333334	0.1917438088479943
chr6:138091153	wtdmso	wtcsc	1	5	93	121	0.26021505376344084	0.24224821700643778
chr6:138091224	wtdmso	wtcsc	4	16	79	88	0.27848101265822783	0.030109816735367986
chr6:138091244	wtdmso	wtcsc	11	16	48	49	0.7018229166666666	0.5150080657413435
chr6:138091261	wtdmso	wtcsc	2	3	79	104	0.8776371308016878	1.0
chr6:138091271	wtdmso	wtcsc	4	4	78	92	1.1794871794871795	1.0
chr6:138091455	wtdmso	wtcsc	1	6	69	81	0.1956521739130435	0.13207097027779827
chr6:138091555	wtdmso	wtcsc	15	28	48	41	0.4575892857142857	0.04338617759268132
chr6:138091607	wtdmso	wtcsc	1	6	64	68	0.17708333333333334	0.12103031055191588
chr6:138091663	wtdmso	wtcsc	4	10	40	46	0.46	0.25551363045330266
chr6:138091960	wtdmso	wtcsc	3	9	60	60	0.3333333333333333	0.13247931281307568
chr6:138091983	wtdmso	wtcsc	7	14	52	52	0.5	0.23092808625732025
chr6:138091998	wtdmso	wtcsc	25	31	26	18	0.5583126550868487	0.16461509217473125
chr6:138092041	wtdmso	wtcsc	3	2	58	68	1.7586206896551724	0.6633961492601734
chr6:138092087	wtdmso	wtcsc	1	2	57	64	0.5614035087719298	1.0
chr6:138092174	wtdmso	wtcsc	8	14	53	55	0.5929919137466307	0.3507197732027767
chr6:138092217	wtdmso	wtcsc	1	7	55	60	0.15584415584415584	0.07008785626373555
chr6:138096405	wtdmso	wtcsc	2	3	52	49	0.6282051282051282	0.6754507628294038
chr6:138404466	wtdmso	wtcsc	1	1	9	13	1.4444444444444444	1.0
chr6:138405211	wtdmso	wtcsc	1	1	10	14	1.4	1.0
chr6:138405250	wtdmso	wtcsc	9	7	3	7	3.0	0.24751648943330187
chr6:138405999	wtdmso	wtcsc	1	2	10	14	0.7	1.0
chr6:138406073	wtdmso	wtcsc	5	7	7	9	0.9183673469387755	1.0
chr6:138413056	wtdmso	wtcsc	10	10	4	7	1.75	0.7073807182430292
chr6:138413130	wtdmso	wtcsc	2	1	9	11	2.4444444444444446	0.5900621118012422
chr6:146544052	wtdmso	wtcsc	1	1	9	16	1.7777777777777777	1.0
chr6:146544087	wtdmso	wtcsc	1	6	9	12	0.2222222222222222	0.364244451200973
chr6:146549649	wtdmso	wtcsc	1	5	10	15	0.3	0.3826066406711568
chr6:146549661	wtdmso	wtcsc	1	6	9	15	0.2777777777777778	0.37864293659621806
chr6:146554569	wtdmso	wtcsc	2	5	21	15	0.2857142857142857	0.2220575870604232
chr6:146554753	wtdmso	wtcsc	10	20	12	13	0.5416666666666666	0.28648910828318797
chr6:146554788	wtdmso	wtcsc	1	5	23	29	0.25217391304347825	0.3845294215804095
chr6:149793603	wtdmso	wtcsc	1	2	22	21	0.4772727272727273	1.0
chr6:149802438	wtdmso	wtcsc	1	4	9	6	0.16666666666666666	0.30340557275541796
chr6:159779704	wtdmso	wtcsc	1	1	14	18	1.2857142857142858	1.0
chr6:159779778	wtdmso	wtcsc	2	2	14	16	1.1428571428571428	1.0
chr6:159779910	wtdmso	wtcsc	1	3	15	15	0.3333333333333333	0.6041055718475073
chr6:170535164	wtdmso	wtcsc	15	23	21	32	0.9937888198757764	1.0
chr6:170535223	wtdmso	wtcsc	10	23	28	34	0.5279503105590062	0.1907368937097574
chr6:170535242	wtdmso	wtcsc	5	8	34	48	0.8823529411764706	1.0
chr6:170535266	wtdmso	wtcsc	1	3	37	56	0.5045045045045045	1.0
chr6:170535391	wtdmso	wtcsc	4	9	35	53	0.6730158730158731	0.761463074448179
chr6:170543613	wtdmso	wtcsc	2	3	32	50	1.0416666666666667	1.0
chr6:170543699	wtdmso	wtcsc	1	1	29	49	1.6896551724137931	1.0
chr6:170546142	wtdmso	wtcsc	4	9	29	38	0.5823754789272031	0.5421387453353532
chr6:170553188	wtdmso	wtcsc	3	4	31	52	1.2580645161290323	1.0
chr6:170553201	wtdmso	wtcsc	1	8	34	48	0.17647058823529413	0.14549155250146145
chr6:2833597	wtdmso	wtcsc	9	43	4	28	1.4651162790697674	0.7578435952638993
chr6:2833916	wtdmso	wtcsc	1	4	12	70	1.4583333333333333	0.5640371761113987
chr6:2833972	wtdmso	wtcsc	4	18	7	39	1.2380952380952381	0.7378856322910425
chr6:2834003	wtdmso	wtcsc	1	3	10	65	2.1666666666666665	0.4579803940230323
chr6:29942574	wtdmso	wtcsc	3	6	17	30	0.8823529411764706	1.0
chr6:29942610	wtdmso	wtcsc	1	2	20	45	1.125	1.0
chr6:29942936	wtdmso	wtcsc	1	4	25	49	0.49	1.0
chr6:29942971	wtdmso	wtcsc	1	5	25	53	0.424	0.6607773414676854
chr6:29942992	wtdmso	wtcsc	7	11	28	45	1.0227272727272727	1.0
chr6:29943381	wtdmso	wtcsc	6	8	32	46	1.078125	1.0
chr6:29944121	wtdmso	wtcsc	1	5	38	50	0.2631578947368421	0.3951445856186845
chr6:29944132	wtdmso	wtcsc	1	2	53	67	0.6320754716981132	1.0
chr6:29944141	wtdmso	wtcsc	3	4	46	62	1.0108695652173914	1.0
chr6:29944160	wtdmso	wtcsc	2	3	46	63	0.9130434782608695	1.0
chr6:29944219	wtdmso	wtcsc	7	10	47	62	0.9234042553191489	1.0
chr6:29944241	wtdmso	wtcsc	5	8	52	67	0.8052884615384616	0.7764143811505995
chr6:29944253	wtdmso	wtcsc	10	12	46	61	1.105072463768116	1.0
chr6:29944291	wtdmso	wtcsc	6	3	48	67	2.7916666666666665	0.1757964138748622
chr6:29945239	wtdmso	wtcsc	7	17	60	74	0.5078431372549019	0.1827290487446146
chr6:29945456	wtdmso	wtcsc	2	2	68	82	1.2058823529411764	1.0
chr6:29945474	wtdmso	wtcsc	24	36	47	57	0.8085106382978723	0.6238001001731792
chr6:29945512	wtdmso	wtcsc	10	15	66	77	0.7777777777777778	0.6652847318872437
chr6:29945521	wtdmso	wtcsc	3	6	69	77	0.5579710144927537	0.5051519722159283
chr6:29945527	wtdmso	wtcsc	12	17	62	82	0.9335863377609108	1.0
chr6:29945595	wtdmso	wtcsc	2	3	75	92	0.8177777777777778	1.0
chr6:29945621	wtdmso	wtcsc	1	12	63	77	0.10185185185185185	0.008279249471882261
chr6:29945638	wtdmso	wtcsc	4	6	59	64	0.7231638418079096	0.7478872589942985
chr6:29945733	wtdmso	wtcsc	14	17	57	64	0.9246646026831785	1.0
chr6:29945760	wtdmso	wtcsc	8	5	57	65	1.8245614035087718	0.3868430894133692
chr6:29945861	wtdmso	wtcsc	1	2	24	27	0.5625	1.0
chr6:30491234	wtdmso	wtcsc	1	1	9	13	1.4444444444444444	1.0
chr6:30492846	wtdmso	wtcsc	3	5	11	26	1.4181818181818182	0.6891645656191736
chr6:30492964	wtdmso	wtcsc	1	3	9	15	0.5555555555555556	1.0
chr6:30493006	wtdmso	wtcsc	1	1	11	17	1.5454545454545454	1.0
chr6:30619504	wtdmso	wtcsc	2	3	8	8	0.6666666666666666	1.0
chr6:30722559	wtdmso	wtcsc	2	6	13	48	1.2307692307692308	1.0
chr6:30722612	wtdmso	wtcsc	1	3	11	40	1.2121212121212122	1.0
chr6:30722957	wtdmso	wtcsc	1	8	16	43	0.3359375	0.4319843869556964
chr6:30722971	wtdmso	wtcsc	2	12	12	36	0.5	0.4920073765966759
chr6:30723444	wtdmso	wtcsc	1	24	20	42	0.0875	0.004935598726137749
chr6:30723467	wtdmso	wtcsc	1	4	18	63	0.875	1.0
chr6:30723591	wtdmso	wtcsc	2	7	30	59	0.5619047619047619	0.7136241616850043
chr6:30723738	wtdmso	wtcsc	7	16	30	58	0.8458333333333333	0.8084589522118519
chr6:30723925	wtdmso	wtcsc	12	26	28	52	0.8571428571428571	0.8357878766080562
chr6:30723954	wtdmso	wtcsc	3	10	38	76	0.6	0.5461117828969891
chr6:30723972	wtdmso	wtcsc	2	5	46	89	0.7739130434782608	1.0
chr6:30724071	wtdmso	wtcsc	2	11	43	77	0.32558139534883723	0.21740859780715233
chr6:30724125	wtdmso	wtcsc	7	16	41	77	0.8216463414634146	0.8119333163650767
chr6:30724631	wtdmso	wtcsc	2	6	18	36	0.6666666666666666	1.0
chr6:30725097	wtdmso	wtcsc	2	4	40	57	0.7125	1.0
chr6:30725170	wtdmso	wtcsc	14	11	30	47	1.993939393939394	0.16577043880587466
chr6:30725179	wtdmso	wtcsc	5	19	45	49	0.28654970760233917	0.020510064076250785
chr6:30725239	wtdmso	wtcsc	2	4	50	68	0.68	1.0
chr6:30725350	wtdmso	wtcsc	15	24	31	37	0.7459677419354839	0.5451500330827826
chr6:30743226	wtdmso	wtcsc	23	30	20	37	1.4183333333333332	0.4359518047179676
chr6:30743358	wtdmso	wtcsc	7	6	41	70	1.991869918699187	0.24673684211082694
chr6:30743368	wtdmso	wtcsc	5	9	44	77	0.9722222222222222	1.0
chr6:30743412	wtdmso	wtcsc	14	16	36	65	1.5798611111111112	0.29174082637916465
chr6:30743478	wtdmso	wtcsc	3	18	47	69	0.24468085106382978	0.025967197656730372
chr6:30743510	wtdmso	wtcsc	12	34	37	48	0.4578696343402226	0.05936045158376815
chr6:30743519	wtdmso	wtcsc	10	19	33	62	0.988835725677831	1.0
chr6:30743534	wtdmso	wtcsc	24	48	22	25	0.5681818181818182	0.1781818595433045
chr6:30743606	wtdmso	wtcsc	1	3	46	81	0.5869565217391305	1.0
chr6:30743764	wtdmso	wtcsc	5	13	39	52	0.5128205128205128	0.29785085319558235
chr6:30743780	wtdmso	wtcsc	6	12	35	59	0.8428571428571429	1.0
chr6:30743818	wtdmso	wtcsc	11	18	31	58	1.1433691756272402	0.8246535419595955
chr6:30743825	wtdmso	wtcsc	18	41	23	34	0.6489925768822906	0.3322333288763155
chr6:30743843	wtdmso	wtcsc	10	28	8	14	0.625	0.5597630015467037
chr6:30743897	wtdmso	wtcsc	1	2	44	72	0.8181818181818182	1.0
chr6:30743929	wtdmso	wtcsc	21	42	24	29	0.6041666666666666	0.25115561798543357
chr6:30743935	wtdmso	wtcsc	8	8	41	67	1.6341463414634145	0.41629267580980056
chr6:30743975	wtdmso	wtcsc	3	3	26	54	2.076923076923077	0.4006230118833748
chr6:30743987	wtdmso	wtcsc	7	14	38	53	0.6973684210526315	0.6227648218360131
chr6:30744003	wtdmso	wtcsc	7	9	39	64	1.2763532763532763	0.7836881405946214
chr6:30744164	wtdmso	wtcsc	25	37	22	37	1.1363636363636365	0.8521902612979527
chr6:30744440	wtdmso	wtcsc	4	7	19	45	1.3533834586466165	0.7279128861483344
chr6:30744484	wtdmso	wtcsc	1	3	26	57	0.7307692307692307	1.0
chr6:30896686	wtdmso	wtcsc	2	4	10	13	0.65	1.0
chr6:30897422	wtdmso	wtcsc	3	3	10	15	1.5	0.6758302876211665
chr6:30897485	wtdmso	wtcsc	1	3	13	15	0.38461538461538464	0.6128197997775306
chr6:30898167	wtdmso	wtcsc	1	5	14	12	0.17142857142857143	0.17794462983561984
chr6:30898224	wtdmso	wtcsc	1	1	15	18	1.2	1.0
chr6:30899348	wtdmso	wtcsc	6	8	21	23	0.8214285714285714	1.0
chr6:30899364	wtdmso	wtcsc	11	15	16	13	0.5958333333333333	0.4218340568296305
chr6:30899426	wtdmso	wtcsc	6	4	22	17	1.1590909090909092	1.0
chr6:30899481	wtdmso	wtcsc	1	6	12	8	0.1111111111111111	0.07681159420289854
chr6:30899616	wtdmso	wtcsc	3	1	21	16	2.2857142857142856	0.6293472894243113
chr6:30899656	wtdmso	wtcsc	4	6	27	30	0.7407407407407407	0.7417078158909431
chr6:30899718	wtdmso	wtcsc	3	3	27	26	0.9629629629629629	1.0
chr6:30899751	wtdmso	wtcsc	5	4	30	32	1.3333333333333333	0.7349500085422433
chr6:30899834	wtdmso	wtcsc	3	3	28	32	1.1428571428571428	1.0
chr6:30899841	wtdmso	wtcsc	4	3	30	34	1.511111111111111	0.7028227368503941
chr6:30899907	wtdmso	wtcsc	16	19	18	17	0.7953216374269005	0.8112265368316188
chr6:30899992	wtdmso	wtcsc	1	1	25	34	1.36	1.0
chr6:31268758	wtdmso	wtcsc	3	7	25	26	0.44571428571428573	0.3189070190817366
chr6:31268862	wtdmso	wtcsc	9	14	69	86	0.8012422360248447	0.6600896382423842
chr6:31268984	wtdmso	wtcsc	4	14	70	77	0.3142857142857143	0.04684405571937257
chr6:31269002	wtdmso	wtcsc	8	8	75	91	1.2133333333333334	0.7954156129501484
chr6:31269027	wtdmso	wtcsc	4	12	80	93	0.3875	0.12034274413511975
chr6:31269112	wtdmso	wtcsc	3	8	70	84	0.45	0.3492761533089498
chr6:31269149	wtdmso	wtcsc	5	15	77	81	0.35064935064935066	0.056882194399616254
chr6:31269166	wtdmso	wtcsc	1	1	60	78	1.3	1.0
chr6:31270314	wtdmso	wtcsc	11	7	48	72	2.357142857142857	0.12509838042999671
chr6:31270352	wtdmso	wtcsc	5	25	59	59	0.2	0.0009039614786296538
chr6:31270386	wtdmso	wtcsc	4	11	56	71	0.461038961038961	0.27142614768664314
chr6:31270445	wtdmso	wtcsc	1	3	54	79	0.4876543209876543	0.6488371794953955
chr6:31270464	wtdmso	wtcsc	3	21	50	58	0.1657142857142857	0.0023437695187582238
chr6:31270483	wtdmso	wtcsc	7	10	44	71	1.1295454545454546	0.7968473029722332
chr6:31271209	wtdmso	wtcsc	2	4	43	66	0.7674418604651163	1.0
chr6:31271219	wtdmso	wtcsc	4	4	38	66	1.736842105263158	0.47037182522000665
chr6:31271233	wtdmso	wtcsc	5	6	39	60	1.2820512820512822	0.7520267583443265
chr6:31271278	wtdmso	wtcsc	1	7	41	63	0.21951219512195122	0.25453589192408455
chr6:31271630	wtdmso	wtcsc	2	14	42	56	0.19047619047619047	0.025770797896062778
chr6:31271648	wtdmso	wtcsc	1	3	38	65	0.5701754385964912	1.0
chr6:31272007	wtdmso	wtcsc	3	4	9	34	2.8333333333333335	0.33666975023126744
chr6:31353881	wtdmso	wtcsc	6	12	7	19	1.3571428571428572	0.7421663012984623
chr6:31353889	wtdmso	wtcsc	2	4	38	64	0.8421052631578947	1.0
chr6:31354106	wtdmso	wtcsc	4	6	57	73	0.8538011695906432	1.0
chr6:31354124	wtdmso	wtcsc	5	7	51	71	0.9943977591036415	1.0
chr6:31354149	wtdmso	wtcsc	5	12	56	71	0.5282738095238095	0.303152933484388
chr6:31354234	wtdmso	wtcsc	6	10	54	68	0.7555555555555555	0.7896453309778089
chr6:31354271	wtdmso	wtcsc	15	21	35	40	0.8163265306122449	0.6861568682368798
chr6:31354289	wtdmso	wtcsc	3	7	38	65	0.7330827067669173	0.7451654122196062
chr6:31355421	wtdmso	wtcsc	7	4	37	54	2.554054054054054	0.20009707899105164
chr6:31355459	wtdmso	wtcsc	4	8	38	48	0.631578947368421	0.5474632684035164
chr6:31355466	wtdmso	wtcsc	1	1	44	56	1.2727272727272727	1.0
chr6:31355471	wtdmso	wtcsc	3	1	41	53	3.8780487804878048	0.3231139335821143
chr6:31355493	wtdmso	wtcsc	2	4	40	54	0.675	1.0
chr6:31355571	wtdmso	wtcsc	3	10	36	44	0.36666666666666664	0.225031045107011
chr6:31355591	wtdmso	wtcsc	1	2	34	50	0.7352941176470589	1.0
chr6:31356183	wtdmso	wtcsc	2	6	32	42	0.4375	0.45933012485457203
chr6:31356313	wtdmso	wtcsc	2	3	22	42	1.2727272727272727	1.0
chr6:31356327	wtdmso	wtcsc	2	8	28	38	0.3392857142857143	0.2987639580823295
chr6:31356372	wtdmso	wtcsc	1	2	20	40	1.0	1.0
chr6:31356719	wtdmso	wtcsc	3	1	19	40	6.315789473684211	0.11827956989247311
chr6:31356776	wtdmso	wtcsc	4	6	16	30	1.25	0.7327395893663028
chr6:31357094	wtdmso	wtcsc	2	4	12	34	1.4166666666666667	0.6548281505728316
chr6:31357100	wtdmso	wtcsc	1	2	13	33	1.2692307692307692	1.0
chr6:31357136	wtdmso	wtcsc	1	7	12	29	0.34523809523809523	0.6631149329555199
chr6:31530293	wtdmso	wtcsc	1	6	21	5	0.03968253968253968	0.002456433073785688
chr6:31531086	wtdmso	wtcsc	1	1	10	12	1.2	1.0
chr6:31531340	wtdmso	wtcsc	10	6	17	8	0.7843137254901961	0.7467742302111113
chr6:31532807	wtdmso	wtcsc	1	1	27	10	0.37037037037037035	0.48987854251012153
chr6:31532822	wtdmso	wtcsc	2	3	25	10	0.26666666666666666	0.30654338549075394
chr6:31532834	wtdmso	wtcsc	1	1	20	10	0.5	1.0
chr6:31532842	wtdmso	wtcsc	2	1	26	11	0.8461538461538461	1.0
chr6:31535449	wtdmso	wtcsc	1	1	23	11	0.4782608695652174	1.0
chr6:31536506	wtdmso	wtcsc	8	5	17	7	0.6588235294117647	0.7161313943850094
chr6:31536624	wtdmso	wtcsc	7	5	19	7	0.5157894736842106	0.4604836442989949
chr6:31539199	wtdmso	wtcsc	1	1	24	12	0.5	1.0
chr6:31540497	wtdmso	wtcsc	2	1	11	10	1.8181818181818181	1.0
chr6:31635985	wtdmso	wtcsc	3	1	8	9	3.375	0.5864661654135339
chr6:31637055	wtdmso	wtcsc	5	5	19	5	0.2631578947368421	0.1156064975832037
chr6:31637082	wtdmso	wtcsc	1	1	24	11	0.4583333333333333	1.0
chr6:31637103	wtdmso	wtcsc	2	1	23	19	1.6521739130434783	1.0
chr6:31637119	wtdmso	wtcsc	1	2	26	20	0.38461538461538464	0.5808727746417714
chr6:31639097	wtdmso	wtcsc	3	2	9	21	3.5	0.312618595825427
chr6:31639539	wtdmso	wtcsc	1	2	10	22	1.1	1.0
chr6:31640280	wtdmso	wtcsc	1	2	15	23	0.7666666666666667	1.0
chr6:31640435	wtdmso	wtcsc	4	4	10	21	2.1	0.42371163733392836
chr6:31640500	wtdmso	wtcsc	4	4	20	23	1.15	1.0
chr6:31667908	wtdmso	wtcsc	4	15	49	46	0.2503401360544218	0.02192491079063335
chr6:31667958	wtdmso	wtcsc	1	6	52	54	0.17307692307692307	0.11836219739930057
chr6:31668545	wtdmso	wtcsc	6	6	50	57	1.14	1.0
chr6:31668571	wtdmso	wtcsc	2	5	54	55	0.4074074074074074	0.44054694414144424
chr6:31669151	wtdmso	wtcsc	2	2	48	54	1.125	1.0
chr6:31669327	wtdmso	wtcsc	3	2	49	53	1.6224489795918366	0.67276757359327
chr6:31669484	wtdmso	wtcsc	3	4	53	60	0.8490566037735849	1.0
chr6:31669956	wtdmso	wtcsc	3	14	52	52	0.21428571428571427	0.016979075997351215
chr6:31669989	wtdmso	wtcsc	5	9	44	56	0.7070707070707071	0.7742322508314131
chr6:31730632	wtdmso	wtcsc	8	8	74	134	1.8108108108108107	0.2860547805784537
chr6:31730763	wtdmso	wtcsc	31	54	30	37	0.7080246913580247	0.3212455626001583
chr6:31730828	wtdmso	wtcsc	34	61	43	67	0.8684712161646969	0.6659439788571876
chr6:31732250	wtdmso	wtcsc	8	38	69	93	0.2837528604118993	0.0017236080534093917
chr6:31732317	wtdmso	wtcsc	1	3	81	137	0.5637860082304527	1.0
chr6:31732384	wtdmso	wtcsc	12	30	73	110	0.6027397260273972	0.2171660702874924
chr6:31733621	wtdmso	wtcsc	2	7	75	104	0.3961904761904762	0.3127974531242426
chr6:31733648	wtdmso	wtcsc	4	13	71	114	0.49404117009750814	0.2979714147107043
chr6:31733956	wtdmso	wtcsc	1	3	55	79	0.47878787878787876	0.6463867679728191
chr6:31734162	wtdmso	wtcsc	1	9	59	90	0.1694915254237288	0.09098278717273908
chr6:31734234	wtdmso	wtcsc	22	42	47	64	0.713272543059777	0.3373499546531341
chr6:31736288	wtdmso	wtcsc	1	4	65	105	0.40384615384615385	0.6512346220088976
chr6:31736370	wtdmso	wtcsc	1	7	58	86	0.21182266009852216	0.15145505542628956
chr6:31736409	wtdmso	wtcsc	5	7	45	75	1.1904761904761905	0.7647974770942947
chr6:31779426	wtdmso	wtcsc	2	5	9	5	0.2222222222222222	0.1826625386996904
chr6:31797868	wtdmso	wtcsc	3	1	8	11	4.125	0.3167701863354037
chr6:31798496	wtdmso	wtcsc	1	1	9	9	1.0	1.0
chr6:31835091	wtdmso	wtcsc	3	4	9	10	0.8333333333333334	1.0
chr6:31835132	wtdmso	wtcsc	2	4	9	11	0.6111111111111112	1.0
chr6:31835157	wtdmso	wtcsc	5	1	6	14	11.666666666666666	0.05384615384615385
chr6:31837240	wtdmso	wtcsc	2	2	10	15	1.5	1.0
chr6:31837261	wtdmso	wtcsc	1	1	11	14	1.2727272727272727	1.0
chr6:31839591	wtdmso	wtcsc	5	5	5	10	2.0	0.4422196796338672
chr6:31952319	wtdmso	wtcsc	1	1	12	21	1.75	1.0
chr6:31952356	wtdmso	wtcsc	4	5	11	25	1.8181818181818181	0.4539079703422781
chr6:31952364	wtdmso	wtcsc	1	1	13	26	2.0	1.0
chr6:31952388	wtdmso	wtcsc	1	4	13	19	0.36538461538461536	0.6302773361596892
chr6:31953821	wtdmso	wtcsc	3	6	11	22	1.0	1.0
chr6:31954297	wtdmso	wtcsc	1	2	12	25	1.0416666666666667	1.0
chr6:31954309	wtdmso	wtcsc	1	1	12	22	1.8333333333333333	1.0
chr6:31954712	wtdmso	wtcsc	5	3	6	12	3.3333333333333335	0.21830663615560636
chr6:31954730	wtdmso	wtcsc	1	6	9	14	0.25925925925925924	0.3717064544650752
chr6:33275839	wtdmso	wtcsc	1	2	464	542	0.584051724137931	1.0
chr6:33275845	wtdmso	wtcsc	23	35	457	550	0.7908721475461081	0.4183812759970754
chr6:33275867	wtdmso	wtcsc	80	121	421	484	0.7600950118764845	0.0854738565814282
chr6:33276016	wtdmso	wtcsc	11	11	430	516	1.2	0.6725564668465325
chr6:33276028	wtdmso	wtcsc	111	158	332	384	0.8125667225865487	0.1719809877105784
chr6:33276032	wtdmso	wtcsc	2	3	471	577	0.8167020523708421	1.0
chr6:33276194	wtdmso	wtcsc	17	25	468	587	0.8529059829059829	0.6389563964337078
chr6:33276212	wtdmso	wtcsc	5	3	464	560	2.0114942528735633	0.47980116960201247
chr6:33276418	wtdmso	wtcsc	4	1	304	461	6.065789473684211	0.08634029386306266
chr6:33416580	wtdmso	wtcsc	7	4	24	12	0.875	1.0
chr6:33416594	wtdmso	wtcsc	4	3	19	15	1.0526315789473684	1.0
chr6:33416671	wtdmso	wtcsc	7	2	27	21	2.7222222222222223	0.28791034189246706
chr6:33416719	wtdmso	wtcsc	6	3	28	18	1.2857142857142858	1.0
chr6:33416727	wtdmso	wtcsc	2	1	28	18	1.2857142857142858	1.0
chr6:33692797	wtdmso	wtcsc	3	8	7	12	0.6428571428571429	0.7019951562680198
chr6:33695763	wtdmso	wtcsc	3	10	7	25	1.0714285714285714	1.0
chr6:33695824	wtdmso	wtcsc	1	3	10	33	1.1	1.0
chr6:33695840	wtdmso	wtcsc	1	2	9	32	1.7777777777777777	0.5481727574750832
chr6:33695914	wtdmso	wtcsc	2	5	8	16	0.8	1.0
chr6:33695961	wtdmso	wtcsc	2	6	9	14	0.5185185185185185	0.675719460369071
chr6:33695988	wtdmso	wtcsc	4	12	7	27	1.2857142857142858	0.7278057145915471
chr6:33696006	wtdmso	wtcsc	9	20	2	18	4.05	0.16176728204781476
chr6:33696053	wtdmso	wtcsc	2	4	8	34	2.125	0.5909697191348549
chr6:33696075	wtdmso	wtcsc	2	7	10	29	0.8285714285714286	1.0
chr6:33696079	wtdmso	wtcsc	1	3	9	20	0.7407407407407407	1.0
chr6:33696355	wtdmso	wtcsc	4	8	10	22	1.1	1.0
chr6:33696384	wtdmso	wtcsc	2	4	9	24	1.3333333333333333	1.0
chr6:33696521	wtdmso	wtcsc	5	9	6	20	1.8518518518518519	0.4691906152632209
chr6:34236916	wtdmso	wtcsc	2	7	19	36	0.5413533834586466	0.7055878092759051
chr6:34240894	wtdmso	wtcsc	3	17	91	204	0.3956043956043956	0.2051253861104704
chr6:34242743	wtdmso	wtcsc	1	1	127	285	2.2440944881889764	0.5232831526125556
chr6:34242789	wtdmso	wtcsc	2	3	146	310	1.4155251141552512	0.658020861850329
chr6:34243470	wtdmso	wtcsc	1	1	148	327	2.2094594594594597	0.5276148195127106
chr6:34243505	wtdmso	wtcsc	3	14	134	283	0.4525586353944563	0.2894512140965252
chr6:34243514	wtdmso	wtcsc	17	47	74	194	0.9482461184588844	1.0
chr6:34244883	wtdmso	wtcsc	7	21	135	310	0.7654320987654321	0.6728533705114292
chr6:34244932	wtdmso	wtcsc	35	85	98	189	0.7941176470588235	0.35533858321620393
chr6:34244937	wtdmso	wtcsc	9	26	90	181	0.6961538461538461	0.44530396995182886
chr6:34245157	wtdmso	wtcsc	2	8	117	238	0.5085470085470085	0.5088494134643745
chr6:34245223	wtdmso	wtcsc	2	6	155	307	0.6602150537634408	0.7242267137922569
chr6:34245433	wtdmso	wtcsc	6	42	182	350	0.27472527472527475	0.0018932135144682804
chr6:34245504	wtdmso	wtcsc	29	67	110	216	0.849932157394844	0.5394974417397371
chr6:34245842	wtdmso	wtcsc	2	17	203	367	0.21269197334106058	0.026140926165075427
chr6:34245853	wtdmso	wtcsc	37	84	166	325	0.8623780837636259	0.5198628589752348
chr6:34246017	wtdmso	wtcsc	9	25	255	481	0.6790588235294117	0.3617681499452506
chr6:34417459	wtdmso	wtcsc	1	2	87	128	0.735632183908046	1.0
chr6:34417474	wtdmso	wtcsc	5	32	239	344	0.22489539748953974	0.0007569924540790953
chr6:34421761	wtdmso	wtcsc	1	1	344	488	1.4186046511627908	1.0
chr6:34421781	wtdmso	wtcsc	12	40	358	481	0.403072625698324	0.005546676323519288
chr6:34424795	wtdmso	wtcsc	4	7	352	494	0.801948051948052	1.0
chr6:34424810	wtdmso	wtcsc	18	59	335	438	0.3988869213255755	0.000626793630498037
chr6:34425182	wtdmso	wtcsc	37	48	287	401	1.0770180023228804	0.8159012559245882
chr6:34425201	wtdmso	wtcsc	40	55	276	384	1.0118577075098814	1.0
chr6:34426047	wtdmso	wtcsc	16	18	186	238	1.1373954599761051	0.7234765542597539
chr6:34773724	wtdmso	wtcsc	1	1	9	15	1.6666666666666667	1.0
chr6:35468854	wtdmso	wtcsc	10	15	276	358	0.8647342995169082	0.8380861916533677
chr6:35468984	wtdmso	wtcsc	22	41	270	344	0.6836495031616983	0.18318538807490192
chr6:35469002	wtdmso	wtcsc	6	6	277	342	1.2346570397111913	0.7749580609345972
chr6:35469427	wtdmso	wtcsc	5	18	288	346	0.33371913580246915	0.03129401658324267
chr6:35469475	wtdmso	wtcsc	12	11	262	342	1.4240111034004164	0.5214021446610273
chr6:35469494	wtdmso	wtcsc	12	17	302	390	0.9115699259836385	0.8507527115808107
chr6:35469512	wtdmso	wtcsc	51	59	231	321	1.201188641866608	0.39945245017726555
chr6:35470295	wtdmso	wtcsc	10	5	300	386	2.5733333333333333	0.11264672629973249
chr6:35470618	wtdmso	wtcsc	1	2	301	373	0.6196013289036545	1.0
chr6:35470685	wtdmso	wtcsc	15	16	295	351	1.1154661016949152	0.8541925618677951
chr6:36684109	wtdmso	wtcsc	5	8	21	44	1.3095238095238095	0.750552125763915
chr6:36684132	wtdmso	wtcsc	1	6	24	43	0.2986111111111111	0.4113178902819242
chr6:36684177	wtdmso	wtcsc	3	6	15	41	1.3666666666666667	0.6989872482150505
chr6:36684249	wtdmso	wtcsc	6	15	24	37	0.6166666666666667	0.4397009151853756
chr6:36684285	wtdmso	wtcsc	3	8	25	45	0.675	0.739686941218803
chr6:36684413	wtdmso	wtcsc	5	9	40	48	0.6666666666666666	0.5718569871193842
chr6:36684435	wtdmso	wtcsc	11	7	28	44	2.4693877551020407	0.1132793458659231
chr6:36684499	wtdmso	wtcsc	3	1	43	58	4.046511627906977	0.3167067275005596
chr6:36684507	wtdmso	wtcsc	3	9	48	56	0.3888888888888889	0.22353164733818862
chr6:36684533	wtdmso	wtcsc	6	8	38	47	0.9276315789473685	1.0
chr6:36686223	wtdmso	wtcsc	1	8	46	54	0.14673913043478262	0.07481902985330321
chr6:36686308	wtdmso	wtcsc	1	1	62	75	1.2096774193548387	1.0
chr6:36686349	wtdmso	wtcsc	2	2	71	82	1.1549295774647887	1.0
chr6:36686385	wtdmso	wtcsc	5	8	65	78	0.75	0.773671041796189
chr6:36686459	wtdmso	wtcsc	4	2	72	86	2.388888888888889	0.4170821091110742
chr6:36686489	wtdmso	wtcsc	4	11	55	59	0.39008264462809916	0.1680336701234194
chr6:36686699	wtdmso	wtcsc	13	20	54	61	0.7342592592592593	0.5524206589599364
chr6:36686715	wtdmso	wtcsc	6	9	70	85	0.8095238095238095	0.7900010439527607
chr6:36686885	wtdmso	wtcsc	1	1	85	98	1.1529411764705881	1.0
chr6:36687011	wtdmso	wtcsc	3	4	73	90	0.9246575342465754	1.0
chr6:36687125	wtdmso	wtcsc	8	22	68	68	0.36363636363636365	0.025569573398786283
chr6:36687132	wtdmso	wtcsc	9	12	79	88	0.8354430379746836	0.8178241423182273
chr6:36687165	wtdmso	wtcsc	28	44	46	49	0.6778656126482213	0.27112247706997183
chr6:36687223	wtdmso	wtcsc	1	1	80	93	1.1625	1.0
chr6:36687240	wtdmso	wtcsc	4	8	85	88	0.5176470588235295	0.37586998769219443
chr6:36968177	wtdmso	wtcsc	3	8	29	33	0.4267241379310345	0.32752130553349534
chr6:36968693	wtdmso	wtcsc	3	3	30	40	1.3333333333333333	1.0
chr6:36968848	wtdmso	wtcsc	2	4	27	33	0.6111111111111112	0.6875196458750135
chr6:36968884	wtdmso	wtcsc	1	2	28	24	0.42857142857142855	0.597636744806556
chr6:36970414	wtdmso	wtcsc	2	7	26	30	0.32967032967032966	0.2795049185338075
chr6:36978524	wtdmso	wtcsc	1	2	26	30	0.5769230769230769	1.0
chr6:36981638	wtdmso	wtcsc	1	1	19	16	0.8421052631578947	1.0
chr6:41787745	wtdmso	wtcsc	2	1	23	24	2.0869565217391304	1.0
chr6:41789233	wtdmso	wtcsc	3	4	23	21	0.6847826086956522	0.7030017680831198
chr6:41789252	wtdmso	wtcsc	2	6	8	20	0.8333333333333334	1.0
chr6:41789284	wtdmso	wtcsc	2	1	24	26	2.1666666666666665	0.6104328523862375
chr6:41789588	wtdmso	wtcsc	3	10	22	15	0.20454545454545456	0.050671040190493614
chr6:41789623	wtdmso	wtcsc	2	3	21	23	0.7301587301587301	1.0
chr6:43161068	wtdmso	wtcsc	1	1	20	9	0.45	1.0
chr6:43161074	wtdmso	wtcsc	1	4	10	6	0.15	0.1486068111455108
chr6:43161365	wtdmso	wtcsc	2	5	12	7	0.23333333333333334	0.19043478260869565
chr6:43161414	wtdmso	wtcsc	1	1	27	10	0.37037037037037035	0.48987854251012153
chr6:44113815	wtdmso	wtcsc	16	10	6	4	1.0666666666666667	1.0
chr6:44113852	wtdmso	wtcsc	14	14	8	0	0.0	0.013161682915657918
chr6:44113919	wtdmso	wtcsc	2	2	20	13	0.65	1.0
chr6:44113931	wtdmso	wtcsc	2	6	10	8	0.26666666666666666	0.21638443935926774
chr6:44114043	wtdmso	wtcsc	1	1	9	14	1.5555555555555556	1.0
chr6:44114137	wtdmso	wtcsc	3	3	19	9	0.47368421052631576	0.6410227049663022
chr6:44252220	wtdmso	wtcsc	1	2	50	102	1.02	1.0
chr6:44253047	wtdmso	wtcsc	1	3	47	97	0.6879432624113475	1.0
chr6:44253089	wtdmso	wtcsc	2	5	47	92	0.7829787234042553	1.0
chr6:44253107	wtdmso	wtcsc	2	14	17	53	0.44537815126050423	0.5052124084075779
chr6:44253150	wtdmso	wtcsc	1	4	48	90	0.46875	0.6604923093929072
chr6:44253204	wtdmso	wtcsc	8	21	43	72	0.6378737541528239	0.3888246966907685
chr6:44253270	wtdmso	wtcsc	15	20	48	92	1.4375	0.4312326582426758
chr6:44253293	wtdmso	wtcsc	1	2	70	112	0.8	1.0
chr6:44253519	wtdmso	wtcsc	3	10	75	130	0.52	0.38712138941233476
chr6:44253747	wtdmso	wtcsc	2	5	79	137	0.6936708860759494	1.0
chr6:44253784	wtdmso	wtcsc	2	1	58	93	3.206896551724138	0.5606328655864258
chr6:63581243	wtdmso	wtcsc	2	12	11	30	0.45454545454545453	0.47713410520317817
chr6:73517539	wtdmso	wtcsc	10	58	2835	3763	0.2288511828741714	8.589184845558288e-07
chr6:73517566	wtdmso	wtcsc	192	367	2357	2932	0.6507880173730288	3.641368695678742e-06
chr6:73517574	wtdmso	wtcsc	1	5	2892	3815	0.26383125864453666	0.24519655664863726
chr6:73517648	wtdmso	wtcsc	135	241	2387	3167	0.7432114131351182	0.0070556223523518535
chr6:73517679	wtdmso	wtcsc	4	18	3114	4110	0.29329907942624706	0.017974442834382792
chr6:73517708	wtdmso	wtcsc	1820	2688	1274	1404	0.7461734693877551	2.846944805476888e-09
chr6:73517749	wtdmso	wtcsc	1746	2668	1483	1668	0.7360601560312224	8.770248194543525e-11
chr6:73517873	wtdmso	wtcsc	56	109	2720	3563	0.6729897463572585	0.016858272437534905
chr6:73517904	wtdmso	wtcsc	79	89	2545	3401	1.1861945652413854	0.3042204368639214
chr6:73517908	wtdmso	wtcsc	33	54	2602	3434	0.806516354940644	0.3832278518317693
chr6:73518043	wtdmso	wtcsc	23	40	2650	3508	0.7611698113207547	0.3096992675759207
chr6:73518250	wtdmso	wtcsc	184	455	2407	3012	0.5060405319649192	1.915253146326971e-14
chr6:73518387	wtdmso	wtcsc	39	86	2401	3163	0.5974109624865608	0.00789567787022944
chr6:73518399	wtdmso	wtcsc	410	677	2100	2729	0.7870085109376099	0.0005280987726514109
chr6:73518465	wtdmso	wtcsc	148	264	1911	2412	0.7075781361495648	0.0012432523085801526
chr6:73518563	wtdmso	wtcsc	3	4	2358	3185	1.0130407124681935	1.0
chr6:73518577	wtdmso	wtcsc	27	99	2112	2690	0.34736570247933884	2.2402848785759533e-07
chr6:73518741	wtdmso	wtcsc	105	214	1805	2409	0.6548398788412251	0.000511221014247372
chr6:73518771	wtdmso	wtcsc	257	524	1783	2263	0.6224938242005711	5.615495212608565e-09
chr6:73518793	wtdmso	wtcsc	146	166	1992	2738	1.208895824260899	0.1103970742914003
chr6:73518932	wtdmso	wtcsc	5	6	1792	2456	1.1421130952380953	1.0
chr6:73518956	wtdmso	wtcsc	117	179	1758	2452	0.9116632028524034	0.46473651858014475
chr6:73519114	wtdmso	wtcsc	4	9	1887	2504	0.5897662368250604	0.41695118116339036
chr6:73519155	wtdmso	wtcsc	1	10	1614	2188	0.1355638166047088	0.030262865691174923
chr6:73519223	wtdmso	wtcsc	228	440	1552	1946	0.6497305529522024	8.765824872200984e-07
chr6:73519344	wtdmso	wtcsc	17	32	1703	2261	0.7053178214914856	0.30931250756250434
chr6:73519358	wtdmso	wtcsc	34	70	1563	2112	0.6563202632300521	0.055312498049301384
chr6:73519370	wtdmso	wtcsc	46	72	1755	2324	0.8460272238050016	0.39739667076393836
chr6:73519378	wtdmso	wtcsc	283	537	1350	1694	0.6612897441202842	4.0628940839047847e-07
chr6:73519398	wtdmso	wtcsc	111	248	1650	2098	0.5691055718475073	1.429435995521599e-06
chr6:73519416	wtdmso	wtcsc	6	43	1591	2040	0.17891336441904315	3.3461272077246665e-06
chr6:73519474	wtdmso	wtcsc	87	272	1554	1886	0.3881870315693845	5.5507562709081e-15
chr6:73519914	wtdmso	wtcsc	145	133	1436	1983	1.5055134353990827	0.0012706139734460242
chr6:73519984	wtdmso	wtcsc	31	66	1428	1916	0.6302096596214243	0.03707955790382618
chr6:73520010	wtdmso	wtcsc	92	262	1488	1863	0.43963925141590743	1.1702792125548223e-11
chr6:73520044	wtdmso	wtcsc	6	35	1456	1927	0.22688383045525903	0.00017894949617288145
chr6:73521004	wtdmso	wtcsc	279	516	975	1114	0.6177817531305904	2.1387802025009967e-08
chr6:75237815	wtdmso	wtcsc	7	7	51	54	1.0588235294117647	1.0
chr6:75237825	wtdmso	wtcsc	3	12	76	80	0.2631578947368421	0.05474303888221928
chr6:75237877	wtdmso	wtcsc	4	9	65	76	0.5196581196581197	0.3862420032200623
chr6:75237929	wtdmso	wtcsc	8	12	77	87	0.7532467532467533	0.638779078363678
chr6:75237985	wtdmso	wtcsc	1	10	76	77	0.1013157894736842	0.010675500249188391
chr6:7881998	wtdmso	wtcsc	1	2	31	38	0.6129032258064516	1.0
chr6:7882267	wtdmso	wtcsc	2	4	24	20	0.4166666666666667	0.40917643653205965
chr6:7882378	wtdmso	wtcsc	10	11	16	26	1.4772727272727273	0.5889224677891892
chr6:7882493	wtdmso	wtcsc	3	7	22	19	0.37012987012987014	0.29134840477507185
chr6:7882526	wtdmso	wtcsc	1	2	13	24	0.9230769230769231	1.0
chr6:7882816	wtdmso	wtcsc	11	8	12	4	0.4583333333333333	0.47586206896551725
chr6:7882850	wtdmso	wtcsc	4	3	19	8	0.5614035087719298	0.655980092259373
chr6:7882887	wtdmso	wtcsc	1	1	9	11	1.2222222222222223	1.0
chr6:7882935	wtdmso	wtcsc	2	2	20	14	0.7	1.0
chr6:7883034	wtdmso	wtcsc	2	9	9	8	0.19753086419753085	0.11495768406523557
chr6:7883149	wtdmso	wtcsc	4	8	8	9	0.5625	0.7031980250476265
chr6:7883189	wtdmso	wtcsc	3	6	9	11	0.6111111111111112	0.6941529235382309
chr6:7884395	wtdmso	wtcsc	1	1	11	15	1.3636363636363635	1.0
chr6:7884448	wtdmso	wtcsc	1	3	10	13	0.43333333333333335	0.623931623931624
chr6:7889557	wtdmso	wtcsc	3	6	9	9	0.5	0.6828375286041191
chr6:7891637	wtdmso	wtcsc	2	2	10	14	1.4	1.0
chr6:7891647	wtdmso	wtcsc	2	3	10	15	1.0	1.0
chr6:7895181	wtdmso	wtcsc	2	4	10	12	0.6	0.6729840208101078
chr6:7895201	wtdmso	wtcsc	1	4	10	13	0.325	0.6194546194546195
chr6:7904627	wtdmso	wtcsc	1	4	11	11	0.25	0.3418803418803419
chr6:7910600	wtdmso	wtcsc	2	1	9	13	2.888888888888889	0.5647826086956521
chr6:85494697	wtdmso	wtcsc	1	1	9	55	6.111111111111111	0.28205128205128205
chr6:85494794	wtdmso	wtcsc	4	24	6	39	1.0833333333333333	1.0
chr6:85494805	wtdmso	wtcsc	1	6	9	55	1.0185185185185186	1.0
chr6:85494834	wtdmso	wtcsc	3	14	7	54	1.653061224489796	0.6817201819508695
chr6:85494842	wtdmso	wtcsc	1	12	10	52	0.43333333333333335	0.6769538472967878
chr6:85495139	wtdmso	wtcsc	1	5	11	60	1.0909090909090908	1.0
chr6:85495290	wtdmso	wtcsc	1	2	11	63	2.8636363636363638	0.4028708133971292
chr6:85495329	wtdmso	wtcsc	1	3	13	64	1.641025641025641	0.5393030160962651
chr6:85495674	wtdmso	wtcsc	1	5	26	74	0.5692307692307692	1.0
chr6:85495729	wtdmso	wtcsc	2	11	27	73	0.49158249158249157	0.5094845679280793
chr6:85495736	wtdmso	wtcsc	3	11	25	72	0.7854545454545454	1.0
chr6:85677166	wtdmso	wtcsc	7	11	32	57	1.1335227272727273	0.7952713179255347
chr6:85677817	wtdmso	wtcsc	5	27	35	39	0.20634920634920634	0.0021417536419808115
chr6:85677871	wtdmso	wtcsc	6	15	33	50	0.6060606060606061	0.4515776056427081
chr6:85677965	wtdmso	wtcsc	2	6	38	58	0.5087719298245614	0.7075413935972248
chr6:85678010	wtdmso	wtcsc	8	10	30	57	1.52	0.4321013768434755
chr6:89083850	wtdmso	wtcsc	6	24	8	11	0.34375	0.11568408652446195
chr6:89083867	wtdmso	wtcsc	1	9	13	31	0.26495726495726496	0.2634235164751674
chr6:89083984	wtdmso	wtcsc	2	12	11	25	0.3787878787878788	0.30298630988925135
chr6:89084022	wtdmso	wtcsc	3	10	11	29	0.7909090909090909	1.0
chr6:89084190	wtdmso	wtcsc	3	9	9	27	1.0	1.0
chr6:89084246	wtdmso	wtcsc	9	31	2	2	0.2903225806451613	0.2564621991734868
chr6:89084595	wtdmso	wtcsc	2	13	9	25	0.42735042735042733	0.46443254028429415
chr6:89084694	wtdmso	wtcsc	2	6	8	30	1.25	1.0
chr6_GL000250v2_alt:3167706	wtdmso	wtcsc	9	4	15	12	1.8	0.5026986352969472
chr6_GL000250v2_alt:3167747	wtdmso	wtcsc	6	4	17	8	0.7058823529411765	0.7062059186642058
chr6_GL000250v2_alt:3167772	wtdmso	wtcsc	7	1	18	15	5.833333333333333	0.12008640242424126
chr6_GL000250v2_alt:3167802	wtdmso	wtcsc	1	1	11	14	1.2727272727272727	1.0
chr6_GL000250v2_alt:3169856	wtdmso	wtcsc	3	2	23	14	0.9130434782608695	1.0
chr6_GL000250v2_alt:3169998	wtdmso	wtcsc	1	2	24	13	0.2708333333333333	0.5445344129554657
chr6_GL000250v2_alt:3172206	wtdmso	wtcsc	12	5	15	11	1.76	0.522953256344552
chr6_GL000251v2_alt:4687320	wtdmso	wtcsc	1	2	192	247	0.6432291666666666	1.0
chr6_GL000251v2_alt:4687326	wtdmso	wtcsc	6	21	201	235	0.334044065387349	0.016521530066354637
chr6_GL000251v2_alt:4687348	wtdmso	wtcsc	42	47	165	219	1.186073500967118	0.479095909041756
chr6_GL000251v2_alt:4687497	wtdmso	wtcsc	1	4	172	229	0.3328488372093023	0.3991708596201303
chr6_GL000251v2_alt:4687509	wtdmso	wtcsc	44	72	143	170	0.7264957264957265	0.15598519636220073
chr6_GL000251v2_alt:4687675	wtdmso	wtcsc	7	10	189	237	0.8777777777777778	1.0
chr6_GL000251v2_alt:4687693	wtdmso	wtcsc	1	1	183	250	1.366120218579235	1.0
chr6_GL000251v2_alt:4687899	wtdmso	wtcsc	3	1	123	197	4.804878048780488	0.30302229747948284
chr6_GL000252v2_alt:2526782	wtdmso	wtcsc	4	7	32	47	0.8392857142857143	1.0
chr6_GL000252v2_alt:2526800	wtdmso	wtcsc	1	6	37	55	0.24774774774774774	0.24489842466071698
chr6_GL000252v2_alt:2526825	wtdmso	wtcsc	1	1	36	64	1.7777777777777777	1.0
chr6_GL000252v2_alt:2526910	wtdmso	wtcsc	1	4	33	57	0.4318181818181818	0.6515324621099788
chr6_GL000252v2_alt:2526947	wtdmso	wtcsc	9	9	26	53	2.0384615384615383	0.18577395580848588
chr6_GL000252v2_alt:2528108	wtdmso	wtcsc	1	7	18	54	0.42857142857142855	0.672451006690646
chr6_GL000252v2_alt:2528146	wtdmso	wtcsc	4	11	25	46	0.6690909090909091	0.7645891038656873
chr6_GL000252v2_alt:2528158	wtdmso	wtcsc	1	5	30	53	0.35333333333333333	0.6605004688052383
chr6_GL000252v2_alt:2528180	wtdmso	wtcsc	2	6	29	48	0.5517241379310345	0.7046103524936423
chr6_GL000252v2_alt:2528239	wtdmso	wtcsc	1	3	17	50	0.9803921568627451	1.0
chr6_GL000252v2_alt:2528258	wtdmso	wtcsc	3	5	24	49	1.225	1.0
chr6_GL000252v2_alt:2529003	wtdmso	wtcsc	4	4	11	50	4.545454545454546	0.06143490440187182
chr6_GL000252v2_alt:2529027	wtdmso	wtcsc	2	2	9	46	5.111111111111111	0.1544407482763015
chr6_GL000252v2_alt:2529072	wtdmso	wtcsc	1	2	13	46	1.7692307692307692	0.5426758328926494
chr6_GL000252v2_alt:3082870	wtdmso	wtcsc	3	6	8	11	0.6875	1.0
chr6_GL000252v2_alt:3082936	wtdmso	wtcsc	2	6	9	11	0.4074074074074074	0.41880341880341887
chr6_GL000252v2_alt:3082966	wtdmso	wtcsc	1	5	9	10	0.2222222222222222	0.34486166007905134
chr6_GL000252v2_alt:3085018	wtdmso	wtcsc	3	4	9	14	1.1666666666666667	1.0
chr6_GL000252v2_alt:3087369	wtdmso	wtcsc	3	12	7	5	0.17857142857142858	0.056750572082379866
chr6_GL000252v2_alt:4519353	wtdmso	wtcsc	1	1	165	216	1.309090909090909	1.0
chr6_GL000252v2_alt:4519359	wtdmso	wtcsc	6	8	159	217	1.0235849056603774	1.0
chr6_GL000252v2_alt:4519381	wtdmso	wtcsc	39	42	136	189	1.2904411764705883	0.318063400823939
chr6_GL000252v2_alt:4519530	wtdmso	wtcsc	3	3	155	193	1.2451612903225806	1.0
chr6_GL000252v2_alt:4519542	wtdmso	wtcsc	38	64	112	139	0.7368861607142857	0.235262813587636
chr6_GL000252v2_alt:4519708	wtdmso	wtcsc	5	12	161	209	0.5408902691511387	0.32001086656696087
chr6_GL000252v2_alt:4519932	wtdmso	wtcsc	1	5	108	172	0.31851851851851853	0.41278552978413025
chr6_GL000255v2_alt:3090931	wtdmso	wtcsc	2	7	11	15	0.38961038961038963	0.43110645815612114
chr6_GL000255v2_alt:3090972	wtdmso	wtcsc	2	5	9	13	0.5777777777777777	0.676507899896206
chr6_GL000255v2_alt:3091027	wtdmso	wtcsc	2	7	12	14	0.3333333333333333	0.2620692629362392
chr6_GL000255v2_alt:3093077	wtdmso	wtcsc	2	3	23	19	0.5507246376811594	0.6536368134586837
chr6_GL000255v2_alt:3093098	wtdmso	wtcsc	1	1	13	21	1.6153846153846154	1.0
chr6_GL000255v2_alt:3093219	wtdmso	wtcsc	1	1	20	17	0.85	1.0
chr6_GL000255v2_alt:3095427	wtdmso	wtcsc	12	9	12	12	1.3333333333333333	0.7666904494218891
chr6_GL000255v2_alt:4470265	wtdmso	wtcsc	4	17	201	218	0.25519461515949665	0.012193015309880376
chr6_GL000255v2_alt:4470287	wtdmso	wtcsc	49	45	161	204	1.3797101449275362	0.16620034692347854
chr6_GL000255v2_alt:4470436	wtdmso	wtcsc	2	5	196	214	0.43673469387755104	0.45337337262885474
chr6_GL000255v2_alt:4470448	wtdmso	wtcsc	51	59	134	164	1.0579306855552746	0.8233019413162784
chr6_GL000255v2_alt:4470452	wtdmso	wtcsc	1	2	201	234	0.582089552238806	1.0
chr6_GL000255v2_alt:4470614	wtdmso	wtcsc	8	11	195	237	0.8839160839160839	0.8191930195991652
chr6_GL000255v2_alt:4470838	wtdmso	wtcsc	4	2	133	185	2.781954887218045	0.2458773041180281
chr7:1000473	wtdmso	wtcsc	2	4	9	11	0.6111111111111112	1.0
chr7:1000479	wtdmso	wtcsc	2	3	15	17	0.7555555555555555	1.0
chr7:1000530	wtdmso	wtcsc	6	10	14	12	0.5142857142857142	0.3544761560714245
chr7:100089029	wtdmso	wtcsc	6	3	23	15	1.3043478260869565	1.0
chr7:100089318	wtdmso	wtcsc	1	4	34	19	0.13970588235294118	0.07498151509040803
chr7:100089665	wtdmso	wtcsc	9	8	28	12	0.48214285714285715	0.24005893918211468
chr7:100089713	wtdmso	wtcsc	1	1	32	21	0.65625	1.0
chr7:100090467	wtdmso	wtcsc	1	1	31	20	0.6451612903225806	1.0
chr7:100090631	wtdmso	wtcsc	2	3	33	19	0.3838383838383838	0.3638052153444409
chr7:100090639	wtdmso	wtcsc	4	3	30	18	0.8	1.0
chr7:100091061	wtdmso	wtcsc	2	3	31	12	0.25806451612903225	0.3069688559975332
chr7:100091143	wtdmso	wtcsc	9	10	31	15	0.43548387096774194	0.16554409017119515
chr7:100091244	wtdmso	wtcsc	9	4	29	19	1.4741379310344827	0.749391121104604
chr7:100091505	wtdmso	wtcsc	1	2	36	21	0.2916666666666667	0.5523670368205726
chr7:100091712	wtdmso	wtcsc	8	7	32	29	1.0357142857142858	1.0
chr7:100091724	wtdmso	wtcsc	6	11	35	26	0.4051948051948052	0.16888868077300084
chr7:100091813	wtdmso	wtcsc	7	6	25	16	0.7466666666666667	0.7500497333816274
chr7:100095779	wtdmso	wtcsc	1	1	9	12	1.3333333333333333	1.0
chr7:100673868	wtdmso	wtcsc	1	5	55	72	0.26181818181818184	0.4003186920482322
chr7:100676311	wtdmso	wtcsc	2	14	72	74	0.14682539682539683	0.00664999069273498
chr7:100676556	wtdmso	wtcsc	4	6	73	86	0.7853881278538812	0.7566292984866427
chr7:100676567	wtdmso	wtcsc	2	2	61	86	1.4098360655737705	1.0
chr7:100676708	wtdmso	wtcsc	3	8	73	82	0.4212328767123288	0.22964503690511723
chr7:100676734	wtdmso	wtcsc	6	1	67	85	7.611940298507463	0.048541479517993605
chr7:100676743	wtdmso	wtcsc	3	12	79	86	0.2721518987341772	0.05584323849457398
chr7:100676788	wtdmso	wtcsc	6	6	64	84	1.3125	0.7651499213630684
chr7:100677395	wtdmso	wtcsc	1	3	66	86	0.43434343434343436	0.635267705096927
chr7:100677558	wtdmso	wtcsc	21	37	63	71	0.6396396396396397	0.20524442821288405
chr7:100677582	wtdmso	wtcsc	10	8	62	74	1.4919354838709677	0.460353343059566
chr7:100677781	wtdmso	wtcsc	2	4	76	96	0.631578947368421	0.6967848830259729
chr7:100678108	wtdmso	wtcsc	1	3	66	79	0.398989898989899	0.6276505766911473
chr7:100678116	wtdmso	wtcsc	1	1	88	111	1.2613636363636365	1.0
chr7:100678497	wtdmso	wtcsc	1	4	83	97	0.2921686746987952	0.37889257205009175
chr7:100678775	wtdmso	wtcsc	14	37	86	87	0.38277812696417346	0.006182205674844
chr7:100678796	wtdmso	wtcsc	24	28	79	93	1.0090415913200723	1.0
chr7:100679102	wtdmso	wtcsc	14	13	87	121	1.497789566755084	0.40906154001838857
chr7:1009961	wtdmso	wtcsc	2	2	16	19	1.1875	1.0
chr7:1009972	wtdmso	wtcsc	6	7	10	9	0.7714285714285715	1.0
chr7:101127210	wtdmso	wtcsc	15	14	95	54	0.6090225563909775	0.29613355676622233
chr7:101127237	wtdmso	wtcsc	13	11	86	43	0.5909090909090909	0.25271581658550135
chr7:101128502	wtdmso	wtcsc	6	6	105	58	0.5523809523809524	0.35959359951485403
chr7:101128547	wtdmso	wtcsc	9	6	95	58	0.9157894736842105	1.0
chr7:101130591	wtdmso	wtcsc	16	11	119	68	0.8311688311688312	0.6740233542280151
chr7:101130630	wtdmso	wtcsc	13	8	112	72	1.0446428571428572	1.0
chr7:101130641	wtdmso	wtcsc	4	1	139	88	2.5323741007194243	0.651567992475509
chr7:101131910	wtdmso	wtcsc	8	6	121	75	0.8264462809917356	0.780265124801337
chr7:101131918	wtdmso	wtcsc	1	3	156	86	0.18376068376068377	0.13614222741238605
chr7:101133737	wtdmso	wtcsc	34	22	149	86	0.8920073215375229	0.7588871852957413
chr7:101133754	wtdmso	wtcsc	17	15	132	77	0.6611111111111111	0.32940544486837064
chr7:101133861	wtdmso	wtcsc	15	9	181	98	0.9023941068139963	0.82631823011004
chr7:101135506	wtdmso	wtcsc	8	7	177	104	0.6715092816787732	0.5851994452172805
chr7:101135537	wtdmso	wtcsc	2	5	215	118	0.21953488372093025	0.10347904688997847
chr7:101135548	wtdmso	wtcsc	2	2	212	123	0.5801886792452831	0.6275965760546199
chr7:101135562	wtdmso	wtcsc	5	2	199	118	1.4824120603015076	1.0
chr7:101135576	wtdmso	wtcsc	12	9	201	112	0.7429519071310116	0.6397541056431743
chr7:101137045	wtdmso	wtcsc	6	4	206	122	0.8883495145631068	1.0
chr7:101137049	wtdmso	wtcsc	3	3	196	110	0.5612244897959183	0.6713723954713064
chr7:101137406	wtdmso	wtcsc	13	14	220	115	0.48538961038961037	0.09304543632127578
chr7:101137435	wtdmso	wtcsc	4	6	231	113	0.32611832611832614	0.09209691722855481
chr7:101137441	wtdmso	wtcsc	4	4	241	136	0.5643153526970954	0.4690526116607088
chr7:101137469	wtdmso	wtcsc	10	8	180	100	0.6944444444444444	0.4584362666722535
chr7:101137474	wtdmso	wtcsc	7	5	235	128	0.7625531914893617	0.7607531211998264
chr7:101137530	wtdmso	wtcsc	119	83	130	54	0.595551436515292	0.01907788708909299
chr7:101137552	wtdmso	wtcsc	38	25	202	112	0.8427722772277227	0.567669677068388
chr7:101137598	wtdmso	wtcsc	10	2	234	133	2.841880341880342	0.22579039900875944
chr7:101137619	wtdmso	wtcsc	52	26	179	100	1.1173184357541899	0.7888216519902411
chr7:101137632	wtdmso	wtcsc	11	5	250	134	1.1792	1.0
chr7:101137653	wtdmso	wtcsc	1	2	251	136	0.27091633466135456	0.28649600737163344
chr7:101137720	wtdmso	wtcsc	16	9	230	125	0.966183574879227	1.0
chr7:101137772	wtdmso	wtcsc	1	1	229	129	0.5633187772925764	1.0
chr7:101137806	wtdmso	wtcsc	79	51	186	89	0.7411975542905335	0.18105301402270874
chr7:101137845	wtdmso	wtcsc	28	15	231	127	1.0262626262626262	1.0
chr7:101137911	wtdmso	wtcsc	2	2	288	162	0.5625	0.6223207402302443
chr7:101137935	wtdmso	wtcsc	2	1	276	157	1.1376811594202898	1.0
chr7:101138100	wtdmso	wtcsc	13	18	292	159	0.3932648401826484	0.019286910865452214
chr7:101138270	wtdmso	wtcsc	49	48	247	128	0.5290148448043185	0.006643972292094698
chr7:101138297	wtdmso	wtcsc	5	11	118	78	0.300462249614792	0.033644444626603376
chr7:101138358	wtdmso	wtcsc	6	4	28	23	1.2321428571428572	1.0
chr7:101138378	wtdmso	wtcsc	1	3	10	22	0.7333333333333333	1.0
chr7:101138527	wtdmso	wtcsc	1	3	48	38	0.2638888888888889	0.3269760761430657
chr7:101138539	wtdmso	wtcsc	4	2	27	28	2.074074074074074	0.6713268305523463
chr7:101138598	wtdmso	wtcsc	6	3	24	14	1.1666666666666667	1.0
chr7:101138608	wtdmso	wtcsc	3	2	45	38	1.2666666666666666	1.0
chr7:101138613	wtdmso	wtcsc	10	3	55	45	2.727272727272727	0.15076936860173606
chr7:101138634	wtdmso	wtcsc	3	7	62	44	0.30414746543778803	0.10299266125922599
chr7:101138653	wtdmso	wtcsc	7	9	63	45	0.5555555555555556	0.29285474522466426
chr7:101138698	wtdmso	wtcsc	3	4	63	42	0.5	0.4426876697854584
chr7:101138882	wtdmso	wtcsc	1	2	89	59	0.33146067415730335	0.5656606960309347
chr7:101138969	wtdmso	wtcsc	1	1	79	57	0.7215189873417721	1.0
chr7:101206152	wtdmso	wtcsc	4	5	7	7	0.8	1.0
chr7:101206785	wtdmso	wtcsc	1	1	9	11	1.2222222222222223	1.0
chr7:101206887	wtdmso	wtcsc	1	1	9	13	1.4444444444444444	1.0
chr7:101208918	wtdmso	wtcsc	1	2	9	11	0.6111111111111112	1.0
chr7:101222708	wtdmso	wtcsc	1	3	25	32	0.4266666666666667	0.6294468770060648
chr7:101222721	wtdmso	wtcsc	3	1	25	36	4.32	0.30682382133995034
chr7:101223673	wtdmso	wtcsc	2	7	26	31	0.34065934065934067	0.2820095846614846
chr7:101223697	wtdmso	wtcsc	1	4	25	36	0.36	0.6407042778010519
chr7:101223719	wtdmso	wtcsc	1	1	25	38	1.52	1.0
chr7:101223825	wtdmso	wtcsc	3	4	22	34	1.1590909090909092	1.0
chr7:101223949	wtdmso	wtcsc	9	14	17	27	1.0210084033613445	1.0
chr7:101224013	wtdmso	wtcsc	2	6	19	32	0.5614035087719298	0.6989440944757817
chr7:101224086	wtdmso	wtcsc	5	8	22	29	0.8238636363636364	1.0
chr7:101224129	wtdmso	wtcsc	5	14	19	26	0.48872180451127817	0.2704211733435863
chr7:101239850	wtdmso	wtcsc	5	2	6	12	5.0	0.1774599542334096
chr7:101239898	wtdmso	wtcsc	2	4	8	9	0.5625	0.660019614253024
chr7:101240175	wtdmso	wtcsc	2	5	9	12	0.5333333333333333	0.6683389074693424
chr7:101240842	wtdmso	wtcsc	2	2	9	14	1.5555555555555556	1.0
chr7:101244966	wtdmso	wtcsc	1	1	10	17	1.7	1.0
chr7:1028276	wtdmso	wtcsc	1	3	12	8	0.2222222222222222	0.3002070393374741
chr7:107923889	wtdmso	wtcsc	3	7	7	3	0.1836734693877551	0.1788954079975752
chr7:107923893	wtdmso	wtcsc	1	3	9	9	0.3333333333333333	0.593984962406015
chr7:107924271	wtdmso	wtcsc	1	1	9	11	1.2222222222222223	1.0
chr7:10933466	wtdmso	wtcsc	12	19	33	33	0.631578947368421	0.38348946630252334
chr7:10938113	wtdmso	wtcsc	3	2	57	73	1.9210526315789473	0.6552663556135552
chr7:10938117	wtdmso	wtcsc	2	2	63	77	1.2222222222222223	1.0
chr7:10938141	wtdmso	wtcsc	1	2	52	72	0.6923076923076923	1.0
chr7:10938868	wtdmso	wtcsc	12	29	49	47	0.3969035890218156	0.02418050501555393
chr7:10940058	wtdmso	wtcsc	1	3	61	73	0.3989071038251366	0.6273721590614455
chr7:10940071	wtdmso	wtcsc	1	1	55	67	1.2181818181818183	1.0
chr7:127589105	wtdmso	wtcsc	1	1	42	36	0.8571428571428571	1.0
chr7:127589514	wtdmso	wtcsc	13	11	34	30	1.0427807486631016	1.0
chr7:127589550	wtdmso	wtcsc	4	1	43	40	3.7209302325581395	0.3664509618092334
chr7:127589586	wtdmso	wtcsc	4	7	40	33	0.4714285714285714	0.33695352033006454
chr7:127590124	wtdmso	wtcsc	7	6	41	37	1.0528455284552845	1.0
chr7:127591017	wtdmso	wtcsc	1	1	45	41	0.9111111111111111	1.0
chr7:127591049	wtdmso	wtcsc	11	7	38	37	1.5300751879699248	0.44637304853594856
chr7:127591053	wtdmso	wtcsc	2	3	37	35	0.6306306306306306	0.6748265433196938
chr7:127591267	wtdmso	wtcsc	9	9	34	33	0.9705882352941176	1.0
chr7:127591367	wtdmso	wtcsc	7	13	41	33	0.4333958724202627	0.1331936285282179
chr7:127591515	wtdmso	wtcsc	2	2	43	19	0.4418604651162791	0.5865384615384615
chr7:128091996	wtdmso	wtcsc	5	6	32	46	1.1979166666666667	1.0
chr7:128092014	wtdmso	wtcsc	2	4	37	49	0.6621621621621622	1.0
chr7:128092224	wtdmso	wtcsc	1	2	41	51	0.6219512195121951	1.0
chr7:128092367	wtdmso	wtcsc	6	4	34	55	2.426470588235294	0.3078882884752357
chr7:128092438	wtdmso	wtcsc	6	6	34	42	1.2352941176470589	0.7640937174066882
chr7:128862947	wtdmso	wtcsc	2	2	24	20	0.8333333333333334	1.0
chr7:128862955	wtdmso	wtcsc	4	7	23	18	0.4472049689440994	0.3169647869043709
chr7:128862995	wtdmso	wtcsc	4	4	23	23	1.0	1.0
chr7:128865525	wtdmso	wtcsc	5	8	22	19	0.5397727272727273	0.5255884695891
chr7:128865581	wtdmso	wtcsc	7	11	22	20	0.5785123966942148	0.4051212672692087
chr7:128865748	wtdmso	wtcsc	6	8	25	36	1.08	1.0
chr7:128865760	wtdmso	wtcsc	4	5	21	17	0.6476190476190476	0.7147864867298619
chr7:134442410	wtdmso	wtcsc	9	25	27	33	0.44	0.08312625430813879
chr7:134442420	wtdmso	wtcsc	3	10	38	47	0.37105263157894736	0.22699739923488366
chr7:134442477	wtdmso	wtcsc	2	5	32	47	0.5875	0.6985003099307169
chr7:134442625	wtdmso	wtcsc	8	6	11	26	3.1515151515151514	0.10559189710883775
chr7:134442697	wtdmso	wtcsc	1	7	24	52	0.30952380952380953	0.425809234974888
chr7:134445261	wtdmso	wtcsc	10	25	17	41	0.9647058823529412	1.0
chr7:134445286	wtdmso	wtcsc	3	9	34	56	0.5490196078431373	0.5286262411264926
chr7:134445305	wtdmso	wtcsc	20	46	14	19	0.5900621118012422	0.26579246634038556
chr7:134445312	wtdmso	wtcsc	1	5	34	61	0.3588235294117647	0.6616311115647648
chr7:134447304	wtdmso	wtcsc	1	6	33	59	0.29797979797979796	0.4165925891719869
chr7:134447326	wtdmso	wtcsc	7	13	16	41	1.3798076923076923	0.5797414097426906
chr7:134447352	wtdmso	wtcsc	5	7	34	56	1.1764705882352942	1.0
chr7:134447990	wtdmso	wtcsc	2	2	32	62	1.9375	0.6078443531509186
chr7:134448046	wtdmso	wtcsc	1	4	22	56	0.6363636363636364	1.0
chr7:134448423	wtdmso	wtcsc	1	5	30	52	0.3466666666666667	0.4183702118251771
chr7:134449744	wtdmso	wtcsc	5	21	18	38	0.5026455026455027	0.29490649490604953
chr7:134450819	wtdmso	wtcsc	1	2	21	50	1.1904761904761905	1.0
chr7:134450850	wtdmso	wtcsc	3	2	29	53	2.7413793103448274	0.3524651529774526
chr7:134451734	wtdmso	wtcsc	7	9	24	43	1.3935185185185186	0.576229344726545
chr7:135674405	wtdmso	wtcsc	2	3	8	8	0.6666666666666666	1.0
chr7:140696756	wtdmso	wtcsc	2	4	13	26	1.0	1.0
chr7:140702955	wtdmso	wtcsc	3	8	11	25	0.8522727272727273	1.0
chr7:140702993	wtdmso	wtcsc	1	2	15	30	1.0	1.0
chr7:140704929	wtdmso	wtcsc	1	2	15	30	1.0	1.0
chr7:140704942	wtdmso	wtcsc	1	1	16	34	2.125	1.0
chr7:143382653	wtdmso	wtcsc	1	1	13	45	3.4615384615384617	0.41525423728813565
chr7:143382658	wtdmso	wtcsc	1	3	26	45	0.5769230769230769	1.0
chr7:143383022	wtdmso	wtcsc	2	7	33	48	0.4155844155844156	0.47343855949600755
chr7:143383106	wtdmso	wtcsc	2	14	37	44	0.16988416988416988	0.013482489688232718
chr7:143383311	wtdmso	wtcsc	2	3	38	62	1.087719298245614	1.0
chr7:143388248	wtdmso	wtcsc	6	7	34	54	1.361344537815126	0.7625623229530261
chr7:143388281	wtdmso	wtcsc	3	7	36	56	0.6666666666666666	0.7376356262647153
chr7:143388489	wtdmso	wtcsc	9	10	32	64	1.8	0.29683757623196777
chr7:143389948	wtdmso	wtcsc	11	22	34	63	0.9264705882352942	1.0
chr7:143390578	wtdmso	wtcsc	4	9	45	77	0.7604938271604939	0.7687481424052874
chr7:143390688	wtdmso	wtcsc	7	14	47	75	0.7978723404255319	0.8085105155714482
chr7:143390727	wtdmso	wtcsc	7	7	40	56	1.4	0.5760207195869025
chr7:143390742	wtdmso	wtcsc	1	3	55	87	0.5272727272727272	1.0
chr7:143390824	wtdmso	wtcsc	4	13	52	79	0.46745562130177515	0.28833420061148474
chr7:143390831	wtdmso	wtcsc	6	12	50	90	0.9	1.0
chr7:143391038	wtdmso	wtcsc	2	4	43	71	0.8255813953488372	1.0
chr7:149003616	wtdmso	wtcsc	10	26	6	12	0.7692307692307693	0.7559744771180938
chr7:149003810	wtdmso	wtcsc	1	6	13	33	0.4230769230769231	0.660095756488063
chr7:149003832	wtdmso	wtcsc	3	6	11	28	1.2727272727272727	1.0
chr7:149003893	wtdmso	wtcsc	7	12	18	25	0.8101851851851852	0.7840447896394793
chr7:149004124	wtdmso	wtcsc	1	2	9	31	1.7222222222222223	0.5578964427518028
chr7:151081098	wtdmso	wtcsc	7	7	45	76	1.6888888888888889	0.39263105290968203
chr7:151081117	wtdmso	wtcsc	1	12	58	78	0.11206896551724138	0.01579849776955187
chr7:151081201	wtdmso	wtcsc	6	5	40	65	1.95	0.3401867577664021
chr7:151081223	wtdmso	wtcsc	11	17	43	63	0.948016415868673	1.0
chr7:151081337	wtdmso	wtcsc	4	4	53	68	1.2830188679245282	0.7314099614892924
chr7:151081396	wtdmso	wtcsc	19	46	18	23	0.5277777777777778	0.14567848712273762
chr7:151081405	wtdmso	wtcsc	28	44	36	51	0.9015151515151515	0.8710474283799202
chr7:151081507	wtdmso	wtcsc	34	50	20	23	0.782	0.5715642438539901
chr7:151081619	wtdmso	wtcsc	3	4	48	66	1.03125	1.0
chr7:151081826	wtdmso	wtcsc	1	6	56	80	0.23809523809523808	0.24334935552282194
chr7:151081878	wtdmso	wtcsc	9	19	42	53	0.5977443609022557	0.2829779650979614
chr7:151081898	wtdmso	wtcsc	3	5	41	59	0.8634146341463415	1.0
chr7:151082273	wtdmso	wtcsc	9	17	38	47	0.6547987616099071	0.49678935930112345
chr7:151082338	wtdmso	wtcsc	1	2	46	58	0.6304347826086957	1.0
chr7:151082352	wtdmso	wtcsc	1	2	47	60	0.6382978723404256	1.0
chr7:151082427	wtdmso	wtcsc	8	15	42	44	0.5587301587301587	0.2496320743281378
chr7:151082450	wtdmso	wtcsc	4	12	38	40	0.3508771929824561	0.10212849206856438
chr7:151082529	wtdmso	wtcsc	3	4	37	45	0.9121621621621622	1.0
chr7:151082559	wtdmso	wtcsc	1	2	39	51	0.6538461538461539	1.0
chr7:22813023	wtdmso	wtcsc	2	3	12	18	1.0	1.0
chr7:22813087	wtdmso	wtcsc	5	8	41	46	0.7012195121951219	0.7667029076381322
chr7:22818013	wtdmso	wtcsc	2	1	50	63	2.52	0.5863962755464374
chr7:2379414	wtdmso	wtcsc	1	4	9	23	0.6388888888888888	1.0
chr7:2380328	wtdmso	wtcsc	2	11	8	19	0.4318181818181818	0.4506955147497443
chr7:2380368	wtdmso	wtcsc	4	13	6	16	0.8205128205128205	1.0
chr7:2380486	wtdmso	wtcsc	1	8	9	22	0.3055555555555556	0.4043860916925932
chr7:2380598	wtdmso	wtcsc	1	15	9	14	0.1037037037037037	0.02791423124989489
chr7:2380713	wtdmso	wtcsc	2	11	10	18	0.32727272727272727	0.2756326218895001
chr7:25122955	wtdmso	wtcsc	2	11	10	15	0.2727272727272727	0.15781997973855455
chr7:25122963	wtdmso	wtcsc	2	3	19	27	0.9473684210526315	1.0
chr7:25123045	wtdmso	wtcsc	2	2	18	27	1.5	1.0
chr7:25123307	wtdmso	wtcsc	1	1	22	25	1.1363636363636365	1.0
chr7:25123360	wtdmso	wtcsc	1	2	25	27	0.54	1.0
chr7:25123551	wtdmso	wtcsc	6	6	18	17	0.9444444444444444	1.0
chr7:25123594	wtdmso	wtcsc	1	4	14	18	0.32142857142857145	0.6290408055113937
chr7:25123654	wtdmso	wtcsc	4	5	22	18	0.6545454545454545	0.7164787156459959
chr7:25123737	wtdmso	wtcsc	1	2	25	36	0.72	1.0
chr7:25124034	wtdmso	wtcsc	1	1	11	31	2.8181818181818183	0.47568710359408034
chr7:260558	wtdmso	wtcsc	2	9	8	31	0.8611111111111112	1.0
chr7:260566	wtdmso	wtcsc	1	1	9	42	4.666666666666667	0.3447024673439767
chr7:260614	wtdmso	wtcsc	5	25	5	9	0.36	0.2471492001300641
chr7:30598812	wtdmso	wtcsc	4	3	16	20	1.6666666666666667	0.6867345988162779
chr7:30601076	wtdmso	wtcsc	1	2	20	23	0.575	1.0
chr7:30609591	wtdmso	wtcsc	1	4	21	34	0.40476190476190477	0.6431911163062536
chr7:30609607	wtdmso	wtcsc	2	3	9	25	1.8518518518518519	0.6088193456614508
chr7:30609684	wtdmso	wtcsc	1	1	21	39	1.8571428571428572	1.0
chr7:30615945	wtdmso	wtcsc	3	2	18	27	2.25	0.6378353376503239
chr7:30616054	wtdmso	wtcsc	14	19	14	27	1.4210526315789473	0.48131922956848094
chr7:30617246	wtdmso	wtcsc	3	9	20	17	0.2833333333333333	0.10402600716370594
chr7:30622342	wtdmso	wtcsc	1	5	26	47	0.36153846153846153	0.6581394549415869
chr7:30626249	wtdmso	wtcsc	5	6	32	55	1.4322916666666667	0.7428396959717125
chr7:30628587	wtdmso	wtcsc	4	9	35	57	0.7238095238095238	0.7631455393071296
chr7:30628629	wtdmso	wtcsc	23	33	14	31	1.5432900432900434	0.40617589857127445
chr7:30628659	wtdmso	wtcsc	7	10	29	58	1.4	0.5827947206220219
chr7:30628666	wtdmso	wtcsc	2	5	34	66	0.7764705882352941	1.0
chr7:30632257	wtdmso	wtcsc	5	16	31	42	0.42338709677419356	0.1361492968312405
chr7:30632323	wtdmso	wtcsc	14	26	25	34	0.7323076923076923	0.5322446730851715
chr7:30632360	wtdmso	wtcsc	7	10	30	63	1.47	0.5780716991579857
chr7:30632366	wtdmso	wtcsc	4	6	28	62	1.4761904761904763	0.7222209241296316
chr7:30632375	wtdmso	wtcsc	5	16	35	48	0.42857142857142855	0.14010726613655825
chr7:30632405	wtdmso	wtcsc	8	13	26	50	1.183431952662722	0.7985803563515002
chr7:30632411	wtdmso	wtcsc	5	13	29	60	0.7957559681697612	0.7869272199792878
chr7:30633762	wtdmso	wtcsc	4	12	29	57	0.6551724137931034	0.5732301021276992
chr7:30633830	wtdmso	wtcsc	13	22	23	47	1.2075098814229248	0.6691057360830336
chr7:30633845	wtdmso	wtcsc	1	4	36	57	0.3958333333333333	0.6470470468465842
chr7:30633862	wtdmso	wtcsc	4	17	31	49	0.3719165085388994	0.12332204016187032
chr7:30633940	wtdmso	wtcsc	1	1	40	63	1.575	1.0
chr7:30633964	wtdmso	wtcsc	13	20	25	38	0.988	1.0
chr7:43866569	wtdmso	wtcsc	1	1	14	12	0.8571428571428571	1.0
chr7:43866605	wtdmso	wtcsc	7	13	12	18	0.8076923076923077	0.773682372085119
chr7:43866696	wtdmso	wtcsc	2	2	19	28	1.4736842105263157	1.0
chr7:43866963	wtdmso	wtcsc	3	8	19	24	0.47368421052631576	0.49348671283247014
chr7:43869028	wtdmso	wtcsc	2	1	28	35	2.5	0.5869755244755245
chr7:43869039	wtdmso	wtcsc	2	5	18	27	0.6	0.6935789899821025
chr7:43869072	wtdmso	wtcsc	5	8	24	28	0.7291666666666666	0.7585227939019803
chr7:44796707	wtdmso	wtcsc	1	1	250	353	1.412	1.0
chr7:44799256	wtdmso	wtcsc	6	19	135	209	0.4888888888888889	0.14209744547264797
chr7:44799708	wtdmso	wtcsc	8	11	284	410	1.0499359795134442	1.0
chr7:44799771	wtdmso	wtcsc	19	67	272	340	0.35447761194029853	6.229245654062074e-05
chr7:44799823	wtdmso	wtcsc	8	23	266	380	0.4968944099378882	0.09509400196459294
chr7:44799866	wtdmso	wtcsc	2	6	222	329	0.493993993993994	0.48549210071581184
chr7:44801377	wtdmso	wtcsc	4	1	304	421	5.5394736842105265	0.16809435508145903
chr7:44801402	wtdmso	wtcsc	68	146	245	290	0.5512999720436119	0.0004233773355739902
chr7:44801409	wtdmso	wtcsc	17	30	235	321	0.7740425531914894	0.4452328143806066
chr7:44801427	wtdmso	wtcsc	18	47	295	403	0.5231878831590335	0.02475954022044495
chr7:44801616	wtdmso	wtcsc	8	18	262	370	0.6276505513146734	0.3149052792685306
chr7:48090205	wtdmso	wtcsc	14	50	68	152	0.6258823529411764	0.2096117882072623
chr7:48090263	wtdmso	wtcsc	3	10	89	217	0.7314606741573034	0.7636385848069387
chr7:48090280	wtdmso	wtcsc	10	35	80	188	0.6714285714285714	0.3741454643163644
chr7:48090293	wtdmso	wtcsc	12	28	78	186	1.021978021978022	1.0
chr7:48099698	wtdmso	wtcsc	1	1	17	27	1.588235294117647	1.0
chr7:48106977	wtdmso	wtcsc	5	14	81	196	0.8641975308641975	1.0
chr7:48107052	wtdmso	wtcsc	5	23	85	198	0.5063938618925832	0.19769436867498552
chr7:48107070	wtdmso	wtcsc	12	31	81	204	0.974910394265233	1.0
chr7:48107405	wtdmso	wtcsc	1	13	89	190	0.16421780466724287	0.0714558298494978
chr7:48108244	wtdmso	wtcsc	17	46	69	160	0.856962822936358	0.7551316822276499
chr7:48108259	wtdmso	wtcsc	2	7	86	183	0.6079734219269103	0.7238801137437825
chr7:48108341	wtdmso	wtcsc	1	1	66	188	2.8484848484848486	0.4556985294117647
chr7:48108392	wtdmso	wtcsc	35	107	45	81	0.5887850467289719	0.06094128144556653
chr7:54752368	wtdmso	wtcsc	8	5	28	57	3.257142857142857	0.064243603860185
chr7:54757538	wtdmso	wtcsc	1	3	32	58	0.6041666666666666	1.0
chr7:55207317	wtdmso	wtcsc	1	1	9	9	1.0	1.0
chr7:5527180	wtdmso	wtcsc	13	20	629	582	0.6014308426073132	0.1625216570374609
chr7:5527187	wtdmso	wtcsc	113	166	563	443	0.5356309786214128	5.302055835195874e-06
chr7:5527532	wtdmso	wtcsc	315	347	391	307	0.7127589790458221	0.001974290541502512
chr7:5527583	wtdmso	wtcsc	31	43	692	623	0.6490455706412153	0.07415022905480415
chr7:5527601	wtdmso	wtcsc	80	114	625	525	0.5894736842105263	0.000810612016831979
chr7:5527616	wtdmso	wtcsc	34	54	570	481	0.5313190383365822	0.005351171638990806
chr7:5527700	wtdmso	wtcsc	32	37	622	533	0.741114104458156	0.263628543636609
chr7:5527705	wtdmso	wtcsc	5	4	564	490	1.0859929078014185	1.0
chr7:5527710	wtdmso	wtcsc	12	16	561	500	0.6684491978609626	0.34010639866200243
chr7:5527736	wtdmso	wtcsc	86	115	577	446	0.5780423479767915	0.0004762197224206605
chr7:5527742	wtdmso	wtcsc	192	229	322	215	0.5598199028994548	1.187510810707049e-05
chr7:5528112	wtdmso	wtcsc	3	4	556	486	0.6555755395683454	0.711429079699478
chr7:5528124	wtdmso	wtcsc	11	17	511	451	0.5710832278116726	0.1796235029340823
chr7:5528158	wtdmso	wtcsc	3	6	554	498	0.44945848375451264	0.322212532852369
chr7:5528417	wtdmso	wtcsc	26	34	511	431	0.6449867618280188	0.10994570056110026
chr7:5528450	wtdmso	wtcsc	13	17	516	441	0.6535567715458276	0.2696778273176657
chr7:5528522	wtdmso	wtcsc	17	25	473	410	0.5894291754756871	0.11374205880260319
chr7:5528526	wtdmso	wtcsc	66	129	457	323	0.3616100961783115	7.069489959702198e-10
chr7:5528531	wtdmso	wtcsc	22	16	482	423	1.2066908713692945	0.6212468786203147
chr7:5528546	wtdmso	wtcsc	16	28	470	402	0.4887537993920973	0.02937854614761319
chr7:5528621	wtdmso	wtcsc	204	204	284	218	0.7676056338028169	0.052633513672793265
chr7:5528706	wtdmso	wtcsc	8	14	452	387	0.4892541087231353	0.12992847753816855
chr7:5529165	wtdmso	wtcsc	37	61	357	294	0.49951783992285437	0.0016506108756599012
chr7:5529191	wtdmso	wtcsc	10	24	464	383	0.34392959770114945	0.004498604424653887
chr7:5529207	wtdmso	wtcsc	24	33	455	366	0.5850149850149851	0.054853752129515355
chr7:5592856	wtdmso	wtcsc	5	8	51	62	0.7598039215686274	0.7720340685481372
chr7:5592884	wtdmso	wtcsc	6	16	50	52	0.39	0.09691440724368725
chr7:5593170	wtdmso	wtcsc	2	9	62	71	0.25448028673835127	0.11197939756588304
chr7:5593285	wtdmso	wtcsc	1	9	68	74	0.12091503267973856	0.022492633307142303
chr7:5593432	wtdmso	wtcsc	3	8	66	65	0.3693181818181818	0.21003140574019208
chr7:5593483	wtdmso	wtcsc	7	20	53	58	0.38301886792452833	0.05142477771686298
chr7:5603300	wtdmso	wtcsc	3	11	85	76	0.24385026737967913	0.027817384760702838
chr7:5603515	wtdmso	wtcsc	2	1	81	93	2.2962962962962963	0.600712084525644
chr7:5603530	wtdmso	wtcsc	4	13	74	81	0.3367983367983368	0.07305086155754939
chr7:5603571	wtdmso	wtcsc	3	4	88	90	0.7670454545454546	1.0
chr7:5603610	wtdmso	wtcsc	5	11	75	83	0.503030303030303	0.29415846168373805
chr7:5603865	wtdmso	wtcsc	3	10	78	78	0.3	0.08345130530171663
chr7:5605304	wtdmso	wtcsc	5	19	100	99	0.26052631578947366	0.008407735647726403
chr7:5605340	wtdmso	wtcsc	22	29	81	77	0.7211579395487442	0.3372863177909877
chr7:5605448	wtdmso	wtcsc	3	7	104	108	0.44505494505494503	0.33573281236391916
chr7:5605590	wtdmso	wtcsc	8	17	102	98	0.45213379469434833	0.09028396477173954
chr7:5605637	wtdmso	wtcsc	56	61	47	37	0.7227066620160446	0.31669387065749327
chr7:5605770	wtdmso	wtcsc	2	6	111	120	0.36036036036036034	0.28666179655264884
chr7:5605851	wtdmso	wtcsc	24	30	104	109	0.8384615384615385	0.6478392990623498
chr7:5605994	wtdmso	wtcsc	14	20	110	124	0.7890909090909091	0.5835480779205976
chr7:5606202	wtdmso	wtcsc	19	44	98	89	0.39216141001855287	0.0022459207565623807
chr7:5606219	wtdmso	wtcsc	3	11	114	127	0.3038277511961722	0.09506466131872662
chr7:5606585	wtdmso	wtcsc	6	12	131	158	0.6030534351145038	0.46446477662300534
chr7:5606614	wtdmso	wtcsc	21	32	116	129	0.7297952586206896	0.36243016322589905
chr7:5606637	wtdmso	wtcsc	25	29	70	66	0.812807881773399	0.6296570054620562
chr7:56101635	wtdmso	wtcsc	5	1	117	216	9.23076923076923	0.024314254634974816
chr7:56101665	wtdmso	wtcsc	28	58	97	137	0.6818343405616779	0.15735538521377024
chr7:56101807	wtdmso	wtcsc	15	9	128	220	2.8645833333333335	0.01630871688194683
chr7:56102922	wtdmso	wtcsc	1	6	127	213	0.2795275590551181	0.2675101641501322
chr7:56102931	wtdmso	wtcsc	14	15	125	205	1.5306666666666666	0.32102120903397535
chr7:56102954	wtdmso	wtcsc	1	3	129	207	0.5348837209302325	1.0
chr7:56102998	wtdmso	wtcsc	2	7	125	207	0.47314285714285714	0.4929657831444889
chr7:56104238	wtdmso	wtcsc	3	10	101	162	0.48118811881188117	0.3822550210727889
chr7:6401921	wtdmso	wtcsc	3	4	30	36	0.9	1.0
chr7:6401926	wtdmso	wtcsc	2	1	32	39	2.4375	0.5908922621251389
chr7:6401981	wtdmso	wtcsc	3	7	31	35	0.4838709677419355	0.49715180078489085
chr7:6402483	wtdmso	wtcsc	2	4	26	30	0.5769230769230769	0.6811104125922481
chr7:6402609	wtdmso	wtcsc	4	3	23	33	1.9130434782608696	0.4494171967413037
chr7:6402658	wtdmso	wtcsc	2	2	24	29	1.2083333333333333	1.0
chr7:6403393	wtdmso	wtcsc	2	3	27	21	0.5185185185185185	0.6485663060579818
chr7:6403428	wtdmso	wtcsc	11	6	20	9	0.825	1.0
chr7:6403631	wtdmso	wtcsc	4	7	25	22	0.5028571428571429	0.5044979262807406
chr7:6403678	wtdmso	wtcsc	5	3	26	12	0.7692307692307693	1.0
chr7:6403774	wtdmso	wtcsc	1	2	33	32	0.48484848484848486	1.0
chr7:6403809	wtdmso	wtcsc	1	1	33	28	0.8484848484848485	1.0
chr7:6403835	wtdmso	wtcsc	2	7	30	25	0.23809523809523808	0.14771647094953277
chr7:6403944	wtdmso	wtcsc	8	8	21	19	0.9047619047619048	1.0
chr7:6461199	wtdmso	wtcsc	4	6	6	4	0.4444444444444444	0.6562817986966593
chr7:6461234	wtdmso	wtcsc	2	2	8	9	1.125	1.0
chr7:6461616	wtdmso	wtcsc	1	1	10	10	1.0	1.0
chr7:6461629	wtdmso	wtcsc	1	1	10	10	1.0	1.0
chr7:6461990	wtdmso	wtcsc	3	11	14	25	0.487012987012987	0.5060177783328077
chr7:6462315	wtdmso	wtcsc	3	8	9	15	0.625	0.7091438594775635
chr7:6462434	wtdmso	wtcsc	4	9	7	19	1.2063492063492063	1.0
chr7:6462792	wtdmso	wtcsc	4	12	36	59	0.5462962962962963	0.4059404498896627
chr7:6462907	wtdmso	wtcsc	4	3	34	73	2.8627450980392157	0.21941773011432836
chr7:6463038	wtdmso	wtcsc	3	3	51	98	1.9215686274509804	0.4204983190726228
chr7:6463043	wtdmso	wtcsc	5	24	40	68	0.3541666666666667	0.04768720929594184
chr7:6463096	wtdmso	wtcsc	12	21	32	60	1.0714285714285714	1.0
chr7:6463130	wtdmso	wtcsc	1	1	32	79	2.46875	0.5006321112515801
chr7:6466096	wtdmso	wtcsc	2	9	46	78	0.37681159420289856	0.3268711375568194
chr7:6466238	wtdmso	wtcsc	1	9	47	79	0.1867612293144208	0.09790644414554431
chr7:6484031	wtdmso	wtcsc	1	2	32	60	0.9375	1.0
chr7:6484038	wtdmso	wtcsc	3	8	26	48	0.6923076923076923	0.7418224269333227
chr7:6484052	wtdmso	wtcsc	7	9	35	61	1.3555555555555556	0.587892730497474
chr7:74196407	wtdmso	wtcsc	1	1	11	12	1.0909090909090908	1.0
chr7:74196428	wtdmso	wtcsc	2	2	21	10	0.47619047619047616	0.5941176470588235
chr7:74196464	wtdmso	wtcsc	1	1	12	10	0.8333333333333334	1.0
chr7:74196473	wtdmso	wtcsc	1	3	12	8	0.2222222222222222	0.3002070393374741
chr7:74196772	wtdmso	wtcsc	4	8	19	17	0.4473684210526316	0.3242576470210702
chr7:74196954	wtdmso	wtcsc	1	3	24	24	0.3333333333333333	0.6110444177671068
chr7:74196974	wtdmso	wtcsc	1	3	24	34	0.4722222222222222	0.6418359938692647
chr7:76054830	wtdmso	wtcsc	1	4	51	67	0.3284313725490196	0.3950794337912218
chr7:76054899	wtdmso	wtcsc	4	12	33	35	0.35353535353535354	0.10188588634268719
chr7:76054922	wtdmso	wtcsc	6	10	47	60	0.7659574468085106	0.7882070539861188
chr7:76057419	wtdmso	wtcsc	2	3	49	61	0.8299319727891157	1.0
chr7:76057425	wtdmso	wtcsc	20	31	37	35	0.6102877070619006	0.20283703825718968
chr7:76057436	wtdmso	wtcsc	11	21	40	48	0.6285714285714286	0.3039209113171336
chr7:76057973	wtdmso	wtcsc	1	3	66	86	0.43434343434343436	0.635267705096927
chr7:76058021	wtdmso	wtcsc	1	4	61	75	0.3073770491803279	0.3845366682734163
chr7:76064354	wtdmso	wtcsc	2	6	50	72	0.48	0.4749811450606073
chr7:76064366	wtdmso	wtcsc	7	7	61	85	1.3934426229508197	0.5818954389145929
chr7:76066297	wtdmso	wtcsc	5	6	67	92	1.144278606965174	1.0
chr7:76066481	wtdmso	wtcsc	3	2	67	90	2.014925373134328	0.6528607064193402
chr7:76066522	wtdmso	wtcsc	1	2	68	90	0.6617647058823529	1.0
chr7:76302715	wtdmso	wtcsc	1	2	188	55	0.14627659574468085	0.1350088536014166
chr7:76302761	wtdmso	wtcsc	11	6	185	56	0.554954954954955	0.2527935931605445
chr7:76303048	wtdmso	wtcsc	1	1	153	49	0.3202614379084967	0.43103448275862066
chr7:76304000	wtdmso	wtcsc	16	5	152	48	1.0105263157894737	1.0
chr7:76304158	wtdmso	wtcsc	12	7	169	48	0.48689771766694845	0.1603910174338169
chr7:76326890	wtdmso	wtcsc	4	4	24	20	0.8333333333333334	1.0
chr7:76326962	wtdmso	wtcsc	7	6	26	26	1.1666666666666667	1.0
chr7:76327136	wtdmso	wtcsc	1	3	24	26	0.3611111111111111	0.6148628779039433
chr7:76505581	wtdmso	wtcsc	2	1	13	9	1.3846153846153846	1.0
chr7:88209354	wtdmso	wtcsc	2	2	23	28	1.2173913043478262	1.0
chr7:88210024	wtdmso	wtcsc	1	5	23	27	0.23478260869565218	0.2227991517669653
chr7:88210088	wtdmso	wtcsc	1	2	14	30	1.0714285714285714	1.0
chr7:88210910	wtdmso	wtcsc	2	2	24	29	1.2083333333333333	1.0
chr7:93886112	wtdmso	wtcsc	1	6	10	128	2.1333333333333333	0.4313724810919351
chr7:93886276	wtdmso	wtcsc	1	21	9	114	0.6031746031746031	1.0
chr7:93886433	wtdmso	wtcsc	2	29	25	177	0.4882758620689655	0.5460393018135676
chr7:93886446	wtdmso	wtcsc	13	40	26	203	2.5375	0.024777754324187936
chr7:93886489	wtdmso	wtcsc	1	7	31	241	1.1105990783410138	1.0
chr7:93886505	wtdmso	wtcsc	10	73	32	213	0.9118150684931506	1.0
chr7:93886554	wtdmso	wtcsc	7	62	49	217	0.5	0.10702098011343118
chr7:93886594	wtdmso	wtcsc	15	75	73	344	0.9424657534246575	1.0
chr7:93886654	wtdmso	wtcsc	11	59	85	392	0.8598205383848455	0.7391327909933576
chr7:93886745	wtdmso	wtcsc	2	10	93	422	0.9075268817204301	1.0
chr7:93887301	wtdmso	wtcsc	7	27	92	430	1.211755233494364	0.6452406879074367
chr7:93887347	wtdmso	wtcsc	8	19	87	420	2.0326678765880217	0.11836394262846842
chr7:93887377	wtdmso	wtcsc	13	76	80	347	0.7419407894736842	0.44844875848143406
chr7:93887396	wtdmso	wtcsc	11	62	76	336	0.7843803056027164	0.6195123271331544
chr7:93889084	wtdmso	wtcsc	10	64	73	354	0.7577054794520548	0.5023222277979377
chr7:93889133	wtdmso	wtcsc	3	12	79	357	1.129746835443038	0.7420483919019222
chr7:93890673	wtdmso	wtcsc	4	6	50	275	3.6666666666666665	0.0599374177100619
chr7:96694815	wtdmso	wtcsc	2	1	8	11	2.75	0.5714285714285713
chr7:97852163	wtdmso	wtcsc	1	1	27	59	2.185185185185185	0.5376175548589341
chr7:97852205	wtdmso	wtcsc	3	17	24	29	0.21323529411764705	0.028033023083046102
chr7:97852287	wtdmso	wtcsc	1	1	25	49	1.96	1.0
chr7:97852307	wtdmso	wtcsc	1	5	17	57	0.6705882352941176	1.0
chr7:97852352	wtdmso	wtcsc	1	4	22	43	0.48863636363636365	1.0
chr7:97853065	wtdmso	wtcsc	7	12	8	37	2.6979166666666665	0.11712643242253973
chr7:97853112	wtdmso	wtcsc	1	3	12	34	0.9444444444444444	1.0
chr7:97853379	wtdmso	wtcsc	7	21	9	29	1.0740740740740742	1.0
chr7:97854595	wtdmso	wtcsc	5	14	11	36	1.1688311688311688	1.0
chr7:97854629	wtdmso	wtcsc	3	1	11	33	9.0	0.0687480727721246
chr7:97855382	wtdmso	wtcsc	5	11	10	26	1.1818181818181819	1.0
chr7:97855425	wtdmso	wtcsc	2	1	8	15	3.75	0.5384615384615385
chr7:98281799	wtdmso	wtcsc	1	2	76	66	0.4342105263157895	0.6001768346595933
chr7:98282394	wtdmso	wtcsc	3	4	63	55	0.6547619047619048	0.7061738106206542
chr7:98291127	wtdmso	wtcsc	10	5	73	69	1.8904109589041096	0.2903411276124284
chr7:98291248	wtdmso	wtcsc	6	7	71	61	0.7364185110663984	0.7722574254608588
chr7:98291333	wtdmso	wtcsc	34	43	45	35	0.6149870801033591	0.15189174832133867
chr7:98291356	wtdmso	wtcsc	14	15	57	52	0.8514619883040936	0.8348007616606915
chr7:98293505	wtdmso	wtcsc	3	6	7	15	1.0714285714285714	1.0
chr7:98304343	wtdmso	wtcsc	3	2	7	9	1.9285714285714286	0.6351172047766475
chr7:99385769	wtdmso	wtcsc	4	6	10	21	1.4	0.7116732756315932
chr7:99386785	wtdmso	wtcsc	3	2	11	28	3.8181818181818183	0.3065152374568143
chr7:99389957	wtdmso	wtcsc	3	7	11	8	0.3116883116883117	0.2450774612693653
chr7:99389999	wtdmso	wtcsc	3	6	14	23	0.8214285714285714	1.0
chr7:99390970	wtdmso	wtcsc	5	4	12	30	3.125	0.13977693841988317
chr7:99391220	wtdmso	wtcsc	1	7	17	29	0.24369747899159663	0.2446777630238089
chr7:99392797	wtdmso	wtcsc	4	2	16	35	4.375	0.16986108892762317
chr7:99392851	wtdmso	wtcsc	1	8	35	45	0.16071428571428573	0.07793919068406976
chr7:99392866	wtdmso	wtcsc	6	8	30	38	0.95	1.0
chr7:99394472	wtdmso	wtcsc	1	5	21	41	0.3904761904761905	0.6555999696089688
chr7:99394630	wtdmso	wtcsc	4	5	26	35	1.0769230769230769	1.0
chr7:99394740	wtdmso	wtcsc	12	26	8	17	0.9807692307692307	1.0
chr7:99417506	wtdmso	wtcsc	1	6	11	20	0.30303030303030304	0.3953783504867096
chr7:99458266	wtdmso	wtcsc	1	2	10	15	0.75	1.0
chr7:99458320	wtdmso	wtcsc	1	4	10	12	0.3	0.6184813576117923
chr7:99460158	wtdmso	wtcsc	1	1	11	14	1.2727272727272727	1.0
chr7:997229	wtdmso	wtcsc	1	1	20	20	1.0	1.0
chr7:997329	wtdmso	wtcsc	2	3	31	20	0.43010752688172044	0.39224088280692054
chr7:997347	wtdmso	wtcsc	6	8	16	14	0.65625	0.7469875049513861
chr7:997406	wtdmso	wtcsc	6	6	16	17	1.0625	1.0
chr8:100702979	wtdmso	wtcsc	22	50	190	254	0.5882105263157895	0.05345338166451741
chr8:100703102	wtdmso	wtcsc	1	5	168	250	0.2976190476190476	0.4092464854076206
chr8:100703147	wtdmso	wtcsc	8	17	194	275	0.667070952092177	0.40874519912437957
chr8:100703192	wtdmso	wtcsc	3	8	203	282	0.520935960591133	0.3753818389352726
chr8:100703226	wtdmso	wtcsc	11	14	185	269	1.1424710424710425	0.8352623938052024
chr8:100703233	wtdmso	wtcsc	5	6	186	260	1.1648745519713262	1.0
chr8:100703294	wtdmso	wtcsc	2	11	177	237	0.24345146379044685	0.08288693539908507
chr8:100703347	wtdmso	wtcsc	7	4	172	242	2.4622093023255816	0.21482427291410888
chr8:100704967	wtdmso	wtcsc	12	26	156	211	0.6242603550295858	0.2276548556818711
chr8:100705639	wtdmso	wtcsc	6	22	148	190	0.3501228501228501	0.02720281016231415
chr8:100705646	wtdmso	wtcsc	13	20	143	201	0.9136363636363637	0.8551814194819949
chr8:100706787	wtdmso	wtcsc	1	1	125	165	1.32	1.0
chr8:100706932	wtdmso	wtcsc	1	1	117	160	1.3675213675213675	1.0
chr8:100709139	wtdmso	wtcsc	2	4	113	141	0.6238938053097345	0.6964909987869714
chr8:100709156	wtdmso	wtcsc	31	46	88	107	0.8194169960474308	0.4995062138422226
chr8:100709215	wtdmso	wtcsc	12	30	109	123	0.45137614678899085	0.028929939712036112
chr8:100712684	wtdmso	wtcsc	6	12	81	95	0.5864197530864198	0.3320686258877285
chr8:100712702	wtdmso	wtcsc	23	50	88	86	0.4495454545454545	0.007570790996744856
chr8:100715558	wtdmso	wtcsc	7	16	32	66	0.90234375	1.0
chr8:100718153	wtdmso	wtcsc	2	7	19	62	0.9323308270676691	1.0
chr8:100718264	wtdmso	wtcsc	1	7	26	62	0.34065934065934067	0.4347732372968929
chr8:100721410	wtdmso	wtcsc	6	23	26	53	0.5317725752508361	0.24494436515545273
chr8:100721533	wtdmso	wtcsc	1	3	11	55	1.6666666666666667	0.5372752605260145
chr8:100721578	wtdmso	wtcsc	3	6	15	61	2.033333333333333	0.39169477690755283
chr8:100721806	wtdmso	wtcsc	1	6	23	57	0.41304347826086957	0.6680055457384829
chr8:100722031	wtdmso	wtcsc	4	17	14	35	0.5882352941176471	0.5537971577744213
chr8:100918865	wtdmso	wtcsc	1	1	46	71	1.5434782608695652	1.0
chr8:100919332	wtdmso	wtcsc	1	8	44	55	0.15625	0.07696494360314317
chr8:100919526	wtdmso	wtcsc	5	4	32	37	1.4453125	0.7285987406381
chr8:100919563	wtdmso	wtcsc	1	1	34	32	0.9411764705882353	1.0
chr8:100919699	wtdmso	wtcsc	4	6	31	31	0.6666666666666666	0.7361003991301678
chr8:100919746	wtdmso	wtcsc	3	6	35	31	0.44285714285714284	0.30907633313772387
chr8:100919770	wtdmso	wtcsc	5	5	33	36	1.0909090909090908	1.0
chr8:100919819	wtdmso	wtcsc	2	1	41	45	2.1951219512195124	0.6081064421823819
chr8:100920008	wtdmso	wtcsc	1	2	39	38	0.48717948717948717	1.0
chr8:100920137	wtdmso	wtcsc	1	4	34	31	0.22794117647058823	0.3564784771793209
chr8:100920175	wtdmso	wtcsc	2	5	28	28	0.4	0.42947114939335
chr8:100920358	wtdmso	wtcsc	1	1	25	25	1.0	1.0
chr8:100920384	wtdmso	wtcsc	1	4	26	22	0.21153846153846154	0.1917144216177037
chr8:100924168	wtdmso	wtcsc	3	1	19	10	1.5789473684210527	1.0
chr8:100924923	wtdmso	wtcsc	1	1	10	20	2.0	1.0
chr8:100948801	wtdmso	wtcsc	2	2	11	10	0.9090909090909091	1.0
chr8:101199163	wtdmso	wtcsc	5	4	6	6	1.25	1.0
chr8:108201915	wtdmso	wtcsc	2	3	8	26	2.1666666666666665	0.5874822190611665
chr8:116644970	wtdmso	wtcsc	6	16	23	38	0.6195652173913043	0.4427788300608335
chr8:116645078	wtdmso	wtcsc	8	13	21	38	1.1135531135531136	1.0
chr8:116646522	wtdmso	wtcsc	1	1	28	53	1.8928571428571428	1.0
chr8:116646552	wtdmso	wtcsc	11	13	14	34	2.0549450549450547	0.19437359649640767
chr8:116655911	wtdmso	wtcsc	3	6	24	43	0.8958333333333334	1.0
chr8:116657255	wtdmso	wtcsc	1	9	25	44	0.19555555555555557	0.15261641120265435
chr8:116657263	wtdmso	wtcsc	8	11	19	42	1.6076555023923444	0.4133088633447889
chr8:116657302	wtdmso	wtcsc	2	6	20	42	0.7	1.0
chr8:116658865	wtdmso	wtcsc	2	4	24	45	0.9375	1.0
chr8:116726026	wtdmso	wtcsc	3	1	24	48	6.0	0.1253921549523568
chr8:116726126	wtdmso	wtcsc	5	18	21	31	0.41005291005291006	0.18767780411837834
chr8:11808794	wtdmso	wtcsc	5	6	15	10	0.5555555555555556	0.48337659127425536
chr8:11821862	wtdmso	wtcsc	3	13	7	7	0.23076923076923078	0.1216391804097951
chr8:11826168	wtdmso	wtcsc	2	2	20	19	0.95	1.0
chr8:11830323	wtdmso	wtcsc	15	10	9	22	3.6666666666666665	0.029953688763450215
chr8:11838558	wtdmso	wtcsc	3	4	26	35	1.0096153846153846	1.0
chr8:11838583	wtdmso	wtcsc	2	3	28	36	0.8571428571428571	1.0
chr8:11838594	wtdmso	wtcsc	8	4	17	14	1.6470588235294117	0.7314867989853809
chr8:11838602	wtdmso	wtcsc	7	10	24	25	0.7291666666666666	0.778610714164505
chr8:11838769	wtdmso	wtcsc	2	3	8	15	1.25	1.0
chr8:11844450	wtdmso	wtcsc	7	10	111	155	0.9774774774774775	1.0
chr8:11844525	wtdmso	wtcsc	4	12	114	160	0.4678362573099415	0.29481909374708826
chr8:11844535	wtdmso	wtcsc	24	34	98	138	0.9939975990396158	1.0
chr8:11844811	wtdmso	wtcsc	2	2	99	145	1.4646464646464648	1.0
chr8:11844853	wtdmso	wtcsc	31	58	65	79	0.6496021220159152	0.13328561887291568
chr8:11844939	wtdmso	wtcsc	15	17	89	124	1.2293456708526107	0.7017815608477637
chr8:11844980	wtdmso	wtcsc	2	3	100	132	0.88	1.0
chr8:11844997	wtdmso	wtcsc	2	10	90	114	0.25333333333333335	0.07517962841763717
chr8:11845018	wtdmso	wtcsc	74	95	24	43	1.3956140350877193	0.30598239505727676
chr8:11845032	wtdmso	wtcsc	1	5	80	110	0.275	0.40366620302817413
chr8:11845199	wtdmso	wtcsc	14	15	58	87	1.4	0.417195832594321
chr8:11845665	wtdmso	wtcsc	9	11	81	102	1.0303030303030303	1.0
chr8:11845674	wtdmso	wtcsc	14	31	63	80	0.5734767025089605	0.1641304039946501
chr8:11845680	wtdmso	wtcsc	13	20	67	87	0.8440298507462687	0.7025130068888235
chr8:11847071	wtdmso	wtcsc	6	10	61	57	0.5606557377049181	0.4250364783706313
chr8:11847131	wtdmso	wtcsc	2	6	86	100	0.3875968992248062	0.29608735227093247
chr8:11847689	wtdmso	wtcsc	16	27	50	67	0.794074074074074	0.5893401359705115
chr8:11847814	wtdmso	wtcsc	4	1	60	83	5.533333333333333	0.1662201374057775
chr8:11848119	wtdmso	wtcsc	20	35	47	47	0.5714285714285714	0.1258618351382971
chr8:11849081	wtdmso	wtcsc	12	13	71	86	1.1180931744312026	0.831363402936097
chr8:11849135	wtdmso	wtcsc	2	3	75	89	0.7911111111111111	1.0
chr8:11850928	wtdmso	wtcsc	3	5	59	72	0.7322033898305085	0.7318346718988337
chr8:11850962	wtdmso	wtcsc	3	10	62	58	0.2806451612903226	0.07756644852735622
chr8:123209496	wtdmso	wtcsc	5	3	14	14	1.6666666666666667	0.6951494927023293
chr8:123209550	wtdmso	wtcsc	2	1	14	16	2.2857142857142856	0.6011730205278594
chr8:123209565	wtdmso	wtcsc	2	3	17	13	0.5098039215686274	0.6418098031001257
chr8:123209739	wtdmso	wtcsc	2	4	14	25	0.8928571428571429	1.0
chr8:123209885	wtdmso	wtcsc	3	3	19	28	1.4736842105263157	0.6833966532912148
chr8:124539216	wtdmso	wtcsc	2	9	17	30	0.39215686274509803	0.30972275702733926
chr8:124543235	wtdmso	wtcsc	2	12	19	29	0.2543859649122807	0.11138452370303589
chr8:124547085	wtdmso	wtcsc	1	1	18	42	2.3333333333333335	0.5224748810153358
chr8:124549802	wtdmso	wtcsc	2	4	20	41	1.025	1.0
chr8:124549941	wtdmso	wtcsc	3	15	17	19	0.2235294117647059	0.03796566275677567
chr8:133237181	wtdmso	wtcsc	2	8	70	103	0.3678571428571429	0.31970957134379696
chr8:133237257	wtdmso	wtcsc	4	2	150	195	2.6	0.41074860281996173
chr8:133237352	wtdmso	wtcsc	10	23	147	178	0.5264714581484767	0.1398402359488286
chr8:133237409	wtdmso	wtcsc	6	5	142	192	1.6225352112676057	0.5396163664198099
chr8:133237426	wtdmso	wtcsc	20	22	133	173	1.1825017088174983	0.6227850065457412
chr8:133237628	wtdmso	wtcsc	6	18	105	125	0.3968253968253968	0.05526105833852566
chr8:133237688	wtdmso	wtcsc	33	47	107	135	0.8858620003976934	0.6971167850006232
chr8:133237719	wtdmso	wtcsc	29	44	110	143	0.8568181818181818	0.5934995396346586
chr8:133237746	wtdmso	wtcsc	6	15	114	147	0.5157894736842106	0.2513529374519626
chr8:133237755	wtdmso	wtcsc	17	23	113	148	0.9680646402462486	1.0
chr8:133237768	wtdmso	wtcsc	45	78	89	106	0.6871218668971478	0.12973067156991241
chr8:133238313	wtdmso	wtcsc	2	6	112	137	0.40773809523809523	0.30668680660307845
chr8:133238372	wtdmso	wtcsc	1	1	106	139	1.3113207547169812	1.0
chr8:133238393	wtdmso	wtcsc	5	6	91	133	1.2179487179487178	0.7623112837348955
chr8:133238462	wtdmso	wtcsc	16	17	86	124	1.3570451436388509	0.45125314085889434
chr8:133238587	wtdmso	wtcsc	4	11	88	114	0.47107438016528924	0.28071743609364974
chr8:133238594	wtdmso	wtcsc	7	12	75	96	0.7466666666666667	0.6312804846781409
chr8:133238680	wtdmso	wtcsc	4	5	79	110	1.1139240506329113	1.0
chr8:133238732	wtdmso	wtcsc	3	6	66	92	0.696969696969697	0.7374150473912146
chr8:133238781	wtdmso	wtcsc	2	2	75	108	1.44	1.0
chr8:133238850	wtdmso	wtcsc	47	74	24	29	0.767454954954955	0.5030842219909615
chr8:133238914	wtdmso	wtcsc	4	5	75	107	1.1413333333333333	1.0
chr8:133238944	wtdmso	wtcsc	5	17	70	93	0.3907563025210084	0.1038459552046272
chr8:133239101	wtdmso	wtcsc	2	2	65	93	1.4307692307692308	1.0
chr8:133244382	wtdmso	wtcsc	12	18	36	59	1.0925925925925926	0.8330256874672909
chr8:133246640	wtdmso	wtcsc	7	8	53	66	1.0896226415094339	1.0
chr8:133247899	wtdmso	wtcsc	2	2	64	69	1.078125	1.0
chr8:133248733	wtdmso	wtcsc	6	6	55	61	1.1090909090909091	1.0
chr8:133250478	wtdmso	wtcsc	12	15	51	62	0.9725490196078431	1.0
chr8:133250484	wtdmso	wtcsc	1	1	60	76	1.2666666666666666	1.0
chr8:133256792	wtdmso	wtcsc	4	15	50	56	0.2986666666666667	0.04414162717480606
chr8:133256816	wtdmso	wtcsc	10	18	43	52	0.6718346253229974	0.3948653462353676
chr8:133258376	wtdmso	wtcsc	6	5	55	77	1.68	0.5289915906817431
chr8:133258400	wtdmso	wtcsc	4	20	57	52	0.1824561403508772	0.0014632687583026503
chr8:133262130	wtdmso	wtcsc	1	4	45	50	0.2777777777777778	0.37048371363540733
chr8:133264548	wtdmso	wtcsc	7	10	44	55	0.875	1.0
chr8:133264560	wtdmso	wtcsc	2	3	40	51	0.85	1.0
chr8:133264600	wtdmso	wtcsc	4	7	47	61	0.7416413373860182	0.7561264372336676
chr8:133284285	wtdmso	wtcsc	1	1	51	69	1.3529411764705883	1.0
chr8:133284312	wtdmso	wtcsc	4	2	44	63	2.8636363636363638	0.3987122995810176
chr8:143579738	wtdmso	wtcsc	9	8	24	49	2.296875	0.163350702865596
chr8:143580048	wtdmso	wtcsc	1	1	45	102	2.2666666666666666	0.5235806276074733
chr8:143580052	wtdmso	wtcsc	3	5	42	109	1.5571428571428572	0.6883258374901462
chr8:143580189	wtdmso	wtcsc	3	8	43	94	0.8197674418604651	1.0
chr8:143580629	wtdmso	wtcsc	1	9	44	101	0.255050505050505	0.28269842542712953
chr8:143580644	wtdmso	wtcsc	4	6	54	127	1.5679012345679013	0.49493813843529166
chr8:143581245	wtdmso	wtcsc	3	7	52	121	0.9972527472527473	1.0
chr8:143581290	wtdmso	wtcsc	2	7	52	99	0.5439560439560439	0.7190340764038772
chr8:143586240	wtdmso	wtcsc	4	20	48	99	0.4125	0.15195193621550412
chr8:143586261	wtdmso	wtcsc	1	8	46	102	0.27717391304347827	0.2806394760683696
chr8:143724189	wtdmso	wtcsc	10	5	16	8	1.0	1.0
chr8:143724258	wtdmso	wtcsc	1	1	26	12	0.46153846153846156	1.0
chr8:143991205	wtdmso	wtcsc	1	3	11	40	1.2121212121212122	1.0
chr8:143991213	wtdmso	wtcsc	1	15	23	33	0.09565217391304348	0.013946111422056661
chr8:143991567	wtdmso	wtcsc	1	7	12	34	0.40476190476190477	0.6629218688679807
chr8:143991748	wtdmso	wtcsc	1	3	23	45	0.6521739130434783	1.0
chr8:143991979	wtdmso	wtcsc	2	5	26	52	0.8	1.0
chr8:143992040	wtdmso	wtcsc	2	10	24	41	0.3416666666666667	0.3184817108245551
chr8:143992064	wtdmso	wtcsc	5	10	22	52	1.1818181818181819	0.766261894679738
chr8:143992253	wtdmso	wtcsc	2	1	25	51	4.08	0.26779549564359695
chr8:143992555	wtdmso	wtcsc	2	8	22	43	0.48863636363636365	0.48645029593365285
chr8:143992725	wtdmso	wtcsc	1	3	30	56	0.6222222222222222	1.0
chr8:143992773	wtdmso	wtcsc	2	6	24	50	0.6944444444444444	1.0
chr8:143992888	wtdmso	wtcsc	2	5	40	71	0.71	1.0
chr8:143993012	wtdmso	wtcsc	6	12	22	45	1.0227272727272727	1.0
chr8:143993141	wtdmso	wtcsc	17	34	26	47	0.9038461538461539	0.8493822405795243
chr8:144085050	wtdmso	wtcsc	6	5	4	6	1.8	0.6699214098594904
chr8:144086152	wtdmso	wtcsc	2	2	10	11	1.1	1.0
chr8:144086163	wtdmso	wtcsc	2	2	9	10	1.1111111111111112	1.0
chr8:144095959	wtdmso	wtcsc	4	6	24	35	0.9722222222222222	1.0
chr8:144096019	wtdmso	wtcsc	1	1	15	30	2.0	1.0
chr8:144096179	wtdmso	wtcsc	1	6	27	32	0.19753086419753085	0.2240789551537833
chr8:144096469	wtdmso	wtcsc	5	5	24	42	1.75	0.49206908599022847
chr8:144096597	wtdmso	wtcsc	2	2	30	48	1.6	0.6414073845379802
chr8:144097335	wtdmso	wtcsc	2	3	29	45	1.0344827586206897	1.0
chr8:144097369	wtdmso	wtcsc	9	13	15	24	1.1076923076923078	1.0
chr8:144097459	wtdmso	wtcsc	1	2	29	49	0.8448275862068966	1.0
chr8:144106571	wtdmso	wtcsc	4	5	6	10	1.3333333333333333	1.0
chr8:144106940	wtdmso	wtcsc	1	1	10	16	1.6	1.0
chr8:144107158	wtdmso	wtcsc	4	2	17	15	1.7647058823529411	0.6723996723996724
chr8:144107321	wtdmso	wtcsc	6	7	5	9	1.542857142857143	0.7035671018979676
chr8:144107386	wtdmso	wtcsc	4	5	19	32	1.3473684210526315	0.7214940991444104
chr8:144107394	wtdmso	wtcsc	5	4	18	34	2.361111111111111	0.27765205508723145
chr8:144309568	wtdmso	wtcsc	1	2	9	10	0.5555555555555556	1.0
chr8:144309871	wtdmso	wtcsc	1	9	10	12	0.13333333333333333	0.10580522393889905
chr8:144312066	wtdmso	wtcsc	1	2	9	8	0.4444444444444444	1.0
chr8:144312096	wtdmso	wtcsc	5	7	18	17	0.6746031746031746	0.7399674996131713
chr8:144312118	wtdmso	wtcsc	6	6	19	16	0.8421052631578947	1.0
chr8:144313524	wtdmso	wtcsc	2	2	26	25	0.9615384615384616	1.0
chr8:144313596	wtdmso	wtcsc	3	1	24	25	3.125	0.6104328523862373
chr8:144314036	wtdmso	wtcsc	4	8	27	21	0.3888888888888889	0.20350510392499616
chr8:144314184	wtdmso	wtcsc	1	2	27	27	0.5	1.0
chr8:144314265	wtdmso	wtcsc	2	2	27	27	1.0	1.0
chr8:144314313	wtdmso	wtcsc	5	5	25	20	0.8	1.0
chr8:144314451	wtdmso	wtcsc	3	8	27	23	0.3194444444444444	0.18216193232534797
chr8:144314569	wtdmso	wtcsc	8	12	9	14	1.037037037037037	1.0
chr8:144314680	wtdmso	wtcsc	4	1	24	26	4.333333333333333	0.3516295025728987
chr8:144314707	wtdmso	wtcsc	3	4	12	24	1.5	0.6797615599299335
chr8:144789807	wtdmso	wtcsc	21	39	621	848	0.7352904744209092	0.28775264182006255
chr8:144789826	wtdmso	wtcsc	20	35	646	895	0.7916850950906679	0.4870943924049668
chr8:144789832	wtdmso	wtcsc	28	56	664	935	0.704066265060241	0.14113768286614026
chr8:144789850	wtdmso	wtcsc	100	160	442	608	0.8597285067873304	0.29246536616278296
chr8:144790388	wtdmso	wtcsc	100	174	597	811	0.7807235410770327	0.07073940273936552
chr8:144790442	wtdmso	wtcsc	5	18	665	935	0.39055973266499583	0.0577898592813989
chr8:144791348	wtdmso	wtcsc	3	7	607	863	0.6093198399623441	0.5381848814785309
chr8:144791380	wtdmso	wtcsc	40	79	628	892	0.7191808433443522	0.12084162172998829
chr8:144791410	wtdmso	wtcsc	1	2	574	820	0.7142857142857143	1.0
chr8:144791912	wtdmso	wtcsc	20	19	490	724	1.5553168635875403	0.18724908197644516
chr8:144792108	wtdmso	wtcsc	30	49	380	578	0.9312567132116004	0.8115791549314252
chr8:144792138	wtdmso	wtcsc	25	53	301	430	0.6738544474393531	0.1447281314954531
chr8:144792368	wtdmso	wtcsc	80	141	259	362	0.7930118568416441	0.1745170802560435
chr8:23020479	wtdmso	wtcsc	1	1	10	12	1.2	1.0
chr8:23020486	wtdmso	wtcsc	2	3	20	13	0.43333333333333335	0.6318299723872478
chr8:30063337	wtdmso	wtcsc	1	1	10	9	0.9	1.0
chr8:30065996	wtdmso	wtcsc	4	1	6	9	6.0	0.30340557275541796
chr8:30066813	wtdmso	wtcsc	2	5	8	5	0.25	0.3498452012383901
chr8:30070013	wtdmso	wtcsc	2	1	8	9	2.25	1.0
chr8:30785673	wtdmso	wtcsc	1	2	11	28	1.2727272727272727	1.0
chr8:30785895	wtdmso	wtcsc	1	4	10	29	0.725	1.0
chr8:30785946	wtdmso	wtcsc	1	8	9	24	0.3333333333333333	0.4164356595829826
chr8:30785950	wtdmso	wtcsc	1	2	10	30	1.5	1.0
chr8:38030670	wtdmso	wtcsc	3	10	46	83	0.5413043478260869	0.5426122222350112
chr8:38057125	wtdmso	wtcsc	12	32	37	61	0.6182432432432432	0.2561324300691605
chr8:38057136	wtdmso	wtcsc	3	4	49	87	1.3316326530612246	0.704958801429882
chr8:38057142	wtdmso	wtcsc	1	1	49	90	1.836734693877551	1.0
chr8:38059927	wtdmso	wtcsc	9	24	38	60	0.5921052631578947	0.29577135627188234
chr8:38060053	wtdmso	wtcsc	7	17	33	59	0.7361853832442068	0.6339000923007103
chr8:38060106	wtdmso	wtcsc	13	23	29	59	1.1499250374812593	0.8348787032050482
chr8:38060167	wtdmso	wtcsc	5	6	50	92	1.5333333333333334	0.5255895781603321
chr8:38060208	wtdmso	wtcsc	10	20	35	61	0.8714285714285714	0.8295497637581584
chr8:38060218	wtdmso	wtcsc	11	31	42	70	0.5913978494623656	0.2531886014850621
chr8:48918133	wtdmso	wtcsc	8	6	10	19	2.533333333333333	0.1977085405168036
chr8:48918304	wtdmso	wtcsc	1	8	19	13	0.08552631578947369	0.02048577658333756
chr8:48918373	wtdmso	wtcsc	5	3	15	8	0.8888888888888888	1.0
chr8:48918438	wtdmso	wtcsc	1	3	19	18	0.3157894736842105	0.6060037523452158
chr8:48918544	wtdmso	wtcsc	7	7	12	14	1.1666666666666667	1.0
chr8:48918781	wtdmso	wtcsc	2	2	17	8	0.47058823529411764	0.5920171782240748
chr8:48918879	wtdmso	wtcsc	2	3	14	7	0.3333333333333333	0.3402249923989054
chr8:48919914	wtdmso	wtcsc	3	5	15	15	0.6	0.6968376000634064
chr8:56073064	wtdmso	wtcsc	10	40	166	184	0.27710843373493976	0.00021627822871543725
chr8:56073180	wtdmso	wtcsc	19	68	258	307	0.3324783401732786	2.219282427082322e-05
chr8:56073247	wtdmso	wtcsc	14	27	261	349	0.6933446856818505	0.3284478774402522
chr8:56073715	wtdmso	wtcsc	6	16	263	340	0.4847908745247148	0.1873908741389202
chr8:56073758	wtdmso	wtcsc	14	19	265	363	1.0093346573982125	1.0
chr8:56074137	wtdmso	wtcsc	9	8	226	326	1.622787610619469	0.3298545659940503
chr8:56074415	wtdmso	wtcsc	2	10	225	283	0.25155555555555553	0.07645777253034916
chr8:56074443	wtdmso	wtcsc	42	68	189	209	0.6830065359477124	0.08489308499162943
chr8:66922641	wtdmso	wtcsc	2	2	22	42	1.9090909090909092	0.6096981157560613
chr8:73290663	wtdmso	wtcsc	7	15	315	444	0.6577777777777778	0.39078455538460843
chr8:73291047	wtdmso	wtcsc	156	218	272	368	0.9681597409606044	0.8433497639688334
chr8:73291077	wtdmso	wtcsc	13	70	389	501	0.23918472273228059	2.937020243914199e-07
chr8:73291120	wtdmso	wtcsc	3	13	426	580	0.314192849404117	0.07347093769680446
chr8:73291173	wtdmso	wtcsc	49	86	388	510	0.7489211220330856	0.1358445066184157
chr8:73291633	wtdmso	wtcsc	65	109	317	434	0.8164269383266286	0.26685571694522026
chr8:73291839	wtdmso	wtcsc	19	20	317	483	1.4474763406940063	0.3153217765005887
chr8:73292270	wtdmso	wtcsc	24	53	300	423	0.6384905660377358	0.0877295583522642
chr8:73292329	wtdmso	wtcsc	61	159	269	338	0.48205559841948986	1.388177459601017e-05
chr8:73292762	wtdmso	wtcsc	2	5	244	383	0.6278688524590164	0.7116237149030005
chr8:73293614	wtdmso	wtcsc	10	13	145	219	1.1618037135278514	0.8270748090002482
chr8:85214938	wtdmso	wtcsc	2	8	10	21	0.525	0.6937188642240366
chr8:85214971	wtdmso	wtcsc	1	5	11	25	0.45454545454545453	0.6552032431364909
chr8:85217419	wtdmso	wtcsc	1	1	12	28	2.3333333333333335	0.5284552845528455
chr8:85217501	wtdmso	wtcsc	3	1	9	27	9.0	0.07281978334609915
chr8:96231114	wtdmso	wtcsc	13	26	53	71	0.6698113207547169	0.3518369071528852
chr8:96231787	wtdmso	wtcsc	1	3	68	90	0.4411764705882353	0.6369871218927824
chr8:96231822	wtdmso	wtcsc	11	24	63	81	0.5892857142857143	0.2507784099441734
chr8:96231828	wtdmso	wtcsc	1	7	62	82	0.1889400921658986	0.14060393861794823
chr8:96231870	wtdmso	wtcsc	2	5	65	91	0.56	0.701046640352215
chr8:96233159	wtdmso	wtcsc	2	2	68	96	1.411764705882353	1.0
chr8:98041762	wtdmso	wtcsc	4	13	220	369	0.5160839160839161	0.31306491454215635
chr8:98041769	wtdmso	wtcsc	1	2	190	349	0.9184210526315789	1.0
chr8:98041814	wtdmso	wtcsc	7	13	131	312	1.282442748091603	0.6208850531313596
chr8:98041818	wtdmso	wtcsc	1	5	69	146	0.42318840579710143	0.6673974825768061
chr8:98041840	wtdmso	wtcsc	6	11	189	335	0.9668109668109668	1.0
chr8:98041846	wtdmso	wtcsc	22	80	194	298	0.42242268041237113	0.0006386744508404317
chr8:98042702	wtdmso	wtcsc	34	101	163	257	0.5307659600315859	0.0038279858012820623
chr8:98042737	wtdmso	wtcsc	9	17	206	350	0.8994860079954312	1.0
chr8:98045009	wtdmso	wtcsc	5	14	205	355	0.6184668989547039	0.46959882881252046
chr8:99878212	wtdmso	wtcsc	11	12	32	32	0.9166666666666666	1.0
chr8:99878226	wtdmso	wtcsc	6	10	37	34	0.5513513513513514	0.40773072973991387
chr8:99892032	wtdmso	wtcsc	2	1	35	37	2.1142857142857143	0.6147945205479451
chr9:110244047	wtdmso	wtcsc	17	33	116	180	0.799373040752351	0.5323319925309381
chr9:110244783	wtdmso	wtcsc	1	2	136	236	0.8676470588235294	1.0
chr9:110250826	wtdmso	wtcsc	1	14	152	256	0.12030075187969924	0.013534467771801045
chr9:110251409	wtdmso	wtcsc	9	12	136	238	1.3125	0.6427596156785407
chr9:110251461	wtdmso	wtcsc	1	4	134	213	0.39738805970149255	0.652889287868539
chr9:110256449	wtdmso	wtcsc	5	26	120	179	0.28685897435897434	0.01045036884289159
chr9:121327332	wtdmso	wtcsc	8	10	12	16	1.0666666666666667	1.0
chr9:121327358	wtdmso	wtcsc	3	6	21	7	0.16666666666666666	0.04248997738168712
chr9:121328950	wtdmso	wtcsc	1	1	27	27	1.0	1.0
chr9:121331441	wtdmso	wtcsc	1	4	30	32	0.26666666666666666	0.3629970775493164
chr9:121332565	wtdmso	wtcsc	1	2	28	29	0.5178571428571429	1.0
chr9:121332574	wtdmso	wtcsc	1	6	27	25	0.15432098765432098	0.10584341678807827
chr9:121332647	wtdmso	wtcsc	12	10	21	17	0.9714285714285714	1.0
chr9:124353504	wtdmso	wtcsc	2	3	12	26	1.4444444444444444	1.0
chr9:124353535	wtdmso	wtcsc	2	4	15	40	1.3333333333333333	1.0
chr9:124353607	wtdmso	wtcsc	1	6	13	17	0.21794871794871795	0.2173209737251483
chr9:124356814	wtdmso	wtcsc	1	3	16	36	0.75	1.0
chr9:124356835	wtdmso	wtcsc	1	1	15	31	2.066666666666667	1.0
chr9:124412385	wtdmso	wtcsc	3	13	11	15	0.3146853146853147	0.17988773309341854
chr9:124413943	wtdmso	wtcsc	4	9	14	28	0.8888888888888888	1.0
chr9:124414873	wtdmso	wtcsc	1	2	13	17	0.6538461538461539	1.0
chr9:124857979	wtdmso	wtcsc	1	3	171	309	0.6023391812865497	1.0
chr9:124857987	wtdmso	wtcsc	30	21	147	286	2.7793974732750244	0.0006729349818639871
chr9:124858027	wtdmso	wtcsc	3	8	179	308	0.6452513966480447	0.7534415412643589
chr9:124858044	wtdmso	wtcsc	3	13	173	286	0.3815028901734104	0.18674999073548104
chr9:124860201	wtdmso	wtcsc	3	1	166	299	5.403614457831325	0.13559437192912574
chr9:124860214	wtdmso	wtcsc	2	8	155	254	0.4096774193548387	0.33272258329611487
chr9:124861449	wtdmso	wtcsc	8	9	170	298	1.558169934640523	0.4437222715048942
chr9:125236269	wtdmso	wtcsc	32	117	64	186	0.7948717948717948	0.39734624188952516
chr9:125236469	wtdmso	wtcsc	23	118	106	297	0.5461304764950432	0.015910024123423943
chr9:125236518	wtdmso	wtcsc	54	224	66	169	0.617288961038961	0.021739092669449924
chr9:125236544	wtdmso	wtcsc	42	193	84	225	0.582901554404145	0.013614713226732585
chr9:125236552	wtdmso	wtcsc	86	273	13	29	0.7027331642716258	0.3452191255588937
chr9:125236590	wtdmso	wtcsc	12	44	113	364	0.8785197103781175	0.8676331030122814
chr9:125236657	wtdmso	wtcsc	6	19	111	381	1.0839260312944523	0.8099092069410323
chr9:125236690	wtdmso	wtcsc	27	149	91	259	0.5157459989674755	0.0056056952274578225
chr9:125236712	wtdmso	wtcsc	7	25	109	352	0.9042201834862386	1.0
chr9:125236779	wtdmso	wtcsc	2	7	99	369	1.0649350649350648	1.0
chr9:125236801	wtdmso	wtcsc	5	18	92	342	1.0326086956521738	1.0
chr9:125236901	wtdmso	wtcsc	4	10	86	330	1.5348837209302326	0.504060503264254
chr9:125236956	wtdmso	wtcsc	5	13	73	305	1.6069546891464699	0.36813250874167347
chr9:125236970	wtdmso	wtcsc	9	15	74	266	2.156756756756757	0.08247175159094193
chr9:125237012	wtdmso	wtcsc	5	25	75	286	0.7626666666666667	0.8137771960498903
chr9:125237022	wtdmso	wtcsc	2	18	78	307	0.4373219373219373	0.38945116248150313
chr9:125237103	wtdmso	wtcsc	9	71	67	230	0.43514820264872817	0.027525153175167565
chr9:125237132	wtdmso	wtcsc	4	15	69	286	1.1053140096618357	0.772765257158119
chr9:125237139	wtdmso	wtcsc	3	10	70	281	1.2042857142857142	0.7294090202322819
chr9:125238223	wtdmso	wtcsc	5	33	70	262	0.5670995670995671	0.2936821824310829
chr9:125238237	wtdmso	wtcsc	5	37	58	226	0.5265610438024231	0.2166976341015292
chr9:125238242	wtdmso	wtcsc	5	39	72	259	0.46118233618233617	0.16221437673043876
chr9:125238260	wtdmso	wtcsc	7	33	73	272	0.7903694479036945	0.6844516827688825
chr9:125238304	wtdmso	wtcsc	3	9	78	289	1.235042735042735	0.72474998670114
chr9:125238674	wtdmso	wtcsc	2	22	76	259	0.30980861244019137	0.12559827075605026
chr9:125238969	wtdmso	wtcsc	13	68	48	195	0.7766544117647058	0.5148483556647465
chr9:125238975	wtdmso	wtcsc	2	1	67	250	7.462686567164179	0.11852339267758918
chr9:125239094	wtdmso	wtcsc	1	14	61	214	0.2505854800936768	0.205905710225255
chr9:125239132	wtdmso	wtcsc	8	38	55	175	0.6698564593301436	0.44182158729821225
chr9:125239144	wtdmso	wtcsc	5	42	52	181	0.4143772893772894	0.07592890822384371
chr9:125239160	wtdmso	wtcsc	2	14	57	207	0.518796992481203	0.536180983668015
chr9:125239166	wtdmso	wtcsc	1	7	60	203	0.48333333333333334	0.6879697984936757
chr9:125239223	wtdmso	wtcsc	1	12	49	188	0.3197278911564626	0.4747854013893289
chr9:125239251	wtdmso	wtcsc	1	19	53	177	0.17576961271102284	0.0854535554731275
chr9:125239265	wtdmso	wtcsc	3	20	57	193	0.5078947368421053	0.42940699959802275
chr9:125239280	wtdmso	wtcsc	2	17	55	203	0.43422459893048126	0.3813643631333375
chr9:125239460	wtdmso	wtcsc	4	51	52	169	0.2549019607843137	0.00785667822829335
chr9:125240248	wtdmso	wtcsc	1	2	48	201	2.09375	0.47877025232403714
chr9:125240697	wtdmso	wtcsc	2	9	44	173	0.8737373737373737	1.0
chr9:125240715	wtdmso	wtcsc	1	6	45	171	0.6333333333333333	1.0
chr9:125240760	wtdmso	wtcsc	4	32	40	139	0.434375	0.17403497610096114
chr9:125240784	wtdmso	wtcsc	11	35	39	151	1.2168498168498167	0.6877314974827085
chr9:125241017	wtdmso	wtcsc	1	6	46	173	0.6268115942028986	1.0
chr9:125241061	wtdmso	wtcsc	2	8	37	168	1.135135135135135	1.0
chr9:125241156	wtdmso	wtcsc	12	75	32	92	0.46	0.03935660384964494
chr9:125241223	wtdmso	wtcsc	3	13	39	154	0.9112426035502958	1.0
chr9:125241312	wtdmso	wtcsc	2	9	38	146	0.8538011695906432	1.0
chr9:127447684	wtdmso	wtcsc	3	5	259	303	0.7019305019305019	0.731803927301051
chr9:127447707	wtdmso	wtcsc	2	2	521	597	1.145873320537428	1.0
chr9:127447907	wtdmso	wtcsc	6	13	547	641	0.5408522008156378	0.2504393983086906
chr9:127447919	wtdmso	wtcsc	13	19	461	570	0.8459869848156182	0.7199420393114556
chr9:127447965	wtdmso	wtcsc	37	87	521	577	0.470999624947603	0.0001904600573572935
chr9:127447986	wtdmso	wtcsc	59	52	456	569	1.4157810391363024	0.08825824424132186
chr9:127448343	wtdmso	wtcsc	78	84	449	565	1.1684696150174991	0.3950127687678252
chr9:127448418	wtdmso	wtcsc	15	26	559	659	0.6801293518645933	0.2669462075123733
chr9:127449282	wtdmso	wtcsc	1	4	567	663	0.2923280423280423	0.3820183835961666
chr9:127449300	wtdmso	wtcsc	1	1	547	640	1.170018281535649	1.0
chr9:127449311	wtdmso	wtcsc	12	20	545	633	0.6968807339449541	0.3718042913913513
chr9:127449618	wtdmso	wtcsc	11	19	497	583	0.6791273959546754	0.3561409384967943
chr9:127449622	wtdmso	wtcsc	26	52	466	556	0.5965665236051502	0.044064170416089746
chr9:127449632	wtdmso	wtcsc	63	81	446	523	0.912057797708022	0.6542874593027319
chr9:127449636	wtdmso	wtcsc	31	58	486	550	0.6048673194267064	0.03475811578568452
chr9:127449664	wtdmso	wtcsc	123	210	388	413	0.6234536082474227	0.0004008456559035596
chr9:127449685	wtdmso	wtcsc	15	19	503	609	0.9558438840640369	1.0
chr9:128163490	wtdmso	wtcsc	3	1	44	42	2.8636363636363638	0.6179763540088995
chr9:128163511	wtdmso	wtcsc	2	2	46	46	1.0	1.0
chr9:128163637	wtdmso	wtcsc	22	29	26	15	0.4376657824933687	0.0616353805255796
chr9:128163694	wtdmso	wtcsc	1	5	43	35	0.16279069767441862	0.09803590000140326
chr9:128163722	wtdmso	wtcsc	6	7	45	42	0.8	0.7723130554627415
chr9:128721737	wtdmso	wtcsc	7	3	5	7	3.2666666666666666	0.23053107882829246
chr9:128722064	wtdmso	wtcsc	6	4	5	6	1.8	0.6699214098594903
chr9:128917832	wtdmso	wtcsc	2	4	8	8	0.5	0.6461742591773552
chr9:128918002	wtdmso	wtcsc	1	1	10	12	1.2	1.0
chr9:129738392	wtdmso	wtcsc	3	5	10	60	3.6	0.12395293838676563
chr9:129738486	wtdmso	wtcsc	1	9	16	65	0.4513888888888889	0.6810715604111459
chr9:129738522	wtdmso	wtcsc	3	15	24	67	0.5583333333333333	0.552763294868913
chr9:129738539	wtdmso	wtcsc	1	3	22	78	1.1818181818181819	1.0
chr9:129738720	wtdmso	wtcsc	3	5	24	73	1.825	0.4208201554196609
chr9:129738794	wtdmso	wtcsc	3	17	22	65	0.5213903743315508	0.3950499035535856
chr9:129738929	wtdmso	wtcsc	4	24	20	56	0.4666666666666667	0.2941535514724246
chr9:129739207	wtdmso	wtcsc	3	3	8	63	7.875	0.03496171008788168
chr9:129739264	wtdmso	wtcsc	1	2	9	45	2.5	0.4458304853041696
chr9:133349551	wtdmso	wtcsc	34	65	469	493	0.5498441856650812	0.007967838138677463
chr9:133349556	wtdmso	wtcsc	19	29	561	659	0.7696232097854816	0.4606966134832666
chr9:133349574	wtdmso	wtcsc	6	18	595	680	0.38095238095238093	0.03907760828859203
chr9:133349688	wtdmso	wtcsc	24	48	579	619	0.5345423143350605	0.01483974424431101
chr9:133349945	wtdmso	wtcsc	2	4	579	652	0.5630397236614854	0.6901928040803236
chr9:133349952	wtdmso	wtcsc	5	10	598	671	0.5610367892976589	0.3124519883911979
chr9:133349975	wtdmso	wtcsc	6	17	623	728	0.4124256444150694	0.060052879442712134
chr9:133350245	wtdmso	wtcsc	10	4	686	775	2.824344023323615	0.10379100274237069
chr9:133350269	wtdmso	wtcsc	20	42	626	705	0.5362848014605203	0.026312763839634514
chr9:133350667	wtdmso	wtcsc	2	13	735	799	0.1672422815279958	0.008088485320377281
chr9:133350692	wtdmso	wtcsc	40	61	640	687	0.7038934426229508	0.09902063513741893
chr9:133350723	wtdmso	wtcsc	119	151	556	605	0.8575325170327315	0.2789923490202868
chr9:133351006	wtdmso	wtcsc	5	8	684	747	0.6825657894736842	0.5845857444772817
chr9:133351044	wtdmso	wtcsc	103	98	624	724	1.2194531658817374	0.19826682984587907
chr9:133351057	wtdmso	wtcsc	16	15	583	659	1.2057175528873643	0.7163252782365903
chr9:133351344	wtdmso	wtcsc	139	266	608	566	0.4864587455480807	1.1756030141779432e-09
chr9:133351356	wtdmso	wtcsc	69	90	632	722	0.87584388185654	0.4502213259942285
chr9:133361850	wtdmso	wtcsc	1	3	24	33	0.4583333333333333	0.6378304318249323
chr9:133362060	wtdmso	wtcsc	18	16	8	15	2.109375	0.27828904084421435
chr9:133362215	wtdmso	wtcsc	1	2	24	27	0.5625	1.0
chr9:133362246	wtdmso	wtcsc	9	14	16	16	0.6428571428571429	0.5836993368162298
chr9:136724749	wtdmso	wtcsc	1	2	27	33	0.6111111111111112	1.0
chr9:136724756	wtdmso	wtcsc	7	6	22	32	1.696969696969697	0.5348211327091207
chr9:136724766	wtdmso	wtcsc	19	27	12	12	0.7037037037037037	0.6132964509561725
chr9:136724785	wtdmso	wtcsc	1	11	33	31	0.08539944903581267	0.00909231877766871
chr9:136724854	wtdmso	wtcsc	10	11	20	30	1.3636363636363635	0.6051037915640236
chr9:136726331	wtdmso	wtcsc	1	4	13	30	0.5769230769230769	1.0
chr9:136726340	wtdmso	wtcsc	4	4	31	36	1.1612903225806452	1.0
chr9:136726368	wtdmso	wtcsc	2	3	28	32	0.7619047619047619	1.0
chr9:136726384	wtdmso	wtcsc	3	4	30	38	0.95	1.0
chr9:136728057	wtdmso	wtcsc	6	9	24	29	0.8055555555555556	0.7755906491438336
chr9:136728141	wtdmso	wtcsc	1	8	9	9	0.125	0.09117152870013281
chr9:136791712	wtdmso	wtcsc	1	1	9	10	1.1111111111111112	1.0
chr9:136792880	wtdmso	wtcsc	1	4	10	6	0.15	0.1486068111455108
chr9:136849428	wtdmso	wtcsc	1	2	33	10	0.15151515151515152	0.1623188405797102
chr9:136862167	wtdmso	wtcsc	1	1	16	38	2.375	0.5188311688311689
chr9:136862282	wtdmso	wtcsc	2	10	16	28	0.35	0.3001357095403988
chr9:136862323	wtdmso	wtcsc	1	6	16	31	0.3229166666666667	0.4116755362038381
chr9:136863297	wtdmso	wtcsc	4	5	14	30	1.7142857142857142	0.4689631454890737
chr9:136863393	wtdmso	wtcsc	2	4	13	31	1.1923076923076923	1.0
chr9:136863408	wtdmso	wtcsc	3	7	9	27	1.2857142857142858	0.7060337458166723
chr9:136940810	wtdmso	wtcsc	4	5	6	10	1.3333333333333333	1.0
chr9:136940886	wtdmso	wtcsc	6	4	7	13	2.7857142857142856	0.2552866423930891
chr9:136940897	wtdmso	wtcsc	1	4	11	12	0.2727272727272727	0.3553113553113553
chr9:136941159	wtdmso	wtcsc	1	5	9	12	0.26666666666666666	0.3625215364345799
chr9:136941262	wtdmso	wtcsc	4	3	8	16	2.6666666666666665	0.383866974701235
chr9:136941593	wtdmso	wtcsc	1	1	10	11	1.1	1.0
chr9:137241778	wtdmso	wtcsc	1	3	11	8	0.24242424242424243	0.3167701863354037
chr9:137241964	wtdmso	wtcsc	1	3	11	8	0.24242424242424243	0.3167701863354037
chr9:137242558	wtdmso	wtcsc	1	4	11	7	0.1590909090909091	0.15495259888852567
chr9:137242600	wtdmso	wtcsc	2	9	10	2	0.044444444444444446	0.0033289499570291065
chr9:137242711	wtdmso	wtcsc	3	6	9	4	0.2222222222222222	0.19195046439628485
chr9:137242857	wtdmso	wtcsc	2	1	12	9	1.5	1.0
chr9:137242888	wtdmso	wtcsc	2	3	11	17	1.0303030303030303	1.0
chr9:137242984	wtdmso	wtcsc	4	7	9	13	0.8253968253968254	1.0
chr9:137243110	wtdmso	wtcsc	4	2	9	8	1.7777777777777777	0.6600196142530239
chr9:137243281	wtdmso	wtcsc	2	1	11	19	3.4545454545454546	0.5472873900293256
chr9:137243594	wtdmso	wtcsc	6	3	7	7	2.0	0.6692690806299637
chr9:137552127	wtdmso	wtcsc	3	2	10	22	3.3	0.3209175562116738
chr9:137552276	wtdmso	wtcsc	1	5	19	33	0.3473684210526316	0.6534965793261176
chr9:137552388	wtdmso	wtcsc	9	13	11	16	1.006993006993007	1.0
chr9:137552481	wtdmso	wtcsc	6	7	14	36	2.204081632653061	0.3154491442170292
chr9:19376343	wtdmso	wtcsc	5	9	413	554	0.7452246435297283	0.786971703762249
chr9:19376364	wtdmso	wtcsc	17	30	541	746	0.781392483056069	0.4552209338942159
chr9:19376514	wtdmso	wtcsc	2	4	540	752	0.6962962962962963	1.0
chr9:19376636	wtdmso	wtcsc	32	64	492	648	0.6585365853658537	0.06760696613572091
chr9:19378434	wtdmso	wtcsc	3	8	532	719	0.5068139097744361	0.37220533469553085
chr9:19378490	wtdmso	wtcsc	62	130	414	495	0.5702341137123745	0.0007465966159773396
chr9:19378494	wtdmso	wtcsc	189	309	312	376	0.7371172516803585	0.012341827533417896
chr9:19378791	wtdmso	wtcsc	99	190	429	534	0.648582995951417	0.0022085989661481766
chr9:19378801	wtdmso	wtcsc	3	3	488	698	1.430327868852459	0.6949763630661039
chr9:19378851	wtdmso	wtcsc	8	13	450	649	0.8875213675213676	1.0
chr9:19378882	wtdmso	wtcsc	1	1	524	722	1.3778625954198473	1.0
chr9:19379555	wtdmso	wtcsc	21	55	476	632	0.506951871657754	0.011188043067279965
chr9:19379582	wtdmso	wtcsc	5	7	493	680	0.9852216748768473	1.0
chr9:19379613	wtdmso	wtcsc	90	134	349	462	0.8891074712397896	0.49195942474245
chr9:21968241	wtdmso	wtcsc	1	3	40	75	0.625	1.0
chr9:21971011	wtdmso	wtcsc	3	2	42	85	3.0357142857142856	0.3369300665937116
chr9:21971083	wtdmso	wtcsc	2	5	44	81	0.7363636363636363	1.0
chr9:21974786	wtdmso	wtcsc	1	8	18	35	0.24305555555555555	0.2532596005716242
chr9:21994332	wtdmso	wtcsc	4	3	7	28	5.333333333333333	0.06348918287300828
chr9:32572986	wtdmso	wtcsc	2	1	9	20	4.444444444444445	0.2661290322580645
chr9:33796766	wtdmso	wtcsc	5	2	10	16	4.0	0.20277581150773594
chr9:33797932	wtdmso	wtcsc	2	2	13	17	1.3076923076923077	1.0
chr9:33797963	wtdmso	wtcsc	1	1	13	15	1.1538461538461537	1.0
chr9:33798488	wtdmso	wtcsc	2	4	11	13	0.5909090909090909	0.6724685276409413
chr9:33798529	wtdmso	wtcsc	1	2	14	16	0.5714285714285714	1.0
chr9:33799031	wtdmso	wtcsc	2	4	13	12	0.46153846153846156	0.6539364726239032
chr9:33799106	wtdmso	wtcsc	2	3	10	11	0.7333333333333333	1.0
chr9:33799157	wtdmso	wtcsc	1	3	11	13	0.3939393939393939	0.613186813186813
chr9:35056586	wtdmso	wtcsc	3	7	12	8	0.2857142857142857	0.2450774612693653
chr9:35056634	wtdmso	wtcsc	1	5	17	27	0.3176470588235294	0.39906737903301936
chr9:35056763	wtdmso	wtcsc	5	6	12	15	1.0416666666666667	1.0
chr9:35056808	wtdmso	wtcsc	1	4	17	27	0.39705882352941174	0.6393409352640225
chr9:35056825	wtdmso	wtcsc	4	5	14	14	0.8	1.0
chr9:35056969	wtdmso	wtcsc	3	6	18	30	0.8333333333333334	1.0
chr9:35056976	wtdmso	wtcsc	2	6	34	40	0.39215686274509803	0.4557015773099359
chr9:35057077	wtdmso	wtcsc	6	20	27	27	0.3	0.029283119095922766
chr9:35057129	wtdmso	wtcsc	2	2	34	45	1.3235294117647058	1.0
chr9:35057207	wtdmso	wtcsc	5	3	28	45	2.6785714285714284	0.2605485924606511
chr9:35057438	wtdmso	wtcsc	1	1	29	45	1.5517241379310345	1.0
chr9:35057444	wtdmso	wtcsc	3	4	28	44	1.1785714285714286	1.0
chr9:35059166	wtdmso	wtcsc	1	2	15	42	1.4	1.0
chr9:35059188	wtdmso	wtcsc	2	1	15	49	6.533333333333333	0.15614236509758903
chr9:35059211	wtdmso	wtcsc	4	7	12	33	1.5714285714285714	0.7107724453997122
chr9:35059616	wtdmso	wtcsc	3	3	14	39	2.7857142857142856	0.3412006185699624
chr9:35060316	wtdmso	wtcsc	1	2	15	32	1.0666666666666667	1.0
chr9:35060434	wtdmso	wtcsc	1	2	15	42	1.4	1.0
chr9:35060453	wtdmso	wtcsc	1	2	11	12	0.5454545454545454	1.0
chr9:35061021	wtdmso	wtcsc	1	4	12	31	0.6458333333333334	1.0
chr9:35061045	wtdmso	wtcsc	6	13	9	25	1.2820512820512822	0.7560522913792167
chr9:35061144	wtdmso	wtcsc	1	7	12	33	0.39285714285714285	0.6622069629695035
chr9:35061579	wtdmso	wtcsc	1	6	14	28	0.3333333333333333	0.41423029207810746
chr9:35061586	wtdmso	wtcsc	1	2	14	36	1.2857142857142858	1.0
chr9:35061610	wtdmso	wtcsc	1	6	14	31	0.36904761904761907	0.657888884935601
chr9:35062095	wtdmso	wtcsc	3	6	8	25	1.5625	0.675646374845952
chr9:35062137	wtdmso	wtcsc	2	4	11	31	1.4090909090909092	0.6560964940587599
chr9:35068275	wtdmso	wtcsc	1	5	9	17	0.37777777777777777	0.6367491657397109
chr9:35099930	wtdmso	wtcsc	4	7	6	7	0.6666666666666666	0.6968299905774669
chr9:35100058	wtdmso	wtcsc	2	4	9	16	0.8888888888888888	1.0
chr9:35100126	wtdmso	wtcsc	1	4	10	16	0.4	0.630983279481611
chr9:35100655	wtdmso	wtcsc	4	4	7	15	2.142857142857143	0.417234972257461
chr9:35100701	wtdmso	wtcsc	4	10	7	9	0.5142857142857142	0.46640013326669993
chr9:36191144	wtdmso	wtcsc	1	1	14	32	2.2857142857142856	0.5319148936170214
chr9:36211682	wtdmso	wtcsc	1	5	13	33	0.5076923076923077	1.0
chr9:36211870	wtdmso	wtcsc	3	7	9	22	1.0476190476190477	1.0
chr9:37588722	wtdmso	wtcsc	1	2	16	15	0.46875	1.0
chr9:37588744	wtdmso	wtcsc	2	2	15	14	0.9333333333333333	1.0
chr9:37588748	wtdmso	wtcsc	1	3	15	14	0.3111111111111111	0.6011730205278594
chr9:37588789	wtdmso	wtcsc	3	4	13	12	0.6923076923076923	1.0
chr9:37588802	wtdmso	wtcsc	10	13	9	5	0.42735042735042733	0.313274208580104
chr9:37592443	wtdmso	wtcsc	5	7	12	9	0.5357142857142857	0.4812658187035515
chr9:7798439	wtdmso	wtcsc	6	4	6	10	2.5	0.4216449051016288
chr9:7798486	wtdmso	wtcsc	6	5	5	5	1.2	1.0
chr9:7799598	wtdmso	wtcsc	1	1	11	11	1.0	1.0
chr9:83968431	wtdmso	wtcsc	3	3	9	10	1.1111111111111112	1.0
chr9:83968912	wtdmso	wtcsc	1	6	13	11	0.14102564102564102	0.09400568532937832
chr9:83969028	wtdmso	wtcsc	5	3	44	55	2.0833333333333335	0.4652133172897075
chr9:83969068	wtdmso	wtcsc	22	23	30	39	1.2434782608695651	0.7006931547704649
chr9:83969336	wtdmso	wtcsc	10	20	43	44	0.5116279069767442	0.1420014152350781
chr9:83969347	wtdmso	wtcsc	2	7	51	53	0.2969187675070028	0.16968478565852915
chr9:83970164	wtdmso	wtcsc	5	6	25	30	1.0	1.0
chr9:83970197	wtdmso	wtcsc	6	5	40	53	1.59	0.5312723566500166
chr9:83970204	wtdmso	wtcsc	1	12	42	47	0.09325396825396826	0.006732434719744532
chr9:83970772	wtdmso	wtcsc	2	8	43	52	0.3023255813953488	0.1824863464608742
chr9:83971327	wtdmso	wtcsc	10	7	36	50	1.9841269841269842	0.2857952508034437
chr9:83971970	wtdmso	wtcsc	2	1	32	41	2.5625	0.5835846372688479
chr9:83972970	wtdmso	wtcsc	1	3	28	33	0.39285714285714285	0.6222084367245657
chr9:83973294	wtdmso	wtcsc	3	4	27	33	0.9166666666666666	1.0
chr9:83973370	wtdmso	wtcsc	2	5	30	30	0.4	0.4307309605817068
chr9:83973376	wtdmso	wtcsc	2	2	29	32	1.103448275862069	1.0
chr9:83975479	wtdmso	wtcsc	1	2	12	23	0.9583333333333334	1.0
chr9:83978240	wtdmso	wtcsc	4	8	7	4	0.2857142857142857	0.22034675514282456
chr9:83978375	wtdmso	wtcsc	1	2	11	22	1.0	1.0
chr9:93566003	wtdmso	wtcsc	3	2	8	10	1.875	0.6404053612291598
chr9:99230496	wtdmso	wtcsc	2	5	21	38	0.7238095238095238	1.0
chrX:101391524	wtdmso	wtcsc	22	75	162	302	0.5468312757201647	0.023463905856761863
chrX:101391769	wtdmso	wtcsc	1	3	191	403	0.7033158813263525	1.0
chrX:101395340	wtdmso	wtcsc	2	12	212	414	0.32547169811320753	0.15791621837091263
chrX:101395432	wtdmso	wtcsc	84	190	122	213	0.771872303710095	0.14387869892307584
chrX:101395769	wtdmso	wtcsc	7	15	142	305	1.0023474178403755	1.0
chrX:103377087	wtdmso	wtcsc	1	2	10	21	1.05	1.0
chrX:103377730	wtdmso	wtcsc	1	4	14	20	0.35714285714285715	0.6308859466754202
chrX:103377826	wtdmso	wtcsc	3	5	13	21	0.9692307692307692	1.0
chrX:119468546	wtdmso	wtcsc	3	15	70	75	0.21428571428571427	0.011883525500446936
chrX:119469715	wtdmso	wtcsc	16	13	63	76	1.4847374847374848	0.4142576485990148
chrX:119469859	wtdmso	wtcsc	9	14	71	73	0.6609657947686117	0.38056141560864587
chrX:119469867	wtdmso	wtcsc	1	13	85	86	0.07782805429864253	0.0017339612598205303
chrX:119470024	wtdmso	wtcsc	8	25	72	75	0.3333333333333333	0.011482691187155041
chrX:119470393	wtdmso	wtcsc	3	8	87	105	0.4525862068965517	0.35230028292118176
chrX:119470452	wtdmso	wtcsc	2	1	75	90	2.4	0.593779308852175
chrX:119470899	wtdmso	wtcsc	7	24	90	95	0.30787037037037035	0.010301895248737257
chrX:119470903	wtdmso	wtcsc	3	2	87	110	1.896551724137931	0.6576498570880114
chrX:119470927	wtdmso	wtcsc	8	11	83	98	0.8587075575027382	0.8125860955060535
chrX:119471087	wtdmso	wtcsc	39	52	38	42	0.8289473684210527	0.6441771232010696
chrX:119471202	wtdmso	wtcsc	4	8	70	79	0.5642857142857143	0.5489039036849139
chrX:119471245	wtdmso	wtcsc	11	12	84	96	1.0476190476190477	1.0
chrX:119786554	wtdmso	wtcsc	15	52	180	275	0.4407051282051282	0.006674241245290927
chrX:119786700	wtdmso	wtcsc	1	10	215	342	0.15906976744186047	0.058869019515517346
chrX:119789923	wtdmso	wtcsc	16	19	167	279	1.4068704695871415	0.3678171769188488
chrX:119789998	wtdmso	wtcsc	6	10	181	297	0.9845303867403314	1.0
chrX:119791590	wtdmso	wtcsc	29	45	167	274	1.0573519627411843	0.8971614729576984
chrX:119871934	wtdmso	wtcsc	1	4	31	54	0.43548387096774194	0.651767214871474
chrX:119871970	wtdmso	wtcsc	3	13	12	38	0.7307692307692307	1.0
chrX:119876523	wtdmso	wtcsc	1	5	31	55	0.3548387096774194	0.6608081708228264
chrX:12975138	wtdmso	wtcsc	14	13	56	80	1.5384615384615385	0.39505064186553895
chrX:12976268	wtdmso	wtcsc	5	8	108	202	1.1689814814814814	0.7738279084203894
chrX:12976311	wtdmso	wtcsc	5	9	115	230	1.1111111111111112	1.0
chrX:12976321	wtdmso	wtcsc	2	1	122	231	3.7868852459016393	0.27886787493193793
chrX:12976783	wtdmso	wtcsc	24	37	109	209	1.2437391519960328	0.46612183549622543
chrX:12976886	wtdmso	wtcsc	3	6	133	245	0.9210526315789473	1.0
chrX:12976925	wtdmso	wtcsc	47	108	86	139	0.703380706287683	0.12595575574770881
chrX:12976952	wtdmso	wtcsc	5	16	127	229	0.5634842519685039	0.3492188290298659
chrX:12977022	wtdmso	wtcsc	5	23	138	234	0.3686200378071834	0.042254654674417594
chrX:1386276	wtdmso	wtcsc	2	3	137	173	0.8418491484184915	1.0
chrX:1386331	wtdmso	wtcsc	8	11	193	245	0.9232218558643429	1.0
chrX:1386347	wtdmso	wtcsc	48	51	165	229	1.3062388591800356	0.257146889304179
chrX:1386381	wtdmso	wtcsc	39	59	168	218	0.8577481840193705	0.5679042958387002
chrX:1386525	wtdmso	wtcsc	39	43	130	136	0.9488372093023256	0.8996155010712743
chrX:1386551	wtdmso	wtcsc	4	11	242	281	0.4222389181066867	0.18873350358005542
chrX:1386560	wtdmso	wtcsc	13	9	226	278	1.7767944936086528	0.19796148561272808
chrX:1386755	wtdmso	wtcsc	1	5	185	225	0.24324324324324326	0.23114008837661365
chrX:1387397	wtdmso	wtcsc	36	58	159	179	0.6987638256343527	0.1595838117609027
chrX:1389362	wtdmso	wtcsc	15	28	165	208	0.6753246753246753	0.25952093109759206
chrX:1389423	wtdmso	wtcsc	9	13	166	204	0.8507877664504171	0.8267131161412381
chrX:1389527	wtdmso	wtcsc	16	23	114	168	1.0251716247139588	1.0
chrX:1389671	wtdmso	wtcsc	53	65	93	106	0.9293631100082713	0.8158717753075437
chrX:1391977	wtdmso	wtcsc	3	5	146	187	0.7684931506849315	1.0
chrX:1392000	wtdmso	wtcsc	8	21	116	143	0.4696223316912972	0.11234978750213455
chrX:152972555	wtdmso	wtcsc	1	1	15	22	1.4666666666666666	1.0
chrX:152972712	wtdmso	wtcsc	4	6	11	22	1.3333333333333333	0.7190171456874885
chrX:152972783	wtdmso	wtcsc	2	2	13	24	1.8461538461538463	0.6148908857509628
chrX:152973174	wtdmso	wtcsc	1	1	16	29	1.8125	1.0
chrX:152973308	wtdmso	wtcsc	2	1	15	33	4.4	0.25469387755102046
chrX:153700539	wtdmso	wtcsc	3	11	30	42	0.38181818181818183	0.23102870300146539
chrX:153700622	wtdmso	wtcsc	3	6	31	43	0.6935483870967742	0.730954105372069
chrX:153700754	wtdmso	wtcsc	3	5	38	57	0.9	1.0
chrX:153702105	wtdmso	wtcsc	2	1	14	40	5.714285714285714	0.1872863978127136
chrX:153702975	wtdmso	wtcsc	2	4	11	34	1.5454545454545454	0.6376767543280031
chrX:153703971	wtdmso	wtcsc	1	1	10	32	3.2	0.4418604651162791
chrX:153704074	wtdmso	wtcsc	1	4	12	27	0.5625	1.0
chrX:153715640	wtdmso	wtcsc	1	2	12	28	1.1666666666666667	1.0
chrX:153723228	wtdmso	wtcsc	1	9	10	19	0.2111111111111111	0.228249896755839
chrX:153796531	wtdmso	wtcsc	2	1	59	67	2.2711864406779663	0.602413706280901
chrX:153796541	wtdmso	wtcsc	3	6	48	58	0.6041666666666666	0.7290479205594242
chrX:153797458	wtdmso	wtcsc	11	10	53	67	1.390566037735849	0.6355309708425717
chrX:153798089	wtdmso	wtcsc	3	3	57	65	1.1403508771929824	1.0
chrX:153798128	wtdmso	wtcsc	6	7	48	60	1.0714285714285714	1.0
chrX:153798481	wtdmso	wtcsc	3	5	41	51	0.7463414634146341	1.0
chrX:153798488	wtdmso	wtcsc	4	11	9	18	0.7272727272727273	0.7387454277468296
chrX:154010734	wtdmso	wtcsc	1	2	24	53	1.1041666666666667	1.0
chrX:154010793	wtdmso	wtcsc	1	6	26	53	0.33974358974358976	0.42520573770173287
chrX:154010956	wtdmso	wtcsc	2	8	22	47	0.5340909090909091	0.7149085533329466
chrX:154011121	wtdmso	wtcsc	1	4	14	44	0.7857142857142857	1.0
chrX:154011141	wtdmso	wtcsc	2	4	13	45	1.7307692307692308	0.618492816104832
chrX:154011305	wtdmso	wtcsc	1	2	11	31	1.4090909090909092	1.0
chrX:154011677	wtdmso	wtcsc	1	7	11	23	0.2987012987012987	0.40235228810325085
chrX:154011898	wtdmso	wtcsc	1	7	12	23	0.27380952380952384	0.39954445295222085
chrX:154011903	wtdmso	wtcsc	1	8	11	24	0.2727272727272727	0.40543010740341856
chrX:154012563	wtdmso	wtcsc	1	2	10	28	1.4	1.0
chrX:154012676	wtdmso	wtcsc	4	8	8	17	1.0625	1.0
chrX:154013140	wtdmso	wtcsc	3	4	7	10	1.0714285714285714	1.0
chrX:154013159	wtdmso	wtcsc	1	9	10	18	0.2	0.22511906469399662
chrX:154348679	wtdmso	wtcsc	4	11	185	210	0.41277641277641275	0.18610547608465322
chrX:154348927	wtdmso	wtcsc	12	17	139	157	0.7972915785019044	0.6971102130944027
chrX:154348997	wtdmso	wtcsc	16	20	152	184	0.968421052631579	1.0
chrX:154349375	wtdmso	wtcsc	17	21	157	182	0.9384288747346072	0.865886381686334
chrX:154349502	wtdmso	wtcsc	16	22	120	153	0.9272727272727272	0.8631937024187242
chrX:154349510	wtdmso	wtcsc	3	12	143	176	0.3076923076923077	0.06610069870912444
chrX:154349807	wtdmso	wtcsc	1	10	126	165	0.13095238095238096	0.02820207238385026
chrX:154349842	wtdmso	wtcsc	12	27	109	143	0.583078491335372	0.16424035936578552
chrX:154349863	wtdmso	wtcsc	1	8	125	156	0.156	0.08265663689402594
chrX:154350080	wtdmso	wtcsc	5	14	113	153	0.4835651074589128	0.2287919952882062
chrX:154350913	wtdmso	wtcsc	10	14	85	136	1.1428571428571428	0.826617831047356
chrX:154351661	wtdmso	wtcsc	9	25	67	108	0.5802985074626865	0.24321421245075908
chrX:154351692	wtdmso	wtcsc	2	6	83	132	0.5301204819277109	0.7134142615686416
chrX:154351930	wtdmso	wtcsc	7	9	73	105	1.1187214611872147	1.0
chrX:154352003	wtdmso	wtcsc	4	8	56	104	0.9285714285714286	1.0
chrX:154352365	wtdmso	wtcsc	1	8	68	107	0.19669117647058823	0.15662045562265867
chrX:154352414	wtdmso	wtcsc	2	9	62	95	0.34050179211469533	0.2086825610024976
chrX:154352426	wtdmso	wtcsc	4	5	60	94	1.2533333333333334	0.7388508854629235
chrX:154352572	wtdmso	wtcsc	6	16	59	85	0.5402542372881356	0.2498898066979434
chrX:154352651	wtdmso	wtcsc	1	1	46	92	2.0	1.0
chrX:154352863	wtdmso	wtcsc	10	12	45	78	1.4444444444444444	0.47839888118351515
chrX:154353593	wtdmso	wtcsc	7	11	33	62	1.1955922865013775	0.7908160267436799
chrX:154353658	wtdmso	wtcsc	1	1	34	64	1.8823529411764706	1.0
chrX:154353672	wtdmso	wtcsc	1	3	27	58	0.7160493827160493	1.0
chrX:154353958	wtdmso	wtcsc	8	18	31	50	0.7168458781362007	0.6403357654469117
chrX:154354179	wtdmso	wtcsc	1	1	29	47	1.6206896551724137	1.0
chrX:154354222	wtdmso	wtcsc	2	6	34	54	0.5294117647058824	0.7059208386456628
chrX:154354242	wtdmso	wtcsc	1	8	34	50	0.18382352941176472	0.14594207907130663
chrX:154354440	wtdmso	wtcsc	2	11	27	44	0.2962962962962963	0.20282138297729255
chrX:154354697	wtdmso	wtcsc	5	13	18	25	0.5341880341880342	0.39028264734826035
chrX:154355017	wtdmso	wtcsc	5	4	22	46	2.6136363636363638	0.26405854031594045
chrX:154357541	wtdmso	wtcsc	1	8	9	39	0.5416666666666666	1.0
chrX:154380331	wtdmso	wtcsc	1	2	9	13	0.7222222222222222	1.0
chrX:154381252	wtdmso	wtcsc	1	2	9	15	0.8333333333333334	1.0
chrX:154399354	wtdmso	wtcsc	8	24	685	899	0.43746958637469585	0.04644554610284367
chrX:154399507	wtdmso	wtcsc	25	52	719	926	0.6191826254413181	0.059366376887490996
chrX:154399937	wtdmso	wtcsc	14	18	744	1021	1.0673536439665472	0.8586194563244157
chrX:154400470	wtdmso	wtcsc	10	17	739	1062	0.8453394889755632	0.8441466654994653
chrX:154400564	wtdmso	wtcsc	18	83	804	1029	0.27755799316669666	8.146478494954886e-08
chrX:154400756	wtdmso	wtcsc	12	35	804	1100	0.4690831556503198	0.024256513227326644
chrX:154400828	wtdmso	wtcsc	49	92	637	903	0.7550167224080268	0.12919476040013028
chrX:154429049	wtdmso	wtcsc	3	2	7	9	1.9285714285714286	0.6351172047766475
chrX:154434378	wtdmso	wtcsc	1	2	10	9	0.45	1.0
chrX:154434404	wtdmso	wtcsc	3	1	9	10	3.3333333333333335	0.5900621118012421
chrX:154434414	wtdmso	wtcsc	10	9	1	1	1.1111111111111112	1.0
chrX:154435963	wtdmso	wtcsc	7	8	6	2	0.2916666666666667	0.37878583927850307
chrX:154436292	wtdmso	wtcsc	1	2	15	10	0.3333333333333333	0.5604395604395604
chrX:154442390	wtdmso	wtcsc	1	2	9	9	0.5	1.0
chrX:154442951	wtdmso	wtcsc	4	1	18	15	3.3333333333333335	0.3741109530583214
chrX:154531566	wtdmso	wtcsc	5	1	45	56	6.222222222222222	0.09569715919887284
chrX:154531788	wtdmso	wtcsc	1	1	47	53	1.127659574468085	1.0
chrX:154531913	wtdmso	wtcsc	3	3	41	54	1.3170731707317074	1.0
chrX:154531920	wtdmso	wtcsc	6	5	40	51	1.53	0.5377465507259662
chrX:154531928	wtdmso	wtcsc	12	12	37	43	1.162162162162162	0.8176992362416373
chrX:154532015	wtdmso	wtcsc	3	7	41	48	0.5017421602787456	0.5048975058974731
chrX:154532586	wtdmso	wtcsc	6	10	24	28	0.7	0.5794088895903295
chrX:154533060	wtdmso	wtcsc	5	9	6	18	1.6666666666666667	0.7120886835929694
chrX:154534127	wtdmso	wtcsc	1	1	9	10	1.1111111111111112	1.0
chrX:154534352	wtdmso	wtcsc	2	3	9	9	0.6666666666666666	1.0
chrX:154534487	wtdmso	wtcsc	1	2	9	8	0.4444444444444444	1.0
chrX:154535194	wtdmso	wtcsc	1	4	10	8	0.2	0.3167701863354037
chrX:23667705	wtdmso	wtcsc	3	1	27	18	2.0	1.0
chrX:23671557	wtdmso	wtcsc	2	4	29	17	0.29310344827586204	0.20651741875146135
chrX:23671596	wtdmso	wtcsc	1	1	31	19	0.6129032258064516	1.0
chrX:23679191	wtdmso	wtcsc	2	2	11	15	1.3636363636363635	1.0
chrX:23679247	wtdmso	wtcsc	2	1	28	21	1.5	1.0
chrX:23679268	wtdmso	wtcsc	1	2	10	15	0.75	1.0
chrX:23682477	wtdmso	wtcsc	1	2	28	20	0.35714285714285715	0.57109243697479
chrX:23682515	wtdmso	wtcsc	1	2	22	15	0.3409090909090909	0.564676113360324
chrX:23686325	wtdmso	wtcsc	1	3	28	17	0.20238095238095238	0.2910003964583058
chrX:23783248	wtdmso	wtcsc	22	51	112	173	0.6663165266106442	0.17563545666246752
chrX:23783284	wtdmso	wtcsc	2	7	149	246	0.47171620325982744	0.4935841741467891
chrX:23783397	wtdmso	wtcsc	6	15	145	238	0.6565517241379311	0.49049128455092506
chrX:23783686	wtdmso	wtcsc	4	8	151	244	0.8079470198675497	1.0
chrX:23783699	wtdmso	wtcsc	9	25	160	260	0.585	0.20052624560718746
chrX:23783873	wtdmso	wtcsc	8	30	154	254	0.43982683982683984	0.051373706571504606
chrX:23785328	wtdmso	wtcsc	12	19	145	254	1.1063520871143375	0.8471886701870709
chrX:23785369	wtdmso	wtcsc	1	11	151	246	0.14810355207706202	0.036910452965424195
chrX:23785402	wtdmso	wtcsc	7	13	148	244	0.8877338877338877	1.0
chrX:23785741	wtdmso	wtcsc	8	42	164	257	0.29849012775842043	0.001044011749935583
chrX:23785804	wtdmso	wtcsc	22	25	163	279	1.5062576687116565	0.2063827407682154
chrX:23785874	wtdmso	wtcsc	4	4	151	253	1.6754966887417218	0.4814026127498565
chrX:23786113	wtdmso	wtcsc	4	6	154	257	1.1125541125541125	1.0
chrX:23786193	wtdmso	wtcsc	3	2	126	195	2.3214285714285716	0.38789662795527724
chrX:2719666	wtdmso	wtcsc	1	3	13	24	0.6153846153846154	1.0
chrX:2720373	wtdmso	wtcsc	8	14	5	18	2.057142857142857	0.336772393493891
chrX:2722644	wtdmso	wtcsc	1	3	11	27	0.8181818181818182	1.0
chrX:2738203	wtdmso	wtcsc	1	1	12	26	2.1666666666666665	1.0
chrX:2740849	wtdmso	wtcsc	1	3	11	27	0.8181818181818182	1.0
chrX:2740877	wtdmso	wtcsc	3	4	9	23	1.9166666666666667	0.6535854740189104
chrX:47142256	wtdmso	wtcsc	3	4	22	34	1.1590909090909092	1.0
chrX:47142316	wtdmso	wtcsc	1	2	28	41	0.7321428571428571	1.0
chrX:47142619	wtdmso	wtcsc	6	2	33	39	3.5454545454545454	0.14971388937055657
chrX:47142694	wtdmso	wtcsc	3	4	35	36	0.7714285714285715	1.0
chrX:47142715	wtdmso	wtcsc	2	1	27	37	2.740740740740741	0.5744285565181088
chrX:47142721	wtdmso	wtcsc	1	1	34	32	0.9411764705882353	1.0
chrX:47142736	wtdmso	wtcsc	4	8	35	34	0.4857142857142857	0.3533758394925745
chrX:47144499	wtdmso	wtcsc	6	8	23	34	1.108695652173913	1.0
chrX:47144506	wtdmso	wtcsc	12	10	22	26	1.4181818181818182	0.6085877066513002
chrX:47144529	wtdmso	wtcsc	6	7	29	34	1.0049261083743843	1.0
chrX:47144573	wtdmso	wtcsc	9	15	17	17	0.6	0.42576945341715783
chrX:47202722	wtdmso	wtcsc	1	2	11	10	0.45454545454545453	1.0
chrX:47203012	wtdmso	wtcsc	1	1	19	11	0.5789473684210527	1.0
chrX:47203140	wtdmso	wtcsc	2	4	23	8	0.17391304347826086	0.07279127867363161
chrX:47203637	wtdmso	wtcsc	1	1	22	9	0.4090909090909091	0.5208333333333334
chrX:47206020	wtdmso	wtcsc	5	2	24	13	1.3541666666666667	1.0
chrX:47206035	wtdmso	wtcsc	1	1	11	12	1.0909090909090908	1.0
chrX:47206098	wtdmso	wtcsc	1	2	27	23	0.42592592592592593	0.5966020660804234
chrX:47206259	wtdmso	wtcsc	1	2	22	19	0.4318181818181818	0.5988372093023256
chrX:47206373	wtdmso	wtcsc	12	9	14	17	1.619047619047619	0.5724889134937288
chrX:47209949	wtdmso	wtcsc	5	10	25	19	0.38	0.14316508132189698
chrX:47210037	wtdmso	wtcsc	3	3	25	22	0.88	1.0
chrX:47210045	wtdmso	wtcsc	1	3	29	25	0.28735632183908044	0.3444976076555024
chrX:47210082	wtdmso	wtcsc	5	7	26	22	0.6043956043956044	0.5269094970726917
chrX:47210118	wtdmso	wtcsc	3	2	23	21	1.3695652173913044	1.0
chrX:47211048	wtdmso	wtcsc	3	1	28	33	3.5357142857142856	0.34070512820512816
chrX:47211108	wtdmso	wtcsc	7	3	26	29	2.6025641025641026	0.3033872431950845
chrX:47212468	wtdmso	wtcsc	1	3	25	25	0.3333333333333333	0.611542730299667
chrX:47212501	wtdmso	wtcsc	4	5	37	34	0.7351351351351352	0.734201570061636
chrX:47212831	wtdmso	wtcsc	1	1	43	37	0.8604651162790697	1.0
chrX:47213101	wtdmso	wtcsc	4	5	40	30	0.6	0.49922687834810986
chrX:47213156	wtdmso	wtcsc	1	1	43	38	0.8837209302325582	1.0
chrX:47214398	wtdmso	wtcsc	1	7	50	39	0.11142857142857143	0.025099981342526258
chrX:47214406	wtdmso	wtcsc	1	5	49	41	0.1673469387755102	0.10117619394296418
chrX:47214536	wtdmso	wtcsc	1	1	48	36	0.75	1.0
chrX:47214928	wtdmso	wtcsc	3	4	51	34	0.5	0.441686231616358
chrX:47215061	wtdmso	wtcsc	2	3	50	40	0.5333333333333333	0.6555726399344126
chrX:47215121	wtdmso	wtcsc	2	2	20	11	0.55	0.6176470588235294
chrX:47225992	wtdmso	wtcsc	1	3	9	19	0.7037037037037037	1.0
chrX:47226001	wtdmso	wtcsc	2	1	8	22	5.5	0.2116935483870968
chrX:47226342	wtdmso	wtcsc	1	1	9	25	2.7777777777777777	0.4841269841269842
chrX:47227466	wtdmso	wtcsc	1	2	10	20	1.0	1.0
chrX:47228638	wtdmso	wtcsc	6	4	7	8	1.7142857142857142	0.6881679903082513
chrX:47583408	wtdmso	wtcsc	21	83	136	297	0.5525336640680368	0.030217267292514782
chrX:47584958	wtdmso	wtcsc	3	12	177	418	0.5903954802259888	0.5705260341349807
chrX:47585009	wtdmso	wtcsc	1	2	183	455	1.2431693989071038	1.0
chrX:47585546	wtdmso	wtcsc	7	37	179	391	0.41325683225124565	0.03965018561032185
chrX:47585558	wtdmso	wtcsc	29	87	136	315	0.7720588235294118	0.3035322758933967
chrX:47585599	wtdmso	wtcsc	14	58	185	419	0.5466915191053122	0.05523344888255692
chrX:47585637	wtdmso	wtcsc	9	41	186	425	0.501573564122738	0.07551567934695541
chrX:47586549	wtdmso	wtcsc	8	31	182	438	0.6210563629918469	0.2775878379533537
chrX:47586581	wtdmso	wtcsc	4	19	169	369	0.4596698847710993	0.17442207585683212
chrX:47586760	wtdmso	wtcsc	16	30	159	367	1.2310272536687632	0.5089278905029821
chrX:47651841	wtdmso	wtcsc	3	2	12	21	2.625	0.3649067023680026
chrX:47651883	wtdmso	wtcsc	1	2	17	45	1.3235294117647058	1.0
chrX:47652120	wtdmso	wtcsc	3	7	15	30	0.8571428571428571	1.0
chrX:47657592	wtdmso	wtcsc	4	5	22	44	1.6	0.7105160118611434
chrX:47658835	wtdmso	wtcsc	1	1	28	44	1.5714285714285714	1.0
chrX:49171985	wtdmso	wtcsc	9	4	61	75	2.7663934426229506	0.14427032723955419
chrX:49173240	wtdmso	wtcsc	4	11	58	59	0.36990595611285265	0.10762924341893312
chrX:49173399	wtdmso	wtcsc	13	25	66	58	0.45696969696969697	0.04355276087014817
chrX:49174671	wtdmso	wtcsc	2	5	69	69	0.4	0.4422256027171655
chrX:49174698	wtdmso	wtcsc	21	34	62	53	0.527988614800759	0.07109239170690515
chrX:49174731	wtdmso	wtcsc	9	15	70	71	0.6085714285714285	0.37703604384143086
chrX:49174748	wtdmso	wtcsc	7	13	72	72	0.5384615384615384	0.2393605806131309
chrX:49174932	wtdmso	wtcsc	6	18	62	61	0.3279569892473118	0.025912890248896685
chrX:49174937	wtdmso	wtcsc	10	9	70	84	1.3333333333333333	0.6294361529109131
chrX:49175010	wtdmso	wtcsc	6	15	73	80	0.4383561643835616	0.10845651927613816
chrX:56729327	wtdmso	wtcsc	2	4	11	19	0.8636363636363636	1.0
chrX:56732083	wtdmso	wtcsc	1	2	14	34	1.2142857142857142	1.0
chrX:56732176	wtdmso	wtcsc	1	1	13	33	2.5384615384615383	0.5026595744680853
chrX:56817434	wtdmso	wtcsc	6	11	9	25	1.5151515151515151	0.5319894655889981
chrX:56817488	wtdmso	wtcsc	3	13	12	23	0.4423076923076923	0.3330614361560594
chrX:56817521	wtdmso	wtcsc	2	6	12	31	0.8611111111111112	1.0
chrX:65741093	wtdmso	wtcsc	2	3	14	7	0.3333333333333333	0.3402249923989054
chrX:65741661	wtdmso	wtcsc	1	1	37	25	0.6756756756756757	1.0
chrX:65741781	wtdmso	wtcsc	1	3	34	22	0.21568627450980393	0.29839941759717825
chrX:71300904	wtdmso	wtcsc	3	1	7	14	6.0	0.266798418972332
chrX:71300982	wtdmso	wtcsc	1	2	9	15	0.8333333333333334	1.0
chrX:72272653	wtdmso	wtcsc	11	9	547	631	1.4099126548852325	0.5022626153140495
chrX:72272685	wtdmso	wtcsc	1	2	555	640	0.5765765765765766	1.0
chrX:72272697	wtdmso	wtcsc	23	39	502	546	0.6414342629482072	0.11600596667037145
chrX:72272704	wtdmso	wtcsc	3	1	531	623	3.519774011299435	0.3401594335886249
chrX:72273371	wtdmso	wtcsc	61	110	458	497	0.6017665740373164	0.003473485970875782
chrX:72273836	wtdmso	wtcsc	2	13	489	565	0.17775680352367468	0.01585589666893559
chrX:72273911	wtdmso	wtcsc	46	93	475	537	0.5591850594227504	0.0026118032792610026
chrX:72275101	wtdmso	wtcsc	19	51	447	514	0.42838970039917534	0.001736954403923177
chrX:72275134	wtdmso	wtcsc	11	25	468	532	0.5001709401709402	0.06172152582484512
chrX:72275573	wtdmso	wtcsc	115	180	378	400	0.6760728982951205	0.004940754883447265
chrX:72275656	wtdmso	wtcsc	13	23	359	398	0.6266198377134552	0.23158402658674104
chrX:72276167	wtdmso	wtcsc	8	15	434	494	0.6070660522273426	0.2946217090887824
chrX:78104301	wtdmso	wtcsc	1	1	16	40	2.5	0.5039322444041138
chrX:78109892	wtdmso	wtcsc	2	2	27	42	1.5555555555555556	1.0
chrX:78113781	wtdmso	wtcsc	1	3	16	32	0.6666666666666666	1.0
chrX:78113878	wtdmso	wtcsc	4	7	30	41	0.780952380952381	1.0
chrX:78114035	wtdmso	wtcsc	5	3	26	38	2.4358974358974357	0.27764949676823253
chrX:78114104	wtdmso	wtcsc	3	4	33	38	0.8636363636363636	1.0
chrX:78114155	wtdmso	wtcsc	1	2	35	42	0.6	1.0
chrX:78118112	wtdmso	wtcsc	4	10	34	41	0.4823529411764706	0.3781846639056583
chrX:78123240	wtdmso	wtcsc	6	9	44	52	0.7878787878787878	0.7836349038885524
chrX:78123291	wtdmso	wtcsc	3	4	48	58	0.90625	1.0
chrX:78123306	wtdmso	wtcsc	1	6	38	42	0.18421052631578946	0.12393646499191013
chrX:78124880	wtdmso	wtcsc	22	26	29	39	1.1379310344827587	0.8496037604167044
chrX:78125362	wtdmso	wtcsc	3	4	46	51	0.8315217391304348	1.0
chrX:78125960	wtdmso	wtcsc	4	8	52	56	0.5384615384615384	0.37630877270151175
chrX:78126051	wtdmso	wtcsc	1	4	49	56	0.2857142857142857	0.37404569574680185
