site	cond1	cond2	mod_cond1	mod_cond2	unmod_cond1	unmod_cond2	odds_ratio	pvalue
chr10:100361831	wtdmso	mtdmso	1	1	20	25	1.25	1.0
chr10:100362195	wtdmso	mtdmso	10	9	17	27	1.7647058823529411	0.40685173407898806
chr10:100362220	wtdmso	mtdmso	1	1	27	36	1.3333333333333333	1.0
chr10:100362647	wtdmso	mtdmso	1	3	39	42	0.358974358974359	0.6186261751247661
chr10:100362752	wtdmso	mtdmso	1	2	32	43	0.671875	1.0
chr10:100362913	wtdmso	mtdmso	4	6	32	43	0.8958333333333334	1.0
chr10:100363046	wtdmso	mtdmso	6	10	40	65	0.975	1.0
chr10:100363097	wtdmso	mtdmso	22	28	34	62	1.4327731092436975	0.3706747820636763
chr10:100363150	wtdmso	mtdmso	19	38	32	29	0.453125	0.04219344923457836
chr10:100363246	wtdmso	mtdmso	2	3	54	82	1.0123456790123457	1.0
chr10:100363253	wtdmso	mtdmso	1	2	56	66	0.5892857142857143	1.0
chr10:100363423	wtdmso	mtdmso	4	10	63	87	0.5523809523809524	0.4030616644484576
chr10:100363743	wtdmso	mtdmso	8	13	37	45	0.7484407484407485	0.628040744630656
chr10:100363779	wtdmso	mtdmso	6	9	41	52	0.8455284552845529	1.0
chr10:100363945	wtdmso	mtdmso	1	1	51	65	1.2745098039215685	1.0
chr10:100364038	wtdmso	mtdmso	2	1	60	67	2.2333333333333334	0.6052213774597496
chr10:100364310	wtdmso	mtdmso	7	8	67	67	0.875	1.0
chr10:100364322	wtdmso	mtdmso	3	2	76	84	1.6578947368421053	0.6711013659923615
chr10:100364341	wtdmso	mtdmso	1	5	82	88	0.2146341463414634	0.21528133115944473
chr10:100364392	wtdmso	mtdmso	1	1	39	23	0.5897435897435898	1.0
chr10:100364422	wtdmso	mtdmso	3	9	76	81	0.35526315789473684	0.14193900235732537
chr10:100364475	wtdmso	mtdmso	3	3	85	96	1.1294117647058823	1.0
chr10:100364512	wtdmso	mtdmso	18	21	79	76	0.8245931283905967	0.7204701157533744
chr10:100364569	wtdmso	mtdmso	8	14	70	71	0.5795918367346938	0.26243363559237964
chr10:100364601	wtdmso	mtdmso	6	10	93	92	0.5935483870967742	0.4362460376627225
chr10:100364610	wtdmso	mtdmso	1	1	85	90	1.0588235294117647	1.0
chr10:100364650	wtdmso	mtdmso	1	1	94	94	1.0	1.0
chr10:100364725	wtdmso	mtdmso	7	12	86	85	0.5765503875968992	0.33591351510195805
chr10:100523800	wtdmso	mtdmso	3	2	20	19	1.425	1.0
chr10:100523926	wtdmso	mtdmso	3	2	19	15	1.1842105263157894	1.0
chr10:100526522	wtdmso	mtdmso	5	1	22	23	5.2272727272727275	0.19521595872391506
chr10:100526977	wtdmso	mtdmso	4	4	22	20	0.9090909090909091	1.0
chr10:100526987	wtdmso	mtdmso	8	7	18	15	0.9523809523809523	1.0
chr10:100529402	wtdmso	mtdmso	5	6	21	16	0.6349206349206349	0.731674128962962
chr10:100529494	wtdmso	mtdmso	1	1	24	20	0.8333333333333334	1.0
chr10:100529769	wtdmso	mtdmso	1	2	20	14	0.35	0.5675675675675675
chr10:103389058	wtdmso	mtdmso	5	3	8	7	1.4583333333333333	1.0
chr10:103392371	wtdmso	mtdmso	19	8	22	17	1.8352272727272727	0.30727326290110846
chr10:104031404	wtdmso	mtdmso	12	12	76	54	0.7105263157894737	0.5037946651594327
chr10:104031464	wtdmso	mtdmso	8	9	64	46	0.6388888888888888	0.4373460796608662
chr10:104031516	wtdmso	mtdmso	11	4	60	51	2.3375	0.1783987538292048
chr10:104031558	wtdmso	mtdmso	25	12	50	46	1.9166666666666667	0.1217510735589129
chr10:104031722	wtdmso	mtdmso	2	12	75	54	0.12	0.0032655435796927644
chr10:104031824	wtdmso	mtdmso	9	2	60	62	4.65	0.056622870660627996
chr10:104031963	wtdmso	mtdmso	18	21	52	36	0.5934065934065934	0.18338157572571875
chr10:104031990	wtdmso	mtdmso	9	7	44	37	1.0811688311688312	1.0
chr10:104032023	wtdmso	mtdmso	10	11	57	40	0.6379585326953748	0.466836426037056
chr10:104032084	wtdmso	mtdmso	7	3	57	43	1.760233918128655	0.516265121289128
chr10:104032126	wtdmso	mtdmso	6	5	52	34	0.7846153846153846	0.7513709492404097
chr10:104032207	wtdmso	mtdmso	12	1	71	45	7.605633802816901	0.031566663453833216
chr10:104032218	wtdmso	mtdmso	6	2	72	43	1.7916666666666667	0.7091231235356787
chr10:104032698	wtdmso	mtdmso	12	6	77	31	0.8051948051948052	0.7808887850517539
chr10:104032912	wtdmso	mtdmso	18	12	70	26	0.5571428571428572	0.2538893259800806
chr10:104032948	wtdmso	mtdmso	3	4	76	32	0.3157894736842105	0.2026904910212181
chr10:104033237	wtdmso	mtdmso	3	1	79	31	1.1772151898734178	1.0
chr10:104033257	wtdmso	mtdmso	8	2	65	28	1.7230769230769232	0.7195931525885331
chr10:104033264	wtdmso	mtdmso	6	3	71	27	0.7605633802816901	0.7082394875750458
chr10:104034003	wtdmso	mtdmso	6	2	68	26	1.1470588235294117	1.0
chr10:104034017	wtdmso	mtdmso	13	6	55	21	0.8272727272727273	0.7791044310877089
chr10:104034267	wtdmso	mtdmso	10	6	44	17	0.6439393939393939	0.5422114661676056
chr10:104034278	wtdmso	mtdmso	7	2	51	22	1.5098039215686274	1.0
chr10:104034732	wtdmso	mtdmso	7	5	46	16	0.48695652173913045	0.30306910351279004
chr10:104035282	wtdmso	mtdmso	9	4	44	20	1.0227272727272727	1.0
chr10:104036532	wtdmso	mtdmso	2	2	45	17	0.37777777777777777	0.572531635031635
chr10:104037635	wtdmso	mtdmso	2	3	38	17	0.2982456140350877	0.32161643149369623
chr10:104037708	wtdmso	mtdmso	7	2	35	15	1.5	1.0
chr10:104037769	wtdmso	mtdmso	4	1	39	15	1.5384615384615385	1.0
chr10:104039460	wtdmso	mtdmso	4	2	33	14	0.8484848484848485	1.0
chr10:104039487	wtdmso	mtdmso	1	1	37	14	0.3783783783783784	0.48984034833091444
chr10:104039502	wtdmso	mtdmso	5	3	27	9	0.5555555555555556	0.6625414123100484
chr10:104039979	wtdmso	mtdmso	2	1	33	15	0.9090909090909091	1.0
chr10:104041318	wtdmso	mtdmso	2	2	29	11	0.3793103448275862	0.5695427657991468
chr10:104042426	wtdmso	mtdmso	2	1	27	10	0.7407407407407407	1.0
chr10:104043525	wtdmso	mtdmso	1	1	30	14	0.4666666666666667	1.0
chr10:104043830	wtdmso	mtdmso	2	1	30	13	0.8666666666666667	1.0
chr10:104043855	wtdmso	mtdmso	3	3	28	10	0.35714285714285715	0.3394137059763833
chr10:104045791	wtdmso	mtdmso	2	1	28	11	0.7857142857142857	1.0
chr10:104046762	wtdmso	mtdmso	1	2	27	11	0.2037037037037037	0.23170731707317072
chr10:104047763	wtdmso	mtdmso	3	3	26	8	0.3076923076923077	0.3193456614509246
chr10:104050104	wtdmso	mtdmso	1	2	24	8	0.16666666666666666	0.19022154316271964
chr10:104050627	wtdmso	mtdmso	1	2	21	8	0.19047619047619047	0.22379032258064516
chr10:104050645	wtdmso	mtdmso	1	1	11	9	0.8181818181818182	1.0
chr10:104259748	wtdmso	mtdmso	3	3	65	49	0.7538461538461538	1.0
chr10:104266089	wtdmso	mtdmso	17	22	57	33	0.4473684210526316	0.05213688379979726
chr10:104267278	wtdmso	mtdmso	8	3	60	45	2.0	0.3588656009000013
chr10:104267340	wtdmso	mtdmso	9	7	63	44	0.8979591836734694	1.0
chr10:104267373	wtdmso	mtdmso	3	2	66	48	1.0909090909090908	1.0
chr10:104267391	wtdmso	mtdmso	9	6	52	28	0.8076923076923077	0.7726635587573243
chr10:11870608	wtdmso	mtdmso	3	6	9	6	0.3333333333333333	0.40032305828509895
chr10:119500056	wtdmso	mtdmso	4	1	8	9	4.5	0.32330827067669177
chr10:119500186	wtdmso	mtdmso	4	1	8	9	4.5	0.32330827067669177
chr10:122488937	wtdmso	mtdmso	1	4	54	61	0.2824074074074074	0.37330864549209525
chr10:122489487	wtdmso	mtdmso	12	17	38	37	0.6873065015479877	0.5121096313766016
chr10:122489497	wtdmso	mtdmso	3	2	57	64	1.6842105263157894	0.6683550850013298
chr10:122489515	wtdmso	mtdmso	1	1	60	57	0.95	1.0
chr10:122489618	wtdmso	mtdmso	5	5	58	57	0.9827586206896551	1.0
chr10:122506856	wtdmso	mtdmso	2	1	58	58	2.0	1.0
chr10:122506867	wtdmso	mtdmso	1	3	65	61	0.3128205128205128	0.36147225782823655
chr10:122507376	wtdmso	mtdmso	4	5	63	58	0.7365079365079366	0.7387101442155238
chr10:122508755	wtdmso	mtdmso	4	1	61	62	4.065573770491803	0.36535433070866147
chr10:122511989	wtdmso	mtdmso	15	15	47	47	1.0	1.0
chr10:122512001	wtdmso	mtdmso	3	1	24	26	3.25	0.6104328523862375
chr10:122514232	wtdmso	mtdmso	14	19	21	22	0.7719298245614035	0.6461243752108219
chr10:122514291	wtdmso	mtdmso	13	10	73	87	1.5493150684931507	0.3758909666694171
chr10:122514376	wtdmso	mtdmso	27	38	50	49	0.6963157894736842	0.268564319973562
chr10:122514396	wtdmso	mtdmso	41	39	45	46	1.0746438746438747	0.878560671685074
chr10:122514421	wtdmso	mtdmso	53	56	39	42	1.0192307692307692	1.0
chr10:122514442	wtdmso	mtdmso	19	34	69	60	0.4859335038363171	0.034603287089641624
chr10:122514451	wtdmso	mtdmso	22	13	72	84	1.9743589743589745	0.09248411638270843
chr10:122514458	wtdmso	mtdmso	19	19	70	73	1.042857142857143	1.0
chr10:122514484	wtdmso	mtdmso	6	8	83	83	0.75	0.7821004329747938
chr10:122514627	wtdmso	mtdmso	32	46	27	34	0.8760064412238325	0.7319114892749203
chr10:122514653	wtdmso	mtdmso	11	16	81	80	0.6790123456790124	0.4092371645590829
chr10:122514732	wtdmso	mtdmso	49	55	36	37	0.9156565656565656	0.878630234131963
chr10:122514787	wtdmso	mtdmso	11	9	82	89	1.3265582655826558	0.6392332737679751
chr10:122514868	wtdmso	mtdmso	9	17	80	78	0.5161764705882353	0.1436778246965137
chr10:17229515	wtdmso	mtdmso	11	5	106	104	2.158490566037736	0.19828401284875688
chr10:17229666	wtdmso	mtdmso	19	27	103	101	0.6900395541172241	0.32741034356100107
chr10:17229675	wtdmso	mtdmso	17	21	99	103	0.8422318422318422	0.7241803691467936
chr10:17229714	wtdmso	mtdmso	6	6	98	96	0.9795918367346939	1.0
chr10:17229756	wtdmso	mtdmso	3	2	111	113	1.527027027027027	0.683351608538689
chr10:17229864	wtdmso	mtdmso	12	14	138	122	0.7577639751552795	0.5414763577356101
chr10:17229906	wtdmso	mtdmso	6	2	128	121	2.8359375	0.28498302645210377
chr10:17229963	wtdmso	mtdmso	4	4	153	141	0.9215686274509803	1.0
chr10:17233593	wtdmso	mtdmso	2	4	162	147	0.4537037037037037	0.43174285365766996
chr10:17233617	wtdmso	mtdmso	2	8	175	151	0.21571428571428572	0.05128575165911914
chr10:17233669	wtdmso	mtdmso	5	2	148	136	2.2972972972972974	0.45186273932599796
chr10:17233801	wtdmso	mtdmso	24	31	182	144	0.6125487415809997	0.1080300165250861
chr10:17233839	wtdmso	mtdmso	18	21	169	143	0.7252747252747253	0.3961063475614228
chr10:17233896	wtdmso	mtdmso	11	9	198	169	1.0432098765432098	1.0
chr10:17234699	wtdmso	mtdmso	26	18	169	141	1.205128205128205	0.6288136107475817
chr10:17234723	wtdmso	mtdmso	5	2	235	203	2.1595744680851063	0.4596514780652554
chr10:17234815	wtdmso	mtdmso	16	17	247	187	0.7125506072874493	0.36732772510512823
chr10:17235208	wtdmso	mtdmso	14	20	245	182	0.52	0.07413745072247525
chr10:17235229	wtdmso	mtdmso	3	4	262	196	0.5610687022900763	0.46993229433041017
chr10:17235238	wtdmso	mtdmso	6	1	242	196	4.859504132231405	0.13932237660706803
chr10:17235340	wtdmso	mtdmso	1	2	273	217	0.3974358974358974	0.5873469444509657
chr10:17235865	wtdmso	mtdmso	5	4	256	212	1.03515625	1.0
chr10:17235880	wtdmso	mtdmso	23	19	225	183	0.984561403508772	1.0
chr10:17236340	wtdmso	mtdmso	13	15	274	202	0.6389294403892944	0.32619785879400165
chr10:17236364	wtdmso	mtdmso	23	21	264	202	0.838023088023088	0.634450904241738
chr10:17236375	wtdmso	mtdmso	6	5	216	172	0.9555555555555556	1.0
chr10:17237241	wtdmso	mtdmso	3	3	274	222	0.8102189781021898	1.0
chr10:17237260	wtdmso	mtdmso	8	4	270	204	1.511111111111111	0.568402409110771
chr10:17237524	wtdmso	mtdmso	21	17	276	209	0.9354219948849105	0.8662221621928279
chr10:3105491	wtdmso	mtdmso	2	1	11	19	3.4545454545454546	0.5472873900293256
chr10:3107214	wtdmso	mtdmso	1	1	12	18	1.5	1.0
chr10:3108766	wtdmso	mtdmso	1	1	14	19	1.3571428571428572	1.0
chr10:3109439	wtdmso	mtdmso	2	1	13	23	3.5384615384615383	0.5469963891016523
chr10:3112221	wtdmso	mtdmso	1	1	15	20	1.3333333333333333	1.0
chr10:3113138	wtdmso	mtdmso	2	4	22	19	0.4318181818181818	0.41580075870031336
chr10:3119902	wtdmso	mtdmso	1	1	30	24	0.8	1.0
chr10:3120030	wtdmso	mtdmso	3	5	23	19	0.4956521739130435	0.4561202610683066
chr10:3129851	wtdmso	mtdmso	2	3	31	23	0.4946236559139785	0.6458123684430246
chr10:3133222	wtdmso	mtdmso	3	1	33	25	2.272727272727273	0.6329625612849449
chr10:3136538	wtdmso	mtdmso	2	2	31	18	0.5806451612903226	0.6273542218048321
chr10:3136554	wtdmso	mtdmso	4	7	36	33	0.5238095238095238	0.5178922328840391
chr10:3136615	wtdmso	mtdmso	13	15	27	12	0.3851851851851852	0.0792441173231366
chr10:32900620	wtdmso	mtdmso	38	21	52	28	0.9743589743589743	1.0
chr10:32900679	wtdmso	mtdmso	6	1	82	48	3.5121951219512195	0.42111978011502543
chr10:32900870	wtdmso	mtdmso	10	9	69	38	0.6119162640901772	0.44045629035574263
chr10:32900914	wtdmso	mtdmso	5	2	72	39	1.3541666666666667	1.0
chr10:32901079	wtdmso	mtdmso	5	7	61	29	0.3395784543325527	0.10725152341352456
chr10:32901200	wtdmso	mtdmso	4	3	65	39	0.8	1.0
chr10:32901307	wtdmso	mtdmso	12	10	43	28	0.7813953488372093	0.6285704811492441
chr10:32901375	wtdmso	mtdmso	11	5	54	36	1.4666666666666666	0.5868263816174055
chr10:32901386	wtdmso	mtdmso	25	10	35	24	1.7142857142857142	0.2729574932354002
chr10:32908371	wtdmso	mtdmso	1	2	45	30	0.3333333333333333	0.5646458804353542
chr10:32911566	wtdmso	mtdmso	2	3	32	19	0.3958333333333333	0.37102310687216344
chr10:32911606	wtdmso	mtdmso	14	8	22	17	1.3522727272727273	0.7867591321679127
chr10:32911991	wtdmso	mtdmso	4	2	19	17	1.7894736842105263	0.6728614167638558
chr10:4963438	wtdmso	mtdmso	3	2	19	45	3.5526315789473686	0.3175525089484703
chr10:4966014	wtdmso	mtdmso	5	8	18	43	1.4930555555555556	0.5263639734395372
chr10:4967008	wtdmso	mtdmso	2	1	21	55	5.238095238095238	0.20155793573515096
chr10:4972232	wtdmso	mtdmso	1	2	34	49	0.7205882352941176	1.0
chr10:4972304	wtdmso	mtdmso	1	5	43	57	0.2651162790697674	0.3970299617186247
chr10:4972594	wtdmso	mtdmso	9	4	38	62	3.6710526315789473	0.03937713496581899
chr10:4972653	wtdmso	mtdmso	10	20	34	42	0.6176470588235294	0.38192491994805794
chr10:4972736	wtdmso	mtdmso	5	1	36	56	7.777777777777778	0.07932630346819933
chr10:4975868	wtdmso	mtdmso	4	3	45	65	1.9259259259259258	0.45028415855810716
chr10:4975922	wtdmso	mtdmso	1	4	50	66	0.33	0.3959237988513797
chr10:4977793	wtdmso	mtdmso	4	4	45	60	1.3333333333333333	0.7254860150632643
chr10:4977819	wtdmso	mtdmso	9	9	39	53	1.358974358974359	0.6089258716463706
chr10:4977824	wtdmso	mtdmso	4	3	36	40	1.4814814814814814	0.7063307571161772
chr10:4977903	wtdmso	mtdmso	1	1	45	55	1.2222222222222223	1.0
chr10:4989943	wtdmso	mtdmso	1	1	14	21	1.5	1.0
chr10:4995472	wtdmso	mtdmso	1	2	12	16	0.6666666666666666	1.0
chr10:5765303	wtdmso	mtdmso	2	1	21	29	2.761904761904762	0.5729104413899087
chr10:5765384	wtdmso	mtdmso	9	10	15	22	1.32	0.7765396747006158
chr10:5765564	wtdmso	mtdmso	2	1	21	21	2.0	1.0
chr10:5765784	wtdmso	mtdmso	1	3	9	20	0.7407407407407407	1.0
chr10:5766054	wtdmso	mtdmso	2	1	8	24	6.0	0.19022154316271964
chr10:5766498	wtdmso	mtdmso	1	10	9	12	0.13333333333333333	0.10580522393889906
chr10:69392255	wtdmso	mtdmso	2	5	9	14	0.6222222222222222	1.0
chr10:69398662	wtdmso	mtdmso	1	1	20	20	1.0	1.0
chr10:69398768	wtdmso	mtdmso	3	3	23	16	0.6956521739130435	0.6861349087667862
chr10:69398787	wtdmso	mtdmso	3	5	23	17	0.4434782608695652	0.4417357582779192
chr10:69398805	wtdmso	mtdmso	2	1	20	30	3.0	0.5633057286775377
chr10:69401023	wtdmso	mtdmso	7	4	17	26	2.676470588235294	0.18622064642798106
chr10:69401692	wtdmso	mtdmso	3	2	30	42	2.1	0.646072604688322
chr10:69401712	wtdmso	mtdmso	5	7	30	38	0.9047619047619048	1.0
chr10:69401855	wtdmso	mtdmso	7	3	24	34	3.3055555555555554	0.1672678809787791
chr10:70203024	wtdmso	mtdmso	5	2	28	17	1.5178571428571428	1.0
chr10:70203054	wtdmso	mtdmso	11	5	21	15	1.5714285714285714	0.5488999654068133
chr10:70203158	wtdmso	mtdmso	2	1	28	20	1.4285714285714286	1.0
chr10:70209235	wtdmso	mtdmso	2	1	22	14	1.2727272727272727	1.0
chr10:70209288	wtdmso	mtdmso	3	4	21	11	0.39285714285714285	0.39550171748314156
chr10:70209633	wtdmso	mtdmso	3	1	18	14	2.3333333333333335	0.6256684491978608
chr10:70214556	wtdmso	mtdmso	1	1	19	13	0.6842105263157895	1.0
chr10:71816360	wtdmso	mtdmso	38	24	130	91	1.1083333333333334	0.7712002620530252
chr10:71816382	wtdmso	mtdmso	4	3	189	135	0.9523809523809523	1.0
chr10:71816403	wtdmso	mtdmso	3	4	198	136	0.5151515151515151	0.45150756042405893
chr10:71816574	wtdmso	mtdmso	10	4	244	190	1.9467213114754098	0.2887363254772696
chr10:71816679	wtdmso	mtdmso	4	7	223	169	0.433055733504164	0.22243556796468344
chr10:71816859	wtdmso	mtdmso	4	3	218	186	1.1376146788990826	1.0
chr10:71816973	wtdmso	mtdmso	3	2	206	168	1.2233009708737863	1.0
chr10:71816986	wtdmso	mtdmso	38	45	177	128	0.6106716886377903	0.06133740061587192
chr10:71817018	wtdmso	mtdmso	27	39	201	140	0.48220436280137774	0.009684133606235039
chr10:71817078	wtdmso	mtdmso	7	5	198	160	1.1313131313131313	1.0
chr10:71817125	wtdmso	mtdmso	8	9	196	159	0.7210884353741497	0.619899954540442
chr10:71817351	wtdmso	mtdmso	6	9	200	155	0.5166666666666667	0.2892172204905535
chr10:71817444	wtdmso	mtdmso	30	25	153	121	0.9490196078431372	0.8826158947644722
chr10:71818633	wtdmso	mtdmso	2	1	85	74	1.7411764705882353	1.0
chr10:71818641	wtdmso	mtdmso	23	30	155	124	0.6133333333333333	0.1325674845333779
chr10:71818681	wtdmso	mtdmso	25	27	153	122	0.738320019365771	0.3630964492505453
chr10:71819480	wtdmso	mtdmso	6	3	145	121	1.6689655172413793	0.5199087440783838
chr10:71819613	wtdmso	mtdmso	14	15	127	104	0.7643044619422572	0.5555089226423354
chr10:71819716	wtdmso	mtdmso	14	9	111	87	1.2192192192192193	0.8247002309903455
chr10:71820244	wtdmso	mtdmso	5	3	105	98	1.5555555555555556	0.7233221227792948
chr10:71820255	wtdmso	mtdmso	5	6	114	82	0.5994152046783626	0.5336752046149831
chr10:71820268	wtdmso	mtdmso	12	8	114	97	1.2763157894736843	0.6464839741896362
chr10:71821893	wtdmso	mtdmso	37	35	88	72	0.8649350649350649	0.6699900335930479
chr10:71821943	wtdmso	mtdmso	1	1	108	90	0.8333333333333334	1.0
chr10:71825885	wtdmso	mtdmso	11	9	96	85	1.0821759259259258	1.0
chr10:71828041	wtdmso	mtdmso	5	7	105	88	0.5986394557823129	0.5526756072866309
chr10:71828061	wtdmso	mtdmso	3	7	105	81	0.3306122448979592	0.11593117921639848
chr10:71828093	wtdmso	mtdmso	2	1	72	62	1.7222222222222223	1.0
chr10:71828113	wtdmso	mtdmso	2	2	87	72	0.8275862068965517	1.0
chr10:71828117	wtdmso	mtdmso	29	30	76	66	0.8394736842105263	0.6425000845447438
chr10:71828134	wtdmso	mtdmso	18	20	88	78	0.7977272727272727	0.5910852529877009
chr10:71828959	wtdmso	mtdmso	17	15	75	70	1.0577777777777777	1.0
chr10:71831168	wtdmso	mtdmso	7	5	86	85	1.3837209302325582	0.7670531868992585
chr10:71831198	wtdmso	mtdmso	29	19	61	70	1.7515099223468507	0.12880288093291486
chr10:71831216	wtdmso	mtdmso	30	39	55	37	0.5174825174825175	0.055311676264336196
chr10:71834384	wtdmso	mtdmso	4	3	80	65	1.0833333333333333	1.0
chr10:71834482	wtdmso	mtdmso	18	12	63	59	1.4047619047619047	0.5405805128962567
chr10:72273954	wtdmso	mtdmso	13	7	67	63	1.7462686567164178	0.3376912875691621
chr10:72274232	wtdmso	mtdmso	12	8	71	60	1.267605633802817	0.8099608537086022
chr10:72274282	wtdmso	mtdmso	27	28	54	41	0.7321428571428571	0.39780882672521656
chr10:72274346	wtdmso	mtdmso	1	1	79	69	0.8734177215189873	1.0
chr10:72274373	wtdmso	mtdmso	7	9	89	72	0.6292134831460674	0.436242380739667
chr10:72274388	wtdmso	mtdmso	4	4	91	71	0.7802197802197802	0.7327100475193791
chr10:72274745	wtdmso	mtdmso	2	4	107	82	0.38317757009345793	0.4081422844358136
chr10:72274758	wtdmso	mtdmso	25	28	84	65	0.6909013605442177	0.2650239241597855
chr10:72274878	wtdmso	mtdmso	17	15	94	82	0.9886524822695035	1.0
chr10:72275014	wtdmso	mtdmso	4	3	107	91	1.1339563862928348	1.0
chr10:72275033	wtdmso	mtdmso	61	53	27	19	0.8099231306778477	0.600982627325481
chr10:72275163	wtdmso	mtdmso	9	9	101	82	0.8118811881188119	0.8050461885864078
chr10:72275188	wtdmso	mtdmso	48	31	74	79	1.6530078465562337	0.09568138725105566
chr10:72275223	wtdmso	mtdmso	10	10	96	89	0.9270833333333334	1.0
chr10:72275237	wtdmso	mtdmso	67	60	49	52	1.1850340136054422	0.5940487314754821
chr10:72275252	wtdmso	mtdmso	3	4	111	112	0.7567567567567568	1.0
chr10:72275273	wtdmso	mtdmso	95	85	30	30	1.1176470588235294	0.7661497568471438
chr10:72275294	wtdmso	mtdmso	7	10	100	85	0.595	0.3239354975264624
chr10:72275381	wtdmso	mtdmso	10	12	96	77	0.6684027777777778	0.49622540752481425
chr10:72275483	wtdmso	mtdmso	7	6	91	84	1.0769230769230769	1.0
chr10:72275501	wtdmso	mtdmso	2	2	108	101	0.9351851851851852	1.0
chr10:72275642	wtdmso	mtdmso	1	1	111	103	0.9279279279279279	1.0
chr10:72275701	wtdmso	mtdmso	10	8	84	91	1.3541666666666667	0.6243079834890979
chr10:72275884	wtdmso	mtdmso	1	6	116	106	0.15229885057471265	0.061228869491527144
chr10:72275926	wtdmso	mtdmso	56	57	57	52	0.8962757771622037	0.6896416676778159
chr10:72275988	wtdmso	mtdmso	1	1	92	95	1.0326086956521738	1.0
chr10:72276019	wtdmso	mtdmso	1	1	76	83	1.0921052631578947	1.0
chr10:73916789	wtdmso	mtdmso	3	2	7	8	1.7142857142857142	1.0
chr10:73917181	wtdmso	mtdmso	6	3	5	7	2.8	0.38699690402476783
chr10:73917256	wtdmso	mtdmso	3	4	9	6	0.5	0.651702786377709
chr10:75210928	wtdmso	mtdmso	6	6	58	44	0.7586206896551724	0.7616886342442397
chr10:75212256	wtdmso	mtdmso	1	1	68	51	0.75	1.0
chr10:75214036	wtdmso	mtdmso	1	4	83	57	0.1716867469879518	0.1619008878032573
chr10:75214049	wtdmso	mtdmso	1	1	82	62	0.7560975609756098	1.0
chr10:75219113	wtdmso	mtdmso	1	3	72	60	0.2777777777777778	0.33614897647983
chr10:75219152	wtdmso	mtdmso	9	6	72	57	1.1875	0.7914334941282862
chr10:75219171	wtdmso	mtdmso	6	3	70	56	1.6	0.7309746673594817
chr10:75219191	wtdmso	mtdmso	2	2	70	54	0.7714285714285715	1.0
chr10:75219320	wtdmso	mtdmso	4	8	84	60	0.35714285714285715	0.13011498294928073
chr10:75220807	wtdmso	mtdmso	4	4	83	65	0.7831325301204819	0.7329157180716761
chr10:75220941	wtdmso	mtdmso	27	22	68	57	1.0287433155080214	1.0
chr10:75220948	wtdmso	mtdmso	11	13	80	57	0.6028846153846154	0.2719757655518448
chr10:75222261	wtdmso	mtdmso	16	8	54	47	1.7407407407407407	0.26294681043503765
chr10:75222330	wtdmso	mtdmso	3	3	89	70	0.7865168539325843	1.0
chr10:75229688	wtdmso	mtdmso	2	5	97	77	0.31752577319587627	0.24722985782827647
chr10:75231054	wtdmso	mtdmso	12	12	66	52	0.7878787878787878	0.6559815515826484
chr10:75231135	wtdmso	mtdmso	2	3	90	66	0.4888888888888889	0.6520394487639175
chr10:75231224	wtdmso	mtdmso	11	15	107	77	0.5277258566978194	0.14324950310846504
chr10:75231271	wtdmso	mtdmso	7	4	43	22	0.8953488372093024	1.0
chr10:78035363	wtdmso	mtdmso	1	1	282	256	0.9078014184397163	1.0
chr10:78035387	wtdmso	mtdmso	7	6	237	215	1.0583684950773558	1.0
chr10:78035569	wtdmso	mtdmso	6	3	274	259	1.8905109489051095	0.5063512454019984
chr10:78035624	wtdmso	mtdmso	83	73	211	188	1.013049405959878	1.0
chr10:78035698	wtdmso	mtdmso	78	71	209	189	0.993463171372734	1.0
chr10:78035704	wtdmso	mtdmso	7	8	288	260	0.7899305555555556	0.794761402834129
chr10:78035710	wtdmso	mtdmso	58	53	220	206	1.0246998284734135	0.915550124837574
chr10:78037248	wtdmso	mtdmso	1	1	255	232	0.9098039215686274	1.0
chr10:78037271	wtdmso	mtdmso	30	29	283	252	0.9211648592664798	0.7849247726497359
chr10:78040674	wtdmso	mtdmso	39	48	233	198	0.6904506437768241	0.1267347941985273
chr10:80155669	wtdmso	mtdmso	6	4	11	9	1.2272727272727273	1.0
chr10:80155686	wtdmso	mtdmso	5	6	10	6	0.5	0.45165343025081905
chr10:80155851	wtdmso	mtdmso	3	2	15	9	0.9	1.0
chr10:80155856	wtdmso	mtdmso	3	2	10	10	1.5	1.0
chr10:80157746	wtdmso	mtdmso	4	3	12	9	1.0	1.0
chr10:84142696	wtdmso	mtdmso	2	2	33	20	0.6060606060606061	0.635477582846004
chr10:84144070	wtdmso	mtdmso	6	7	24	17	0.6071428571428571	0.5282489308589287
chr10:84144990	wtdmso	mtdmso	11	10	27	14	0.5703703703703704	0.40969585245270046
chr10:84148741	wtdmso	mtdmso	1	2	35	23	0.32857142857142857	0.5623784384551265
chr10:84150189	wtdmso	mtdmso	15	8	21	20	1.7857142857142858	0.3068381581554214
chr10:84152352	wtdmso	mtdmso	3	1	36	29	2.4166666666666665	0.6271432884403836
chr10:84152819	wtdmso	mtdmso	5	5	17	7	0.4117647058823529	0.27126294173012744
chr10:86968566	wtdmso	mtdmso	3	1	9	11	3.6666666666666665	0.5900621118012422
chr10:86968589	wtdmso	mtdmso	1	1	12	11	0.9166666666666666	1.0
chr10:95237612	wtdmso	mtdmso	3	7	70	90	0.5510204081632653	0.5182473759109972
chr10:95237636	wtdmso	mtdmso	2	14	78	107	0.19597069597069597	0.030237598551492644
chr10:95237727	wtdmso	mtdmso	9	7	82	121	1.897212543554007	0.2923192316239689
chr10:95237771	wtdmso	mtdmso	10	12	80	112	1.1666666666666667	0.8208150066582776
chr10:95237910	wtdmso	mtdmso	3	8	72	108	0.5625	0.5320846350534567
chr10:95238051	wtdmso	mtdmso	15	29	69	96	0.719640179910045	0.3907006327643071
chr10:95238087	wtdmso	mtdmso	9	11	65	93	1.1706293706293707	0.8116058555908179
chr10:95238588	wtdmso	mtdmso	2	4	86	119	0.6918604651162791	1.0
chr10:95263872	wtdmso	mtdmso	18	24	35	58	1.2428571428571429	0.5739200864918229
chr10:95263897	wtdmso	mtdmso	2	1	44	90	4.090909090909091	0.26087734363818516
chr10:95268783	wtdmso	mtdmso	5	5	51	96	1.8823529411764706	0.3301877238596406
chr10:95268855	wtdmso	mtdmso	8	12	51	93	1.2156862745098038	0.8043425378299452
chr10:95271648	wtdmso	mtdmso	8	7	50	90	2.057142857142857	0.2606977570500103
chr10:95271677	wtdmso	mtdmso	4	3	44	87	2.6363636363636362	0.236798939610482
chr10:95271696	wtdmso	mtdmso	8	9	45	84	1.6592592592592592	0.421694509901703
chr10:95290847	wtdmso	mtdmso	4	7	52	89	0.978021978021978	1.0
chr10:95290911	wtdmso	mtdmso	4	4	47	80	1.702127659574468	0.47574902373203354
chr10:96521448	wtdmso	mtdmso	1	3	12	8	0.2222222222222222	0.3002070393374741
chr10:96522242	wtdmso	mtdmso	2	5	8	5	0.25	0.3498452012383901
chr10:97426356	wtdmso	mtdmso	10	8	44	45	1.2784090909090908	0.7969211928472784
chr10:97426365	wtdmso	mtdmso	8	7	55	55	1.1428571428571428	1.0
chr10:97430396	wtdmso	mtdmso	1	1	72	63	0.875	1.0
chr10:97430434	wtdmso	mtdmso	1	1	68	65	0.9558823529411765	1.0
chr10:97430443	wtdmso	mtdmso	5	9	63	50	0.4409171075837742	0.1699919012221091
chr10:97430488	wtdmso	mtdmso	11	12	61	54	0.8114754098360656	0.6560882835397994
chr10:97432384	wtdmso	mtdmso	38	30	36	35	1.2314814814814814	0.610992170349197
chr10:97432420	wtdmso	mtdmso	4	3	58	56	1.2873563218390804	1.0
chr10:97432426	wtdmso	mtdmso	12	7	74	69	1.5984555984555984	0.46440668166007903
chr10:97432610	wtdmso	mtdmso	7	10	68	53	0.5455882352941176	0.3020032647429359
chr10:97432623	wtdmso	mtdmso	1	2	77	80	0.5194805194805194	1.0
chr10:97432651	wtdmso	mtdmso	6	8	75	62	0.62	0.4152753707395701
chr10:97432799	wtdmso	mtdmso	15	17	82	80	0.860832137733142	0.8468893119792598
chr10:97432833	wtdmso	mtdmso	44	47	47	45	0.8963331824354912	0.7681665715690229
chr10:97432846	wtdmso	mtdmso	3	3	103	94	0.912621359223301	1.0
chr10:97432862	wtdmso	mtdmso	4	6	85	84	0.6588235294117647	0.7467923077851544
chr10:97433003	wtdmso	mtdmso	4	7	83	72	0.49569707401032703	0.35387850550768385
chr10:97433021	wtdmso	mtdmso	5	3	86	87	1.686046511627907	0.7203648783886928
chr10:97433217	wtdmso	mtdmso	2	2	85	73	0.8588235294117647	1.0
chr10:97433352	wtdmso	mtdmso	1	3	97	82	0.281786941580756	0.3387645272438316
chr10:97433388	wtdmso	mtdmso	14	9	90	89	1.5382716049382716	0.38145239667024966
chr11:10797237	wtdmso	mtdmso	1	1	28	28	1.0	1.0
chr11:10797381	wtdmso	mtdmso	5	4	27	27	1.25	1.0
chr11:10797484	wtdmso	mtdmso	4	1	23	22	3.8260869565217392	0.3573382544507165
chr11:10797528	wtdmso	mtdmso	1	7	28	14	0.07142857142857142	0.006659996630523489
chr11:10797763	wtdmso	mtdmso	1	3	20	18	0.3	0.6060037523452158
chr11:10797811	wtdmso	mtdmso	4	2	17	18	2.1176470588235294	0.662796004259419
chr11:118401647	wtdmso	mtdmso	3	2	50	43	1.29	1.0
chr11:118401662	wtdmso	mtdmso	2	1	62	54	1.7419354838709677	1.0
chr11:118406944	wtdmso	mtdmso	2	3	63	52	0.5502645502645502	0.6596417643620862
chr11:118409151	wtdmso	mtdmso	3	2	59	50	1.271186440677966	1.0
chr11:118409166	wtdmso	mtdmso	3	1	45	27	1.8	1.0
chr11:119015726	wtdmso	mtdmso	3	4	272	287	0.7913602941176471	1.0
chr11:119015928	wtdmso	mtdmso	9	5	377	406	1.9384615384615385	0.2854024179133251
chr11:119015937	wtdmso	mtdmso	17	13	348	380	1.4279398762157383	0.35770119778683573
chr11:119017446	wtdmso	mtdmso	4	1	381	404	4.241469816272966	0.20627129356443422
chr11:119017473	wtdmso	mtdmso	3	3	374	398	1.0641711229946524	1.0
chr11:119017492	wtdmso	mtdmso	1	6	365	370	0.1689497716894977	0.12346746852774867
chr11:119017507	wtdmso	mtdmso	109	94	292	324	1.2866511221218304	0.12468830819857596
chr11:119017519	wtdmso	mtdmso	9	6	352	385	1.640625	0.4368464043884702
chr11:119017985	wtdmso	mtdmso	22	25	369	390	0.9300813008130081	0.8808923450339797
chr11:119017994	wtdmso	mtdmso	10	11	374	397	0.9649975692756442	1.0
chr11:119018000	wtdmso	mtdmso	1	1	363	392	1.0798898071625345	1.0
chr11:120111553	wtdmso	mtdmso	1	2	11	22	1.0	1.0
chr11:120111739	wtdmso	mtdmso	1	9	11	17	0.1717171717171717	0.12448020741721694
chr11:120111968	wtdmso	mtdmso	4	2	8	9	2.25	0.6404053612291599
chr11:120112201	wtdmso	mtdmso	1	1	10	10	1.0	1.0
chr11:120118275	wtdmso	mtdmso	3	6	8	15	0.9375	1.0
chr11:123057512	wtdmso	mtdmso	1	1	57	31	0.543859649122807	1.0
chr11:123057592	wtdmso	mtdmso	10	10	54	26	0.48148148148148145	0.19326110991683365
chr11:123057680	wtdmso	mtdmso	11	10	34	15	0.4852941176470588	0.18699561626717778
chr11:123057895	wtdmso	mtdmso	26	10	55	28	1.3236363636363637	0.6691197278308383
chr11:123057918	wtdmso	mtdmso	2	1	60	28	0.9333333333333333	1.0
chr11:123058405	wtdmso	mtdmso	3	3	48	17	0.3541666666666667	0.34043527283695085
chr11:123058636	wtdmso	mtdmso	5	1	43	25	2.9069767441860463	0.415883180112391
chr11:123058773	wtdmso	mtdmso	16	8	40	13	0.65	0.42346361955756795
chr11:123059083	wtdmso	mtdmso	1	1	36	14	0.3888888888888889	0.49773755656108587
chr11:123059150	wtdmso	mtdmso	6	2	36	13	1.0833333333333333	1.0
chr11:123059168	wtdmso	mtdmso	4	1	38	17	1.7894736842105263	1.0
chr11:123059518	wtdmso	mtdmso	11	4	41	14	0.9390243902439024	1.0
chr11:123059612	wtdmso	mtdmso	1	1	36	13	0.3611111111111111	0.4776470588235293
chr11:123059648	wtdmso	mtdmso	1	2	38	12	0.15789473684210525	0.16703662597114313
chr11:123059669	wtdmso	mtdmso	1	2	39	13	0.16666666666666666	0.1774347246045359
chr11:123059680	wtdmso	mtdmso	19	7	23	9	1.062111801242236	1.0
chr11:130129171	wtdmso	mtdmso	3	1	12	12	3.0	0.6
chr11:130133634	wtdmso	mtdmso	2	3	13	11	0.5641025641025641	0.6513409961685823
chr11:130135621	wtdmso	mtdmso	2	1	16	17	2.125	1.0
chr11:130140425	wtdmso	mtdmso	3	2	14	19	2.0357142857142856	0.6396396396396395
chr11:130141509	wtdmso	mtdmso	5	2	14	20	3.5714285714285716	0.21891131281375184
chr11:130143383	wtdmso	mtdmso	8	4	25	18	1.44	0.7435776483714378
chr11:130143395	wtdmso	mtdmso	2	2	32	22	0.6875	1.0
chr11:130143561	wtdmso	mtdmso	5	4	25	15	0.75	0.7199413968946287
chr11:130143570	wtdmso	mtdmso	19	12	19	12	1.0	1.0
chr11:130143578	wtdmso	mtdmso	16	12	18	12	0.8888888888888888	1.0
chr11:130143601	wtdmso	mtdmso	15	9	21	13	1.0317460317460319	1.0
chr11:130143754	wtdmso	mtdmso	7	3	26	15	1.3461538461538463	1.0
chr11:130143805	wtdmso	mtdmso	2	2	36	23	0.6388888888888888	1.0
chr11:130143957	wtdmso	mtdmso	16	5	35	16	1.4628571428571429	0.5815334299727457
chr11:130144010	wtdmso	mtdmso	4	1	48	25	2.0833333333333335	0.6597759755654493
chr11:130144480	wtdmso	mtdmso	3	1	50	28	1.68	1.0
chr11:130144493	wtdmso	mtdmso	4	3	43	21	0.6511627906976745	0.6816526633292019
chr11:130144512	wtdmso	mtdmso	6	2	52	26	1.5	1.0
chr11:130144649	wtdmso	mtdmso	15	4	37	22	2.22972972972973	0.2660317770746737
chr11:17074394	wtdmso	mtdmso	7	10	131	131	0.7	0.6183348141728481
chr11:17075127	wtdmso	mtdmso	4	2	406	393	1.935960591133005	0.6866578308533113
chr11:17075537	wtdmso	mtdmso	6	3	363	354	1.9504132231404958	0.5056251501984801
chr11:17075575	wtdmso	mtdmso	106	115	290	278	0.8835982008995502	0.4755967369846331
chr11:17077201	wtdmso	mtdmso	1	2	391	387	0.4948849104859335	0.623078781675032
chr11:17077233	wtdmso	mtdmso	6	8	307	297	0.7255700325732899	0.5988564656538984
chr11:1752790	wtdmso	mtdmso	2	2	89	102	1.146067415730337	1.0
chr11:1752832	wtdmso	mtdmso	10	9	82	105	1.4227642276422765	0.4785682318932451
chr11:1752913	wtdmso	mtdmso	25	33	76	87	0.8672248803827751	0.7590835656254791
chr11:1752953	wtdmso	mtdmso	13	6	91	113	2.6904761904761907	0.05584023605626709
chr11:1753542	wtdmso	mtdmso	4	8	60	81	0.675	0.7619276871486578
chr11:1753620	wtdmso	mtdmso	4	3	67	86	1.7114427860696517	0.7006956403621971
chr11:1753815	wtdmso	mtdmso	1	1	74	109	1.472972972972973	1.0
chr11:1754081	wtdmso	mtdmso	3	2	61	85	2.0901639344262297	0.6507602826105872
chr11:1754115	wtdmso	mtdmso	2	4	68	90	0.6617647058823529	1.0
chr11:1755025	wtdmso	mtdmso	1	3	43	64	0.49612403100775193	1.0
chr11:1757347	wtdmso	mtdmso	3	9	54	77	0.47530864197530864	0.3628567428172572
chr11:1758978	wtdmso	mtdmso	2	10	42	52	0.24761904761904763	0.11682441429903795
chr11:1759534	wtdmso	mtdmso	2	3	48	61	0.8472222222222222	1.0
chr11:1761318	wtdmso	mtdmso	3	2	47	62	1.9787234042553192	0.6523347245284832
chr11:1761349	wtdmso	mtdmso	1	2	38	52	0.6842105263157895	1.0
chr11:1761402	wtdmso	mtdmso	4	8	47	51	0.5425531914893617	0.3766690488926706
chr11:1761433	wtdmso	mtdmso	1	2	36	51	0.7083333333333334	1.0
chr11:18269278	wtdmso	mtdmso	11	2	28	19	3.732142857142857	0.11361908017620777
chr11:18269763	wtdmso	mtdmso	5	1	33	10	1.5151515151515151	1.0
chr11:18396889	wtdmso	mtdmso	5	6	50	45	0.75	0.7550363396363657
chr11:18399431	wtdmso	mtdmso	6	2	81	91	3.3703703703703702	0.15800570758293286
chr11:18399444	wtdmso	mtdmso	20	28	62	66	0.7603686635944701	0.4981957383971293
chr11:18399523	wtdmso	mtdmso	7	7	57	77	1.3508771929824561	0.7778541333833355
chr11:18400847	wtdmso	mtdmso	17	16	75	83	1.1758333333333333	0.7051446719672567
chr11:18400935	wtdmso	mtdmso	22	20	68	81	1.3102941176470588	0.48627863256448356
chr11:18400980	wtdmso	mtdmso	45	43	41	55	1.4038570618264323	0.30088773006282743
chr11:18402850	wtdmso	mtdmso	5	5	84	94	1.119047619047619	1.0
chr11:18402996	wtdmso	mtdmso	6	8	88	106	0.9034090909090909	1.0
chr11:18403737	wtdmso	mtdmso	2	1	96	109	2.2708333333333335	0.6025654555097357
chr11:18403758	wtdmso	mtdmso	13	26	94	88	0.46808510638297873	0.05137624038708245
chr11:18403775	wtdmso	mtdmso	5	5	97	115	1.1855670103092784	1.0
chr11:18405466	wtdmso	mtdmso	2	3	106	122	0.7672955974842768	1.0
chr11:18405496	wtdmso	mtdmso	12	16	87	99	0.853448275862069	0.8393502728797162
chr11:18407169	wtdmso	mtdmso	1	3	89	93	0.34831460674157305	0.6217098619784109
chr11:18407200	wtdmso	mtdmso	5	8	112	119	0.6640625	0.5748750432179089
chr11:18407206	wtdmso	mtdmso	11	22	115	109	0.47391304347826085	0.06281781691866342
chr11:18407397	wtdmso	mtdmso	36	41	23	23	0.8780487804878049	0.8522158469218477
chr11:18407604	wtdmso	mtdmso	15	17	122	117	0.8461909353905497	0.7090379712502852
chr11:18407625	wtdmso	mtdmso	37	41	90	90	0.9024390243902439	0.7864768917936094
chr11:18407733	wtdmso	mtdmso	20	20	116	114	0.9827586206896551	1.0
chr11:18407833	wtdmso	mtdmso	1	1	91	94	1.032967032967033	1.0
chr11:18407840	wtdmso	mtdmso	15	26	31	34	0.6327543424317618	0.316290053223554
chr11:2377508	wtdmso	mtdmso	8	5	66	39	0.9454545454545454	1.0
chr11:2390496	wtdmso	mtdmso	1	2	66	40	0.30303030303030304	0.5576609791648803
chr11:2395041	wtdmso	mtdmso	5	4	63	22	0.4365079365079365	0.2555634726873507
chr11:2395443	wtdmso	mtdmso	2	2	77	44	0.5714285714285714	0.6246524357998736
chr11:2395505	wtdmso	mtdmso	4	3	86	46	0.7131782945736435	0.6970674544707866
chr11:2395872	wtdmso	mtdmso	1	2	86	50	0.29069767441860467	0.55585185929327
chr11:2395895	wtdmso	mtdmso	12	8	69	41	0.8913043478260869	0.8073274957761767
chr11:2395904	wtdmso	mtdmso	12	4	69	37	1.608695652173913	0.574207301401046
chr11:2395923	wtdmso	mtdmso	5	1	89	51	2.865168539325843	0.422068388919567
chr11:2396631	wtdmso	mtdmso	15	5	66	43	1.9545454545454546	0.31478376652173734
chr11:2396652	wtdmso	mtdmso	7	3	86	52	1.4108527131782946	0.7447101294864609
chr11:2396849	wtdmso	mtdmso	16	5	76	47	1.9789473684210526	0.2302152662754886
chr11:2396890	wtdmso	mtdmso	6	5	72	46	0.7666666666666667	0.7518269983770377
chr11:2397019	wtdmso	mtdmso	22	14	63	34	0.8480725623582767	0.6893308299803533
chr11:2397096	wtdmso	mtdmso	10	7	90	48	0.7619047619047619	0.6013078554962907
chr11:2397183	wtdmso	mtdmso	15	13	90	43	0.5512820512820513	0.19087473360968615
chr11:2397358	wtdmso	mtdmso	14	13	60	32	0.5743589743589743	0.26018293591432473
chr11:2397382	wtdmso	mtdmso	18	13	64	33	0.7139423076923077	0.5195182524609121
chr11:2929038	wtdmso	mtdmso	4	3	20	9	0.6	0.6639468690702086
chr11:2929188	wtdmso	mtdmso	2	4	12	7	0.2916666666666667	0.35000000000000003
chr11:319798	wtdmso	mtdmso	3	1	39	44	3.3846153846153846	0.34930892966649363
chr11:319887	wtdmso	mtdmso	1	1	47	48	1.0212765957446808	1.0
chr11:319919	wtdmso	mtdmso	14	14	37	35	0.9459459459459459	1.0
chr11:319959	wtdmso	mtdmso	1	2	51	46	0.45098039215686275	0.606382189239332
chr11:320607	wtdmso	mtdmso	14	14	29	25	0.8620689655172413	0.8177681763852458
chr11:32587066	wtdmso	mtdmso	3	1	20	15	2.25	0.6308859466754202
chr11:32594957	wtdmso	mtdmso	2	1	29	18	1.2413793103448276	1.0
chr11:32600701	wtdmso	mtdmso	7	7	23	13	0.5652173913043478	0.5215871358085428
chr11:32601769	wtdmso	mtdmso	2	1	34	20	1.1764705882352942	1.0
chr11:32602358	wtdmso	mtdmso	6	2	30	18	1.8	0.6974497200912296
chr11:32602370	wtdmso	mtdmso	2	2	36	21	0.5833333333333334	0.6281955715668142
chr11:33708935	wtdmso	mtdmso	1	3	40	14	0.11666666666666667	0.07132250689419474
chr11:33709152	wtdmso	mtdmso	2	1	38	14	0.7368421052631579	1.0
chr11:33709237	wtdmso	mtdmso	7	2	28	12	1.5	1.0
chr11:33709349	wtdmso	mtdmso	15	5	17	11	1.9411764705882353	0.36332646956462744
chr11:33709366	wtdmso	mtdmso	6	6	28	10	0.35714285714285715	0.16267853155304496
chr11:33709601	wtdmso	mtdmso	10	3	44	18	1.3636363636363635	1.0
chr11:33709696	wtdmso	mtdmso	5	2	48	19	0.9895833333333334	1.0
chr11:33709838	wtdmso	mtdmso	1	1	36	16	0.4444444444444444	0.5345911949685535
chr11:33709889	wtdmso	mtdmso	18	4	36	19	2.375	0.18074649738534712
chr11:33709895	wtdmso	mtdmso	7	1	45	22	3.422222222222222	0.42188176986556286
chr11:33709966	wtdmso	mtdmso	12	3	41	18	1.7560975609756098	0.5323565822675077
chr11:33710163	wtdmso	mtdmso	14	10	83	58	0.9783132530120482	1.0
chr11:33710199	wtdmso	mtdmso	13	9	55	35	0.9191919191919192	1.0
chr11:33710218	wtdmso	mtdmso	29	25	68	44	0.7505882352941177	0.40553202073960704
chr11:33710228	wtdmso	mtdmso	2	4	98	67	0.34183673469387754	0.23433645127085148
chr11:33710237	wtdmso	mtdmso	17	10	69	51	1.2565217391304349	0.6695211034158912
chr11:33717428	wtdmso	mtdmso	14	6	62	44	1.6559139784946237	0.456168317379862
chr11:33722453	wtdmso	mtdmso	4	3	61	39	0.8524590163934426	1.0
chr11:35231699	wtdmso	mtdmso	2	1	8	24	6.0	0.19022154316271964
chr11:35231718	wtdmso	mtdmso	1	1	9	23	2.5555555555555554	0.5080213903743314
chr11:35231752	wtdmso	mtdmso	1	1	9	21	2.3333333333333335	0.5342741935483872
chr11:35231772	wtdmso	mtdmso	1	2	10	22	1.1	1.0
chr11:3827023	wtdmso	mtdmso	2	2	33	39	1.1818181818181819	1.0
chr11:3827046	wtdmso	mtdmso	6	5	34	40	1.411764705882353	0.7487947321676878
chr11:3827050	wtdmso	mtdmso	9	18	35	34	0.4857142857142857	0.1718806028808968
chr11:3827265	wtdmso	mtdmso	4	9	36	38	0.4691358024691358	0.3662432900886845
chr11:3827315	wtdmso	mtdmso	7	3	33	45	3.1818181818181817	0.17527595052066858
chr11:3827355	wtdmso	mtdmso	11	16	29	31	0.7349137931034483	0.6427675427416728
chr11:3827475	wtdmso	mtdmso	20	27	19	21	0.8187134502923976	0.6709031154652012
chr11:3827562	wtdmso	mtdmso	4	4	33	38	1.1515151515151516	1.0
chr11:3827767	wtdmso	mtdmso	1	2	39	40	0.5128205128205128	1.0
chr11:3827785	wtdmso	mtdmso	22	25	17	23	1.1905882352941177	0.8290318033114905
chr11:3827968	wtdmso	mtdmso	7	18	9	21	0.9074074074074074	1.0
chr11:3827977	wtdmso	mtdmso	10	15	28	35	0.8333333333333334	0.8128918691417517
chr11:3827983	wtdmso	mtdmso	11	7	28	40	2.2448979591836733	0.18363507432628684
chr11:403123	wtdmso	mtdmso	1	1	11	20	1.8181818181818181	1.0
chr11:403240	wtdmso	mtdmso	2	1	11	23	4.181818181818182	0.27773487773487765
chr11:403689	wtdmso	mtdmso	4	2	8	12	3.0	0.3652173913043477
chr11:403719	wtdmso	mtdmso	1	4	10	10	0.25	0.34057971014492755
chr11:404077	wtdmso	mtdmso	1	4	10	19	0.475	1.0
chr11:404552	wtdmso	mtdmso	1	4	11	19	0.4318181818181818	0.6399430740037952
chr11:404615	wtdmso	mtdmso	1	3	10	8	0.26666666666666666	0.5864661654135339
chr11:494546	wtdmso	mtdmso	1	8	9	13	0.18055555555555555	0.20548063437264003
chr11:494742	wtdmso	mtdmso	1	5	27	25	0.18518518518518517	0.19540489302157626
chr11:498078	wtdmso	mtdmso	5	6	25	24	0.8	1.0
chr11:498482	wtdmso	mtdmso	2	4	26	24	0.46153846153846156	0.669458177782262
chr11:498769	wtdmso	mtdmso	2	2	27	27	1.0	1.0
chr11:499863	wtdmso	mtdmso	3	2	9	12	2.0	0.6347826086956521
chr11:499990	wtdmso	mtdmso	5	5	5	10	2.0	0.4422196796338672
chr11:57551964	wtdmso	mtdmso	1	2	9	8	0.4444444444444444	1.0
chr11:61299616	wtdmso	mtdmso	7	12	18	37	1.1990740740740742	0.7828634988641752
chr11:61299671	wtdmso	mtdmso	1	3	22	48	0.7272727272727273	1.0
chr11:61299970	wtdmso	mtdmso	8	17	16	34	1.0	1.0
chr11:61300898	wtdmso	mtdmso	2	3	20	41	1.3666666666666667	1.0
chr11:61302350	wtdmso	mtdmso	1	5	10	39	0.78	1.0
chr11:61313537	wtdmso	mtdmso	1	5	9	16	0.35555555555555557	0.6342089501155129
chr11:61790541	wtdmso	mtdmso	1	2	44	40	0.45454545454545453	0.6077173451577904
chr11:61790564	wtdmso	mtdmso	5	7	40	35	0.625	0.5414569671089421
chr11:61964622	wtdmso	mtdmso	16	12	695	904	1.7342925659472421	0.17893289228049486
chr11:61964692	wtdmso	mtdmso	29	25	665	895	1.561203007518797	0.12393246443452788
chr11:61964745	wtdmso	mtdmso	11	26	715	919	0.5437869822485207	0.09563274532171308
chr11:61964763	wtdmso	mtdmso	16	28	654	817	0.7138488422892093	0.3556603869314032
chr11:61964818	wtdmso	mtdmso	54	81	653	849	0.8667687595712098	0.46862638466573014
chr11:61964826	wtdmso	mtdmso	11	19	731	923	0.7310101519187846	0.46183304204317915
chr11:61964872	wtdmso	mtdmso	2	4	664	849	0.6393072289156626	0.7009393313296779
chr11:61964883	wtdmso	mtdmso	22	38	671	871	0.7515099223468508	0.35276532618258527
chr11:61964993	wtdmso	mtdmso	17	16	621	809	1.384158615136876	0.37847950992271134
chr11:61965002	wtdmso	mtdmso	5	8	607	788	0.8113673805601318	0.7854404322789812
chr11:61965013	wtdmso	mtdmso	12	24	662	870	0.6570996978851964	0.30691393560727487
chr11:61965022	wtdmso	mtdmso	162	228	462	586	0.9012303485987696	0.40246126922200864
chr11:61965095	wtdmso	mtdmso	11	16	630	830	0.9057539682539683	0.8470566220703789
chr11:61965104	wtdmso	mtdmso	10	14	502	685	0.9746727376209448	1.0
chr11:61965405	wtdmso	mtdmso	5	16	670	894	0.41697761194029853	0.11795010873127312
chr11:61965422	wtdmso	mtdmso	12	12	569	787	1.383128295254833	0.5323878334035175
chr11:61965434	wtdmso	mtdmso	57	69	605	824	1.1251167804527489	0.5730398489855505
chr11:61965477	wtdmso	mtdmso	24	29	595	833	1.1586206896551725	0.6709417665781099
chr11:61965501	wtdmso	mtdmso	6	11	385	597	0.8458087367178276	0.8075941463420868
chr11:61967378	wtdmso	mtdmso	38	52	496	691	1.0180676178660049	1.0
chr11:61967390	wtdmso	mtdmso	77	76	458	694	1.5352217880946908	0.014218582113315911
chr11:61967501	wtdmso	mtdmso	92	101	379	579	1.391572402622848	0.04465983678161991
chr11:61967574	wtdmso	mtdmso	7	25	465	680	0.40946236559139787	0.04276812984388031
chr11:62515960	wtdmso	mtdmso	4	3	49	19	0.5170068027210885	0.411555708415006
chr11:62516062	wtdmso	mtdmso	14	2	36	17	3.3055555555555554	0.2016245654660932
chr11:62516285	wtdmso	mtdmso	4	2	31	15	0.967741935483871	1.0
chr11:62516362	wtdmso	mtdmso	5	1	31	16	2.5806451612903225	0.6510470661414058
chr11:62516409	wtdmso	mtdmso	7	4	25	14	0.98	1.0
chr11:62516470	wtdmso	mtdmso	6	4	25	13	0.78	0.7266184576074426
chr11:62516569	wtdmso	mtdmso	2	2	33	14	0.42424242424242425	0.580952380952381
chr11:62559607	wtdmso	mtdmso	25	21	125	191	1.819047619047619	0.07718845087311413
chr11:62559612	wtdmso	mtdmso	61	88	316	388	0.8511219792865362	0.41415633893933557
chr11:62559677	wtdmso	mtdmso	172	228	290	365	0.9494857834240774	0.7015018111847042
chr11:62559767	wtdmso	mtdmso	10	5	419	546	2.6062052505966586	0.1127061357782376
chr11:62559789	wtdmso	mtdmso	7	12	381	501	0.7670603674540682	0.6458256571104698
chr11:62559814	wtdmso	mtdmso	10	11	407	513	1.145856600402055	0.8258845833940418
chr11:62560130	wtdmso	mtdmso	37	48	362	462	0.9837707182320442	1.0
chr11:62560174	wtdmso	mtdmso	7	13	314	415	0.7116609505144537	0.5033975944924314
chr11:62560308	wtdmso	mtdmso	6	5	399	520	1.5639097744360901	0.5466446877857614
chr11:62560318	wtdmso	mtdmso	66	97	346	438	0.8613312675049163	0.4347372774933712
chr11:62560409	wtdmso	mtdmso	27	28	349	487	1.345579205894392	0.3243551736467092
chr11:62566829	wtdmso	mtdmso	16	23	360	477	0.9217391304347826	0.8695410104063737
chr11:62566976	wtdmso	mtdmso	35	49	324	422	0.9303350970017636	0.8166714772920896
chr11:62566992	wtdmso	mtdmso	9	6	375	498	1.992	0.1997396098834223
chr11:62567426	wtdmso	mtdmso	16	42	347	443	0.48634554686427883	0.018791507881327423
chr11:62571004	wtdmso	mtdmso	19	13	277	360	1.8994723687864483	0.09982526722310275
chr11:62571014	wtdmso	mtdmso	6	6	311	388	1.247588424437299	0.7742894973296105
chr11:62571038	wtdmso	mtdmso	21	26	275	341	1.0015384615384615	1.0
chr11:62571542	wtdmso	mtdmso	3	1	259	333	3.857142857142857	0.3248719463977218
chr11:62572627	wtdmso	mtdmso	2	2	266	320	1.2030075187969924	1.0
chr11:62572719	wtdmso	mtdmso	15	24	227	262	0.7213656387665198	0.4046770062416716
chr11:62572741	wtdmso	mtdmso	8	7	194	261	1.5375552282768779	0.43715683911747577
chr11:62624872	wtdmso	mtdmso	3	2	10	10	1.5	1.0
chr11:62625251	wtdmso	mtdmso	4	5	18	23	1.0222222222222221	1.0
chr11:62625289	wtdmso	mtdmso	1	1	9	12	1.3333333333333333	1.0
chr11:62625306	wtdmso	mtdmso	1	1	19	15	0.7894736842105263	1.0
chr11:62761620	wtdmso	mtdmso	1	3	10	8	0.26666666666666666	0.5864661654135339
chr11:62766652	wtdmso	mtdmso	1	2	9	8	0.4444444444444444	1.0
chr11:62881033	wtdmso	mtdmso	11	8	33	2	0.08333333333333333	0.0020181971868914426
chr11:62881991	wtdmso	mtdmso	17	10	60	41	1.1616666666666666	0.8267059100777537
chr11:62882952	wtdmso	mtdmso	21	12	66	45	1.1931818181818181	0.6913190849370232
chr11:62884508	wtdmso	mtdmso	2	1	73	50	1.36986301369863	1.0
chr11:62885192	wtdmso	mtdmso	2	5	83	52	0.25060240963855424	0.11688032809539872
chr11:62885196	wtdmso	mtdmso	1	3	93	59	0.2114695340501792	0.3017191958368429
chr11:62885255	wtdmso	mtdmso	2	6	92	52	0.18840579710144928	0.0543392154481456
chr11:62885485	wtdmso	mtdmso	14	6	35	17	1.1333333333333333	1.0
chr11:62885548	wtdmso	mtdmso	6	2	84	60	2.142857142857143	0.473087940163875
chr11:62888180	wtdmso	mtdmso	2	1	84	40	0.9523809523809523	1.0
chr11:62888209	wtdmso	mtdmso	6	5	82	56	0.8195121951219512	0.7598234711365207
chr11:62888418	wtdmso	mtdmso	3	2	73	36	0.7397260273972602	1.0
chr11:62888446	wtdmso	mtdmso	33	19	59	38	1.11864406779661	0.8599480559184746
chr11:62888472	wtdmso	mtdmso	8	3	61	28	1.2240437158469946	1.0
chr11:62888530	wtdmso	mtdmso	16	15	82	50	0.6504065040650406	0.3121750522178677
chr11:62888580	wtdmso	mtdmso	8	5	87	57	1.0482758620689656	1.0
chr11:62888644	wtdmso	mtdmso	13	7	86	60	1.2956810631229236	0.6374583805932386
chr11:62888692	wtdmso	mtdmso	9	2	32	19	2.671875	0.30523214645717606
chr11:62888703	wtdmso	mtdmso	4	6	74	43	0.38738738738738737	0.18266105201438082
chr11:62888709	wtdmso	mtdmso	22	7	46	21	1.434782608695652	0.6258763740614346
chr11:62888784	wtdmso	mtdmso	23	18	65	43	0.8452991452991453	0.7105512658592803
chr11:62888805	wtdmso	mtdmso	17	7	68	46	1.6428571428571428	0.3616042256886274
chr11:63974633	wtdmso	mtdmso	2	1	34	24	1.411764705882353	1.0
chr11:63976257	wtdmso	mtdmso	2	2	76	83	1.0921052631578947	1.0
chr11:63976299	wtdmso	mtdmso	2	1	69	81	2.347826086956522	0.5971285342300043
chr11:63976348	wtdmso	mtdmso	9	14	59	59	0.6428571428571429	0.3704525449587818
chr11:63976353	wtdmso	mtdmso	12	9	46	43	1.2463768115942029	0.8087176009794197
chr11:63976451	wtdmso	mtdmso	4	2	63	69	2.1904761904761907	0.4312997320838951
chr11:63976537	wtdmso	mtdmso	1	2	31	49	0.7903225806451613	1.0
chr11:63988381	wtdmso	mtdmso	4	1	6	14	9.333333333333334	0.12055335968379446
chr11:63996530	wtdmso	mtdmso	1	3	10	11	0.36666666666666664	0.6043478260869565
chr11:64235877	wtdmso	mtdmso	3	9	8	19	0.7916666666666666	1.0
chr11:64235928	wtdmso	mtdmso	6	5	23	25	1.3043478260869565	0.7480497930241055
chr11:64236306	wtdmso	mtdmso	6	10	22	21	0.5727272727272728	0.39340234729658596
chr11:64237186	wtdmso	mtdmso	1	1	12	25	2.0833333333333335	1.0
chr11:64237218	wtdmso	mtdmso	3	3	8	24	3.0	0.32868737822298194
chr11:64237645	wtdmso	mtdmso	2	1	24	32	2.6666666666666665	0.5777169399243287
chr11:64238376	wtdmso	mtdmso	3	8	27	27	0.375	0.20123659064960908
chr11:64238405	wtdmso	mtdmso	1	7	23	27	0.16770186335403728	0.12274555564628503
chr11:64238459	wtdmso	mtdmso	2	1	31	35	2.2580645161290325	0.603198839561782
chr11:64238505	wtdmso	mtdmso	5	5	27	28	1.037037037037037	1.0
chr11:64238568	wtdmso	mtdmso	7	7	23	28	1.2173913043478262	0.7708739918100387
chr11:64238586	wtdmso	mtdmso	1	2	32	34	0.53125	1.0
chr11:64238750	wtdmso	mtdmso	19	14	11	18	2.220779220779221	0.1366792926018123
chr11:64238756	wtdmso	mtdmso	5	7	25	27	0.7714285714285715	0.7568458688596331
chr11:64244531	wtdmso	mtdmso	4	1	18	31	6.888888888888889	0.14602009163607385
chr11:64244552	wtdmso	mtdmso	8	8	34	31	0.9117647058823529	1.0
chr11:64244561	wtdmso	mtdmso	7	9	27	32	0.9218106995884774	1.0
chr11:64244672	wtdmso	mtdmso	6	3	38	47	2.473684210526316	0.2966025699894358
chr11:64244716	wtdmso	mtdmso	2	9	47	41	0.1938534278959811	0.051120933745686506
chr11:64244948	wtdmso	mtdmso	5	1	46	52	5.6521739130434785	0.10904779798368187
chr11:64245269	wtdmso	mtdmso	27	19	26	32	1.7489878542510122	0.1730570533152671
chr11:64246491	wtdmso	mtdmso	1	1	40	37	0.925	1.0
chr11:64246598	wtdmso	mtdmso	4	7	29	32	0.6305418719211823	0.5327946512529389
chr11:64316369	wtdmso	mtdmso	3	1	18	11	1.8333333333333333	1.0
chr11:64316651	wtdmso	mtdmso	6	2	5	10	6.0	0.08937945887737246
chr11:64316765	wtdmso	mtdmso	2	1	37	49	2.6486486486486487	0.5793121059490683
chr11:64316829	wtdmso	mtdmso	7	6	29	44	1.7701149425287357	0.3743607931628584
chr11:64316871	wtdmso	mtdmso	1	1	39	51	1.3076923076923077	1.0
chr11:64317520	wtdmso	mtdmso	1	2	16	25	0.78125	1.0
chr11:64318220	wtdmso	mtdmso	4	1	23	16	2.782608695652174	0.6337043557690183
chr11:64319782	wtdmso	mtdmso	2	1	62	72	2.3225806451612905	0.5987977672820953
chr11:64319791	wtdmso	mtdmso	9	1	57	68	10.736842105263158	0.007884428796092411
chr11:64320660	wtdmso	mtdmso	1	3	63	63	0.3333333333333333	0.6193004944149423
chr11:64320753	wtdmso	mtdmso	9	14	65	62	0.6131868131868132	0.3661794219240593
chr11:64321633	wtdmso	mtdmso	2	3	67	70	0.6965174129353234	1.0
chr11:64321791	wtdmso	mtdmso	1	2	26	42	0.8076923076923077	1.0
chr11:64765821	wtdmso	mtdmso	3	1	13	10	2.3076923076923075	0.6239316239316239
chr11:65018581	wtdmso	mtdmso	3	3	11	9	0.8181818181818182	1.0
chr11:65018629	wtdmso	mtdmso	2	2	12	9	0.75	1.0
chr11:65018695	wtdmso	mtdmso	6	2	19	8	1.263157894736842	1.0
chr11:65020461	wtdmso	mtdmso	3	1	8	9	3.375	0.5864661654135339
chr11:65021850	wtdmso	mtdmso	4	5	9	6	0.5333333333333333	0.6751749899044288
chr11:65021855	wtdmso	mtdmso	2	3	14	9	0.42857142857142855	0.6239316239316239
chr11:65088055	wtdmso	mtdmso	1	1	11	28	2.5454545454545454	0.5048780487804878
chr11:65120775	wtdmso	mtdmso	1	1	176	193	1.0965909090909092	1.0
chr11:65121532	wtdmso	mtdmso	50	52	142	157	1.063109425785482	0.8190330348017525
chr11:65121767	wtdmso	mtdmso	3	9	157	174	0.36942675159235666	0.1498674719782182
chr11:65122100	wtdmso	mtdmso	9	10	164	178	0.9768292682926829	1.0
chr11:65208085	wtdmso	mtdmso	1	2	9	28	1.5555555555555556	1.0
chr11:65209336	wtdmso	mtdmso	1	1	9	22	2.4444444444444446	0.5208333333333334
chr11:65210442	wtdmso	mtdmso	1	2	11	32	1.4545454545454546	1.0
chr11:65210824	wtdmso	mtdmso	1	2	11	28	1.2727272727272727	1.0
chr11:65211463	wtdmso	mtdmso	5	19	7	19	0.7142857142857143	0.7447436067631336
chr11:65211505	wtdmso	mtdmso	8	29	4	9	0.6206896551724138	0.7069230842295231
chr11:65211659	wtdmso	mtdmso	2	12	9	27	0.5	0.7051228574741761
chr11:65211885	wtdmso	mtdmso	6	21	4	14	1.0	1.0
chr11:65211896	wtdmso	mtdmso	5	23	7	15	0.4658385093167702	0.32433085011559815
chr11:65653624	wtdmso	mtdmso	3	5	8	9	0.675	1.0
chr11:65653646	wtdmso	mtdmso	2	6	11	7	0.21212121212121213	0.20155606407322652
chr11:65653771	wtdmso	mtdmso	2	2	11	9	0.8181818181818182	1.0
chr11:65654095	wtdmso	mtdmso	4	2	8	13	3.25	0.35748792270531404
chr11:65654411	wtdmso	mtdmso	6	6	5	5	1.0	1.0
chr11:65654435	wtdmso	mtdmso	1	5	13	5	0.07692307692307693	0.05008321198252548
chr11:65654597	wtdmso	mtdmso	3	1	10	12	3.6	0.5930434782608694
chr11:65854845	wtdmso	mtdmso	9	14	114	135	0.7612781954887218	0.6628613050262635
chr11:65854856	wtdmso	mtdmso	12	14	99	101	0.8744588744588745	0.8360259400008181
chr11:65854921	wtdmso	mtdmso	6	3	129	150	2.3255813953488373	0.313364780265513
chr11:65854973	wtdmso	mtdmso	14	28	131	152	0.5801526717557252	0.13526281038982316
chr11:65855129	wtdmso	mtdmso	9	9	139	168	1.20863309352518	0.8089373390267991
chr11:65855189	wtdmso	mtdmso	18	26	112	134	0.8282967032967034	0.6236714537127148
chr11:65855193	wtdmso	mtdmso	3	5	102	109	0.6411764705882353	0.7233691698381444
chr11:65855253	wtdmso	mtdmso	2	1	96	110	2.2916666666666665	0.6010825558880479
chr11:65855402	wtdmso	mtdmso	6	6	127	154	1.2125984251968505	0.7747174710401179
chr11:65855423	wtdmso	mtdmso	1	3	133	160	0.40100250626566414	0.6296666686497194
chr11:65855656	wtdmso	mtdmso	2	1	130	149	2.292307692307692	0.6011043926921869
chr11:65856009	wtdmso	mtdmso	25	24	112	134	1.2462797619047619	0.5318486918335357
chr11:65856058	wtdmso	mtdmso	4	4	123	149	1.2113821138211383	1.0
chr11:65856108	wtdmso	mtdmso	9	11	126	151	0.9805194805194806	1.0
chr11:65856117	wtdmso	mtdmso	4	5	108	137	1.0148148148148148	1.0
chr11:65920627	wtdmso	mtdmso	1	1	25	19	0.76	1.0
chr11:65920644	wtdmso	mtdmso	1	1	21	16	0.7619047619047619	1.0
chr11:65920648	wtdmso	mtdmso	1	1	25	18	0.72	1.0
chr11:65920896	wtdmso	mtdmso	2	1	34	19	1.1176470588235294	1.0
chr11:66003830	wtdmso	mtdmso	3	1	14	10	2.142857142857143	1.0
chr11:66004094	wtdmso	mtdmso	5	4	9	6	0.8333333333333334	1.0
chr11:6611009	wtdmso	mtdmso	5	6	36	27	0.625	0.5245932526071344
chr11:6611420	wtdmso	mtdmso	4	10	35	21	0.24	0.03425604851597695
chr11:6611436	wtdmso	mtdmso	11	5	32	29	1.99375	0.27324194903478405
chr11:6611697	wtdmso	mtdmso	1	2	37	28	0.3783783783783784	0.5791763109585761
chr11:6612003	wtdmso	mtdmso	3	2	32	29	1.359375	1.0
chr11:6612036	wtdmso	mtdmso	2	2	24	27	1.125	1.0
chr11:66276257	wtdmso	mtdmso	2	2	21	15	0.7142857142857143	1.0
chr11:66276432	wtdmso	mtdmso	3	3	21	25	1.1904761904761905	1.0
chr11:66276614	wtdmso	mtdmso	9	12	24	28	0.875	1.0
chr11:66276691	wtdmso	mtdmso	6	9	20	33	1.1	1.0
chr11:66276717	wtdmso	mtdmso	3	5	29	35	0.7241379310344828	0.7254256903598539
chr11:66276725	wtdmso	mtdmso	8	5	25	36	2.304	0.22487089547940856
chr11:66276926	wtdmso	mtdmso	6	4	28	39	2.0892857142857144	0.3223232564882414
chr11:66277432	wtdmso	mtdmso	8	3	27	45	4.444444444444445	0.04630636698145172
chr11:66284636	wtdmso	mtdmso	3	2	16	11	1.03125	1.0
chr11:66284701	wtdmso	mtdmso	3	5	14	9	0.38571428571428573	0.41247641412268776
chr11:66287674	wtdmso	mtdmso	5	5	12	9	0.75	1.0
chr11:66288153	wtdmso	mtdmso	1	1	14	10	0.7142857142857143	1.0
chr11:6682014	wtdmso	mtdmso	3	5	7	12	1.0285714285714285	1.0
chr11:6682181	wtdmso	mtdmso	5	7	5	12	1.7142857142857142	0.6941529235382309
chr11:67065974	wtdmso	mtdmso	4	4	16	18	1.125	1.0
chr11:67066821	wtdmso	mtdmso	4	12	28	31	0.36904761904761907	0.15521404911506104
chr11:67070484	wtdmso	mtdmso	2	1	26	39	3.0	0.5642110304094501
chr11:67070500	wtdmso	mtdmso	1	1	11	31	2.8181818181818183	0.47568710359408034
chr11:67070515	wtdmso	mtdmso	2	5	23	39	0.6782608695652174	1.0
chr11:67070547	wtdmso	mtdmso	3	6	24	37	0.7708333333333334	1.0
chr11:67071498	wtdmso	mtdmso	1	3	26	32	0.41025641025641024	0.6256218125106435
chr11:67071646	wtdmso	mtdmso	1	2	31	44	0.7096774193548387	1.0
chr11:67071691	wtdmso	mtdmso	2	2	27	42	1.5555555555555556	1.0
chr11:67071699	wtdmso	mtdmso	9	19	23	26	0.5354691075514875	0.23676280646964706
chr11:67071757	wtdmso	mtdmso	25	40	2	5	1.5625	0.7041561984035372
chr11:67071851	wtdmso	mtdmso	1	2	27	40	0.7407407407407407	1.0
chr11:67071922	wtdmso	mtdmso	2	7	28	32	0.32653061224489793	0.28101924887123253
chr11:67071952	wtdmso	mtdmso	9	20	23	24	0.46956521739130436	0.15484865832340125
chr11:67071989	wtdmso	mtdmso	4	9	27	32	0.5267489711934157	0.3708516872933081
chr11:67351868	wtdmso	mtdmso	4	1	6	11	7.333333333333333	0.13533834586466167
chr11:67398331	wtdmso	mtdmso	6	4	30	33	1.65	0.5151150948224644
chr11:67398589	wtdmso	mtdmso	5	4	28	26	1.1607142857142858	1.0
chr11:67398810	wtdmso	mtdmso	6	4	30	35	1.75	0.506303252922279
chr11:67399078	wtdmso	mtdmso	4	2	27	28	2.074074074074074	0.6713268305523463
chr11:67399096	wtdmso	mtdmso	3	2	30	28	1.4	1.0
chr11:67399150	wtdmso	mtdmso	3	1	22	27	3.6818181818181817	0.3330487492529668
chr11:67399622	wtdmso	mtdmso	10	5	20	25	2.5	0.2325984703938369
chr11:67399642	wtdmso	mtdmso	2	1	30	27	1.8	1.0
chr11:67400756	wtdmso	mtdmso	1	2	31	26	0.41935483870967744	0.594155464640561
chr11:67400831	wtdmso	mtdmso	1	3	27	20	0.24691358024691357	0.31579831932773106
chr11:67438149	wtdmso	mtdmso	2	3	11	8	0.48484848484848486	0.6299171842650103
chr11:67438806	wtdmso	mtdmso	3	1	10	9	2.7	0.6036137775268209
chr11:67438944	wtdmso	mtdmso	1	1	12	9	0.75	1.0
chr11:67440258	wtdmso	mtdmso	1	1	11	10	0.9090909090909091	1.0
chr11:67440406	wtdmso	mtdmso	2	2	10	9	0.9	1.0
chr11:67441128	wtdmso	mtdmso	4	1	6	9	6.0	0.30340557275541796
chr11:67441438	wtdmso	mtdmso	3	2	7	9	1.9285714285714286	0.6351172047766475
chr11:67584528	wtdmso	mtdmso	14	21	188	225	0.7978723404255319	0.5976611534554647
chr11:67584718	wtdmso	mtdmso	9	17	303	360	0.6290040768782761	0.31788522619561305
chr11:67585152	wtdmso	mtdmso	8	6	333	413	1.6536536536536537	0.4208215350256593
chr11:67585176	wtdmso	mtdmso	10	7	322	396	1.756876663708962	0.325439041500716
chr11:67585200	wtdmso	mtdmso	31	28	304	388	1.4130639097744362	0.22072039144076366
chr11:67586119	wtdmso	mtdmso	3	3	362	444	1.2265193370165746	1.0
chr11:67586176	wtdmso	mtdmso	9	11	358	435	0.994159471813103	1.0
chr11:67586190	wtdmso	mtdmso	2	3	281	365	0.8659549228944247	1.0
chr11:67586206	wtdmso	mtdmso	5	6	268	324	1.007462686567164	1.0
chr11:67586401	wtdmso	mtdmso	50	56	249	328	1.1761331038439473	0.4574508401899381
chr11:67586416	wtdmso	mtdmso	20	16	295	384	1.6271186440677967	0.17028371788486113
chr11:67586545	wtdmso	mtdmso	142	168	212	265	1.056547619047619	0.7144777897602328
chr11:67586588	wtdmso	mtdmso	66	67	241	291	1.1894469560909147	0.3828859076893301
chr11:67586628	wtdmso	mtdmso	26	34	265	317	0.9147613762486126	0.7864490647956163
chr11:68032163	wtdmso	mtdmso	1	4	17	23	0.3382352941176471	0.6337043557690183
chr11:68032286	wtdmso	mtdmso	2	3	28	23	0.5476190476190477	0.6545645130550791
chr11:68032931	wtdmso	mtdmso	6	10	24	21	0.525	0.38444673052769257
chr11:68032966	wtdmso	mtdmso	5	7	24	23	0.6845238095238095	0.7480497930241057
chr11:68032970	wtdmso	mtdmso	2	2	29	29	1.0	1.0
chr11:68032996	wtdmso	mtdmso	5	8	15	32	1.3333333333333333	0.7435946600556127
chr11:68033144	wtdmso	mtdmso	6	7	13	21	1.3846153846153846	0.7430917358506937
chr11:68036297	wtdmso	mtdmso	2	1	25	32	2.56	0.5834015195791934
chr11:68036310	wtdmso	mtdmso	2	1	26	31	2.3846153846153846	0.5941554646405611
chr11:68036537	wtdmso	mtdmso	1	2	18	28	0.7777777777777778	1.0
chr11:68036576	wtdmso	mtdmso	2	2	29	41	1.4137931034482758	1.0
chr11:72754865	wtdmso	mtdmso	1	1	12	22	1.8333333333333333	1.0
chr11:75400722	wtdmso	mtdmso	150	203	298	389	0.9645584686084571	0.7917995226841124
chr11:75400798	wtdmso	mtdmso	34	54	367	459	0.7874659400544959	0.31139958895537545
chr11:75401640	wtdmso	mtdmso	105	157	338	431	0.8528059397731127	0.27943097513257836
chr11:75401681	wtdmso	mtdmso	142	181	357	489	1.0746088490644876	0.597267472095693
chr11:75401685	wtdmso	mtdmso	97	115	399	564	1.1922850604772801	0.2504560305688738
chr11:75402419	wtdmso	mtdmso	6	7	519	687	1.134599504541701	1.0
chr11:75404091	wtdmso	mtdmso	30	20	540	713	1.9805555555555556	0.020086103067961186
chr11:75404100	wtdmso	mtdmso	23	25	514	686	1.2278599221789883	0.552661313651393
chr11:75404153	wtdmso	mtdmso	4	4	547	701	1.2815356489945156	0.7358620345040678
chr11:75404162	wtdmso	mtdmso	5	6	604	768	1.0596026490066226	1.0
chr11:75404174	wtdmso	mtdmso	4	2	468	631	2.6965811965811968	0.41094486620896525
chr11:75404202	wtdmso	mtdmso	4	3	360	497	1.8407407407407408	0.4629692880133761
chr11:75404710	wtdmso	mtdmso	58	69	457	596	1.0962483747185487	0.6368552329145307
chr11:75404749	wtdmso	mtdmso	21	22	540	706	1.247979797979798	0.532452581426808
chr11:75404768	wtdmso	mtdmso	56	66	494	641	1.1009692062323642	0.6319629736853034
chr11:75404807	wtdmso	mtdmso	16	15	431	553	1.368600154679041	0.46324436974052063
chr11:75405661	wtdmso	mtdmso	2	13	472	597	0.19458930899608864	0.01768213532189203
chr11:758960	wtdmso	mtdmso	4	2	20	19	1.9	0.6695027415390433
chr11:764862	wtdmso	mtdmso	1	1	30	21	0.7	1.0
chr11:78069882	wtdmso	mtdmso	4	4	25	40	1.6	0.7047882740025928
chr11:78069913	wtdmso	mtdmso	2	2	28	44	1.5714285714285714	0.6450437459810208
chr11:78069927	wtdmso	mtdmso	4	3	23	44	2.550724637681159	0.24979973816810305
chr11:78073050	wtdmso	mtdmso	3	1	23	46	6.0	0.12600718466047423
chr11:78079668	wtdmso	mtdmso	1	2	11	26	1.1818181818181819	1.0
chr11:78079720	wtdmso	mtdmso	4	2	22	40	3.6363636363636362	0.1928741985260862
chr11:7987706	wtdmso	mtdmso	1	4	95	89	0.23421052631578948	0.2064707458950263
chr11:7991782	wtdmso	mtdmso	15	14	88	90	1.0957792207792207	0.8438670107164059
chr11:7992121	wtdmso	mtdmso	41	35	56	61	1.2760204081632653	0.4622111381076054
chr11:7992903	wtdmso	mtdmso	4	3	87	83	1.2720306513409962	1.0
chr11:7994450	wtdmso	mtdmso	8	4	108	112	2.074074074074074	0.3748322584278811
chr11:7994477	wtdmso	mtdmso	5	2	103	98	2.378640776699029	0.44758972766898775
chr11:7994984	wtdmso	mtdmso	4	1	110	108	3.9272727272727272	0.3699706867736411
chr11:7995027	wtdmso	mtdmso	9	13	111	102	0.6361746361746362	0.3738609684720837
chr11:7995038	wtdmso	mtdmso	2	1	122	117	1.9180327868852458	1.0
chr11:7995335	wtdmso	mtdmso	2	2	113	115	1.0176991150442478	1.0
chr11:7995945	wtdmso	mtdmso	3	4	114	112	0.7368421052631579	0.7217755070726812
chr11:7995959	wtdmso	mtdmso	7	7	83	86	1.036144578313253	1.0
chr11:7996006	wtdmso	mtdmso	2	3	115	117	0.6782608695652174	1.0
chr11:7996068	wtdmso	mtdmso	19	21	97	94	0.8767795778105056	0.7309974163887607
chr11:7996136	wtdmso	mtdmso	12	13	104	97	0.8609467455621301	0.8327989511527627
chr11:810005	wtdmso	mtdmso	5	5	442	411	0.9298642533936652	1.0
chr11:810298	wtdmso	mtdmso	4	4	425	407	0.9576470588235294	1.0
chr11:810316	wtdmso	mtdmso	11	5	429	410	2.1025641025641026	0.20896527987365396
chr11:811621	wtdmso	mtdmso	1	1	505	467	0.9247524752475248	1.0
chr11:812810	wtdmso	mtdmso	54	48	432	389	1.0130208333333333	1.0
chr11:833009	wtdmso	mtdmso	2	4	22	27	0.6136363636363636	0.6861682650805846
chr11:836385	wtdmso	mtdmso	5	3	29	36	2.0689655172413794	0.45992157508892895
chr11:836428	wtdmso	mtdmso	1	2	31	42	0.6774193548387096	1.0
chr11:837253	wtdmso	mtdmso	15	19	16	28	1.381578947368421	0.6411703287524805
chr11:837280	wtdmso	mtdmso	2	9	32	35	0.24305555555555555	0.1010296635818552
chr11:837288	wtdmso	mtdmso	2	1	31	43	2.774193548387097	0.5732330827067669
chr11:837324	wtdmso	mtdmso	1	2	33	48	0.7272727272727273	1.0
chr11:837337	wtdmso	mtdmso	3	1	26	32	3.6923076923076925	0.3320868700086941
chr11:837490	wtdmso	mtdmso	10	20	19	24	0.631578947368421	0.46673673663682047
chr11:837965	wtdmso	mtdmso	1	3	31	47	0.5053763440860215	1.0
chr11:838306	wtdmso	mtdmso	3	8	30	37	0.4625	0.338804160945465
chr11:838533	wtdmso	mtdmso	6	6	46	61	1.326086956521739	0.76179971816021
chr11:840230	wtdmso	mtdmso	1	1	27	35	1.2962962962962963	1.0
chr11:840339	wtdmso	mtdmso	1	2	33	44	0.6666666666666666	1.0
chr11:840360	wtdmso	mtdmso	3	6	30	44	0.7333333333333333	1.0
chr11:8683209	wtdmso	mtdmso	61	70	601	555	0.804730211552175	0.2684627071528368
chr11:8683219	wtdmso	mtdmso	1	3	670	599	0.2980099502487562	0.34953046695397527
chr11:8683227	wtdmso	mtdmso	36	32	671	609	1.0210506706408347	1.0
chr11:8684770	wtdmso	mtdmso	20	7	721	658	2.60748959778086	0.031020557782220376
chr11:8684800	wtdmso	mtdmso	36	22	674	625	1.5173995144321555	0.14060821034792137
chr11:8684811	wtdmso	mtdmso	80	75	630	586	0.9921693121693121	1.0
chr11:8684825	wtdmso	mtdmso	157	149	466	407	0.9202840107152116	0.5496022463640406
chr11:8684856	wtdmso	mtdmso	4	10	610	564	0.36983606557377047	0.10681296852572275
chr11:8685837	wtdmso	mtdmso	16	15	355	352	1.0576525821596243	1.0
chr12:103946921	wtdmso	mtdmso	5	2	20	8	1.0	1.0
chr12:103947733	wtdmso	mtdmso	1	1	23	12	0.5217391304347826	1.0
chr12:103947866	wtdmso	mtdmso	4	2	29	16	1.103448275862069	1.0
chr12:103947870	wtdmso	mtdmso	4	3	21	12	0.7619047619047619	1.0
chr12:104265561	wtdmso	mtdmso	3	2	9	23	3.8333333333333335	0.303505185858127
chr12:10699149	wtdmso	mtdmso	13	12	57	44	0.8362573099415205	0.8226409275447739
chr12:10699322	wtdmso	mtdmso	4	2	67	60	1.791044776119403	0.684740378400039
chr12:10699439	wtdmso	mtdmso	3	1	57	56	2.9473684210526314	0.6189597508937837
chr12:10699462	wtdmso	mtdmso	2	4	64	46	0.359375	0.4001837812699033
chr12:10699541	wtdmso	mtdmso	31	21	37	34	1.3564993564993566	0.46494441315376067
chr12:10699557	wtdmso	mtdmso	1	3	70	56	0.26666666666666666	0.32880882622230356
chr12:10699634	wtdmso	mtdmso	2	1	66	57	1.7272727272727273	1.0
chr12:10699650	wtdmso	mtdmso	5	3	53	48	1.509433962264151	0.7209197056430335
chr12:10701324	wtdmso	mtdmso	4	4	49	37	0.7551020408163265	0.725186860802846
chr12:10702127	wtdmso	mtdmso	5	6	50	37	0.6166666666666667	0.5274331273327753
chr12:10704091	wtdmso	mtdmso	9	3	44	37	2.522727272727273	0.22212009616907513
chr12:10710064	wtdmso	mtdmso	1	1	32	13	0.40625	0.5115633672525439
chr12:10713311	wtdmso	mtdmso	10	9	31	22	0.7885304659498208	0.7883379729487242
chr12:10723025	wtdmso	mtdmso	4	3	28	14	0.6666666666666666	0.6811763701164127
chr12:110346230	wtdmso	mtdmso	1	1	11	11	1.0	1.0
chr12:110346316	wtdmso	mtdmso	3	2	11	10	1.3636363636363635	1.0
chr12:110346438	wtdmso	mtdmso	1	4	13	7	0.1346153846153846	0.13333333333333336
chr12:110346469	wtdmso	mtdmso	5	1	11	9	4.090909090909091	0.3523867436910916
chr12:110346563	wtdmso	mtdmso	1	5	11	5	0.09090909090909091	0.05572755417956657
chr12:110346618	wtdmso	mtdmso	2	4	13	7	0.2692307692307692	0.3478260869565218
chr12:110346685	wtdmso	mtdmso	1	1	15	12	0.8	1.0
chr12:110435026	wtdmso	mtdmso	8	7	31	35	1.2903225806451613	0.7770862076595493
chr12:110435160	wtdmso	mtdmso	1	1	30	17	0.5666666666666667	1.0
chr12:110435166	wtdmso	mtdmso	9	8	29	35	1.3577586206896552	0.5969184987934584
chr12:110435182	wtdmso	mtdmso	4	4	40	42	1.05	1.0
chr12:110436154	wtdmso	mtdmso	3	2	40	41	1.5375	1.0
chr12:110436160	wtdmso	mtdmso	7	9	35	34	0.7555555555555555	0.7824744484894341
chr12:110436165	wtdmso	mtdmso	1	1	39	30	0.7692307692307693	1.0
chr12:110437121	wtdmso	mtdmso	1	2	40	31	0.3875	0.5825620140688634
chr12:110437136	wtdmso	mtdmso	3	2	31	28	1.3548387096774193	1.0
chr12:110445467	wtdmso	mtdmso	2	9	13	9	0.15384615384615385	0.03417686318131258
chr12:112405194	wtdmso	mtdmso	5	5	49	39	0.7959183673469388	0.7496672782627674
chr12:112405211	wtdmso	mtdmso	22	16	242	176	1.0	1.0
chr12:112405329	wtdmso	mtdmso	38	38	228	157	0.6885964912280702	0.16217905097950328
chr12:112406001	wtdmso	mtdmso	75	62	200	127	0.7681451612903226	0.21464924099278415
chr12:112406035	wtdmso	mtdmso	2	1	260	198	1.523076923076923	1.0
chr12:112406296	wtdmso	mtdmso	37	23	247	179	1.165815877486358	0.6751406144546028
chr12:112406784	wtdmso	mtdmso	4	2	240	183	1.525	0.7029778887481055
chr12:112408251	wtdmso	mtdmso	4	2	276	207	1.5	1.0
chr12:112408279	wtdmso	mtdmso	7	5	250	183	1.0248	1.0
chr12:120196731	wtdmso	mtdmso	5	5	613	803	1.3099510603588906	0.754033252136939
chr12:120196776	wtdmso	mtdmso	82	85	838	1034	1.1903411483925312	0.2921027229768987
chr12:120198576	wtdmso	mtdmso	21	27	707	901	0.9911991199119912	1.0
chr12:120198677	wtdmso	mtdmso	294	403	480	512	0.7781637717121588	0.013119003222363954
chr12:120198710	wtdmso	mtdmso	3	4	740	901	0.9131756756756757	1.0
chr12:120198717	wtdmso	mtdmso	13	8	683	878	2.0889458272327963	0.1211555047065482
chr12:120198915	wtdmso	mtdmso	10	6	799	1001	2.088026700041719	0.20576877847567743
chr12:120198938	wtdmso	mtdmso	51	75	733	904	0.8386357435197818	0.4025477421250343
chr12:120199136	wtdmso	mtdmso	12	9	717	940	1.7480241748024175	0.26792001471792565
chr12:120199154	wtdmso	mtdmso	60	78	631	806	0.9825673534072901	1.0
chr12:120199204	wtdmso	mtdmso	9	7	675	862	1.641904761904762	0.44872714823291476
chr12:120199327	wtdmso	mtdmso	2	2	752	964	1.2819148936170213	1.0
chr12:120199366	wtdmso	mtdmso	37	63	598	765	0.7513139034878166	0.2097066217551056
chr12:120199441	wtdmso	mtdmso	10	13	590	779	1.015645371577575	1.0
chr12:120200815	wtdmso	mtdmso	9	7	537	778	1.862729449321628	0.3061679976658084
chr12:120200828	wtdmso	mtdmso	6	9	491	720	0.9775967413441955	1.0
chr12:120200860	wtdmso	mtdmso	4	3	78	58	0.9914529914529915	1.0
chr12:120200883	wtdmso	mtdmso	8	7	70	53	0.8653061224489796	0.7903757291341356
chr12:120210514	wtdmso	mtdmso	1	1	44	46	1.0454545454545454	1.0
chr12:120210591	wtdmso	mtdmso	7	10	43	38	0.6186046511627907	0.4308228570505794
chr12:120210618	wtdmso	mtdmso	5	4	46	33	0.8967391304347826	1.0
chr12:120210773	wtdmso	mtdmso	7	7	44	49	1.1136363636363635	1.0
chr12:120210863	wtdmso	mtdmso	3	1	44	49	3.340909090909091	0.351939772110689
chr12:120211026	wtdmso	mtdmso	3	4	26	30	0.8653846153846154	1.0
chr12:120211107	wtdmso	mtdmso	2	4	15	27	0.9	1.0
chr12:120211116	wtdmso	mtdmso	4	4	10	19	1.9	0.4448196773623718
chr12:120211216	wtdmso	mtdmso	2	5	16	26	0.65	1.0
chr12:120211328	wtdmso	mtdmso	2	5	9	14	0.6222222222222222	1.0
chr12:120211360	wtdmso	mtdmso	10	15	13	7	0.358974358974359	0.13616609851854533
chr12:120211378	wtdmso	mtdmso	11	7	1	15	23.571428571428573	0.0011091228579258757
chr12:120438515	wtdmso	mtdmso	20	4	107	102	4.766355140186916	0.004038813836854392
chr12:120440587	wtdmso	mtdmso	9	10	108	95	0.7916666666666666	0.6401339906794727
chr12:120440606	wtdmso	mtdmso	8	6	84	90	1.4285714285714286	0.5865447711363455
chr12:120440625	wtdmso	mtdmso	29	15	90	94	2.0192592592592593	0.04556055261519128
chr12:120440662	wtdmso	mtdmso	22	17	102	99	1.2560553633217992	0.6004259412915215
chr12:120440719	wtdmso	mtdmso	6	5	103	100	1.1650485436893203	1.0
chr12:120461718	wtdmso	mtdmso	4	6	7	16	1.5238095238095237	0.6959869940960042
chr12:120461979	wtdmso	mtdmso	3	4	8	19	1.78125	0.6559800922593733
chr12:120463979	wtdmso	mtdmso	1	1	10	23	2.3	0.5361344537815124
chr12:120464120	wtdmso	mtdmso	1	2	9	19	1.0555555555555556	1.0
chr12:120496479	wtdmso	mtdmso	11	9	26	36	1.6923076923076923	0.43879762118623394
chr12:120498121	wtdmso	mtdmso	3	4	46	49	0.7989130434782609	1.0
chr12:120498138	wtdmso	mtdmso	10	4	38	49	3.223684210526316	0.08213656658124549
chr12:120498218	wtdmso	mtdmso	32	27	14	23	1.947089947089947	0.1439193308435619
chr12:120498256	wtdmso	mtdmso	20	26	23	28	0.9364548494983278	1.0
chr12:120498284	wtdmso	mtdmso	18	24	29	34	0.8793103448275862	0.8419455626575348
chr12:120498311	wtdmso	mtdmso	4	11	42	47	0.4069264069264069	0.16805417826684452
chr12:120498327	wtdmso	mtdmso	6	10	37	39	0.6324324324324324	0.5826202208987319
chr12:120563497	wtdmso	mtdmso	2	1	19	18	1.894736842105263	1.0
chr12:120565136	wtdmso	mtdmso	12	11	11	12	1.1900826446280992	1.0
chr12:120571201	wtdmso	mtdmso	2	1	21	18	1.7142857142857142	1.0
chr12:120575797	wtdmso	mtdmso	1	4	25	18	0.18	0.16486792064960426
chr12:120576665	wtdmso	mtdmso	3	7	22	18	0.35064935064935066	0.2890158561584202
chr12:120576768	wtdmso	mtdmso	1	3	20	18	0.3	0.6060037523452158
chr12:124911774	wtdmso	mtdmso	53	51	331	430	1.350038504827913	0.1713812585251244
chr12:124911885	wtdmso	mtdmso	82	90	328	417	1.1583333333333334	0.39593937891438113
chr12:124911913	wtdmso	mtdmso	4	6	316	408	0.8607594936708861	1.0
chr12:124911922	wtdmso	mtdmso	116	142	262	316	0.9852704010321471	0.9401396403803713
chr12:124911928	wtdmso	mtdmso	3	5	377	455	0.7241379310344828	0.7351550700475313
chr12:124912002	wtdmso	mtdmso	46	55	330	391	0.9909641873278237	1.0
chr12:124912031	wtdmso	mtdmso	1	2	342	431	0.6301169590643275	1.0
chr12:124912059	wtdmso	mtdmso	80	88	275	370	1.2231404958677685	0.25706676558330543
chr12:124912080	wtdmso	mtdmso	3	4	353	453	0.9624645892351275	1.0
chr12:124912113	wtdmso	mtdmso	48	58	343	426	1.027847592238866	0.9172523737234957
chr12:124912141	wtdmso	mtdmso	1	2	356	419	0.5884831460674157	1.0
chr12:124912150	wtdmso	mtdmso	73	105	297	369	0.8637806637806638	0.3968841685796431
chr12:124912156	wtdmso	mtdmso	1	4	378	486	0.32142857142857145	0.39387882308288835
chr12:124912230	wtdmso	mtdmso	46	61	311	402	0.9747509356386063	0.917165713854449
chr12:124912287	wtdmso	mtdmso	62	95	292	359	0.8023792357606344	0.24444555059672385
chr12:124912308	wtdmso	mtdmso	3	3	357	453	1.26890756302521	1.0
chr12:124912341	wtdmso	mtdmso	45	68	329	427	0.8588861076345432	0.4775187243892418
chr12:124912369	wtdmso	mtdmso	6	1	294	405	8.26530612244898	0.04596342023067562
chr12:124912378	wtdmso	mtdmso	64	78	263	342	1.0669786487276982	0.7781258709679428
chr12:124912384	wtdmso	mtdmso	6	3	343	434	2.5306122448979593	0.19605057695279468
chr12:124912458	wtdmso	mtdmso	27	59	288	373	0.5926906779661016	0.036397278423847323
chr12:124912515	wtdmso	mtdmso	64	90	249	346	0.9881302989736724	1.0
chr12:124912536	wtdmso	mtdmso	1	1	306	418	1.3660130718954249	1.0
chr12:124912569	wtdmso	mtdmso	31	46	288	398	0.9313103864734299	0.8084028553200276
chr12:124912597	wtdmso	mtdmso	4	2	256	351	2.7421875	0.40946653588773685
chr12:124912606	wtdmso	mtdmso	73	92	223	307	1.0923669331253656	0.6525655022448471
chr12:124912612	wtdmso	mtdmso	3	3	313	415	1.3258785942492013	1.0
chr12:124912686	wtdmso	mtdmso	42	47	248	321	1.1566575154426904	0.5665044222582118
chr12:124912743	wtdmso	mtdmso	65	70	205	272	1.23205574912892	0.32626482346216656
chr12:124912764	wtdmso	mtdmso	1	7	269	364	0.19330855018587362	0.14763284411372596
chr12:124912797	wtdmso	mtdmso	40	42	244	345	1.3466042154566744	0.2331616147028188
chr12:124912834	wtdmso	mtdmso	64	81	196	267	1.0763416477702192	0.7016965464330563
chr12:124912840	wtdmso	mtdmso	4	3	274	370	1.8004866180048662	0.4677505339135363
chr12:124912914	wtdmso	mtdmso	27	31	215	283	1.1464366091522882	0.675399852784224
chr12:124912971	wtdmso	mtdmso	42	62	180	248	0.9333333333333333	0.8247255378638256
chr12:124912992	wtdmso	mtdmso	2	1	227	309	2.7224669603524227	0.577397965252245
chr12:124913025	wtdmso	mtdmso	47	66	201	287	1.0168098899442184	1.0
chr12:124913053	wtdmso	mtdmso	2	2	229	307	1.3406113537117903	1.0
chr12:124913068	wtdmso	mtdmso	6	7	237	317	1.1464737793851718	1.0
chr12:124913142	wtdmso	mtdmso	29	46	212	277	0.8237284659557014	0.45563649355058256
chr12:124913253	wtdmso	mtdmso	31	52	197	277	0.8382467786021085	0.545445777970591
chr12:124913281	wtdmso	mtdmso	2	2	193	269	1.3937823834196892	1.0
chr12:124913290	wtdmso	mtdmso	51	83	172	226	0.8073690109274306	0.3127534753744326
chr12:124913296	wtdmso	mtdmso	3	2	219	302	2.0684931506849313	0.654522413636923
chr12:124913370	wtdmso	mtdmso	21	33	190	249	0.8339712918660287	0.5634217166767037
chr12:124913427	wtdmso	mtdmso	36	47	151	222	1.1261096237846977	0.6242992072338243
chr12:124913448	wtdmso	mtdmso	21	28	180	249	1.0375	1.0
chr12:124913481	wtdmso	mtdmso	49	71	159	212	0.92018779342723	0.7501947709093252
chr12:124913509	wtdmso	mtdmso	4	1	162	238	5.8765432098765435	0.16381233204971823
chr12:124913524	wtdmso	mtdmso	7	3	181	258	3.3259668508287294	0.10241062041989349
chr12:124913598	wtdmso	mtdmso	13	21	181	242	0.827676927124441	0.7191249531763493
chr12:124913655	wtdmso	mtdmso	32	37	157	217	1.1953864692718197	0.5102900888132488
chr12:124913709	wtdmso	mtdmso	49	73	148	192	0.8707885968159941	0.5937964012718819
chr12:124913746	wtdmso	mtdmso	33	60	156	193	0.680448717948718	0.1255295676020936
chr12:124913752	wtdmso	mtdmso	1	6	190	261	0.22894736842105262	0.24743296853184416
chr12:130872834	wtdmso	mtdmso	2	1	43	45	2.0930232558139537	0.6166193357204592
chr12:130872892	wtdmso	mtdmso	3	3	43	33	0.7674418604651163	1.0
chr12:130873051	wtdmso	mtdmso	5	6	40	28	0.5833333333333334	0.5163285624891277
chr12:130873074	wtdmso	mtdmso	4	4	26	25	0.9615384615384616	1.0
chr12:130873102	wtdmso	mtdmso	8	6	37	30	1.0810810810810811	1.0
chr12:130874605	wtdmso	mtdmso	4	5	56	45	0.6428571428571429	0.7291198091874841
chr12:130874680	wtdmso	mtdmso	1	1	51	33	0.6470588235294118	1.0
chr12:130875693	wtdmso	mtdmso	1	1	58	38	0.6551724137931034	1.0
chr12:130876032	wtdmso	mtdmso	4	3	53	42	1.0566037735849056	1.0
chr12:130876104	wtdmso	mtdmso	10	13	56	41	0.5631868131868132	0.24911083843896573
chr12:130876118	wtdmso	mtdmso	9	11	40	29	0.5931818181818181	0.3209855475013371
chr12:130876174	wtdmso	mtdmso	21	22	32	26	0.7755681818181818	0.5518207655712987
chr12:16347676	wtdmso	mtdmso	3	2	22	31	2.1136363636363638	0.6427851237288622
chr12:16354259	wtdmso	mtdmso	2	1	35	46	2.6285714285714286	0.5802338272952438
chr12:16357670	wtdmso	mtdmso	2	1	35	42	2.4	0.5933422590068159
chr12:16363896	wtdmso	mtdmso	2	2	41	46	1.1219512195121952	1.0
chr12:16364151	wtdmso	mtdmso	28	35	15	14	0.7466666666666667	0.6533688880086217
chr12:16364383	wtdmso	mtdmso	1	2	35	43	0.6142857142857143	1.0
chr12:21635367	wtdmso	mtdmso	6	13	59	49	0.3833116036505867	0.08246392564912212
chr12:21635541	wtdmso	mtdmso	10	11	57	56	0.8931419457735247	1.0
chr12:21635557	wtdmso	mtdmso	9	6	56	59	1.5803571428571428	0.5843091175203557
chr12:21635569	wtdmso	mtdmso	3	4	46	51	0.8315217391304348	1.0
chr12:21638400	wtdmso	mtdmso	8	5	54	58	1.7185185185185186	0.39597802989611897
chr12:21638404	wtdmso	mtdmso	18	21	46	40	0.7453416149068323	0.5627093461294905
chr12:21641967	wtdmso	mtdmso	2	6	53	51	0.32075471698113206	0.2715795620708593
chr12:21642012	wtdmso	mtdmso	5	6	34	47	1.1519607843137254	1.0
chr12:21644069	wtdmso	mtdmso	6	7	30	45	1.2857142857142858	0.7637077801648595
chr12:21644096	wtdmso	mtdmso	14	13	8	12	1.6153846153846154	0.5563698333499011
chr12:21647001	wtdmso	mtdmso	16	19	16	27	1.4210526315789473	0.49354117421435095
chr12:21654650	wtdmso	mtdmso	4	5	29	40	1.103448275862069	1.0
chr12:21657804	wtdmso	mtdmso	3	1	7	17	7.285714285714286	0.11575091575091576
chr12:42458396	wtdmso	mtdmso	4	4	25	21	0.84	1.0
chr12:42458476	wtdmso	mtdmso	2	3	26	20	0.5128205128205128	0.6471661004827465
chr12:42458593	wtdmso	mtdmso	1	1	31	25	0.8064516129032258	1.0
chr12:42458682	wtdmso	mtdmso	6	5	26	20	0.9230769230769231	1.0
chr12:42458865	wtdmso	mtdmso	2	1	38	32	1.6842105263157894	1.0
chr12:42458916	wtdmso	mtdmso	1	1	42	29	0.6904761904761905	1.0
chr12:42459067	wtdmso	mtdmso	15	14	25	14	0.6	0.33020866946609606
chr12:42459085	wtdmso	mtdmso	2	2	39	26	0.6666666666666666	1.0
chr12:42459218	wtdmso	mtdmso	1	3	35	24	0.22857142857142856	0.3051295610787943
chr12:42459234	wtdmso	mtdmso	5	8	37	22	0.3716216216216216	0.12968035117498838
chr12:42459318	wtdmso	mtdmso	7	10	35	19	0.38	0.09778547647255437
chr12:42459367	wtdmso	mtdmso	2	4	34	23	0.3382352941176471	0.38833120434826013
chr12:42459470	wtdmso	mtdmso	6	4	32	23	1.078125	1.0
chr12:42459508	wtdmso	mtdmso	10	14	23	13	0.40372670807453415	0.11567371745825036
chr12:42459596	wtdmso	mtdmso	2	1	33	24	1.4545454545454546	1.0
chr12:42459684	wtdmso	mtdmso	15	11	16	13	1.1079545454545454	1.0
chr12:42459838	wtdmso	mtdmso	13	11	2	5	2.9545454545454546	0.3943888270918303
chr12:42459864	wtdmso	mtdmso	12	8	16	17	1.59375	0.5712114535750299
chr12:42459914	wtdmso	mtdmso	3	4	29	20	0.5172413793103449	0.4465149402330311
chr12:42460045	wtdmso	mtdmso	12	14	10	7	0.6	0.5365072827773238
chr12:42460070	wtdmso	mtdmso	1	3	19	18	0.3157894736842105	0.6060037523452158
chr12:42460181	wtdmso	mtdmso	2	1	16	20	2.5	0.586388007440639
chr12:42460204	wtdmso	mtdmso	3	5	7	10	0.8571428571428571	1.0
chr12:42460338	wtdmso	mtdmso	5	8	6	9	0.9375	1.0
chr12:42460379	wtdmso	mtdmso	1	7	10	10	0.14285714285714285	0.0987241422024031
chr12:46358214	wtdmso	mtdmso	11	6	14	9	1.1785714285714286	1.0
chr12:46358219	wtdmso	mtdmso	4	1	25	17	2.72	0.6355383101935606
chr12:46358790	wtdmso	mtdmso	1	1	22	15	0.6818181818181818	1.0
chr12:46359154	wtdmso	mtdmso	5	1	6	13	10.833333333333334	0.05608695652173912
chr12:46359217	wtdmso	mtdmso	3	7	8	7	0.375	0.4138713151164356
chr12:49127897	wtdmso	mtdmso	2	1	11	19	3.4545454545454546	0.5472873900293256
chr12:49128126	wtdmso	mtdmso	1	1	13	31	2.3846153846153846	0.5207729468599034
chr12:49128138	wtdmso	mtdmso	1	4	14	29	0.5178571428571429	1.0
chr12:49128396	wtdmso	mtdmso	1	2	12	33	1.375	1.0
chr12:49128461	wtdmso	mtdmso	1	2	10	22	1.1	1.0
chr12:49128561	wtdmso	mtdmso	3	1	9	32	10.666666666666666	0.052048726467331115
chr12:49128681	wtdmso	mtdmso	1	1	11	26	2.3636363636363638	0.5263157894736843
chr12:49128880	wtdmso	mtdmso	2	8	9	17	0.4722222222222222	0.6879638025028328
chr12:49131346	wtdmso	mtdmso	1	3	10	20	0.6666666666666666	1.0
chr12:49269959	wtdmso	mtdmso	3	1	17	14	2.4705882352941178	0.6189839572192513
chr12:49272309	wtdmso	mtdmso	8	6	13	10	1.0256410256410255	1.0
chr12:49272628	wtdmso	mtdmso	1	1	23	15	0.6521739130434783	1.0
chr12:49272728	wtdmso	mtdmso	2	3	10	15	1.0	1.0
chr12:49272793	wtdmso	mtdmso	2	1	23	18	1.565217391304348	1.0
chr12:49273051	wtdmso	mtdmso	1	1	27	18	0.6666666666666666	1.0
chr12:49273147	wtdmso	mtdmso	1	1	28	16	0.5714285714285714	1.0
chr12:49752470	wtdmso	mtdmso	3	7	38	50	0.5639097744360902	0.5135721907621993
chr12:49752490	wtdmso	mtdmso	8	6	33	51	2.0606060606060606	0.24942771857530055
chr12:49752497	wtdmso	mtdmso	13	25	28	29	0.5385714285714286	0.2048105488964898
chr12:49755706	wtdmso	mtdmso	1	8	41	46	0.1402439024390244	0.07284215708735961
chr12:49755711	wtdmso	mtdmso	7	18	36	40	0.43209876543209874	0.10643044265842216
chr12:49755726	wtdmso	mtdmso	7	4	41	57	2.432926829268293	0.207979230427502
chr12:49759237	wtdmso	mtdmso	6	11	40	57	0.7772727272727272	0.79066284256053
chr12:49759297	wtdmso	mtdmso	3	15	50	57	0.228	0.020086981726620365
chr12:49761748	wtdmso	mtdmso	1	4	50	63	0.315	0.38774094048151925
chr12:49762900	wtdmso	mtdmso	8	12	43	53	0.8217054263565892	0.8063766138028841
chr12:49763053	wtdmso	mtdmso	1	2	19	27	0.7105263157894737	1.0
chr12:49763183	wtdmso	mtdmso	1	2	27	30	0.5555555555555556	1.0
chr12:49763244	wtdmso	mtdmso	1	3	30	31	0.34444444444444444	0.6146978021978021
chr12:49763250	wtdmso	mtdmso	19	24	17	20	0.9313725490196079	1.0
chr12:49763318	wtdmso	mtdmso	2	5	35	36	0.4114285714285714	0.43566887330405724
chr12:49763368	wtdmso	mtdmso	1	5	38	51	0.26842105263157895	0.395362716719883
chr12:49763469	wtdmso	mtdmso	2	3	40	41	0.6833333333333333	1.0
chr12:49763570	wtdmso	mtdmso	1	1	47	62	1.3191489361702127	1.0
chr12:49763662	wtdmso	mtdmso	1	3	53	66	0.41509433962264153	0.6302166736611141
chr12:49763803	wtdmso	mtdmso	2	1	49	68	2.7755102040816326	0.5739709443099272
chr12:49763828	wtdmso	mtdmso	2	1	50	54	2.16	0.6109529687381919
chr12:49763840	wtdmso	mtdmso	4	2	52	67	2.576923076923077	0.4065411489363199
chr12:49764165	wtdmso	mtdmso	6	6	40	59	1.475	0.5491597281285159
chr12:49764318	wtdmso	mtdmso	2	1	60	76	2.533333333333333	0.5858069494895992
chr12:49764362	wtdmso	mtdmso	2	3	68	73	0.7156862745098039	1.0
chr12:49764450	wtdmso	mtdmso	1	4	63	72	0.2857142857142857	0.3753267776131364
chr12:49764530	wtdmso	mtdmso	24	26	54	61	1.0427350427350428	1.0
chr12:49764635	wtdmso	mtdmso	2	4	71	76	0.5352112676056338	0.6832590806135143
chr12:51243641	wtdmso	mtdmso	2	1	8	10	2.5	0.5864661654135338
chr12:52235176	wtdmso	mtdmso	5	8	84	83	0.6175595238095238	0.5667335044323749
chr12:52235190	wtdmso	mtdmso	1	2	60	77	0.6416666666666667	1.0
chr12:52235245	wtdmso	mtdmso	4	2	89	84	1.8876404494382022	0.6836319901985793
chr12:52235353	wtdmso	mtdmso	23	27	95	85	0.7621832358674464	0.42690140912820435
chr12:52238760	wtdmso	mtdmso	6	8	113	107	0.7101769911504425	0.5906436338835723
chr12:52241477	wtdmso	mtdmso	1	1	130	114	0.8769230769230769	1.0
chr12:52241526	wtdmso	mtdmso	8	3	107	113	2.8161993769470404	0.13546731036912033
chr12:52241544	wtdmso	mtdmso	8	4	118	133	2.2542372881355934	0.2405304145631365
chr12:52241630	wtdmso	mtdmso	10	12	157	150	0.7961783439490446	0.6630203927491722
chr12:52243017	wtdmso	mtdmso	5	3	154	147	1.5909090909090908	0.7239160961010955
chr12:52243087	wtdmso	mtdmso	44	38	138	128	1.0739893211289093	0.8014452137550083
chr12:52243132	wtdmso	mtdmso	22	30	173	161	0.6824662813102119	0.23384825481812055
chr12:52245557	wtdmso	mtdmso	57	50	186	183	1.1216129032258064	0.6607033119320826
chr12:52245583	wtdmso	mtdmso	4	3	221	212	1.2790346907993966	1.0
chr12:52248640	wtdmso	mtdmso	9	2	227	235	4.658590308370044	0.03621269578036254
chr12:52248652	wtdmso	mtdmso	67	58	143	147	1.1874849288642393	0.4545819655980812
chr12:52248724	wtdmso	mtdmso	7	8	169	166	0.8594674556213018	0.798430558023675
chr12:52248845	wtdmso	mtdmso	4	5	235	227	0.7727659574468085	0.7482643548466168
chr12:52248853	wtdmso	mtdmso	35	32	192	191	1.0880533854166667	0.7919357429210434
chr12:52487268	wtdmso	mtdmso	92	59	297	213	1.118301660674542	0.5734200512346578
chr12:52487304	wtdmso	mtdmso	43	29	354	239	1.0010714981492306	1.0
chr12:52487321	wtdmso	mtdmso	24	26	385	252	0.6041958041958042	0.09964777137481065
chr12:52487329	wtdmso	mtdmso	10	3	402	276	2.288557213930348	0.25988363165209644
chr12:52487361	wtdmso	mtdmso	17	10	382	258	1.1481675392670156	0.8422990370552705
chr12:52487409	wtdmso	mtdmso	11	3	365	259	2.601826484018265	0.17255761334451017
chr12:52488081	wtdmso	mtdmso	13	8	296	200	1.097972972972973	1.0
chr12:52488432	wtdmso	mtdmso	34	22	270	184	1.0531986531986532	0.8863365585913403
chr12:52490038	wtdmso	mtdmso	1	2	145	113	0.3896551724137931	0.5844470844470844
chr12:52490653	wtdmso	mtdmso	2	4	108	89	0.41203703703703703	0.415771736536012
chr12:52490659	wtdmso	mtdmso	3	1	101	90	2.6732673267326734	0.6244992254687249
chr12:52490677	wtdmso	mtdmso	3	6	86	72	0.4186046511627907	0.30691243745184627
chr12:52490701	wtdmso	mtdmso	4	2	84	80	1.9047619047619047	0.6830681988249968
chr12:52490714	wtdmso	mtdmso	1	2	97	86	0.44329896907216493	0.6036314013873623
chr12:52490920	wtdmso	mtdmso	43	42	54	39	0.7394179894179894	0.3667341900182418
chr12:52490930	wtdmso	mtdmso	2	8	98	75	0.1913265306122449	0.04489441657143764
chr12:52491122	wtdmso	mtdmso	11	8	87	75	1.1853448275862069	0.8106195698287002
chr12:52491524	wtdmso	mtdmso	3	2	93	80	1.2903225806451613	1.0
chr12:52491533	wtdmso	mtdmso	6	2	84	78	2.7857142857142856	0.28427721369041714
chr12:52491545	wtdmso	mtdmso	17	9	77	71	1.7417027417027418	0.2861823564901812
chr12:52491569	wtdmso	mtdmso	4	5	86	75	0.6976744186046512	0.736181063527005
chr12:52491599	wtdmso	mtdmso	5	3	77	70	1.5151515151515151	0.7231642923160524
chr12:52491650	wtdmso	mtdmso	3	1	71	65	2.7464788732394365	0.6220619369762383
chr12:52491690	wtdmso	mtdmso	3	2	55	57	1.5545454545454545	0.679275066347017
chr12:52491713	wtdmso	mtdmso	2	6	63	59	0.31216931216931215	0.2734989124657773
chr12:52492693	wtdmso	mtdmso	6	5	38	19	0.6	0.500401694055689
chr12:52492752	wtdmso	mtdmso	4	7	53	44	0.4743935309973046	0.3428098527957394
chr12:52493190	wtdmso	mtdmso	3	4	48	29	0.453125	0.42513848322944536
chr12:52514616	wtdmso	mtdmso	16	32	280	366	0.6535714285714286	0.22598836728618574
chr12:52514657	wtdmso	mtdmso	2	1	366	485	2.650273224043716	0.5807234388979506
chr12:52514689	wtdmso	mtdmso	6	13	138	161	0.5384615384615384	0.24328806352897636
chr12:52514697	wtdmso	mtdmso	12	22	394	498	0.6894323950161514	0.3794184176635772
chr12:52514812	wtdmso	mtdmso	54	50	367	489	1.4390190735694823	0.09377252301301131
chr12:52514829	wtdmso	mtdmso	3	3	413	531	1.2857142857142858	1.0
chr12:52514938	wtdmso	mtdmso	36	51	330	421	0.9005347593582887	0.732157894019643
chr12:52515810	wtdmso	mtdmso	7	6	246	357	1.693089430894309	0.3988766674622919
chr12:52515831	wtdmso	mtdmso	10	9	250	390	1.7333333333333334	0.24286524653349778
chr12:52516702	wtdmso	mtdmso	43	86	195	293	0.7512820512820513	0.18664791924265117
chr12:52516741	wtdmso	mtdmso	4	4	232	375	1.6163793103448276	0.49067597790581774
chr12:52517122	wtdmso	mtdmso	1	6	199	347	0.29061976549413737	0.4309558747103014
chr12:52517155	wtdmso	mtdmso	36	71	148	263	0.901027788351732	0.7338650158682747
chr12:52517191	wtdmso	mtdmso	8	14	146	290	1.1350293542074363	0.8186242639246823
chr12:52517594	wtdmso	mtdmso	3	3	135	262	1.9407407407407407	0.41625520536968896
chr12:52517680	wtdmso	mtdmso	3	9	128	248	0.6458333333333334	0.7579326107187945
chr12:52517698	wtdmso	mtdmso	8	7	95	196	2.357894736842105	0.15797682138205915
chr12:52517722	wtdmso	mtdmso	2	5	134	258	0.7701492537313432	1.0
chr12:52517969	wtdmso	mtdmso	10	21	124	249	0.956221198156682	1.0
chr12:52518948	wtdmso	mtdmso	2	4	124	258	1.0403225806451613	1.0
chr12:52518957	wtdmso	mtdmso	1	4	124	257	0.5181451612903226	1.0
chr12:52518969	wtdmso	mtdmso	16	42	114	220	0.7351712614870509	0.36729511730686726
chr12:52518993	wtdmso	mtdmso	4	18	125	236	0.41955555555555557	0.1621096474981939
chr12:52519023	wtdmso	mtdmso	4	19	110	219	0.41913875598086126	0.16512204652810658
chr12:52519074	wtdmso	mtdmso	8	11	99	226	1.660238751147842	0.31193746932601085
chr12:52519087	wtdmso	mtdmso	13	34	73	183	0.9585012087026591	1.0
chr12:52519114	wtdmso	mtdmso	3	10	90	215	0.7166666666666667	0.7625781355070713
chr12:52519125	wtdmso	mtdmso	2	5	94	203	0.8638297872340426	1.0
chr12:52519137	wtdmso	mtdmso	4	3	106	250	3.1446540880503147	0.20570552864037756
chr12:52519776	wtdmso	mtdmso	1	2	100	235	1.175	1.0
chr12:52519800	wtdmso	mtdmso	7	10	96	215	1.5677083333333333	0.42307706421076
chr12:52519845	wtdmso	mtdmso	20	40	55	145	1.3181818181818181	0.41776859886953405
chr12:52520042	wtdmso	mtdmso	16	49	89	184	0.6750745241916991	0.23531355406153256
chr12:52520305	wtdmso	mtdmso	2	9	84	189	0.5	0.5134899142009379
chr12:52897246	wtdmso	mtdmso	1	1	145	171	1.1793103448275861	1.0
chr12:52897276	wtdmso	mtdmso	14	18	120	141	0.9138888888888889	0.8528062688011431
chr12:52897333	wtdmso	mtdmso	3	1	151	176	3.4966887417218544	0.3414731349858976
chr12:52897340	wtdmso	mtdmso	7	3	141	161	2.6643026004728134	0.20099005022044886
chr12:52897426	wtdmso	mtdmso	45	54	105	114	0.9047619047619048	0.7168077254516125
chr12:52898498	wtdmso	mtdmso	28	34	120	138	0.9470588235294117	0.8878470388794203
chr12:52898726	wtdmso	mtdmso	4	3	128	158	1.6458333333333333	0.7047818818367142
chr12:52898783	wtdmso	mtdmso	1	3	135	156	0.3851851851851852	0.6270433799792252
chr12:52899817	wtdmso	mtdmso	7	12	105	122	0.6777777777777778	0.48004698168615645
chr12:52899823	wtdmso	mtdmso	24	17	85	112	1.8602076124567475	0.08549635727309286
chr12:52899842	wtdmso	mtdmso	6	11	88	108	0.6694214876033058	0.6118793135464856
chr12:52899859	wtdmso	mtdmso	3	3	94	116	1.2340425531914894	1.0
chr12:52899985	wtdmso	mtdmso	1	3	76	93	0.40789473684210525	0.6298047650300878
chr12:52899991	wtdmso	mtdmso	1	1	81	96	1.1851851851851851	1.0
chr12:52900009	wtdmso	mtdmso	6	4	72	88	1.8333333333333333	0.5154740934829132
chr12:52900033	wtdmso	mtdmso	5	2	54	71	3.287037037037037	0.24149270544633367
chr12:52900625	wtdmso	mtdmso	1	1	68	87	1.2794117647058822	1.0
chr12:52900660	wtdmso	mtdmso	5	5	70	98	1.4	0.7445016174938766
chr12:52901866	wtdmso	mtdmso	1	2	65	97	0.7461538461538462	1.0
chr12:52901875	wtdmso	mtdmso	7	9	61	91	1.1602914389799637	0.7942115303540913
chr12:52901939	wtdmso	mtdmso	2	1	64	90	2.8125	0.572837476885145
chr12:52901986	wtdmso	mtdmso	3	2	37	65	2.635135135135135	0.3601164745275559
chr12:52902049	wtdmso	mtdmso	1	4	50	73	0.365	0.6474750762001524
chr12:52904739	wtdmso	mtdmso	1	4	44	60	0.3409090909090909	0.40207623204489595
chr12:52904965	wtdmso	mtdmso	4	3	32	58	2.4166666666666665	0.4181949851579243
chr12:52949459	wtdmso	mtdmso	3	3	30	45	1.5	0.683434486898844
chr12:52949486	wtdmso	mtdmso	3	7	29	45	0.6650246305418719	0.7348476946621232
chr12:52949532	wtdmso	mtdmso	4	3	33	48	1.9393939393939394	0.4476983855099914
chr12:52949546	wtdmso	mtdmso	1	1	31	42	1.3548387096774193	1.0
chr12:52950346	wtdmso	mtdmso	1	1	27	42	1.5555555555555556	1.0
chr12:52950397	wtdmso	mtdmso	5	4	28	42	1.875	0.47915150040439713
chr12:52950820	wtdmso	mtdmso	1	1	48	51	1.0625	1.0
chr12:52950895	wtdmso	mtdmso	1	2	46	56	0.6086956521739131	1.0
chr12:52951553	wtdmso	mtdmso	6	11	47	52	0.6034816247582205	0.43414117165720933
chr12:52951610	wtdmso	mtdmso	9	11	50	53	0.8672727272727273	0.811229370962072
chr12:52951839	wtdmso	mtdmso	5	5	57	64	1.1228070175438596	1.0
chr12:52952134	wtdmso	mtdmso	7	16	57	56	0.4298245614035088	0.1085223736555135
chr12:52952237	wtdmso	mtdmso	3	4	57	66	0.868421052631579	1.0
chr12:52952272	wtdmso	mtdmso	7	9	58	64	0.8582375478927203	0.7973598074275586
chr12:52952335	wtdmso	mtdmso	5	11	61	62	0.46199701937406856	0.1926202620238667
chr12:52952738	wtdmso	mtdmso	14	19	45	43	0.704093567251462	0.42091635212973344
chr12:52952812	wtdmso	mtdmso	4	3	58	69	1.5862068965517242	0.7035618483463055
chr12:52952819	wtdmso	mtdmso	4	2	53	66	2.490566037735849	0.41028065020326177
chr12:53040861	wtdmso	mtdmso	2	2	20	8	0.4	0.5717463848720802
chr12:53040951	wtdmso	mtdmso	1	1	23	15	0.6521739130434783	1.0
chr12:53041119	wtdmso	mtdmso	4	2	23	11	0.9565217391304348	1.0
chr12:53041222	wtdmso	mtdmso	3	2	25	15	0.9	1.0
chr12:53041308	wtdmso	mtdmso	1	1	26	15	0.5769230769230769	1.0
chr12:53041377	wtdmso	mtdmso	2	2	32	19	0.59375	0.6315432994678278
chr12:53041552	wtdmso	mtdmso	3	3	34	30	0.8823529411764706	1.0
chr12:53041596	wtdmso	mtdmso	1	1	39	34	0.8717948717948718	1.0
chr12:53041641	wtdmso	mtdmso	2	1	32	32	2.0	1.0
chr12:53041908	wtdmso	mtdmso	1	1	23	17	0.7391304347826086	1.0
chr12:53041985	wtdmso	mtdmso	1	2	42	26	0.30952380952380953	0.5576240048989589
chr12:53097714	wtdmso	mtdmso	3	3	11	8	0.7272727272727273	1.0
chr12:53097946	wtdmso	mtdmso	4	3	15	15	1.3333333333333333	1.0
chr12:53097959	wtdmso	mtdmso	8	4	13	14	2.1538461538461537	0.32207419192958686
chr12:53100774	wtdmso	mtdmso	1	5	22	14	0.12727272727272726	0.0753982339348193
chr12:53101062	wtdmso	mtdmso	4	4	17	14	0.8235294117647058	1.0
chr12:53102205	wtdmso	mtdmso	3	1	22	16	2.1818181818181817	0.6354864647547576
chr12:53295625	wtdmso	mtdmso	5	8	51	73	0.8946078431372549	1.0
chr12:53295634	wtdmso	mtdmso	1	1	55	80	1.4545454545454546	1.0
chr12:53295908	wtdmso	mtdmso	8	13	49	73	0.9167974882260597	1.0
chr12:53295926	wtdmso	mtdmso	8	11	41	68	1.206208425720621	0.7996416792987631
chr12:53297881	wtdmso	mtdmso	3	5	55	80	0.8727272727272727	1.0
chr12:53297903	wtdmso	mtdmso	14	16	47	73	1.3590425531914894	0.5343061030303792
chr12:53298063	wtdmso	mtdmso	3	5	58	81	0.8379310344827586	1.0
chr12:53299372	wtdmso	mtdmso	2	4	61	84	0.6885245901639344	1.0
chr12:53454751	wtdmso	mtdmso	5	6	56	83	1.2351190476190477	0.7584370862951135
chr12:53454758	wtdmso	mtdmso	3	4	73	104	1.0684931506849316	1.0
chr12:53454763	wtdmso	mtdmso	3	4	66	96	1.0909090909090908	1.0
chr12:53454788	wtdmso	mtdmso	11	9	61	93	1.8633879781420766	0.22994062218006156
chr12:53454804	wtdmso	mtdmso	5	4	58	78	1.6810344827586208	0.5024326150022832
chr12:53455946	wtdmso	mtdmso	3	8	66	82	0.4659090909090909	0.3515857305981266
chr12:53455987	wtdmso	mtdmso	9	13	74	98	0.9168399168399168	1.0
chr12:53455991	wtdmso	mtdmso	1	1	75	95	1.2666666666666666	1.0
chr12:53459272	wtdmso	mtdmso	2	5	82	108	0.526829268292683	0.7009107101972528
chr12:53459289	wtdmso	mtdmso	10	11	94	122	1.1798839458413926	0.8189264645187999
chr12:53462510	wtdmso	mtdmso	8	5	124	147	1.896774193548387	0.39420243445815484
chr12:53464760	wtdmso	mtdmso	4	10	48	73	0.6083333333333333	0.5653381774281402
chr12:53464829	wtdmso	mtdmso	6	8	60	87	1.0875	1.0
chr12:53464839	wtdmso	mtdmso	3	6	77	101	0.6558441558441559	0.73469113209145
chr12:53465948	wtdmso	mtdmso	14	12	107	125	1.3629283489096573	0.5359040793467232
chr12:53467223	wtdmso	mtdmso	8	8	121	146	1.2066115702479339	0.7986710548090483
chr12:53468799	wtdmso	mtdmso	1	1	82	104	1.2682926829268293	1.0
chr12:53468813	wtdmso	mtdmso	33	50	98	107	0.7206122448979592	0.24067270721331718
chr12:53471719	wtdmso	mtdmso	21	32	100	113	0.7415625	0.3589886237609217
chr12:53479443	wtdmso	mtdmso	4	4	160	175	1.09375	1.0
chr12:53479514	wtdmso	mtdmso	23	37	90	82	0.5663663663663664	0.0723574346026048
chr12:53479789	wtdmso	mtdmso	16	14	33	41	1.41991341991342	0.5164420983996433
chr12:53665425	wtdmso	mtdmso	2	5	67	78	0.46567164179104475	0.45649855724356125
chr12:53669181	wtdmso	mtdmso	19	27	57	60	0.7407407407407407	0.48571268258846595
chr12:54281402	wtdmso	mtdmso	10	25	44	69	0.6272727272727273	0.3179811026525324
chr12:54281494	wtdmso	mtdmso	14	17	50	88	1.4494117647058824	0.4139219160503329
chr12:54281916	wtdmso	mtdmso	2	3	73	120	1.095890410958904	1.0
chr12:54282116	wtdmso	mtdmso	9	13	68	115	1.170814479638009	0.8167595881337846
chr12:54282153	wtdmso	mtdmso	5	4	70	115	2.0535714285714284	0.3114770862027735
chr12:54282163	wtdmso	mtdmso	9	25	63	85	0.4857142857142857	0.11887900454973001
chr12:54282187	wtdmso	mtdmso	4	18	67	101	0.33499170812603646	0.060516240469315544
chr12:54282221	wtdmso	mtdmso	16	27	56	89	0.9417989417989417	1.0
chr12:54282225	wtdmso	mtdmso	3	5	66	101	0.9181818181818182	1.0
chr12:54282279	wtdmso	mtdmso	4	8	62	102	0.8225806451612904	1.0
chr12:54282590	wtdmso	mtdmso	5	8	81	129	0.9953703703703703	1.0
chr12:54282650	wtdmso	mtdmso	2	1	77	132	3.4285714285714284	0.5570687650898687
chr12:54283881	wtdmso	mtdmso	4	4	65	106	1.6307692307692307	0.4872263465864514
chr12:54284586	wtdmso	mtdmso	5	7	81	143	1.2610229276895943	0.7619384092603976
chr12:54284619	wtdmso	mtdmso	17	35	84	144	0.8326530612244898	0.6332563468868684
chr12:54284703	wtdmso	mtdmso	6	18	101	171	0.5643564356435643	0.27441547897708873
chr12:54284711	wtdmso	mtdmso	29	86	48	56	0.39341085271317827	0.0017397601959739015
chr12:54284723	wtdmso	mtdmso	5	18	98	161	0.45634920634920634	0.17458694567176564
chr12:54285042	wtdmso	mtdmso	17	24	20	38	1.3458333333333334	0.5306654997271194
chr12:54285061	wtdmso	mtdmso	2	8	33	55	0.4166666666666667	0.48743525177178276
chr12:54342257	wtdmso	mtdmso	2	1	10	11	2.2	1.0
chr12:54345481	wtdmso	mtdmso	5	2	6	10	4.166666666666667	0.19302732534661465
chr12:55725476	wtdmso	mtdmso	1	3	18	28	0.5185185185185185	1.0
chr12:55726199	wtdmso	mtdmso	30	29	128	113	0.9132543103448276	0.772878124235533
chr12:55726715	wtdmso	mtdmso	5	3	121	124	1.7079889807162534	0.49988948747024986
chr12:55727169	wtdmso	mtdmso	18	18	141	132	0.9361702127659575	0.8613074778169143
chr12:55727324	wtdmso	mtdmso	34	29	86	89	1.2133119486768245	0.5581226294041612
chr12:56042424	wtdmso	mtdmso	1	1	95	103	1.0842105263157895	1.0
chr12:56042494	wtdmso	mtdmso	21	20	79	87	1.1563291139240506	0.7288028978491837
chr12:56042518	wtdmso	mtdmso	15	11	60	78	1.7727272727272727	0.20313534349714357
chr12:56042575	wtdmso	mtdmso	2	2	98	104	1.0612244897959184	1.0
chr12:56043461	wtdmso	mtdmso	4	5	89	98	0.8808988764044944	1.0
chr12:56043466	wtdmso	mtdmso	44	58	52	50	0.7294429708222812	0.3261653175773657
chr12:56044179	wtdmso	mtdmso	2	2	83	86	1.036144578313253	1.0
chr12:56111020	wtdmso	mtdmso	2	6	9	10	0.37037037037037035	0.404830917874396
chr12:56111265	wtdmso	mtdmso	1	1	11	16	1.4545454545454546	1.0
chr12:56112883	wtdmso	mtdmso	1	1	9	12	1.3333333333333333	1.0
chr12:56113063	wtdmso	mtdmso	3	5	9	13	0.8666666666666667	1.0
chr12:56117607	wtdmso	mtdmso	31	158	69	273	0.7762795817281233	0.29954244603689884
chr12:56117648	wtdmso	mtdmso	19	70	86	385	1.2151162790697674	0.5534115351453683
chr12:56117683	wtdmso	mtdmso	1	7	94	407	0.6185410334346505	1.0
chr12:56117731	wtdmso	mtdmso	2	9	92	395	0.9541062801932367	1.0
chr12:56117738	wtdmso	mtdmso	4	18	95	397	0.928654970760234	1.0
chr12:56117747	wtdmso	mtdmso	33	112	63	296	1.3843537414965987	0.20989223072034432
chr12:56158687	wtdmso	mtdmso	3	14	19	29	0.32706766917293234	0.13915066992963976
chr12:56159618	wtdmso	mtdmso	8	22	13	21	0.5874125874125874	0.4257961217043925
chr12:56159679	wtdmso	mtdmso	1	3	32	43	0.4479166666666667	0.6362864317561188
chr12:56159715	wtdmso	mtdmso	1	1	19	43	2.263157894736842	0.5307539682539681
chr12:56159995	wtdmso	mtdmso	6	3	15	53	7.066666666666666	0.010506643680313454
chr12:56160024	wtdmso	mtdmso	2	3	21	49	1.5555555555555556	0.6392297178521376
chr12:56160043	wtdmso	mtdmso	3	3	29	55	1.896551724137931	0.6620093556105482
chr12:56160074	wtdmso	mtdmso	5	6	28	53	1.5773809523809523	0.5152134999718498
chr12:56160293	wtdmso	mtdmso	4	10	16	38	0.95	1.0
chr12:56271768	wtdmso	mtdmso	3	3	7	9	1.2857142857142858	1.0
chr12:56272121	wtdmso	mtdmso	2	1	8	10	2.5	0.5864661654135338
chr12:56272186	wtdmso	mtdmso	4	4	7	9	1.2857142857142858	1.0
chr12:56272281	wtdmso	mtdmso	3	3	7	9	1.2857142857142858	1.0
chr12:56638214	wtdmso	mtdmso	53	45	72	70	1.1450617283950617	0.6934679439129816
chr12:56638379	wtdmso	mtdmso	13	19	128	114	0.609375	0.2586577415562523
chr12:56638400	wtdmso	mtdmso	27	39	132	117	0.6136363636363636	0.0965975973107471
chr12:56638413	wtdmso	mtdmso	6	6	158	153	0.9683544303797469	1.0
chr12:56639135	wtdmso	mtdmso	6	2	165	161	2.9272727272727272	0.2842551096911703
chr12:56639237	wtdmso	mtdmso	2	1	131	134	2.045801526717557	0.6207865168539326
chr12:56639259	wtdmso	mtdmso	9	9	166	158	0.9518072289156626	1.0
chr12:56639305	wtdmso	mtdmso	21	17	116	125	1.331135902636917	0.486025287400665
chr12:56640061	wtdmso	mtdmso	2	5	158	143	0.3620253164556962	0.2670564100133288
chr12:56640160	wtdmso	mtdmso	5	8	139	134	0.6025179856115108	0.4105014064294279
chr12:56640164	wtdmso	mtdmso	12	15	128	118	0.7375	0.5442969355729377
chr12:56640169	wtdmso	mtdmso	24	17	133	136	1.443609022556391	0.3163752148231247
chr12:56642518	wtdmso	mtdmso	13	17	131	131	0.7647058823529411	0.5649657327013418
chr12:56642761	wtdmso	mtdmso	13	12	130	134	1.1166666666666667	0.8365626452700226
chr12:56642770	wtdmso	mtdmso	14	11	131	130	1.2630117973629424	0.6770009189447077
chr12:56642801	wtdmso	mtdmso	19	15	139	143	1.3031175059952038	0.586560684778912
chr12:56643476	wtdmso	mtdmso	9	11	134	133	0.8120759837177748	0.8173585479821722
chr12:56643557	wtdmso	mtdmso	9	3	125	141	3.384	0.07664679521630101
chr12:56643890	wtdmso	mtdmso	31	23	87	104	1.6111944027986007	0.16475485462011286
chr12:56644815	wtdmso	mtdmso	3	4	122	123	0.7561475409836066	1.0
chr12:56644937	wtdmso	mtdmso	8	10	105	111	0.8457142857142858	0.809142612152151
chr12:56645198	wtdmso	mtdmso	1	2	109	122	0.5596330275229358	1.0
chr12:56645246	wtdmso	mtdmso	24	17	85	95	1.5778546712802768	0.22678980120234987
chr12:56645332	wtdmso	mtdmso	1	1	106	115	1.0849056603773586	1.0
chr12:56645346	wtdmso	mtdmso	2	3	103	116	0.7508090614886731	1.0
chr12:56645906	wtdmso	mtdmso	2	3	100	109	0.7266666666666667	1.0
chr12:56663946	wtdmso	mtdmso	1	1	35	11	0.3142857142857143	0.4414893617021277
chr12:56664070	wtdmso	mtdmso	1	1	30	10	0.3333333333333333	0.45993031358885006
chr12:56712497	wtdmso	mtdmso	13	13	95	69	0.7263157894736842	0.5244070117101685
chr12:56712816	wtdmso	mtdmso	2	1	110	84	1.5272727272727273	1.0
chr12:56713104	wtdmso	mtdmso	4	2	96	72	1.5	1.0
chr12:56713671	wtdmso	mtdmso	1	1	103	75	0.7281553398058253	1.0
chr12:56714409	wtdmso	mtdmso	5	5	88	67	0.7613636363636364	0.7487362164331501
chr12:56714637	wtdmso	mtdmso	2	4	86	65	0.37790697674418605	0.4058195147269794
chr12:56714678	wtdmso	mtdmso	12	4	74	65	2.635135135135135	0.11629809867591373
chr12:57230898	wtdmso	mtdmso	3	4	14	15	0.8035714285714286	1.0
chr12:57231526	wtdmso	mtdmso	1	5	17	14	0.16470588235294117	0.17971217971217973
chr12:57232458	wtdmso	mtdmso	4	3	12	12	1.3333333333333333	1.0
chr12:57232471	wtdmso	mtdmso	2	2	19	28	1.4736842105263157	1.0
chr12:57232491	wtdmso	mtdmso	5	1	15	19	6.333333333333333	0.18176418176418177
chr12:57233259	wtdmso	mtdmso	2	1	17	17	2.0	1.0
chr12:57234041	wtdmso	mtdmso	2	1	15	18	2.4	0.5928571428571427
chr12:57234059	wtdmso	mtdmso	1	1	18	20	1.1111111111111112	1.0
chr12:57234269	wtdmso	mtdmso	2	5	18	24	0.5333333333333333	0.6847967878774841
chr12:57234387	wtdmso	mtdmso	4	3	33	28	1.1313131313131313	1.0
chr12:57234516	wtdmso	mtdmso	4	5	40	33	0.66	0.7264524505030832
chr12:57234590	wtdmso	mtdmso	2	2	14	29	2.0714285714285716	0.5967818798531102
chr12:57530731	wtdmso	mtdmso	1	2	19	13	0.34210526315789475	0.5645530939648586
chr12:57748607	wtdmso	mtdmso	44	13	88	52	2.0	0.06586518170079213
chr12:57749290	wtdmso	mtdmso	38	26	99	65	0.9595959595959596	1.0
chr12:57749453	wtdmso	mtdmso	18	11	175	116	1.0846753246753247	1.0
chr12:57749486	wtdmso	mtdmso	18	20	170	95	0.5029411764705882	0.0509609011771968
chr12:57750700	wtdmso	mtdmso	32	20	156	90	0.9230769230769231	0.8745377752774368
chr12:57750971	wtdmso	mtdmso	26	20	177	112	0.8225988700564971	0.6264130434659495
chr12:57750987	wtdmso	mtdmso	18	7	72	53	1.8928571428571428	0.26324941860653606
chr12:57750999	wtdmso	mtdmso	15	9	161	105	1.0869565217391304	1.0
chr12:57751010	wtdmso	mtdmso	36	29	174	105	0.7491082045184304	0.3242834574615242
chr12:57751246	wtdmso	mtdmso	27	20	164	102	0.8396341463414634	0.6279026503925568
chr12:57751256	wtdmso	mtdmso	44	32	119	73	0.8434873949579832	0.5796805204891136
chr12:57751264	wtdmso	mtdmso	34	30	140	84	0.68	0.193606321652186
chr12:57751270	wtdmso	mtdmso	8	6	147	88	0.7981859410430839	0.7785664425708949
chr12:57751309	wtdmso	mtdmso	18	12	168	107	0.9553571428571429	1.0
chr12:57751313	wtdmso	mtdmso	102	71	91	51	0.8051385234483825	0.4159338085592227
chr12:57751662	wtdmso	mtdmso	83	57	77	41	0.7753474595579859	0.36807275340658724
chr12:6225454	wtdmso	mtdmso	1	1	45	46	1.0222222222222221	1.0
chr12:6232725	wtdmso	mtdmso	11	19	37	26	0.406827880512091	0.07494098305855051
chr12:6235259	wtdmso	mtdmso	3	3	37	40	1.0810810810810811	1.0
chr12:6235479	wtdmso	mtdmso	12	17	38	35	0.6501547987616099	0.3838407518761352
chr12:6235507	wtdmso	mtdmso	11	11	41	37	0.9024390243902439	1.0
chr12:6237811	wtdmso	mtdmso	12	10	49	56	1.3714285714285714	0.6397097229542341
chr12:6238015	wtdmso	mtdmso	1	1	56	61	1.0892857142857142	1.0
chr12:6238212	wtdmso	mtdmso	3	5	61	62	0.6098360655737705	0.7184653427286616
chr12:6238225	wtdmso	mtdmso	1	2	49	51	0.5204081632653061	1.0
chr12:6328907	wtdmso	mtdmso	3	1	20	9	1.35	1.0
chr12:6385057	wtdmso	mtdmso	3	3	19	11	0.5789473684210527	0.6582463630613535
chr12:6385105	wtdmso	mtdmso	6	1	16	14	5.25	0.20397093013316922
chr12:6386354	wtdmso	mtdmso	3	3	21	14	0.6666666666666666	0.6786006901539634
chr12:6388399	wtdmso	mtdmso	3	4	24	14	0.4375	0.4122363739493632
chr12:6390311	wtdmso	mtdmso	5	7	8	8	0.7142857142857143	0.7176829541885402
chr12:6390726	wtdmso	mtdmso	1	1	9	14	1.5555555555555556	1.0
chr12:6390777	wtdmso	mtdmso	5	9	28	10	0.1984126984126984	0.02139870647259797
chr12:6390806	wtdmso	mtdmso	1	2	23	14	0.30434782608695654	0.5530364372469635
chr12:6390914	wtdmso	mtdmso	2	1	31	17	1.096774193548387	1.0
chr12:6390932	wtdmso	mtdmso	5	11	6	5	0.3787878787878788	0.26380401130704006
chr12:6390936	wtdmso	mtdmso	7	5	4	6	2.1	0.6699214098594903
chr12:6391119	wtdmso	mtdmso	20	12	9	5	0.9259259259259259	1.0
chr12:6391368	wtdmso	mtdmso	26	12	3	3	2.1666666666666665	0.3943691022533903
chr12:6534827	wtdmso	mtdmso	6	11	573	753	0.7168015230842456	0.6256314938689878
chr12:6536534	wtdmso	mtdmso	4	2	749	995	2.656875834445928	0.4119757332900842
chr12:6536567	wtdmso	mtdmso	15	8	541	722	2.5023105360443623	0.03512526117602559
chr12:6536579	wtdmso	mtdmso	21	18	679	921	1.5824742268041236	0.18965821104591285
chr12:6537179	wtdmso	mtdmso	88	105	739	987	1.1193504736129904	0.4905344208935898
chr12:6537194	wtdmso	mtdmso	28	39	803	999	0.8931890027780439	0.7080903701111212
chr12:6537383	wtdmso	mtdmso	41	50	856	1092	1.0460747663551402	0.8299598512139603
chr12:6537583	wtdmso	mtdmso	88	108	731	958	1.0678421239296751	0.7036334591037077
chr12:6537616	wtdmso	mtdmso	21	35	846	1076	0.7631205673758865	0.34336401613578993
chr12:6537639	wtdmso	mtdmso	69	94	800	1027	0.9423271276595745	0.7422320654508723
chr12:6537671	wtdmso	mtdmso	34	30	908	1163	1.4516152716593245	0.1598951817940571
chr12:6537788	wtdmso	mtdmso	20	29	701	818	0.8047616705199468	0.5606770999760646
chr12:6537793	wtdmso	mtdmso	188	262	671	777	0.8309120487821526	0.09298157069135216
chr12:6537810	wtdmso	mtdmso	1	1	933	1161	1.2443729903536977	1.0
chr12:6537827	wtdmso	mtdmso	7	13	825	1026	0.6696503496503496	0.49939567461754575
chr12:6537911	wtdmso	mtdmso	144	172	797	947	0.9947769250970208	1.0
chr12:6538105	wtdmso	mtdmso	13	10	929	1112	1.5560818083961248	0.30175133527056697
chr12:6538138	wtdmso	mtdmso	55	58	969	1186	1.1606348528522117	0.4400429001530031
chr12:6538171	wtdmso	mtdmso	8	14	993	1164	0.669831678895123	0.3980597202960481
chr12:6538179	wtdmso	mtdmso	28	26	990	1213	1.3195027195027196	0.3345872065440067
chr12:6538217	wtdmso	mtdmso	6	2	846	1028	3.645390070921986	0.151476998002186
chr12:6538295	wtdmso	mtdmso	3	5	896	1096	0.7339285714285714	0.7370565665186122
chr12:6748032	wtdmso	mtdmso	1	2	27	30	0.5555555555555556	1.0
chr12:6748119	wtdmso	mtdmso	1	1	31	31	1.0	1.0
chr12:6748130	wtdmso	mtdmso	4	3	27	27	1.3333333333333333	1.0
chr12:6748340	wtdmso	mtdmso	7	5	20	22	1.54	0.7445476374710535
chr12:6748361	wtdmso	mtdmso	3	7	21	23	0.46938775510204084	0.48323612062247623
chr12:6748422	wtdmso	mtdmso	1	2	30	28	0.4666666666666667	0.6123923312031118
chr12:6748509	wtdmso	mtdmso	2	2	29	26	0.896551724137931	1.0
chr12:6748801	wtdmso	mtdmso	5	2	20	13	1.625	0.6912740914288902
chr12:6748831	wtdmso	mtdmso	2	1	28	29	2.0714285714285716	1.0
chr12:6748839	wtdmso	mtdmso	3	2	28	30	1.6071428571428572	0.6718665237698301
chr12:6749930	wtdmso	mtdmso	1	1	23	23	1.0	1.0
chr12:6749965	wtdmso	mtdmso	3	5	24	24	0.6	0.7065598108883346
chr12:6749988	wtdmso	mtdmso	3	3	26	28	1.0769230769230769	1.0
chr12:6750302	wtdmso	mtdmso	1	1	25	27	1.08	1.0
chr12:6753000	wtdmso	mtdmso	1	1	14	13	0.9285714285714286	1.0
chr12:6867600	wtdmso	mtdmso	7	13	74	89	0.6476091476091476	0.4767740564862501
chr12:6868944	wtdmso	mtdmso	24	19	62	91	1.8539898132427843	0.0837445400533467
chr12:6868958	wtdmso	mtdmso	2	1	83	118	2.8433734939759034	0.5719528849436668
chr12:6869115	wtdmso	mtdmso	6	3	90	126	2.8	0.17544469956540015
chr12:6869295	wtdmso	mtdmso	2	10	116	161	0.2775862068965517	0.1313122307950706
chr12:6869374	wtdmso	mtdmso	1	4	100	139	0.3475	0.406914580863443
chr12:6869699	wtdmso	mtdmso	15	18	117	163	1.160968660968661	0.7122555282493004
chr12:6869755	wtdmso	mtdmso	4	5	128	173	1.08125	1.0
chr12:6870272	wtdmso	mtdmso	26	31	120	179	1.2510752688172042	0.4647984805143464
chr12:6870360	wtdmso	mtdmso	4	7	109	149	0.781127129750983	0.7654317893323275
chr12:6870422	wtdmso	mtdmso	18	27	128	176	0.9166666666666666	0.8719210780349498
chr12:6870446	wtdmso	mtdmso	6	10	118	167	0.8491525423728814	0.8011089109404009
chr12:6870509	wtdmso	mtdmso	12	18	143	197	0.9184149184149184	1.0
chr12:6870556	wtdmso	mtdmso	4	7	133	155	0.6659505907626209	0.5573501457463624
chr12:6870595	wtdmso	mtdmso	28	48	116	158	0.7945402298850575	0.43059502471892586
chr12:6870794	wtdmso	mtdmso	15	25	124	171	0.8274193548387097	0.6127960662642713
chr12:6944100	wtdmso	mtdmso	8	13	8	25	1.9230769230769231	0.3626147411120275
chr12:6945871	wtdmso	mtdmso	1	1	14	34	2.4285714285714284	0.5142857142857143
chr12:69593000	wtdmso	mtdmso	1	1	9	14	1.5555555555555556	1.0
chr12:69597189	wtdmso	mtdmso	5	5	5	12	2.4	0.4152971361209347
chr12:69597742	wtdmso	mtdmso	2	4	8	14	0.875	1.0
chr12:69597750	wtdmso	mtdmso	2	1	8	15	3.75	0.5384615384615385
chr12:69597999	wtdmso	mtdmso	4	6	7	13	1.2380952380952381	1.0
chr12:69598340	wtdmso	mtdmso	1	1	9	17	1.8888888888888888	1.0
chr12:6965462	wtdmso	mtdmso	23	16	22	32	2.090909090909091	0.09597612841084927
chr12:6965478	wtdmso	mtdmso	3	5	45	43	0.5733333333333334	0.7144714464109364
chr12:6965529	wtdmso	mtdmso	5	7	37	42	0.8108108108108109	0.7674942017501247
chr12:6965550	wtdmso	mtdmso	8	6	32	40	1.6666666666666667	0.3996951545100626
chr12:6965668	wtdmso	mtdmso	7	5	39	43	1.5435897435897437	0.5479517221400321
chr12:6965709	wtdmso	mtdmso	7	4	37	45	2.1283783783783785	0.3388041429098789
chr12:6966447	wtdmso	mtdmso	20	17	21	29	1.6246498599439776	0.2858814389887387
chr12:6966462	wtdmso	mtdmso	1	1	34	39	1.1470588235294117	1.0
chr12:6967726	wtdmso	mtdmso	2	2	42	45	1.0714285714285714	1.0
chr12:6967977	wtdmso	mtdmso	2	5	36	41	0.45555555555555555	0.44867769937421814
chr12:6969544	wtdmso	mtdmso	2	1	31	38	2.4516129032258065	0.589989939637827
chr12:6970225	wtdmso	mtdmso	5	5	29	34	1.1724137931034482	1.0
chr12:6970523	wtdmso	mtdmso	6	5	24	34	1.7	0.5139528062527912
chr12:6970532	wtdmso	mtdmso	4	9	27	31	0.5102880658436214	0.3651608122034974
chr12:6970573	wtdmso	mtdmso	7	2	18	19	3.6944444444444446	0.15064515745173718
chr12:6970639	wtdmso	mtdmso	5	3	9	15	2.7777777777777777	0.25167222840192804
chr12:89348234	wtdmso	mtdmso	2	1	9	9	2.0	1.0
chr12:89348885	wtdmso	mtdmso	4	6	17	4	0.1568627450980392	0.04010688091550886
chr12:89349054	wtdmso	mtdmso	4	3	6	7	1.5555555555555556	1.0
chr12:95861285	wtdmso	mtdmso	3	3	7	13	1.8571428571428572	0.6442687747035571
chr12:96000922	wtdmso	mtdmso	1	1	11	11	1.0	1.0
chr12:96001062	wtdmso	mtdmso	3	2	7	12	2.5714285714285716	0.6146245059288538
chr12:96002994	wtdmso	mtdmso	3	3	8	11	1.375	1.0
chr12:98594012	wtdmso	mtdmso	13	17	87	101	0.887762001352265	0.8447804012267507
chr12:98594060	wtdmso	mtdmso	3	3	100	122	1.22	1.0
chr12:98597859	wtdmso	mtdmso	6	4	93	104	1.6774193548387097	0.5245487631050535
chr12:98597974	wtdmso	mtdmso	26	35	88	86	0.7259740259740259	0.30101325955462965
chr12:98601267	wtdmso	mtdmso	1	1	123	128	1.0406504065040652	1.0
chr12:98601380	wtdmso	mtdmso	18	26	115	117	0.7043478260869566	0.3260017893274474
chr12:98601414	wtdmso	mtdmso	38	25	97	100	1.5670103092783505	0.14793066005928557
chr12:98601439	wtdmso	mtdmso	3	7	141	144	0.4376899696048632	0.3366917556614417
chr12:98601519	wtdmso	mtdmso	3	1	142	156	3.295774647887324	0.3536611333944918
chr12:98601548	wtdmso	mtdmso	87	100	51	48	0.8188235294117647	0.4566026740009177
chr12:98601592	wtdmso	mtdmso	14	10	135	142	1.4725925925925927	0.4011366045912713
chr12:98601607	wtdmso	mtdmso	3	1	120	127	3.175	0.36221762309487276
chr12:98601692	wtdmso	mtdmso	1	3	80	80	0.3333333333333333	0.6204702206302634
chr13:113306580	wtdmso	mtdmso	2	4	8	8	0.5	0.6461742591773552
chr13:113309655	wtdmso	mtdmso	1	2	10	15	0.75	1.0
chr13:113309709	wtdmso	mtdmso	7	6	13	12	1.0769230769230769	1.0
chr13:113309820	wtdmso	mtdmso	2	3	21	15	0.47619047619047616	0.6384257764232091
chr13:113310731	wtdmso	mtdmso	8	4	17	14	1.6470588235294117	0.7314867989853809
chr13:113319481	wtdmso	mtdmso	6	2	19	15	2.3684210526315788	0.43882660185612693
chr13:113319627	wtdmso	mtdmso	4	5	23	12	0.41739130434782606	0.27468732943850116
chr13:113320416	wtdmso	mtdmso	2	4	23	14	0.30434782608695654	0.21780923796029628
chr13:113322610	wtdmso	mtdmso	7	2	34	18	1.8529411764705883	0.7044197772318774
chr13:113322631	wtdmso	mtdmso	2	3	38	17	0.2982456140350877	0.32161643149369623
chr13:113323029	wtdmso	mtdmso	1	1	34	19	0.5588235294117647	1.0
chr13:113323079	wtdmso	mtdmso	10	3	36	21	1.9444444444444444	0.5197066252647298
chr13:20187841	wtdmso	mtdmso	25	6	49	7	0.5952380952380952	0.531173712527744
chr13:20187846	wtdmso	mtdmso	19	1	50	13	4.94	0.17000119136593145
chr13:20187901	wtdmso	mtdmso	10	1	52	14	2.6923076923076925	0.6812044545691985
chr13:20187925	wtdmso	mtdmso	1	1	64	14	0.21875	0.34177215189873417
chr13:20187986	wtdmso	mtdmso	12	2	60	14	1.4	1.0
chr13:20188019	wtdmso	mtdmso	4	2	58	15	0.5172413793103449	0.6042381228257312
chr13:20188051	wtdmso	mtdmso	16	2	50	14	2.24	0.5023882899406392
chr13:20188370	wtdmso	mtdmso	5	2	62	14	0.5645161290322581	0.6154233068943469
chr13:20188465	wtdmso	mtdmso	15	4	53	11	0.7783018867924528	0.7384178241013741
chr13:20188530	wtdmso	mtdmso	12	2	44	12	1.6363636363636365	0.7195376316156317
chr13:20188560	wtdmso	mtdmso	6	3	21	7	0.6666666666666666	0.6787766304549657
chr13:20189016	wtdmso	mtdmso	35	10	15	2	0.4666666666666667	0.48355164087727454
chr13:21146825	wtdmso	mtdmso	3	7	44	21	0.20454545454545456	0.033868778781208614
chr13:21147225	wtdmso	mtdmso	3	3	36	10	0.2777777777777778	0.156960230900871
chr13:21147280	wtdmso	mtdmso	1	1	40	24	0.6	1.0
chr13:21177288	wtdmso	mtdmso	18	5	18	5	1.0	1.0
chr13:21177296	wtdmso	mtdmso	15	6	22	4	0.45454545454545453	0.3064288386575108
chr13:27253783	wtdmso	mtdmso	170	155	229	196	0.9387237639104099	0.7120390482083399
chr13:27255292	wtdmso	mtdmso	22	16	404	372	1.266089108910891	0.5101608724461868
chr13:27256468	wtdmso	mtdmso	29	20	350	330	1.3671428571428572	0.3050331271167467
chr13:27256497	wtdmso	mtdmso	13	10	406	372	1.1911330049261084	0.8328747353039645
chr13:27256550	wtdmso	mtdmso	26	31	190	186	0.8210526315789474	0.5700279078605144
chr13:27621930	wtdmso	mtdmso	1	1	45	49	1.0888888888888888	1.0
chr13:27622920	wtdmso	mtdmso	2	2	47	48	1.0212765957446808	1.0
chr13:27622958	wtdmso	mtdmso	8	11	37	41	0.8058968058968059	0.7992369873049374
chr13:27622968	wtdmso	mtdmso	4	6	46	48	0.6956521739130435	0.7432817443226498
chr13:27623032	wtdmso	mtdmso	2	3	43	48	0.7441860465116279	1.0
chr13:27623103	wtdmso	mtdmso	14	27	33	29	0.4556677890011223	0.0702837291369939
chr13:27623206	wtdmso	mtdmso	34	34	20	26	1.3	0.5678445828361937
chr13:27623274	wtdmso	mtdmso	33	32	13	13	1.03125	1.0
chr13:27623311	wtdmso	mtdmso	11	4	40	51	3.50625	0.04998829547628351
chr13:27623378	wtdmso	mtdmso	4	4	46	54	1.173913043478261	1.0
chr13:27623409	wtdmso	mtdmso	1	1	49	48	0.9795918367346939	1.0
chr13:28662459	wtdmso	mtdmso	4	3	21	10	0.6349206349206349	0.6716278972470924
chr13:28664529	wtdmso	mtdmso	8	2	21	12	2.2857142857142856	0.45569289763414245
chr13:28672404	wtdmso	mtdmso	1	2	28	10	0.17857142857142858	0.200187617260788
chr13:45336883	wtdmso	mtdmso	83	81	56	29	0.5306437389770723	0.022796795997088067
chr13:45336915	wtdmso	mtdmso	25	17	177	152	1.2628780325689597	0.5144743505076868
chr13:45336989	wtdmso	mtdmso	17	14	179	149	1.0107741420590584	1.0
chr13:45337045	wtdmso	mtdmso	106	89	71	68	1.14068681753442	0.5793106931505798
chr13:45337057	wtdmso	mtdmso	7	6	178	141	0.9241573033707865	1.0
chr13:45337072	wtdmso	mtdmso	6	8	197	158	0.6015228426395939	0.41694273991990305
chr13:45337180	wtdmso	mtdmso	28	26	278	228	0.8832318760376314	0.6692187570532746
chr13:45337219	wtdmso	mtdmso	17	5	591	458	2.6348561759729274	0.05283089988927692
chr13:45337260	wtdmso	mtdmso	238	190	397	307	0.9686596844756729	0.8051421365101842
chr13:45337293	wtdmso	mtdmso	339	313	292	186	0.6898989014836535	0.0024452558095077567
chr13:45337302	wtdmso	mtdmso	11	10	578	467	0.8887543252595156	0.8272004027722517
chr13:45337309	wtdmso	mtdmso	124	115	443	333	0.8105211502600844	0.15793230928686036
chr13:45337343	wtdmso	mtdmso	122	91	554	441	1.0672035545681755	0.704036926467262
chr13:45338706	wtdmso	mtdmso	17	21	658	510	0.6274424663482414	0.18441463256198198
chr13:45338726	wtdmso	mtdmso	26	15	613	479	1.354431756389342	0.423537418385868
chr13:45338759	wtdmso	mtdmso	2	3	583	454	0.51915380217267	0.6588435223033571
chr13:45339503	wtdmso	mtdmso	3	4	633	488	0.5781990521327014	0.4777297202170262
chr13:45339535	wtdmso	mtdmso	4	5	669	529	0.6325859491778775	0.5198522533395581
chr13:45339549	wtdmso	mtdmso	11	11	591	472	0.7986463620981388	0.6673643309746067
chr13:45339559	wtdmso	mtdmso	1	1	666	529	0.7942942942942943	1.0
chr13:45339580	wtdmso	mtdmso	43	37	586	443	0.8785628632045014	0.6396811277354124
chr13:45339589	wtdmso	mtdmso	5	2	594	478	2.0117845117845117	0.47144023162702264
chr13:45340062	wtdmso	mtdmso	93	82	529	412	0.883304901101941	0.45698929734130583
chr13:45340152	wtdmso	mtdmso	13	12	594	468	0.8535353535353535	0.6901367886176542
chr13:45340161	wtdmso	mtdmso	1	1	643	506	0.7869362363919129	1.0
chr13:45340171	wtdmso	mtdmso	12	11	611	476	0.8498735307245946	0.8324341002796498
chr13:45341052	wtdmso	mtdmso	57	46	437	361	1.0236294896030245	1.0
chr13:48233238	wtdmso	mtdmso	3	1	29	25	2.586206896551724	0.6200532679661537
chr13:48233469	wtdmso	mtdmso	16	22	23	18	0.5691699604743083	0.2628730122334848
chr13:48253808	wtdmso	mtdmso	1	2	44	44	0.5	1.0
chr13:48256372	wtdmso	mtdmso	5	4	45	46	1.2777777777777777	1.0
chr13:48258180	wtdmso	mtdmso	12	5	38	42	2.6526315789473682	0.11067119458177768
chr13:48258802	wtdmso	mtdmso	4	6	41	33	0.5365853658536586	0.5025850236388592
chr13:48258863	wtdmso	mtdmso	1	1	52	48	0.9230769230769231	1.0
chr13:48261224	wtdmso	mtdmso	9	10	31	31	0.9	1.0
chr13:48261373	wtdmso	mtdmso	1	1	47	44	0.9361702127659575	1.0
chr13:48261432	wtdmso	mtdmso	10	2	21	13	3.0952380952380953	0.2845768288280337
chr13:48261598	wtdmso	mtdmso	3	2	31	13	0.6290322580645161	0.6351954287728043
chr13:48261803	wtdmso	mtdmso	1	1	33	15	0.45454545454545453	0.5420408163265308
chr13:73077237	wtdmso	mtdmso	2	1	10	9	1.8	1.0
chr13:75526505	wtdmso	mtdmso	6	6	36	33	0.9166666666666666	1.0
chr13:75526541	wtdmso	mtdmso	6	1	8	13	9.75	0.07681159420289854
chr13:75530245	wtdmso	mtdmso	2	2	32	39	1.21875	1.0
chr13:98019655	wtdmso	mtdmso	1	1	9	9	1.0	1.0
chr13:98021753	wtdmso	mtdmso	1	3	9	8	0.2962962962962963	0.5864661654135339
chr13:99562753	wtdmso	mtdmso	2	1	8	11	2.75	0.5714285714285713
chr14:102081307	wtdmso	mtdmso	2	1	9	15	3.3333333333333335	0.5487179487179487
chr14:104759569	wtdmso	mtdmso	6	11	4	10	1.3636363636363635	1.0
chr14:104769517	wtdmso	mtdmso	2	2	10	12	1.2	1.0
chr14:104769662	wtdmso	mtdmso	3	2	9	13	2.1666666666666665	0.6280193236714976
chr14:104769738	wtdmso	mtdmso	1	1	10	11	1.1	1.0
chr14:104770054	wtdmso	mtdmso	7	3	3	11	8.555555555555555	0.03514941445685826
chr14:104770328	wtdmso	mtdmso	3	7	7	6	0.3673469387755102	0.40153452685421986
chr14:105250730	wtdmso	mtdmso	3	2	7	10	2.142857142857143	0.6240601503759399
chr14:105250801	wtdmso	mtdmso	2	1	8	11	2.75	0.5714285714285713
chr14:105479591	wtdmso	mtdmso	3	1	9	10	3.3333333333333335	0.5900621118012421
chr14:105479627	wtdmso	mtdmso	3	2	9	18	3.0	0.3376569203877324
chr14:21210852	wtdmso	mtdmso	3	2	28	10	0.5357142857142857	0.6077490291897553
chr14:21210966	wtdmso	mtdmso	6	2	36	29	2.4166666666666665	0.4535365846724475
chr14:21211229	wtdmso	mtdmso	1	2	39	30	0.38461538461538464	0.5814889336016095
chr14:21211448	wtdmso	mtdmso	2	2	10	19	1.9	0.6099706744868034
chr14:22771310	wtdmso	mtdmso	1	2	9	16	0.8888888888888888	1.0
chr14:22771557	wtdmso	mtdmso	2	5	8	14	0.7	1.0
chr14:22771603	wtdmso	mtdmso	5	9	5	7	0.7777777777777778	1.0
chr14:22771621	wtdmso	mtdmso	3	6	7	11	0.7857142857142857	1.0
chr14:22771654	wtdmso	mtdmso	8	6	3	12	5.333333333333333	0.06043294142402485
chr14:22877089	wtdmso	mtdmso	3	3	23	8	0.34782608695652173	0.33506510712393067
chr14:22877394	wtdmso	mtdmso	3	1	22	13	1.7727272727272727	1.0
chr14:22877415	wtdmso	mtdmso	1	3	32	15	0.15625	0.11999999999999997
chr14:22877531	wtdmso	mtdmso	2	2	29	13	0.4482758620689655	0.586818641419248
chr14:22877647	wtdmso	mtdmso	2	1	34	18	1.0588235294117647	1.0
chr14:22877847	wtdmso	mtdmso	8	5	16	9	0.9	1.0
chr14:23026023	wtdmso	mtdmso	3	2	8	9	1.6875	1.0
chr14:23026050	wtdmso	mtdmso	8	4	2	6	6.0	0.1698023338890212
chr14:23026134	wtdmso	mtdmso	2	1	9	9	2.0	1.0
chr14:24137720	wtdmso	mtdmso	11	4	18	8	1.2222222222222223	1.0
chr14:24138372	wtdmso	mtdmso	2	1	30	11	0.7333333333333333	1.0
chr14:24138763	wtdmso	mtdmso	3	1	32	11	1.03125	1.0
chr14:24217055	wtdmso	mtdmso	1	1	10	9	0.9	1.0
chr14:24218395	wtdmso	mtdmso	9	1	19	10	4.7368421052631575	0.22824989675583907
chr14:35308940	wtdmso	mtdmso	4	1	8	15	7.5	0.1330891330891331
chr14:35308958	wtdmso	mtdmso	1	2	12	15	0.625	1.0
chr14:35310784	wtdmso	mtdmso	1	3	11	14	0.42424242424242425	0.6220790703549324
chr14:35314360	wtdmso	mtdmso	4	1	9	16	7.111111111111111	0.1377485860244481
chr14:35401691	wtdmso	mtdmso	1	1	25	12	0.48	1.0
chr14:35401695	wtdmso	mtdmso	15	3	15	12	4.0	0.06315780021008317
chr14:35401726	wtdmso	mtdmso	5	1	24	16	3.3333333333333335	0.38988294745526736
chr14:35401789	wtdmso	mtdmso	3	3	13	12	0.9230769230769231	1.0
chr14:35401832	wtdmso	mtdmso	13	6	14	12	1.8571428571428572	0.3709267797843559
chr14:35401986	wtdmso	mtdmso	13	15	5	2	0.3466666666666667	0.40175953079178883
chr14:35402430	wtdmso	mtdmso	1	1	30	18	0.6	1.0
chr14:35402644	wtdmso	mtdmso	1	2	27	15	0.2777777777777778	0.5471458773784357
chr14:35403206	wtdmso	mtdmso	2	1	11	13	2.3636363636363638	0.5955555555555554
chr14:35403702	wtdmso	mtdmso	1	2	16	15	0.46875	1.0
chr14:35404540	wtdmso	mtdmso	1	1	13	14	1.0769230769230769	1.0
chr14:49583590	wtdmso	mtdmso	2	2	56	246	4.392857142857143	0.16388764238043863
chr14:49583670	wtdmso	mtdmso	18	69	49	217	1.15527950310559	0.6388758207398569
chr14:49618782	wtdmso	mtdmso	3	5	32	22	0.4125	0.27887468302110663
chr14:49618828	wtdmso	mtdmso	14	15	21	12	0.5333333333333333	0.3056154463279235
chr14:49618877	wtdmso	mtdmso	1	7	32	22	0.09821428571428571	0.02060929016784987
chr14:49619034	wtdmso	mtdmso	6	6	15	17	1.1333333333333333	1.0
chr14:54427365	wtdmso	mtdmso	1	1	24	14	0.5833333333333334	1.0
chr14:54427461	wtdmso	mtdmso	3	2	21	12	0.8571428571428571	1.0
chr14:54427497	wtdmso	mtdmso	4	3	21	10	0.6349206349206349	0.6716278972470924
chr14:54427533	wtdmso	mtdmso	7	2	18	11	2.138888888888889	0.4562440449037872
chr14:54427551	wtdmso	mtdmso	2	2	13	12	0.9230769230769231	1.0
chr14:54427644	wtdmso	mtdmso	3	3	9	7	0.7777777777777778	1.0
chr14:54427811	wtdmso	mtdmso	1	1	24	11	0.4583333333333333	1.0
chr14:54430391	wtdmso	mtdmso	1	1	23	10	0.43478260869565216	0.5361344537815125
chr14:55138108	wtdmso	mtdmso	3	9	32	34	0.3541666666666667	0.20742831331598188
chr14:55138304	wtdmso	mtdmso	6	6	29	30	1.0344827586206897	1.0
chr14:55142648	wtdmso	mtdmso	1	1	34	44	1.2941176470588236	1.0
chr14:55142690	wtdmso	mtdmso	7	6	31	40	1.5053763440860215	0.554594628441516
chr14:55145132	wtdmso	mtdmso	2	4	36	42	0.5833333333333334	0.6849586853566959
chr14:55145137	wtdmso	mtdmso	1	1	35	44	1.2571428571428571	1.0
chr14:55145198	wtdmso	mtdmso	2	3	35	41	0.780952380952381	1.0
chr14:55145216	wtdmso	mtdmso	3	5	32	33	0.61875	0.7124745456253536
chr14:55145233	wtdmso	mtdmso	3	1	31	40	3.870967741935484	0.32332880826031507
chr14:61747661	wtdmso	mtdmso	7	1	17	15	6.176470588235294	0.11404731714329237
chr14:61747898	wtdmso	mtdmso	3	2	27	15	0.8333333333333334	1.0
chr14:61748212	wtdmso	mtdmso	8	5	34	21	0.9882352941176471	1.0
chr14:68787826	wtdmso	mtdmso	17	6	50	17	0.9633333333333334	1.0
chr14:68787894	wtdmso	mtdmso	1	1	51	18	0.35294117647058826	0.4663983903420522
chr14:68787916	wtdmso	mtdmso	7	5	38	14	0.5157894736842106	0.3180414528145998
chr14:68787989	wtdmso	mtdmso	12	5	37	11	0.7135135135135136	0.7441367924993203
chr14:68788016	wtdmso	mtdmso	7	5	42	14	0.4666666666666667	0.29360230060050835
chr14:68788060	wtdmso	mtdmso	31	12	17	6	0.9117647058823529	1.0
chr14:68788103	wtdmso	mtdmso	8	2	31	15	1.935483870967742	0.7062650029903572
chr14:68788168	wtdmso	mtdmso	4	2	32	14	0.875	1.0
chr14:68788441	wtdmso	mtdmso	1	2	27	11	0.2037037037037037	0.23170731707317072
chr14:68788689	wtdmso	mtdmso	2	3	26	12	0.3076923076923077	0.32359614293817357
chr14:68788699	wtdmso	mtdmso	4	2	22	11	1.0	1.0
chr14:68788756	wtdmso	mtdmso	7	5	11	10	1.2727272727272727	1.0
chr14:68789134	wtdmso	mtdmso	1	1	16	11	0.6875	1.0
chr14:68789345	wtdmso	mtdmso	5	2	11	8	1.8181818181818181	0.6679841897233201
chr14:68789515	wtdmso	mtdmso	2	2	13	8	0.6153846153846154	1.0
chr14:68874645	wtdmso	mtdmso	3	5	74	63	0.5108108108108108	0.4745368801210381
chr14:68874704	wtdmso	mtdmso	28	35	46	29	0.5043478260869565	0.05975711100374441
chr14:68874865	wtdmso	mtdmso	2	2	63	63	1.0	1.0
chr14:68874904	wtdmso	mtdmso	8	12	55	54	0.6545454545454545	0.4691237307617676
chr14:68875015	wtdmso	mtdmso	9	6	51	58	1.7058823529411764	0.41360884491533456
chr14:68877085	wtdmso	mtdmso	2	1	57	52	1.8245614035087718	1.0
chr14:68877143	wtdmso	mtdmso	2	7	52	47	0.25824175824175827	0.16103406547895507
chr14:68877160	wtdmso	mtdmso	1	4	58	56	0.2413793103448276	0.36436112906701146
chr14:68877179	wtdmso	mtdmso	6	10	49	51	0.6244897959183674	0.4315106649997669
chr14:68877202	wtdmso	mtdmso	2	1	49	55	2.2448979591836733	0.6043025921354258
chr14:68880062	wtdmso	mtdmso	4	7	33	43	0.7445887445887446	0.7526639952064045
chr14:68880945	wtdmso	mtdmso	6	3	38	39	2.0526315789473686	0.48454368479128723
chr14:68882566	wtdmso	mtdmso	1	1	28	34	1.2142857142857142	1.0
chr14:68882876	wtdmso	mtdmso	2	1	22	29	2.6363636363636362	0.579100145137881
chr14:68883048	wtdmso	mtdmso	1	5	28	25	0.17857142857142858	0.19450977211904957
chr14:68883052	wtdmso	mtdmso	8	12	23	18	0.5217391304347826	0.28306997326020933
chr14:68884201	wtdmso	mtdmso	2	1	19	28	2.9473684210526314	0.565
chr14:68884210	wtdmso	mtdmso	2	2	18	27	1.5	1.0
chr14:68884304	wtdmso	mtdmso	1	1	13	25	1.9230769230769231	1.0
chr14:68884817	wtdmso	mtdmso	3	5	10	9	0.54	0.6776167471819644
chr14:68884826	wtdmso	mtdmso	1	1	18	28	1.5555555555555556	1.0
chr14:68885463	wtdmso	mtdmso	2	2	12	17	1.4166666666666667	1.0
chr14:68890144	wtdmso	mtdmso	3	1	10	26	7.8	0.09231863442389758
chr14:68892227	wtdmso	mtdmso	2	1	11	12	2.1818181818181817	1.0
chr14:68892242	wtdmso	mtdmso	2	2	10	12	1.2	1.0
chr14:68902520	wtdmso	mtdmso	1	2	10	14	0.7	1.0
chr14:68902550	wtdmso	mtdmso	1	3	12	11	0.3055555555555556	0.5955555555555555
chr14:68909966	wtdmso	mtdmso	3	5	10	9	0.54	0.6776167471819644
chr14:68909997	wtdmso	mtdmso	5	7	5	5	0.7142857142857143	1.0
chr14:68925604	wtdmso	mtdmso	5	1	7	10	7.142857142857143	0.15495259888852564
chr14:68925616	wtdmso	mtdmso	2	2	10	10	1.0	1.0
chr14:74479961	wtdmso	mtdmso	1	4	28	40	0.35714285714285715	0.6420143520110806
chr14:74480129	wtdmso	mtdmso	1	1	35	50	1.4285714285714286	1.0
chr14:74480186	wtdmso	mtdmso	3	6	41	50	0.6097560975609756	0.7274023914823735
chr14:74480773	wtdmso	mtdmso	2	4	35	40	0.5714285714285714	0.6829179407460553
chr14:74484484	wtdmso	mtdmso	4	7	40	55	0.7857142857142857	1.0
chr14:74486362	wtdmso	mtdmso	9	8	31	46	1.6693548387096775	0.4194028876781316
chr14:74493197	wtdmso	mtdmso	1	6	39	50	0.21367521367521367	0.2330342432728295
chr14:74493214	wtdmso	mtdmso	13	16	29	43	1.2047413793103448	0.8237343376043584
chr14:75134309	wtdmso	mtdmso	11	8	12	10	1.1458333333333333	1.0
chr14:75134333	wtdmso	mtdmso	2	2	10	18	1.8	0.6195773081201335
chr14:75134480	wtdmso	mtdmso	1	1	9	17	1.8888888888888888	1.0
chr14:75134558	wtdmso	mtdmso	2	3	8	16	1.3333333333333333	1.0
chr14:75134700	wtdmso	mtdmso	6	9	5	10	1.3333333333333333	1.0
chr14:75134762	wtdmso	mtdmso	6	9	19	10	0.3508771929824561	0.12337317939480674
chr14:75134838	wtdmso	mtdmso	4	8	7	11	0.7857142857142857	1.0
chr14:75281755	wtdmso	mtdmso	1	1	9	11	1.2222222222222223	1.0
chr14:75281838	wtdmso	mtdmso	2	2	8	10	1.25	1.0
chr14:77708195	wtdmso	mtdmso	1	4	16	18	0.28125	0.36341199499094246
chr14:77710850	wtdmso	mtdmso	7	3	12	17	3.3055555555555554	0.1551874455100261
chr14:77717590	wtdmso	mtdmso	1	1	9	9	1.0	1.0
chr14:90272410	wtdmso	mtdmso	3	3	7	13	1.8571428571428572	0.6442687747035571
chr14:90401351	wtdmso	mtdmso	1	2	9	17	0.9444444444444444	1.0
chr14:90404407	wtdmso	mtdmso	1	3	11	21	0.6363636363636364	1.0
chr14:90404705	wtdmso	mtdmso	1	5	9	18	0.4	0.6402252502780867
chr14:94127840	wtdmso	mtdmso	2	3	9	17	1.2592592592592593	1.0
chr15:100915755	wtdmso	mtdmso	1	2	19	33	0.868421052631579	1.0
chr15:100915959	wtdmso	mtdmso	4	1	9	33	14.666666666666666	0.016687104245996752
chr15:100916119	wtdmso	mtdmso	3	4	11	49	3.340909090909091	0.15288834240891122
chr15:100916238	wtdmso	mtdmso	3	4	26	49	1.4134615384615385	0.6935384964402203
chr15:22869506	wtdmso	mtdmso	2	1	11	27	4.909090909090909	0.23170731707317077
chr15:22869880	wtdmso	mtdmso	1	2	9	12	0.6666666666666666	1.0
chr15:22869952	wtdmso	mtdmso	3	4	10	17	1.275	1.0
chr15:22874564	wtdmso	mtdmso	1	1	9	12	1.3333333333333333	1.0
chr15:34341778	wtdmso	mtdmso	1	4	22	15	0.17045454545454544	0.1580228714375056
chr15:34341897	wtdmso	mtdmso	5	10	6	5	0.4166666666666667	0.4258648539507336
chr15:34341906	wtdmso	mtdmso	1	1	23	19	0.8260869565217391	1.0
chr15:34341955	wtdmso	mtdmso	2	4	22	16	0.36363636363636365	0.38712733664520393
chr15:40038382	wtdmso	mtdmso	3	3	22	27	1.2272727272727273	1.0
chr15:40844708	wtdmso	mtdmso	2	5	8	6	0.3	0.3614551083591331
chr15:40853231	wtdmso	mtdmso	1	1	14	12	0.8571428571428571	1.0
chr15:40853511	wtdmso	mtdmso	6	2	10	12	3.6	0.22553389971680826
chr15:40853520	wtdmso	mtdmso	1	1	15	14	0.9333333333333333	1.0
chr15:40853567	wtdmso	mtdmso	2	2	16	13	0.8125	1.0
chr15:40854683	wtdmso	mtdmso	4	2	9	17	3.7777777777777777	0.1937403993855607
chr15:40855967	wtdmso	mtdmso	14	8	18	9	0.875	1.0
chr15:40856011	wtdmso	mtdmso	1	1	18	19	1.0555555555555556	1.0
chr15:40856931	wtdmso	mtdmso	4	3	25	18	0.96	1.0
chr15:40857045	wtdmso	mtdmso	13	13	31	23	0.7419354838709677	0.6331497389035596
chr15:40857053	wtdmso	mtdmso	3	6	32	26	0.40625	0.2920880879973994
chr15:40857058	wtdmso	mtdmso	35	17	6	6	2.0588235294117645	0.3231158242847394
chr15:40857198	wtdmso	mtdmso	3	3	33	20	0.6060606060606061	0.6692454397243841
chr15:40857207	wtdmso	mtdmso	10	8	13	4	0.38461538461538464	0.28898776418242494
chr15:40857312	wtdmso	mtdmso	1	1	48	36	0.75	1.0
chr15:40857382	wtdmso	mtdmso	4	2	6	9	3.0	0.3614551083591331
chr15:40857552	wtdmso	mtdmso	1	2	47	34	0.3617021276595745	0.5738214180764871
chr15:43746625	wtdmso	mtdmso	9	9	29	27	0.9310344827586207	1.0
chr15:43753841	wtdmso	mtdmso	1	1	40	34	0.85	1.0
chr15:43756759	wtdmso	mtdmso	2	3	45	33	0.4888888888888889	0.6481604094674467
chr15:43761457	wtdmso	mtdmso	11	4	36	33	2.5208333333333335	0.16099068302115266
chr15:43761479	wtdmso	mtdmso	13	11	34	23	0.7994652406417112	0.8056851752463625
chr15:43763145	wtdmso	mtdmso	2	3	41	34	0.5528455284552846	0.6581072990966393
chr15:43765496	wtdmso	mtdmso	6	4	28	28	1.5	0.7344111555954025
chr15:43765501	wtdmso	mtdmso	2	2	45	34	0.7555555555555555	1.0
chr15:43765528	wtdmso	mtdmso	1	1	46	36	0.782608695652174	1.0
chr15:43765915	wtdmso	mtdmso	1	1	47	48	1.0212765957446808	1.0
chr15:43765942	wtdmso	mtdmso	3	3	44	31	0.7045454545454546	0.6916783804691867
chr15:43765969	wtdmso	mtdmso	1	4	46	39	0.21195652173913043	0.1887814604784771
chr15:43766811	wtdmso	mtdmso	9	10	44	44	0.9	1.0
chr15:43766869	wtdmso	mtdmso	23	21	40	37	1.013095238095238	1.0
chr15:43768563	wtdmso	mtdmso	35	18	47	30	1.2411347517730495	0.5845675424221766
chr15:43769611	wtdmso	mtdmso	1	1	85	69	0.8117647058823529	1.0
chr15:43769633	wtdmso	mtdmso	4	2	81	71	1.7530864197530864	0.6870356874830297
chr15:43771248	wtdmso	mtdmso	45	35	55	43	1.0051948051948052	1.0
chr15:43771271	wtdmso	mtdmso	1	1	95	77	0.8105263157894737	1.0
chr15:43771284	wtdmso	mtdmso	8	10	104	72	0.5538461538461539	0.3166091338489101
chr15:43771290	wtdmso	mtdmso	8	7	103	72	0.7988904299583911	0.7866519793303112
chr15:43771327	wtdmso	mtdmso	6	7	99	73	0.6320346320346321	0.5633626705179573
chr15:43771368	wtdmso	mtdmso	9	11	104	70	0.5506993006993007	0.23583376861908806
chr15:43771405	wtdmso	mtdmso	10	4	87	72	2.0689655172413794	0.27154644025837416
chr15:43771511	wtdmso	mtdmso	8	9	70	39	0.49523809523809526	0.18989671951921633
chr15:43771517	wtdmso	mtdmso	18	8	74	69	2.097972972972973	0.13387166100214215
chr15:43793711	wtdmso	mtdmso	11	18	81	108	0.8148148148148148	0.689262459690456
chr15:43793763	wtdmso	mtdmso	6	10	82	103	0.7536585365853659	0.7937778958059516
chr15:44715527	wtdmso	mtdmso	8	3	116	79	1.8160919540229885	0.531647170828065
chr15:44715572	wtdmso	mtdmso	2	2	117	82	0.7008547008547008	1.0
chr15:44715590	wtdmso	mtdmso	48	31	61	45	1.1422527763088313	0.7627198335359727
chr15:44715662	wtdmso	mtdmso	32	18	102	69	1.2026143790849673	0.6244067650155529
chr15:44715670	wtdmso	mtdmso	9	10	126	80	0.5714285714285714	0.3276782340738231
chr15:44716334	wtdmso	mtdmso	1	1	136	92	0.6764705882352942	1.0
chr15:44717730	wtdmso	mtdmso	10	6	103	65	1.051779935275081	1.0
chr15:44717884	wtdmso	mtdmso	21	13	125	87	1.1243076923076922	0.8517048674469562
chr15:44717996	wtdmso	mtdmso	1	1	114	85	0.7456140350877193	1.0
chr15:45669970	wtdmso	mtdmso	1	1	9	10	1.1111111111111112	1.0
chr15:45676206	wtdmso	mtdmso	2	1	8	9	2.25	1.0
chr15:45691074	wtdmso	mtdmso	4	2	6	11	3.6666666666666665	0.34128800261523373
chr15:45691117	wtdmso	mtdmso	4	1	6	13	8.666666666666666	0.1222002635046113
chr15:45691155	wtdmso	mtdmso	2	2	18	13	0.7222222222222222	1.0
chr15:45691185	wtdmso	mtdmso	5	3	5	10	3.3333333333333335	0.2212949252927715
chr15:60347351	wtdmso	mtdmso	15	13	149	210	1.6262261228704182	0.23699476545741432
chr15:60347393	wtdmso	mtdmso	4	6	247	305	0.8232118758434548	1.0
chr15:60347431	wtdmso	mtdmso	68	87	171	215	0.9827250117631243	1.0
chr15:60347563	wtdmso	mtdmso	1	1	245	314	1.2816326530612245	1.0
chr15:60347633	wtdmso	mtdmso	8	21	239	297	0.4734010759115362	0.08444330604563281
chr15:60347684	wtdmso	mtdmso	2	8	202	263	0.3254950495049505	0.1995954863118749
chr15:60351202	wtdmso	mtdmso	14	18	230	286	0.9671497584541063	1.0
chr15:60351235	wtdmso	mtdmso	8	17	228	281	0.5799793601651186	0.22405857854665456
chr15:60351728	wtdmso	mtdmso	23	37	174	225	0.8038210624417521	0.485986901597557
chr15:60351785	wtdmso	mtdmso	8	9	213	298	1.2436098069900887	0.8035412912528703
chr15:60352412	wtdmso	mtdmso	2	10	203	242	0.23842364532019705	0.07398682601041867
chr15:60352442	wtdmso	mtdmso	30	29	210	282	1.3891625615763548	0.26674164468149164
chr15:60354174	wtdmso	mtdmso	63	101	146	172	0.7348433473484335	0.12161654216865196
chr15:60355949	wtdmso	mtdmso	20	25	146	190	1.0410958904109588	1.0
chr15:60355961	wtdmso	mtdmso	11	12	99	142	1.3148148148148149	0.6587751588063551
chr15:60355973	wtdmso	mtdmso	1	1	182	243	1.335164835164835	1.0
chr15:60355989	wtdmso	mtdmso	4	7	189	265	0.8012093726379441	1.0
chr15:60357187	wtdmso	mtdmso	9	6	169	236	2.094674556213018	0.18816416700569
chr15:60357216	wtdmso	mtdmso	16	16	167	233	1.3952095808383234	0.45754307398331506
chr15:60357226	wtdmso	mtdmso	9	7	157	233	1.908098271155596	0.2990943663470909
chr15:60360984	wtdmso	mtdmso	1	2	147	215	0.7312925170068028	1.0
chr15:60361051	wtdmso	mtdmso	24	29	123	190	1.27838519764508	0.45002960091668376
chr15:60364436	wtdmso	mtdmso	16	7	133	211	3.6262083780880774	0.004286653653556532
chr15:60364490	wtdmso	mtdmso	6	24	72	105	0.3645833333333333	0.04051907918656829
chr15:60382367	wtdmso	mtdmso	9	10	137	203	1.3335766423357664	0.6330918076366563
chr15:60382394	wtdmso	mtdmso	1	1	137	203	1.4817518248175183	1.0
chr15:64155853	wtdmso	mtdmso	12	12	36	22	0.6111111111111112	0.33509639422555837
chr15:64155886	wtdmso	mtdmso	41	28	13	7	0.7884615384615384	0.7964034060709315
chr15:64155918	wtdmso	mtdmso	6	3	53	16	0.6037735849056604	0.6801103674420286
chr15:64155995	wtdmso	mtdmso	6	2	54	21	1.1666666666666667	1.0
chr15:64156012	wtdmso	mtdmso	14	11	57	26	0.580542264752791	0.33621026649721697
chr15:64156777	wtdmso	mtdmso	4	1	47	34	2.893617021276596	0.6442092818238354
chr15:64156865	wtdmso	mtdmso	3	2	67	35	0.7835820895522388	1.0
chr15:64156872	wtdmso	mtdmso	3	3	64	30	0.46875	0.3931442745302136
chr15:64160129	wtdmso	mtdmso	3	2	62	36	0.8709677419354839	1.0
chr15:64160150	wtdmso	mtdmso	6	5	62	30	0.5806451612903226	0.5029378846359038
chr15:64160177	wtdmso	mtdmso	1	2	69	39	0.2826086956521739	0.5536144985686271
chr15:64162087	wtdmso	mtdmso	1	2	63	36	0.2857142857142857	0.553826441467676
chr15:64162143	wtdmso	mtdmso	6	1	64	39	3.65625	0.41866028923147136
chr15:64162899	wtdmso	mtdmso	3	3	56	34	0.6071428571428571	0.6730333093840599
chr15:65877848	wtdmso	mtdmso	2	3	10	14	0.9333333333333333	1.0
chr15:65887832	wtdmso	mtdmso	1	2	11	15	0.6818181818181818	1.0
chr15:66499343	wtdmso	mtdmso	8	8	263	284	1.079847908745247	1.0
chr15:66499363	wtdmso	mtdmso	90	99	207	199	0.8739569609134826	0.48137067060299765
chr15:66499405	wtdmso	mtdmso	29	44	338	353	0.6883405056481979	0.1412865557159169
chr15:66499472	wtdmso	mtdmso	5	7	356	384	0.7704654895666132	0.7747855234443154
chr15:66500080	wtdmso	mtdmso	29	34	306	335	0.9337754709727029	0.894956104188498
chr15:66500093	wtdmso	mtdmso	2	1	347	376	2.1671469740634004	0.6105401579836537
chr15:66500131	wtdmso	mtdmso	2	3	340	372	0.7294117647058823	1.0
chr15:66500143	wtdmso	mtdmso	56	52	296	321	1.1678794178794178	0.46699953498256314
chr15:66500954	wtdmso	mtdmso	20	20	292	316	1.082191780821918	0.8708830183099303
chr15:66501024	wtdmso	mtdmso	62	80	243	251	0.800514403292181	0.25418736309403617
chr15:66501074	wtdmso	mtdmso	58	69	258	278	0.9057409279856196	0.623006224582912
chr15:66501814	wtdmso	mtdmso	2	5	250	291	0.4656	0.46075315398730377
chr15:66501886	wtdmso	mtdmso	120	124	173	206	1.1523401081484244	0.41136072618915953
chr15:66502685	wtdmso	mtdmso	116	130	158	186	1.0504381694255112	0.8018950129924658
chr15:66503058	wtdmso	mtdmso	2	1	263	308	2.3422053231939164	0.5978261937271004
chr15:66503089	wtdmso	mtdmso	19	18	233	284	1.2865999046256558	0.49693806588187645
chr15:66503155	wtdmso	mtdmso	1	2	199	223	0.5603015075376885	1.0
chr15:66503385	wtdmso	mtdmso	102	113	113	145	1.1582739447098442	0.45862778708560004
chr15:66503419	wtdmso	mtdmso	36	40	205	257	1.1282926829268292	0.7090600063488535
chr15:69453011	wtdmso	mtdmso	80	62	258	276	1.3803450862715678	0.1082604769619677
chr15:69455222	wtdmso	mtdmso	7	1	275	313	7.967272727272727	0.029831347014687055
chr15:69455481	wtdmso	mtdmso	8	12	377	397	0.7020335985853228	0.5019699554710897
chr15:69455502	wtdmso	mtdmso	21	17	338	354	1.2937695788374521	0.5063253140415654
chr15:69455519	wtdmso	mtdmso	1	1	345	382	1.107246376811594	1.0
chr15:69455540	wtdmso	mtdmso	56	55	93	119	1.302834799608993	0.2907364413669893
chr15:72199129	wtdmso	mtdmso	1	1	171	212	1.239766081871345	1.0
chr15:72199305	wtdmso	mtdmso	37	36	159	187	1.2087700908455625	0.5191442560600734
chr15:72199366	wtdmso	mtdmso	10	9	186	226	1.3500597371565113	0.6389661083203456
chr15:72199401	wtdmso	mtdmso	54	71	130	145	0.8483206933911159	0.5162240639581182
chr15:72199467	wtdmso	mtdmso	10	12	93	105	0.9408602150537635	1.0
chr15:72199499	wtdmso	mtdmso	3	1	159	197	3.7169811320754715	0.33052203468026076
chr15:72199531	wtdmso	mtdmso	18	27	156	177	0.7564102564102564	0.42815533730993355
chr15:72199569	wtdmso	mtdmso	69	94	104	114	0.8046235679214403	0.3009062262112847
chr15:72199645	wtdmso	mtdmso	9	14	113	146	0.8305941845764855	0.826885393426551
chr15:72199708	wtdmso	mtdmso	2	6	155	189	0.4064516129032258	0.30652642281795484
chr15:72200490	wtdmso	mtdmso	12	21	146	177	0.6927592954990215	0.3627749405360313
chr15:72200502	wtdmso	mtdmso	5	10	130	165	0.6346153846153846	0.594895968022031
chr15:72200535	wtdmso	mtdmso	5	6	124	157	1.0551075268817205	1.0
chr15:72200587	wtdmso	mtdmso	2	1	147	182	2.4761904761904763	0.5894651939259373
chr15:72202569	wtdmso	mtdmso	30	36	101	125	1.0313531353135315	1.0
chr15:72206761	wtdmso	mtdmso	3	11	115	157	0.3723320158102767	0.1659541679633899
chr15:72208665	wtdmso	mtdmso	13	15	74	111	1.3	0.5414104744776568
chr15:72208782	wtdmso	mtdmso	3	7	52	86	0.7087912087912088	0.7447101294864608
chr15:72208806	wtdmso	mtdmso	21	26	38	63	1.3390688259109311	0.4721712492719349
chr15:72208827	wtdmso	mtdmso	9	17	51	79	0.8200692041522492	0.8257029380198175
chr15:72209749	wtdmso	mtdmso	3	7	42	79	0.8061224489795918	1.0
chr15:72209758	wtdmso	mtdmso	7	6	33	72	2.5454545454545454	0.12695505500468854
chr15:72209773	wtdmso	mtdmso	4	9	36	65	0.8024691358024691	1.0
chr15:72210363	wtdmso	mtdmso	24	37	20	46	1.491891891891892	0.3513965977350637
chr15:72210376	wtdmso	mtdmso	4	10	36	64	0.7111111111111111	0.7673739142139604
chr15:72210422	wtdmso	mtdmso	1	3	37	73	0.6576576576576577	1.0
chr15:72217416	wtdmso	mtdmso	8	15	25	49	1.0453333333333332	1.0
chr15:72217430	wtdmso	mtdmso	14	17	28	62	1.8235294117647058	0.19083579701832182
chr15:72218966	wtdmso	mtdmso	2	5	35	57	0.6514285714285715	0.7088435234929736
chr15:72218996	wtdmso	mtdmso	1	1	34	64	1.8823529411764706	1.0
chr15:72219054	wtdmso	mtdmso	1	1	34	60	1.7647058823529411	1.0
chr15:72219069	wtdmso	mtdmso	7	6	27	60	2.5925925925925926	0.1242277432878722
chr15:72219108	wtdmso	mtdmso	6	6	29	57	1.9655172413793103	0.3385667617284476
chr15:73714201	wtdmso	mtdmso	4	1	16	9	2.25	0.6400151572565363
chr15:73714274	wtdmso	mtdmso	2	1	9	9	2.0	1.0
chr15:73714433	wtdmso	mtdmso	5	8	7	2	0.17857142857142858	0.09907120743034056
chr15:74920280	wtdmso	mtdmso	15	4	13	7	2.019230769230769	0.480115351083093
chr15:74920307	wtdmso	mtdmso	6	7	34	25	0.6302521008403361	0.5433287269494136
chr15:74920313	wtdmso	mtdmso	2	1	38	35	1.8421052631578947	1.0
chr15:74920397	wtdmso	mtdmso	10	11	26	11	0.38461538461538464	0.1009053024448387
chr15:74923666	wtdmso	mtdmso	1	1	40	30	0.75	1.0
chr15:74923677	wtdmso	mtdmso	6	7	34	23	0.5798319327731093	0.5358881000294605
chr15:74923701	wtdmso	mtdmso	13	11	29	26	1.0595611285266457	1.0
chr15:74923722	wtdmso	mtdmso	2	1	42	39	1.8571428571428572	1.0
chr15:74923758	wtdmso	mtdmso	6	10	36	31	0.5166666666666667	0.27725276161210566
chr15:79313982	wtdmso	mtdmso	2	3	16	21	0.875	1.0
chr15:79322026	wtdmso	mtdmso	2	2	15	24	1.6	1.0
chr15:79322062	wtdmso	mtdmso	3	2	12	12	1.5	1.0
chr15:79322442	wtdmso	mtdmso	7	2	10	24	8.4	0.01791297393888671
chr15:79322521	wtdmso	mtdmso	5	8	13	27	1.2980769230769231	0.7432129382939124
chr15:79322689	wtdmso	mtdmso	7	2	7	22	11.0	0.006265233574731228
chr15:79322743	wtdmso	mtdmso	1	5	15	21	0.28	0.38045509290695434
chr15:79322754	wtdmso	mtdmso	3	3	15	32	2.1333333333333333	0.3965166908563135
chr15:82536759	wtdmso	mtdmso	6	34	18	95	0.9313725490196079	1.0
chr15:82536809	wtdmso	mtdmso	4	12	101	442	1.4587458745874586	0.5170418364670796
chr15:82536879	wtdmso	mtdmso	2	3	104	494	3.1666666666666665	0.21353482142950028
chr15:82538330	wtdmso	mtdmso	2	13	79	353	0.6874391431353457	1.0
chr15:82540043	wtdmso	mtdmso	8	28	96	461	1.3720238095238095	0.49583464593726045
chr15:82540437	wtdmso	mtdmso	1	6	49	114	0.3877551020408163	0.6750308116907857
chr15:84669819	wtdmso	mtdmso	3	3	17	7	0.4117647058823529	0.3717064544650751
chr15:84680778	wtdmso	mtdmso	3	2	17	10	0.8823529411764706	1.0
chr15:84691568	wtdmso	mtdmso	2	2	20	11	0.55	0.6176470588235294
chr15:88899078	wtdmso	mtdmso	1	1	20	22	1.1	1.0
chr15:88899125	wtdmso	mtdmso	2	3	12	29	1.6111111111111112	0.6327276812615538
chr15:88899669	wtdmso	mtdmso	3	3	7	9	1.2857142857142858	1.0
chr15:88899695	wtdmso	mtdmso	2	4	8	8	0.5	0.6461742591773552
chr15:90228629	wtdmso	mtdmso	4	5	26	12	0.36923076923076925	0.2516047995612253
chr15:90228649	wtdmso	mtdmso	3	1	26	16	1.8461538461538463	1.0
chr15:90228944	wtdmso	mtdmso	2	3	28	13	0.30952380952380953	0.32469283328737325
chr15:90229048	wtdmso	mtdmso	3	3	25	13	0.52	0.651936265662868
chr15:90229217	wtdmso	mtdmso	6	2	23	11	1.434782608695652	1.0
chr15:90229279	wtdmso	mtdmso	22	9	12	7	1.4259259259259258	0.7555973233119299
chr15:90229318	wtdmso	mtdmso	3	2	30	13	0.65	0.6415356151711378
chr15:90229346	wtdmso	mtdmso	5	4	27	12	0.5555555555555556	0.4565818187923936
chr15:90229382	wtdmso	mtdmso	21	11	10	6	1.1454545454545455	1.0
chr15:90229416	wtdmso	mtdmso	2	1	28	15	1.0714285714285714	1.0
chr15:90229462	wtdmso	mtdmso	12	4	22	10	1.3636363636363635	0.7459839938483488
chr15:90229477	wtdmso	mtdmso	9	4	23	11	1.076086956521739	1.0
chr15:90229481	wtdmso	mtdmso	8	6	23	11	0.6376811594202898	0.5224987576668483
chr15_KI270850v1_alt:161432	wtdmso	mtdmso	2	7	8	17	0.6071428571428571	0.6920660965678305
chr16:11548159	wtdmso	mtdmso	3	5	9	5	0.3333333333333333	0.3777089783281734
chr16:11548320	wtdmso	mtdmso	4	3	6	7	1.5555555555555556	1.0
chr16:11548403	wtdmso	mtdmso	8	2	3	8	10.666666666666666	0.029973122852379817
chr16:1314021	wtdmso	mtdmso	6	10	4	29	4.35	0.05960775203578818
chr16:1314028	wtdmso	mtdmso	3	9	8	29	1.2083333333333333	1.0
chr16:1314335	wtdmso	mtdmso	2	7	8	31	1.1071428571428572	1.0
chr16:1314344	wtdmso	mtdmso	1	15	10	24	0.16	0.08027035837173013
chr16:1315653	wtdmso	mtdmso	3	11	8	29	0.9886363636363636	1.0
chr16:1324841	wtdmso	mtdmso	2	3	9	33	2.4444444444444446	0.5775875051093948
chr16:1349330	wtdmso	mtdmso	6	5	9	5	0.6666666666666666	0.6968299905774666
chr16:1349376	wtdmso	mtdmso	6	5	10	5	0.6	0.6890564005922735
chr16:1349569	wtdmso	mtdmso	1	2	14	9	0.32142857142857145	0.5557692307692308
chr16:1350173	wtdmso	mtdmso	1	2	13	9	0.34615384615384615	0.5647826086956522
chr16:14895851	wtdmso	mtdmso	6	7	4	4	0.8571428571428571	1.0
chr16:1772173	wtdmso	mtdmso	7	17	7	9	0.5294117647058824	0.5001135729723049
chr16:1772210	wtdmso	mtdmso	1	1	13	27	2.076923076923077	1.0
chr16:1772280	wtdmso	mtdmso	1	6	13	19	0.24358974358974358	0.38629031508288475
chr16:1772481	wtdmso	mtdmso	6	13	7	13	0.8571428571428571	1.0
chr16:1772638	wtdmso	mtdmso	2	2	11	22	2.0	0.6016049663108485
chr16:1772644	wtdmso	mtdmso	1	3	13	22	0.5641025641025641	1.0
chr16:1773009	wtdmso	mtdmso	1	1	10	10	1.0	1.0
chr16:1773042	wtdmso	mtdmso	2	3	12	10	0.5555555555555556	0.6483091787439613
chr16:1788583	wtdmso	mtdmso	2	3	8	21	1.75	0.6181214421252371
chr16:1788600	wtdmso	mtdmso	1	2	9	22	1.2222222222222223	1.0
chr16:1789138	wtdmso	mtdmso	3	5	7	23	1.9714285714285715	0.4112138249759341
chr16:18782968	wtdmso	mtdmso	4	13	13	19	0.44970414201183434	0.3462886075453204
chr16:18783044	wtdmso	mtdmso	5	7	264	362	0.9794372294372294	1.0
chr16:18783066	wtdmso	mtdmso	12	12	243	359	1.477366255144033	0.3989572609853842
chr16:18783088	wtdmso	mtdmso	9	9	222	293	1.3198198198198199	0.6319016665419048
chr16:18784782	wtdmso	mtdmso	1	2	237	328	0.6919831223628692	1.0
chr16:18788084	wtdmso	mtdmso	32	33	267	365	1.3256157076381796	0.294382280547369
chr16:18788111	wtdmso	mtdmso	10	13	276	369	1.028428093645485	1.0
chr16:1961630	wtdmso	mtdmso	3	2	14	10	1.0714285714285714	1.0
chr16:1961802	wtdmso	mtdmso	4	1	16	12	3.0	0.6253412883001315
chr16:1961943	wtdmso	mtdmso	5	1	14	13	4.642857142857143	0.20853347153402774
chr16:1962126	wtdmso	mtdmso	40	82	1161	1375	0.5777189554841284	0.005089837035630069
chr16:1962153	wtdmso	mtdmso	11	9	1282	1519	1.4481712601837406	0.5010834386031383
chr16:1962167	wtdmso	mtdmso	19	28	1405	1640	0.7920691408235893	0.46421267831064705
chr16:1962204	wtdmso	mtdmso	45	55	1377	1625	0.9655377302436126	0.9188795910230353
chr16:1962225	wtdmso	mtdmso	41	45	1261	1492	1.0780156842012512	0.742837486987582
chr16:1962240	wtdmso	mtdmso	95	158	1146	1312	0.6883601740782469	0.00650595812471531
chr16:1962543	wtdmso	mtdmso	223	303	1028	1274	0.9120917928368713	0.3555601382081327
chr16:1962652	wtdmso	mtdmso	35	62	1263	1460	0.6525681301560544	0.04894085090766156
chr16:1962769	wtdmso	mtdmso	18	37	1340	1579	0.5732553448971359	0.05612405517767052
chr16:1962889	wtdmso	mtdmso	98	122	1203	1442	0.9628660588964747	0.8326582367624926
chr16:1963177	wtdmso	mtdmso	9	13	1208	1431	0.820109526235354	0.6747372837986064
chr16:1964327	wtdmso	mtdmso	20	31	1138	1372	0.777821871988208	0.39835637281134195
chr16:1964563	wtdmso	mtdmso	130	198	916	1128	0.808521900224957	0.08253078871126106
chr16:2175331	wtdmso	mtdmso	5	13	6	12	0.7692307692307693	1.0
chr16:2175840	wtdmso	mtdmso	1	3	9	10	0.37037037037037035	0.603613777526821
chr16:2175855	wtdmso	mtdmso	2	4	8	22	1.375	1.0
chr16:2175908	wtdmso	mtdmso	3	1	17	12	2.1176470588235294	1.0
chr16:2176565	wtdmso	mtdmso	7	7	15	20	1.3333333333333333	0.7546882894407665
chr16:2176606	wtdmso	mtdmso	5	4	17	28	2.0588235294117645	0.46058001078786903
chr16:2176884	wtdmso	mtdmso	2	3	10	27	1.8	0.6134096968500049
chr16:21957310	wtdmso	mtdmso	2	2	11	12	1.0909090909090908	1.0
chr16:21957516	wtdmso	mtdmso	3	1	12	17	4.25	0.30828445747800587
chr16:21962828	wtdmso	mtdmso	1	2	12	19	0.7916666666666666	1.0
chr16:21968646	wtdmso	mtdmso	1	3	13	17	0.4358974358974359	0.6271778506123857
chr16:21971558	wtdmso	mtdmso	1	3	12	13	0.3611111111111111	0.605911330049261
chr16:21973930	wtdmso	mtdmso	5	4	23	17	0.9239130434782609	1.0
chr16:21983143	wtdmso	mtdmso	2	3	21	11	0.3492063492063492	0.34587528705175763
chr16:21983318	wtdmso	mtdmso	2	2	24	16	0.6666666666666666	1.0
chr16:2240060	wtdmso	mtdmso	8	3	21	7	0.8888888888888888	1.0
chr16:23581113	wtdmso	mtdmso	5	3	18	17	1.5740740740740742	0.7041382322153735
chr16:23587223	wtdmso	mtdmso	5	2	8	18	5.625	0.08382068740800666
chr16:23596151	wtdmso	mtdmso	1	1	12	19	1.5833333333333333	1.0
chr16:2519810	wtdmso	mtdmso	9	11	17	16	0.7700534759358288	0.7785510195630272
chr16:2519928	wtdmso	mtdmso	6	5	18	18	1.2	1.0
chr16:2772004	wtdmso	mtdmso	43	24	99	93	1.6830808080808082	0.0873979841311418
chr16:2772026	wtdmso	mtdmso	12	15	125	100	0.64	0.31021347584331505
chr16:2775528	wtdmso	mtdmso	3	1	130	100	2.3076923076923075	0.6358951590563253
chr16:2775551	wtdmso	mtdmso	4	1	115	97	3.373913043478261	0.3810421712385521
chr16:2777052	wtdmso	mtdmso	50	41	94	78	1.0119356512714064	1.0
chr16:2777096	wtdmso	mtdmso	2	1	114	102	1.7894736842105263	1.0
chr16:28734541	wtdmso	mtdmso	8	8	18	56	3.111111111111111	0.06501072274004527
chr16:28734579	wtdmso	mtdmso	3	6	22	57	1.2954545454545454	0.7094931361725607
chr16:28734636	wtdmso	mtdmso	1	2	28	72	1.2857142857142858	1.0
chr16:28734802	wtdmso	mtdmso	1	2	26	65	1.25	1.0
chr16:28734833	wtdmso	mtdmso	3	7	27	71	1.126984126984127	1.0
chr16:28735182	wtdmso	mtdmso	2	2	28	73	2.607142857142857	0.3219573116774716
chr16:28735236	wtdmso	mtdmso	6	6	27	68	2.5185185185185186	0.1825952005242046
chr16:28735281	wtdmso	mtdmso	1	3	32	78	0.8125	1.0
chr16:28735430	wtdmso	mtdmso	1	2	28	56	1.0	1.0
chr16:28842854	wtdmso	mtdmso	5	2	21	10	1.1904761904761905	1.0
chr16:28843006	wtdmso	mtdmso	6	5	42	29	0.8285714285714286	1.0
chr16:28843045	wtdmso	mtdmso	7	9	43	28	0.5064599483204134	0.26817100808681693
chr16:28843125	wtdmso	mtdmso	2	3	47	34	0.48226950354609927	0.6476690519711221
chr16:28843776	wtdmso	mtdmso	7	3	44	31	1.643939393939394	0.7330893902500684
chr16:28844016	wtdmso	mtdmso	12	5	25	18	1.728	0.556573215364389
chr16:28844249	wtdmso	mtdmso	8	4	40	32	1.6	0.5428037750961408
chr16:28844260	wtdmso	mtdmso	1	2	40	32	0.4	0.5871158830062938
chr16:28844468	wtdmso	mtdmso	2	1	39	31	1.5897435897435896	1.0
chr16:28844543	wtdmso	mtdmso	1	3	23	25	0.36231884057971014	0.6146347769877181
chr16:28844784	wtdmso	mtdmso	13	7	29	28	1.793103448275862	0.3081947936489426
chr16:28844793	wtdmso	mtdmso	14	7	26	26	2.0	0.2988414782971531
chr16:28844809	wtdmso	mtdmso	20	9	21	24	2.5396825396825395	0.09296920454743543
chr16:28844830	wtdmso	mtdmso	3	2	39	31	1.1923076923076923	1.0
chr16:28845929	wtdmso	mtdmso	5	1	35	18	2.5714285714285716	0.6531609827927769
chr16:29963278	wtdmso	mtdmso	3	2	7	10	2.142857142857143	0.6240601503759399
chr16:29963400	wtdmso	mtdmso	5	2	9	13	3.611111111111111	0.21475928702315517
chr16:29963456	wtdmso	mtdmso	3	1	12	11	2.75	0.6051282051282052
chr16:29963511	wtdmso	mtdmso	4	5	25	12	0.384	0.25759784281313136
chr16:29963546	wtdmso	mtdmso	2	2	28	15	0.5357142857142857	0.6130406750203234
chr16:29968077	wtdmso	mtdmso	8	8	22	22	1.0	1.0
chr16:29968086	wtdmso	mtdmso	1	4	28	26	0.23214285714285715	0.3532560214094558
chr16:29971533	wtdmso	mtdmso	3	6	14	20	0.7142857142857143	1.0
chr16:30067235	wtdmso	mtdmso	57	60	272	289	1.009375	1.0
chr16:30067278	wtdmso	mtdmso	8	15	316	352	0.5940928270042194	0.2902779796456001
chr16:30067488	wtdmso	mtdmso	20	21	309	343	1.0571736785329018	0.8734181834455315
chr16:30067500	wtdmso	mtdmso	166	172	194	249	1.2387317190122273	0.14770605456417535
chr16:30067529	wtdmso	mtdmso	2	5	345	387	0.44869565217391305	0.4570114858604105
chr16:30067548	wtdmso	mtdmso	224	245	130	146	1.026813186813187	0.8794492434898007
chr16:30068649	wtdmso	mtdmso	3	3	377	430	1.1405835543766578	1.0
chr16:30068675	wtdmso	mtdmso	41	57	376	428	0.8187756625606569	0.3912642336261363
chr16:30068687	wtdmso	mtdmso	8	8	399	474	1.1879699248120301	0.8030344274211687
chr16:30068868	wtdmso	mtdmso	43	60	370	437	0.8464414414414414	0.4629129076594487
chr16:30068905	wtdmso	mtdmso	47	52	378	416	0.9947089947089947	1.0
chr16:30069351	wtdmso	mtdmso	7	2	381	454	4.170603674540683	0.08852012220600866
chr16:30069357	wtdmso	mtdmso	43	53	385	452	0.9525116393040921	0.8298570912057432
chr16:30069380	wtdmso	mtdmso	22	17	381	432	1.4673459935155164	0.2549912968514275
chr16:30069529	wtdmso	mtdmso	20	23	461	527	0.9940582853909271	1.0
chr16:30069924	wtdmso	mtdmso	43	52	464	521	0.928506299734748	0.7479588479984896
chr16:30069988	wtdmso	mtdmso	89	76	449	526	1.3718790294221077	0.06389120845813473
chr16:30070330	wtdmso	mtdmso	48	59	441	476	0.8781275221953188	0.5411412770348774
chr16:30070396	wtdmso	mtdmso	12	10	362	419	1.3889502762430939	0.5184162832768525
chr16:3021271	wtdmso	mtdmso	12	11	86	28	0.35517970401691334	0.04029181627772653
chr16:3021619	wtdmso	mtdmso	8	2	112	51	1.8214285714285714	0.7255144583563373
chr16:3021989	wtdmso	mtdmso	32	15	116	53	0.9747126436781609	1.0
chr16:3022029	wtdmso	mtdmso	1	1	56	27	0.48214285714285715	1.0
chr16:3022069	wtdmso	mtdmso	4	1	128	49	1.53125	1.0
chr16:3022075	wtdmso	mtdmso	21	17	122	52	0.5265188042430087	0.08721305532071316
chr16:3022083	wtdmso	mtdmso	45	17	108	54	1.3235294117647058	0.4264396372840552
chr16:3022146	wtdmso	mtdmso	19	3	131	70	3.3842239185750635	0.054846359949257746
chr16:3022230	wtdmso	mtdmso	8	3	141	69	1.3049645390070923	1.0
chr16:3022241	wtdmso	mtdmso	1	2	69	25	0.18115942028985507	0.18648263700488335
chr16:3022651	wtdmso	mtdmso	8	5	32	10	0.5	0.3097570954960896
chr16:3022725	wtdmso	mtdmso	19	3	22	11	3.1666666666666665	0.12453316871616132
chr16:3022788	wtdmso	mtdmso	2	3	33	20	0.40404040404040403	0.37579821200510866
chr16:3022851	wtdmso	mtdmso	12	6	18	8	0.8888888888888888	1.0
chr16:3022878	wtdmso	mtdmso	3	1	34	24	2.1176470588235294	0.6418359938692648
chr16:3023260	wtdmso	mtdmso	1	1	37	14	0.3783783783783784	0.48984034833091444
chr16:3023325	wtdmso	mtdmso	6	3	32	22	1.375	1.0
chr16:3023865	wtdmso	mtdmso	2	1	24	15	1.25	1.0
chr16:31111921	wtdmso	mtdmso	2	2	10	9	0.9	1.0
chr16:31112015	wtdmso	mtdmso	1	2	9	12	0.6666666666666666	1.0
chr16:31112264	wtdmso	mtdmso	2	1	8	11	2.75	0.5714285714285713
chr16:31112319	wtdmso	mtdmso	2	2	11	13	1.1818181818181819	1.0
chr16:31112381	wtdmso	mtdmso	1	2	11	13	0.5909090909090909	1.0
chr16:31112456	wtdmso	mtdmso	1	2	11	11	0.5	1.0
chr16:31112523	wtdmso	mtdmso	2	1	9	10	2.2222222222222223	1.0
chr16:3658108	wtdmso	mtdmso	2	8	11	25	0.5681818181818182	0.7002697016169994
chr16:3658200	wtdmso	mtdmso	3	2	11	30	4.090909090909091	0.15654012317308574
chr16:3665993	wtdmso	mtdmso	2	1	9	18	4.0	0.5366995073891624
chr16:3671760	wtdmso	mtdmso	3	3	7	17	2.4285714285714284	0.3717064544650751
chr16:56434790	wtdmso	mtdmso	1	1	14	10	0.7142857142857143	1.0
chr16:56446676	wtdmso	mtdmso	3	5	9	5	0.3333333333333333	0.3777089783281734
chr16:56447870	wtdmso	mtdmso	3	2	8	8	1.5	1.0
chr16:56608609	wtdmso	mtdmso	30	24	233	198	1.0622317596566524	0.8854193121087585
chr16:56608994	wtdmso	mtdmso	21	13	218	185	1.3708539167254763	0.4739855721971928
chr16:56609361	wtdmso	mtdmso	70	65	74	54	0.7858627858627859	0.3858094337477015
chr16:56609427	wtdmso	mtdmso	18	15	232	203	1.05	1.0
chr16:56609433	wtdmso	mtdmso	15	19	263	235	0.7054232539523714	0.3766556368064117
chr16:56609491	wtdmso	mtdmso	16	13	65	72	1.3633136094674556	0.5408546701139003
chr16:56625801	wtdmso	mtdmso	21	33	117	194	1.0551670551670551	0.8798921139771645
chr16:56625855	wtdmso	mtdmso	3	3	142	224	1.5774647887323943	0.6817797859551382
chr16:56626978	wtdmso	mtdmso	11	8	143	231	2.2211538461538463	0.09636311509140116
chr16:56627005	wtdmso	mtdmso	8	14	143	236	0.9430569430569431	1.0
chr16:56627083	wtdmso	mtdmso	33	48	102	173	1.1660539215686274	0.6027373858270451
chr16:56627087	wtdmso	mtdmso	6	7	118	214	1.5544794188861986	0.5569380353707272
chr16:56627096	wtdmso	mtdmso	1	1	127	218	1.7165354330708662	1.0
chr16:56627105	wtdmso	mtdmso	7	26	71	123	0.46641386782231853	0.11224577235291511
chr16:56682516	wtdmso	mtdmso	25	28	194	107	0.49245213549337263	0.021176911449025098
chr16:56682544	wtdmso	mtdmso	8	3	208	127	1.6282051282051282	0.5457353108494126
chr16:56684056	wtdmso	mtdmso	5	3	213	124	0.9702660406885759	1.0
chr16:56684096	wtdmso	mtdmso	1	4	212	126	0.14858490566037735	0.07042150371567113
chr16:56684134	wtdmso	mtdmso	10	5	169	106	1.2544378698224852	0.789845176104772
chr16:56684192	wtdmso	mtdmso	2	2	79	52	0.6582278481012658	1.0
chr16:58707179	wtdmso	mtdmso	3	10	37	71	0.5756756756756757	0.5413531415864952
chr16:58707343	wtdmso	mtdmso	4	7	8	32	2.2857142857142856	0.2619460903870753
chr16:58707419	wtdmso	mtdmso	11	33	31	46	0.4946236559139785	0.1131892546334417
chr16:58707482	wtdmso	mtdmso	1	4	41	67	0.40853658536585363	0.6494096172386341
chr16:58707735	wtdmso	mtdmso	1	2	36	60	0.8333333333333334	1.0
chr16:58707842	wtdmso	mtdmso	5	11	36	61	0.7702020202020202	0.7825170864158042
chr16:58707954	wtdmso	mtdmso	4	10	31	55	0.7096774193548387	0.7651471380849852
chr16:58708001	wtdmso	mtdmso	7	15	29	49	0.7885057471264367	0.8024936522852423
chr16:58708011	wtdmso	mtdmso	6	12	32	58	0.90625	1.0
chr16:58708100	wtdmso	mtdmso	5	7	27	46	1.216931216931217	0.7577496755206277
chr16:58708145	wtdmso	mtdmso	7	12	31	55	1.0349462365591398	1.0
chr16:58709419	wtdmso	mtdmso	21	30	14	35	1.75	0.21298487259932708
chr16:58709520	wtdmso	mtdmso	1	1	28	51	1.8214285714285714	1.0
chr16:58716037	wtdmso	mtdmso	9	13	17	37	1.506787330316742	0.4386286773266663
chr16:58716676	wtdmso	mtdmso	4	5	28	55	1.5714285714285714	0.7141694024991259
chr16:58716717	wtdmso	mtdmso	14	32	16	26	0.7109375	0.5039989471259514
chr16:58718225	wtdmso	mtdmso	6	5	24	49	2.45	0.18857441097639277
chr16:58718238	wtdmso	mtdmso	3	3	21	34	1.619047619047619	0.6717100787726373
chr16:58718554	wtdmso	mtdmso	3	1	23	47	6.130434782608695	0.1214556250249864
chr16:58718575	wtdmso	mtdmso	1	1	29	46	1.5862068965517242	1.0
chr16:58719227	wtdmso	mtdmso	8	13	20	33	1.0153846153846153	1.0
chr16:58722174	wtdmso	mtdmso	3	6	22	44	1.0	1.0
chr16:58722191	wtdmso	mtdmso	2	17	21	31	0.17366946778711484	0.021675084936036978
chr16:58722221	wtdmso	mtdmso	3	6	22	35	0.7954545454545454	1.0
chr16:58722246	wtdmso	mtdmso	1	3	23	42	0.6086956521739131	1.0
chr16:58723830	wtdmso	mtdmso	1	4	22	42	0.4772727272727273	0.6582697372864187
chr16:58723874	wtdmso	mtdmso	1	1	10	44	4.4	0.3571428571428571
chr16:635319	wtdmso	mtdmso	1	1	9	11	1.2222222222222223	1.0
chr16:66932251	wtdmso	mtdmso	2	1	14	10	1.4285714285714286	1.0
chr16:66932296	wtdmso	mtdmso	1	1	16	13	0.8125	1.0
chr16:682171	wtdmso	mtdmso	1	3	27	28	0.345679012345679	0.6137992555907594
chr16:682379	wtdmso	mtdmso	1	1	26	32	1.2307692307692308	1.0
chr16:682387	wtdmso	mtdmso	3	4	25	25	0.75	1.0
chr16:682402	wtdmso	mtdmso	4	3	21	29	1.8412698412698412	0.6871693232461968
chr16:682410	wtdmso	mtdmso	2	3	28	31	0.7380952380952381	1.0
chr16:682481	wtdmso	mtdmso	5	9	24	26	0.6018518518518519	0.5470658341502967
chr16:682607	wtdmso	mtdmso	17	27	9	4	0.27983539094650206	0.06432496512729625
chr16:682614	wtdmso	mtdmso	21	20	6	11	1.925	0.38690554198847776
chr16:68680988	wtdmso	mtdmso	1	1	9	9	1.0	1.0
chr16:68687537	wtdmso	mtdmso	2	1	39	20	1.0256410256410255	1.0
chr16:68687568	wtdmso	mtdmso	2	1	27	14	1.037037037037037	1.0
chr16:68687637	wtdmso	mtdmso	16	7	21	11	1.1972789115646258	1.0
chr16:68687646	wtdmso	mtdmso	3	4	23	27	0.8804347826086957	1.0
chr16:68687652	wtdmso	mtdmso	4	3	34	16	0.6274509803921569	0.6753529489378545
chr16:68687697	wtdmso	mtdmso	2	1	34	33	1.9411764705882353	1.0
chr16:68691722	wtdmso	mtdmso	6	2	35	32	2.742857142857143	0.2800032345341844
chr16:68691870	wtdmso	mtdmso	4	2	30	21	1.4	1.0
chr16:68695338	wtdmso	mtdmso	5	6	40	31	0.6458333333333334	0.5324066826307342
chr16:68695380	wtdmso	mtdmso	8	6	44	36	1.0909090909090908	1.0
chr16:68695777	wtdmso	mtdmso	2	5	50	35	0.28	0.23273451285379468
chr16:68698191	wtdmso	mtdmso	4	3	50	37	0.9866666666666667	1.0
chr16:68698212	wtdmso	mtdmso	1	1	57	41	0.7192982456140351	1.0
chr16:68698423	wtdmso	mtdmso	8	10	45	35	0.6222222222222222	0.4366803615271772
chr16:68698481	wtdmso	mtdmso	28	26	31	18	0.6253101736972705	0.31892792569390216
chr16:68698524	wtdmso	mtdmso	2	4	60	44	0.36666666666666664	0.40080635884006977
chr16:68698595	wtdmso	mtdmso	3	5	51	39	0.4588235294117647	0.46103078417012144
chr16:68698713	wtdmso	mtdmso	41	34	13	12	1.1131221719457014	0.8214747392744688
chr16:68698717	wtdmso	mtdmso	12	6	42	34	1.619047619047619	0.43612896205210916
chr16:68698728	wtdmso	mtdmso	36	31	26	22	0.9826302729528535	1.0
chr16:68698747	wtdmso	mtdmso	3	7	56	33	0.25255102040816324	0.08473455098406552
chr16:68698988	wtdmso	mtdmso	12	7	47	33	1.203647416413374	0.7992153168974488
chr16:68699010	wtdmso	mtdmso	13	7	47	41	1.6200607902735562	0.45632276160985186
chr16:68699027	wtdmso	mtdmso	2	2	13	9	0.6923076923076923	1.0
chr16:69710909	wtdmso	mtdmso	12	10	46	63	1.6434782608695653	0.34924130092475414
chr16:69711000	wtdmso	mtdmso	13	10	48	60	1.625	0.35932402379227
chr16:69711105	wtdmso	mtdmso	3	4	60	69	0.8625	1.0
chr16:69711111	wtdmso	mtdmso	5	4	49	58	1.4795918367346939	0.7315623612875242
chr16:69711145	wtdmso	mtdmso	1	2	51	69	0.6764705882352942	1.0
chr16:69711232	wtdmso	mtdmso	2	1	59	70	2.3728813559322033	0.5954065018950514
chr16:69711242	wtdmso	mtdmso	5	6	51	60	0.9803921568627451	1.0
chr16:69713055	wtdmso	mtdmso	5	1	55	70	6.363636363636363	0.09297315433457243
chr16:69714972	wtdmso	mtdmso	4	5	47	60	1.0212765957446808	1.0
chr16:69714979	wtdmso	mtdmso	1	1	45	53	1.1777777777777778	1.0
chr16:69718161	wtdmso	mtdmso	4	2	48	64	2.6666666666666665	0.4030700106279306
chr16:69718231	wtdmso	mtdmso	4	8	52	66	0.6346153846153846	0.5527770363049351
chr16:69718240	wtdmso	mtdmso	5	7	49	67	0.9766763848396501	1.0
chr16:69718248	wtdmso	mtdmso	7	7	44	57	1.2954545454545454	0.776065026417549
chr16:69718404	wtdmso	mtdmso	14	13	38	53	1.5020242914979758	0.3839893789691037
chr16:69718419	wtdmso	mtdmso	5	3	45	63	2.3333333333333335	0.2878204496538683
chr16:69726452	wtdmso	mtdmso	9	14	35	47	0.863265306122449	0.8148501991526665
chr16:70252401	wtdmso	mtdmso	9	11	8	5	0.5113636363636364	0.4812658187035515
chr16:70252518	wtdmso	mtdmso	2	1	32	22	1.375	1.0
chr16:70252599	wtdmso	mtdmso	7	4	26	18	1.2115384615384615	1.0
chr16:70252605	wtdmso	mtdmso	8	10	21	11	0.41904761904761906	0.2323566687815249
chr16:70252637	wtdmso	mtdmso	12	12	5	10	2.0	0.34286678224386796
chr16:70252724	wtdmso	mtdmso	4	10	28	12	0.17142857142857143	0.010847123800209874
chr16:70253949	wtdmso	mtdmso	1	1	11	14	1.2727272727272727	1.0
chr16:70253955	wtdmso	mtdmso	1	1	12	17	1.4166666666666667	1.0
chr16:70253986	wtdmso	mtdmso	2	3	9	15	1.1111111111111112	1.0
chr16:715891	wtdmso	mtdmso	4	1	21	22	4.190476190476191	0.34988179669030733
chr16:717193	wtdmso	mtdmso	6	6	18	24	1.3333333333333333	0.7477320542736341
chr16:717204	wtdmso	mtdmso	4	4	23	24	1.0434782608695652	1.0
chr16:717452	wtdmso	mtdmso	4	9	22	20	0.40404040404040403	0.21466017157565556
chr16:717465	wtdmso	mtdmso	11	3	9	13	5.296296296296297	0.04072085820888838
chr16:75577352	wtdmso	mtdmso	1	4	9	8	0.2222222222222222	0.32330827067669177
chr16:75577765	wtdmso	mtdmso	1	2	9	9	0.5	1.0
chr16:75577807	wtdmso	mtdmso	2	1	8	9	2.25	1.0
chr16:83809352	wtdmso	mtdmso	1	1	12	13	1.0833333333333333	1.0
chr16:83809380	wtdmso	mtdmso	6	4	9	23	3.8333333333333335	0.1276268339622564
chr16:83811588	wtdmso	mtdmso	3	2	13	24	2.769230769230769	0.35203863316828654
chr16:83811610	wtdmso	mtdmso	1	3	11	21	0.6363636363636364	1.0
chr16:84565635	wtdmso	mtdmso	7	1	37	23	4.351351351351352	0.24393110325770878
chr16:84565651	wtdmso	mtdmso	7	3	40	20	1.1666666666666667	1.0
chr16:84565979	wtdmso	mtdmso	4	4	39	16	0.41025641025641024	0.2511621185449442
chr16:84566783	wtdmso	mtdmso	2	1	15	11	1.4666666666666666	1.0
chr16:85799710	wtdmso	mtdmso	2	2	45	34	0.7555555555555555	1.0
chr16:85804990	wtdmso	mtdmso	5	5	96	93	0.96875	1.0
chr16:85805771	wtdmso	mtdmso	27	17	70	83	1.8831932773109243	0.08690731785927569
chr16:85806803	wtdmso	mtdmso	5	6	99	94	0.7912457912457912	0.7643903989250352
chr16:85806815	wtdmso	mtdmso	13	13	87	81	0.9310344827586207	1.0
chr16:85806845	wtdmso	mtdmso	11	10	92	96	1.1478260869565218	0.8207569820847873
chr16:85806961	wtdmso	mtdmso	5	3	97	92	1.5807560137457044	0.7223019243697919
chr16:85806986	wtdmso	mtdmso	4	2	26	29	2.230769230769231	0.42482195346660623
chr16:87830037	wtdmso	mtdmso	5	3	207	157	1.2640901771336555	1.0
chr16:87830132	wtdmso	mtdmso	9	3	229	174	2.2794759825327513	0.2494619551760473
chr16:87830167	wtdmso	mtdmso	9	11	183	144	0.6438152011922503	0.362477508397554
chr16:87830435	wtdmso	mtdmso	8	6	137	120	1.167883211678832	1.0
chr16:87830473	wtdmso	mtdmso	31	25	186	141	0.94	0.8843501527492109
chr16:87830486	wtdmso	mtdmso	105	86	105	83	0.9651162790697675	0.9177600593221036
chr16:87830505	wtdmso	mtdmso	14	11	191	159	1.0594954783436459	1.0
chr16:87830556	wtdmso	mtdmso	40	24	150	133	1.4777777777777779	0.21061473073690656
chr16:87830596	wtdmso	mtdmso	9	7	174	137	1.0123152709359606	1.0
chr16:87830863	wtdmso	mtdmso	24	28	78	67	0.7362637362637363	0.41896373714875135
chr16:87831037	wtdmso	mtdmso	40	31	113	88	1.0048529831572937	1.0
chr16:87831095	wtdmso	mtdmso	87	73	60	50	0.9931506849315068	1.0
chr16:87831136	wtdmso	mtdmso	7	7	128	104	0.8125	0.785575912735573
chr16:87831151	wtdmso	mtdmso	74	84	60	33	0.4845238095238095	0.008665569643193921
chr16:87831155	wtdmso	mtdmso	115	92	13	16	1.5384615384615385	0.32215882529720663
chr16:87831174	wtdmso	mtdmso	12	19	120	100	0.5263157894736842	0.12432558222300213
chr16:87831199	wtdmso	mtdmso	50	37	61	46	1.0190518387239698	1.0
chr16:87831240	wtdmso	mtdmso	35	23	93	81	1.3253856942496494	0.44612482612251436
chr16:87831263	wtdmso	mtdmso	5	3	87	66	1.264367816091954	1.0
chr16:87831267	wtdmso	mtdmso	39	51	61	30	0.3760848601735776	0.0016785517468338802
chr16:87831309	wtdmso	mtdmso	3	2	123	107	1.3048780487804879	1.0
chr16:87831344	wtdmso	mtdmso	8	7	107	96	1.0253671562082778	1.0
chr16:87831351	wtdmso	mtdmso	68	66	55	33	0.6181818181818182	0.09826214693274037
chr16:87831362	wtdmso	mtdmso	65	54	61	59	1.1642380085003037	0.605058697279987
chr16:87831401	wtdmso	mtdmso	18	14	89	82	1.1845906902086678	0.7032220396192767
chr16:87831488	wtdmso	mtdmso	1	2	93	80	0.43010752688172044	0.5987214509628302
chr16:87831684	wtdmso	mtdmso	21	17	85	78	1.1335640138408305	0.8570685413221841
chr16:87831805	wtdmso	mtdmso	5	6	87	84	0.8045977011494253	0.7654176969401073
chr16:87831893	wtdmso	mtdmso	1	1	85	80	0.9411764705882353	1.0
chr16:87832119	wtdmso	mtdmso	1	2	68	68	0.5	1.0
chr16:87832132	wtdmso	mtdmso	1	3	67	70	0.3482587064676617	0.6205546042880246
chr16:87832288	wtdmso	mtdmso	4	3	58	67	1.5402298850574712	0.7057549671773485
chr16:87832328	wtdmso	mtdmso	3	7	46	52	0.484472049689441	0.3425687109318594
chr16:87832335	wtdmso	mtdmso	33	42	24	21	0.6875	0.3499408845372361
chr16:87832422	wtdmso	mtdmso	4	9	51	54	0.47058823529411764	0.25455331408376064
chr16:87832482	wtdmso	mtdmso	12	11	44	51	1.2644628099173554	0.6479903201807219
chr16:87832509	wtdmso	mtdmso	10	9	34	45	1.4705882352941178	0.6083003352950922
chr16:87832526	wtdmso	mtdmso	11	21	33	24	0.38095238095238093	0.04668019968734037
chr16:87832544	wtdmso	mtdmso	2	6	51	56	0.3660130718954248	0.28405395626088725
chr16:87832551	wtdmso	mtdmso	13	9	45	51	1.637037037037037	0.3496912244723116
chr16:87832771	wtdmso	mtdmso	10	11	42	48	1.0389610389610389	1.0
chr16:87832810	wtdmso	mtdmso	6	10	47	49	0.625531914893617	0.4310661102300616
chr16:87832902	wtdmso	mtdmso	16	19	31	38	1.032258064516129	1.0
chr16:87834586	wtdmso	mtdmso	7	16	26	28	0.47115384615384615	0.2093819206963698
chr16:87836612	wtdmso	mtdmso	3	1	29	32	3.310344827586207	0.35531135531135527
chr16:87838815	wtdmso	mtdmso	6	8	29	33	0.853448275862069	1.0
chr16:87839766	wtdmso	mtdmso	5	6	25	27	0.9	1.0
chr16:87841108	wtdmso	mtdmso	3	4	32	36	0.84375	1.0
chr16:87851830	wtdmso	mtdmso	9	15	16	23	0.8625	1.0
chr16:87869238	wtdmso	mtdmso	2	2	13	15	1.1538461538461537	1.0
chr16:88809514	wtdmso	mtdmso	5	3	41	44	1.7886178861788617	0.48555631293004897
chr16:88809599	wtdmso	mtdmso	2	5	51	50	0.39215686274509803	0.43794800834769987
chr16:88809626	wtdmso	mtdmso	3	1	42	50	3.5714285714285716	0.337928512083228
chr16:88809762	wtdmso	mtdmso	3	2	31	38	1.8387096774193548	0.6559214598959922
chr16:88809837	wtdmso	mtdmso	1	4	39	42	0.2692307692307692	0.3663926764317381
chr16:88810109	wtdmso	mtdmso	2	1	48	47	1.9583333333333333	1.0
chr16:88810503	wtdmso	mtdmso	5	3	41	44	1.7886178861788617	0.48555631293004897
chr16:88811632	wtdmso	mtdmso	2	1	43	45	2.0930232558139537	0.6166193357204592
chr16:89561008	wtdmso	mtdmso	182	187	818	874	1.0398912176562112	0.7738389471007339
chr16:89561607	wtdmso	mtdmso	29	38	1073	1193	0.84850640113798	0.5368132701105037
chr16:89561641	wtdmso	mtdmso	70	76	1131	1218	0.9919028340080972	1.0
chr16:89561699	wtdmso	mtdmso	8	5	1262	1378	1.747068145800317	0.4080077899110584
chr16:89561743	wtdmso	mtdmso	94	80	1176	1296	1.2948979591836736	0.11621173100279364
chr16:89562342	wtdmso	mtdmso	251	299	962	1025	0.8944402339051168	0.26732129865949894
chr16:89562348	wtdmso	mtdmso	52	48	1131	1246	1.1934865900383143	0.414352813046233
chr16:89562364	wtdmso	mtdmso	66	68	1090	1182	1.0525094441446303	0.7900865987812125
chr16:89562369	wtdmso	mtdmso	46	53	1030	1101	0.9277523355925994	0.7580734449126386
chr16:89563017	wtdmso	mtdmso	189	194	1025	1118	1.0626200653759115	0.6173624487823167
chr16:89563055	wtdmso	mtdmso	272	314	694	745	0.9298995943391032	0.462308393688782
chr16:89563109	wtdmso	mtdmso	2	3	46	59	0.855072463768116	1.0
chr16:89563143	wtdmso	mtdmso	10	8	32	47	1.8359375	0.29637606015645934
chr16:89563246	wtdmso	mtdmso	18	22	26	35	1.1013986013986015	0.8398756696074416
chr16:89563289	wtdmso	mtdmso	9	14	22	34	0.9935064935064936	1.0
chr17:1344573	wtdmso	mtdmso	3	2	25	15	0.9	1.0
chr17:1344669	wtdmso	mtdmso	3	1	23	15	1.9565217391304348	1.0
chr17:1344941	wtdmso	mtdmso	1	4	12	11	0.22916666666666666	0.33333333333333326
chr17:1345013	wtdmso	mtdmso	1	1	11	14	1.2727272727272727	1.0
chr17:1345349	wtdmso	mtdmso	6	2	7	11	4.714285714285714	0.20155606407322652
chr17:1354310	wtdmso	mtdmso	4	5	9	7	0.6222222222222222	0.6881679903082512
chr17:1364921	wtdmso	mtdmso	2	2	9	10	1.1111111111111112	1.0
chr17:16381968	wtdmso	mtdmso	7	13	84	135	0.8653846153846154	0.8152955294360726
chr17:16382079	wtdmso	mtdmso	10	18	71	127	0.9937402190923318	1.0
chr17:16382153	wtdmso	mtdmso	1	1	85	140	1.6470588235294117	1.0
chr17:16382159	wtdmso	mtdmso	4	4	78	120	1.5384615384615385	0.7155196044174787
chr17:16382196	wtdmso	mtdmso	15	17	78	134	1.5158371040723981	0.32950281450095
chr17:16382307	wtdmso	mtdmso	4	18	90	126	0.3111111111111111	0.03870743166800408
chr17:16382387	wtdmso	mtdmso	6	6	87	130	1.4942528735632183	0.5536465944097289
chr17:16382396	wtdmso	mtdmso	1	2	69	126	0.9130434782608695	1.0
chr17:16382424	wtdmso	mtdmso	10	21	95	133	0.6666666666666666	0.33813048102206633
chr17:16382535	wtdmso	mtdmso	11	13	90	135	1.2692307692307692	0.6633358961128837
chr17:16382701	wtdmso	mtdmso	8	24	85	114	0.4470588235294118	0.07947823997857681
chr17:16439365	wtdmso	mtdmso	8	16	170	143	0.42058823529411765	0.05666593470936965
chr17:16439399	wtdmso	mtdmso	2	2	206	191	0.9271844660194175	1.0
chr17:16439409	wtdmso	mtdmso	27	21	181	168	1.1933701657458564	0.6446138886578601
chr17:16439612	wtdmso	mtdmso	3	1	47	25	1.5957446808510638	1.0
chr17:16441082	wtdmso	mtdmso	5	4	195	177	1.1346153846153846	1.0
chr17:16441398	wtdmso	mtdmso	10	11	215	184	0.7780126849894292	0.656001200733072
chr17:16441434	wtdmso	mtdmso	38	28	185	170	1.247104247104247	0.42433598105156317
chr17:16441484	wtdmso	mtdmso	13	9	186	164	1.2735961768219832	0.6630440159954432
chr17:16441596	wtdmso	mtdmso	7	16	155	127	0.35846774193548386	0.029257220354669086
chr17:16441699	wtdmso	mtdmso	9	5	222	195	1.5810810810810811	0.5875887914188385
chr17:16441890	wtdmso	mtdmso	17	27	213	169	0.49956529299252306	0.037534825766227985
chr17:16441982	wtdmso	mtdmso	49	41	167	149	1.0663064115671097	0.8116990653959579
chr17:18245053	wtdmso	mtdmso	4	2	11	8	1.4545454545454546	1.0
chr17:20999960	wtdmso	mtdmso	6	2	17	8	1.411764705882353	1.0
chr17:28720848	wtdmso	mtdmso	1	3	309	315	0.33980582524271846	0.623923435628889
chr17:28722727	wtdmso	mtdmso	19	16	268	295	1.3071361940298507	0.48815979348725774
chr17:28722756	wtdmso	mtdmso	7	5	320	326	1.42625	0.5754619151364895
chr17:28722842	wtdmso	mtdmso	1	2	361	370	0.5124653739612188	1.0
chr17:28722865	wtdmso	mtdmso	4	5	321	337	0.8398753894080997	1.0
chr17:28723881	wtdmso	mtdmso	15	11	270	293	1.47979797979798	0.4228271579053754
chr17:28879351	wtdmso	mtdmso	4	2	9	14	3.111111111111111	0.3639846743295019
chr17:38753198	wtdmso	mtdmso	7	6	21	29	1.6111111111111112	0.5370371647793959
chr17:38753258	wtdmso	mtdmso	1	4	24	28	0.2916666666666667	0.3721677932204248
chr17:38755908	wtdmso	mtdmso	4	4	25	30	1.2	1.0
chr17:38760471	wtdmso	mtdmso	1	1	26	31	1.1923076923076923	1.0
chr17:38760530	wtdmso	mtdmso	5	4	23	19	1.0326086956521738	1.0
chr17:38760537	wtdmso	mtdmso	1	2	25	31	0.62	1.0
chr17:38764143	wtdmso	mtdmso	2	5	26	26	0.4	0.42806747222447494
chr17:38764162	wtdmso	mtdmso	2	1	23	31	2.6956521739130435	0.5762132604237867
chr17:38850091	wtdmso	mtdmso	2	3	222	250	0.7507507507507507	1.0
chr17:38850096	wtdmso	mtdmso	5	4	186	241	1.6196236559139785	0.5136944248765049
chr17:38850174	wtdmso	mtdmso	3	1	340	379	3.3441176470588236	0.35030224515888264
chr17:38850197	wtdmso	mtdmso	16	22	335	371	0.8054274084124831	0.6175229265519179
chr17:38850381	wtdmso	mtdmso	23	23	371	409	1.1024258760107817	0.7635157599838083
chr17:38852653	wtdmso	mtdmso	26	11	355	411	2.7364916773367476	0.006283722986267421
chr17:38852680	wtdmso	mtdmso	23	32	230	254	0.79375	0.4769783667874834
chr17:38852722	wtdmso	mtdmso	5	14	325	359	0.3945054945054945	0.1007341673506974
chr17:38853029	wtdmso	mtdmso	19	11	302	338	1.9331727874774232	0.09409791143784457
chr17:38921712	wtdmso	mtdmso	1	4	9	28	0.7777777777777778	1.0
chr17:39201291	wtdmso	mtdmso	4	1	197	220	4.467005076142132	0.19634775929069886
chr17:39202400	wtdmso	mtdmso	44	56	137	136	0.7799791449426486	0.29558879504495605
chr17:39204139	wtdmso	mtdmso	16	11	190	202	1.5464114832535885	0.3225908519013702
chr17:39204526	wtdmso	mtdmso	2	2	228	230	1.0087719298245614	1.0
chr17:39204552	wtdmso	mtdmso	1	1	226	226	1.0	1.0
chr17:39204615	wtdmso	mtdmso	4	4	191	218	1.1413612565445026	1.0
chr17:39204636	wtdmso	mtdmso	1	2	221	230	0.5203619909502263	1.0
chr17:39204649	wtdmso	mtdmso	12	4	183	197	3.2295081967213113	0.04195544227015397
chr17:39997363	wtdmso	mtdmso	4	1	28	9	1.2857142857142858	1.0
chr17:39997520	wtdmso	mtdmso	2	1	28	20	1.4285714285714286	1.0
chr17:39997528	wtdmso	mtdmso	2	2	27	19	0.7037037037037037	1.0
chr17:39997761	wtdmso	mtdmso	5	2	27	18	1.6666666666666667	0.6935789899821025
chr17:40019226	wtdmso	mtdmso	10	6	34	37	1.8137254901960784	0.4077307297399139
chr17:40019372	wtdmso	mtdmso	5	12	34	22	0.2696078431372549	0.028962261691867115
chr17:40019379	wtdmso	mtdmso	3	3	44	35	0.7954545454545454	1.0
chr17:40019495	wtdmso	mtdmso	15	16	27	27	0.9375	1.0
chr17:40019583	wtdmso	mtdmso	12	11	28	22	0.8571428571428571	0.8040881316353964
chr17:40019636	wtdmso	mtdmso	13	8	29	31	1.7370689655172413	0.319844991728535
chr17:40019839	wtdmso	mtdmso	7	6	34	32	1.0980392156862746	1.0
chr17:40020283	wtdmso	mtdmso	1	3	40	40	0.3333333333333333	0.6162427487728693
chr17:40020292	wtdmso	mtdmso	7	5	35	37	1.48	0.7564601623649678
chr17:40022695	wtdmso	mtdmso	5	9	34	29	0.4738562091503268	0.2501262801579015
chr17:40023206	wtdmso	mtdmso	5	6	19	21	0.9210526315789473	1.0
chr17:40023302	wtdmso	mtdmso	1	4	9	19	0.5277777777777778	1.0
chr17:40476003	wtdmso	mtdmso	1	3	39	59	0.5042735042735043	1.0
chr17:40476208	wtdmso	mtdmso	4	3	31	56	2.4086021505376345	0.4179683264862071
chr17:40476659	wtdmso	mtdmso	2	1	10	35	7.0	0.15009250693802037
chr17:41523646	wtdmso	mtdmso	43	104	69	225	1.3482441471571907	0.20266513340450598
chr17:41523671	wtdmso	mtdmso	14	41	180	531	1.0073170731707317	1.0
chr17:41523787	wtdmso	mtdmso	6	34	172	479	0.4914500683994528	0.13588822591719868
chr17:41523842	wtdmso	mtdmso	4	20	170	498	0.5858823529411765	0.4728105733182864
chr17:41523980	wtdmso	mtdmso	2	17	169	450	0.3132613992342499	0.12059087141138418
chr17:41524197	wtdmso	mtdmso	9	33	156	447	0.7814685314685315	0.588016417520017
chr17:41524254	wtdmso	mtdmso	28	81	134	421	1.0860512253547079	0.7159243473371188
chr17:41524267	wtdmso	mtdmso	17	49	122	356	1.0123787219805955	1.0
chr17:41524412	wtdmso	mtdmso	42	79	132	426	1.715765247410817	0.015527214544913528
chr17:41524448	wtdmso	mtdmso	5	8	157	458	1.8232484076433122	0.33617535214380545
chr17:41524852	wtdmso	mtdmso	4	16	143	415	0.7255244755244755	0.7943316060496832
chr17:41524910	wtdmso	mtdmso	26	60	116	338	1.2626436781609196	0.35379530898252054
chr17:41524922	wtdmso	mtdmso	1	6	135	381	0.4703703703703704	0.6827657645139247
chr17:41524986	wtdmso	mtdmso	9	16	119	349	1.6496848739495797	0.24630726832344885
chr17:41525194	wtdmso	mtdmso	7	17	127	355	1.1509958314034274	0.8130694529413269
chr17:41525202	wtdmso	mtdmso	18	42	102	275	1.1554621848739495	0.6421141942237432
chr17:41525250	wtdmso	mtdmso	22	62	93	249	0.9500520291363164	0.8918163815395141
chr17:41527831	wtdmso	mtdmso	3	19	90	221	0.387719298245614	0.1452812612785775
chr17:41527840	wtdmso	mtdmso	28	78	71	211	1.0668111231491513	0.7952182459168373
chr17:41527960	wtdmso	mtdmso	5	11	95	267	1.277511961722488	0.7721700788506234
chr17:41527990	wtdmso	mtdmso	7	24	103	263	0.7447411003236246	0.676246531962194
chr17:41528243	wtdmso	mtdmso	9	36	68	161	0.5919117647058824	0.20861331360222635
chr17:41582339	wtdmso	mtdmso	21	31	489	435	0.6026123095190976	0.08739539400247137
chr17:41582391	wtdmso	mtdmso	5	6	236	255	0.9004237288135594	1.0
chr17:41582438	wtdmso	mtdmso	92	104	469	437	0.8242578317205183	0.23749052600394127
chr17:41582529	wtdmso	mtdmso	76	88	444	399	0.7761056511056511	0.14700388626577648
chr17:41583324	wtdmso	mtdmso	25	17	567	538	1.3953729640004149	0.34626542000952787
chr17:41583424	wtdmso	mtdmso	3	2	529	514	1.4574669187145557	1.0
chr17:41583438	wtdmso	mtdmso	51	52	459	445	0.9508547008547008	0.8357067597579831
chr17:41583584	wtdmso	mtdmso	138	141	299	300	0.9819967266775778	0.9422376373835462
chr17:41583662	wtdmso	mtdmso	55	71	335	349	0.8070212318688249	0.28693544793619097
chr17:41583675	wtdmso	mtdmso	3	2	339	376	1.663716814159292	0.6725209883554458
chr17:41583793	wtdmso	mtdmso	51	63	324	358	0.8944738389182834	0.6131740272266991
chr17:41583820	wtdmso	mtdmso	25	25	313	350	1.1182108626198084	0.7695949130810198
chr17:41583850	wtdmso	mtdmso	18	14	307	362	1.5160539785946952	0.2792616986772747
chr17:41584266	wtdmso	mtdmso	17	18	299	337	1.0644741731698253	0.8639092460557818
chr17:41584320	wtdmso	mtdmso	6	10	267	314	0.7056179775280899	0.6145681641236784
chr17:41584336	wtdmso	mtdmso	7	8	255	310	1.0637254901960784	1.0
chr17:41584340	wtdmso	mtdmso	91	133	174	193	0.7589231699939504	0.12486286723423243
chr17:41584395	wtdmso	mtdmso	78	99	156	184	0.9292929292929293	0.710408309909505
chr17:41584405	wtdmso	mtdmso	1	2	185	235	0.6351351351351351	1.0
chr17:41584986	wtdmso	mtdmso	23	30	160	229	1.0972916666666668	0.7679273465206107
chr17:41585010	wtdmso	mtdmso	4	2	181	242	2.6740331491712706	0.4096076887001279
chr17:41585037	wtdmso	mtdmso	7	11	169	210	0.7907477138246369	0.8090501994353514
chr17:41586322	wtdmso	mtdmso	16	24	155	213	0.9161290322580645	0.8669067878332641
chr17:41586332	wtdmso	mtdmso	4	6	168	221	0.876984126984127	1.0
chr17:41586352	wtdmso	mtdmso	1	2	170	203	0.5970588235294118	1.0
chr17:41586388	wtdmso	mtdmso	51	60	125	167	1.1356	0.5761500166863088
chr17:41586442	wtdmso	mtdmso	6	7	171	215	1.0776942355889725	1.0
chr17:41586463	wtdmso	mtdmso	2	7	158	201	0.36347197106690776	0.30924195664076026
chr17:41586472	wtdmso	mtdmso	16	21	170	223	0.9994397759103641	1.0
chr17:41586482	wtdmso	mtdmso	2	4	186	238	0.6397849462365591	0.7000905675323025
chr17:41586830	wtdmso	mtdmso	8	19	84	97	0.48621553884711777	0.14507762051517117
chr17:41619449	wtdmso	mtdmso	40	31	140	101	0.9308755760368663	0.7866696885363045
chr17:41619465	wtdmso	mtdmso	34	20	368	297	1.3720108695652173	0.3195078272192811
chr17:41619590	wtdmso	mtdmso	42	44	373	303	0.7754082378747258	0.3011186540212163
chr17:41619604	wtdmso	mtdmso	15	3	424	365	4.304245283018868	0.015090817128138373
chr17:41619682	wtdmso	mtdmso	63	30	369	323	1.838211382113821	0.010399631345893789
chr17:41620536	wtdmso	mtdmso	85	79	337	263	0.8396874882620291	0.33092421395333077
chr17:41620553	wtdmso	mtdmso	87	88	334	265	0.7843971148611867	0.1679944525371821
chr17:41620748	wtdmso	mtdmso	7	9	408	350	0.6672113289760349	0.45712238336973565
chr17:41620841	wtdmso	mtdmso	76	60	324	272	1.0633744855967078	0.7751826824099557
chr17:41620848	wtdmso	mtdmso	2	1	363	282	1.5537190082644627	1.0
chr17:41621077	wtdmso	mtdmso	52	44	263	232	1.0425164189422744	0.9111437630035517
chr17:41621082	wtdmso	mtdmso	67	71	254	203	0.7541865365420871	0.17241030842698857
chr17:41621090	wtdmso	mtdmso	1	5	288	229	0.15902777777777777	0.09415456496069209
chr17:41621626	wtdmso	mtdmso	87	74	202	181	1.0534519668183036	0.8507486840246195
chr17:41621653	wtdmso	mtdmso	27	24	224	210	1.0546875	0.8832432299300834
chr17:41621683	wtdmso	mtdmso	2	2	236	204	0.864406779661017	1.0
chr17:41622364	wtdmso	mtdmso	21	13	215	192	1.4425760286225402	0.3725529594624428
chr17:41622397	wtdmso	mtdmso	11	2	193	189	5.3860103626943	0.021252448953870122
chr17:41622961	wtdmso	mtdmso	25	29	114	117	0.8847549909255898	0.7628749468576557
chr17:41623012	wtdmso	mtdmso	7	10	107	112	0.7327102803738318	0.6195756032058766
chr17:41624081	wtdmso	mtdmso	3	8	134	141	0.394589552238806	0.2220638281488188
chr17:41624100	wtdmso	mtdmso	5	6	115	125	0.9057971014492754	1.0
chr17:41624120	wtdmso	mtdmso	34	24	95	108	1.6105263157894736	0.13655660511997678
chr17:41624156	wtdmso	mtdmso	43	55	76	73	0.750956937799043	0.29914096954032526
chr17:41624210	wtdmso	mtdmso	5	7	105	124	0.8435374149659864	1.0
chr17:41624231	wtdmso	mtdmso	5	3	111	136	2.042042042042042	0.4745339767284785
chr17:41624240	wtdmso	mtdmso	26	15	97	122	2.1800687285223366	0.0273409690323635
chr17:41624505	wtdmso	mtdmso	9	10	56	49	0.7875	0.8035346151156579
chr17:41689054	wtdmso	mtdmso	37	33	249	136	0.6123889497383473	0.07982007639182334
chr17:41689807	wtdmso	mtdmso	22	14	263	155	0.9261271048343291	0.8584067904268965
chr17:41690166	wtdmso	mtdmso	53	30	277	157	1.001323706377858	1.0
chr17:41690786	wtdmso	mtdmso	24	17	263	141	0.7568776560053679	0.3977806690941731
chr17:41690959	wtdmso	mtdmso	32	8	236	147	2.4915254237288136	0.02442787967399874
chr17:41690968	wtdmso	mtdmso	4	3	316	184	0.7763713080168776	0.7124600764855786
chr17:41690985	wtdmso	mtdmso	17	5	236	151	2.175423728813559	0.1752576066993301
chr17:41691137	wtdmso	mtdmso	6	5	69	53	0.9217391304347826	1.0
chr17:41691194	wtdmso	mtdmso	20	16	61	45	0.9221311475409836	0.8478268632488124
chr17:41691300	wtdmso	mtdmso	13	17	73	46	0.48186946011281223	0.09789493995915918
chr17:41691309	wtdmso	mtdmso	2	1	68	49	1.4411764705882353	1.0
chr17:41691352	wtdmso	mtdmso	4	2	83	66	1.5903614457831325	0.6958144131959892
chr17:41691456	wtdmso	mtdmso	3	1	76	56	2.210526315789474	0.639332748024583
chr17:41691464	wtdmso	mtdmso	6	3	80	68	1.7	0.5137274014106292
chr17:41691475	wtdmso	mtdmso	4	2	84	67	1.5952380952380953	0.6955251050608612
chr17:41754815	wtdmso	mtdmso	2	6	62	78	0.41935483870967744	0.4665783715401174
chr17:41754861	wtdmso	mtdmso	4	3	55	76	1.8424242424242425	0.46052474150282474
chr17:41754983	wtdmso	mtdmso	5	8	40	61	0.953125	1.0
chr17:41755027	wtdmso	mtdmso	6	5	52	78	1.8	0.3597264291227181
chr17:41755081	wtdmso	mtdmso	26	32	23	33	1.1657608695652173	0.709002175691709
chr17:41755202	wtdmso	mtdmso	3	9	37	49	0.44144144144144143	0.34954424946490203
chr17:41755246	wtdmso	mtdmso	5	10	37	57	0.7702702702702703	0.7791103307276062
chr17:41755348	wtdmso	mtdmso	4	11	49	73	0.5417439703153989	0.40507513831742303
chr17:41755689	wtdmso	mtdmso	1	2	12	14	0.5833333333333334	1.0
chr17:41755813	wtdmso	mtdmso	4	6	42	66	1.0476190476190477	1.0
chr17:41755825	wtdmso	mtdmso	2	1	31	60	3.870967741935484	0.28098236399988064
chr17:41755846	wtdmso	mtdmso	1	1	38	67	1.763157894736842	1.0
chr17:41757490	wtdmso	mtdmso	7	4	37	59	2.7905405405405403	0.1937780891239691
chr17:41757496	wtdmso	mtdmso	2	4	21	39	0.9285714285714286	1.0
chr17:41757761	wtdmso	mtdmso	1	3	33	53	0.5353535353535354	1.0
chr17:41758453	wtdmso	mtdmso	1	3	31	51	0.5483870967741935	1.0
chr17:41763058	wtdmso	mtdmso	4	9	29	44	0.6743295019157088	0.758313048368254
chr17:41763139	wtdmso	mtdmso	2	1	23	45	3.9130434782608696	0.28169014084507044
chr17:41763184	wtdmso	mtdmso	3	5	28	45	0.9642857142857143	1.0
chr17:41763191	wtdmso	mtdmso	1	5	24	38	0.31666666666666665	0.4024184405000911
chr17:41763224	wtdmso	mtdmso	1	4	24	29	0.3020833333333333	0.37775473165672796
chr17:41764758	wtdmso	mtdmso	8	17	20	27	0.6352941176470588	0.45206568521599455
chr17:41764786	wtdmso	mtdmso	6	5	21	32	1.8285714285714285	0.5046161437112784
chr17:41769175	wtdmso	mtdmso	5	5	21	35	1.6666666666666667	0.49826162934272
chr17:41769197	wtdmso	mtdmso	1	2	25	37	0.74	1.0
chr17:41769421	wtdmso	mtdmso	1	3	11	32	0.9696969696969697	1.0
chr17:41769438	wtdmso	mtdmso	1	2	24	36	0.75	1.0
chr17:41771682	wtdmso	mtdmso	1	1	24	25	1.0416666666666667	1.0
chr17:41771814	wtdmso	mtdmso	6	15	18	25	0.5555555555555556	0.4116246759857116
chr17:41771840	wtdmso	mtdmso	4	5	21	35	1.3333333333333333	0.7238294780313775
chr17:41822459	wtdmso	mtdmso	6	2	4	8	6.0	0.16980233388902116
chr17:41822477	wtdmso	mtdmso	3	1	19	12	1.894736842105263	1.0
chr17:41822546	wtdmso	mtdmso	1	1	10	13	1.3	1.0
chr17:41822763	wtdmso	mtdmso	2	1	22	13	1.1818181818181819	1.0
chr17:41822822	wtdmso	mtdmso	3	1	7	13	5.571428571428571	0.27206851119894604
chr17:41822862	wtdmso	mtdmso	5	4	18	8	0.5555555555555556	0.6854675129228556
chr17:41822979	wtdmso	mtdmso	1	1	22	11	0.5	1.0
chr17:41823164	wtdmso	mtdmso	3	3	22	12	0.5454545454545454	0.6539555750082066
chr17:42125132	wtdmso	mtdmso	2	1	15	10	1.3333333333333333	1.0
chr17:42125195	wtdmso	mtdmso	7	6	20	12	0.7	0.7394522623647619
chr17:42125331	wtdmso	mtdmso	1	1	12	16	1.3333333333333333	1.0
chr17:42125396	wtdmso	mtdmso	3	2	14	12	1.2857142857142858	1.0
chr17:42125403	wtdmso	mtdmso	5	3	24	15	1.0416666666666667	1.0
chr17:42125737	wtdmso	mtdmso	2	1	20	18	1.8	1.0
chr17:42125819	wtdmso	mtdmso	3	1	31	19	1.8387096774193548	1.0
chr17:42125831	wtdmso	mtdmso	4	1	27	14	2.074074074074074	1.0
chr17:42128360	wtdmso	mtdmso	2	7	12	6	0.14285714285714285	0.04607170099160947
chr17:42128661	wtdmso	mtdmso	1	1	13	10	0.7692307692307693	1.0
chr17:42128739	wtdmso	mtdmso	1	1	14	10	0.7142857142857143	1.0
chr17:42402711	wtdmso	mtdmso	1	1	10	9	0.9	1.0
chr17:42402934	wtdmso	mtdmso	5	4	7	6	1.0714285714285714	1.0
chr17:42403289	wtdmso	mtdmso	2	2	14	11	0.7857142857142857	1.0
chr17:42403856	wtdmso	mtdmso	1	1	10	9	0.9	1.0
chr17:42998767	wtdmso	mtdmso	3	1	167	238	4.275449101796407	0.31195179129586015
chr17:42999933	wtdmso	mtdmso	11	21	161	214	0.6962437148772552	0.45631345818555114
chr17:42999990	wtdmso	mtdmso	5	5	161	228	1.4161490683229814	0.7473950417232347
chr17:43000010	wtdmso	mtdmso	9	11	159	225	1.1578044596912522	0.8177314529342667
chr17:43000077	wtdmso	mtdmso	6	7	180	243	1.1571428571428573	0.7846659865841421
chr17:43002695	wtdmso	mtdmso	6	10	164	232	0.848780487804878	0.8023300165040925
chr17:43002700	wtdmso	mtdmso	3	8	157	213	0.5087579617834395	0.3701146974094714
chr17:43002878	wtdmso	mtdmso	1	3	172	235	0.45542635658914726	0.6418689683300738
chr17:43002888	wtdmso	mtdmso	2	2	183	240	1.3114754098360655	1.0
chr17:43002907	wtdmso	mtdmso	3	5	151	223	0.8860927152317881	1.0
chr17:43014735	wtdmso	mtdmso	2	1	43	54	2.511627906976744	0.5867346938775511
chr17:43014825	wtdmso	mtdmso	3	6	42	46	0.5476190476190477	0.49760653497649704
chr17:43014852	wtdmso	mtdmso	2	6	46	51	0.3695652173913043	0.2849004460885648
chr17:43014921	wtdmso	mtdmso	2	7	36	46	0.36507936507936506	0.29510233842884814
chr17:43015004	wtdmso	mtdmso	3	4	21	35	1.25	1.0
chr17:43015563	wtdmso	mtdmso	4	3	26	35	1.794871794871795	0.6908651457155379
chr17:43015586	wtdmso	mtdmso	1	2	26	38	0.7307692307692307	1.0
chr17:43015893	wtdmso	mtdmso	2	5	23	31	0.5391304347826087	0.6894554799200625
chr17:43016064	wtdmso	mtdmso	5	4	21	35	2.0833333333333335	0.4653698917107427
chr17:44319699	wtdmso	mtdmso	1	2	10	37	1.85	0.5337244897959185
chr17:44319941	wtdmso	mtdmso	1	1	10	37	3.7	0.4022108843537415
chr17:44320205	wtdmso	mtdmso	3	1	8	37	13.875	0.031150295455832658
chr17:44320272	wtdmso	mtdmso	2	7	8	29	1.0357142857142858	1.0
chr17:44320670	wtdmso	mtdmso	1	1	9	34	3.7777777777777777	0.398989898989899
chr17:44349524	wtdmso	mtdmso	4	4	30	20	0.6666666666666666	0.7061816913202044
chr17:44350230	wtdmso	mtdmso	1	1	40	36	0.9	1.0
chr17:44350564	wtdmso	mtdmso	1	4	47	35	0.18617021276595744	0.1687722093214055
chr17:44351088	wtdmso	mtdmso	4	2	41	39	1.9024390243902438	0.6782648802492884
chr17:44351565	wtdmso	mtdmso	3	4	52	42	0.6057692307692307	0.6989923645492213
chr17:44351601	wtdmso	mtdmso	8	5	49	43	1.4040816326530612	0.7676211896555591
chr17:44351623	wtdmso	mtdmso	6	4	63	46	1.0952380952380953	1.0
chr17:44351682	wtdmso	mtdmso	2	2	54	44	0.8148148148148148	1.0
chr17:44352030	wtdmso	mtdmso	6	5	44	34	0.9272727272727272	1.0
chr17:44352109	wtdmso	mtdmso	32	20	38	30	1.263157894736842	0.5784907140866576
chr17:44352168	wtdmso	mtdmso	4	3	75	51	0.9066666666666666	1.0
chr17:44352498	wtdmso	mtdmso	3	4	79	59	0.560126582278481	0.4682369350587054
chr17:44352772	wtdmso	mtdmso	6	4	84	58	1.0357142857142858	1.0
chr17:44352785	wtdmso	mtdmso	2	1	82	53	1.2926829268292683	1.0
chr17:44352801	wtdmso	mtdmso	20	19	69	44	0.6712433257055682	0.3466288681533868
chr17:44352813	wtdmso	mtdmso	3	4	88	57	0.48579545454545453	0.43923547841325117
chr17:44352830	wtdmso	mtdmso	8	4	78	58	1.4871794871794872	0.7616071689902808
chr17:44352897	wtdmso	mtdmso	1	3	84	55	0.21825396825396826	0.30367085716201686
chr17:44353018	wtdmso	mtdmso	5	6	75	52	0.5777777777777777	0.5263480472980488
chr17:47823640	wtdmso	mtdmso	6	4	17	8	0.7058823529411765	0.7062059186642058
chr17:47823646	wtdmso	mtdmso	3	2	10	11	1.65	1.0
chr17:47823652	wtdmso	mtdmso	1	6	11	9	0.13636363636363635	0.09137866963953922
chr17:47824124	wtdmso	mtdmso	3	2	8	13	2.4375	0.6195652173913044
chr17:4796267	wtdmso	mtdmso	2	4	27	23	0.42592592592592593	0.4140601352033094
chr17:4796727	wtdmso	mtdmso	1	1	28	32	1.1428571428571428	1.0
chr17:4796776	wtdmso	mtdmso	1	1	29	22	0.7586206896551724	1.0
chr17:4796784	wtdmso	mtdmso	2	2	33	38	1.1515151515151516	1.0
chr17:4797459	wtdmso	mtdmso	6	5	26	33	1.523076923076923	0.743079819936449
chr17:4797687	wtdmso	mtdmso	14	14	23	29	1.2608695652173914	0.645715637853242
chr17:4797791	wtdmso	mtdmso	2	3	36	40	0.7407407407407407	1.0
chr17:48928652	wtdmso	mtdmso	4	2	6	14	4.666666666666667	0.16266342353298874
chr17:48928743	wtdmso	mtdmso	1	3	9	12	0.4444444444444444	0.6264822134387351
chr17:48928916	wtdmso	mtdmso	1	3	9	14	0.5185185185185185	1.0
chr17:4945703	wtdmso	mtdmso	30	31	294	277	0.9117840684660962	0.7881256223915474
chr17:4945745	wtdmso	mtdmso	1	1	276	262	0.9492753623188406	1.0
chr17:4945749	wtdmso	mtdmso	6	9	268	259	0.6442786069651741	0.44366067664394426
chr17:4945780	wtdmso	mtdmso	1	3	255	232	0.3032679738562091	0.3533681073519368
chr17:4945899	wtdmso	mtdmso	23	22	272	251	0.9647393048128342	1.0
chr17:4946632	wtdmso	mtdmso	2	4	264	242	0.4583333333333333	0.43415582195472957
chr17:4946636	wtdmso	mtdmso	1	2	271	253	0.466789667896679	0.6125247498729653
chr17:4946725	wtdmso	mtdmso	30	34	268	252	0.8296751536435469	0.5095826998737958
chr17:4946788	wtdmso	mtdmso	1	1	302	270	0.8940397350993378	1.0
chr17:4948314	wtdmso	mtdmso	26	25	270	246	0.9475555555555556	0.8839775517648363
chr17:4948348	wtdmso	mtdmso	14	12	249	230	1.0776439089692103	1.0
chr17:50072158	wtdmso	mtdmso	2	3	13	7	0.358974358974359	0.35770750988142286
chr17:50074225	wtdmso	mtdmso	4	1	25	9	1.44	1.0
chr17:50075502	wtdmso	mtdmso	1	1	27	10	0.37037037037037035	0.48987854251012153
chr17:50075628	wtdmso	mtdmso	2	2	25	9	0.36	0.5641129851656167
chr17:50076326	wtdmso	mtdmso	3	1	20	9	1.35	1.0
chr17:50076338	wtdmso	mtdmso	3	2	11	8	1.0909090909090908	1.0
chr17:50076368	wtdmso	mtdmso	10	4	19	8	1.0526315789473684	1.0
chr17:50076611	wtdmso	mtdmso	1	1	31	13	0.41935483870967744	0.5207729468599034
chr17:50077026	wtdmso	mtdmso	2	3	33	15	0.30303030303030304	0.32262077545096424
chr17:50077034	wtdmso	mtdmso	2	1	29	18	1.2413793103448276	1.0
chr17:50077424	wtdmso	mtdmso	5	2	27	15	1.3888888888888888	1.0
chr17:50078097	wtdmso	mtdmso	1	1	38	15	0.39473684210526316	0.501010101010101
chr17:50078220	wtdmso	mtdmso	10	1	26	18	6.923076923076923	0.07521477062607744
chr17:50078884	wtdmso	mtdmso	3	3	42	18	0.42857142857142855	0.3732482813326281
chr17:50079111	wtdmso	mtdmso	3	3	46	19	0.41304347826086957	0.36534395132869213
chr17:50079435	wtdmso	mtdmso	1	1	42	19	0.4523809523809524	0.5376344086021505
chr17:50079444	wtdmso	mtdmso	5	2	32	16	1.25	1.0
chr17:50079548	wtdmso	mtdmso	5	1	51	21	2.0588235294117645	0.6696769977231406
chr17:50080336	wtdmso	mtdmso	10	6	47	23	0.8156028368794326	0.7733303535300857
chr17:50080358	wtdmso	mtdmso	11	4	41	20	1.3414634146341464	0.7632903702498738
chr17:50081366	wtdmso	mtdmso	15	4	44	21	1.7897727272727273	0.40622158486221555
chr17:50087759	wtdmso	mtdmso	3	3	61	22	0.36065573770491804	0.34396658812851855
chr17:50089113	wtdmso	mtdmso	17	5	69	37	1.8231884057971015	0.325573209666161
chr17:50089232	wtdmso	mtdmso	5	2	85	48	1.411764705882353	1.0
chr17:50089244	wtdmso	mtdmso	2	1	83	32	0.7710843373493976	1.0
chr17:50089251	wtdmso	mtdmso	3	3	71	25	0.352112676056338	0.34203490521451
chr17:50089459	wtdmso	mtdmso	43	29	49	18	0.5446868402533427	0.10860199744593779
chr17:50089524	wtdmso	mtdmso	82	45	13	5	0.7008547008547008	0.6049110978381138
chr17:50089644	wtdmso	mtdmso	13	4	81	32	1.2839506172839505	0.7790689090382658
chr17:50089695	wtdmso	mtdmso	58	25	60	34	1.3146666666666667	0.4272909492290431
chr17:50089709	wtdmso	mtdmso	3	2	122	56	0.6885245901639344	0.6527293743257199
chr17:50089716	wtdmso	mtdmso	7	2	108	54	1.75	0.7195486013674484
chr17:50089818	wtdmso	mtdmso	35	21	94	40	0.7092198581560284	0.31162174127037107
chr17:50089849	wtdmso	mtdmso	12	6	121	55	0.9090909090909091	1.0
chr17:50089862	wtdmso	mtdmso	22	12	111	46	0.7597597597597597	0.5389101096834934
chr17:50089917	wtdmso	mtdmso	57	26	71	36	1.1115926327193932	0.757406508541785
chr17:50089922	wtdmso	mtdmso	56	28	89	36	0.8089887640449438	0.5412722694517884
chr17:50089948	wtdmso	mtdmso	5	2	147	67	1.1394557823129252	1.0
chr17:50089954	wtdmso	mtdmso	23	13	127	56	0.7801332525741974	0.5578488223725182
chr17:50090025	wtdmso	mtdmso	33	15	107	56	1.1514018691588785	0.7313271048902049
chr17:50090036	wtdmso	mtdmso	72	34	80	37	0.9794117647058823	1.0
chr17:50090040	wtdmso	mtdmso	12	7	108	45	0.7142857142857143	0.5971939987786719
chr17:50090117	wtdmso	mtdmso	6	2	147	63	1.2857142857142858	1.0
chr17:50090127	wtdmso	mtdmso	7	4	149	60	0.7046979865771812	0.7340154284388531
chr17:50090193	wtdmso	mtdmso	1	1	147	64	0.43537414965986393	0.5182035609885729
chr17:50090204	wtdmso	mtdmso	7	4	142	58	0.7147887323943662	0.7346290742830712
chr17:50090343	wtdmso	mtdmso	1	2	123	54	0.21951219512195122	0.22877827296884481
chr17:5024502	wtdmso	mtdmso	2	1	8	9	2.25	1.0
chr17:50381553	wtdmso	mtdmso	6	5	9	8	1.0666666666666667	1.0
chr17:50381577	wtdmso	mtdmso	1	3	15	11	0.24444444444444444	0.3154533844189017
chr17:50381590	wtdmso	mtdmso	6	3	7	9	2.5714285714285716	0.4109839816933638
chr17:50381689	wtdmso	mtdmso	1	1	14	13	0.9285714285714286	1.0
chr17:50381908	wtdmso	mtdmso	3	3	12	11	0.9166666666666666	1.0
chr17:50382001	wtdmso	mtdmso	2	2	14	12	0.8571428571428571	1.0
chr17:50382082	wtdmso	mtdmso	1	2	13	10	0.38461538461538464	0.5800000000000001
chr17:50382233	wtdmso	mtdmso	1	1	11	13	1.1818181818181819	1.0
chr17:50382272	wtdmso	mtdmso	6	5	10	8	0.96	1.0
chr17:50382347	wtdmso	mtdmso	1	1	14	12	0.8571428571428571	1.0
chr17:50382440	wtdmso	mtdmso	1	2	13	12	0.46153846153846156	1.0
chr17:50382495	wtdmso	mtdmso	1	1	11	10	0.9090909090909091	1.0
chr17:50382572	wtdmso	mtdmso	2	2	13	12	0.9230769230769231	1.0
chr17:50382837	wtdmso	mtdmso	7	9	4	8	1.5555555555555556	0.70465293668955
chr17:50383069	wtdmso	mtdmso	1	4	11	11	0.25	0.3418803418803419
chr17:50385235	wtdmso	mtdmso	1	5	10	10	0.2	0.1973244147157191
chr17:51155651	wtdmso	mtdmso	1	1	11	16	1.4545454545454546	1.0
chr17:51160002	wtdmso	mtdmso	1	1	19	14	0.7368421052631579	1.0
chr17:51161729	wtdmso	mtdmso	5	2	18	17	2.361111111111111	0.4275074793367477
chr17:51161799	wtdmso	mtdmso	7	3	15	16	2.488888888888889	0.2918716089447797
chr17:51161828	wtdmso	mtdmso	3	7	9	12	0.5714285714285714	0.6971886265304071
chr17:51161937	wtdmso	mtdmso	1	4	9	15	0.4166666666666667	0.6328154604016673
chr17:51166827	wtdmso	mtdmso	6	1	127	120	5.669291338582677	0.12275317330787663
chr17:51168252	wtdmso	mtdmso	13	12	166	140	0.9136546184738956	0.8378708500205649
chr17:51168320	wtdmso	mtdmso	53	55	149	107	0.6920073215375229	0.13325771389247554
chr17:51169963	wtdmso	mtdmso	10	6	188	158	1.400709219858156	0.6127083635958916
chr17:51169987	wtdmso	mtdmso	2	3	198	156	0.5252525252525253	0.6585882754965392
chr17:51170027	wtdmso	mtdmso	9	11	190	162	0.6976076555023923	0.4936958971778892
chr17:51171488	wtdmso	mtdmso	6	4	207	173	1.2536231884057971	1.0
chr17:51171558	wtdmso	mtdmso	30	33	179	142	0.7211782630777044	0.2689903633795133
chr17:51171566	wtdmso	mtdmso	3	2	208	173	1.2475961538461537	1.0
chr17:51171587	wtdmso	mtdmso	45	23	151	139	1.8010365678088107	0.04215369606142875
chr17:51171611	wtdmso	mtdmso	10	7	130	119	1.3076923076923077	0.6262564073731487
chr17:51171654	wtdmso	mtdmso	11	8	145	125	1.1853448275862069	0.8142131415129265
chr17:51171675	wtdmso	mtdmso	15	10	161	144	1.3416149068322982	0.5368968054861941
chr17:5432963	wtdmso	mtdmso	5	3	45	41	1.5185185185185186	0.7191444333223211
chr17:5433042	wtdmso	mtdmso	2	2	47	35	0.7446808510638298	1.0
chr17:5433153	wtdmso	mtdmso	2	3	48	41	0.5694444444444444	0.6622106735203928
chr17:5433296	wtdmso	mtdmso	9	8	36	31	0.96875	1.0
chr17:5433690	wtdmso	mtdmso	12	7	35	36	1.763265306122449	0.31291479852759035
chr17:5433757	wtdmso	mtdmso	2	2	45	39	0.8666666666666667	1.0
chr17:5433761	wtdmso	mtdmso	21	22	27	18	0.6363636363636364	0.39193154856237056
chr17:5434878	wtdmso	mtdmso	1	3	49	40	0.272108843537415	0.3324822286954124
chr17:5434905	wtdmso	mtdmso	3	1	47	45	2.872340425531915	0.6183352599068023
chr17:5438159	wtdmso	mtdmso	2	4	44	41	0.4659090909090909	0.4344767979018269
chr17:5438169	wtdmso	mtdmso	16	18	28	27	0.8571428571428571	0.8280894224334376
chr17:64499818	wtdmso	mtdmso	4	1	25	17	2.72	0.6355383101935606
chr17:64500001	wtdmso	mtdmso	2	1	28	15	1.0714285714285714	1.0
chr17:64500089	wtdmso	mtdmso	6	3	23	12	1.0434782608695652	1.0
chr17:64500179	wtdmso	mtdmso	2	1	26	15	1.1538461538461537	1.0
chr17:64500238	wtdmso	mtdmso	1	1	25	14	0.56	1.0
chr17:64500695	wtdmso	mtdmso	3	3	20	10	0.5	0.6453984819734344
chr17:64500739	wtdmso	mtdmso	1	2	21	11	0.2619047619047619	0.5411764705882353
chr17:64502196	wtdmso	mtdmso	1	2	22	12	0.2727272727272727	0.5441441441441441
chr17:64502990	wtdmso	mtdmso	2	1	8	11	2.75	0.5714285714285713
chr17:64503544	wtdmso	mtdmso	3	1	7	10	4.285714285714286	0.31077694235588976
chr17:7014158	wtdmso	mtdmso	6	3	40	47	2.35	0.30379853640569765
chr17:7014330	wtdmso	mtdmso	8	9	32	37	1.0277777777777777	1.0
chr17:7014387	wtdmso	mtdmso	16	18	22	27	1.0909090909090908	1.0
chr17:7014408	wtdmso	mtdmso	14	20	32	28	0.6125	0.2888230996171189
chr17:7222016	wtdmso	mtdmso	1	4	9	14	0.3888888888888889	0.6263736263736266
chr17:7224356	wtdmso	mtdmso	3	5	14	15	0.6428571428571429	0.7013288948772818
chr17:7224645	wtdmso	mtdmso	1	3	14	22	0.5238095238095238	1.0
chr17:7224867	wtdmso	mtdmso	4	2	13	22	3.3846153846153846	0.21180645442519636
chr17:7224999	wtdmso	mtdmso	1	3	14	19	0.4523809523809524	0.6327503974562798
chr17:7240477	wtdmso	mtdmso	10	9	45	62	1.5308641975308641	0.45585017655665894
chr17:7240531	wtdmso	mtdmso	12	19	29	39	0.8493647912885662	0.8267515714236584
chr17:7240550	wtdmso	mtdmso	7	12	35	52	0.8666666666666667	1.0
chr17:7240611	wtdmso	mtdmso	1	1	57	70	1.2280701754385965	1.0
chr17:7240667	wtdmso	mtdmso	1	4	60	71	0.29583333333333334	0.37920965715429933
chr17:7240743	wtdmso	mtdmso	6	9	44	51	0.7727272727272727	0.7826373189167269
chr17:7240787	wtdmso	mtdmso	4	4	44	64	1.4545454545454546	0.7162037669256898
chr17:7240916	wtdmso	mtdmso	4	4	43	62	1.441860465116279	0.7168127415763244
chr17:7242250	wtdmso	mtdmso	2	3	42	57	0.9047619047619048	1.0
chr17:7243807	wtdmso	mtdmso	2	8	20	32	0.4	0.47182482071409737
chr17:7243877	wtdmso	mtdmso	1	1	29	45	1.5517241379310345	1.0
chr17:7243881	wtdmso	mtdmso	4	3	29	45	2.0689655172413794	0.4346843414931357
chr17:7243894	wtdmso	mtdmso	14	17	12	23	1.5784313725490196	0.4517846312013838
chr17:7243944	wtdmso	mtdmso	6	6	25	40	1.6	0.5291150363885558
chr17:7243950	wtdmso	mtdmso	3	3	26	41	1.5769230769230769	0.6762335683629623
chr17:7244019	wtdmso	mtdmso	13	12	14	25	1.9345238095238095	0.2995722313776793
chr17:7244094	wtdmso	mtdmso	8	20	21	26	0.49523809523809526	0.22199266780480842
chr17:7244184	wtdmso	mtdmso	2	3	23	33	0.9565217391304348	1.0
chr17:7244209	wtdmso	mtdmso	1	1	27	49	1.8148148148148149	1.0
chr17:7244601	wtdmso	mtdmso	2	5	26	45	0.6923076923076923	1.0
chr17:7246102	wtdmso	mtdmso	6	3	20	40	4.0	0.07180760909217551
chr17:7246293	wtdmso	mtdmso	4	1	22	44	8.0	0.05672313070698113
chr17:7246298	wtdmso	mtdmso	3	1	21	42	6.0	0.1274110218140069
chr17:7247076	wtdmso	mtdmso	3	8	8	31	1.453125	0.6879741457098801
chr17:7247327	wtdmso	mtdmso	1	6	21	30	0.23809523809523808	0.23495917612960385
chr17:7309645	wtdmso	mtdmso	3	2	39	37	1.4230769230769231	1.0
chr17:7309651	wtdmso	mtdmso	3	4	39	35	0.6730769230769231	0.7058198013894216
chr17:7311114	wtdmso	mtdmso	1	4	35	23	0.16428571428571428	0.15500721526588926
chr17:7311389	wtdmso	mtdmso	1	2	40	44	0.55	1.0
chr17:7311410	wtdmso	mtdmso	7	5	37	35	1.3243243243243243	0.7602032893147064
chr17:7311431	wtdmso	mtdmso	1	1	44	33	0.75	1.0
chr17:7311852	wtdmso	mtdmso	1	6	42	40	0.15873015873015872	0.11160071439374947
chr17:7311908	wtdmso	mtdmso	13	10	33	33	1.3	0.6347674914372996
chr17:7312256	wtdmso	mtdmso	1	1	37	43	1.162162162162162	1.0
chr17:7312331	wtdmso	mtdmso	1	2	32	25	0.390625	0.5834015195791933
chr17:7312436	wtdmso	mtdmso	2	1	29	47	3.2413793103448274	0.5578092793282666
chr17:74204154	wtdmso	mtdmso	9	12	267	311	0.8735955056179775	0.8264584979875211
chr17:74209210	wtdmso	mtdmso	9	11	249	297	0.9759036144578314	1.0
chr17:74209267	wtdmso	mtdmso	6	9	281	319	0.7568208778173191	0.7944377634134012
chr17:74209286	wtdmso	mtdmso	12	12	277	326	1.1768953068592058	0.8351467321361361
chr17:74209819	wtdmso	mtdmso	27	23	262	319	1.4293063391968137	0.239419582532848
chr17:74209829	wtdmso	mtdmso	22	37	268	297	0.6589350544574425	0.16988379207071608
chr17:74209848	wtdmso	mtdmso	71	66	199	248	1.3406426069742652	0.1425127054916398
chr17:75038884	wtdmso	mtdmso	2	3	14	16	0.7619047619047619	1.0
chr17:75039046	wtdmso	mtdmso	1	2	29	32	0.5517241379310345	1.0
chr17:75042582	wtdmso	mtdmso	2	3	24	15	0.4166666666666667	0.38591612584806007
chr17:75042615	wtdmso	mtdmso	2	1	18	16	1.7777777777777777	1.0
chr17:75136030	wtdmso	mtdmso	3	8	12	14	0.4375	0.46566129533315304
chr17:75136049	wtdmso	mtdmso	10	17	4	5	0.7352941176470589	0.7115127919911013
chr17:75136095	wtdmso	mtdmso	4	2	12	23	3.8333333333333335	0.186885117565477
chr17:75147595	wtdmso	mtdmso	3	3	14	24	1.7142857142857142	0.6618809437867861
chr17:75147609	wtdmso	mtdmso	3	9	13	17	0.4358974358974359	0.31631282101889824
chr17:75148593	wtdmso	mtdmso	1	1	15	23	1.5333333333333334	1.0
chr17:75154393	wtdmso	mtdmso	1	2	14	19	0.6785714285714286	1.0
chr17:75168241	wtdmso	mtdmso	6	6	21	26	1.2380952380952381	0.7572767379720473
chr17:75168268	wtdmso	mtdmso	1	1	30	23	0.7666666666666667	1.0
chr17:75168310	wtdmso	mtdmso	7	2	26	32	4.3076923076923075	0.08323303226530906
chr17:75168330	wtdmso	mtdmso	5	4	29	34	1.4655172413793103	0.7265040500076285
chr17:75181168	wtdmso	mtdmso	1	1	29	36	1.2413793103448276	1.0
chr17:75182884	wtdmso	mtdmso	1	1	12	21	1.75	1.0
chr17:75736113	wtdmso	mtdmso	3	10	7	24	1.0285714285714285	1.0
chr17:75736586	wtdmso	mtdmso	6	7	19	32	1.443609022556391	0.7511766870632434
chr17:75737537	wtdmso	mtdmso	1	3	24	33	0.4583333333333333	0.6378304318249323
chr17:75739972	wtdmso	mtdmso	1	2	27	33	0.6111111111111112	1.0
chr17:75740459	wtdmso	mtdmso	1	4	34	39	0.2867647058823529	0.372224266961109
chr17:75742345	wtdmso	mtdmso	4	6	31	38	0.8172043010752689	1.0
chr17:75742360	wtdmso	mtdmso	1	1	26	38	1.4615384615384615	1.0
chr17:75742427	wtdmso	mtdmso	2	3	30	37	0.8222222222222222	1.0
chr17:75742483	wtdmso	mtdmso	1	1	34	48	1.411764705882353	1.0
chr17:75743763	wtdmso	mtdmso	3	3	41	50	1.2195121951219512	1.0
chr17:7574549	wtdmso	mtdmso	16	13	66	57	1.062937062937063	1.0
chr17:7574585	wtdmso	mtdmso	5	6	64	46	0.5989583333333334	0.5272048336563894
chr17:75748841	wtdmso	mtdmso	3	1	41	56	4.097560975609756	0.31488920320603486
chr17:75748931	wtdmso	mtdmso	2	1	39	55	2.8205128205128207	0.5717580032555616
chr17:75749039	wtdmso	mtdmso	7	10	30	40	0.9333333333333333	1.0
chr17:75750114	wtdmso	mtdmso	19	26	25	25	0.7307692307692307	0.5376274672787728
chr17:75750119	wtdmso	mtdmso	1	1	42	48	1.1428571428571428	1.0
chr17:75750188	wtdmso	mtdmso	2	1	43	54	2.511627906976744	0.5867346938775511
chr17:75750701	wtdmso	mtdmso	6	5	41	52	1.5219512195121951	0.5390112295841197
chr17:75750819	wtdmso	mtdmso	9	6	43	57	1.9883720930232558	0.2704971701995974
chr17:75751023	wtdmso	mtdmso	2	3	46	57	0.8260869565217391	1.0
chr17:75751105	wtdmso	mtdmso	4	2	49	65	2.6530612244897958	0.40361791045796
chr17:7575150	wtdmso	mtdmso	21	23	51	47	0.8414322250639387	0.7174920109367132
chr17:75752206	wtdmso	mtdmso	3	3	52	61	1.1730769230769231	1.0
chr17:75752218	wtdmso	mtdmso	4	4	54	58	1.0740740740740742	1.0
chr17:75752460	wtdmso	mtdmso	5	6	49	52	0.8843537414965986	1.0
chr17:75752493	wtdmso	mtdmso	3	2	67	80	1.791044776119403	0.6619536812668205
chr17:75752571	wtdmso	mtdmso	1	1	61	66	1.0819672131147542	1.0
chr17:75754599	wtdmso	mtdmso	8	7	55	64	1.3298701298701299	0.7846915986581522
chr17:75754640	wtdmso	mtdmso	4	5	63	71	0.9015873015873016	1.0
chr17:75754728	wtdmso	mtdmso	4	4	57	70	1.2280701754385965	1.0
chr17:75754742	wtdmso	mtdmso	8	5	53	57	1.7207547169811321	0.39549530382294673
chr17:75754753	wtdmso	mtdmso	13	19	62	64	0.7062818336162988	0.4319319689608049
chr17:75754782	wtdmso	mtdmso	2	3	61	69	0.7540983606557377	1.0
chr17:75755711	wtdmso	mtdmso	14	6	60	66	2.566666666666667	0.09084862594118476
chr17:75756485	wtdmso	mtdmso	1	3	84	91	0.3611111111111111	0.622687409948469
chr17:75756769	wtdmso	mtdmso	3	1	91	101	3.32967032967033	0.3517161739723112
chr17:75756834	wtdmso	mtdmso	2	3	109	106	0.6483180428134556	0.6817593586263493
chr17:75756972	wtdmso	mtdmso	4	3	115	111	1.2869565217391303	1.0
chr17:75757046	wtdmso	mtdmso	47	36	80	83	1.3545138888888888	0.2825835586873268
chr17:75757200	wtdmso	mtdmso	10	2	107	107	5.0	0.03502792513296041
chr17:75757423	wtdmso	mtdmso	5	9	96	101	0.5844907407407407	0.41412334914346527
chr17:75757474	wtdmso	mtdmso	5	7	129	109	0.6035437430786268	0.5549923689715517
chr17:75757495	wtdmso	mtdmso	3	6	88	85	0.48295454545454547	0.49665678109964684
chr17:75757501	wtdmso	mtdmso	12	9	115	110	1.2753623188405796	0.653071868658152
chr17:75757513	wtdmso	mtdmso	10	13	106	105	0.7619738751814223	0.6616611072455754
chr17:75757532	wtdmso	mtdmso	21	21	85	83	0.9764705882352941	1.0
chr17:75757549	wtdmso	mtdmso	4	4	119	120	1.0084033613445378	1.0
chr17:75757554	wtdmso	mtdmso	6	9	102	88	0.5751633986928104	0.4217828528702212
chr17:75757773	wtdmso	mtdmso	39	32	63	73	1.412202380952381	0.24604742176458622
chr17:7576615	wtdmso	mtdmso	1	2	83	75	0.45180722891566266	0.6067883511074651
chr17:7577121	wtdmso	mtdmso	5	1	63	60	4.761904761904762	0.21191189951593636
chr17:7577388	wtdmso	mtdmso	1	1	95	79	0.8315789473684211	1.0
chr17:7577407	wtdmso	mtdmso	2	4	89	73	0.4101123595505618	0.4144309737442234
chr17:7577581	wtdmso	mtdmso	4	4	65	41	0.6307692307692307	0.7102251040033973
chr17:7577593	wtdmso	mtdmso	10	12	86	70	0.6782945736434108	0.4944033994983356
chr17:7577604	wtdmso	mtdmso	2	3	85	71	0.5568627450980392	0.6618639406590643
chr17:7577610	wtdmso	mtdmso	9	6	58	53	1.3706896551724137	0.5963451785616696
chr17:7577656	wtdmso	mtdmso	23	15	73	63	1.3232876712328767	0.46807896867840976
chr17:75777488	wtdmso	mtdmso	12	9	28	32	1.5238095238095237	0.455148853242467
chr17:75777619	wtdmso	mtdmso	7	6	37	38	1.1981981981981982	1.0
chr17:75777659	wtdmso	mtdmso	1	1	27	25	0.9259259259259259	1.0
chr17:75777734	wtdmso	mtdmso	2	1	43	48	2.2325581395348837	0.6052042612873385
chr17:75777779	wtdmso	mtdmso	10	16	23	25	0.6793478260869565	0.4721045166863145
chr17:75777792	wtdmso	mtdmso	2	2	41	45	1.0975609756097562	1.0
chr17:75777855	wtdmso	mtdmso	6	11	28	31	0.6038961038961039	0.41914812486115044
chr17:75778146	wtdmso	mtdmso	4	3	45	46	1.362962962962963	1.0
chr17:75778214	wtdmso	mtdmso	5	6	36	36	0.8333333333333334	1.0
chr17:75778254	wtdmso	mtdmso	7	5	44	52	1.6545454545454545	0.5429332128535374
chr17:75778264	wtdmso	mtdmso	7	9	52	52	0.7777777777777778	0.7896514914848045
chr17:75778328	wtdmso	mtdmso	5	3	80	69	1.4375	0.7272616068103391
chr17:75778401	wtdmso	mtdmso	2	2	82	70	0.8536585365853658	1.0
chr17:75778446	wtdmso	mtdmso	33	25	52	48	1.2184615384615385	0.6205344265803034
chr17:75778531	wtdmso	mtdmso	8	8	77	63	0.8181818181818182	0.7935676828522059
chr17:75778955	wtdmso	mtdmso	3	6	63	56	0.4444444444444444	0.3135558775773871
chr17:7577908	wtdmso	mtdmso	6	8	89	71	0.598314606741573	0.40957864048766196
chr17:75779155	wtdmso	mtdmso	1	2	64	65	0.5078125	1.0
chr17:75779164	wtdmso	mtdmso	9	17	62	54	0.46110056925996207	0.1277406611287179
chr17:7578210	wtdmso	mtdmso	7	7	51	56	1.0980392156862746	1.0
chr17:7578231	wtdmso	mtdmso	7	7	94	86	0.9148936170212766	1.0
chr17:7578411	wtdmso	mtdmso	10	9	97	87	0.9965635738831615	1.0
chr17:7578577	wtdmso	mtdmso	5	3	86	81	1.569767441860465	0.7219595356436885
chr17:7578633	wtdmso	mtdmso	6	6	35	16	0.45714285714285713	0.31401321374524493
chr17:7578640	wtdmso	mtdmso	5	2	40	19	1.1875	1.0
chr17:7578803	wtdmso	mtdmso	8	2	36	18	2.0	0.4858064209265538
chr17:7578830	wtdmso	mtdmso	1	1	13	12	0.9230769230769231	1.0
chr17:7578970	wtdmso	mtdmso	2	4	38	16	0.21052631578947367	0.08864717982193143
chr17:7578992	wtdmso	mtdmso	2	1	35	16	0.9142857142857143	1.0
chr17:7580068	wtdmso	mtdmso	6	3	16	9	1.125	1.0
chr17:7580235	wtdmso	mtdmso	1	2	21	11	0.2619047619047619	0.5411764705882353
chr17:7580487	wtdmso	mtdmso	2	2	11	10	0.9090909090909091	1.0
chr17:7580711	wtdmso	mtdmso	3	2	21	11	0.7857142857142857	1.0
chr17:7581395	wtdmso	mtdmso	6	4	10	9	1.35	1.0
chr17:7581598	wtdmso	mtdmso	2	2	25	9	0.36	0.5641129851656167
chr17:7581629	wtdmso	mtdmso	5	2	14	10	1.7857142857142858	0.675719460369071
chr17:7581836	wtdmso	mtdmso	6	2	25	12	1.44	1.0
chr17:7581845	wtdmso	mtdmso	5	3	20	8	0.6666666666666666	0.6781100278450274
chr17:7581933	wtdmso	mtdmso	4	1	28	13	1.8571428571428572	1.0
chr17:76039273	wtdmso	mtdmso	3	3	9	7	0.7777777777777778	1.0
chr17:76039322	wtdmso	mtdmso	9	8	4	3	0.84375	1.0
chr17:76039671	wtdmso	mtdmso	4	5	10	6	0.48	0.4340826490779378
chr17:76679856	wtdmso	mtdmso	12	4	30	9	0.9	1.0
chr17:76680080	wtdmso	mtdmso	1	1	41	14	0.34146341463414637	0.4605263157894738
chr17:76680268	wtdmso	mtdmso	2	2	32	8	0.25	0.21756745806660724
chr17:76680290	wtdmso	mtdmso	3	2	33	13	0.5909090909090909	0.6238601823708209
chr17:76680361	wtdmso	mtdmso	2	1	10	9	1.8	1.0
chr17:76680448	wtdmso	mtdmso	2	1	32	15	0.9375	1.0
chr17:76680683	wtdmso	mtdmso	1	1	11	10	0.9090909090909091	1.0
chr17:76680713	wtdmso	mtdmso	13	5	9	7	2.022222222222222	0.4753977849784785
chr17:76680877	wtdmso	mtdmso	5	5	17	8	0.47058823529411764	0.4437072938185286
chr17:77492690	wtdmso	mtdmso	1	1	10	9	0.9	1.0
chr17:77498536	wtdmso	mtdmso	7	2	16	9	1.96875	0.6824431620855753
chr17:77498914	wtdmso	mtdmso	1	2	27	30	0.5555555555555556	1.0
chr17:77499210	wtdmso	mtdmso	5	3	28	32	1.9047619047619047	0.4705413663084327
chr17:77499458	wtdmso	mtdmso	2	2	34	41	1.2058823529411764	1.0
chr17:77499706	wtdmso	mtdmso	5	6	37	37	0.8333333333333334	1.0
chr17:77499817	wtdmso	mtdmso	3	6	38	45	0.5921052631578947	0.7261721420924809
chr17:77499871	wtdmso	mtdmso	10	15	38	41	0.7192982456140351	0.5007251630122459
chr17:77499978	wtdmso	mtdmso	5	10	38	42	0.5526315789473685	0.401323839614177
chr17:77500076	wtdmso	mtdmso	9	9	41	52	1.2682926829268293	0.796613982936925
chr17:77500211	wtdmso	mtdmso	3	9	41	46	0.37398373983739835	0.21718111564036213
chr17:77500238	wtdmso	mtdmso	2	4	49	58	0.5918367346938775	0.6882714011479133
chr17:77500263	wtdmso	mtdmso	4	5	39	44	0.9025641025641026	1.0
chr17:77500449	wtdmso	mtdmso	3	3	40	43	1.075	1.0
chr17:77500539	wtdmso	mtdmso	2	1	48	53	2.2083333333333335	0.6070926503536441
chr17:78172327	wtdmso	mtdmso	6	4	5	6	1.8	0.6699214098594903
chr17:7857061	wtdmso	mtdmso	3	4	8	6	0.5625	0.6594427244582043
chr17:7930551	wtdmso	mtdmso	2	1	8	12	3.0	0.5595708639186899
chr17:799416	wtdmso	mtdmso	3	2	7	9	1.9285714285714286	0.6351172047766475
chr17:80119801	wtdmso	mtdmso	12	5	23	6	0.6260869565217392	0.7215563475228519
chr17:81510029	wtdmso	mtdmso	45	52	330	408	1.06993006993007	0.8282159462402122
chr17:81510063	wtdmso	mtdmso	9	11	322	391	0.9935064935064936	1.0
chr17:81510184	wtdmso	mtdmso	28	39	313	361	0.8280494798066683	0.5213072966750321
chr17:81510221	wtdmso	mtdmso	44	56	307	381	0.9751046998604002	0.9148010019134937
chr17:81510274	wtdmso	mtdmso	84	92	305	376	1.1255880256593016	0.4978002764709689
chr17:81510381	wtdmso	mtdmso	4	1	325	408	5.021538461538461	0.1779503254620297
chr17:81510490	wtdmso	mtdmso	52	68	281	344	0.9361523969018213	0.7644729561936712
chr17:81510507	wtdmso	mtdmso	26	30	279	349	1.0841099163679808	0.7808059313490452
chr17:81510524	wtdmso	mtdmso	67	79	240	296	1.0459915611814345	0.8513037104418445
chr17:81510592	wtdmso	mtdmso	47	56	257	302	0.986242356864925	1.0
chr17:81510684	wtdmso	mtdmso	163	194	55	65	0.992970946579194	1.0
chr17:81511035	wtdmso	mtdmso	4	3	216	282	1.7407407407407407	0.4758041950825445
chr17:81511047	wtdmso	mtdmso	6	10	196	245	0.75	0.6199600151792507
chr17:81511081	wtdmso	mtdmso	1	1	229	285	1.244541484716157	1.0
chr17:81511324	wtdmso	mtdmso	6	11	186	248	0.7272727272727273	0.6228123369037687
chr17:81511433	wtdmso	mtdmso	2	5	189	240	0.5079365079365079	0.47450981114511814
chr17:81511438	wtdmso	mtdmso	4	11	180	220	0.4444444444444444	0.19260367144612456
chr17:81511453	wtdmso	mtdmso	6	7	168	219	1.1173469387755102	1.0
chr17:81511528	wtdmso	mtdmso	154	206	14	23	1.2281553398058251	0.6041445368240792
chr17:81511613	wtdmso	mtdmso	6	3	160	227	2.8375	0.17399706569578588
chr17:81511907	wtdmso	mtdmso	13	22	154	199	0.76357733175915	0.48102096777944947
chr17:81511933	wtdmso	mtdmso	9	11	160	216	1.1045454545454545	0.8212908869157507
chr17:81511949	wtdmso	mtdmso	10	12	159	217	1.1373165618448637	0.826191229012192
chr17:81512069	wtdmso	mtdmso	6	8	146	196	1.0068493150684932	1.0
chr17:81512113	wtdmso	mtdmso	17	13	150	199	1.7348717948717949	0.1802201059401825
chr17:81512237	wtdmso	mtdmso	2	4	151	193	0.6390728476821192	0.6996680840307815
chr17:81512322	wtdmso	mtdmso	1	2	151	194	0.6423841059602649	1.0
chr17:81707011	wtdmso	mtdmso	2	1	17	11	1.2941176470588236	1.0
chr17:81707395	wtdmso	mtdmso	2	5	10	5	0.2	0.1718266253869969
chr17:81843194	wtdmso	mtdmso	38	28	56	44	1.066326530612245	0.8739151335147868
chr17:81843282	wtdmso	mtdmso	28	22	87	71	1.038662486938349	1.0
chr17:81843295	wtdmso	mtdmso	21	14	97	79	1.2216494845360826	0.7099600484255646
chr17:81843341	wtdmso	mtdmso	4	6	114	87	0.5087719298245614	0.3416322700505181
chr17:81843476	wtdmso	mtdmso	23	12	89	67	1.442883895131086	0.4479626088868456
chr17:81843512	wtdmso	mtdmso	9	4	91	75	1.8543956043956045	0.39221642014803915
chr17:81843548	wtdmso	mtdmso	30	22	74	54	0.995085995085995	1.0
chr17:81843553	wtdmso	mtdmso	84	61	18	14	1.0710382513661203	1.0
chr17:81843639	wtdmso	mtdmso	9	9	83	56	0.6746987951807228	0.4552723268722245
chr17:81843877	wtdmso	mtdmso	12	9	61	38	0.8306010928961749	0.8066343867770365
chr17:81843891	wtdmso	mtdmso	8	6	73	51	0.9315068493150684	1.0
chr17:81844017	wtdmso	mtdmso	56	36	22	14	0.98989898989899	1.0
chr17:81844081	wtdmso	mtdmso	8	4	64	39	1.21875	1.0
chr17:81845642	wtdmso	mtdmso	7	4	15	10	1.1666666666666667	1.0
chr17:81845663	wtdmso	mtdmso	5	1	41	27	3.292682926829268	0.39857955582439475
chr17:81845672	wtdmso	mtdmso	13	1	28	12	5.571428571428571	0.14580556319536564
chr17:81845920	wtdmso	mtdmso	1	2	42	27	0.32142857142857145	0.5609154929577466
chr17:81845959	wtdmso	mtdmso	8	4	33	21	1.2727272727272727	1.0
chr17:81847001	wtdmso	mtdmso	9	3	15	7	1.4	1.0
chr17:81847291	wtdmso	mtdmso	1	1	21	9	0.42857142857142855	0.534274193548387
chr17:81855558	wtdmso	mtdmso	8	1	15	9	4.8	0.21663814494737746
chr17:81867859	wtdmso	mtdmso	11	3	25	21	3.08	0.1296451973364856
chr17:81867870	wtdmso	mtdmso	2	1	34	22	1.2941176470588236	1.0
chr17:81868140	wtdmso	mtdmso	1	2	17	18	0.5294117647058824	1.0
chr17:81868258	wtdmso	mtdmso	1	2	31	20	0.3225806451612903	0.5600709562973714
chr17:81868266	wtdmso	mtdmso	1	3	28	19	0.2261904761904762	0.30302521008403366
chr17:81868274	wtdmso	mtdmso	5	9	26	11	0.23504273504273504	0.051342480057491986
chr17:81868327	wtdmso	mtdmso	2	1	29	24	1.6551724137931034	1.0
chr17:81868849	wtdmso	mtdmso	1	2	22	15	0.3409090909090909	0.564676113360324
chr17:81868879	wtdmso	mtdmso	14	6	8	8	2.3333333333333335	0.30741833384383077
chr17:81868888	wtdmso	mtdmso	12	6	10	9	1.8	0.5076782010041185
chr17:81894541	wtdmso	mtdmso	9	2	6	11	8.25	0.023760488176964144
chr17:81894583	wtdmso	mtdmso	3	1	11	10	2.727272727272727	0.6043478260869566
chr17:81900101	wtdmso	mtdmso	2	3	12	10	0.5555555555555556	0.6483091787439613
chr17:81900231	wtdmso	mtdmso	2	1	12	10	1.6666666666666667	1.0
chr17:82236227	wtdmso	mtdmso	1	1	49	37	0.7551020408163265	1.0
chr17:82236752	wtdmso	mtdmso	14	8	44	35	1.3920454545454546	0.6277570775590362
chr17:82237182	wtdmso	mtdmso	10	8	45	33	0.9166666666666666	1.0
chr17:82237284	wtdmso	mtdmso	2	7	53	38	0.20485175202156333	0.07427023969220259
chr17:82237443	wtdmso	mtdmso	13	19	48	28	0.3991228070175439	0.03577808950444196
chr17:82237533	wtdmso	mtdmso	37	26	25	21	1.1953846153846155	0.6979015066793044
chr17:82237695	wtdmso	mtdmso	5	12	54	36	0.2777777777777778	0.03166079412351362
chr17:82238705	wtdmso	mtdmso	1	2	94	62	0.32978723404255317	0.5652908076104532
chr17:82238881	wtdmso	mtdmso	39	33	52	24	0.5454545454545454	0.0916391383718709
chr17:82238893	wtdmso	mtdmso	54	38	31	15	0.6876061120543294	0.3576731618541656
chr17:82239047	wtdmso	mtdmso	42	31	59	27	0.6200109349371241	0.1861772845804518
chr17:82239052	wtdmso	mtdmso	72	46	17	3	0.27621483375959077	0.04434458829708617
chr17:82239146	wtdmso	mtdmso	7	4	115	71	1.0804347826086957	1.0
chr17:82239263	wtdmso	mtdmso	20	27	50	25	0.37037037037037035	0.014050479012392713
chr17:82239293	wtdmso	mtdmso	35	24	81	50	0.9002057613168725	0.7503746730516467
chr17:82239322	wtdmso	mtdmso	1	1	111	70	0.6306306306306306	1.0
chr17:82239420	wtdmso	mtdmso	13	5	84	52	1.6095238095238096	0.4469108217387702
chr17:82244562	wtdmso	mtdmso	3	11	9	14	0.42424242424242425	0.30647003412494483
chr17:82244751	wtdmso	mtdmso	1	1	9	10	1.1111111111111112	1.0
chr17:82244777	wtdmso	mtdmso	1	5	10	8	0.16	0.16598561621444918
chr17:8377526	wtdmso	mtdmso	1	1	94	112	1.1914893617021276	1.0
chr17:8377533	wtdmso	mtdmso	5	2	262	314	2.99618320610687	0.2557517140713803
chr17:8377666	wtdmso	mtdmso	4	12	326	382	0.39059304703476483	0.12764322460620264
chr17:8377671	wtdmso	mtdmso	26	22	344	435	1.4944503171247356	0.18180370796371262
chr17:8379924	wtdmso	mtdmso	7	11	365	436	0.7601494396014944	0.6384199437906035
chr17:8382193	wtdmso	mtdmso	5	1	327	405	6.192660550458716	0.09556473135915441
chr17:8382288	wtdmso	mtdmso	10	18	301	379	0.6995201181247693	0.43966853574533094
chr18:23899401	wtdmso	mtdmso	2	1	9	9	2.0	1.0
chr18:23904620	wtdmso	mtdmso	5	2	10	13	3.25	0.38984674329501917
chr18:23905521	wtdmso	mtdmso	1	1	24	16	0.6666666666666666	1.0
chr18:23905580	wtdmso	mtdmso	2	1	22	13	1.1818181818181819	1.0
chr18:23907596	wtdmso	mtdmso	3	2	14	11	1.1785714285714286	1.0
chr18:23907850	wtdmso	mtdmso	1	1	33	20	0.6060606060606061	1.0
chr18:23907872	wtdmso	mtdmso	2	3	35	17	0.3238095238095238	0.3319490836869189
chr18:23907886	wtdmso	mtdmso	5	1	29	20	3.4482758620689653	0.389517819706499
chr18:23907899	wtdmso	mtdmso	4	1	33	20	2.4242424242424243	0.6438981466204697
chr18:23907916	wtdmso	mtdmso	7	3	30	18	1.4	0.733346679345378
chr18:23909239	wtdmso	mtdmso	1	1	30	14	0.4666666666666667	1.0
chr18:23909261	wtdmso	mtdmso	3	1	33	23	2.090909090909091	0.6434218216493895
chr18:23914476	wtdmso	mtdmso	3	1	41	19	1.3902439024390243	1.0
chr18:23914489	wtdmso	mtdmso	20	13	31	12	0.5955334987593052	0.331345235362437
chr18:23914500	wtdmso	mtdmso	2	1	37	17	0.918918918918919	1.0
chr18:23914511	wtdmso	mtdmso	3	1	48	24	1.5	1.0
chr18:23914523	wtdmso	mtdmso	2	1	49	24	0.9795918367346939	1.0
chr18:23915340	wtdmso	mtdmso	3	2	49	22	0.673469387755102	0.6483108920023124
chr18:23916640	wtdmso	mtdmso	5	2	49	23	1.1734693877551021	1.0
chr18:23921471	wtdmso	mtdmso	4	1	71	30	1.6901408450704225	1.0
chr18:23928656	wtdmso	mtdmso	6	4	77	28	0.5454545454545454	0.46126717750639235
chr18:23928694	wtdmso	mtdmso	8	1	72	27	3.0	0.44131519273919706
chr18:23931068	wtdmso	mtdmso	12	5	77	26	0.8103896103896104	0.7670554914510873
chr18:23932179	wtdmso	mtdmso	3	1	79	38	1.4430379746835442	1.0
chr18:23932210	wtdmso	mtdmso	5	3	95	37	0.6491228070175439	0.6885854736939794
chr18:23933812	wtdmso	mtdmso	2	2	106	42	0.39622641509433965	0.5797303739815336
chr18:23933819	wtdmso	mtdmso	2	2	101	41	0.40594059405940597	0.58133386846188
chr18:23939232	wtdmso	mtdmso	9	1	101	37	3.297029702970297	0.45354123021782555
chr18:23939297	wtdmso	mtdmso	1	1	113	40	0.35398230088495575	0.4603267700041894
chr18:23939331	wtdmso	mtdmso	2	1	93	40	0.8602150537634409	1.0
chr18:23943829	wtdmso	mtdmso	21	13	101	36	0.5757806549885758	0.20386349710861235
chr18:23943855	wtdmso	mtdmso	28	8	105	40	1.3333333333333333	0.673553267275393
chr18:23943908	wtdmso	mtdmso	6	2	103	36	1.0485436893203883	1.0
chr18:23946190	wtdmso	mtdmso	62	18	94	35	1.2825059101654845	0.5147388880313135
chr18:23946222	wtdmso	mtdmso	7	4	150	54	0.63	0.4926189998439524
chr18:23949801	wtdmso	mtdmso	35	10	138	51	1.2934782608695652	0.5753263645554308
chr18:23951699	wtdmso	mtdmso	4	3	73	34	0.6210045662100456	0.6802014830451137
chr18:23951716	wtdmso	mtdmso	1	3	208	65	0.10416666666666667	0.04703057994310442
chr18:23953020	wtdmso	mtdmso	91	34	118	34	0.7711864406779662	0.400595949052886
chr18:23953050	wtdmso	mtdmso	19	2	156	53	3.2275641025641026	0.17617907436917118
chr18:23954640	wtdmso	mtdmso	11	7	194	60	0.48600883652430044	0.1606223848512793
chr18:23954742	wtdmso	mtdmso	37	12	138	46	1.0277777777777777	1.0
chr18:23954753	wtdmso	mtdmso	25	9	182	71	1.0836385836385836	1.0
chr18:23954787	wtdmso	mtdmso	16	7	207	76	0.8391994478951	0.8074966411397543
chr18:3255913	wtdmso	mtdmso	2	5	37	16	0.17297297297297298	0.044823601296424216
chr18:3255922	wtdmso	mtdmso	1	2	38	22	0.2894736842105263	0.5521643877011407
chr18:3256064	wtdmso	mtdmso	6	4	30	15	0.75	0.7234435750833914
chr18:3256076	wtdmso	mtdmso	10	7	23	9	0.5590062111801242	0.5230719884499613
chr18:3256146	wtdmso	mtdmso	5	3	26	19	1.2179487179487178	1.0
chr18:3272925	wtdmso	mtdmso	1	3	44	42	0.3181818181818182	0.6164277411855869
chr18:3277329	wtdmso	mtdmso	4	2	41	35	1.7073170731707317	0.6851275718209959
chr18:3277863	wtdmso	mtdmso	3	1	50	48	2.88	0.6186611602336705
chr18:3277923	wtdmso	mtdmso	2	1	47	48	2.0425531914893615	1.0
chr18:3277932	wtdmso	mtdmso	9	8	53	46	0.9764150943396226	1.0
chr18:3277941	wtdmso	mtdmso	15	10	46	46	1.5	0.49889561838578184
chr18:3278015	wtdmso	mtdmso	1	4	53	47	0.22169811320754718	0.1968314296488861
chr18:46084280	wtdmso	mtdmso	3	2	58	45	1.1637931034482758	1.0
chr18:46084341	wtdmso	mtdmso	6	5	57	47	0.9894736842105263	1.0
chr18:46084634	wtdmso	mtdmso	1	1	59	50	0.847457627118644	1.0
chr18:46086119	wtdmso	mtdmso	2	6	59	40	0.22598870056497175	0.07244077217322285
chr18:46086139	wtdmso	mtdmso	8	4	56	46	1.6428571428571428	0.5459757600687671
chr18:46086186	wtdmso	mtdmso	3	1	58	44	2.2758620689655173	0.6353033301192305
chr18:46087376	wtdmso	mtdmso	3	5	48	34	0.425	0.28572248402627287
chr18:46088121	wtdmso	mtdmso	7	4	46	38	1.4456521739130435	0.7498937274349076
chr18:46088236	wtdmso	mtdmso	1	2	42	36	0.42857142857142855	0.5978199718706046
chr18:46089577	wtdmso	mtdmso	1	1	40	32	0.8	1.0
chr18:46089591	wtdmso	mtdmso	11	10	33	26	0.8666666666666667	0.8034288630593228
chr18:46089654	wtdmso	mtdmso	3	1	39	36	2.769230769230769	0.6183523338753186
chr18:46089970	wtdmso	mtdmso	3	1	29	25	2.586206896551724	0.6200532679661537
chr18:46089975	wtdmso	mtdmso	9	2	28	23	3.6964285714285716	0.1741629315883655
chr18:46089982	wtdmso	mtdmso	6	1	31	25	4.838709677419355	0.22362588961452473
chr18:46091779	wtdmso	mtdmso	2	1	31	22	1.4193548387096775	1.0
chr18:46091848	wtdmso	mtdmso	4	1	24	15	2.5	0.6380137162893827
chr18:46095087	wtdmso	mtdmso	6	3	29	20	1.3793103448275863	1.0
chr18:46098174	wtdmso	mtdmso	3	3	21	13	0.6190476190476191	0.6677973520078784
chr18:46098239	wtdmso	mtdmso	1	2	33	20	0.30303030303030304	0.5547619047619049
chr18:47156082	wtdmso	mtdmso	1	1	25	9	0.36	0.4841269841269841
chr18:47156154	wtdmso	mtdmso	2	2	28	9	0.32142857142857145	0.28838747901649053
chr18:47157467	wtdmso	mtdmso	2	1	28	9	0.6428571428571429	1.0
chr18:47176188	wtdmso	mtdmso	10	3	20	8	1.3333333333333333	1.0
chr18:49488536	wtdmso	mtdmso	14	6	534	416	1.8177278401997503	0.2594850481072417
chr18:49488551	wtdmso	mtdmso	6	10	514	390	0.45525291828793774	0.13394774142615962
chr18:49489403	wtdmso	mtdmso	5	1	454	366	4.030837004405286	0.2344796435586839
chr18:49489480	wtdmso	mtdmso	16	13	438	348	0.9778714436248683	1.0
chr18:49489506	wtdmso	mtdmso	88	63	462	375	1.1337868480725624	0.5334875164294995
chr18:49490459	wtdmso	mtdmso	79	46	478	396	1.4227760596689103	0.08302424576585296
chr18:49490533	wtdmso	mtdmso	29	19	424	324	1.1663356504468718	0.6543798986808018
chr18:49490843	wtdmso	mtdmso	1	2	481	377	0.3918918918918919	0.585563676130343
chr18:49490914	wtdmso	mtdmso	16	13	492	385	0.9631019387116948	1.0
chr18:49490925	wtdmso	mtdmso	52	53	400	308	0.7554716981132076	0.20657483396442045
chr18:49491542	wtdmso	mtdmso	13	14	472	377	0.7416767554479419	0.5560424957670125
chr18:49491551	wtdmso	mtdmso	13	4	474	357	2.4477848101265822	0.13867901147294268
chr18:49491705	wtdmso	mtdmso	3	3	13	29	2.230769230769231	0.3857956541948538
chr18:49491827	wtdmso	mtdmso	3	5	27	26	0.5777777777777777	0.7071820854011812
chr18:63477038	wtdmso	mtdmso	2	1	44	23	1.0454545454545454	1.0
chr18:63484573	wtdmso	mtdmso	6	2	44	23	1.5681818181818181	0.7111533114983306
chr18:63484592	wtdmso	mtdmso	2	1	42	19	0.9047619047619048	1.0
chr18:63487013	wtdmso	mtdmso	2	1	45	23	1.0222222222222221	1.0
chr18:63487037	wtdmso	mtdmso	1	1	36	14	0.3888888888888889	0.49773755656108587
chr18:63492964	wtdmso	mtdmso	3	1	49	26	1.5918367346938775	1.0
chr18:63492976	wtdmso	mtdmso	1	1	46	23	0.5	1.0
chr18:63499147	wtdmso	mtdmso	7	3	55	30	1.2727272727272727	1.0
chr18:63503368	wtdmso	mtdmso	25	7	34	20	2.100840336134454	0.1588085865763454
chr18:63503492	wtdmso	mtdmso	1	2	72	30	0.20833333333333334	0.21960951669689532
chr18:63503521	wtdmso	mtdmso	13	9	63	26	0.5961199294532628	0.3130910966771238
chr18:63503572	wtdmso	mtdmso	16	6	44	26	1.5757575757575757	0.4518301101690458
chr18:63503645	wtdmso	mtdmso	8	2	46	23	2.0	0.49048739386983226
chr18:63503680	wtdmso	mtdmso	7	6	72	28	0.4537037037037037	0.2057201085197741
chr18:63503751	wtdmso	mtdmso	15	2	51	28	4.117647058823529	0.08224690626864467
chr18:63503930	wtdmso	mtdmso	1	1	44	22	0.5	1.0
chr18:63504138	wtdmso	mtdmso	5	2	49	27	1.3775510204081634	1.0
chr18:63504162	wtdmso	mtdmso	5	2	59	29	1.228813559322034	1.0
chr18:63504324	wtdmso	mtdmso	6	3	64	36	1.125	1.0
chr18:63504420	wtdmso	mtdmso	6	3	73	41	1.1232876712328768	1.0
chr18:63504666	wtdmso	mtdmso	7	2	92	46	1.75	0.7183272108397486
chr18:63504717	wtdmso	mtdmso	2	3	99	47	0.3164983164983165	0.33270307509162567
chr18:63504866	wtdmso	mtdmso	15	9	85	40	0.7843137254901961	0.6386734260356901
chr18:63504971	wtdmso	mtdmso	7	6	83	39	0.5481927710843374	0.35751047626555743
chr18:63504997	wtdmso	mtdmso	1	2	77	42	0.2727272727272727	0.29478390461997017
chr18:63505079	wtdmso	mtdmso	2	3	9	7	0.5185185185185185	0.6351172047766475
chr18:9954372	wtdmso	mtdmso	1	1	24	22	0.9166666666666666	1.0
chr18:9954403	wtdmso	mtdmso	2	3	20	9	0.3	0.3192599620493358
chr18:9954801	wtdmso	mtdmso	4	4	6	7	1.1666666666666667	1.0
chr19:10115083	wtdmso	mtdmso	1	3	17	48	0.9411764705882353	1.0
chr19:10115700	wtdmso	mtdmso	1	4	28	47	0.41964285714285715	0.6482968230969562
chr19:10115705	wtdmso	mtdmso	1	2	18	41	1.1388888888888888	1.0
chr19:10115777	wtdmso	mtdmso	4	2	26	50	3.8461538461538463	0.1847763941774439
chr19:10116898	wtdmso	mtdmso	2	4	17	43	1.2647058823529411	1.0
chr19:10116981	wtdmso	mtdmso	8	15	9	26	1.5407407407407407	0.5589771905326506
chr19:10116987	wtdmso	mtdmso	4	8	10	33	1.65	0.4767961181994311
chr19:10117168	wtdmso	mtdmso	2	6	16	38	0.7916666666666666	1.0
chr19:10117186	wtdmso	mtdmso	4	10	14	34	0.9714285714285714	1.0
chr19:10119119	wtdmso	mtdmso	3	2	10	20	3.0	0.3370493358633776
chr19:1036545	wtdmso	mtdmso	2	1	9	10	2.2222222222222223	1.0
chr19:1037645	wtdmso	mtdmso	2	1	8	9	2.25	1.0
chr19:1037691	wtdmso	mtdmso	1	1	9	10	1.1111111111111112	1.0
chr19:1038709	wtdmso	mtdmso	1	4	18	28	0.3888888888888889	0.6389364256340835
chr19:1038793	wtdmso	mtdmso	6	3	12	31	5.166666666666667	0.04972115765825295
chr19:1038979	wtdmso	mtdmso	2	7	26	31	0.34065934065934067	0.2820095846614846
chr19:10572882	wtdmso	mtdmso	1	2	33	48	0.7272727272727273	1.0
chr19:10572953	wtdmso	mtdmso	10	10	35	47	1.3428571428571427	0.6199312257768455
chr19:10573040	wtdmso	mtdmso	7	5	34	45	1.8529411764705883	0.36395504910145093
chr19:10579749	wtdmso	mtdmso	2	2	20	24	1.2	1.0
chr19:10579788	wtdmso	mtdmso	1	1	18	19	1.0555555555555556	1.0
chr19:10581789	wtdmso	mtdmso	4	2	14	23	3.2857142857142856	0.21780923796029628
chr19:1089920	wtdmso	mtdmso	1	1	9	10	1.1111111111111112	1.0
chr19:1106255	wtdmso	mtdmso	26	29	63	66	0.9392446633825944	0.8731577512593804
chr19:1106552	wtdmso	mtdmso	3	13	54	49	0.2094017094017094	0.015003181098537783
chr19:1106770	wtdmso	mtdmso	2	4	72	80	0.5555555555555556	0.6853243664700951
chr19:11450862	wtdmso	mtdmso	11	4	13	8	1.6923076923076923	0.7210233592880977
chr19:1241882	wtdmso	mtdmso	4	1	33	38	4.606060606060606	0.19417808219178082
chr19:1242503	wtdmso	mtdmso	1	1	35	31	0.8857142857142857	1.0
chr19:1244168	wtdmso	mtdmso	1	2	40	40	0.5	1.0
chr19:1244177	wtdmso	mtdmso	2	2	40	44	1.1	1.0
chr19:1244327	wtdmso	mtdmso	5	5	42	40	0.9523809523809523	1.0
chr19:1244754	wtdmso	mtdmso	3	4	45	42	0.7	0.7114339086067974
chr19:1244783	wtdmso	mtdmso	13	18	20	15	0.5416666666666666	0.32395100278577205
chr19:1244811	wtdmso	mtdmso	2	1	40	43	2.15	0.611764705882353
chr19:12668198	wtdmso	mtdmso	5	2	30	17	1.4166666666666667	1.0
chr19:12668218	wtdmso	mtdmso	17	8	19	11	1.230263157894737	0.7812316271861961
chr19:12668265	wtdmso	mtdmso	4	4	30	27	0.9	1.0
chr19:12668330	wtdmso	mtdmso	1	1	35	30	0.8571428571428571	1.0
chr19:12669170	wtdmso	mtdmso	3	1	36	32	2.6666666666666665	0.6197008135771147
chr19:12669365	wtdmso	mtdmso	1	3	40	30	0.25	0.3179886427040586
chr19:12669380	wtdmso	mtdmso	6	1	30	23	4.6	0.22543295702728475
chr19:1278821	wtdmso	mtdmso	1	1	20	16	0.8	1.0
chr19:1278932	wtdmso	mtdmso	1	1	21	13	0.6190476190476191	1.0
chr19:1279044	wtdmso	mtdmso	4	2	20	15	1.5	1.0
chr19:1279087	wtdmso	mtdmso	17	11	8	4	0.7727272727272727	1.0
chr19:1279093	wtdmso	mtdmso	12	9	14	8	0.7619047619047619	0.7596704429215755
chr19:1279122	wtdmso	mtdmso	4	4	20	12	0.6	0.6904968793513686
chr19:1279168	wtdmso	mtdmso	3	1	20	14	2.1	1.0
chr19:1279180	wtdmso	mtdmso	2	1	20	14	1.4	1.0
chr19:12796947	wtdmso	mtdmso	4	6	28	28	0.6666666666666666	0.7344111555954025
chr19:12796992	wtdmso	mtdmso	1	2	35	38	0.5428571428571428	1.0
chr19:12800234	wtdmso	mtdmso	1	2	30	36	0.6	1.0
chr19:12800257	wtdmso	mtdmso	4	3	20	32	2.1333333333333333	0.4267173102781471
chr19:12800939	wtdmso	mtdmso	12	9	23	30	1.7391304347826086	0.3131680043696919
chr19:12800981	wtdmso	mtdmso	6	3	27	34	2.5185185185185186	0.28966205760495184
chr19:12801166	wtdmso	mtdmso	1	3	31	35	0.3763440860215054	0.6197078182343669
chr19:12801220	wtdmso	mtdmso	3	6	32	35	0.546875	0.49381873715774677
chr19:12943734	wtdmso	mtdmso	1	3	14	37	0.8809523809523809	1.0
chr19:12943809	wtdmso	mtdmso	4	7	48	58	0.6904761904761905	0.7525788802043277
chr19:12943827	wtdmso	mtdmso	4	7	54	63	0.6666666666666666	0.7531114333131321
chr19:12943857	wtdmso	mtdmso	3	3	54	68	1.2592592592592593	1.0
chr19:12943935	wtdmso	mtdmso	44	53	14	20	1.1859838274932615	0.6938226144524023
chr19:12943993	wtdmso	mtdmso	15	16	60	70	1.09375	0.8436645982113579
chr19:12944001	wtdmso	mtdmso	12	17	57	72	0.891640866873065	0.8380942110214951
chr19:12944109	wtdmso	mtdmso	5	6	49	70	1.1904761904761905	1.0
chr19:12944389	wtdmso	mtdmso	20	16	69	71	1.286231884057971	0.5765971310353907
chr19:12944449	wtdmso	mtdmso	19	19	72	67	0.9305555555555556	0.8568576504628691
chr19:13778052	wtdmso	mtdmso	1	2	24	12	0.25	0.28876244665718354
chr19:13778083	wtdmso	mtdmso	10	2	19	13	3.4210526315789473	0.1711931301253611
chr19:13778249	wtdmso	mtdmso	10	2	13	12	4.615384615384615	0.0835581213615631
chr19:13778290	wtdmso	mtdmso	1	1	26	14	0.5384615384615384	1.0
chr19:13778322	wtdmso	mtdmso	9	6	17	10	0.8823529411764706	1.0
chr19:13778350	wtdmso	mtdmso	3	1	22	15	2.0454545454545454	1.0
chr19:1438833	wtdmso	mtdmso	2	7	191	208	0.31114435302916976	0.18060457600229846
chr19:1438864	wtdmso	mtdmso	2	2	199	229	1.150753768844221	1.0
chr19:1440065	wtdmso	mtdmso	43	52	204	236	0.9566365007541479	0.9097769916293001
chr19:1440173	wtdmso	mtdmso	2	1	221	259	2.3438914027149322	0.5976907811654338
chr19:1440229	wtdmso	mtdmso	1	3	191	239	0.41710296684118675	0.6332419862569396
chr19:1440488	wtdmso	mtdmso	9	10	26	46	1.5923076923076922	0.4310310078104107
chr19:14471755	wtdmso	mtdmso	1	6	9	17	0.3148148148148148	0.3968220862686937
chr19:14477783	wtdmso	mtdmso	4	4	6	6	1.0	1.0
chr19:14477899	wtdmso	mtdmso	1	2	10	8	0.4	0.5864661654135338
chr19:14478044	wtdmso	mtdmso	1	1	9	10	1.1111111111111112	1.0
chr19:14564786	wtdmso	mtdmso	1	1	9	10	1.1111111111111112	1.0
chr19:14565108	wtdmso	mtdmso	1	1	10	9	0.9	1.0
chr19:1598144	wtdmso	mtdmso	3	2	37	47	1.9054054054054055	0.6537813446497394
chr19:1599482	wtdmso	mtdmso	5	1	42	54	6.428571428571429	0.09215700570316929
chr19:1605362	wtdmso	mtdmso	6	4	39	52	2.0	0.3340060053596164
chr19:17516189	wtdmso	mtdmso	5	2	40	49	3.0625	0.24705710642236398
chr19:17517300	wtdmso	mtdmso	3	2	35	46	1.9714285714285715	0.6508647975314747
chr19:17517740	wtdmso	mtdmso	2	9	40	41	0.22777777777777777	0.060463306115419085
chr19:17517769	wtdmso	mtdmso	13	7	41	50	2.264808362369338	0.13948856453923916
chr19:17517802	wtdmso	mtdmso	23	21	30	34	1.2412698412698413	0.695665159540432
chr19:17520956	wtdmso	mtdmso	5	2	45	45	2.5	0.4371685365725587
chr19:17521008	wtdmso	mtdmso	4	3	46	47	1.3623188405797102	1.0
chr19:17521048	wtdmso	mtdmso	1	7	49	43	0.12536443148688048	0.05944608778347597
chr19:17521107	wtdmso	mtdmso	1	5	37	42	0.22702702702702704	0.21808261947153237
chr19:17521256	wtdmso	mtdmso	11	13	29	27	0.7877984084880637	0.8076105516654861
chr19:17862124	wtdmso	mtdmso	20	39	586	705	0.6169598319768969	0.10753726084973786
chr19:17862148	wtdmso	mtdmso	49	39	507	662	1.6405199008749305	0.026313049431321397
chr19:17862190	wtdmso	mtdmso	15	16	588	713	1.136798469387755	0.7198939402433308
chr19:17862195	wtdmso	mtdmso	22	21	566	693	1.2826855123674912	0.4394948844343489
chr19:17862923	wtdmso	mtdmso	3	1	307	441	4.309446254071661	0.3116491671871719
chr19:17863297	wtdmso	mtdmso	20	25	400	500	1.0	1.0
chr19:18306992	wtdmso	mtdmso	8	5	32	16	0.8	0.7507651083279241
chr19:18307072	wtdmso	mtdmso	21	9	16	6	0.875	1.0
chr19:18307337	wtdmso	mtdmso	13	3	29	28	4.183908045977011	0.044187288474645176
chr19:18307481	wtdmso	mtdmso	1	1	38	30	0.7894736842105263	1.0
chr19:18532009	wtdmso	mtdmso	18	20	54	51	0.85	0.7079319641253368
chr19:18532130	wtdmso	mtdmso	6	2	51	50	2.9411764705882355	0.274774209037824
chr19:18532168	wtdmso	mtdmso	1	2	67	55	0.41044776119402987	0.591357985837923
chr19:18532172	wtdmso	mtdmso	15	10	59	58	1.4745762711864407	0.508912857285212
chr19:18533281	wtdmso	mtdmso	4	4	60	61	1.0166666666666666	1.0
chr19:18537715	wtdmso	mtdmso	5	1	58	60	5.172413793103448	0.20759868148025185
chr19:18538277	wtdmso	mtdmso	4	1	39	42	4.3076923076923075	0.3600283486888731
chr19:18538361	wtdmso	mtdmso	4	3	55	53	1.284848484848485	1.0
chr19:18538389	wtdmso	mtdmso	4	1	54	50	3.7037037037037037	0.36860209974347735
chr19:18539566	wtdmso	mtdmso	13	14	36	27	0.6964285714285714	0.49257461748670184
chr19:18541686	wtdmso	mtdmso	2	1	38	33	1.736842105263158	1.0
chr19:18541793	wtdmso	mtdmso	2	3	18	23	0.8518518518518519	1.0
chr19:18541902	wtdmso	mtdmso	2	1	16	23	2.875	0.5672473867595818
chr19:18541952	wtdmso	mtdmso	4	5	12	17	1.1333333333333333	1.0
chr19:18543512	wtdmso	mtdmso	3	1	15	21	4.2	0.3099573257467995
chr19:18573298	wtdmso	mtdmso	2	2	318	376	1.1823899371069182	1.0
chr19:18573361	wtdmso	mtdmso	59	91	262	285	0.7052680144283198	0.0650002548066354
chr19:18573394	wtdmso	mtdmso	2	4	300	344	0.5733333333333334	0.690771200897456
chr19:18573673	wtdmso	mtdmso	85	92	240	275	1.0586503623188406	0.7935133656840885
chr19:18575228	wtdmso	mtdmso	43	49	195	215	0.967556253270539	0.9084764754449208
chr19:18899642	wtdmso	mtdmso	2	4	50	31	0.31	0.21444732123478955
chr19:18899656	wtdmso	mtdmso	9	7	35	28	1.0285714285714285	1.0
chr19:18899943	wtdmso	mtdmso	5	4	31	28	1.1290322580645162	1.0
chr19:18904828	wtdmso	mtdmso	10	4	32	31	2.421875	0.23663644548524645
chr19:18905593	wtdmso	mtdmso	2	1	31	24	1.5483870967741935	1.0
chr19:18905618	wtdmso	mtdmso	3	5	40	32	0.48	0.460802763990593
chr19:18906971	wtdmso	mtdmso	5	5	26	20	0.7692307692307693	0.7384238721582568
chr19:18907007	wtdmso	mtdmso	7	2	26	25	3.3653846153846154	0.1663893365959035
chr19:18907059	wtdmso	mtdmso	1	2	40	33	0.4125	0.5917496443812233
chr19:18910994	wtdmso	mtdmso	8	3	28	24	2.2857142857142856	0.32551639218386724
chr19:19516308	wtdmso	mtdmso	7	8	40	37	0.809375	0.7821921900098334
chr19:19516324	wtdmso	mtdmso	9	9	36	43	1.1944444444444444	0.796952344201722
chr19:19526210	wtdmso	mtdmso	6	7	38	44	0.9924812030075187	1.0
chr19:19526247	wtdmso	mtdmso	8	8	41	45	1.0975609756097562	1.0
chr19:19527297	wtdmso	mtdmso	2	2	47	50	1.0638297872340425	1.0
chr19:19527701	wtdmso	mtdmso	7	2	41	52	4.439024390243903	0.07975735224502536
chr19:1985546	wtdmso	mtdmso	6	5	28	26	1.1142857142857143	1.0
chr19:1985747	wtdmso	mtdmso	10	11	20	16	0.7272727272727273	0.5937730538589718
chr19:1986003	wtdmso	mtdmso	3	4	30	24	0.6	0.6927277137377844
chr19:1986195	wtdmso	mtdmso	4	5	21	19	0.7238095238095238	0.7252024474722727
chr19:1986229	wtdmso	mtdmso	3	1	29	32	3.310344827586207	0.35531135531135527
chr19:1986236	wtdmso	mtdmso	15	5	12	8	2.0	0.5006034160650401
chr19:1986249	wtdmso	mtdmso	5	6	20	29	1.2083333333333333	1.0
chr19:1986606	wtdmso	mtdmso	3	2	18	24	2.0	0.6440536422895564
chr19:1987508	wtdmso	mtdmso	3	3	7	21	3.0	0.32842046718576196
chr19:2037565	wtdmso	mtdmso	11	7	26	6	0.3626373626373626	0.1797457148167511
chr19:2037758	wtdmso	mtdmso	8	1	29	15	4.137931034482759	0.2484299042726774
chr19:2037768	wtdmso	mtdmso	6	5	23	9	0.46956521739130436	0.4567664816624775
chr19:2271807	wtdmso	mtdmso	4	2	61	96	3.1475409836065573	0.21752196337384666
chr19:2271875	wtdmso	mtdmso	10	14	55	84	1.0909090909090908	1.0
chr19:2271883	wtdmso	mtdmso	11	21	51	74	0.7600373482726424	0.5493385899482544
chr19:2271950	wtdmso	mtdmso	3	5	54	70	0.7777777777777778	1.0
chr19:2272805	wtdmso	mtdmso	13	17	47	74	1.2040050062578223	0.6806816149657463
chr19:2272814	wtdmso	mtdmso	2	3	56	81	0.9642857142857143	1.0
chr19:2272985	wtdmso	mtdmso	10	21	51	72	0.6722689075630253	0.4142599778388646
chr19:2273170	wtdmso	mtdmso	5	11	57	84	0.6698564593301436	0.5940197460975154
chr19:2426947	wtdmso	mtdmso	1	1	9	16	1.7777777777777777	1.0
chr19:29207493	wtdmso	mtdmso	4	11	27	23	0.30976430976430974	0.08120416968228052
chr19:29207537	wtdmso	mtdmso	21	15	6	8	1.8666666666666667	0.36074379389328537
chr19:29207543	wtdmso	mtdmso	15	13	16	21	1.5144230769230769	0.45917020224248317
chr19:29207782	wtdmso	mtdmso	10	9	6	9	1.6666666666666667	0.5096000386903323
chr19:29207881	wtdmso	mtdmso	2	3	13	28	1.435897435897436	1.0
chr19:29208020	wtdmso	mtdmso	5	6	8	17	1.7708333333333333	0.47484307961226746
chr19:29208112	wtdmso	mtdmso	3	5	7	16	1.3714285714285714	1.0
chr19:3053303	wtdmso	mtdmso	4	1	39	41	4.205128205128205	0.36002834868887323
chr19:3053474	wtdmso	mtdmso	8	11	31	34	0.7976539589442815	0.7953465586572614
chr19:3053516	wtdmso	mtdmso	2	1	35	43	2.4571428571428573	0.5897562119081107
chr19:3053737	wtdmso	mtdmso	1	4	38	35	0.23026315789473684	0.35844155844155856
chr19:3053784	wtdmso	mtdmso	2	4	32	35	0.546875	0.6787426964007592
chr19:3053855	wtdmso	mtdmso	4	2	21	32	3.0476190476190474	0.3857622821909635
chr19:3054132	wtdmso	mtdmso	7	2	9	9	3.5	0.2311212814645309
chr19:3163313	wtdmso	mtdmso	14	4	16	6	1.3125	1.0
chr19:3163448	wtdmso	mtdmso	20	5	12	5	1.6666666666666667	0.7135478521871333
chr19:3163516	wtdmso	mtdmso	4	1	29	9	1.2413793103448276	1.0
chr19:34365285	wtdmso	mtdmso	1	2	21	16	0.38095238095238093	0.5791497975708502
chr19:34365339	wtdmso	mtdmso	2	7	9	14	0.4444444444444444	0.4413761016514075
chr19:34365369	wtdmso	mtdmso	3	1	18	21	3.5	0.3448667044809983
chr19:34366394	wtdmso	mtdmso	1	2	22	22	0.5	1.0
chr19:34377518	wtdmso	mtdmso	2	5	24	20	0.3333333333333333	0.24846534358424227
chr19:34377736	wtdmso	mtdmso	7	4	20	23	2.0125	0.5007067459661504
chr19:34377749	wtdmso	mtdmso	5	4	23	24	1.3043478260869565	1.0
chr19:34377815	wtdmso	mtdmso	2	4	20	22	0.55	0.6737158387654267
chr19:34393285	wtdmso	mtdmso	10	3	22	26	3.9393939393939394	0.06293491933725577
chr19:34394006	wtdmso	mtdmso	1	1	27	33	1.2222222222222223	1.0
chr19:34396352	wtdmso	mtdmso	3	1	28	31	3.3214285714285716	0.35467083008066613
chr19:34396390	wtdmso	mtdmso	1	1	35	39	1.1142857142857143	1.0
chr19:34396601	wtdmso	mtdmso	5	2	27	26	2.4074074074074074	0.43201183448499575
chr19:34399233	wtdmso	mtdmso	2	1	29	33	2.2758620689655173	0.6018543956043955
chr19:34399309	wtdmso	mtdmso	9	9	28	36	1.2857142857142858	0.7895131187632287
chr19:34399760	wtdmso	mtdmso	1	2	44	43	0.48863636363636365	1.0
chr19:34399775	wtdmso	mtdmso	5	2	40	42	2.625	0.43404289263167495
chr19:34399964	wtdmso	mtdmso	2	2	42	42	1.0	1.0
chr19:34400065	wtdmso	mtdmso	15	14	22	24	1.1688311688311688	0.8147077257473561
chr19:34400120	wtdmso	mtdmso	3	3	28	31	1.1071428571428572	1.0
chr19:34400155	wtdmso	mtdmso	4	4	34	40	1.1764705882352942	1.0
chr19:34400264	wtdmso	mtdmso	3	3	40	31	0.775	1.0
chr19:34400273	wtdmso	mtdmso	1	1	39	29	0.7435897435897436	1.0
chr19:35116350	wtdmso	mtdmso	2	2	38	87	2.289473684210526	0.58739169231753
chr19:35119374	wtdmso	mtdmso	2	3	41	85	1.3821138211382114	0.6630699760959122
chr19:35122764	wtdmso	mtdmso	8	5	37	89	3.848648648648649	0.027684057295650363
chr19:35123286	wtdmso	mtdmso	1	2	47	102	1.0851063829787233	1.0
chr19:35123462	wtdmso	mtdmso	6	4	40	89	3.3375	0.08184325840424805
chr19:35123488	wtdmso	mtdmso	1	2	43	93	1.0813953488372092	1.0
chr19:35123531	wtdmso	mtdmso	20	30	28	68	1.619047619047619	0.198666840908152
chr19:35123564	wtdmso	mtdmso	6	14	34	83	1.046218487394958	1.0
chr19:35158359	wtdmso	mtdmso	7	8	36	38	0.9236111111111112	1.0
chr19:35160731	wtdmso	mtdmso	7	1	43	34	5.534883720930233	0.13259283654727733
chr19:35160767	wtdmso	mtdmso	2	2	46	27	0.5869565217391305	0.6293554525133472
chr19:35166156	wtdmso	mtdmso	1	1	39	19	0.48717948717948717	1.0
chr19:35166254	wtdmso	mtdmso	24	18	20	21	1.4	0.512490390917159
chr19:35169636	wtdmso	mtdmso	1	2	47	40	0.425531914893617	0.5967313585291114
chr19:35169853	wtdmso	mtdmso	2	3	33	22	0.4444444444444444	0.6404841736134611
chr19:35545761	wtdmso	mtdmso	9	6	23	4	0.2608695652173913	0.12762683396225644
chr19:35546985	wtdmso	mtdmso	1	1	36	22	0.6111111111111112	1.0
chr19:35651274	wtdmso	mtdmso	9	7	38	66	2.2330827067669174	0.17079162539579382
chr19:35651316	wtdmso	mtdmso	5	9	46	71	0.857487922705314	1.0
chr19:35651340	wtdmso	mtdmso	5	12	48	65	0.5642361111111112	0.42877597398301015
chr19:35654570	wtdmso	mtdmso	1	1	39	66	1.6923076923076923	1.0
chr19:35658647	wtdmso	mtdmso	15	12	38	65	2.138157894736842	0.12244494371470108
chr19:35658747	wtdmso	mtdmso	7	6	22	40	2.121212121212121	0.23006381636297268
chr19:35658765	wtdmso	mtdmso	1	1	28	50	1.7857142857142858	1.0
chr19:36140138	wtdmso	mtdmso	6	3	7	10	2.857142857142857	0.4109839816933639
chr19:36141024	wtdmso	mtdmso	2	2	14	21	1.5	1.0
chr19:36142716	wtdmso	mtdmso	1	1	67	59	0.8805970149253731	1.0
chr19:36142931	wtdmso	mtdmso	20	18	48	46	1.0648148148148149	1.0
chr19:36142939	wtdmso	mtdmso	3	5	65	61	0.563076923076923	0.48938449485371593
chr19:36142959	wtdmso	mtdmso	10	17	42	33	0.46218487394957986	0.11723265281375662
chr19:36143077	wtdmso	mtdmso	2	1	62	62	2.0	1.0
chr19:36143096	wtdmso	mtdmso	1	1	75	66	0.88	1.0
chr19:36145854	wtdmso	mtdmso	4	1	73	60	3.287671232876712	0.3829603494135763
chr19:36146011	wtdmso	mtdmso	2	1	80	68	1.7	1.0
chr19:36146028	wtdmso	mtdmso	7	9	79	64	0.630098452883263	0.43478268394542174
chr19:36146258	wtdmso	mtdmso	4	2	82	72	1.7560975609756098	0.686971707604907
chr19:36146270	wtdmso	mtdmso	1	1	81	71	0.8765432098765432	1.0
chr19:36149611	wtdmso	mtdmso	2	2	80	72	0.9	1.0
chr19:36149625	wtdmso	mtdmso	22	21	67	58	0.9068941009239516	0.8599476688263817
chr19:36149824	wtdmso	mtdmso	9	6	82	72	1.3170731707317074	0.7874988270317247
chr19:36149839	wtdmso	mtdmso	42	37	41	36	0.996704021094265	1.0
chr19:36149852	wtdmso	mtdmso	1	1	67	64	0.9552238805970149	1.0
chr19:36149949	wtdmso	mtdmso	5	2	68	64	2.3529411764705883	0.4453396942116481
chr19:36150042	wtdmso	mtdmso	25	27	61	48	0.7285974499089253	0.39965674998454925
chr19:36150254	wtdmso	mtdmso	1	1	98	77	0.7857142857142857	1.0
chr19:36150264	wtdmso	mtdmso	4	4	82	71	0.8658536585365854	1.0
chr19:38264763	wtdmso	mtdmso	5	2	58	29	1.25	1.0
chr19:38283757	wtdmso	mtdmso	8	2	64	46	2.875	0.3121486883595511
chr19:38287890	wtdmso	mtdmso	4	2	74	52	1.4054054054054055	1.0
chr19:38290193	wtdmso	mtdmso	15	7	69	49	1.5217391304347827	0.4808632703771081
chr19:38290205	wtdmso	mtdmso	5	2	79	52	1.6455696202531647	0.7046108316084125
chr19:38290238	wtdmso	mtdmso	2	2	78	48	0.6153846153846154	0.6383446255264604
chr19:38291926	wtdmso	mtdmso	3	1	90	60	2.0	1.0
chr19:38291989	wtdmso	mtdmso	8	6	74	52	0.9369369369369369	1.0
chr19:38292005	wtdmso	mtdmso	22	9	50	32	1.5644444444444445	0.38467557869111924
chr19:38292025	wtdmso	mtdmso	44	22	37	21	1.135135135135135	0.8502891906092215
chr19:38292044	wtdmso	mtdmso	2	1	95	62	1.305263157894737	1.0
chr19:38292078	wtdmso	mtdmso	17	7	80	49	1.4875	0.49316973894113064
chr19:38304628	wtdmso	mtdmso	5	1	52	38	3.6538461538461537	0.39581406105457906
chr19:38304988	wtdmso	mtdmso	5	1	35	26	3.7142857142857144	0.38898276735301285
chr19:38374908	wtdmso	mtdmso	5	2	40	17	1.0625	1.0
chr19:38376198	wtdmso	mtdmso	1	1	41	30	0.7317073170731707	1.0
chr19:38376207	wtdmso	mtdmso	1	2	42	19	0.2261904761904762	0.2486559139784946
chr19:38376354	wtdmso	mtdmso	1	3	40	27	0.225	0.30375089411147194
chr19:38379310	wtdmso	mtdmso	16	7	32	26	1.8571428571428572	0.3173793759567909
chr19:38380977	wtdmso	mtdmso	1	1	44	31	0.7045454545454546	1.0
chr19:38383338	wtdmso	mtdmso	10	10	31	23	0.7419354838709677	0.6069245732361354
chr19:38383468	wtdmso	mtdmso	19	9	13	5	0.811965811965812	1.0
chr19:38620350	wtdmso	mtdmso	3	4	12	44	2.75	0.3423388965434605
chr19:38632451	wtdmso	mtdmso	1	2	14	45	1.6071428571428572	1.0
chr19:38632468	wtdmso	mtdmso	2	4	26	50	0.9615384615384616	1.0
chr19:38632481	wtdmso	mtdmso	1	1	24	49	2.0416666666666665	1.0
chr19:38634992	wtdmso	mtdmso	9	23	8	25	1.2228260869565217	0.7828251217665869
chr19:38635091	wtdmso	mtdmso	2	3	26	49	1.2564102564102564	1.0
chr19:38635109	wtdmso	mtdmso	1	3	27	50	0.6172839506172839	1.0
chr19:38729274	wtdmso	mtdmso	1	1	13	11	0.8461538461538461	1.0
chr19:38729842	wtdmso	mtdmso	1	6	20	19	0.15833333333333333	0.10598251124527976
chr19:38729900	wtdmso	mtdmso	3	2	15	14	1.4	1.0
chr19:38730005	wtdmso	mtdmso	3	6	16	21	0.65625	0.7159799927809003
chr19:38730020	wtdmso	mtdmso	4	4	17	25	1.4705882352941178	0.7058103353523183
chr19:38730087	wtdmso	mtdmso	2	1	32	28	1.75	1.0
chr19:38730111	wtdmso	mtdmso	3	1	29	27	2.793103448275862	0.6155157033436893
chr19:38730127	wtdmso	mtdmso	1	1	30	30	1.0	1.0
chr19:38730160	wtdmso	mtdmso	1	1	32	31	0.96875	1.0
chr19:38730184	wtdmso	mtdmso	2	1	31	34	2.193548387096774	0.6082089552238805
chr19:38730214	wtdmso	mtdmso	1	5	33	23	0.1393939393939394	0.08236199456883916
chr19:39433237	wtdmso	mtdmso	6	6	408	466	1.142156862745098	1.0
chr19:39433254	wtdmso	mtdmso	35	38	491	545	1.0223496623432309	1.0
chr19:39433261	wtdmso	mtdmso	108	109	403	457	1.123591413026157	0.44795040466328706
chr19:39433345	wtdmso	mtdmso	24	23	518	573	1.1542722847070672	0.6568808798106582
chr19:39433361	wtdmso	mtdmso	16	14	456	519	1.300751879699248	0.5782765449017273
chr19:39433366	wtdmso	mtdmso	37	37	453	487	1.075055187637969	0.8095825533451122
chr19:39433384	wtdmso	mtdmso	1	3	511	569	0.37116764514024786	0.6266092499983975
chr19:39433711	wtdmso	mtdmso	1	2	544	599	0.5505514705882353	1.0
chr19:39435704	wtdmso	mtdmso	4	2	500	572	2.288	0.4266345283684073
chr19:39488570	wtdmso	mtdmso	1	2	9	8	0.4444444444444444	1.0
chr19:39489820	wtdmso	mtdmso	5	5	5	7	1.4	1.0
chr19:39489879	wtdmso	mtdmso	1	1	9	11	1.2222222222222223	1.0
chr19:3976162	wtdmso	mtdmso	76	97	519	689	1.040144607989194	0.8061640323105608
chr19:3976241	wtdmso	mtdmso	5	6	595	784	1.0980392156862746	1.0
chr19:3976255	wtdmso	mtdmso	25	31	492	654	1.0719905586152636	0.890212543672741
chr19:3976289	wtdmso	mtdmso	38	45	497	662	1.1247932036664432	0.646831857075618
chr19:3976327	wtdmso	mtdmso	342	456	230	285	0.9293478260869565	0.5310143443521521
chr19:3976346	wtdmso	mtdmso	3	6	500	647	0.647	0.739212181006368
chr19:3976467	wtdmso	mtdmso	195	319	304	363	0.7299228675136116	0.008961674433469718
chr19:3976519	wtdmso	mtdmso	153	289	342	384	0.5944272445820433	3.220211183799114e-05
chr19:3976563	wtdmso	mtdmso	48	86	407	561	0.7693274670018856	0.19017499683375655
chr19:3976575	wtdmso	mtdmso	21	69	422	532	0.38368019781578405	0.00012535424323128575
chr19:3976618	wtdmso	mtdmso	7	6	502	696	1.6175298804780875	0.4093344555337549
chr19:3976662	wtdmso	mtdmso	4	3	490	686	1.8666666666666667	0.4601805960977301
chr19:3976686	wtdmso	mtdmso	7	5	465	660	1.9870967741935484	0.2525243100976281
chr19:3976734	wtdmso	mtdmso	27	28	344	516	1.4464285714285714	0.20315878034475904
chr19:3977306	wtdmso	mtdmso	71	113	363	511	0.8844925522318925	0.5095989330515591
chr19:3977474	wtdmso	mtdmso	29	43	328	441	0.9067640385706183	0.7107108356870095
chr19:3977590	wtdmso	mtdmso	38	72	363	520	0.756045301499847	0.2162434273664541
chr19:3977855	wtdmso	mtdmso	49	56	295	451	1.3377118644067796	0.16879801193741642
chr19:3978038	wtdmso	mtdmso	7	12	275	449	0.9524242424242424	1.0
chr19:3978164	wtdmso	mtdmso	27	43	289	443	0.962501005874306	1.0
chr19:3979350	wtdmso	mtdmso	14	31	318	493	0.7001420166362345	0.34598414591232124
chr19:3979362	wtdmso	mtdmso	22	22	283	476	1.6819787985865724	0.10971007072089894
chr19:3979865	wtdmso	mtdmso	22	50	250	392	0.68992	0.20048460312920408
chr19:3979874	wtdmso	mtdmso	19	33	274	432	0.9077637690776377	0.7705395342610295
chr19:3979985	wtdmso	mtdmso	17	16	241	404	1.7811203319502074	0.14012412790689396
chr19:3980009	wtdmso	mtdmso	38	56	258	416	1.0941306755260243	0.7346294394685533
chr19:3980064	wtdmso	mtdmso	33	53	239	408	1.0629193968579773	0.8128225834348041
chr19:3980537	wtdmso	mtdmso	38	47	230	405	1.42368177613321	0.1513905832242145
chr19:3980693	wtdmso	mtdmso	67	127	175	295	0.8893138357705287	0.5356824324650471
chr19:3981363	wtdmso	mtdmso	25	35	197	364	1.3197969543147208	0.3237154174253234
chr19:3981369	wtdmso	mtdmso	15	31	192	333	0.8392137096774194	0.6348547109540141
chr19:3981378	wtdmso	mtdmso	10	9	197	373	2.1037789058093628	0.1409260867932741
chr19:3981383	wtdmso	mtdmso	23	32	203	381	1.3489839901477831	0.3044723737484633
chr19:3981390	wtdmso	mtdmso	6	15	192	345	0.71875	0.6437244459531157
chr19:3981395	wtdmso	mtdmso	4	4	208	384	1.8461538461538463	0.4622803710194948
chr19:3981407	wtdmso	mtdmso	9	18	210	398	0.9476190476190476	1.0
chr19:3981415	wtdmso	mtdmso	14	28	189	367	0.9708994708994709	1.0
chr19:3981959	wtdmso	mtdmso	3	4	192	349	1.36328125	0.7036407090524084
chr19:3982043	wtdmso	mtdmso	8	8	168	349	2.0773809523809526	0.17701966199376318
chr19:3982248	wtdmso	mtdmso	6	9	195	378	1.2923076923076924	0.5951384920837879
chr19:3982272	wtdmso	mtdmso	8	7	184	377	2.341614906832298	0.10368981120053626
chr19:3982889	wtdmso	mtdmso	2	2	180	347	1.9277777777777778	0.6096937194122936
chr19:3982936	wtdmso	mtdmso	2	7	147	286	0.5558794946550049	0.7241472517592733
chr19:3982945	wtdmso	mtdmso	18	26	166	332	1.3846153846153846	0.32189162066730403
chr19:3983120	wtdmso	mtdmso	21	27	160	316	1.5361111111111112	0.20197766584044358
chr19:3983163	wtdmso	mtdmso	24	23	152	313	2.148741418764302	0.015172878256396004
chr19:3983198	wtdmso	mtdmso	31	49	127	256	1.2752691627832236	0.3649282064399302
chr19:3983249	wtdmso	mtdmso	24	51	139	293	0.9919593736775285	1.0
chr19:3983255	wtdmso	mtdmso	8	11	150	316	1.5321212121212122	0.45389630267151226
chr19:39834467	wtdmso	mtdmso	4	1	11	13	4.7272727272727275	0.3295019157088122
chr19:39834541	wtdmso	mtdmso	7	3	13	33	5.923076923076923	0.025086943031543595
chr19:39834739	wtdmso	mtdmso	5	5	16	30	1.875	0.4759963708177277
chr19:39834799	wtdmso	mtdmso	2	3	18	31	1.1481481481481481	1.0
chr19:39837770	wtdmso	mtdmso	4	6	16	29	1.2083333333333333	1.0
chr19:39840281	wtdmso	mtdmso	3	1	15	32	6.4	0.11999999999999998
chr19:3984243	wtdmso	mtdmso	3	2	145	303	3.1344827586206896	0.33591755863996076
chr19:3984267	wtdmso	mtdmso	5	12	132	263	0.8301767676767676	1.0
chr19:3984345	wtdmso	mtdmso	57	108	84	195	1.2251984126984128	0.3438943108615975
chr19:40422547	wtdmso	mtdmso	1	3	9	10	0.37037037037037035	0.603613777526821
chr19:40422607	wtdmso	mtdmso	9	6	4	4	1.5	0.6850181720285368
chr19:40422712	wtdmso	mtdmso	2	4	10	9	0.45	0.64472049689441
chr19:40422764	wtdmso	mtdmso	2	1	9	10	2.2222222222222223	1.0
chr19:40422801	wtdmso	mtdmso	7	9	5	4	0.6222222222222222	0.6881679903082515
chr19:40422899	wtdmso	mtdmso	7	8	4	5	1.09375	1.0
chr19:40423406	wtdmso	mtdmso	1	2	9	10	0.5555555555555556	1.0
chr19:40447970	wtdmso	mtdmso	2	3	30	35	0.7777777777777778	1.0
chr19:40448031	wtdmso	mtdmso	9	9	24	37	1.5416666666666667	0.43083755008772273
chr19:40451441	wtdmso	mtdmso	10	12	20	31	1.2916666666666667	0.7958956268508228
chr19:40451476	wtdmso	mtdmso	3	2	26	37	2.1346153846153846	0.6440532963524623
chr19:40458210	wtdmso	mtdmso	3	5	29	40	0.8275862068965517	1.0
chr19:40458439	wtdmso	mtdmso	2	4	29	39	0.6724137931034483	1.0
chr19:40458517	wtdmso	mtdmso	4	3	27	35	1.728395061728395	0.6924652226010684
chr19:4090339	wtdmso	mtdmso	3	3	67	79	1.1791044776119404	1.0
chr19:4090521	wtdmso	mtdmso	8	4	66	85	2.5757575757575757	0.14273501011688278
chr19:4090565	wtdmso	mtdmso	3	6	65	74	0.5692307692307692	0.5077246789437541
chr19:4090597	wtdmso	mtdmso	8	5	77	89	1.8493506493506493	0.38980937078742994
chr19:4090631	wtdmso	mtdmso	9	20	65	72	0.49846153846153846	0.14942020077598167
chr19:4094486	wtdmso	mtdmso	8	10	62	73	0.9419354838709677	1.0
chr19:4097294	wtdmso	mtdmso	3	2	68	83	1.8308823529411764	0.6598890168499674
chr19:4097302	wtdmso	mtdmso	14	19	66	70	0.7814992025518341	0.5648812181962123
chr19:4099373	wtdmso	mtdmso	2	2	51	72	1.411764705882353	1.0
chr19:4101088	wtdmso	mtdmso	5	7	58	63	0.7758620689655172	0.7677570000998171
chr19:4101115	wtdmso	mtdmso	16	17	52	61	1.1040723981900453	0.8445056010294929
chr19:4102436	wtdmso	mtdmso	4	3	61	72	1.5737704918032787	0.7043823914412273
chr19:4110514	wtdmso	mtdmso	6	7	51	58	0.9747899159663865	1.0
chr19:4110620	wtdmso	mtdmso	6	5	47	64	1.6340425531914893	0.5297152775619038
chr19:4117509	wtdmso	mtdmso	3	1	47	67	4.276595744680851	0.3098170601791672
chr19:4117523	wtdmso	mtdmso	25	31	32	43	1.0836693548387097	0.8598578598608729
chr19:4117586	wtdmso	mtdmso	5	7	51	63	0.8823529411764706	1.0
chr19:41330962	wtdmso	mtdmso	5	4	42	56	1.6666666666666667	0.5018951712927608
chr19:41332143	wtdmso	mtdmso	2	5	40	55	0.55	0.6968612112878965
chr19:41332227	wtdmso	mtdmso	5	4	40	48	1.5	0.7290462211109197
chr19:41332266	wtdmso	mtdmso	2	5	43	56	0.5209302325581395	0.6961386192778669
chr19:41341900	wtdmso	mtdmso	1	5	35	45	0.2571428571428571	0.3937468423849436
chr19:41341981	wtdmso	mtdmso	12	16	26	33	0.9519230769230769	1.0
chr19:41342005	wtdmso	mtdmso	2	3	40	52	0.8666666666666667	1.0
chr19:41342177	wtdmso	mtdmso	5	4	33	43	1.628787878787879	0.5049937642411018
chr19:41342204	wtdmso	mtdmso	3	6	34	51	0.75	1.0
chr19:41348372	wtdmso	mtdmso	2	6	32	46	0.4791666666666667	0.4702764939035884
chr19:41352762	wtdmso	mtdmso	4	7	32	41	0.7321428571428571	0.7509304147911811
chr19:41352941	wtdmso	mtdmso	4	6	11	29	1.7575757575757576	0.4615685431735149
chr19:41352957	wtdmso	mtdmso	15	25	14	16	0.6857142857142857	0.47169286264985616
chr19:41353171	wtdmso	mtdmso	3	6	13	30	1.1538461538461537	1.0
chr19:41353419	wtdmso	mtdmso	12	25	5	15	1.44	0.7626900836538046
chr19:41353543	wtdmso	mtdmso	2	7	11	27	0.7012987012987013	1.0
chr19:41353551	wtdmso	mtdmso	10	19	6	16	1.4035087719298245	0.7619354066416013
chr19:41353587	wtdmso	mtdmso	1	3	14	32	0.7619047619047619	1.0
chr19:41353623	wtdmso	mtdmso	9	13	4	8	1.3846153846153846	0.7270880688687913
chr19:41353632	wtdmso	mtdmso	3	6	12	30	1.25	1.0
chr19:41860802	wtdmso	mtdmso	23	48	220	291	0.6338068181818182	0.09588042896010443
chr19:41861191	wtdmso	mtdmso	48	77	214	272	0.7923291661609418	0.2667572489720555
chr19:41869083	wtdmso	mtdmso	12	10	241	336	1.6730290456431536	0.2739343491352161
chr19:41869204	wtdmso	mtdmso	18	15	279	377	1.621505376344086	0.2077968083313922
chr19:41869707	wtdmso	mtdmso	8	16	284	375	0.6602112676056338	0.4047603159971619
chr19:41869711	wtdmso	mtdmso	10	11	280	377	1.224025974025974	0.6605235793437908
chr19:41869722	wtdmso	mtdmso	3	9	260	342	0.43846153846153846	0.2504261966640303
chr19:41869749	wtdmso	mtdmso	8	8	253	329	1.300395256916996	0.618855405451894
chr19:41871378	wtdmso	mtdmso	5	8	263	344	0.8174904942965779	0.7849722042080736
chr19:41871382	wtdmso	mtdmso	2	2	269	360	1.338289962825279	1.0
chr19:41956831	wtdmso	mtdmso	3	2	40	41	1.5375	1.0
chr19:41956854	wtdmso	mtdmso	1	4	35	35	0.25	0.35986671603109965
chr19:41958855	wtdmso	mtdmso	2	1	35	37	2.1142857142857143	0.6147945205479451
chr19:41959275	wtdmso	mtdmso	4	3	33	33	1.3333333333333333	1.0
chr19:44812515	wtdmso	mtdmso	1	1	11	9	0.8181818181818182	1.0
chr19:44812534	wtdmso	mtdmso	2	2	13	8	0.6153846153846154	1.0
chr19:44814220	wtdmso	mtdmso	1	1	16	10	0.625	1.0
chr19:44814663	wtdmso	mtdmso	1	2	17	11	0.3235294117647059	0.5575083426028922
chr19:44818590	wtdmso	mtdmso	12	6	8	7	1.75	0.49284470667891866
chr19:44819072	wtdmso	mtdmso	1	2	19	13	0.34210526315789475	0.5645530939648586
chr19:44820756	wtdmso	mtdmso	2	1	21	32	3.0476190476190474	0.5619047619047618
chr19:44820928	wtdmso	mtdmso	1	6	21	26	0.20634920634920634	0.21977290190386745
chr19:44820950	wtdmso	mtdmso	2	2	21	25	1.1904761904761905	1.0
chr19:44820974	wtdmso	mtdmso	3	3	21	30	1.4285714285714286	0.688772002575379
chr19:44821153	wtdmso	mtdmso	7	8	13	24	1.6153846153846154	0.5342129875363374
chr19:44821182	wtdmso	mtdmso	1	6	22	29	0.2196969696969697	0.22568175878195398
chr19:44821207	wtdmso	mtdmso	4	3	19	26	1.8245614035087718	0.6855913642052565
chr19:44821378	wtdmso	mtdmso	3	7	14	22	0.673469387755102	0.7226569153192046
chr19:45687529	wtdmso	mtdmso	19	13	29	46	2.3183023872679045	0.05803897243302887
chr19:45687574	wtdmso	mtdmso	5	3	48	59	2.048611111111111	0.4675434491382161
chr19:45687598	wtdmso	mtdmso	3	2	49	60	1.836734693877551	0.658390992811114
chr19:45687686	wtdmso	mtdmso	20	14	33	46	1.9913419913419914	0.1051509805545757
chr19:45691893	wtdmso	mtdmso	2	5	51	59	0.4627450980392157	0.45388181549653683
chr19:4657557	wtdmso	mtdmso	3	1	13	11	2.5384615384615383	0.613186813186813
chr19:4657601	wtdmso	mtdmso	12	11	24	13	0.5909090909090909	0.41883423502228934
chr19:4657617	wtdmso	mtdmso	9	4	28	19	1.5267857142857142	0.7485667497924481
chr19:4657643	wtdmso	mtdmso	15	8	25	17	1.275	0.7912035400108447
chr19:4657718	wtdmso	mtdmso	13	8	28	15	0.8705357142857143	1.0
chr19:4657757	wtdmso	mtdmso	22	10	19	13	1.5052631578947369	0.6028827657029734
chr19:4657826	wtdmso	mtdmso	7	2	34	24	2.4705882352941178	0.4645617749822858
chr19:4657904	wtdmso	mtdmso	32	20	9	8	1.4222222222222223	0.5778976901376593
chr19:4658004	wtdmso	mtdmso	2	4	38	20	0.2631578947368421	0.18621585446375485
chr19:4659960	wtdmso	mtdmso	2	3	36	23	0.42592592592592593	0.38869661428823243
chr19:46609857	wtdmso	mtdmso	1	4	9	18	0.5	1.0
chr19:46610373	wtdmso	mtdmso	1	3	10	35	1.1666666666666667	1.0
chr19:46610536	wtdmso	mtdmso	3	2	24	32	2.0	0.6469436710842749
chr19:46610619	wtdmso	mtdmso	6	1	20	39	11.7	0.01266966331746871
chr19:46610666	wtdmso	mtdmso	1	3	26	34	0.4358974358974359	0.6320824204880261
chr19:4675556	wtdmso	mtdmso	2	1	8	9	2.25	1.0
chr19:46774921	wtdmso	mtdmso	6	7	82	81	0.8466898954703833	1.0
chr19:46774947	wtdmso	mtdmso	14	10	73	70	1.3424657534246576	0.6595271646402974
chr19:46774967	wtdmso	mtdmso	22	31	67	60	0.6355320173326914	0.19258640184889264
chr19:46774979	wtdmso	mtdmso	1	4	91	82	0.22527472527472528	0.1985493831398388
chr19:46775045	wtdmso	mtdmso	4	7	86	79	0.5249169435215947	0.3631608709465352
chr19:46775224	wtdmso	mtdmso	2	3	77	73	0.6320346320346321	0.6773565226133179
chr19:46775308	wtdmso	mtdmso	1	1	79	77	0.9746835443037974	1.0
chr19:46775369	wtdmso	mtdmso	20	13	55	62	1.7342657342657342	0.23670475574795402
chr19:46775464	wtdmso	mtdmso	48	58	18	23	1.0574712643678161	1.0
chr19:46775496	wtdmso	mtdmso	7	6	64	67	1.2213541666666667	0.7782092436904564
chr19:46775569	wtdmso	mtdmso	2	3	72	77	0.7129629629629629	1.0
chr19:46775675	wtdmso	mtdmso	11	6	50	52	1.9066666666666667	0.2977311540763864
chr19:46775695	wtdmso	mtdmso	10	7	68	65	1.365546218487395	0.6131247363856847
chr19:46776983	wtdmso	mtdmso	19	25	46	36	0.5947826086956521	0.19311507210156814
chr19:46777234	wtdmso	mtdmso	3	3	62	59	0.9516129032258065	1.0
chr19:46778737	wtdmso	mtdmso	1	2	50	52	0.52	1.0
chr19:46782517	wtdmso	mtdmso	11	6	41	49	2.1910569105691056	0.18897144876674138
chr19:46784107	wtdmso	mtdmso	17	17	35	39	1.1142857142857143	0.8377751055411874
chr19:46787606	wtdmso	mtdmso	6	6	37	40	1.0810810810810811	1.0
chr19:46787758	wtdmso	mtdmso	30	30	11	12	1.0909090909090908	1.0
chr19:46787837	wtdmso	mtdmso	6	6	31	36	1.1612903225806452	1.0
chr19:46787876	wtdmso	mtdmso	6	4	31	33	1.596774193548387	0.7355173244486172
chr19:46787942	wtdmso	mtdmso	12	8	24	29	1.8125	0.3023977568025472
chr19:46788107	wtdmso	mtdmso	14	17	16	17	0.875	0.8076220019447992
chr19:46788122	wtdmso	mtdmso	7	12	24	25	0.6076388888888888	0.42461950405525184
chr19:46788205	wtdmso	mtdmso	1	5	12	17	0.2833333333333333	0.37713472485768507
chr19:46788220	wtdmso	mtdmso	11	11	18	22	1.2222222222222223	0.7928899068144741
chr19:46788235	wtdmso	mtdmso	1	2	9	15	0.8333333333333334	1.0
chr19:46788267	wtdmso	mtdmso	3	3	22	28	1.2727272727272727	1.0
chr19:46788346	wtdmso	mtdmso	5	6	21	15	0.5952380952380952	0.5049769118390063
chr19:46788487	wtdmso	mtdmso	2	2	9	14	1.5555555555555556	1.0
chr19:46838300	wtdmso	mtdmso	14	5	61	106	4.865573770491803	0.002543251231571822
chr19:46838331	wtdmso	mtdmso	4	8	66	98	0.7424242424242424	0.7653269591696563
chr19:46838407	wtdmso	mtdmso	8	17	51	78	0.7197231833910035	0.5107817183542078
chr19:46838761	wtdmso	mtdmso	3	2	60	84	2.1	0.6505035849048684
chr19:46838766	wtdmso	mtdmso	39	51	27	43	1.2178649237472767	0.6277611653863078
chr19:46839570	wtdmso	mtdmso	5	8	66	96	0.9090909090909091	1.0
chr19:46846010	wtdmso	mtdmso	2	6	62	97	0.521505376344086	0.7118003986752877
chr19:46846119	wtdmso	mtdmso	13	16	52	82	1.28125	0.676231096669673
chr19:46850798	wtdmso	mtdmso	3	2	25	30	1.8	0.6567104494140085
chr19:47045934	wtdmso	mtdmso	3	8	8	2	0.09375	0.02997312285237982
chr19:47045940	wtdmso	mtdmso	7	10	8	1	0.0875	0.036155606407322655
chr19:47046175	wtdmso	mtdmso	2	1	21	23	2.1904761904761907	0.6085106382978723
chr19:47741077	wtdmso	mtdmso	15	2	18	9	3.75	0.15846898293087502
chr19:47741138	wtdmso	mtdmso	1	3	39	12	0.10256410256410256	0.05736611396988754
chr19:47741145	wtdmso	mtdmso	16	7	15	6	0.9142857142857143	1.0
chr19:47741219	wtdmso	mtdmso	5	2	26	12	1.1538461538461537	1.0
chr19:47741234	wtdmso	mtdmso	5	3	37	11	0.4954954954954955	0.3980523164096969
chr19:47741286	wtdmso	mtdmso	9	3	24	12	1.5	0.7279708395659602
chr19:47741544	wtdmso	mtdmso	13	3	26	11	1.8333333333333333	0.5102472122903197
chr19:47741574	wtdmso	mtdmso	2	2	38	14	0.3684210526315789	0.569604399793079
chr19:47741601	wtdmso	mtdmso	7	1	41	17	2.902439024390244	0.4298354174753532
chr19:47741613	wtdmso	mtdmso	5	5	37	13	0.35135135135135137	0.14912236732754355
chr19:47741791	wtdmso	mtdmso	2	1	42	19	0.9047619047619048	1.0
chr19:47741921	wtdmso	mtdmso	11	3	37	20	1.981981981981982	0.524961804450095
chr19:47741937	wtdmso	mtdmso	4	7	47	16	0.1945288753799392	0.02875795864381899
chr19:47742408	wtdmso	mtdmso	4	4	54	35	0.6481481481481481	0.7102415055588761
chr19:47742493	wtdmso	mtdmso	10	12	51	31	0.5065359477124183	0.2225590180569668
chr19:47742692	wtdmso	mtdmso	21	12	32	29	1.5859375	0.38432081706068855
chr19:47742746	wtdmso	mtdmso	37	26	23	17	1.0518394648829432	1.0
chr19:47742968	wtdmso	mtdmso	6	1	57	42	4.421052631578948	0.2368143876891471
chr19:47743092	wtdmso	mtdmso	10	6	58	36	1.0344827586206897	1.0
chr19:47745650	wtdmso	mtdmso	1	1	11	10	0.9090909090909091	1.0
chr19:47750194	wtdmso	mtdmso	1	1	13	15	1.1538461538461537	1.0
chr19:47750243	wtdmso	mtdmso	1	2	14	14	0.5	1.0
chr19:47750258	wtdmso	mtdmso	6	6	5	6	1.2	1.0
chr19:47751065	wtdmso	mtdmso	5	7	11	10	0.6493506493506493	0.7206815946865278
chr19:47780912	wtdmso	mtdmso	1	1	23	47	2.0434782608695654	1.0
chr19:47781119	wtdmso	mtdmso	7	7	23	42	1.826086956521739	0.3684737010483924
chr19:47784296	wtdmso	mtdmso	3	3	28	47	1.6785714285714286	0.6700270267891854
chr19:47784302	wtdmso	mtdmso	2	1	12	30	5.0	0.22445384073291047
chr19:47784340	wtdmso	mtdmso	7	4	22	42	3.340909090909091	0.09446824019710966
chr19:47784357	wtdmso	mtdmso	1	6	25	38	0.25333333333333335	0.24597759285414364
chr19:47784561	wtdmso	mtdmso	1	2	28	48	0.8571428571428571	1.0
chr19:48382622	wtdmso	mtdmso	35	21	70	57	1.3571428571428572	0.4181204946024469
chr19:48382839	wtdmso	mtdmso	32	17	59	56	1.7866400797607178	0.12276638945223764
chr19:48383035	wtdmso	mtdmso	2	4	90	60	0.3333333333333333	0.22845779114484102
chr19:48383080	wtdmso	mtdmso	1	1	52	35	0.6730769230769231	1.0
chr19:48383112	wtdmso	mtdmso	16	21	88	53	0.4588744588744589	0.04052826783047918
chr19:48383145	wtdmso	mtdmso	8	5	88	62	1.1272727272727272	1.0
chr19:48383193	wtdmso	mtdmso	18	16	68	48	0.7941176470588235	0.5613355417150416
chr19:48383205	wtdmso	mtdmso	11	7	80	61	1.1982142857142857	0.8040714142081675
chr19:48384271	wtdmso	mtdmso	46	43	13	13	1.069767441860465	1.0
chr19:48384472	wtdmso	mtdmso	2	1	72	52	1.4444444444444444	1.0
chr19:48389568	wtdmso	mtdmso	3	1	67	47	2.1044776119402986	0.6450119138605404
chr19:48389637	wtdmso	mtdmso	12	8	55	39	1.0636363636363637	1.0
chr19:48390466	wtdmso	mtdmso	2	2	69	44	0.6376811594202898	0.645368948454248
chr19:48615375	wtdmso	mtdmso	7	4	415	400	1.6867469879518073	0.5471610090562942
chr19:48615895	wtdmso	mtdmso	14	13	474	469	1.0655631288542682	1.0
chr19:48616113	wtdmso	mtdmso	10	6	457	465	1.6958424507658643	0.3263161375608447
chr19:48616183	wtdmso	mtdmso	33	43	418	385	0.7068543451652387	0.18633885474799594
chr19:48616731	wtdmso	mtdmso	16	20	422	411	0.7791469194312797	0.49948400380464486
chr19:48616763	wtdmso	mtdmso	36	35	420	411	1.006530612244898	1.0
chr19:48616769	wtdmso	mtdmso	5	12	445	433	0.4054307116104869	0.09153212127104646
chr19:48616792	wtdmso	mtdmso	2	1	467	465	1.9914346895074946	1.0
chr19:48617398	wtdmso	mtdmso	22	24	398	385	0.8867252931323283	0.7622743708945354
chr19:48617851	wtdmso	mtdmso	16	15	324	303	0.9975308641975309	1.0
chr19:48617869	wtdmso	mtdmso	6	12	399	367	0.4598997493734336	0.15224992870752632
chr19:48965361	wtdmso	mtdmso	8	4	215	224	2.083720930232558	0.25575617760247416
chr19:48965373	wtdmso	mtdmso	14	23	329	359	0.6641998149861239	0.31056556797843804
chr19:48965429	wtdmso	mtdmso	10	8	291	319	1.370274914089347	0.6338453204180137
chr19:48965460	wtdmso	mtdmso	10	11	293	326	1.0114799875892027	1.0
chr19:48965908	wtdmso	mtdmso	9	13	353	384	0.7531052516888211	0.6658877368039331
chr19:48966307	wtdmso	mtdmso	7	1	395	437	7.744303797468355	0.03148101035188692
chr19:48966353	wtdmso	mtdmso	90	78	285	334	1.3522267206477734	0.09781248874757048
chr19:48966398	wtdmso	mtdmso	11	9	304	330	1.3267543859649122	0.6510057272967882
chr19:48966589	wtdmso	mtdmso	23	23	355	371	1.0450704225352112	1.0
chr19:48966600	wtdmso	mtdmso	1	6	353	388	0.18319169027384324	0.12700129713755806
chr19:48966646	wtdmso	mtdmso	20	35	404	444	0.628005657708628	0.12496413084334851
chr19:48966654	wtdmso	mtdmso	66	72	319	361	1.0373563218390804	0.8521560222152624
chr19:48966830	wtdmso	mtdmso	12	14	394	446	0.9702683103698332	1.0
chr19:48966850	wtdmso	mtdmso	14	9	295	362	1.9088512241054614	0.1411977049094914
chr19:49490507	wtdmso	mtdmso	145	204	226	325	1.0221455838972757	0.889603845127833
chr19:49490566	wtdmso	mtdmso	9	8	316	475	1.6910601265822784	0.3215854370739707
chr19:49490820	wtdmso	mtdmso	11	13	396	572	1.2222222222222223	0.6770257232056023
chr19:49491478	wtdmso	mtdmso	98	140	325	454	0.9778461538461538	0.940123161191912
chr19:49491537	wtdmso	mtdmso	2	1	440	630	2.8636363636363638	0.5721126427508312
chr19:49491771	wtdmso	mtdmso	4	4	411	592	1.440389294403893	0.7232031563649621
chr19:49491802	wtdmso	mtdmso	27	29	385	563	1.361486789072996	0.26668991491153843
chr19:49491826	wtdmso	mtdmso	139	190	243	361	1.0868312757201646	0.5774141853434929
chr19:49491885	wtdmso	mtdmso	16	16	90	122	1.3555555555555556	0.4488312632983151
chr19:49491928	wtdmso	mtdmso	2	5	115	152	0.528695652173913	0.70243341388681
chr19:49492024	wtdmso	mtdmso	4	5	121	155	1.024793388429752	1.0
chr19:49492072	wtdmso	mtdmso	7	12	100	115	0.6708333333333333	0.47786585369222345
chr19:49492114	wtdmso	mtdmso	27	32	45	47	0.88125	0.7405149975266889
chr19:49492168	wtdmso	mtdmso	6	5	95	143	1.8063157894736843	0.3609451344368109
chr19:49492218	wtdmso	mtdmso	5	3	127	161	2.1128608923884515	0.47362927573561187
chr19:49496463	wtdmso	mtdmso	3	15	308	433	0.2811688311688312	0.0494227899176243
chr19:49497193	wtdmso	mtdmso	6	3	270	414	3.066666666666667	0.1666444914856422
chr19:49497233	wtdmso	mtdmso	4	1	332	482	5.807228915662651	0.1652079342687077
chr19:49497259	wtdmso	mtdmso	28	52	296	398	0.724012474012474	0.23124850989300863
chr19:49497293	wtdmso	mtdmso	28	28	307	459	1.495114006514658	0.15977453843686557
chr19:49497541	wtdmso	mtdmso	9	8	348	495	1.6002155172413792	0.33460643195077633
chr19:49497924	wtdmso	mtdmso	2	13	331	470	0.2184522426214269	0.033053230347140757
chr19:49497945	wtdmso	mtdmso	33	41	346	476	1.1072888763569717	0.7131826901382838
chr19:49497964	wtdmso	mtdmso	5	12	360	509	0.5891203703703703	0.456562190611505
chr19:49498015	wtdmso	mtdmso	69	78	316	458	1.2821324245374879	0.17242475380222327
chr19:49499528	wtdmso	mtdmso	13	18	172	245	1.0287467700258397	1.0
chr19:49499566	wtdmso	mtdmso	8	13	366	496	0.833963850357293	0.824306479837892
chr19:49499641	wtdmso	mtdmso	11	12	331	451	1.248992950654582	0.6706573460633882
chr19:49635331	wtdmso	mtdmso	13	15	27	23	0.7382716049382716	0.6378884661094805
chr19:49635460	wtdmso	mtdmso	8	9	30	23	0.6814814814814815	0.5803773316889567
chr19:49635508	wtdmso	mtdmso	3	2	36	34	1.4166666666666667	1.0
chr19:49635536	wtdmso	mtdmso	1	4	38	33	0.21710526315789475	0.19417808219178084
chr19:49636646	wtdmso	mtdmso	1	2	37	29	0.3918918918918919	0.5840554261938391
chr19:49637092	wtdmso	mtdmso	3	6	30	29	0.48333333333333334	0.4782706894280175
chr19:49637113	wtdmso	mtdmso	4	1	23	29	5.043478260869565	0.1790582803492436
chr19:49640030	wtdmso	mtdmso	2	2	18	29	1.6111111111111112	0.6402561024409763
chr19:49640044	wtdmso	mtdmso	6	2	27	29	3.2222222222222223	0.2586342210068099
chr19:49677302	wtdmso	mtdmso	4	10	7	10	0.5714285714285714	0.707380718243029
chr19:49684999	wtdmso	mtdmso	1	1	12	17	1.4166666666666667	1.0
chr19:49686123	wtdmso	mtdmso	1	1	11	16	1.4545454545454546	1.0
chr19:49686128	wtdmso	mtdmso	2	1	12	18	3.0	0.561217008797654
chr19:49686655	wtdmso	mtdmso	1	1	13	15	1.1538461538461537	1.0
chr19:49686721	wtdmso	mtdmso	1	1	23	15	0.6521739130434783	1.0
chr19:49688165	wtdmso	mtdmso	2	4	12	12	0.5	0.6567049808429117
chr19:49688189	wtdmso	mtdmso	1	1	21	17	0.8095238095238095	1.0
chr19:49688383	wtdmso	mtdmso	5	3	18	15	1.3888888888888888	1.0
chr19:49806170	wtdmso	mtdmso	3	2	7	17	3.642857142857143	0.3064292029809271
chr19:49806692	wtdmso	mtdmso	1	2	11	15	0.6818181818181818	1.0
chr19:49806765	wtdmso	mtdmso	3	3	9	15	1.6666666666666667	0.6598711633194392
chr19:49806808	wtdmso	mtdmso	9	9	4	8	2.0	0.46508189514265413
chr19:49806834	wtdmso	mtdmso	1	1	13	14	1.0769230769230769	1.0
chr19:49858573	wtdmso	mtdmso	2	5	8	9	0.45	0.652936689549962
chr19:50382456	wtdmso	mtdmso	3	2	8	10	1.875	0.6404053612291598
chr19:52211356	wtdmso	mtdmso	1	1	12	11	0.9166666666666666	1.0
chr19:52211483	wtdmso	mtdmso	3	2	10	12	1.8	0.6483091787439612
chr19:52219709	wtdmso	mtdmso	4	3	11	13	1.5757575757575757	0.6850821900877518
chr19:52219727	wtdmso	mtdmso	1	6	15	10	0.1111111111111111	0.08293165245334322
chr19:52221112	wtdmso	mtdmso	7	3	14	15	2.5	0.2898043543204833
chr19:52222234	wtdmso	mtdmso	2	1	35	26	1.4857142857142858	1.0
chr19:52225756	wtdmso	mtdmso	6	1	35	29	4.9714285714285715	0.22604043615749614
chr19:52225763	wtdmso	mtdmso	3	2	34	31	1.3676470588235294	1.0
chr19:52225804	wtdmso	mtdmso	4	1	32	33	4.125	0.35756002595717074
chr19:52226093	wtdmso	mtdmso	1	2	37	32	0.43243243243243246	0.5992287055667338
chr19:52226202	wtdmso	mtdmso	1	3	37	36	0.32432432432432434	0.6150649350649351
chr19:52226286	wtdmso	mtdmso	2	4	33	32	0.48484848484848486	0.6737073968796556
chr19:54106831	wtdmso	mtdmso	1	1	9	13	1.4444444444444444	1.0
chr19:54106895	wtdmso	mtdmso	1	1	9	13	1.4444444444444444	1.0
chr19:54201217	wtdmso	mtdmso	9	2	159	161	4.556603773584905	0.061390610123777715
chr19:54201504	wtdmso	mtdmso	6	6	172	168	0.9767441860465116	1.0
chr19:54201565	wtdmso	mtdmso	16	8	170	169	1.988235294117647	0.14095841907675005
chr19:54201588	wtdmso	mtdmso	4	14	177	153	0.2469733656174334	0.013534338348704752
chr19:54207417	wtdmso	mtdmso	79	71	110	111	1.1227912932138284	0.5982667268695052
chr19:55386391	wtdmso	mtdmso	46	36	491	445	1.1580674360715093	0.5651474099822763
chr19:55386426	wtdmso	mtdmso	2	2	476	410	0.8613445378151261	1.0
chr19:55386579	wtdmso	mtdmso	44	45	510	451	0.8646623093681918	0.579213555123959
chr19:55386613	wtdmso	mtdmso	90	79	341	302	1.0089461375700657	1.0
chr19:55386629	wtdmso	mtdmso	5	3	470	429	1.5212765957446808	0.7278265159091526
chr19:55387961	wtdmso	mtdmso	9	6	475	426	1.345263157894737	0.6131632833885065
chr19:55388005	wtdmso	mtdmso	7	4	510	431	1.478921568627451	0.7625650426828885
chr19:55388022	wtdmso	mtdmso	34	9	542	498	3.4710947109471095	0.00048358516886855903
chr19:55388308	wtdmso	mtdmso	11	13	497	435	0.7405974307382758	0.5368692571546103
chr19:55644666	wtdmso	mtdmso	2	1	8	10	2.5	0.5864661654135338
chr19:55645197	wtdmso	mtdmso	10	7	1	5	7.142857142857143	0.15495259888852567
chr19:55645215	wtdmso	mtdmso	1	3	10	7	0.23333333333333334	0.3107769423558897
chr19:55645434	wtdmso	mtdmso	5	3	5	8	2.6666666666666665	0.38699690402476783
chr19:55645551	wtdmso	mtdmso	6	2	5	8	4.8	0.18266253869969043
chr19:55645589	wtdmso	mtdmso	10	10	1	2	2.0	1.0
chr19:55695534	wtdmso	mtdmso	1	1	9	11	1.2222222222222223	1.0
chr19:5678477	wtdmso	mtdmso	1	2	15	20	0.6666666666666666	1.0
chr19:5678498	wtdmso	mtdmso	3	1	14	22	4.714285714285714	0.29406937301674146
chr19:5690558	wtdmso	mtdmso	12	5	188	240	3.0638297872340425	0.0442977226536863
chr19:5691324	wtdmso	mtdmso	3	7	190	223	0.5030075187969925	0.3569016903961678
chr19:5691329	wtdmso	mtdmso	4	4	224	262	1.1696428571428572	1.0
chr19:5691616	wtdmso	mtdmso	16	33	202	214	0.5136513651365137	0.04824872438415746
chr19:5691653	wtdmso	mtdmso	31	38	136	169	1.0137383900928794	1.0
chr19:572614	wtdmso	mtdmso	8	1	57	57	8.0	0.03495237617649562
chr19:580383	wtdmso	mtdmso	9	9	98	87	0.8877551020408163	0.8108148315528466
chr19:580679	wtdmso	mtdmso	15	18	90	78	0.7222222222222222	0.44822690528427744
chr19:580744	wtdmso	mtdmso	26	18	72	74	1.4845679012345678	0.30302402699277914
chr19:580768	wtdmso	mtdmso	12	13	90	85	0.8717948717948718	0.8319731285453146
chr19:580777	wtdmso	mtdmso	5	7	90	79	0.626984126984127	0.5537902370560919
chr19:581387	wtdmso	mtdmso	27	29	76	60	0.73502722323049	0.3443987469990718
chr19:581393	wtdmso	mtdmso	37	25	81	79	1.4434567901234567	0.23479122653415746
chr19:582566	wtdmso	mtdmso	28	18	117	98	1.3029439696106362	0.513680423108241
chr19:583220	wtdmso	mtdmso	6	3	134	105	1.5671641791044777	0.7353541642208079
chr19:583238	wtdmso	mtdmso	62	53	77	51	0.7748100955648125	0.36420650088443635
chr19:583345	wtdmso	mtdmso	21	13	117	95	1.3116370808678501	0.577402770550697
chr19:583363	wtdmso	mtdmso	10	14	123	91	0.5284552845528455	0.1926808318479294
chr19:583371	wtdmso	mtdmso	20	15	121	97	1.0688705234159779	1.0
chr19:583441	wtdmso	mtdmso	12	9	119	87	0.9747899159663865	1.0
chr19:58387312	wtdmso	mtdmso	10	11	374	422	1.0257656781720952	1.0
chr19:58388140	wtdmso	mtdmso	15	16	387	427	1.0343992248062015	1.0
chr19:58388152	wtdmso	mtdmso	3	3	375	434	1.1573333333333333	1.0
chr19:58388176	wtdmso	mtdmso	13	13	402	441	1.0970149253731343	0.844363078044331
chr19:58388183	wtdmso	mtdmso	30	29	383	423	1.1425227334113621	0.6860207668134017
chr19:58388231	wtdmso	mtdmso	3	5	403	438	0.6521091811414392	0.7273618463309689
chr19:58393087	wtdmso	mtdmso	4	13	459	513	0.3438914027149321	0.08326159000227781
chr19:58393131	wtdmso	mtdmso	22	16	409	461	1.5498166259168704	0.24511026524788787
chr19:58393359	wtdmso	mtdmso	27	28	359	405	1.0878432152805413	0.781296940981639
chr19:58393410	wtdmso	mtdmso	38	56	441	477	0.7339650145772595	0.19290413958045083
chr19:58393436	wtdmso	mtdmso	139	125	337	387	1.2769851632047478	0.09800303209659356
chr19:58393482	wtdmso	mtdmso	64	56	412	461	1.2787794729542303	0.24218969043698177
chr19:58394542	wtdmso	mtdmso	57	56	425	465	1.113655462184874	0.618022872039043
chr19:58394550	wtdmso	mtdmso	3	2	370	374	1.5162162162162163	0.6854111187629164
chr19:58394691	wtdmso	mtdmso	118	125	355	380	1.0104788732394365	1.0
chr19:58545532	wtdmso	mtdmso	1	3	9	10	0.37037037037037035	0.603613777526821
chr19:58545875	wtdmso	mtdmso	1	1	9	9	1.0	1.0
chr19:58547625	wtdmso	mtdmso	1	3	9	10	0.37037037037037035	0.603613777526821
chr19:58548039	wtdmso	mtdmso	2	4	8	9	0.5625	0.660019614253024
chr19:58548372	wtdmso	mtdmso	2	2	9	23	2.5555555555555554	0.5704948646125114
chr19:58549124	wtdmso	mtdmso	7	10	15	19	0.8866666666666667	1.0
chr19:58549183	wtdmso	mtdmso	4	3	19	26	1.8245614035087718	0.6855913642052565
chr19:58549198	wtdmso	mtdmso	4	1	18	29	6.444444444444445	0.14940206851971558
chr19:58549616	wtdmso	mtdmso	8	8	21	21	1.0	1.0
chr19:58549774	wtdmso	mtdmso	4	2	24	32	2.6666666666666665	0.3959495315449316
chr19:58549986	wtdmso	mtdmso	3	4	25	29	0.87	1.0
chr19:58550173	wtdmso	mtdmso	2	2	32	36	1.125	1.0
chr19:58550278	wtdmso	mtdmso	11	9	26	32	1.5042735042735043	0.45030847963815973
chr19:58550377	wtdmso	mtdmso	1	3	29	31	0.3563218390804598	0.6159203369343509
chr19:58550449	wtdmso	mtdmso	4	3	35	40	1.5238095238095237	0.7033361036525593
chr19:58550631	wtdmso	mtdmso	2	2	37	36	0.972972972972973	1.0
chr19:58556212	wtdmso	mtdmso	3	2	24	20	1.25	1.0
chr19:58556349	wtdmso	mtdmso	1	1	24	20	0.8333333333333334	1.0
chr19:5894723	wtdmso	mtdmso	1	5	29	37	0.25517241379310346	0.39004726018694397
chr19:5896467	wtdmso	mtdmso	2	2	19	42	2.210526315789474	0.5892059553349875
chr19:5896499	wtdmso	mtdmso	8	10	23	40	1.391304347826087	0.5892115641332984
chr19:6368818	wtdmso	mtdmso	1	1	10	9	0.9	1.0
chr19:6372829	wtdmso	mtdmso	2	3	9	7	0.5185185185185185	0.6351172047766475
chr19:6372972	wtdmso	mtdmso	2	3	10	7	0.4666666666666667	0.6240601503759399
chr19:6374553	wtdmso	mtdmso	1	1	11	10	0.9090909090909091	1.0
chr19:6374827	wtdmso	mtdmso	2	1	10	9	1.8	1.0
chr19:7682490	wtdmso	mtdmso	1	3	17	19	0.37254901960784315	0.6132727869569976
chr19:7682560	wtdmso	mtdmso	2	2	9	8	0.8888888888888888	1.0
chr19:7682653	wtdmso	mtdmso	4	2	16	17	2.125	0.6614196614196612
chr19:7682819	wtdmso	mtdmso	3	1	12	18	4.5	0.2994221148870105
chr19:808719	wtdmso	mtdmso	1	3	10	10	0.3333333333333333	0.5962732919254659
chr19:811010	wtdmso	mtdmso	2	2	12	14	1.1666666666666667	1.0
chr19:811029	wtdmso	mtdmso	7	9	7	8	0.8888888888888888	1.0
chr19:811210	wtdmso	mtdmso	4	1	19	17	3.5789473684210527	0.362940653698035
chr19:811484	wtdmso	mtdmso	1	1	11	10	0.9090909090909091	1.0
chr19:811537	wtdmso	mtdmso	2	2	24	17	0.7083333333333334	1.0
chr19:811649	wtdmso	mtdmso	3	2	26	19	1.0961538461538463	1.0
chr19:811826	wtdmso	mtdmso	1	1	27	18	0.6666666666666666	1.0
chr19:811901	wtdmso	mtdmso	1	1	32	19	0.59375	1.0
chr19:812080	wtdmso	mtdmso	6	5	27	16	0.7111111111111111	0.7328933837202478
chr19:812145	wtdmso	mtdmso	6	2	26	19	2.1923076923076925	0.45499458092414224
chr19:812195	wtdmso	mtdmso	3	1	31	21	2.032258064516129	1.0
chr19:812217	wtdmso	mtdmso	1	2	12	10	0.4166666666666667	0.5930434782608694
chr19:8311504	wtdmso	mtdmso	3	2	21	11	0.7857142857142857	1.0
chr19:8311560	wtdmso	mtdmso	1	3	23	10	0.14492753623188406	0.11475509122567945
chr19:8316643	wtdmso	mtdmso	4	2	19	10	1.0526315789473684	1.0
chr19:8321320	wtdmso	mtdmso	1	1	21	10	0.47619047619047616	1.0
chr19:8321534	wtdmso	mtdmso	3	6	165	414	1.2545454545454546	0.7197353971069218
chr19:8321676	wtdmso	mtdmso	17	33	167	415	1.2801669388495736	0.42131850884346267
chr19:8321690	wtdmso	mtdmso	2	6	174	401	0.7681992337164751	1.0
chr19:8322353	wtdmso	mtdmso	16	43	167	388	0.86450355103746	0.764801134299388
chr19:8371501	wtdmso	mtdmso	2	1	11	9	1.6363636363636365	1.0
chr19:9828611	wtdmso	mtdmso	3	2	32	33	1.546875	1.0
chr19:9828637	wtdmso	mtdmso	1	1	32	37	1.15625	1.0
chr19:9828853	wtdmso	mtdmso	2	4	31	28	0.45161290322580644	0.426649852879361
chr19:9828871	wtdmso	mtdmso	1	3	31	24	0.25806451612903225	0.32322917170190235
chr19:9829985	wtdmso	mtdmso	4	2	32	34	2.125	0.6737073968796559
chr19:9830087	wtdmso	mtdmso	1	1	29	32	1.103448275862069	1.0
chr19:985912	wtdmso	mtdmso	3	1	9	15	5.0	0.28498168498168497
chr19:989864	wtdmso	mtdmso	1	2	10	17	0.85	1.0
chr19:990350	wtdmso	mtdmso	1	2	20	27	0.675	1.0
chr19:990924	wtdmso	mtdmso	2	5	11	26	0.9454545454545454	1.0
chr19:991228	wtdmso	mtdmso	5	7	23	32	0.9937888198757764	1.0
chr19:991236	wtdmso	mtdmso	3	3	24	36	1.5	0.6822529995123859
chr19:994041	wtdmso	mtdmso	1	3	26	32	0.41025641025641024	0.6256218125106435
chr19:994231	wtdmso	mtdmso	7	4	21	30	2.5	0.1999653059505842
chr19:994297	wtdmso	mtdmso	1	2	32	41	0.640625	1.0
chr19:994439	wtdmso	mtdmso	21	29	11	15	0.987460815047022	1.0
chr19:994481	wtdmso	mtdmso	9	10	23	26	1.017391304347826	1.0
chr19_GL949750v2_alt:182399	wtdmso	mtdmso	6	8	7	13	1.3928571428571428	0.728236688107559
chr19_GL949751v2_alt:176208	wtdmso	mtdmso	1	1	22	25	1.1363636363636365	1.0
chr19_GL949751v2_alt:176547	wtdmso	mtdmso	5	1	21	16	3.8095238095238093	0.3764900055015588
chr19_GL949751v2_alt:182399	wtdmso	mtdmso	13	16	16	14	0.7109375	0.6058071732731873
chr19_GL949752v1_alt:176476	wtdmso	mtdmso	2	2	42	40	0.9523809523809523	1.0
chr19_GL949752v1_alt:176537	wtdmso	mtdmso	2	8	41	35	0.21341463414634146	0.08873953359864241
chr19_GL949752v1_alt:176560	wtdmso	mtdmso	2	4	41	38	0.4634146341463415	0.4331115310916871
chr19_GL949752v1_alt:182388	wtdmso	mtdmso	17	26	31	22	0.4640198511166253	0.10010090505503887
chr19_KI270938v1_alt:182399	wtdmso	mtdmso	2	6	10	20	0.6666666666666666	1.0
chr1:10419417	wtdmso	mtdmso	3	5	12	6	0.3	0.21830663615560636
chr1:10419869	wtdmso	mtdmso	6	3	10	9	1.8	0.6869565217391305
chr1:109214035	wtdmso	mtdmso	2	2	10	9	0.9	1.0
chr1:109224001	wtdmso	mtdmso	1	2	14	12	0.42857142857142855	0.5977011494252873
chr1:109228409	wtdmso	mtdmso	1	1	13	14	1.0769230769230769	1.0
chr1:109229516	wtdmso	mtdmso	1	1	13	15	1.1538461538461537	1.0
chr1:109231650	wtdmso	mtdmso	1	1	15	15	1.0	1.0
chr1:109235393	wtdmso	mtdmso	4	1	30	16	2.1333333333333333	0.6535533362281083
chr1:109235981	wtdmso	mtdmso	3	1	31	20	1.935483870967742	1.0
chr1:109236423	wtdmso	mtdmso	4	2	43	21	0.9767441860465116	1.0
chr1:109237731	wtdmso	mtdmso	6	7	44	31	0.6038961038961039	0.5458814587312396
chr1:109237740	wtdmso	mtdmso	2	3	38	33	0.5789473684210527	0.6630877452795261
chr1:109237865	wtdmso	mtdmso	6	3	52	37	1.4230769230769231	0.7338952602071313
chr1:109237888	wtdmso	mtdmso	19	9	38	26	1.4444444444444444	0.4913213369973286
chr1:109237997	wtdmso	mtdmso	8	16	35	18	0.2571428571428571	0.01250329342379921
chr1:109238017	wtdmso	mtdmso	4	4	38	28	0.7368421052631579	0.7200464204794644
chr1:109238068	wtdmso	mtdmso	9	6	48	28	0.875	1.0
chr1:109238082	wtdmso	mtdmso	22	15	34	22	0.9490196078431372	1.0
chr1:11054705	wtdmso	mtdmso	11	5	10	6	1.32	1.0
chr1:11054833	wtdmso	mtdmso	10	4	17	11	1.6176470588235294	0.7337405508837418
chr1:11055076	wtdmso	mtdmso	7	3	22	10	1.0606060606060606	1.0
chr1:11056046	wtdmso	mtdmso	2	2	22	8	0.36363636363636365	0.5635673624288423
chr1:11056620	wtdmso	mtdmso	9	3	18	10	1.6666666666666667	0.7158769903877988
chr1:111454229	wtdmso	mtdmso	1	2	9	14	0.7777777777777778	1.0
chr1:111454303	wtdmso	mtdmso	1	2	19	14	0.3684210526315789	0.5742296918767505
chr1:111454343	wtdmso	mtdmso	1	3	21	13	0.20634920634920634	0.2906590801327643
chr1:111456102	wtdmso	mtdmso	5	5	18	12	0.6666666666666666	0.7165683052779827
chr1:111456239	wtdmso	mtdmso	1	1	20	15	0.75	1.0
chr1:111459556	wtdmso	mtdmso	2	1	20	16	1.6	1.0
chr1:111461254	wtdmso	mtdmso	3	4	20	12	0.45	0.4150759475836875
chr1:111461316	wtdmso	mtdmso	1	1	9	10	1.1111111111111112	1.0
chr1:112701225	wtdmso	mtdmso	2	3	26	22	0.5641025641025641	0.6575233867131758
chr1:112701299	wtdmso	mtdmso	2	1	25	22	1.76	1.0
chr1:112701413	wtdmso	mtdmso	7	10	21	15	0.5	0.3769994294002107
chr1:112701675	wtdmso	mtdmso	6	5	26	21	0.9692307692307692	1.0
chr1:112702611	wtdmso	mtdmso	2	4	27	21	0.3888888888888889	0.39871449305411566
chr1:112703099	wtdmso	mtdmso	3	2	17	19	1.6764705882352942	0.662796004259419
chr1:114717352	wtdmso	mtdmso	2	1	23	11	0.9565217391304348	1.0
chr1:114717495	wtdmso	mtdmso	1	3	23	11	0.15942028985507245	0.1319108582266477
chr1:116390339	wtdmso	mtdmso	1	3	9	9	0.3333333333333333	0.593984962406015
chr1:116393546	wtdmso	mtdmso	2	2	8	9	1.125	1.0
chr1:116395137	wtdmso	mtdmso	3	2	9	13	2.1666666666666665	0.6280193236714976
chr1:116396727	wtdmso	mtdmso	5	2	19	12	1.5789473684210527	1.0
chr1:116397933	wtdmso	mtdmso	1	1	11	13	1.1818181818181819	1.0
chr1:116397990	wtdmso	mtdmso	8	1	16	10	5.0	0.2172161411839485
chr1:116398638	wtdmso	mtdmso	4	2	23	14	1.2173913043478262	1.0
chr1:116398773	wtdmso	mtdmso	2	4	30	22	0.36666666666666664	0.39264280256644063
chr1:116399045	wtdmso	mtdmso	7	2	27	12	1.5555555555555556	1.0
chr1:116399067	wtdmso	mtdmso	3	2	32	26	1.21875	1.0
chr1:116399472	wtdmso	mtdmso	13	8	18	10	0.9027777777777778	1.0
chr1:116400953	wtdmso	mtdmso	10	8	30	22	0.9166666666666666	1.0
chr1:116401225	wtdmso	mtdmso	3	2	40	29	1.0875	1.0
chr1:116401587	wtdmso	mtdmso	11	6	23	12	0.9565217391304348	1.0
chr1:116404535	wtdmso	mtdmso	16	10	30	22	1.1733333333333333	0.810339362878095
chr1:116404702	wtdmso	mtdmso	2	5	36	27	0.3	0.23384754726893137
chr1:116404714	wtdmso	mtdmso	7	6	39	24	0.717948717948718	0.756525337223563
chr1:11648463	wtdmso	mtdmso	6	2	41	20	1.4634146341463414	1.0
chr1:11648468	wtdmso	mtdmso	23	13	18	8	0.7863247863247863	0.7875990493346366
chr1:11648627	wtdmso	mtdmso	2	2	48	21	0.4375	0.5858254550131841
chr1:119723374	wtdmso	mtdmso	7	16	3	2	0.2916666666666667	0.315018315018315
chr1:119723389	wtdmso	mtdmso	1	2	11	16	0.7272727272727273	1.0
chr1:119723408	wtdmso	mtdmso	4	9	7	11	0.6984126984126984	0.7178314068772065
chr1:119735348	wtdmso	mtdmso	5	15	6	9	0.5	0.46740823136818677
chr1:119740496	wtdmso	mtdmso	1	2	10	22	1.1	1.0
chr1:119741790	wtdmso	mtdmso	4	6	7	17	1.619047619047619	0.6915162145974159
chr1:119741853	wtdmso	mtdmso	2	5	12	21	0.7	1.0
chr1:119743017	wtdmso	mtdmso	1	2	10	19	0.95	1.0
chr1:119743926	wtdmso	mtdmso	2	1	9	25	5.555555555555555	0.20527670527670527
chr1:119744013	wtdmso	mtdmso	5	11	9	15	0.7575757575757576	0.7462115062782471
chr1:11975175	wtdmso	mtdmso	10	8	1	3	3.75	0.5864661654135339
chr1:11975234	wtdmso	mtdmso	5	5	6	5	0.8333333333333334	1.0
chr1:11975261	wtdmso	mtdmso	4	3	6	8	1.7777777777777777	0.6594427244582043
chr1:11975503	wtdmso	mtdmso	4	1	8	9	4.5	0.32330827067669177
chr1:1216960	wtdmso	mtdmso	2	4	10	7	0.35	0.3707093821510297
chr1:1217082	wtdmso	mtdmso	2	1	12	11	1.8333333333333333	1.0
chr1:1217109	wtdmso	mtdmso	9	2	6	12	9.0	0.02093953023488256
chr1:1217178	wtdmso	mtdmso	8	4	5	9	3.6	0.23774397630905914
chr1:1217542	wtdmso	mtdmso	9	4	4	7	3.9375	0.21732640424590888
chr1:1217608	wtdmso	mtdmso	4	2	11	9	1.6363636363636365	1.0
chr1:1217614	wtdmso	mtdmso	2	2	13	8	0.6153846153846154	1.0
chr1:150574601	wtdmso	mtdmso	1	2	10	13	0.65	1.0
chr1:150574784	wtdmso	mtdmso	2	1	9	15	3.3333333333333335	0.5487179487179487
chr1:150574795	wtdmso	mtdmso	5	3	16	12	1.25	1.0
chr1:150574948	wtdmso	mtdmso	4	3	6	12	2.6666666666666665	0.37812565009361343
chr1:150965500	wtdmso	mtdmso	2	1	8	9	2.25	1.0
chr1:151399616	wtdmso	mtdmso	4	4	25	28	1.12	1.0
chr1:151399643	wtdmso	mtdmso	4	4	29	34	1.1724137931034482	1.0
chr1:151400048	wtdmso	mtdmso	7	1	32	40	8.75	0.027173416145151886
chr1:151400505	wtdmso	mtdmso	1	2	41	44	0.5365853658536586	1.0
chr1:151400539	wtdmso	mtdmso	8	14	41	37	0.5156794425087108	0.22961544635916642
chr1:151400551	wtdmso	mtdmso	2	4	39	36	0.46153846153846156	0.43208455866683715
chr1:151401850	wtdmso	mtdmso	18	17	37	37	1.0588235294117647	1.0
chr1:151401878	wtdmso	mtdmso	14	14	39	37	0.9487179487179487	1.0
chr1:151401899	wtdmso	mtdmso	6	9	50	40	0.5333333333333333	0.2805525704361547
chr1:151983014	wtdmso	mtdmso	3	5	274	317	0.6941605839416058	0.7309436134859124
chr1:151983025	wtdmso	mtdmso	12	16	356	397	0.836376404494382	0.7028096256143759
chr1:151983054	wtdmso	mtdmso	34	47	330	359	0.7869761444229529	0.3473789363033238
chr1:151983202	wtdmso	mtdmso	17	29	301	329	0.640737770649559	0.17066458608748225
chr1:151983277	wtdmso	mtdmso	13	21	316	349	0.6836949969861362	0.37878163861458736
chr1:151983283	wtdmso	mtdmso	22	29	287	340	0.8987144058632704	0.7711028433222815
chr1:151983298	wtdmso	mtdmso	4	8	267	305	0.5711610486891385	0.3978416987121574
chr1:151983313	wtdmso	mtdmso	1	1	301	360	1.196013289036545	1.0
chr1:151986141	wtdmso	mtdmso	34	34	295	335	1.1355932203389831	0.7015556054301254
chr1:151986212	wtdmso	mtdmso	24	37	235	281	0.7756181713628522	0.4146873111540347
chr1:151986240	wtdmso	mtdmso	10	9	274	341	1.3828061638280615	0.49350544328145873
chr1:152032511	wtdmso	mtdmso	2	1	100	77	1.54	1.0
chr1:152032636	wtdmso	mtdmso	5	3	311	235	1.2593783494105038	1.0
chr1:152032658	wtdmso	mtdmso	16	13	287	229	0.9820423478960064	1.0
chr1:152032666	wtdmso	mtdmso	10	3	266	203	2.543859649122807	0.16755847519291345
chr1:152032701	wtdmso	mtdmso	25	15	275	220	1.3333333333333333	0.4135276478457601
chr1:152032776	wtdmso	mtdmso	19	15	289	220	0.9642445213379469	1.0
chr1:152032781	wtdmso	mtdmso	17	14	300	228	0.9228571428571428	0.8536851786207685
chr1:152032797	wtdmso	mtdmso	9	9	309	228	0.7378640776699029	0.6298005827937467
chr1:152032812	wtdmso	mtdmso	14	12	307	237	0.9006514657980456	0.8412061215127824
chr1:152032821	wtdmso	mtdmso	17	13	242	198	1.06993006993007	1.0
chr1:152033665	wtdmso	mtdmso	25	20	310	230	0.9274193548387096	0.8757397649762406
chr1:152033711	wtdmso	mtdmso	15	5	323	251	2.331269349845201	0.11137852112077937
chr1:152036988	wtdmso	mtdmso	1	1	74	45	0.6081081081081081	1.0
chr1:153534673	wtdmso	mtdmso	9	7	2216	1985	1.151689014956163	0.8080157328214037
chr1:153534762	wtdmso	mtdmso	309	258	2011	1807	1.0761798480450546	0.4434544337853742
chr1:153534774	wtdmso	mtdmso	81	74	2147	1914	0.9758053349110638	0.9347034510565495
chr1:153534780	wtdmso	mtdmso	44	30	2040	1834	1.3185620915032679	0.29016070995941856
chr1:153534786	wtdmso	mtdmso	114	92	2120	1882	1.1000205086136177	0.5201597230480862
chr1:153534792	wtdmso	mtdmso	25	18	2252	1981	1.2217535030590092	0.5428765923335654
chr1:153535197	wtdmso	mtdmso	27	22	7	10	1.7532467532467533	0.4028814690608364
chr1:153535265	wtdmso	mtdmso	222	169	1748	1544	1.1603049300637753	0.18006501072616998
chr1:153535944	wtdmso	mtdmso	13	13	1	5	5.0	0.1959352984797924
chr1:153536005	wtdmso	mtdmso	13	8	81	70	1.404320987654321	0.6407746131024498
chr1:153561244	wtdmso	mtdmso	1	4	14	23	0.4107142857142857	0.6389602053915275
chr1:153561361	wtdmso	mtdmso	3	7	161	229	0.6095829636202307	0.5358896114517221
chr1:153561394	wtdmso	mtdmso	60	78	134	231	1.3260619977037889	0.18229497469089428
chr1:153561424	wtdmso	mtdmso	12	27	204	314	0.6840958605664488	0.31181593894842996
chr1:153561431	wtdmso	mtdmso	52	68	162	280	1.3217138707334786	0.20350138112230073
chr1:153561448	wtdmso	mtdmso	2	1	201	325	3.2338308457711444	0.5616529946882766
chr1:153561469	wtdmso	mtdmso	12	15	183	290	1.2677595628415301	0.5497516798402393
chr1:153561520	wtdmso	mtdmso	26	41	158	243	0.9753010188329732	1.0
chr1:153561532	wtdmso	mtdmso	12	11	200	327	1.7836363636363637	0.19205700553104715
chr1:153561538	wtdmso	mtdmso	2	5	200	317	0.634	0.7121903383179138
chr1:153563471	wtdmso	mtdmso	3	4	27	17	0.4722222222222222	0.4266909724111662
chr1:153563524	wtdmso	mtdmso	8	5	22	16	1.1636363636363636	1.0
chr1:153563766	wtdmso	mtdmso	18	17	205	339	1.750932568149211	0.11033502483257665
chr1:153607039	wtdmso	mtdmso	18	3	27	14	3.111111111111111	0.13567377786901363
chr1:153607091	wtdmso	mtdmso	12	6	137	120	1.7518248175182483	0.3323582533841682
chr1:153607185	wtdmso	mtdmso	4	4	144	129	0.8958333333333334	1.0
chr1:153607277	wtdmso	mtdmso	21	4	107	99	4.857476635514018	0.0024151820256835058
chr1:153607393	wtdmso	mtdmso	62	57	82	69	0.9152759948652118	0.8059751491985714
chr1:153607404	wtdmso	mtdmso	4	6	105	100	0.6349206349206349	0.5343345609595869
chr1:153607415	wtdmso	mtdmso	1	5	126	105	0.16666666666666666	0.09897485635113645
chr1:153607530	wtdmso	mtdmso	4	7	114	105	0.5263157894736842	0.3654457405758599
chr1:153607604	wtdmso	mtdmso	9	7	111	99	1.1467181467181466	1.0
chr1:153607651	wtdmso	mtdmso	24	12	110	101	1.8363636363636364	0.146942519154974
chr1:153607681	wtdmso	mtdmso	7	5	116	102	1.2310344827586206	0.7752486695982173
chr1:153607690	wtdmso	mtdmso	1	2	96	79	0.4114583333333333	0.5919218850089161
chr1:153608011	wtdmso	mtdmso	12	7	113	96	1.4563843236409608	0.481183806560301
chr1:153608098	wtdmso	mtdmso	1	2	124	102	0.4112903225806452	0.5919718693459503
chr1:153608143	wtdmso	mtdmso	3	1	96	94	2.9375	0.6214089484580829
chr1:153612963	wtdmso	mtdmso	5	1	107	100	4.672897196261682	0.21588581500206072
chr1:153613070	wtdmso	mtdmso	2	1	48	36	1.5	1.0
chr1:153614334	wtdmso	mtdmso	12	12	136	168	1.2352941176470589	0.6731295716842747
chr1:153614349	wtdmso	mtdmso	5	2	167	200	2.9940119760479043	0.2550791272403453
chr1:153614417	wtdmso	mtdmso	8	7	149	178	1.3652924256951102	0.6037559314385512
chr1:153614508	wtdmso	mtdmso	6	18	146	157	0.3584474885844749	0.03335920932556504
chr1:153614597	wtdmso	mtdmso	6	5	164	182	1.3317073170731708	0.7627525693438699
chr1:153614671	wtdmso	mtdmso	37	46	128	144	0.904891304347826	0.7079307060123281
chr1:153614825	wtdmso	mtdmso	14	9	161	183	1.7681159420289856	0.20359925314940333
chr1:153614845	wtdmso	mtdmso	37	39	110	125	1.078088578088578	0.7928454106205077
chr1:153614881	wtdmso	mtdmso	37	38	125	154	1.199578947368421	0.5154247008603834
chr1:153614965	wtdmso	mtdmso	40	45	139	163	1.0423661071143087	0.9023177747076077
chr1:153614972	wtdmso	mtdmso	15	13	155	186	1.3846153846153846	0.43561928626641305
chr1:153615268	wtdmso	mtdmso	21	15	119	160	1.8823529411764706	0.10771288071620372
chr1:153615287	wtdmso	mtdmso	3	1	165	198	3.6	0.33604418076631953
chr1:153615328	wtdmso	mtdmso	8	9	169	190	0.9993425378040762	1.0
chr1:153615852	wtdmso	mtdmso	18	19	138	153	1.0503432494279177	1.0
chr1:153615871	wtdmso	mtdmso	6	3	145	182	2.510344827586207	0.30857452776281513
chr1:153615876	wtdmso	mtdmso	6	11	113	131	0.6323411102172164	0.455361522335895
chr1:153615890	wtdmso	mtdmso	58	57	117	154	1.339331234068076	0.2189574890603787
chr1:153615898	wtdmso	mtdmso	23	31	135	160	0.8793309438470729	0.7664949979543073
chr1:153974632	wtdmso	mtdmso	1	1	10	9	0.9	1.0
chr1:153990794	wtdmso	mtdmso	18	37	102	363	1.7313195548489666	0.08948455177238443
chr1:153991161	wtdmso	mtdmso	4	7	163	454	1.5915863277826467	0.4944386918259993
chr1:153992121	wtdmso	mtdmso	2	6	130	366	0.9384615384615385	1.0
chr1:153992134	wtdmso	mtdmso	4	5	109	329	2.4146788990825687	0.2395084778798851
chr1:1541705	wtdmso	mtdmso	2	1	22	12	1.0909090909090908	1.0
chr1:1541948	wtdmso	mtdmso	3	5	7	7	0.6	0.6749226006191951
chr1:154206761	wtdmso	mtdmso	4	5	8	12	1.2	1.0
chr1:154206949	wtdmso	mtdmso	3	3	11	22	2.0	0.6471703902044459
chr1:154206991	wtdmso	mtdmso	8	6	6	21	4.666666666666667	0.038878337755398916
chr1:154207044	wtdmso	mtdmso	5	3	8	24	5.0	0.08626893147016985
chr1:154207243	wtdmso	mtdmso	1	2	11	24	1.0909090909090908	1.0
chr1:154207255	wtdmso	mtdmso	3	3	8	13	1.625	0.6618357487922706
chr1:154207370	wtdmso	mtdmso	2	5	10	22	0.88	1.0
chr1:154207439	wtdmso	mtdmso	6	15	6	10	0.6666666666666666	0.725821483329826
chr1:154962325	wtdmso	mtdmso	2	4	77	54	0.35064935064935066	0.4008989331288313
chr1:154962562	wtdmso	mtdmso	2	3	76	53	0.4649122807017544	0.6490828301241882
chr1:154962583	wtdmso	mtdmso	18	7	81	55	1.746031746031746	0.27152863922386394
chr1:154962592	wtdmso	mtdmso	29	25	52	34	0.7584615384615384	0.48366655053454843
chr1:154962625	wtdmso	mtdmso	3	3	88	58	0.6590909090909091	0.6844618956128008
chr1:154962652	wtdmso	mtdmso	20	12	79	55	1.160337552742616	0.8415917053195694
chr1:154962709	wtdmso	mtdmso	4	3	80	50	0.8333333333333334	1.0
chr1:154962793	wtdmso	mtdmso	3	2	65	38	0.8769230769230769	1.0
chr1:154962839	wtdmso	mtdmso	20	20	54	32	0.5925925925925926	0.18118001380292761
chr1:154962885	wtdmso	mtdmso	2	1	81	60	1.4814814814814814	1.0
chr1:154962930	wtdmso	mtdmso	7	2	76	57	2.625	0.30550046062874325
chr1:154962957	wtdmso	mtdmso	8	5	69	54	1.2521739130434784	0.7760225545688524
chr1:154963133	wtdmso	mtdmso	5	6	58	48	0.6896551724137931	0.7523400649309769
chr1:154963271	wtdmso	mtdmso	8	6	55	44	1.0666666666666667	1.0
chr1:154963319	wtdmso	mtdmso	6	2	52	54	3.1153846153846154	0.27188434231583325
chr1:154963330	wtdmso	mtdmso	2	2	63	54	0.8571428571428571	1.0
chr1:154963363	wtdmso	mtdmso	4	5	57	40	0.5614035087719298	0.4901442806584466
chr1:154963377	wtdmso	mtdmso	3	2	72	57	1.1875	1.0
chr1:154963470	wtdmso	mtdmso	10	7	57	50	1.2531328320802004	0.7953508473264586
chr1:154963484	wtdmso	mtdmso	25	9	36	35	2.700617283950617	0.03463820818673881
chr1:154963676	wtdmso	mtdmso	48	43	18	9	0.5581395348837209	0.27030952286783755
chr1:154963734	wtdmso	mtdmso	14	14	41	28	0.6829268292682927	0.4984174535303647
chr1:154963743	wtdmso	mtdmso	3	1	62	52	2.5161290322580645	0.6264918388263497
chr1:154963808	wtdmso	mtdmso	2	4	59	50	0.423728813559322	0.41733185975404646
chr1:154963838	wtdmso	mtdmso	32	20	30	29	1.5466666666666666	0.338381588605564
chr1:154963872	wtdmso	mtdmso	9	5	23	10	0.782608695652174	0.7422484643461187
chr1:154963924	wtdmso	mtdmso	10	8	48	45	1.171875	0.8017496682305232
chr1:154965645	wtdmso	mtdmso	4	1	45	45	4.0	0.36278582523570424
chr1:154965959	wtdmso	mtdmso	14	9	38	33	1.3508771929824561	0.6324389161266404
chr1:154966034	wtdmso	mtdmso	4	7	43	37	0.49169435215946844	0.3443928919789562
chr1:154966222	wtdmso	mtdmso	2	2	31	35	1.1290322580645162	1.0
chr1:154966429	wtdmso	mtdmso	13	13	23	23	1.0	1.0
chr1:154966445	wtdmso	mtdmso	5	1	35	38	5.428571428571429	0.20072332730560577
chr1:154966463	wtdmso	mtdmso	5	1	34	46	6.764705882352941	0.08733453494111687
chr1:154967690	wtdmso	mtdmso	2	2	34	40	1.1764705882352942	1.0
chr1:154967700	wtdmso	mtdmso	9	4	30	40	3.0	0.12890849395051657
chr1:154970055	wtdmso	mtdmso	3	2	22	33	2.25	0.6404841736134611
chr1:154970123	wtdmso	mtdmso	1	2	26	33	0.6346153846153846	1.0
chr1:154970162	wtdmso	mtdmso	3	6	26	27	0.5192307692307693	0.4825931179713663
chr1:154970191	wtdmso	mtdmso	1	6	26	27	0.17307692307692307	0.11608477652342425
chr1:154970197	wtdmso	mtdmso	2	5	23	28	0.48695652173913045	0.6869833359235133
chr1:154970224	wtdmso	mtdmso	2	3	14	17	0.8095238095238095	1.0
chr1:154970643	wtdmso	mtdmso	3	2	8	12	2.25	0.6231884057971014
chr1:154970652	wtdmso	mtdmso	3	4	18	12	0.5	0.43727883481204155
chr1:155059953	wtdmso	mtdmso	3	5	8	11	0.825	1.0
chr1:155060325	wtdmso	mtdmso	4	1	22	16	2.909090909090909	0.6326607784350269
chr1:155060795	wtdmso	mtdmso	5	3	22	12	0.9090909090909091	1.0
chr1:155062534	wtdmso	mtdmso	3	2	8	15	2.8125	0.35307285307285313
chr1:155062582	wtdmso	mtdmso	2	3	23	14	0.4057971014492754	0.37948764970587817
chr1:155062598	wtdmso	mtdmso	4	1	23	17	2.9565217391304346	0.6337043557690183
chr1:155062615	wtdmso	mtdmso	5	2	24	15	1.5625	1.0
chr1:155169439	wtdmso	mtdmso	2	2	48	38	0.7916666666666666	1.0
chr1:155169443	wtdmso	mtdmso	2	1	41	35	1.7073170731707317	1.0
chr1:155173241	wtdmso	mtdmso	5	2	37	32	2.1621621621621623	0.4500999776140165
chr1:156009130	wtdmso	mtdmso	17	28	6	14	1.4166666666666667	0.587924899514056
chr1:156009195	wtdmso	mtdmso	1	1	19	29	1.5263157894736843	1.0
chr1:156009203	wtdmso	mtdmso	12	28	10	17	0.7285714285714285	0.602143639340152
chr1:156009376	wtdmso	mtdmso	5	11	14	32	1.0389610389610389	1.0
chr1:156009467	wtdmso	mtdmso	1	6	20	39	0.325	0.4161030997030468
chr1:156009543	wtdmso	mtdmso	3	1	18	40	6.666666666666667	0.10847995410911632
chr1:156009564	wtdmso	mtdmso	3	4	20	33	1.2375	1.0
chr1:156009622	wtdmso	mtdmso	1	1	20	37	1.85	1.0
chr1:156009645	wtdmso	mtdmso	4	4	18	41	2.2777777777777777	0.423059012386305
chr1:156011863	wtdmso	mtdmso	1	1	20	35	1.75	1.0
chr1:156018281	wtdmso	mtdmso	1	1	19	39	2.0526315789473686	1.0
chr1:156018349	wtdmso	mtdmso	1	9	19	33	0.19298245614035087	0.14633064403673257
chr1:156020046	wtdmso	mtdmso	1	5	19	37	0.3894736842105263	0.6540566669582237
chr1:156134905	wtdmso	mtdmso	4	3	6	9	2.0	0.651702786377709
chr1:156135958	wtdmso	mtdmso	1	1	10	28	2.8	0.47948717948717945
chr1:156136977	wtdmso	mtdmso	5	6	5	17	2.8333333333333335	0.23996748524001027
chr1:156137176	wtdmso	mtdmso	1	7	12	27	0.32142857142857145	0.41332698080546626
chr1:156137194	wtdmso	mtdmso	1	4	13	28	0.5384615384615384	1.0
chr1:156137686	wtdmso	mtdmso	3	13	8	30	0.8653846153846154	1.0
chr1:156137723	wtdmso	mtdmso	2	4	10	28	1.4	0.6576718800201501
chr1:156742154	wtdmso	mtdmso	5	3	40	30	1.25	1.0
chr1:156742183	wtdmso	mtdmso	7	1	34	18	3.7058823529411766	0.4156816892500537
chr1:156742300	wtdmso	mtdmso	3	2	38	16	0.631578947368421	0.6358930374126166
chr1:156742755	wtdmso	mtdmso	1	1	16	18	1.125	1.0
chr1:156742897	wtdmso	mtdmso	1	1	12	13	1.0833333333333333	1.0
chr1:15784955	wtdmso	mtdmso	6	3	22	7	0.6363636363636364	0.6731411327436495
chr1:15785991	wtdmso	mtdmso	1	1	10	11	1.1	1.0
chr1:15786321	wtdmso	mtdmso	2	1	11	12	2.1818181818181817	1.0
chr1:15786383	wtdmso	mtdmso	3	4	12	10	0.625	0.6816591704147927
chr1:15786486	wtdmso	mtdmso	2	1	9	13	2.888888888888889	0.5647826086956521
chr1:159918295	wtdmso	mtdmso	21	17	69	119	2.130434782608696	0.044910167408843765
chr1:159918351	wtdmso	mtdmso	17	16	82	143	1.8528963414634145	0.12456813574322398
chr1:159918401	wtdmso	mtdmso	17	20	41	76	1.575609756097561	0.2482276683318156
chr1:159918554	wtdmso	mtdmso	2	5	61	107	0.7016393442622951	1.0
chr1:159918582	wtdmso	mtdmso	2	2	62	103	1.6612903225806452	0.6341700288024508
chr1:159918587	wtdmso	mtdmso	13	11	76	131	2.037081339712919	0.12107669131403913
chr1:159918727	wtdmso	mtdmso	3	3	64	90	1.40625	0.6953967504818522
chr1:159918831	wtdmso	mtdmso	4	11	63	103	0.5945165945165946	0.57772613113831
chr1:159918917	wtdmso	mtdmso	18	20	53	99	1.681132075471698	0.189713175615579
chr1:159919369	wtdmso	mtdmso	4	5	53	88	1.3283018867924528	0.7311141767167717
chr1:159919671	wtdmso	mtdmso	2	2	46	57	1.2391304347826086	1.0
chr1:159919689	wtdmso	mtdmso	2	5	52	71	0.5461538461538461	0.6987538838449769
chr1:159920348	wtdmso	mtdmso	15	17	46	66	1.2659846547314577	0.6854206969506722
chr1:159920357	wtdmso	mtdmso	11	5	48	75	3.4375	0.03138573134590329
chr1:159920494	wtdmso	mtdmso	4	1	36	65	7.222222222222222	0.06601233642385328
chr1:165649886	wtdmso	mtdmso	2	5	21	42	0.8	1.0
chr1:165651083	wtdmso	mtdmso	2	6	22	42	0.6363636363636364	0.7104437661288865
chr1:165655524	wtdmso	mtdmso	1	1	23	42	1.826086956521739	1.0
chr1:167541058	wtdmso	mtdmso	9	10	25	17	0.612	0.4152234518267864
chr1:167541121	wtdmso	mtdmso	5	5	33	36	1.0909090909090908	1.0
chr1:167541126	wtdmso	mtdmso	16	21	20	18	0.6857142857142857	0.4909953415092404
chr1:167541138	wtdmso	mtdmso	4	8	33	29	0.4393939393939394	0.344690695043512
chr1:167541305	wtdmso	mtdmso	6	6	31	35	1.1290322580645162	1.0
chr1:167541468	wtdmso	mtdmso	2	1	26	27	2.076923076923077	1.0
chr1:167541549	wtdmso	mtdmso	5	7	26	25	0.6868131868131868	0.7499603359975584
chr1:167541649	wtdmso	mtdmso	1	1	30	31	1.0333333333333334	1.0
chr1:167541689	wtdmso	mtdmso	10	7	22	22	1.4285714285714286	0.5795124698033918
chr1:167541781	wtdmso	mtdmso	2	3	22	23	0.696969696969697	1.0
chr1:167542127	wtdmso	mtdmso	1	1	33	29	0.8787878787878788	1.0
chr1:167542291	wtdmso	mtdmso	2	1	36	34	1.8888888888888888	1.0
chr1:167546131	wtdmso	mtdmso	11	11	20	25	1.25	0.7953381947959534
chr1:167546144	wtdmso	mtdmso	1	4	18	22	0.3055555555555556	0.3783348434511226
chr1:167546157	wtdmso	mtdmso	6	9	32	24	0.5	0.26002253055271285
chr1:167548006	wtdmso	mtdmso	5	4	31	27	1.0887096774193548	1.0
chr1:167548012	wtdmso	mtdmso	4	5	34	26	0.611764705882353	0.7213159203856112
chr1:167553625	wtdmso	mtdmso	11	7	22	21	1.5	0.5777725214025783
chr1:17022665	wtdmso	mtdmso	3	3	7	15	2.142857142857143	0.6344959388437649
chr1:173477488	wtdmso	mtdmso	3	2	64	71	1.6640625	0.6701997005373544
chr1:173481354	wtdmso	mtdmso	2	2	65	56	0.8615384615384616	1.0
chr1:173481450	wtdmso	mtdmso	1	4	77	72	0.23376623376623376	0.20659654590312954
chr1:173481462	wtdmso	mtdmso	2	4	81	79	0.4876543209876543	0.6817125259376526
chr1:173485495	wtdmso	mtdmso	16	19	72	68	0.7953216374269005	0.5754843222216935
chr1:173486321	wtdmso	mtdmso	10	14	79	76	0.6871609403254972	0.5113805225799831
chr1:173486362	wtdmso	mtdmso	2	1	77	79	2.051948051948052	0.6202379521692104
chr1:173487787	wtdmso	mtdmso	9	6	79	81	1.5379746835443038	0.590669479651573
chr1:173487938	wtdmso	mtdmso	5	6	82	77	0.782520325203252	0.7623717109383392
chr1:173863972	wtdmso	mtdmso	1	3	118	94	0.2655367231638418	0.32823772065608653
chr1:173864017	wtdmso	mtdmso	1	1	116	93	0.8017241379310345	1.0
chr1:173864702	wtdmso	mtdmso	10	14	89	69	0.5537720706260032	0.19404635307408885
chr1:173865263	wtdmso	mtdmso	11	10	109	86	0.8678899082568807	0.8193570946125659
chr1:173865502	wtdmso	mtdmso	1	2	67	51	0.3805970149253731	0.5807556080283354
chr1:173865518	wtdmso	mtdmso	5	1	101	80	3.9603960396039604	0.2365383119946735
chr1:173865873	wtdmso	mtdmso	2	3	95	85	0.5964912280701754	0.669951401166674
chr1:173866547	wtdmso	mtdmso	1	1	115	92	0.8	1.0
chr1:1785330	wtdmso	mtdmso	4	5	26	28	0.8615384615384616	1.0
chr1:1785504	wtdmso	mtdmso	1	1	28	31	1.1071428571428572	1.0
chr1:1785515	wtdmso	mtdmso	1	1	25	32	1.28	1.0
chr1:1785596	wtdmso	mtdmso	1	1	28	30	1.0714285714285714	1.0
chr1:1785984	wtdmso	mtdmso	1	2	10	15	0.75	1.0
chr1:1786944	wtdmso	mtdmso	14	7	20	16	1.6	0.5764765156542659
chr1:1787034	wtdmso	mtdmso	1	3	35	21	0.2	0.2920114429850196
chr1:1787334	wtdmso	mtdmso	5	4	29	21	0.9051724137931034	1.0
chr1:1787392	wtdmso	mtdmso	7	5	26	19	1.023076923076923	1.0
chr1:1789181	wtdmso	mtdmso	3	2	19	14	1.105263157894737	1.0
chr1:1789195	wtdmso	mtdmso	1	1	31	23	0.7419354838709677	1.0
chr1:1790410	wtdmso	mtdmso	3	2	25	17	1.02	1.0
chr1:1790502	wtdmso	mtdmso	1	3	29	18	0.20689655172413793	0.2932773109243698
chr1:1804425	wtdmso	mtdmso	3	2	27	17	0.9444444444444444	1.0
chr1:1815810	wtdmso	mtdmso	1	1	21	15	0.7142857142857143	1.0
chr1:182382932	wtdmso	mtdmso	5	5	7	15	2.142857142857143	0.4382368369165293
chr1:182383182	wtdmso	mtdmso	2	1	11	27	4.909090909090909	0.23170731707317077
chr1:182383720	wtdmso	mtdmso	1	1	11	25	2.272727272727273	0.5376955903271694
chr1:182383865	wtdmso	mtdmso	2	9	9	15	0.37037037037037035	0.435396903691741
chr1:182384318	wtdmso	mtdmso	2	6	12	27	0.75	1.0
chr1:182384625	wtdmso	mtdmso	1	2	9	31	1.7222222222222223	0.5578964427518028
chr1:183235617	wtdmso	mtdmso	1	1	26	9	0.34615384615384615	0.472972972972973
chr1:183236493	wtdmso	mtdmso	3	2	27	8	0.4444444444444444	0.5835157019367546
chr1:183237451	wtdmso	mtdmso	3	1	45	14	0.9333333333333333	1.0
chr1:183239381	wtdmso	mtdmso	5	1	54	14	1.2962962962962963	1.0
chr1:183239456	wtdmso	mtdmso	6	2	58	23	1.1896551724137931	1.0
chr1:183239559	wtdmso	mtdmso	38	20	61	24	0.7475409836065574	0.4637481839243119
chr1:183240055	wtdmso	mtdmso	36	22	86	47	0.8942917547568711	0.7455232732871834
chr1:183240072	wtdmso	mtdmso	11	3	113	72	2.336283185840708	0.25782490666497265
chr1:183240104	wtdmso	mtdmso	30	11	104	68	1.7832167832167831	0.15204021937824025
chr1:183240172	wtdmso	mtdmso	4	1	145	87	2.4	0.6536882287302852
chr1:183243332	wtdmso	mtdmso	41	18	159	85	1.2176799440950383	0.6461458822898616
chr1:183243341	wtdmso	mtdmso	28	19	175	85	0.7157894736842105	0.31804457417019716
chr1:183243350	wtdmso	mtdmso	51	16	142	83	1.8631161971830985	0.05608793493907868
chr1:183243487	wtdmso	mtdmso	22	14	188	90	0.7522796352583586	0.4548298147261912
chr1:183243495	wtdmso	mtdmso	15	5	202	104	1.5445544554455446	0.4730840089602109
chr1:183243526	wtdmso	mtdmso	15	3	85	34	2.0	0.3976827757752856
chr1:183243531	wtdmso	mtdmso	20	8	183	86	1.174863387978142	0.8324085523095741
chr1:183243645	wtdmso	mtdmso	34	12	166	84	1.4337349397590362	0.39230796151462766
chr1:183243659	wtdmso	mtdmso	89	56	115	47	0.6495341614906832	0.0900670433723045
chr1:183243672	wtdmso	mtdmso	6	4	184	87	0.7092391304347826	0.7321722938705013
chr1:183243676	wtdmso	mtdmso	12	6	213	102	0.9577464788732394	1.0
chr1:183243732	wtdmso	mtdmso	33	20	152	70	0.7598684210526315	0.4170214889380133
chr1:183243777	wtdmso	mtdmso	23	25	204	81	0.3652941176470588	0.002236576084802819
chr1:183243790	wtdmso	mtdmso	17	8	227	108	1.0110132158590308	1.0
chr1:183243796	wtdmso	mtdmso	49	26	179	82	0.8633433605500644	0.6740455302523157
chr1:183243832	wtdmso	mtdmso	18	6	191	96	1.5078534031413613	0.5001821092396761
chr1:183243942	wtdmso	mtdmso	98	43	168	79	1.071705426356589	0.8204367466997591
chr1:183243992	wtdmso	mtdmso	30	28	217	84	0.4147465437788018	0.0031291689488711413
chr1:183244056	wtdmso	mtdmso	36	23	174	75	0.6746626686656672	0.21423975923617222
chr1:183244067	wtdmso	mtdmso	12	4	252	119	1.4166666666666667	0.7846590384260905
chr1:183244258	wtdmso	mtdmso	118	49	111	55	1.1932340503769074	0.47956685197357896
chr1:183244474	wtdmso	mtdmso	11	2	250	115	2.53	0.35962196597871043
chr1:183244526	wtdmso	mtdmso	12	1	230	101	5.269565217391304	0.11867443551961429
chr1:183244553	wtdmso	mtdmso	10	5	153	73	0.954248366013072	1.0
chr1:183244561	wtdmso	mtdmso	2	3	95	36	0.25263157894736843	0.14198551424187944
chr1:183244628	wtdmso	mtdmso	26	13	96	38	0.7916666666666666	0.5545921875717331
chr1:183244754	wtdmso	mtdmso	28	10	79	32	1.1341772151898735	0.836911303019197
chr1:183244795	wtdmso	mtdmso	4	2	114	44	0.7719298245614035	0.6733007164791276
chr1:183244825	wtdmso	mtdmso	3	1	116	46	1.1896551724137931	1.0
chr1:183244888	wtdmso	mtdmso	10	2	88	40	2.272727272727273	0.5104374326625158
chr1:183626312	wtdmso	mtdmso	1	1	9	11	1.2222222222222223	1.0
chr1:183626324	wtdmso	mtdmso	3	3	7	9	1.2857142857142858	1.0
chr1:19304001	wtdmso	mtdmso	1	1	9	23	2.5555555555555554	0.5080213903743314
chr1:19307089	wtdmso	mtdmso	1	3	9	19	0.7037037037037037	1.0
chr1:19307344	wtdmso	mtdmso	1	4	9	15	0.4166666666666667	0.6328154604016673
chr1:19311914	wtdmso	mtdmso	4	12	7	9	0.42857142857142855	0.45779368380325963
chr1:19339114	wtdmso	mtdmso	3	4	23	27	0.8804347826086957	1.0
chr1:19339142	wtdmso	mtdmso	10	8	23	30	1.6304347826086956	0.42102699907534125
chr1:19339146	wtdmso	mtdmso	11	12	18	22	1.1203703703703705	1.0
chr1:19339293	wtdmso	mtdmso	1	1	11	19	1.7272727272727273	1.0
chr1:19345226	wtdmso	mtdmso	5	4	22	31	1.7613636363636365	0.48512618699790067
chr1:19345236	wtdmso	mtdmso	1	1	26	35	1.3461538461538463	1.0
chr1:19356659	wtdmso	mtdmso	4	8	19	28	0.7368421052631579	0.7490894800423601
chr1:19385513	wtdmso	mtdmso	3	3	19	31	1.631578947368421	0.6700532172230285
chr1:19658093	wtdmso	mtdmso	3	3	31	17	0.5483870967741935	0.6588305375367369
chr1:19658103	wtdmso	mtdmso	3	2	34	9	0.39705882352941174	0.32115325316065374
chr1:19658127	wtdmso	mtdmso	16	6	23	15	1.7391304347826086	0.4079284023106098
chr1:19658137	wtdmso	mtdmso	18	3	15	7	2.8	0.2805791960641648
chr1:201331873	wtdmso	mtdmso	1	4	10	18	0.45	0.6431219873934002
chr1:201332176	wtdmso	mtdmso	3	1	9	23	7.666666666666667	0.09803921568627447
chr1:201332302	wtdmso	mtdmso	3	3	21	22	1.0476190476190477	1.0
chr1:201332338	wtdmso	mtdmso	1	1	13	26	2.0	1.0
chr1:201332356	wtdmso	mtdmso	2	2	21	23	1.0952380952380953	1.0
chr1:201332412	wtdmso	mtdmso	1	5	12	18	0.3	0.3853573687539531
chr1:201332442	wtdmso	mtdmso	1	3	23	23	0.3333333333333333	0.6105080330004342
chr1:201332597	wtdmso	mtdmso	5	8	22	19	0.5397727272727273	0.5255884695891
chr1:201332603	wtdmso	mtdmso	6	7	19	17	0.7669172932330827	0.7536135200416346
chr1:201332680	wtdmso	mtdmso	1	2	23	26	0.5652173913043478	1.0
chr1:201332698	wtdmso	mtdmso	1	8	26	21	0.10096153846153846	0.02573557724976783
chr1:201332718	wtdmso	mtdmso	1	2	25	28	0.56	1.0
chr1:201332768	wtdmso	mtdmso	13	16	12	10	0.6770833333333334	0.5770858068970222
chr1:201332781	wtdmso	mtdmso	1	8	21	21	0.125	0.060300780424468896
chr1:201332787	wtdmso	mtdmso	5	4	22	22	1.25	1.0
chr1:201465661	wtdmso	mtdmso	3	4	22	40	1.3636363636363635	0.6980227722297426
chr1:201465737	wtdmso	mtdmso	21	36	6	8	0.7777777777777778	0.7622463570591758
chr1:201465890	wtdmso	mtdmso	19	24	3	11	2.9027777777777777	0.2065696271934381
chr1:201465998	wtdmso	mtdmso	8	15	4	18	2.4	0.3140979454082119
chr1:201466007	wtdmso	mtdmso	14	12	12	26	2.5277777777777777	0.11935807948559274
chr1:201468422	wtdmso	mtdmso	1	3	11	23	0.696969696969697	1.0
chr1:201468449	wtdmso	mtdmso	1	4	10	21	0.525	1.0
chr1:201468466	wtdmso	mtdmso	1	4	9	24	0.6666666666666666	1.0
chr1:201483727	wtdmso	mtdmso	1	2	9	9	0.5	1.0
chr1:203865059	wtdmso	mtdmso	4	5	18	5	0.2222222222222222	0.09600838538547102
chr1:20652868	wtdmso	mtdmso	1	1	12	26	2.1666666666666665	1.0
chr1:20653633	wtdmso	mtdmso	6	3	22	22	2.0	0.47398871230547623
chr1:20653664	wtdmso	mtdmso	3	1	19	24	3.789473684210526	0.3277829170521122
chr1:20653763	wtdmso	mtdmso	1	1	29	26	0.896551724137931	1.0
chr1:20654348	wtdmso	mtdmso	3	1	18	27	4.5	0.3006475485661425
chr1:20655505	wtdmso	mtdmso	10	8	11	18	2.0454545454545454	0.36574633420419844
chr1:209428937	wtdmso	mtdmso	1	1	64	9	0.140625	0.25045045045045045
chr1:209429217	wtdmso	mtdmso	19	7	66	19	0.7813852813852814	0.6074873336675595
chr1:209429336	wtdmso	mtdmso	22	8	51	15	0.8088235294117647	0.797064814629169
chr1:209429389	wtdmso	mtdmso	41	11	48	17	1.3200757575757576	0.6634892239951441
chr1:209430424	wtdmso	mtdmso	5	1	56	24	2.142857142857143	0.6670109339263819
chr1:209431786	wtdmso	mtdmso	8	1	75	26	2.7733333333333334	0.4483794715428284
chr1:209432337	wtdmso	mtdmso	3	1	87	27	0.9310344827586207	1.0
chr1:209432343	wtdmso	mtdmso	27	14	63	16	0.4897959183673469	0.1205488254567138
chr1:209432357	wtdmso	mtdmso	20	7	52	18	0.989010989010989	1.0
chr1:209432460	wtdmso	mtdmso	11	4	64	19	0.81640625	0.7467833639345245
chr1:209432513	wtdmso	mtdmso	4	1	88	29	1.3181818181818181	1.0
chr1:209614946	wtdmso	mtdmso	76	40	431	209	0.9213457076566125	0.7475215108767175
chr1:209614959	wtdmso	mtdmso	65	33	470	217	0.9094132817537073	0.7282177220762958
chr1:209615037	wtdmso	mtdmso	23	11	551	262	0.9942253753506022	1.0
chr1:209615069	wtdmso	mtdmso	20	14	491	233	0.6779167878964213	0.26824385549024365
chr1:209615073	wtdmso	mtdmso	7	2	544	265	1.7049632352941178	0.7256119218765678
chr1:209615086	wtdmso	mtdmso	229	136	171	63	0.6203560371517027	0.009887391350549377
chr1:209615148	wtdmso	mtdmso	43	31	447	218	0.676481200837122	0.12117484651848814
chr1:209615177	wtdmso	mtdmso	139	73	420	195	0.8840508806262231	0.49621456556361476
chr1:209615313	wtdmso	mtdmso	9	5	508	257	0.9106299212598425	1.0
chr1:209615342	wtdmso	mtdmso	202	118	224	105	0.8024364406779662	0.18714327568539674
chr1:209615352	wtdmso	mtdmso	8	5	405	201	0.794074074074074	0.7679378990084047
chr1:209616481	wtdmso	mtdmso	4	2	458	241	1.0524017467248907	1.0
chr1:209616497	wtdmso	mtdmso	2	2	436	241	0.5527522935779816	0.6195016227745711
chr1:209616524	wtdmso	mtdmso	5	5	429	220	0.5128205128205128	0.3216949026342857
chr1:209616583	wtdmso	mtdmso	22	9	353	190	1.3157066414856784	0.5649625813410896
chr1:209617524	wtdmso	mtdmso	11	8	183	107	0.8039617486338798	0.6336921661797282
chr1:209617540	wtdmso	mtdmso	19	8	157	95	1.4371019108280254	0.5300811076837315
chr1:209617549	wtdmso	mtdmso	11	13	162	85	0.4439696106362773	0.07375327057814364
chr1:209617919	wtdmso	mtdmso	7	3	138	77	1.3019323671497585	1.0
chr1:209617961	wtdmso	mtdmso	19	13	134	78	0.8507462686567164	0.6979329916797645
chr1:209617986	wtdmso	mtdmso	10	9	147	83	0.6273620559334845	0.33364571638014984
chr1:209618000	wtdmso	mtdmso	21	12	128	74	1.01171875	1.0
chr1:209618496	wtdmso	mtdmso	4	4	125	79	0.632	0.7143657441517048
chr1:209618506	wtdmso	mtdmso	3	2	137	84	0.9197080291970803	1.0
chr1:209618523	wtdmso	mtdmso	3	5	132	85	0.38636363636363635	0.27161138018348563
chr1:209618589	wtdmso	mtdmso	2	1	119	87	1.4621848739495797	1.0
chr1:209618658	wtdmso	mtdmso	3	2	118	72	0.9152542372881356	1.0
chr1:209622546	wtdmso	mtdmso	3	7	95	58	0.26165413533834586	0.09062032520386597
chr1:209622992	wtdmso	mtdmso	3	3	89	60	0.6741573033707865	0.6875147016885275
chr1:209623521	wtdmso	mtdmso	6	8	90	51	0.425	0.15233708353594574
chr1:209623526	wtdmso	mtdmso	10	13	49	36	0.565149136577708	0.24671179303788854
chr1:209623631	wtdmso	mtdmso	13	6	85	54	1.3764705882352941	0.6210493784153364
chr1:209623643	wtdmso	mtdmso	4	2	83	53	1.2771084337349397	1.0
chr1:209623995	wtdmso	mtdmso	19	15	71	44	0.7849765258215963	0.5550657561199891
chr1:209625773	wtdmso	mtdmso	9	5	74	54	1.3135135135135134	0.7783384941512959
chr1:209625820	wtdmso	mtdmso	5	2	68	54	1.9852941176470589	0.6981344793659525
chr1:209625851	wtdmso	mtdmso	3	5	54	41	0.45555555555555555	0.4615625524824409
chr1:209625929	wtdmso	mtdmso	3	2	67	52	1.164179104477612	1.0
chr1:209625945	wtdmso	mtdmso	1	5	56	37	0.13214285714285715	0.08033892334177481
chr1:209626002	wtdmso	mtdmso	3	4	64	46	0.5390625	0.4585386049993755
chr1:209626019	wtdmso	mtdmso	21	25	45	28	0.5226666666666666	0.09320163370394174
chr1:209626896	wtdmso	mtdmso	11	10	49	38	0.8530612244897959	0.8092099036972784
chr1:209626901	wtdmso	mtdmso	2	1	53	49	1.849056603773585	1.0
chr1:209627430	wtdmso	mtdmso	13	14	47	38	0.7507598784194529	0.658325621013823
chr1:209627479	wtdmso	mtdmso	3	2	59	46	1.1694915254237288	1.0
chr1:209627545	wtdmso	mtdmso	2	2	52	43	0.8269230769230769	1.0
chr1:209627572	wtdmso	mtdmso	6	5	51	36	0.8470588235294118	1.0
chr1:209628065	wtdmso	mtdmso	4	4	52	39	0.75	0.7246488802852258
chr1:209628090	wtdmso	mtdmso	5	6	56	41	0.6101190476190477	0.5275507164059617
chr1:209628136	wtdmso	mtdmso	6	4	49	38	1.163265306122449	1.0
chr1:209628144	wtdmso	mtdmso	8	5	52	37	1.1384615384615384	1.0
chr1:209629745	wtdmso	mtdmso	2	5	54	37	0.2740740740740741	0.1346416681021787
chr1:209629774	wtdmso	mtdmso	11	3	37	35	3.4684684684684686	0.08010074756321056
chr1:209629807	wtdmso	mtdmso	19	11	37	30	1.4004914004914004	0.5100707159693594
chr1:209629825	wtdmso	mtdmso	5	6	40	26	0.5416666666666666	0.5102927316213274
chr1:209629837	wtdmso	mtdmso	7	2	48	39	2.84375	0.29280416824216937
chr1:209634586	wtdmso	mtdmso	1	1	36	29	0.8055555555555556	1.0
chr1:209637974	wtdmso	mtdmso	6	5	32	24	0.9	1.0
chr1:209638622	wtdmso	mtdmso	10	7	21	23	1.564625850340136	0.569955935026196
chr1:209649986	wtdmso	mtdmso	4	1	25	14	2.24	0.6467153096478109
chr1:209649998	wtdmso	mtdmso	4	1	23	15	2.608695652173913	0.6353618021230046
chr1:209650002	wtdmso	mtdmso	4	2	27	14	1.037037037037037	1.0
chr1:209650034	wtdmso	mtdmso	3	4	27	21	0.5833333333333334	0.6893894119199335
chr1:209650051	wtdmso	mtdmso	2	1	26	11	0.8461538461538461	1.0
chr1:209650938	wtdmso	mtdmso	3	2	30	25	1.25	1.0
chr1:209652379	wtdmso	mtdmso	5	6	21	16	0.6349206349206349	0.731674128962962
chr1:209675816	wtdmso	mtdmso	31	19	78	37	0.7739541160593792	0.47934296008791943
chr1:209675856	wtdmso	mtdmso	2	1	111	46	0.8288288288288288	1.0
chr1:209675946	wtdmso	mtdmso	24	9	77	28	0.9696969696969697	1.0
chr1:209675998	wtdmso	mtdmso	78	38	68	36	1.0866873065015479	0.7771153345395035
chr1:209676008	wtdmso	mtdmso	1	2	142	67	0.23591549295774647	0.24774338600682164
chr1:209676037	wtdmso	mtdmso	3	1	142	72	1.5211267605633803	1.0
chr1:209676043	wtdmso	mtdmso	31	20	107	52	0.7532710280373832	0.4015486467851628
chr1:209676047	wtdmso	mtdmso	16	4	86	36	1.6744186046511629	0.4365572700921402
chr1:209676067	wtdmso	mtdmso	16	9	99	53	0.9517396184062851	1.0
chr1:209676095	wtdmso	mtdmso	13	8	135	63	0.7583333333333333	0.6255950065845822
chr1:209676139	wtdmso	mtdmso	16	10	4	1	0.4	0.630983279481611
chr1:209676162	wtdmso	mtdmso	4	3	116	60	0.6896551724137931	0.6934609959303313
chr1:209676171	wtdmso	mtdmso	67	29	52	23	1.0218832891246685	1.0
chr1:209676175	wtdmso	mtdmso	26	11	81	27	0.7878787878787878	0.6653882609369717
chr1:209676245	wtdmso	mtdmso	6	3	96	40	0.8333333333333334	0.7248753192831153
chr1:209676346	wtdmso	mtdmso	18	9	75	49	1.3066666666666666	0.6640760181431433
chr1:209676375	wtdmso	mtdmso	3	1	60	31	1.55	1.0
chr1:212444383	wtdmso	mtdmso	2	6	22	28	0.42424242424242425	0.4490906712253835
chr1:212444437	wtdmso	mtdmso	2	1	22	34	3.090909090909091	0.5607370266695377
chr1:212445849	wtdmso	mtdmso	5	5	21	34	1.619047619047619	0.5041351539198589
chr1:212445956	wtdmso	mtdmso	6	8	15	26	1.3	0.7548366596998943
chr1:212445971	wtdmso	mtdmso	1	2	19	27	0.7105263157894737	1.0
chr1:212446077	wtdmso	mtdmso	1	3	22	32	0.48484848484848486	1.0
chr1:223750955	wtdmso	mtdmso	1	1	9	12	1.3333333333333333	1.0
chr1:223752947	wtdmso	mtdmso	2	1	9	16	3.5555555555555554	0.5433455433455433
chr1:223755479	wtdmso	mtdmso	2	3	9	14	1.037037037037037	1.0
chr1:223759421	wtdmso	mtdmso	3	2	17	13	1.1470588235294117	1.0
chr1:223770471	wtdmso	mtdmso	1	1	25	24	0.96	1.0
chr1:223774864	wtdmso	mtdmso	2	2	28	28	1.0	1.0
chr1:223774908	wtdmso	mtdmso	5	6	23	23	0.8333333333333334	1.0
chr1:223774942	wtdmso	mtdmso	3	6	18	16	0.4444444444444444	0.45655263012041225
chr1:223774959	wtdmso	mtdmso	2	1	26	29	2.230769230769231	0.6052631578947371
chr1:223775090	wtdmso	mtdmso	1	4	19	17	0.2236842105263158	0.3433395872420263
chr1:223775348	wtdmso	mtdmso	1	1	36	35	0.9722222222222222	1.0
chr1:223775561	wtdmso	mtdmso	6	8	39	43	0.8269230769230769	0.7804465250010367
chr1:223775612	wtdmso	mtdmso	6	6	34	26	0.7647058823529411	0.7556274124144018
chr1:223775639	wtdmso	mtdmso	2	3	45	48	0.7111111111111111	1.0
chr1:223775648	wtdmso	mtdmso	18	12	25	27	1.62	0.3615053376334164
chr1:223775688	wtdmso	mtdmso	2	3	42	47	0.746031746031746	1.0
chr1:223775716	wtdmso	mtdmso	5	7	37	27	0.5212355212355212	0.3541470110878886
chr1:224375817	wtdmso	mtdmso	1	1	12	17	1.4166666666666667	1.0
chr1:224375882	wtdmso	mtdmso	3	1	11	16	4.363636363636363	0.30411568409343714
chr1:224375903	wtdmso	mtdmso	1	2	12	15	0.625	1.0
chr1:224375909	wtdmso	mtdmso	1	3	10	12	0.4	0.6137123745819397
chr1:226065706	wtdmso	mtdmso	13	18	29	26	0.6475095785440613	0.3753471468369509
chr1:226065759	wtdmso	mtdmso	4	8	34	37	0.5441176470588235	0.5326447243670498
chr1:226071387	wtdmso	mtdmso	2	1	36	47	2.611111111111111	0.5811608364275942
chr1:226071438	wtdmso	mtdmso	2	2	38	44	1.1578947368421053	1.0
chr1:226071629	wtdmso	mtdmso	4	3	36	45	1.6666666666666667	0.6971726141428851
chr1:226071733	wtdmso	mtdmso	7	2	36	43	4.180555555555555	0.08601749798382169
chr1:226071792	wtdmso	mtdmso	2	2	24	26	1.0833333333333333	1.0
chr1:228097121	wtdmso	mtdmso	2	1	25	27	2.16	0.6109777015437392
chr1:228097243	wtdmso	mtdmso	2	1	34	43	2.5294117647058822	0.5854917234664071
chr1:228097371	wtdmso	mtdmso	6	8	28	32	0.8571428571428571	1.0
chr1:228097443	wtdmso	mtdmso	8	11	28	37	0.961038961038961	1.0
chr1:228097608	wtdmso	mtdmso	2	1	33	39	2.3636363636363638	0.5957052943354313
chr1:228097852	wtdmso	mtdmso	9	8	25	29	1.305	0.7819373808236224
chr1:228097921	wtdmso	mtdmso	11	19	32	34	0.6151315789473685	0.37631398294984264
chr1:228097973	wtdmso	mtdmso	13	10	25	38	1.976	0.2208278295444442
chr1:228097978	wtdmso	mtdmso	12	16	29	37	0.9568965517241379	1.0
chr1:228098002	wtdmso	mtdmso	2	1	44	47	2.1363636363636362	0.6129032258064516
chr1:228098408	wtdmso	mtdmso	1	1	60	67	1.1166666666666667	1.0
chr1:228098450	wtdmso	mtdmso	5	4	55	65	1.4772727272727273	0.7325695851142879
chr1:228098458	wtdmso	mtdmso	23	27	38	46	1.0311890838206628	1.0
chr1:228098542	wtdmso	mtdmso	7	10	62	66	0.7451612903225806	0.6148583312036524
chr1:228098567	wtdmso	mtdmso	1	3	67	72	0.3582089552238806	0.6215082490179882
chr1:228098987	wtdmso	mtdmso	2	2	74	76	1.027027027027027	1.0
chr1:228099066	wtdmso	mtdmso	29	22	54	62	1.5134680134680134	0.2425948722657334
chr1:228146037	wtdmso	mtdmso	2	1	37	36	1.945945945945946	1.0
chr1:228146877	wtdmso	mtdmso	1	4	38	32	0.21052631578947367	0.18830584394929367
chr1:228147437	wtdmso	mtdmso	9	8	29	27	1.0474137931034482	1.0
chr1:228147461	wtdmso	mtdmso	3	2	16	17	1.59375	1.0
chr1:228148685	wtdmso	mtdmso	3	3	37	32	0.8648648648648649	1.0
chr1:228148736	wtdmso	mtdmso	5	6	34	30	0.7352941176470589	0.7488923642572813
chr1:228148838	wtdmso	mtdmso	3	3	32	34	1.0625	1.0
chr1:228148851	wtdmso	mtdmso	3	4	37	35	0.7094594594594594	0.7118716206630198
chr1:228148903	wtdmso	mtdmso	3	2	23	17	1.108695652173913	1.0
chr1:228148914	wtdmso	mtdmso	3	1	31	30	2.903225806451613	0.6146978021978022
chr1:228148930	wtdmso	mtdmso	6	6	28	28	1.0	1.0
chr1:228487847	wtdmso	mtdmso	1	1	10	12	1.2	1.0
chr1:228494092	wtdmso	mtdmso	8	4	18	10	1.1111111111111112	1.0
chr1:228494100	wtdmso	mtdmso	6	8	25	12	0.36	0.12309066179505877
chr1:228494225	wtdmso	mtdmso	10	5	19	15	1.5789473684210527	0.5424489059699146
chr1:228494353	wtdmso	mtdmso	10	12	24	19	0.6597222222222222	0.4462704365493889
chr1:228494381	wtdmso	mtdmso	5	2	33	31	2.3484848484848486	0.4375960692198385
chr1:228494807	wtdmso	mtdmso	1	1	39	32	0.8205128205128205	1.0
chr1:235113790	wtdmso	mtdmso	3	3	27	45	1.6666666666666667	0.6704622371529366
chr1:235119891	wtdmso	mtdmso	2	5	24	36	0.6	0.6972315959742654
chr1:235128608	wtdmso	mtdmso	2	5	24	36	0.6	0.6972315959742654
chr1:235128623	wtdmso	mtdmso	5	4	24	41	2.1354166666666665	0.30147235056284316
chr1:23692630	wtdmso	mtdmso	13	13	334	300	0.8982035928143712	0.8428104465710278
chr1:23692643	wtdmso	mtdmso	83	76	282	252	0.9759238521836506	0.928002753500526
chr1:23692658	wtdmso	mtdmso	7	8	372	320	0.7526881720430108	0.6109439589176144
chr1:23692693	wtdmso	mtdmso	5	3	335	315	1.5671641791044777	0.7261256507936589
chr1:23692697	wtdmso	mtdmso	2	2	332	300	0.9036144578313253	1.0
chr1:23694684	wtdmso	mtdmso	1	2	394	357	0.4530456852791878	0.6074229944042331
chr1:23694705	wtdmso	mtdmso	16	19	371	332	0.7535820683784934	0.4888888314191313
chr1:23694727	wtdmso	mtdmso	27	27	382	345	0.9031413612565445	0.7782463111194056
chr1:23694753	wtdmso	mtdmso	22	22	359	328	0.9136490250696379	0.8765300427750636
chr1:23694780	wtdmso	mtdmso	18	18	383	343	0.8955613577023499	0.8645267551952083
chr1:23695842	wtdmso	mtdmso	20	19	377	347	0.9688677928242356	1.0
chr1:23695862	wtdmso	mtdmso	15	11	384	348	1.2357954545454546	0.6911726001285301
chr1:23795884	wtdmso	mtdmso	2	3	8	10	0.8333333333333334	1.0
chr1:26280788	wtdmso	mtdmso	7	5	168	152	1.2666666666666666	0.7743768651164794
chr1:26280831	wtdmso	mtdmso	3	1	175	147	2.52	0.6290844202363889
chr1:26280843	wtdmso	mtdmso	9	12	163	133	0.6119631901840491	0.36528189037689496
chr1:26280918	wtdmso	mtdmso	12	12	158	125	0.7911392405063291	0.6704289254961419
chr1:26281058	wtdmso	mtdmso	10	11	191	156	0.7425035697287006	0.5096252596309472
chr1:26281086	wtdmso	mtdmso	16	5	196	171	2.7918367346938777	0.0447211287183239
chr1:26281091	wtdmso	mtdmso	6	4	211	173	1.2298578199052133	1.0
chr1:26281152	wtdmso	mtdmso	13	15	195	159	0.7066666666666667	0.43270745248189224
chr1:26281196	wtdmso	mtdmso	23	27	188	149	0.6751379038613081	0.2242220007520358
chr1:26281204	wtdmso	mtdmso	12	9	184	146	1.0579710144927537	1.0
chr1:26281483	wtdmso	mtdmso	7	9	200	169	0.6572222222222223	0.45126346761198866
chr1:26472540	wtdmso	mtdmso	5	10	60	53	0.44166666666666665	0.17725191309054175
chr1:26473701	wtdmso	mtdmso	6	2	70	70	3.0	0.2769351373457948
chr1:26475167	wtdmso	mtdmso	2	3	86	77	0.5968992248062015	0.669816154601506
chr1:26475184	wtdmso	mtdmso	34	25	48	49	1.3883333333333334	0.4085899665690236
chr1:26475286	wtdmso	mtdmso	16	9	72	72	1.7777777777777777	0.27814492519684725
chr1:26475364	wtdmso	mtdmso	1	1	87	77	0.8850574712643678	1.0
chr1:26475390	wtdmso	mtdmso	3	4	90	86	0.7166666666666667	0.7175002597037814
chr1:26475425	wtdmso	mtdmso	13	7	77	87	2.098330241187384	0.15750907210801335
chr1:26475523	wtdmso	mtdmso	3	3	67	66	0.9850746268656716	1.0
chr1:26475528	wtdmso	mtdmso	4	6	97	92	0.6323024054982818	0.5331531806363523
chr1:26475544	wtdmso	mtdmso	2	3	83	84	0.6746987951807228	1.0
chr1:26475561	wtdmso	mtdmso	2	8	86	73	0.21220930232558138	0.04978320119064747
chr1:26475600	wtdmso	mtdmso	24	23	72	77	1.1159420289855073	0.8672526989426985
chr1:26475775	wtdmso	mtdmso	4	2	99	110	2.2222222222222223	0.42958752278837276
chr1:26475804	wtdmso	mtdmso	3	1	96	89	2.78125	0.622713876216238
chr1:26863479	wtdmso	mtdmso	1	5	42	53	0.2523809523809524	0.2362692749392759
chr1:26863522	wtdmso	mtdmso	4	2	47	33	1.4042553191489362	1.0
chr1:26863588	wtdmso	mtdmso	2	2	55	58	1.0545454545454545	1.0
chr1:26863645	wtdmso	mtdmso	3	8	45	42	0.35	0.20029943281032747
chr1:26863678	wtdmso	mtdmso	7	8	39	38	0.8525641025641025	1.0
chr1:26863735	wtdmso	mtdmso	26	33	38	31	0.6427432216905901	0.2873443965424097
chr1:26863843	wtdmso	mtdmso	10	19	57	43	0.39704524469067404	0.03690031072230776
chr1:26863855	wtdmso	mtdmso	3	8	59	64	0.4067796610169492	0.22178191995231022
chr1:26863893	wtdmso	mtdmso	2	1	69	70	2.028985507246377	1.0
chr1:26864089	wtdmso	mtdmso	50	38	21	24	1.5037593984962405	0.27746649371411464
chr1:26864211	wtdmso	mtdmso	7	7	73	58	0.7945205479452054	0.7802776156860313
chr1:26864302	wtdmso	mtdmso	18	23	66	60	0.7114624505928854	0.3731410269435186
chr1:26864307	wtdmso	mtdmso	35	31	38	34	1.0101867572156198	1.0
chr1:26864418	wtdmso	mtdmso	11	8	68	67	1.3547794117647058	0.6276252786583121
chr1:26864450	wtdmso	mtdmso	13	8	23	20	1.4130434782608696	0.5978970528969585
chr1:28237872	wtdmso	mtdmso	1	3	11	7	0.21212121212121213	0.29323308270676696
chr1:31424848	wtdmso	mtdmso	6	6	59	89	1.5084745762711864	0.5492201171438519
chr1:31425859	wtdmso	mtdmso	5	20	67	79	0.2947761194029851	0.016373659686986897
chr1:31429397	wtdmso	mtdmso	11	16	60	83	0.9510416666666667	1.0
chr1:31432995	wtdmso	mtdmso	29	46	54	81	0.9456521739130435	0.8837240976785155
chr1:31434097	wtdmso	mtdmso	2	7	91	121	0.37990580847723704	0.3088909474458387
chr1:31434154	wtdmso	mtdmso	6	7	71	111	1.340040241448692	0.7702000076094072
chr1:31434258	wtdmso	mtdmso	28	36	46	62	1.0483091787439613	1.0
chr1:31434326	wtdmso	mtdmso	9	17	87	108	0.6572008113590264	0.4023916953058278
chr1:31434536	wtdmso	mtdmso	18	19	91	133	1.3846153846153846	0.373575298734969
chr1:31434600	wtdmso	mtdmso	11	14	93	139	1.174347158218126	0.8306459203106096
chr1:31434618	wtdmso	mtdmso	24	43	74	106	0.7994971715901948	0.46866822574415096
chr1:31434644	wtdmso	mtdmso	1	4	99	144	0.36363636363636365	0.6509180055286232
chr1:31434658	wtdmso	mtdmso	1	2	62	72	0.5806451612903226	1.0
chr1:31587163	wtdmso	mtdmso	7	15	6	28	2.1777777777777776	0.33161162379182035
chr1:31587261	wtdmso	mtdmso	3	8	10	30	1.125	1.0
chr1:31587454	wtdmso	mtdmso	1	2	11	40	1.8181818181818181	0.5371714239638768
chr1:32222601	wtdmso	mtdmso	1	1	43	37	0.8604651162790697	1.0
chr1:32222625	wtdmso	mtdmso	4	7	39	35	0.5128205128205128	0.35119021631325503
chr1:32224118	wtdmso	mtdmso	2	5	49	36	0.2938775510204082	0.2353096753119435
chr1:32224412	wtdmso	mtdmso	2	3	44	39	0.5909090909090909	0.6663757724420963
chr1:32224463	wtdmso	mtdmso	11	14	36	29	0.6329365079365079	0.35632830156237016
chr1:32226193	wtdmso	mtdmso	3	2	47	47	1.5	1.0
chr1:32226224	wtdmso	mtdmso	1	2	54	50	0.46296296296296297	0.6109529687381919
chr1:32226438	wtdmso	mtdmso	2	2	54	46	0.8518518518518519	1.0
chr1:32226466	wtdmso	mtdmso	3	2	53	50	1.4150943396226414	1.0
chr1:32228565	wtdmso	mtdmso	2	1	51	56	2.196078431372549	0.60806227411732
chr1:32228570	wtdmso	mtdmso	3	1	49	52	3.183673469387755	0.36292186777623675
chr1:32228582	wtdmso	mtdmso	7	1	48	58	8.458333333333334	0.027996864610295963
chr1:32228595	wtdmso	mtdmso	3	7	47	46	0.4194528875379939	0.32091525795452874
chr1:32228733	wtdmso	mtdmso	8	5	45	46	1.6355555555555557	0.5558021752600252
chr1:32228749	wtdmso	mtdmso	9	10	46	47	0.9195652173913044	1.0
chr1:32228768	wtdmso	mtdmso	1	2	40	49	0.6125	1.0
chr1:32231300	wtdmso	mtdmso	2	3	44	49	0.7424242424242424	1.0
chr1:32231411	wtdmso	mtdmso	7	11	43	41	0.6067653276955602	0.43851172070938016
chr1:32231481	wtdmso	mtdmso	3	3	58	60	1.0344827586206897	1.0
chr1:32231556	wtdmso	mtdmso	17	21	45	44	0.7915343915343915	0.567182845834241
chr1:32774539	wtdmso	mtdmso	4	2	7	8	2.2857142857142856	0.6351172047766473
chr1:32774605	wtdmso	mtdmso	2	2	21	10	0.47619047619047616	0.5941176470588235
chr1:32774647	wtdmso	mtdmso	5	3	7	9	2.142857142857143	0.6668461434917217
chr1:32775552	wtdmso	mtdmso	2	3	12	10	0.5555555555555556	0.6483091787439613
chr1:32775585	wtdmso	mtdmso	5	2	8	12	3.75	0.20869565217391303
chr1:32775695	wtdmso	mtdmso	3	3	25	11	0.44	0.3825243728966451
chr1:32775846	wtdmso	mtdmso	2	2	13	8	0.6153846153846154	1.0
chr1:32775865	wtdmso	mtdmso	18	11	8	1	0.20454545454545456	0.22320577843398176
chr1:32775990	wtdmso	mtdmso	2	1	21	10	0.9523809523809523	1.0
chr1:34785285	wtdmso	mtdmso	8	7	2	3	1.7142857142857142	1.0
chr1:34785522	wtdmso	mtdmso	1	1	10	10	1.0	1.0
chr1:34785574	wtdmso	mtdmso	2	3	10	7	0.4666666666666667	0.6240601503759399
chr1:34785728	wtdmso	mtdmso	2	8	11	3	0.06818181818181818	0.011088302597927042
chr1:34785791	wtdmso	mtdmso	3	5	11	6	0.32727272727272727	0.3891685736079329
chr1:34785916	wtdmso	mtdmso	3	1	15	12	2.4	0.6207214365167646
chr1:34786121	wtdmso	mtdmso	4	2	31	13	0.8387096774193549	1.0
chr1:34786126	wtdmso	mtdmso	1	3	17	12	0.23529411764705882	0.30828445747800587
chr1:34786293	wtdmso	mtdmso	11	5	20	9	0.99	1.0
chr1:34786316	wtdmso	mtdmso	2	3	13	11	0.5641025641025641	0.6513409961685823
chr1:35603235	wtdmso	mtdmso	2	3	18	10	0.37037037037037035	0.35995803417939126
chr1:35605256	wtdmso	mtdmso	6	4	15	9	0.9	1.0
chr1:35609278	wtdmso	mtdmso	1	1	9	10	1.1111111111111112	1.0
chr1:35609391	wtdmso	mtdmso	7	1	14	10	5.0	0.20926813268303818
chr1:35631289	wtdmso	mtdmso	1	1	9	10	1.1111111111111112	1.0
chr1:37809096	wtdmso	mtdmso	2	1	15	13	1.7333333333333334	1.0
chr1:37809127	wtdmso	mtdmso	14	11	4	13	4.136363636363637	0.057417736790481566
chr1:37809134	wtdmso	mtdmso	6	1	12	22	11.0	0.03131193304492407
chr1:39028778	wtdmso	mtdmso	1	1	29	58	2.0	1.0
chr1:39028795	wtdmso	mtdmso	7	20	23	40	0.6086956521739131	0.4647403018794919
chr1:39034496	wtdmso	mtdmso	5	17	26	39	0.4411764705882353	0.19924950968306962
chr1:39560918	wtdmso	mtdmso	3	1	37	19	1.5405405405405406	1.0
chr1:39562373	wtdmso	mtdmso	2	1	30	14	0.9333333333333333	1.0
chr1:39563719	wtdmso	mtdmso	1	2	27	13	0.24074074074074073	0.2750992626205332
chr1:39563856	wtdmso	mtdmso	4	1	25	15	2.4	0.6411076161501573
chr1:39563891	wtdmso	mtdmso	2	4	23	10	0.21739130434782608	0.1625848282195031
chr1:42682716	wtdmso	mtdmso	1	1	56	43	0.7678571428571429	1.0
chr1:42683419	wtdmso	mtdmso	2	2	68	53	0.7794117647058824	1.0
chr1:42693494	wtdmso	mtdmso	4	3	69	53	1.0241545893719808	1.0
chr1:42696198	wtdmso	mtdmso	6	5	60	43	0.86	1.0
chr1:42696255	wtdmso	mtdmso	2	4	87	62	0.3563218390804598	0.4025154180675181
chr1:42697186	wtdmso	mtdmso	1	2	113	78	0.34513274336283184	0.5699348325409967
chr1:42700798	wtdmso	mtdmso	1	3	115	76	0.22028985507246376	0.3053596400038898
chr1:42700850	wtdmso	mtdmso	1	1	127	91	0.7165354330708661	1.0
chr1:42700920	wtdmso	mtdmso	4	1	133	96	2.887218045112782	0.40621298028431374
chr1:42702029	wtdmso	mtdmso	23	7	134	94	2.304904051172708	0.0732132592931715
chr1:42702091	wtdmso	mtdmso	39	19	130	85	1.3421052631578947	0.36528489624217586
chr1:42702255	wtdmso	mtdmso	12	5	155	99	1.5329032258064517	0.6076654344605541
chr1:42926182	wtdmso	mtdmso	1	1	57	40	0.7017543859649122	1.0
chr1:42926229	wtdmso	mtdmso	5	6	42	38	0.753968253968254	0.7535973285290037
chr1:42926252	wtdmso	mtdmso	4	3	79	56	0.9451476793248945	1.0
chr1:42926320	wtdmso	mtdmso	4	4	86	65	0.7558139534883721	0.7281759834529493
chr1:42926618	wtdmso	mtdmso	32	28	45	34	0.8634920634920635	0.7316272234547956
chr1:42926625	wtdmso	mtdmso	37	36	43	18	0.43023255813953487	0.022495043760880254
chr1:42926638	wtdmso	mtdmso	27	23	28	19	0.796583850931677	0.6826105569039442
chr1:42926653	wtdmso	mtdmso	19	16	48	36	0.890625	0.8404220976831683
chr1:42926691	wtdmso	mtdmso	10	11	68	50	0.6684491978609626	0.4763234071413321
chr1:42926707	wtdmso	mtdmso	7	5	64	54	1.18125	1.0
chr1:42926825	wtdmso	mtdmso	6	7	49	44	0.7696793002915452	0.7703431394664788
chr1:42926847	wtdmso	mtdmso	36	25	31	23	1.0683870967741935	1.0
chr1:42926880	wtdmso	mtdmso	45	26	6	3	0.8653846153846154	1.0
chr1:42926951	wtdmso	mtdmso	1	1	50	33	0.66	1.0
chr1:42926964	wtdmso	mtdmso	43	36	22	13	0.7058080808080808	0.42110082088762146
chr1:42927087	wtdmso	mtdmso	1	2	59	49	0.4152542372881356	0.5930392444153914
chr1:42927092	wtdmso	mtdmso	7	4	63	46	1.2777777777777777	0.7606550670161099
chr1:42927144	wtdmso	mtdmso	1	1	49	36	0.7346938775510204	1.0
chr1:42927156	wtdmso	mtdmso	2	1	66	47	1.4242424242424243	1.0
chr1:42927645	wtdmso	mtdmso	1	1	56	48	0.8571428571428571	1.0
chr1:42927703	wtdmso	mtdmso	8	16	52	35	0.33653846153846156	0.035948128555009465
chr1:42928951	wtdmso	mtdmso	1	2	53	46	0.4339622641509434	0.5999534071054163
chr1:42929002	wtdmso	mtdmso	3	2	49	43	1.316326530612245	1.0
chr1:42929740	wtdmso	mtdmso	6	3	35	41	2.342857142857143	0.30303911102339365
chr1:42929747	wtdmso	mtdmso	1	4	46	36	0.1956521739130435	0.1755697457773652
chr1:42929886	wtdmso	mtdmso	3	3	43	40	0.9302325581395349	1.0
chr1:42930000	wtdmso	mtdmso	5	2	38	39	2.5657894736842106	0.4336240884776802
chr1:42930021	wtdmso	mtdmso	2	1	41	41	2.0	1.0
chr1:42930799	wtdmso	mtdmso	1	5	37	26	0.14054054054054055	0.08303128047278141
chr1:42930842	wtdmso	mtdmso	10	5	28	27	1.9285714285714286	0.38312196101772455
chr1:42931181	wtdmso	mtdmso	1	1	36	28	0.7777777777777778	1.0
chr1:43622052	wtdmso	mtdmso	1	2	9	10	0.5555555555555556	1.0
chr1:43622179	wtdmso	mtdmso	4	1	6	11	7.333333333333333	0.13533834586466167
chr1:43622503	wtdmso	mtdmso	3	1	9	11	3.6666666666666665	0.5900621118012422
chr1:43622508	wtdmso	mtdmso	1	1	12	12	1.0	1.0
chr1:43622778	wtdmso	mtdmso	1	1	12	13	1.0833333333333333	1.0
chr1:43623300	wtdmso	mtdmso	2	1	28	23	1.6428571428571428	1.0
chr1:43623308	wtdmso	mtdmso	10	14	17	17	0.7142857142857143	0.5992641094121569
chr1:43976812	wtdmso	mtdmso	1	2	12	29	1.2083333333333333	1.0
chr1:43978002	wtdmso	mtdmso	1	1	11	34	3.090909090909091	0.4495837187789084
chr1:43978203	wtdmso	mtdmso	2	6	11	27	0.8181818181818182	1.0
chr1:44776045	wtdmso	mtdmso	9	11	283	279	0.8066174108576936	0.6571577300869411
chr1:44777684	wtdmso	mtdmso	3	4	375	367	0.734	0.7229479040773371
chr1:44777999	wtdmso	mtdmso	52	38	355	353	1.360711638250556	0.18075569337659342
chr1:44778597	wtdmso	mtdmso	10	8	337	327	1.2129080118694362	0.8125698490676454
chr1:45511237	wtdmso	mtdmso	2	4	33	72	1.0909090909090908	1.0
chr1:45511244	wtdmso	mtdmso	1	1	37	73	1.972972972972973	1.0
chr1:45511282	wtdmso	mtdmso	1	3	51	99	0.6470588235294118	1.0
chr1:45514583	wtdmso	mtdmso	7	6	32	64	2.3333333333333335	0.21643243625754793
chr1:45514967	wtdmso	mtdmso	4	4	41	77	1.8780487804878048	0.4546881968275308
chr1:45515773	wtdmso	mtdmso	3	12	25	56	0.56	0.5416091155284931
chr1:45518945	wtdmso	mtdmso	10	22	27	54	0.9090909090909091	1.0
chr1:45521831	wtdmso	mtdmso	2	5	35	68	0.7771428571428571	1.0
chr1:46279499	wtdmso	mtdmso	2	2	20	9	0.45	0.586021505376344
chr1:46280267	wtdmso	mtdmso	1	1	9	9	1.0	1.0
chr1:46303711	wtdmso	mtdmso	3	3	16	7	0.4375	0.6328154604016674
chr1:46303753	wtdmso	mtdmso	27	10	33	31	2.536363636363636	0.0383404848196138
chr1:46303771	wtdmso	mtdmso	26	19	24	18	1.0263157894736843	1.0
chr1:46310290	wtdmso	mtdmso	4	1	66	48	2.909090909090909	0.6475295598615294
chr1:46316592	wtdmso	mtdmso	7	8	54	37	0.5995370370370371	0.406099263783822
chr1:46316677	wtdmso	mtdmso	15	4	51	42	3.088235294117647	0.07256799461125456
chr1:46316694	wtdmso	mtdmso	1	2	65	44	0.3384615384615385	0.567084942084942
chr1:52020302	wtdmso	mtdmso	3	3	11	12	1.0909090909090908	1.0
chr1:52020319	wtdmso	mtdmso	7	8	6	7	1.0208333333333333	1.0
chr1:52020668	wtdmso	mtdmso	1	1	9	13	1.4444444444444444	1.0
chr1:52020729	wtdmso	mtdmso	3	1	7	13	5.571428571428571	0.27206851119894604
chr1:52024567	wtdmso	mtdmso	2	2	8	11	1.375	1.0
chr1:54032266	wtdmso	mtdmso	1	1	11	12	1.0909090909090908	1.0
chr1:54032285	wtdmso	mtdmso	1	1	11	10	0.9090909090909091	1.0
chr1:54036715	wtdmso	mtdmso	1	1	9	13	1.4444444444444444	1.0
chr1:54043416	wtdmso	mtdmso	1	3	10	9	0.3	0.5900621118012421
chr1:54043448	wtdmso	mtdmso	1	3	9	9	0.3333333333333333	0.593984962406015
chr1:54045706	wtdmso	mtdmso	4	7	7	5	0.40816326530612246	0.4136492125454301
chr1:54047287	wtdmso	mtdmso	4	3	9	15	2.2222222222222223	0.41303670745272525
chr1:54053121	wtdmso	mtdmso	1	1	10	11	1.1	1.0
chr1:54850167	wtdmso	mtdmso	1	1	11	15	1.3636363636363635	1.0
chr1:54850322	wtdmso	mtdmso	3	6	7	12	0.8571428571428571	1.0
chr1:58575461	wtdmso	mtdmso	1	1	14	32	2.2857142857142856	0.5319148936170214
chr1:58575581	wtdmso	mtdmso	2	4	14	35	1.25	1.0
chr1:58575594	wtdmso	mtdmso	3	11	14	23	0.44805194805194803	0.33368112355568214
chr1:58575598	wtdmso	mtdmso	9	24	6	8	0.5	0.32386916009634065
chr1:58575668	wtdmso	mtdmso	1	8	15	24	0.2	0.2380481183951427
chr1:58575713	wtdmso	mtdmso	2	4	18	35	0.9722222222222222	1.0
chr1:58575847	wtdmso	mtdmso	3	7	15	25	0.7142857142857143	0.7300552541403771
chr1:58575871	wtdmso	mtdmso	3	5	15	25	1.0	1.0
chr1:58575931	wtdmso	mtdmso	6	10	10	16	0.96	1.0
chr1:6186246	wtdmso	mtdmso	2	1	30	17	1.1333333333333333	1.0
chr1:6186356	wtdmso	mtdmso	9	7	25	11	0.5657142857142857	0.36665168643698937
chr1:6186379	wtdmso	mtdmso	5	5	28	14	0.5	0.46696996396886686
chr1:6186435	wtdmso	mtdmso	16	5	19	12	2.0210526315789474	0.36869763145695134
chr1:6186445	wtdmso	mtdmso	1	4	34	13	0.09558823529411764	0.03443223443223443
chr1:6186511	wtdmso	mtdmso	1	1	31	15	0.4838709677419355	1.0
chr1:6186516	wtdmso	mtdmso	3	3	32	17	0.53125	0.6568295436219964
chr1:6186576	wtdmso	mtdmso	3	2	27	18	1.0	1.0
chr1:6186620	wtdmso	mtdmso	8	1	70	65	7.428571428571429	0.038960470620670054
chr1:6186628	wtdmso	mtdmso	2	1	126	107	1.6984126984126984	1.0
chr1:6186765	wtdmso	mtdmso	54	52	101	64	0.6580350342726581	0.10326954481160881
chr1:6192954	wtdmso	mtdmso	10	6	153	121	1.318082788671024	0.7964500306133377
chr1:6192987	wtdmso	mtdmso	5	2	156	126	2.019230769230769	0.4690008784112743
chr1:6193007	wtdmso	mtdmso	50	42	96	77	0.9548611111111112	0.8971475280242531
chr1:6318571	wtdmso	mtdmso	4	10	9	10	0.4444444444444444	0.30954200319195246
chr1:6327324	wtdmso	mtdmso	1	1	10	19	1.9	1.0
chr1:6333553	wtdmso	mtdmso	2	1	10	17	3.4	0.547783251231527
chr1:6339443	wtdmso	mtdmso	1	1	11	17	1.5454545454545454	1.0
chr1:6349816	wtdmso	mtdmso	2	3	8	14	1.1666666666666667	1.0
chr1:63638796	wtdmso	mtdmso	2	2	8	19	2.375	0.5773081201334817
chr1:63648522	wtdmso	mtdmso	3	5	8	17	1.275	1.0
chr1:63648544	wtdmso	mtdmso	3	4	7	18	1.9285714285714286	0.6479261144861814
chr1:63651718	wtdmso	mtdmso	3	1	18	21	3.5	0.3448667044809983
chr1:63654458	wtdmso	mtdmso	1	4	21	20	0.23809523809523808	0.34883720930232553
chr1:63659783	wtdmso	mtdmso	11	10	10	13	1.43	0.7630449876941066
chr1:63659867	wtdmso	mtdmso	12	11	11	9	0.8925619834710744	1.0
chr1:68391605	wtdmso	mtdmso	5	7	48	16	0.23809523809523808	0.036576345355742126
chr1:68391638	wtdmso	mtdmso	6	3	50	21	0.84	1.0
chr1:68391682	wtdmso	mtdmso	5	3	52	21	0.6730769230769231	0.6886121564602576
chr1:68391689	wtdmso	mtdmso	1	3	55	19	0.11515151515151516	0.06558704453441296
chr1:68391726	wtdmso	mtdmso	7	4	51	21	0.7205882352941176	0.7268816121789158
chr1:68391792	wtdmso	mtdmso	3	4	54	19	0.2638888888888889	0.10035527250717124
chr1:68391829	wtdmso	mtdmso	10	4	48	16	0.8333333333333334	0.7464475711567893
chr1:68391891	wtdmso	mtdmso	5	3	50	17	0.5666666666666667	0.43295819538385116
chr1:68391904	wtdmso	mtdmso	8	2	40	15	1.5	1.0
chr1:7985062	wtdmso	mtdmso	13	9	12	17	2.0462962962962963	0.26396664469577874
chr1:84501903	wtdmso	mtdmso	4	3	46	37	1.0724637681159421	1.0
chr1:84506025	wtdmso	mtdmso	8	10	40	34	0.68	0.6001860751987488
chr1:8861011	wtdmso	mtdmso	5	13	56	70	0.4807692307692308	0.21084498648310837
chr1:8861206	wtdmso	mtdmso	52	85	225	276	0.7504313725490196	0.17317420922546045
chr1:8861315	wtdmso	mtdmso	1	3	270	348	0.42962962962962964	0.6361728178286588
chr1:8861375	wtdmso	mtdmso	4	1	271	363	5.357933579335794	0.17082185289119503
chr1:8861384	wtdmso	mtdmso	40	74	266	317	0.6441780125990653	0.03950775399814304
chr1:8863262	wtdmso	mtdmso	29	22	225	316	1.8513131313131312	0.03879280660109665
chr1:8863284	wtdmso	mtdmso	3	7	244	335	0.5884074941451991	0.5318718834381023
chr1:8863906	wtdmso	mtdmso	7	12	238	341	0.8357843137254902	0.8150988086893546
chr1:8863990	wtdmso	mtdmso	9	20	219	311	0.6390410958904109	0.33383478063660577
chr1:8864058	wtdmso	mtdmso	10	10	221	332	1.502262443438914	0.3659743424400797
chr1:8864067	wtdmso	mtdmso	8	6	231	351	2.0259740259740258	0.26907012186198825
chr1:8865292	wtdmso	mtdmso	10	28	190	264	0.49624060150375937	0.0843764858042848
chr1:8865316	wtdmso	mtdmso	9	13	207	291	0.9732441471571907	1.0
chr1:8865328	wtdmso	mtdmso	32	24	144	229	2.1203703703703702	0.012698115353191056
chr1:8865352	wtdmso	mtdmso	16	22	212	293	1.0051457975986278	1.0
chr1:8865370	wtdmso	mtdmso	10	19	202	279	0.7269411151641479	0.5612029525610998
chr1:8865376	wtdmso	mtdmso	4	12	207	299	0.48148148148148145	0.3009321484369315
chr1:8865464	wtdmso	mtdmso	4	17	196	266	0.31932773109243695	0.04054189882636934
chr1:8866415	wtdmso	mtdmso	1	2	197	262	0.6649746192893401	1.0
chr1:8867153	wtdmso	mtdmso	17	23	164	212	0.9554612937433722	1.0
chr1:8867999	wtdmso	mtdmso	3	2	154	206	2.0064935064935066	0.655326014504607
chr1:8868021	wtdmso	mtdmso	9	9	168	238	1.4166666666666667	0.47506463056199977
chr1:8868025	wtdmso	mtdmso	1	1	162	221	1.3641975308641976	1.0
chr1:8868039	wtdmso	mtdmso	7	7	173	235	1.3583815028901733	0.5931322208258019
chr1:8868054	wtdmso	mtdmso	12	5	152	226	3.568421052631579	0.020943154088888333
chr1:8870477	wtdmso	mtdmso	4	2	164	227	2.768292682926829	0.2468753686382876
chr1:8871908	wtdmso	mtdmso	8	9	163	228	1.243353783231084	0.8026411824419473
chr1:8871919	wtdmso	mtdmso	6	4	147	220	2.2448979591836733	0.32765262990201893
chr1:8874870	wtdmso	mtdmso	12	12	149	222	1.4899328859060403	0.3936306608054281
chr1:8878591	wtdmso	mtdmso	1	2	137	175	0.6386861313868614	1.0
chr1:92833552	wtdmso	mtdmso	14	15	171	176	0.9606237816764133	1.0
chr1:92833636	wtdmso	mtdmso	18	9	171	187	2.1871345029239766	0.07220950393259418
chr1:92834834	wtdmso	mtdmso	87	95	99	100	0.9250398724082934	0.7584072288988439
chr1:92834865	wtdmso	mtdmso	2	2	179	185	1.0335195530726258	1.0
chr1:92836240	wtdmso	mtdmso	30	32	166	162	0.9149096385542169	0.7829254549678683
chr1:92836321	wtdmso	mtdmso	37	35	161	176	1.155634427684117	0.6050221997450148
chr1:92837613	wtdmso	mtdmso	12	3	206	214	4.155339805825243	0.032135229767422634
chr1:92837621	wtdmso	mtdmso	2	6	225	227	0.3362962962962963	0.2850891017211489
chr1:92841770	wtdmso	mtdmso	21	20	197	203	1.081979695431472	0.8704275687122531
chr1:92841906	wtdmso	mtdmso	6	2	161	176	3.279503105590062	0.1627369784860596
chr1:92841914	wtdmso	mtdmso	54	43	100	120	1.5069767441860464	0.1128654311977518
chr1:93562019	wtdmso	mtdmso	1	1	9	11	1.2222222222222223	1.0
chr1:93562225	wtdmso	mtdmso	1	1	10	12	1.2	1.0
chr1:93562237	wtdmso	mtdmso	1	1	12	11	0.9166666666666666	1.0
chr1:93562293	wtdmso	mtdmso	3	1	9	12	4.0	0.3217391304347825
chr1:93562380	wtdmso	mtdmso	1	1	9	9	1.0	1.0
chr1:93567398	wtdmso	mtdmso	1	1	10	9	0.9	1.0
chr1:9729217	wtdmso	mtdmso	5	5	30	27	0.9	1.0
chr1:9729233	wtdmso	mtdmso	5	3	29	18	1.0344827586206897	1.0
chr1:9729457	wtdmso	mtdmso	1	1	28	29	1.0357142857142858	1.0
chr1:9729583	wtdmso	mtdmso	3	5	26	28	0.6461538461538462	0.7125517322063143
chr1:9729784	wtdmso	mtdmso	5	15	12	16	0.4444444444444444	0.2362346141566764
chr1:9729959	wtdmso	mtdmso	6	20	9	9	0.3	0.10548672610176432
chr1:9730021	wtdmso	mtdmso	10	9	15	23	1.7037037037037037	0.4036189575343234
chr1:9730025	wtdmso	mtdmso	6	4	20	18	1.35	0.7351588805348716
chr1:9730354	wtdmso	mtdmso	3	9	8	9	0.375	0.27317243633822186
chr1:9730469	wtdmso	mtdmso	2	8	9	7	0.19444444444444445	0.10924754341095708
chr20:1118655	wtdmso	mtdmso	2	1	11	11	2.0	1.0
chr20:1118666	wtdmso	mtdmso	1	2	15	12	0.4	0.5862068965517242
chr20:1118897	wtdmso	mtdmso	1	1	17	15	0.8823529411764706	1.0
chr20:1125523	wtdmso	mtdmso	5	5	12	11	0.9166666666666666	1.0
chr20:1127462	wtdmso	mtdmso	5	2	15	15	2.5	0.4164619164619164
chr20:1127498	wtdmso	mtdmso	1	2	18	14	0.3888888888888889	0.5819709702062641
chr20:1135121	wtdmso	mtdmso	2	4	17	13	0.38235294117647056	0.39107666527021356
chr20:1135254	wtdmso	mtdmso	2	6	17	9	0.17647058823529413	0.10001853911753801
chr20:1164400	wtdmso	mtdmso	8	2	13	15	4.615384615384615	0.13649345573705968
chr20:1164462	wtdmso	mtdmso	3	3	14	11	0.7857142857142857	1.0
chr20:1165028	wtdmso	mtdmso	1	3	14	11	0.2619047619047619	0.32950191570881227
chr20:1165411	wtdmso	mtdmso	1	1	11	15	1.3636363636363635	1.0
chr20:1165442	wtdmso	mtdmso	2	1	15	16	2.1333333333333333	1.0
chr20:1369226	wtdmso	mtdmso	2	2	63	70	1.1111111111111112	1.0
chr20:1369258	wtdmso	mtdmso	1	4	53	65	0.30660377358490565	0.3836944561018567
chr20:1369297	wtdmso	mtdmso	4	5	58	92	1.2689655172413794	0.7370492487394422
chr20:1369332	wtdmso	mtdmso	8	13	62	88	0.8734491315136477	0.8176560663093349
chr20:1369358	wtdmso	mtdmso	6	6	41	62	1.5121951219512195	0.5450364172217186
chr20:1369416	wtdmso	mtdmso	3	9	67	93	0.4626865671641791	0.3640025961560521
chr20:1369610	wtdmso	mtdmso	9	14	37	65	1.1293436293436294	0.8142650225098409
chr20:1369888	wtdmso	mtdmso	2	2	44	90	2.0454545454545454	0.6005915748294451
chr20:1369971	wtdmso	mtdmso	10	15	33	70	1.4141414141414141	0.4839288999382977
chr20:1372212	wtdmso	mtdmso	6	10	40	78	1.17	0.7842347765159231
chr20:1372216	wtdmso	mtdmso	2	2	42	72	1.7142857142857142	0.6283141349794463
chr20:1375557	wtdmso	mtdmso	1	1	39	89	2.282051282051282	0.5223613595706618
chr20:1375563	wtdmso	mtdmso	1	1	27	53	1.962962962962963	1.0
chr20:17600783	wtdmso	mtdmso	1	1	82	78	0.9512195121951219	1.0
chr20:17600926	wtdmso	mtdmso	19	12	71	74	1.6502347417840375	0.23934238717290734
chr20:17604563	wtdmso	mtdmso	27	27	73	67	0.9178082191780822	0.8729395546613633
chr20:17607064	wtdmso	mtdmso	2	2	70	66	0.9428571428571428	1.0
chr20:17607271	wtdmso	mtdmso	1	3	82	78	0.3170731707317073	0.3642876195556911
chr20:17607293	wtdmso	mtdmso	2	2	49	54	1.1020408163265305	1.0
chr20:17607788	wtdmso	mtdmso	3	2	58	58	1.5	1.0
chr20:17607927	wtdmso	mtdmso	5	3	58	57	1.6379310344827587	0.7179584469267528
chr20:17608189	wtdmso	mtdmso	5	7	20	16	0.5714285714285714	0.5112171045360363
chr20:18569275	wtdmso	mtdmso	6	5	16	11	0.825	1.0
chr20:18569378	wtdmso	mtdmso	15	6	7	8	2.857142857142857	0.17528628159038756
chr20:18569404	wtdmso	mtdmso	4	2	18	12	1.3333333333333333	1.0
chr20:18569431	wtdmso	mtdmso	11	4	9	9	2.75	0.2844247231223098
chr20:23633786	wtdmso	mtdmso	4	4	59	71	1.2033898305084745	1.0
chr20:23633841	wtdmso	mtdmso	32	42	36	42	0.8888888888888888	0.7463240299753977
chr20:23633947	wtdmso	mtdmso	1	2	68	77	0.5661764705882353	1.0
chr20:23635272	wtdmso	mtdmso	2	6	68	73	0.35784313725490197	0.28299022402734436
chr20:23635290	wtdmso	mtdmso	1	1	62	85	1.3709677419354838	1.0
chr20:23635321	wtdmso	mtdmso	3	5	77	91	0.7090909090909091	0.7296042660468456
chr20:23635350	wtdmso	mtdmso	7	12	71	83	0.681924882629108	0.47561139151795606
chr20:23637701	wtdmso	mtdmso	24	16	54	73	2.0277777777777777	0.0690309265857469
chr20:2461646	wtdmso	mtdmso	5	3	28	29	1.7261904761904763	0.7084660268878105
chr20:2461673	wtdmso	mtdmso	3	6	75	73	0.4866666666666667	0.4949006086241511
chr20:2461754	wtdmso	mtdmso	15	7	67	69	2.20682302771855	0.11253291320737592
chr20:2462689	wtdmso	mtdmso	6	4	80	83	1.55625	0.5353171206403312
chr20:2463220	wtdmso	mtdmso	5	3	73	75	1.7123287671232876	0.7192938703664077
chr20:2463788	wtdmso	mtdmso	12	7	67	72	1.8422174840085288	0.3281044111440759
chr20:2465722	wtdmso	mtdmso	8	6	73	69	1.2602739726027397	0.7829306876747162
chr20:2465810	wtdmso	mtdmso	17	12	63	60	1.3492063492063493	0.5383373946355782
chr20:2467630	wtdmso	mtdmso	30	17	50	56	1.9764705882352942	0.07891159158960306
chr20:2467657	wtdmso	mtdmso	1	1	70	64	0.9142857142857143	1.0
chr20:2470698	wtdmso	mtdmso	2	2	68	68	1.0	1.0
chr20:24963060	wtdmso	mtdmso	13	9	27	11	0.588477366255144	0.40104384884910516
chr20:24963134	wtdmso	mtdmso	4	1	28	16	2.2857142857142856	0.646250112749386
chr20:24963206	wtdmso	mtdmso	9	6	34	14	0.6176470588235294	0.5284205215717311
chr20:24963226	wtdmso	mtdmso	2	1	29	16	1.103448275862069	1.0
chr20:24963288	wtdmso	mtdmso	21	8	21	12	1.5	0.5880868250873574
chr20:24963543	wtdmso	mtdmso	2	2	29	15	0.5172413793103449	0.6072823517319356
chr20:24963585	wtdmso	mtdmso	3	4	24	12	0.375	0.3943790044933432
chr20:24963833	wtdmso	mtdmso	1	2	26	11	0.21153846153846154	0.24210526315789474
chr20:24963884	wtdmso	mtdmso	4	2	30	15	1.0	1.0
chr20:24963965	wtdmso	mtdmso	12	7	18	10	0.9523809523809523	1.0
chr20:24969033	wtdmso	mtdmso	1	1	27	13	0.48148148148148145	1.0
chr20:24970322	wtdmso	mtdmso	2	2	26	12	0.46153846153846156	0.5902439024390245
chr20:24973719	wtdmso	mtdmso	1	1	13	11	0.8461538461538461	1.0
chr20:25292603	wtdmso	mtdmso	4	2	10	8	1.6	1.0
chr20:25294270	wtdmso	mtdmso	1	1	17	14	0.8235294117647058	1.0
chr20:25296370	wtdmso	mtdmso	4	3	26	12	0.6153846153846154	0.6702676223379572
chr20:25296403	wtdmso	mtdmso	4	1	31	15	1.935483870967742	1.0
chr20:25296433	wtdmso	mtdmso	3	1	28	13	1.3928571428571428	1.0
chr20:25296438	wtdmso	mtdmso	1	1	19	9	0.47368421052631576	1.0
chr20:25296517	wtdmso	mtdmso	15	6	18	10	1.3888888888888888	0.7601230026617121
chr20:25296542	wtdmso	mtdmso	1	1	29	15	0.5172413793103449	1.0
chr20:25296568	wtdmso	mtdmso	9	5	22	10	0.8181818181818182	1.0
chr20:25296834	wtdmso	mtdmso	4	3	34	16	0.6274509803921569	0.6753529489378545
chr20:25297173	wtdmso	mtdmso	7	5	35	14	0.56	0.48936621771789046
chr20:25297193	wtdmso	mtdmso	2	1	45	21	0.9333333333333333	1.0
chr20:25297254	wtdmso	mtdmso	3	2	25	14	0.84	1.0
chr20:25297295	wtdmso	mtdmso	1	2	44	17	0.19318181818181818	0.20794930875576034
chr20:25297313	wtdmso	mtdmso	2	1	42	20	0.9523809523809523	1.0
chr20:25297425	wtdmso	mtdmso	3	3	39	16	0.41025641025641024	0.36420557434536416
chr20:25297527	wtdmso	mtdmso	8	6	35	26	0.9904761904761905	1.0
chr20:25297545	wtdmso	mtdmso	2	5	43	24	0.22325581395348837	0.10329290539023521
chr20:25297566	wtdmso	mtdmso	3	3	36	16	0.4444444444444444	0.3822339014271349
chr20:25297668	wtdmso	mtdmso	4	6	46	30	0.43478260869565216	0.30865723391599925
chr20:25297936	wtdmso	mtdmso	7	5	26	28	1.5076923076923077	0.7508151724556865
chr20:31605643	wtdmso	mtdmso	14	7	95	58	1.2210526315789474	0.8117272288461232
chr20:31605697	wtdmso	mtdmso	4	4	104	62	0.5961538461538461	0.4799057496750244
chr20:31605715	wtdmso	mtdmso	20	8	92	60	1.6304347826086956	0.29840435611368765
chr20:31605735	wtdmso	mtdmso	43	22	59	38	1.2588597842835132	0.5116076861354865
chr20:31606110	wtdmso	mtdmso	16	12	99	56	0.7542087542087542	0.5281882987731232
chr20:31606118	wtdmso	mtdmso	2	1	108	60	1.1111111111111112	1.0
chr20:31606197	wtdmso	mtdmso	3	2	117	69	0.8846153846153846	1.0
chr20:31606228	wtdmso	mtdmso	12	3	112	68	2.4285714285714284	0.263747356664884
chr20:31606308	wtdmso	mtdmso	55	20	66	48	2.0	0.03169415509842628
chr20:31606358	wtdmso	mtdmso	5	4	85	43	0.6323529411764706	0.4927245561330009
chr20:34078506	wtdmso	mtdmso	4	3	12	8	0.8888888888888888	1.0
chr20:34078517	wtdmso	mtdmso	3	1	14	10	2.142857142857143	1.0
chr20:34080177	wtdmso	mtdmso	3	1	14	9	1.9285714285714286	1.0
chr20:34280415	wtdmso	mtdmso	4	3	60	85	1.8888888888888888	0.45519107677327136
chr20:34280444	wtdmso	mtdmso	1	3	69	82	0.3961352657004831	0.6272572927920976
chr20:34280455	wtdmso	mtdmso	2	3	74	87	0.7837837837837838	1.0
chr20:34280480	wtdmso	mtdmso	8	12	67	80	0.7960199004975125	0.8113256989668569
chr20:34280589	wtdmso	mtdmso	23	22	48	72	1.5681818181818181	0.2197753781847116
chr20:34280626	wtdmso	mtdmso	1	1	46	57	1.2391304347826086	1.0
chr20:34280676	wtdmso	mtdmso	16	27	22	24	0.6464646464646465	0.3921163247427387
chr20:34280772	wtdmso	mtdmso	5	8	46	66	0.8967391304347826	1.0
chr20:34280847	wtdmso	mtdmso	2	4	49	61	0.6224489795918368	0.6934368073204804
chr20:34281104	wtdmso	mtdmso	15	20	44	54	0.9204545454545454	1.0
chr20:34281113	wtdmso	mtdmso	1	2	50	66	0.66	1.0
chr20:34285629	wtdmso	mtdmso	1	4	42	52	0.30952380952380953	0.38430698739977087
chr20:34290344	wtdmso	mtdmso	8	14	42	52	0.7074829931972789	0.6333065759983395
chr20:34290403	wtdmso	mtdmso	2	2	41	57	1.3902439024390243	1.0
chr20:34292453	wtdmso	mtdmso	1	1	35	48	1.3714285714285714	1.0
chr20:34294118	wtdmso	mtdmso	2	3	35	39	0.7428571428571429	1.0
chr20:34303258	wtdmso	mtdmso	3	1	29	41	4.241379310344827	0.30957930726404587
chr20:34303262	wtdmso	mtdmso	1	3	27	36	0.4444444444444444	0.6345658073270014
chr20:34303317	wtdmso	mtdmso	1	2	29	43	0.7413793103448276	1.0
chr20:34526334	wtdmso	mtdmso	17	26	19	23	0.791497975708502	0.6634289643768378
chr20:34534723	wtdmso	mtdmso	8	13	25	36	0.8861538461538462	1.0
chr20:34540699	wtdmso	mtdmso	14	20	24	30	0.875	0.8271520375390862
chr20:34540723	wtdmso	mtdmso	4	3	37	49	1.7657657657657657	0.6953722277767397
chr20:34540785	wtdmso	mtdmso	1	1	35	51	1.457142857142857	1.0
chr20:34540889	wtdmso	mtdmso	1	2	33	48	0.7272727272727273	1.0
chr20:34927459	wtdmso	mtdmso	2	1	18	13	1.4444444444444444	1.0
chr20:34927857	wtdmso	mtdmso	1	3	9	10	0.37037037037037035	0.603613777526821
chr20:34927862	wtdmso	mtdmso	1	1	10	12	1.2	1.0
chr20:35176890	wtdmso	mtdmso	2	1	9	14	3.111111111111111	0.5557692307692308
chr20:35176993	wtdmso	mtdmso	2	6	9	11	0.4074074074074074	0.41880341880341887
chr20:35277360	wtdmso	mtdmso	3	4	11	10	0.6818181818181818	1.0
chr20:35277368	wtdmso	mtdmso	3	1	8	11	4.125	0.3167701863354037
chr20:35277471	wtdmso	mtdmso	1	1	16	12	0.75	1.0
chr20:35277491	wtdmso	mtdmso	5	3	11	12	1.8181818181818181	0.6850821900877518
chr20:35277561	wtdmso	mtdmso	2	4	14	13	0.4642857142857143	0.6561836383860855
chr20:35279081	wtdmso	mtdmso	22	25	24	25	0.9166666666666666	0.8412430378089348
chr20:35279157	wtdmso	mtdmso	14	11	30	32	1.3575757575757577	0.6369242674368218
chr20:35279733	wtdmso	mtdmso	4	10	45	42	0.37333333333333335	0.15099559535517262
chr20:35279740	wtdmso	mtdmso	14	13	32	35	1.1778846153846154	0.8207350052046845
chr20:35280663	wtdmso	mtdmso	2	3	44	47	0.7121212121212122	1.0
chr20:35280825	wtdmso	mtdmso	1	2	43	46	0.5348837209302325	1.0
chr20:35284389	wtdmso	mtdmso	5	2	42	44	2.619047619047619	0.4348914043549781
chr20:35284461	wtdmso	mtdmso	3	3	38	36	0.9473684210526315	1.0
chr20:35542142	wtdmso	mtdmso	1	1	29	38	1.3103448275862069	1.0
chr20:35542152	wtdmso	mtdmso	4	8	27	32	0.5925925925925926	0.5318288404747973
chr20:35542534	wtdmso	mtdmso	2	1	22	18	1.6363636363636365	1.0
chr20:35542553	wtdmso	mtdmso	2	2	35	48	1.3714285714285714	1.0
chr20:35542855	wtdmso	mtdmso	4	3	33	48	1.9393939393939394	0.4476983855099914
chr20:35542873	wtdmso	mtdmso	3	19	28	21	0.11842105263157894	0.0006858970289373551
chr20:35547447	wtdmso	mtdmso	8	11	31	45	1.0557184750733137	1.0
chr20:35548516	wtdmso	mtdmso	1	1	44	73	1.6590909090909092	1.0
chr20:35548570	wtdmso	mtdmso	2	6	41	61	0.4959349593495935	0.47821967679431143
chr20:35555049	wtdmso	mtdmso	4	3	38	61	2.1403508771929824	0.43131790088823635
chr20:35555070	wtdmso	mtdmso	1	2	43	67	0.7790697674418605	1.0
chr20:35556041	wtdmso	mtdmso	1	3	42	70	0.5555555555555556	1.0
chr20:35556075	wtdmso	mtdmso	4	3	44	71	2.1515151515151514	0.43162368748470814
chr20:35556093	wtdmso	mtdmso	9	17	38	59	0.8219814241486069	0.8208916762365612
chr20:35556981	wtdmso	mtdmso	5	7	53	79	1.064690026954178	1.0
chr20:35556999	wtdmso	mtdmso	7	8	54	71	1.150462962962963	0.7910094619640652
chr20:35557431	wtdmso	mtdmso	6	7	48	65	1.1607142857142858	1.0
chr20:35699658	wtdmso	mtdmso	12	13	24	26	1.0	1.0
chr20:35953663	wtdmso	mtdmso	5	2	33	29	2.196969696969697	0.44643740068192295
chr20:35953701	wtdmso	mtdmso	27	27	6	4	0.6666666666666666	0.7337747327474005
chr20:35953981	wtdmso	mtdmso	11	11	30	23	0.7666666666666667	0.6204054866578523
chr20:35954183	wtdmso	mtdmso	7	6	32	27	0.984375	1.0
chr20:35954221	wtdmso	mtdmso	9	3	30	23	2.3	0.33395779870464165
chr20:35954311	wtdmso	mtdmso	1	1	15	24	1.6	1.0
chr20:37228635	wtdmso	mtdmso	6	5	9	5	0.6666666666666666	0.6968299905774666
chr20:3753540	wtdmso	mtdmso	1	1	19	13	0.6842105263157895	1.0
chr20:3753738	wtdmso	mtdmso	8	3	9	9	2.6666666666666665	0.27317243633822186
chr20:3754061	wtdmso	mtdmso	1	2	20	14	0.35	0.5675675675675675
chr20:3758584	wtdmso	mtdmso	2	3	19	12	0.42105263157894735	0.6295677361853831
chr20:388135	wtdmso	mtdmso	12	1	57	14	2.9473684210526314	0.44677037282943527
chr20:391412	wtdmso	mtdmso	5	3	36	7	0.32407407407407407	0.1791214879695045
chr20:391569	wtdmso	mtdmso	2	1	74	19	0.5135135135135135	0.5079787234042553
chr20:396217	wtdmso	mtdmso	10	4	69	19	0.6884057971014492	0.5129277341156699
chr20:396226	wtdmso	mtdmso	6	1	73	23	1.8904109589041096	1.0
chr20:396240	wtdmso	mtdmso	3	4	74	15	0.15202702702702703	0.026821655958357345
chr20:396265	wtdmso	mtdmso	9	1	52	13	2.25	0.6767170099414337
chr20:396293	wtdmso	mtdmso	2	1	74	21	0.5675675675675675	0.5377919208920683
chr20:396400	wtdmso	mtdmso	23	6	51	16	1.2026143790849673	0.7976565813838955
chr20:396565	wtdmso	mtdmso	34	9	41	15	1.3821138211382114	0.637135625856851
chr20:396629	wtdmso	mtdmso	61	17	12	2	0.5980392156862745	0.7263191483233038
chr20:396664	wtdmso	mtdmso	2	2	86	28	0.32558139534883723	0.267123934773161
chr20:396691	wtdmso	mtdmso	10	5	72	21	0.5833333333333334	0.3493946880338161
chr20:396766	wtdmso	mtdmso	58	21	25	7	0.7733333333333333	0.8096994874998608
chr20:396963	wtdmso	mtdmso	30	12	45	19	1.0555555555555556	1.0
chr20:396981	wtdmso	mtdmso	1	1	80	28	0.35	0.45954962468723926
chr20:397098	wtdmso	mtdmso	1	1	95	36	0.37894736842105264	0.48051948051948046
chr20:397189	wtdmso	mtdmso	24	11	70	20	0.6233766233766234	0.356493846440924
chr20:397213	wtdmso	mtdmso	28	12	74	25	0.7882882882882883	0.6720211144667253
chr20:397331	wtdmso	mtdmso	29	13	60	17	0.632051282051282	0.3770778087643246
chr20:397377	wtdmso	mtdmso	9	2	87	28	1.4482758620689655	1.0
chr20:397399	wtdmso	mtdmso	2	1	88	33	0.75	1.0
chr20:397450	wtdmso	mtdmso	36	17	63	19	0.6386554621848739	0.31941183146137936
chr20:397462	wtdmso	mtdmso	13	5	90	31	0.8955555555555555	0.7815504082415488
chr20:408424	wtdmso	mtdmso	11	3	21	13	2.2698412698412698	0.32791598372375663
chr20:409929	wtdmso	mtdmso	22	12	58	27	0.853448275862069	0.8291821947758398
chr20:410018	wtdmso	mtdmso	1	1	75	39	0.52	1.0
chr20:410551	wtdmso	mtdmso	10	5	53	25	0.9433962264150944	1.0
chr20:410557	wtdmso	mtdmso	29	16	44	23	0.9474431818181818	1.0
chr20:410593	wtdmso	mtdmso	18	8	56	31	1.2455357142857142	0.8147309564319838
chr20:410690	wtdmso	mtdmso	1	1	73	38	0.5205479452054794	1.0
chr20:410703	wtdmso	mtdmso	3	2	67	33	0.7388059701492538	1.0
chr20:430419	wtdmso	mtdmso	9	4	14	6	0.9642857142857143	1.0
chr20:430456	wtdmso	mtdmso	2	1	25	9	0.72	1.0
chr20:430835	wtdmso	mtdmso	9	4	16	6	0.84375	1.0
chr20:430868	wtdmso	mtdmso	8	1	20	9	3.6	0.39580633628371575
chr20:44908002	wtdmso	mtdmso	3	2	7	13	2.7857142857142856	0.35770750988142297
chr20:45253121	wtdmso	mtdmso	5	1	87	15	0.8620689655172413	1.0
chr20:45253657	wtdmso	mtdmso	8	2	69	13	0.7536231884057971	0.6644084788022598
chr20:45254494	wtdmso	mtdmso	24	5	59	12	0.976271186440678	1.0
chr20:45325492	wtdmso	mtdmso	3	1	101	71	2.108910891089109	0.6456221315061258
chr20:45325579	wtdmso	mtdmso	6	4	83	65	1.1746987951807228	1.0
chr20:45325693	wtdmso	mtdmso	6	9	90	60	0.4444444444444444	0.171923789944001
chr20:45325698	wtdmso	mtdmso	4	3	87	61	0.9348659003831418	1.0
chr20:45325716	wtdmso	mtdmso	10	9	64	44	0.7638888888888888	0.6209316751140728
chr20:45325742	wtdmso	mtdmso	1	2	70	51	0.36428571428571427	0.5753150352762121
chr20:45325927	wtdmso	mtdmso	5	6	63	44	0.582010582010582	0.524296013369376
chr20:45326589	wtdmso	mtdmso	2	2	19	16	0.8421052631578947	1.0
chr20:45326710	wtdmso	mtdmso	4	1	17	17	4.0	0.34894408578619107
chr20:45326817	wtdmso	mtdmso	3	3	17	16	0.9411764705882353	1.0
chr20:45327019	wtdmso	mtdmso	2	2	13	13	1.0	1.0
chr20:45327116	wtdmso	mtdmso	1	3	16	14	0.2916666666666667	0.6011730205278594
chr20:45327164	wtdmso	mtdmso	1	5	18	12	0.13333333333333333	0.08064516129032258
chr20:45327197	wtdmso	mtdmso	4	2	14	12	1.7142857142857142	0.6722284019280683
chr20:45327237	wtdmso	mtdmso	14	12	4	4	1.1666666666666667	1.0
chr20:45330504	wtdmso	mtdmso	4	3	13	15	1.5384615384615385	0.690565274547477
chr20:45335888	wtdmso	mtdmso	6	4	8	12	2.25	0.44214559386973173
chr20:45425635	wtdmso	mtdmso	7	3	7	9	3.0	0.24751648943330187
chr20:45425736	wtdmso	mtdmso	2	1	10	9	1.8	1.0
chr20:45425924	wtdmso	mtdmso	1	1	14	12	0.8571428571428571	1.0
chr20:4699227	wtdmso	mtdmso	6	6	28	11	0.39285714285714285	0.18111285352779735
chr20:4699272	wtdmso	mtdmso	4	1	16	15	3.75	0.3548934725405313
chr20:4699314	wtdmso	mtdmso	5	4	28	15	0.6696428571428571	0.7082871984629617
chr20:4699465	wtdmso	mtdmso	14	11	21	9	0.5454545454545454	0.3993293815967978
chr20:4699650	wtdmso	mtdmso	19	9	16	13	1.7152777777777777	0.41727444967355964
chr20:4699659	wtdmso	mtdmso	18	13	13	8	0.8520710059171598	1.0
chr20:4699737	wtdmso	mtdmso	2	3	37	19	0.34234234234234234	0.3409759415929713
chr20:4699809	wtdmso	mtdmso	10	4	30	15	1.25	1.0
chr20:4700253	wtdmso	mtdmso	15	6	25	11	1.1	1.0
chr20:4700265	wtdmso	mtdmso	9	6	26	17	0.9807692307692307	1.0
chr20:4700303	wtdmso	mtdmso	5	4	32	17	0.6640625	0.7096441619538563
chr20:4700552	wtdmso	mtdmso	8	6	43	23	0.7131782945736435	0.5592134374434359
chr20:4700631	wtdmso	mtdmso	8	6	41	25	0.8130081300813008	0.7685415278143368
chr20:4700646	wtdmso	mtdmso	3	1	42	27	1.9285714285714286	1.0
chr20:4700661	wtdmso	mtdmso	21	11	31	20	1.2316715542521994	0.8160692586890526
chr20:4700666	wtdmso	mtdmso	8	5	47	27	0.9191489361702128	1.0
chr20:4700672	wtdmso	mtdmso	1	1	53	30	0.5660377358490566	1.0
chr20:4700694	wtdmso	mtdmso	9	7	46	25	0.6987577639751553	0.5728159518545687
chr20:4700883	wtdmso	mtdmso	1	1	67	32	0.47761194029850745	0.548910891089109
chr20:4700967	wtdmso	mtdmso	20	7	46	26	1.6149068322981366	0.47326428677449073
chr20:4701291	wtdmso	mtdmso	6	4	56	32	0.8571428571428571	1.0
chr20:4701448	wtdmso	mtdmso	5	2	67	34	1.2686567164179106	1.0
chr20:4701457	wtdmso	mtdmso	1	1	94	46	0.48936170212765956	1.0
chr20:4701503	wtdmso	mtdmso	7	3	77	33	1.0	1.0
chr20:4701557	wtdmso	mtdmso	17	14	68	30	0.5357142857142857	0.19150011928176514
chr20:49094280	wtdmso	mtdmso	1	1	9	18	2.0	1.0
chr20:49094800	wtdmso	mtdmso	1	4	9	14	0.3888888888888889	0.6263736263736266
chr20:49096535	wtdmso	mtdmso	2	11	8	10	0.22727272727272727	0.12850026599603429
chr20:49279157	wtdmso	mtdmso	3	3	129	96	0.7441860465116279	1.0
chr20:49280517	wtdmso	mtdmso	24	11	98	78	1.7365491651205938	0.1911507845274888
chr20:49289088	wtdmso	mtdmso	21	11	110	78	1.3537190082644628	0.5597781396288698
chr20:49289127	wtdmso	mtdmso	9	6	129	90	1.0465116279069768	1.0
chr20:49289202	wtdmso	mtdmso	7	4	139	95	1.1960431654676258	1.0
chr20:49289217	wtdmso	mtdmso	13	5	126	92	1.8984126984126983	0.3201673668271618
chr20:50191421	wtdmso	mtdmso	12	8	12	19	2.375	0.16142056108385266
chr20:50191580	wtdmso	mtdmso	31	28	10	5	0.5535714285714286	0.392350545264565
chr20:50191835	wtdmso	mtdmso	6	9	57	21	0.24561403508771928	0.017175033356993365
chr20:50192018	wtdmso	mtdmso	26	16	56	48	1.3928571428571428	0.46178180122125456
chr20:50192111	wtdmso	mtdmso	28	24	58	39	0.7844827586206896	0.4924270821167098
chr20:50192168	wtdmso	mtdmso	5	7	71	46	0.46277665995975853	0.22966707801554914
chr20:50192439	wtdmso	mtdmso	74	47	19	15	1.2430011198208286	0.6923760493436989
chr20:50192459	wtdmso	mtdmso	14	15	79	48	0.5670886075949367	0.20898646527360193
chr20:50192634	wtdmso	mtdmso	15	4	64	34	1.9921875	0.2947999747602054
chr20:50192647	wtdmso	mtdmso	2	4	67	47	0.35074626865671643	0.3995355414116373
chr20:5115239	wtdmso	mtdmso	2	3	9	20	1.4814814814814814	1.0
chr20:5115516	wtdmso	mtdmso	4	13	7	10	0.43956043956043955	0.4646397231491781
chr20:5115551	wtdmso	mtdmso	3	3	20	21	1.05	1.0
chr20:5117661	wtdmso	mtdmso	2	1	10	22	4.4	0.26554621848739496
chr20:5119586	wtdmso	mtdmso	4	4	8	16	2.0	0.43250905564587433
chr20:5119676	wtdmso	mtdmso	1	5	11	11	0.2	0.19647502256197907
chr20:5119736	wtdmso	mtdmso	5	2	7	16	5.714285714285714	0.08371352785145891
chr20:58891742	wtdmso	mtdmso	7	6	126	112	1.037037037037037	1.0
chr20:58891757	wtdmso	mtdmso	19	14	106	92	1.1778975741239892	0.7093025223321576
chr20:58891823	wtdmso	mtdmso	5	3	132	111	1.4015151515151516	0.7315473783558504
chr20:58898954	wtdmso	mtdmso	2	3	13	25	1.2820512820512822	1.0
chr20:58903526	wtdmso	mtdmso	7	6	57	48	0.9824561403508771	1.0
chr20:58903553	wtdmso	mtdmso	6	9	152	141	0.618421052631579	0.4335298300194752
chr20:58903671	wtdmso	mtdmso	4	2	160	159	1.9875	0.6846610118564055
chr20:58903729	wtdmso	mtdmso	3	5	158	146	0.5544303797468354	0.4900552045643072
chr20:58903774	wtdmso	mtdmso	30	22	126	123	1.3311688311688312	0.3647474650895535
chr20:58903780	wtdmso	mtdmso	6	8	95	95	0.75	0.7831218338494051
chr20:58905467	wtdmso	mtdmso	4	6	149	140	0.6263982102908278	0.5336040000367915
chr20:58909196	wtdmso	mtdmso	26	16	151	139	1.4958609271523178	0.25077727862898946
chr20:58909350	wtdmso	mtdmso	15	11	162	153	1.2878787878787878	0.683716539376739
chr20:58909373	wtdmso	mtdmso	12	6	160	144	1.8	0.3320469616986984
chr20:58909391	wtdmso	mtdmso	1	1	180	158	0.8777777777777778	1.0
chr20:58909407	wtdmso	mtdmso	1	1	156	134	0.8589743589743589	1.0
chr20:58909688	wtdmso	mtdmso	28	16	150	141	1.645	0.14717427321313165
chr20:58909743	wtdmso	mtdmso	8	11	185	168	0.6604422604422604	0.4813306539485629
chr20:58909751	wtdmso	mtdmso	2	2	195	177	0.9076923076923077	1.0
chr20:58909776	wtdmso	mtdmso	13	20	192	161	0.5450520833333333	0.10454341653947533
chr20:58909797	wtdmso	mtdmso	7	5	192	171	1.246875	0.775986782413612
chr20:58910039	wtdmso	mtdmso	8	6	192	179	1.2430555555555556	0.7889463774698289
chr20:58910354	wtdmso	mtdmso	10	11	202	184	0.828082808280828	0.8232099169474661
chr20:58910365	wtdmso	mtdmso	12	9	202	187	1.2343234323432344	0.662008016241886
chr20:58910746	wtdmso	mtdmso	3	9	172	153	0.29651162790697677	0.07726193415962836
chr20:58910755	wtdmso	mtdmso	22	12	203	195	1.7610837438423645	0.15286487695735596
chr20:58910785	wtdmso	mtdmso	19	17	182	179	1.0992243051066581	0.8619516940801404
chr20:58910836	wtdmso	mtdmso	16	15	199	186	0.9969849246231156	1.0
chr20:58911085	wtdmso	mtdmso	2	4	238	209	0.43907563025210083	0.4266076237798634
chr20:58995359	wtdmso	mtdmso	10	6	9	4	0.7407407407407407	1.0
chr20:58995473	wtdmso	mtdmso	6	2	15	12	2.4	0.43073914569367033
chr20:58995521	wtdmso	mtdmso	3	2	17	10	0.8823529411764706	1.0
chr20:58995553	wtdmso	mtdmso	17	9	6	4	1.2592592592592593	1.0
chr20:58995606	wtdmso	mtdmso	2	1	19	10	1.0526315789473684	1.0
chr20:58996644	wtdmso	mtdmso	3	2	13	9	1.0384615384615385	1.0
chr20:58996679	wtdmso	mtdmso	1	1	15	9	0.6	1.0
chr20:58997689	wtdmso	mtdmso	6	2	8	8	3.0	0.3875353344999327
chr20:59006428	wtdmso	mtdmso	3	1	10	9	2.7	0.6036137775268209
chr20:59028718	wtdmso	mtdmso	7	5	160	116	1.015	1.0
chr20:59028834	wtdmso	mtdmso	38	35	160	115	0.7803571428571429	0.3553658616365275
chr20:59030349	wtdmso	mtdmso	2	1	194	149	1.5360824742268042	1.0
chr20:59030376	wtdmso	mtdmso	1	1	150	117	0.78	1.0
chr20:59032224	wtdmso	mtdmso	12	6	191	149	1.5602094240837696	0.46840750548694743
chr20:59032320	wtdmso	mtdmso	16	9	49	33	1.1972789115646258	0.8165588467587506
chr20:62137396	wtdmso	mtdmso	2	11	47	48	0.18568665377176016	0.03451385444797218
chr20:62138202	wtdmso	mtdmso	3	2	46	54	1.7608695652173914	0.6624015957805418
chr20:62138237	wtdmso	mtdmso	4	2	51	59	2.3137254901960786	0.4206156908319161
chr20:62139829	wtdmso	mtdmso	5	1	40	54	6.75	0.08752256192764682
chr20:62139839	wtdmso	mtdmso	5	7	44	48	0.7792207792207793	0.765482499446429
chr20:62140868	wtdmso	mtdmso	3	1	45	48	3.2	0.36190992946283235
chr20:62140884	wtdmso	mtdmso	2	6	46	48	0.34782608695652173	0.27628613727470674
chr20:62306198	wtdmso	mtdmso	2	4	8	20	1.25	1.0
chr20:62306251	wtdmso	mtdmso	2	4	8	13	0.8125	1.0
chr20:62306303	wtdmso	mtdmso	8	9	12	19	1.4074074074074074	0.7603198714095277
chr20:62307387	wtdmso	mtdmso	2	3	19	16	0.5614035087719298	0.6543659043659044
chr20:62308684	wtdmso	mtdmso	2	1	8	29	7.25	0.1487854251012146
chr20:62308756	wtdmso	mtdmso	1	5	9	10	0.2222222222222222	0.34486166007905134
chr20:62387366	wtdmso	mtdmso	9	7	200	236	1.5171428571428571	0.4527001551077993
chr20:62387642	wtdmso	mtdmso	30	24	188	216	1.4361702127659575	0.24640455546208628
chr20:62388458	wtdmso	mtdmso	12	11	213	240	1.229193341869398	0.672812475855517
chr20:62388465	wtdmso	mtdmso	26	24	188	222	1.2792553191489362	0.4541938406453986
chr20:63521682	wtdmso	mtdmso	5	2	245	244	2.489795918367347	0.449898587318663
chr20:63521770	wtdmso	mtdmso	31	25	290	291	1.2442758620689656	0.4852891666644148
chr20:63521795	wtdmso	mtdmso	9	14	265	276	0.6695417789757412	0.39954886955244995
chr20:63521878	wtdmso	mtdmso	30	30	279	268	0.9605734767025089	0.8927209123649144
chr20:63522044	wtdmso	mtdmso	5	2	251	253	2.5199203187250996	0.4498953982724511
chr20:63522108	wtdmso	mtdmso	3	6	283	292	0.5159010600706714	0.5052544159902236
chr20:63522117	wtdmso	mtdmso	54	80	257	239	0.6277237354085603	0.019514584838000126
chr20:63522147	wtdmso	mtdmso	14	17	283	292	0.8497193930575764	0.7146752135739891
chr20:63697342	wtdmso	mtdmso	4	2	8	15	3.75	0.19806323944254983
chr20:63698327	wtdmso	mtdmso	1	4	12	10	0.20833333333333334	0.32592592592592584
chr20:63740496	wtdmso	mtdmso	1	4	11	17	0.38636363636363635	0.6301446051167965
chr20:63742373	wtdmso	mtdmso	1	2	9	23	1.2777777777777777	1.0
chr20:63742435	wtdmso	mtdmso	5	8	6	17	1.7708333333333333	0.47484307961226746
chr20:63742934	wtdmso	mtdmso	2	1	29	26	1.793103448275862	1.0
chr20:63742985	wtdmso	mtdmso	2	3	29	22	0.5057471264367817	0.6469725243310147
chr20:63743007	wtdmso	mtdmso	4	7	25	19	0.4342857142857143	0.31534476496339203
chr20:63743144	wtdmso	mtdmso	6	3	27	26	1.9259259259259258	0.4825931179713663
chr20:63743366	wtdmso	mtdmso	5	5	27	21	0.7777777777777778	0.7403659486725087
chr20:63743385	wtdmso	mtdmso	2	5	31	22	0.2838709677419355	0.22645421267956567
chr21:25880853	wtdmso	mtdmso	1	1	40	16	0.4	0.5039322444041138
chr21:25881032	wtdmso	mtdmso	5	1	47	34	3.617021276595745	0.394579903905724
chr21:25881146	wtdmso	mtdmso	4	1	31	12	1.5483870967741935	1.0
chr21:25881319	wtdmso	mtdmso	2	1	31	24	1.5483870967741935	1.0
chr21:25881509	wtdmso	mtdmso	13	14	20	11	0.5107142857142857	0.28895717200838705
chr21:25881673	wtdmso	mtdmso	5	3	27	9	0.5555555555555556	0.6625414123100484
chr21:25911769	wtdmso	mtdmso	2	3	8	7	0.5833333333333334	1.0
chr21:31667282	wtdmso	mtdmso	2	3	9	20	1.4814814814814814	1.0
chr21:33421556	wtdmso	mtdmso	1	1	10	17	1.7	1.0
chr21:33426885	wtdmso	mtdmso	2	2	9	15	1.6666666666666667	1.0
chr21:33426915	wtdmso	mtdmso	1	1	10	15	1.5	1.0
chr21:33436900	wtdmso	mtdmso	2	7	9	9	0.2857142857142857	0.23112128146453093
chr21:33437046	wtdmso	mtdmso	1	2	9	15	0.8333333333333334	1.0
chr21:33437099	wtdmso	mtdmso	2	3	9	13	0.9629629629629629	1.0
chr21:33437120	wtdmso	mtdmso	2	1	10	13	2.6	0.5800000000000001
chr21:33437256	wtdmso	mtdmso	1	1	22	16	0.7272727272727273	1.0
chr21:33437323	wtdmso	mtdmso	4	6	24	17	0.4722222222222222	0.3159971559133302
chr21:33437381	wtdmso	mtdmso	1	7	22	11	0.07142857142857142	0.013250102081937767
chr21:33437478	wtdmso	mtdmso	3	2	22	19	1.2954545454545454	1.0
chr21:33907351	wtdmso	mtdmso	6	3	41	23	1.1219512195121952	1.0
chr21:39342539	wtdmso	mtdmso	4	2	12	16	2.6666666666666665	0.38719789665284665
chr21:39342569	wtdmso	mtdmso	3	3	12	13	1.0833333333333333	1.0
chr21:39342857	wtdmso	mtdmso	3	5	12	13	0.65	0.6991606835878249
chr21:43734096	wtdmso	mtdmso	6	4	7	10	2.142857142857143	0.44007119247393844
chr21:43741738	wtdmso	mtdmso	4	4	20	11	0.55	0.6856608930912336
chr21:43743762	wtdmso	mtdmso	1	1	12	13	1.0833333333333333	1.0
chr21:43746099	wtdmso	mtdmso	1	1	13	10	0.7692307692307693	1.0
chr21:43749007	wtdmso	mtdmso	2	1	22	14	1.2727272727272727	1.0
chr21:43753663	wtdmso	mtdmso	3	1	21	13	1.8571428571428572	1.0
chr21:43755745	wtdmso	mtdmso	6	3	25	13	1.04	1.0
chr21:43756028	wtdmso	mtdmso	4	1	28	16	2.2857142857142856	0.646250112749386
chr21:43756084	wtdmso	mtdmso	4	4	24	12	0.5	0.4343840539022197
chr21:43774163	wtdmso	mtdmso	1	4	16	34	0.53125	1.0
chr21:43774195	wtdmso	mtdmso	9	7	12	30	3.2142857142857144	0.06894643863720964
chr21:43774212	wtdmso	mtdmso	1	3	18	29	0.5370370370370371	1.0
chr21:43774257	wtdmso	mtdmso	3	1	18	37	6.166666666666667	0.12419637638807712
chr21:43774310	wtdmso	mtdmso	3	7	14	30	0.9183673469387755	1.0
chr21:43774670	wtdmso	mtdmso	1	1	17	39	2.2941176470588234	0.5281306715063521
chr21:44327074	wtdmso	mtdmso	3	1	21	17	2.4285714285714284	0.622728491021174
chr21:44327346	wtdmso	mtdmso	4	2	6	14	4.666666666666667	0.16266342353298874
chr21:8209921	wtdmso	mtdmso	3	2	9	9	1.5	1.0
chr21:8210165	wtdmso	mtdmso	1	2	11	12	0.5454545454545454	1.0
chr21:8210504	wtdmso	mtdmso	2	1	9	10	2.2222222222222223	1.0
chr21:8210533	wtdmso	mtdmso	5	1	8	11	6.875	0.16024844720496895
chr21:8210601	wtdmso	mtdmso	1	1	9	13	1.4444444444444444	1.0
chr21:8211017	wtdmso	mtdmso	1	1	12	24	2.0	1.0
chr22:19175618	wtdmso	mtdmso	2	1	9	28	6.222222222222222	0.1781376518218624
chr22:19175674	wtdmso	mtdmso	2	1	15	31	4.133333333333334	0.2731220147633522
chr22:19175856	wtdmso	mtdmso	1	2	15	27	0.9	1.0
chr22:19175891	wtdmso	mtdmso	1	3	16	25	0.5208333333333334	1.0
chr22:19175951	wtdmso	mtdmso	1	5	19	27	0.28421052631578947	0.38665482559635966
chr22:19176107	wtdmso	mtdmso	3	1	12	25	6.25	0.1302952503209243
chr22:19176468	wtdmso	mtdmso	2	1	12	30	5.0	0.22445384073291047
chr22:19176668	wtdmso	mtdmso	1	9	14	20	0.15873015873015872	0.12711424742352884
chr22:19176869	wtdmso	mtdmso	2	1	8	12	3.0	0.5595708639186899
chr22:19176895	wtdmso	mtdmso	10	6	4	23	9.583333333333334	0.0022203555546114924
chr22:19177123	wtdmso	mtdmso	1	1	12	20	1.6666666666666667	1.0
chr22:19435787	wtdmso	mtdmso	1	3	10	9	0.3	0.5900621118012421
chr22:23766204	wtdmso	mtdmso	4	8	10	13	0.65	0.721023359288098
chr22:23801041	wtdmso	mtdmso	1	2	9	16	0.8888888888888888	1.0
chr22:23801067	wtdmso	mtdmso	1	1	10	17	1.7	1.0
chr22:23803413	wtdmso	mtdmso	2	4	10	17	0.85	1.0
chr22:23816826	wtdmso	mtdmso	2	4	11	19	0.8636363636363636	1.0
chr22:23825228	wtdmso	mtdmso	8	7	15	17	1.2952380952380953	0.7601091636041732
chr22:23825291	wtdmso	mtdmso	2	2	22	22	1.0	1.0
chr22:23833576	wtdmso	mtdmso	4	2	22	21	1.9090909090909092	0.6707193515704155
chr22:23833609	wtdmso	mtdmso	2	5	25	18	0.288	0.22503799392097268
chr22:23833647	wtdmso	mtdmso	1	1	26	24	0.9230769230769231	1.0
chr22:23833690	wtdmso	mtdmso	4	3	22	18	1.0909090909090908	1.0
chr22:23833696	wtdmso	mtdmso	4	4	27	24	0.8888888888888888	1.0
chr22:23834268	wtdmso	mtdmso	6	1	21	23	6.571428571428571	0.10341140711603788
chr22:23894493	wtdmso	mtdmso	3	1	164	233	4.262195121951219	0.3122462206971708
chr22:23894796	wtdmso	mtdmso	8	4	151	236	3.1258278145695364	0.0720364093028161
chr22:23894880	wtdmso	mtdmso	33	59	162	222	0.7664783427495292	0.28969841291883736
chr22:23894940	wtdmso	mtdmso	7	9	111	182	1.2752752752752752	0.7924037244392703
chr22:23895117	wtdmso	mtdmso	30	40	139	205	1.106115107913669	0.7897940875167935
chr22:23895149	wtdmso	mtdmso	4	10	176	248	0.5636363636363636	0.4152019223943387
chr22:23895219	wtdmso	mtdmso	2	1	78	126	3.230769230769231	0.5606667421676326
chr22:23971518	wtdmso	mtdmso	9	15	13	23	1.0615384615384615	1.0
chr22:23971561	wtdmso	mtdmso	6	5	16	33	2.475	0.1888418121509219
chr22:23973770	wtdmso	mtdmso	1	9	20	29	0.16111111111111112	0.08008313598997628
chr22:23973833	wtdmso	mtdmso	3	1	19	38	6.0	0.12910674421055657
chr22:28794588	wtdmso	mtdmso	2	3	11	12	0.7272727272727273	1.0
chr22:28794738	wtdmso	mtdmso	2	2	32	23	0.71875	1.0
chr22:28795026	wtdmso	mtdmso	2	1	39	23	1.1794871794871795	1.0
chr22:28795141	wtdmso	mtdmso	4	4	35	27	0.7714285714285715	1.0
chr22:28795201	wtdmso	mtdmso	17	16	22	15	0.7244318181818182	0.6306497565063903
chr22:28795217	wtdmso	mtdmso	11	6	27	22	1.4938271604938271	0.5761458232964181
chr22:28795256	wtdmso	mtdmso	1	8	28	18	0.08035714285714286	0.009191858196510238
chr22:28795292	wtdmso	mtdmso	26	22	7	5	0.8441558441558441	1.0
chr22:28795491	wtdmso	mtdmso	1	2	26	22	0.4230769230769231	0.5954861944777909
chr22:28795549	wtdmso	mtdmso	8	14	22	13	0.33766233766233766	0.061981453224073
chr22:28795621	wtdmso	mtdmso	3	5	26	22	0.5076923076923077	0.46202631996194693
chr22:28796062	wtdmso	mtdmso	4	2	26	23	1.7692307692307692	0.6778853160651163
chr22:28796091	wtdmso	mtdmso	9	3	22	23	3.1363636363636362	0.1910037821885711
chr22:28797140	wtdmso	mtdmso	4	5	14	22	1.2571428571428571	1.0
chr22:28797162	wtdmso	mtdmso	4	1	24	24	4.0	0.35456330572867756
chr22:28799083	wtdmso	mtdmso	5	4	23	20	1.0869565217391304	1.0
chr22:28800484	wtdmso	mtdmso	1	3	9	13	0.48148148148148145	1.0
chr22:28800498	wtdmso	mtdmso	4	3	6	14	3.111111111111111	0.36481875612310394
chr22:29767416	wtdmso	mtdmso	1	1	25	16	0.64	1.0
chr22:29767449	wtdmso	mtdmso	3	2	20	13	0.975	1.0
chr22:29769871	wtdmso	mtdmso	9	11	21	10	0.38961038961038963	0.1478529060171811
chr22:32387874	wtdmso	mtdmso	1	1	11	14	1.2727272727272727	1.0
chr22:32387911	wtdmso	mtdmso	4	10	7	4	0.22857142857142856	0.11599475030286714
chr22:32387935	wtdmso	mtdmso	4	9	7	4	0.25396825396825395	0.21732640424590885
chr22:32393908	wtdmso	mtdmso	1	2	10	14	0.7	1.0
chr22:32393923	wtdmso	mtdmso	1	1	10	15	1.5	1.0
chr22:32859498	wtdmso	mtdmso	4	2	8	8	2.0	0.6461742591773552
chr22:32859542	wtdmso	mtdmso	3	2	10	8	1.2	1.0
chr22:32859818	wtdmso	mtdmso	4	3	11	10	1.2121212121212122	1.0
chr22:32859871	wtdmso	mtdmso	2	3	14	10	0.47619047619047616	0.6321839080459768
chr22:32860110	wtdmso	mtdmso	1	2	23	11	0.2391304347826087	0.27773487773487776
chr22:32860174	wtdmso	mtdmso	2	3	25	11	0.29333333333333333	0.3169517399299171
chr22:32860429	wtdmso	mtdmso	6	3	14	7	1.0	1.0
chr22:35838355	wtdmso	mtdmso	9	13	20	21	0.7269230769230769	0.6039724830969219
chr22:35838454	wtdmso	mtdmso	2	3	26	33	0.8461538461538461	1.0
chr22:35838495	wtdmso	mtdmso	12	16	16	20	0.9375	1.0
chr22:36511603	wtdmso	mtdmso	2	2	24	34	1.4166666666666667	1.0
chr22:36511759	wtdmso	mtdmso	1	1	40	51	1.275	1.0
chr22:36512567	wtdmso	mtdmso	4	3	31	48	2.064516129032258	0.43547872716048547
chr22:36516574	wtdmso	mtdmso	2	1	32	49	3.0625	0.562885689097855
chr22:36517410	wtdmso	mtdmso	4	3	24	39	2.1666666666666665	0.42588446976926575
chr22:36518767	wtdmso	mtdmso	2	2	21	21	1.0	1.0
chr22:37029248	wtdmso	mtdmso	1	3	9	7	0.25925925925925924	0.5820433436532508
chr22:37029525	wtdmso	mtdmso	4	6	7	4	0.38095238095238093	0.3948559180757323
chr22:37029637	wtdmso	mtdmso	1	1	10	10	1.0	1.0
chr22:37029664	wtdmso	mtdmso	3	7	7	4	0.24489795918367346	0.19838056680161942
chr22:37225336	wtdmso	mtdmso	42	40	27	32	1.2444444444444445	0.6089978556132853
chr22:37225359	wtdmso	mtdmso	13	16	68	84	1.0036764705882353	1.0
chr22:37225414	wtdmso	mtdmso	50	68	29	29	0.7352941176470589	0.4203627430125054
chr22:37225508	wtdmso	mtdmso	1	9	62	63	0.11290322580645161	0.01962915557531114
chr22:37225685	wtdmso	mtdmso	2	6	69	73	0.3526570048309179	0.28144118268087537
chr22:37225699	wtdmso	mtdmso	10	8	58	73	1.5732758620689655	0.45183440045849477
chr22:37225791	wtdmso	mtdmso	21	18	57	68	1.391812865497076	0.4629594462141806
chr22:37226802	wtdmso	mtdmso	6	9	65	68	0.6974358974358974	0.5924461660171595
chr22:37231294	wtdmso	mtdmso	3	2	69	78	1.6956521739130435	0.6680728721497786
chr22:37231307	wtdmso	mtdmso	1	4	73	78	0.2671232876712329	0.3702255998271179
chr22:37231325	wtdmso	mtdmso	2	3	68	80	0.7843137254901961	1.0
chr22:37232837	wtdmso	mtdmso	7	6	65	77	1.382051282051282	0.7726588804559313
chr22:37232870	wtdmso	mtdmso	10	7	64	73	1.6294642857142858	0.44243847417420973
chr22:37232885	wtdmso	mtdmso	4	6	61	67	0.73224043715847	0.7490369856030835
chr22:37232912	wtdmso	mtdmso	1	1	64	68	1.0625	1.0
chr22:37241644	wtdmso	mtdmso	5	6	55	58	0.8787878787878788	1.0
chr22:37244152	wtdmso	mtdmso	1	1	57	63	1.105263157894737	1.0
chr22:37675682	wtdmso	mtdmso	33	75	230	352	0.6733913043478261	0.08478967383815963
chr22:37675694	wtdmso	mtdmso	9	15	244	401	0.9860655737704918	1.0
chr22:37677014	wtdmso	mtdmso	1	1	276	457	1.6557971014492754	1.0
chr22:37678493	wtdmso	mtdmso	55	97	194	307	0.8972792007652248	0.6337672940147938
chr22:37678505	wtdmso	mtdmso	4	6	263	422	1.0697084917617237	1.0
chr22:37678603	wtdmso	mtdmso	12	19	209	375	1.1332158146562579	0.847952945640501
chr22:37679632	wtdmso	mtdmso	14	12	236	419	2.071327683615819	0.09484148025841879
chr22:37679717	wtdmso	mtdmso	23	50	274	423	0.7101459854014599	0.20817651757747302
chr22:37679744	wtdmso	mtdmso	46	78	239	379	0.9352000858277009	0.7625603808712949
chr22:37851294	wtdmso	mtdmso	1	1	18	18	1.0	1.0
chr22:37851319	wtdmso	mtdmso	6	7	13	12	0.7912087912087912	1.0
chr22:37851380	wtdmso	mtdmso	1	1	17	17	1.0	1.0
chr22:37855577	wtdmso	mtdmso	1	1	18	18	1.0	1.0
chr22:37863296	wtdmso	mtdmso	3	7	14	9	0.2755102040816326	0.1410703250525275
chr22:37874504	wtdmso	mtdmso	3	1	32	19	1.78125	1.0
chr22:37874511	wtdmso	mtdmso	18	10	16	10	1.125	1.0
chr22:37874516	wtdmso	mtdmso	3	2	31	17	0.8225806451612904	1.0
chr22:37875969	wtdmso	mtdmso	3	1	31	18	1.7419354838709677	1.0
chr22:37877809	wtdmso	mtdmso	2	3	32	15	0.3125	0.326530612244898
chr22:37877828	wtdmso	mtdmso	8	3	26	14	1.435897435897436	0.7311661378681946
chr22:37878034	wtdmso	mtdmso	6	4	26	26	1.5	0.7330954906249597
chr22:37878091	wtdmso	mtdmso	5	6	31	23	0.6182795698924731	0.5200640528801861
chr22:37878154	wtdmso	mtdmso	2	1	32	27	1.6875	1.0
chr22:37886783	wtdmso	mtdmso	4	1	32	33	4.125	0.35756002595717074
chr22:37888434	wtdmso	mtdmso	12	5	30	30	2.4	0.17185441592035527
chr22:37888457	wtdmso	mtdmso	1	1	45	35	0.7777777777777778	1.0
chr22:37888486	wtdmso	mtdmso	3	1	40	34	2.55	0.6233345601766656
chr22:37888584	wtdmso	mtdmso	1	1	32	14	0.4375	0.5319148936170214
chr22:38219357	wtdmso	mtdmso	5	2	6	8	3.3333333333333335	0.3614551083591331
chr22:38219419	wtdmso	mtdmso	2	3	8	8	0.6666666666666666	1.0
chr22:38219597	wtdmso	mtdmso	1	1	14	12	0.8571428571428571	1.0
chr22:38219976	wtdmso	mtdmso	4	4	7	6	0.8571428571428571	1.0
chr22:38220027	wtdmso	mtdmso	3	1	8	11	4.125	0.3167701863354037
chr22:39312930	wtdmso	mtdmso	14	10	546	613	1.5717948717948718	0.3065831100453904
chr22:39312967	wtdmso	mtdmso	4	1	652	715	4.386503067484663	0.19935790012143037
chr22:39312981	wtdmso	mtdmso	11	10	463	521	1.2377969762419005	0.664010687727838
chr22:39313216	wtdmso	mtdmso	2	2	651	715	1.098310291858679	1.0
chr22:39313251	wtdmso	mtdmso	7	18	610	640	0.4080145719489982	0.0439168287830532
chr22:39313266	wtdmso	mtdmso	19	13	679	735	1.5820777160983346	0.21552510669596817
chr22:39313662	wtdmso	mtdmso	41	45	637	689	0.9854875283446712	1.0
chr22:39313694	wtdmso	mtdmso	27	23	653	706	1.2691923563486252	0.4718568885426121
chr22:39313701	wtdmso	mtdmso	6	11	645	686	0.5801268498942918	0.3340859220031774
chr22:39314125	wtdmso	mtdmso	5	4	562	585	1.3011565836298933	0.7486844871345661
chr22:39314134	wtdmso	mtdmso	70	71	544	590	1.0692833471416736	0.7215162997054958
chr22:39314140	wtdmso	mtdmso	103	99	545	606	1.156852932999722	0.35987921444308385
chr22:39314155	wtdmso	mtdmso	24	35	621	670	0.7398205659075224	0.2880937698510262
chr22:39314804	wtdmso	mtdmso	8	10	546	597	0.8747252747252747	0.8166003674979583
chr22:39315389	wtdmso	mtdmso	8	16	587	643	0.5477001703577513	0.21546679056722606
chr22:39315433	wtdmso	mtdmso	21	34	559	617	0.6817320846048617	0.21344380659857742
chr22:39315472	wtdmso	mtdmso	53	65	465	516	0.9048138957816377	0.6267717838384687
chr22:39316760	wtdmso	mtdmso	14	18	440	510	0.9015151515151515	0.8578273521661239
chr22:39317515	wtdmso	mtdmso	10	14	357	416	0.8323329331732693	0.6843441868318196
chr22:39317524	wtdmso	mtdmso	26	23	348	416	1.3513243378310844	0.3752170402168714
chr22:39317596	wtdmso	mtdmso	33	35	342	404	1.1137844611528822	0.7040922774192542
chr22:39317622	wtdmso	mtdmso	29	35	361	429	0.9846458250890384	1.0
chr22:39318435	wtdmso	mtdmso	20	17	318	382	1.413244543100259	0.31521026305514505
chr22:39318488	wtdmso	mtdmso	37	36	310	368	1.2200716845878137	0.4593176775313991
chr22:39318565	wtdmso	mtdmso	1	2	270	316	0.5851851851851851	1.0
chr22:39521789	wtdmso	mtdmso	2	3	21	13	0.4126984126984127	0.6308859466754203
chr22:39521877	wtdmso	mtdmso	1	1	25	13	0.52	1.0
chr22:39521885	wtdmso	mtdmso	7	2	19	15	2.763157894736842	0.28071009182750534
chr22:39521898	wtdmso	mtdmso	1	1	23	14	0.6086956521739131	1.0
chr22:39521933	wtdmso	mtdmso	5	5	26	13	0.5	0.4647300984256738
chr22:39521961	wtdmso	mtdmso	4	1	22	17	3.090909090909091	0.6337043557690183
chr22:39522180	wtdmso	mtdmso	6	4	37	25	1.0135135135135136	1.0
chr22:39522376	wtdmso	mtdmso	8	6	49	30	0.8163265306122449	0.7713337674607358
chr22:40953615	wtdmso	mtdmso	1	1	9	20	2.2222222222222223	1.0
chr22:40972573	wtdmso	mtdmso	1	7	9	12	0.19047619047619047	0.20080519180968956
chr22:41674931	wtdmso	mtdmso	1	1	30	40	1.3333333333333333	1.0
chr22:41680296	wtdmso	mtdmso	1	1	26	36	1.3846153846153846	1.0
chr22:41680363	wtdmso	mtdmso	5	2	20	22	2.75	0.41742654508611954
chr22:42086302	wtdmso	mtdmso	2	7	9	11	0.3492063492063492	0.4118325452658286
chr22:42090610	wtdmso	mtdmso	1	5	9	13	0.28888888888888886	0.3745819397993311
chr22:42090673	wtdmso	mtdmso	1	1	9	14	1.5555555555555556	1.0
chr22:43159220	wtdmso	mtdmso	21	10	53	60	2.3773584905660377	0.04459238689684415
chr22:43161143	wtdmso	mtdmso	4	6	80	73	0.6083333333333333	0.5254315210628269
chr22:43162950	wtdmso	mtdmso	2	1	52	62	2.3846153846153846	0.594579633260293
chr22:43163009	wtdmso	mtdmso	33	34	52	45	0.8399321266968326	0.6348632195732886
chr22:43163070	wtdmso	mtdmso	1	2	73	74	0.5068493150684932	1.0
chr22:43163199	wtdmso	mtdmso	13	9	64	67	1.5121527777777777	0.4903943995763379
chr22:45196275	wtdmso	mtdmso	3	7	8	7	0.375	0.4138713151164356
chr22:45196451	wtdmso	mtdmso	1	1	10	12	1.2	1.0
chr22:45196480	wtdmso	mtdmso	4	1	6	9	6.0	0.30340557275541796
chr22:45196637	wtdmso	mtdmso	2	3	9	7	0.5185185185185185	0.6351172047766475
chr22:50503189	wtdmso	mtdmso	9	10	3	3	0.9	1.0
chr22:50503318	wtdmso	mtdmso	7	6	5	8	1.8666666666666667	0.6950975905236234
chr22:50503323	wtdmso	mtdmso	2	2	9	9	1.0	1.0
chr22:50503472	wtdmso	mtdmso	1	4	9	10	0.2777777777777778	0.35770750988142286
chr22:50503638	wtdmso	mtdmso	3	4	7	9	0.9642857142857143	1.0
chr22_KI270876v1_alt:159353	wtdmso	mtdmso	14	13	23	23	1.0769230769230769	1.0
chr22_KI270876v1_alt:159362	wtdmso	mtdmso	2	1	33	38	2.303030303030303	0.5999166975194372
chr22_KI270876v1_alt:159369	wtdmso	mtdmso	1	1	35	38	1.0857142857142856	1.0
chr22_KI270876v1_alt:159452	wtdmso	mtdmso	4	4	34	38	1.1176470588235294	1.0
chr22_KI270876v1_alt:159493	wtdmso	mtdmso	16	17	22	23	0.983957219251337	1.0
chr22_KI270879v1_alt:131158	wtdmso	mtdmso	2	1	47	71	3.021276595744681	0.5650947982498785
chr22_KI270879v1_alt:131242	wtdmso	mtdmso	8	13	49	74	0.9293563579277865	1.0
chr22_KI270879v1_alt:131302	wtdmso	mtdmso	1	3	42	64	0.5079365079365079	1.0
chr22_KI270879v1_alt:131448	wtdmso	mtdmso	5	5	41	59	1.4390243902439024	0.739119215320462
chr22_KI270879v1_alt:131511	wtdmso	mtdmso	3	2	35	54	2.3142857142857145	0.3907167107011934
chr2:101004224	wtdmso	mtdmso	115	108	469	455	1.0330292979546711	0.8813927550126054
chr2:101004243	wtdmso	mtdmso	1	4	571	543	0.23774080560420316	0.20789205827413446
chr2:101006357	wtdmso	mtdmso	180	197	282	244	0.7905821362998164	0.09149020088952842
chr2:101006376	wtdmso	mtdmso	13	34	555	512	0.3527291997880233	0.001481047571331231
chr2:105360852	wtdmso	mtdmso	2	2	8	13	1.625	1.0
chr2:105360947	wtdmso	mtdmso	2	12	10	16	0.26666666666666666	0.15704433956266925
chr2:105361091	wtdmso	mtdmso	1	1	24	31	1.2916666666666667	1.0
chr2:105361432	wtdmso	mtdmso	2	2	8	24	3.0	0.30481283422459887
chr2:105367636	wtdmso	mtdmso	1	1	9	22	2.4444444444444446	0.5208333333333334
chr2:105386367	wtdmso	mtdmso	2	6	8	16	0.6666666666666666	1.0
chr2:10783867	wtdmso	mtdmso	4	1	26	19	2.923076923076923	0.6359191225056164
chr2:10783978	wtdmso	mtdmso	18	6	40	23	1.725	0.44586123383204435
chr2:10784099	wtdmso	mtdmso	33	27	39	22	0.6894586894586895	0.35741894097279836
chr2:10784167	wtdmso	mtdmso	5	2	57	32	1.4035087719298245	1.0
chr2:10784187	wtdmso	mtdmso	14	9	46	22	0.7439613526570048	0.6144443637474581
chr2:10784279	wtdmso	mtdmso	1	6	65	41	0.10512820512820513	0.01997838829436598
chr2:10787405	wtdmso	mtdmso	3	2	49	28	0.8571428571428571	1.0
chr2:10788967	wtdmso	mtdmso	2	1	44	27	1.2272727272727273	1.0
chr2:10793193	wtdmso	mtdmso	17	9	16	4	0.4722222222222222	0.33607377736702754
chr2:112829854	wtdmso	mtdmso	4	3	50	25	0.6666666666666666	0.6855588513791989
chr2:112829892	wtdmso	mtdmso	13	11	41	15	0.43237250554323725	0.12074485184484951
chr2:112830182	wtdmso	mtdmso	12	4	31	18	1.7419354838709677	0.5455084803397677
chr2:112830260	wtdmso	mtdmso	26	10	4	3	1.95	0.6550574516959566
chr2:112830322	wtdmso	mtdmso	21	14	31	11	0.532258064516129	0.2283485103533149
chr2:112830388	wtdmso	mtdmso	12	3	37	18	1.945945945945946	0.5265251957610302
chr2:112830392	wtdmso	mtdmso	5	1	51	26	2.549019607843137	0.6584454520769092
chr2:112830413	wtdmso	mtdmso	1	1	50	25	0.5	1.0
chr2:112832704	wtdmso	mtdmso	13	3	40	22	2.3833333333333333	0.24365387300288852
chr2:112832744	wtdmso	mtdmso	6	4	40	21	0.7875	0.7333839754816096
chr2:112832759	wtdmso	mtdmso	17	12	30	12	0.5666666666666667	0.31237006840758547
chr2:112832824	wtdmso	mtdmso	7	3	38	21	1.2894736842105263	1.0
chr2:112833561	wtdmso	mtdmso	3	3	40	21	0.525	0.6586910922491085
chr2:112835602	wtdmso	mtdmso	1	2	44	21	0.23863636363636365	0.26251097453906935
chr2:130182637	wtdmso	mtdmso	1	2	52	28	0.2692307692307692	0.2951099792122419
chr2:130182727	wtdmso	mtdmso	11	6	43	28	1.193798449612403	1.0
chr2:130190638	wtdmso	mtdmso	4	3	52	33	0.8461538461538461	1.0
chr2:131484047	wtdmso	mtdmso	1	2	31	24	0.3870967741935484	0.582058594762769
chr2:131491881	wtdmso	mtdmso	1	2	30	25	0.4166666666666667	0.5931099299974073
chr2:131491922	wtdmso	mtdmso	3	4	25	21	0.63	0.6944883935107564
chr2:169812504	wtdmso	mtdmso	2	2	8	8	1.0	1.0
chr2:169819598	wtdmso	mtdmso	2	2	8	8	1.0	1.0
chr2:172505324	wtdmso	mtdmso	7	4	31	7	0.3951612903225806	0.23685984355079148
chr2:172505490	wtdmso	mtdmso	2	1	41	10	0.4878048780487805	0.5024592807611675
chr2:172505693	wtdmso	mtdmso	5	2	37	11	0.7432432432432432	0.663943317750199
chr2:174075226	wtdmso	mtdmso	6	10	5	11	1.32	1.0
chr2:175178211	wtdmso	mtdmso	10	11	112	117	0.9496753246753247	1.0
chr2:175178220	wtdmso	mtdmso	17	15	102	117	1.3	0.5708851222261455
chr2:175178272	wtdmso	mtdmso	1	2	125	123	0.492	0.6219939519032305
chr2:175179090	wtdmso	mtdmso	10	8	111	124	1.3963963963963963	0.6259252729310202
chr2:175180105	wtdmso	mtdmso	13	23	107	107	0.5652173913043478	0.1498287757060922
chr2:197486973	wtdmso	mtdmso	1	1	11	17	1.5454545454545454	1.0
chr2:197487012	wtdmso	mtdmso	6	2	4	8	6.0	0.16980233388902116
chr2:197488351	wtdmso	mtdmso	1	2	10	8	0.4	0.5864661654135338
chr2:20032742	wtdmso	mtdmso	3	1	34	15	1.3235294117647058	1.0
chr2:20032783	wtdmso	mtdmso	4	4	35	13	0.37142857142857144	0.22793946395024564
chr2:20032827	wtdmso	mtdmso	6	1	27	15	3.3333333333333335	0.4016860234617264
chr2:20032895	wtdmso	mtdmso	12	5	27	14	1.2444444444444445	1.0
chr2:20034389	wtdmso	mtdmso	4	5	28	14	0.4	0.26562609522983394
chr2:20034401	wtdmso	mtdmso	5	1	31	18	2.903225806451613	0.6525399129172715
chr2:20040968	wtdmso	mtdmso	3	1	19	16	2.526315789473684	0.6180471969945655
chr2:20051494	wtdmso	mtdmso	1	3	18	13	0.24074074074074073	0.3119938884644766
chr2:20200890	wtdmso	mtdmso	3	1	134	72	1.6119402985074627	1.0
chr2:20200918	wtdmso	mtdmso	85	52	60	26	0.7083333333333334	0.2522078650222964
chr2:20200928	wtdmso	mtdmso	45	22	92	50	1.1116600790513833	0.7578207827085099
chr2:20200975	wtdmso	mtdmso	6	5	144	77	0.6416666666666667	0.5251478317933118
chr2:20201055	wtdmso	mtdmso	4	1	125	67	2.144	0.6611003124081568
chr2:20201128	wtdmso	mtdmso	48	29	54	21	0.6436781609195402	0.22968057977906042
chr2:20201137	wtdmso	mtdmso	3	3	132	63	0.4772727272727273	0.3964672893109492
chr2:20201188	wtdmso	mtdmso	5	4	138	69	0.625	0.4906045657051092
chr2:20201424	wtdmso	mtdmso	19	12	85	38	0.707843137254902	0.40075206114261264
chr2:20201436	wtdmso	mtdmso	61	32	65	33	0.9677884615384615	1.0
chr2:20201441	wtdmso	mtdmso	14	4	111	45	1.4189189189189189	0.782638470743824
chr2:20201510	wtdmso	mtdmso	4	2	188	100	1.0638297872340425	1.0
chr2:20201566	wtdmso	mtdmso	7	6	195	104	0.6222222222222222	0.3921477713049053
chr2:20201807	wtdmso	mtdmso	77	44	84	49	1.0208333333333333	1.0
chr2:20201816	wtdmso	mtdmso	3	4	156	82	0.3942307692307692	0.24469395631014382
chr2:20201829	wtdmso	mtdmso	62	44	108	53	0.6914983164983165	0.19333159915779285
chr2:20202004	wtdmso	mtdmso	90	58	64	32	0.7758620689655172	0.41547238779619655
chr2:20202085	wtdmso	mtdmso	3	3	152	91	0.5986842105263158	0.6754732503926804
chr2:20202094	wtdmso	mtdmso	2	1	126	75	1.1904761904761905	1.0
chr2:20202115	wtdmso	mtdmso	6	8	148	87	0.4408783783783784	0.16015868250713858
chr2:20202135	wtdmso	mtdmso	5	6	123	75	0.508130081300813	0.3435637789489753
chr2:20202307	wtdmso	mtdmso	1	3	142	86	0.20187793427230047	0.15883804822479589
chr2:20202346	wtdmso	mtdmso	10	12	109	59	0.4510703363914373	0.10046934736332044
chr2:20202424	wtdmso	mtdmso	71	43	32	21	1.083575581395349	0.8649191604174442
chr2:20202483	wtdmso	mtdmso	13	8	90	41	0.7402777777777778	0.6164598224970601
chr2:20202498	wtdmso	mtdmso	30	19	91	55	0.9543088490456911	1.0
chr2:20202539	wtdmso	mtdmso	58	35	64	36	0.9321428571428572	0.8815567523178585
chr2:20202569	wtdmso	mtdmso	79	45	37	32	1.5183183183183184	0.21973143668831419
chr2:20202583	wtdmso	mtdmso	25	12	67	42	1.3059701492537314	0.5589377591084322
chr2:20202698	wtdmso	mtdmso	43	32	67	40	0.8022388059701493	0.5385349019775878
chr2:20202786	wtdmso	mtdmso	1	1	115	75	0.6521739130434783	1.0
chr2:20203157	wtdmso	mtdmso	13	5	79	51	1.678481012658228	0.441398852023781
chr2:20203166	wtdmso	mtdmso	5	6	86	57	0.5523255813953488	0.35857472620237796
chr2:20203220	wtdmso	mtdmso	7	8	76	47	0.5411184210526315	0.27676124375523026
chr2:20203918	wtdmso	mtdmso	2	3	63	38	0.4021164021164021	0.37264959106925427
chr2:20203932	wtdmso	mtdmso	9	1	55	36	5.890909090909091	0.08773276236958219
chr2:20203949	wtdmso	mtdmso	3	2	53	35	0.9905660377358491	1.0
chr2:20203972	wtdmso	mtdmso	2	5	55	31	0.22545454545454546	0.10401901678318565
chr2:20204202	wtdmso	mtdmso	16	10	43	29	1.0790697674418606	1.0
chr2:20224934	wtdmso	mtdmso	2	1	51	39	1.5294117647058822	1.0
chr2:20224980	wtdmso	mtdmso	7	3	44	35	1.856060606060606	0.5066959324957605
chr2:20225001	wtdmso	mtdmso	2	4	50	33	0.33	0.22874551630757536
chr2:20225015	wtdmso	mtdmso	2	2	49	29	0.5918367346938775	0.6309017415068665
chr2:206161398	wtdmso	mtdmso	1	3	182	135	0.24725274725274726	0.3180724444169284
chr2:206161446	wtdmso	mtdmso	4	3	182	144	1.054945054945055	1.0
chr2:206162531	wtdmso	mtdmso	2	2	182	135	0.7417582417582418	1.0
chr2:206162732	wtdmso	mtdmso	3	1	198	152	2.303030303030303	0.6366839575174909
chr2:206162802	wtdmso	mtdmso	2	1	132	102	1.5454545454545454	1.0
chr2:206162839	wtdmso	mtdmso	35	36	156	110	0.6855413105413105	0.17835224650772713
chr2:215360894	wtdmso	mtdmso	4	6	479	362	0.5038274182324287	0.3432766086993494
chr2:215360990	wtdmso	mtdmso	14	15	533	407	0.7126954346466542	0.4476513817906713
chr2:215361140	wtdmso	mtdmso	39	30	542	418	1.0025830258302584	1.0
chr2:215361185	wtdmso	mtdmso	2	4	610	458	0.37540983606557377	0.4114321435342642
chr2:215361215	wtdmso	mtdmso	21	17	515	385	0.923472301541976	0.8677111380708386
chr2:215361480	wtdmso	mtdmso	60	51	392	322	0.9663865546218487	0.918444716912056
chr2:215361499	wtdmso	mtdmso	45	49	451	359	0.7310285533282049	0.15602404421123156
chr2:215361531	wtdmso	mtdmso	17	22	445	359	0.623391215526047	0.18718718977671983
chr2:215361972	wtdmso	mtdmso	4	2	445	369	1.658426966292135	0.6948291890296725
chr2:215361976	wtdmso	mtdmso	7	7	424	349	0.8231132075471698	0.7900282485430611
chr2:215362040	wtdmso	mtdmso	51	52	375	295	0.7715384615384615	0.2422530380037684
chr2:215362065	wtdmso	mtdmso	16	18	401	325	0.7204211692989748	0.38111336968489673
chr2:215364938	wtdmso	mtdmso	27	19	377	305	1.1496579645399971	0.759600180766199
chr2:215365509	wtdmso	mtdmso	19	11	392	320	1.4100185528756957	0.4546159279194643
chr2:215365581	wtdmso	mtdmso	31	25	331	257	0.9627794561933535	0.8890138670168775
chr2:215365605	wtdmso	mtdmso	96	100	244	192	0.7554098360655738	0.12045463228185987
chr2:215367917	wtdmso	mtdmso	18	18	272	237	0.8713235294117647	0.7316246571195006
chr2:215367984	wtdmso	mtdmso	5	5	220	208	0.9454545454545454	1.0
chr2:215367996	wtdmso	mtdmso	4	3	235	209	1.1858156028368794	1.0
chr2:215368011	wtdmso	mtdmso	40	28	193	167	1.2361213915618061	0.5070895285315364
chr2:215370343	wtdmso	mtdmso	2	1	223	204	1.8295964125560538	1.0
chr2:215370416	wtdmso	mtdmso	28	14	190	190	2.0	0.05029500613907839
chr2:215371917	wtdmso	mtdmso	26	30	177	161	0.7883239171374764	0.47106692878389755
chr2:215371966	wtdmso	mtdmso	12	14	193	173	0.768319763138416	0.5477797900980759
chr2:215371994	wtdmso	mtdmso	1	1	180	164	0.9111111111111111	1.0
chr2:215372013	wtdmso	mtdmso	19	17	148	118	0.8910969793322735	0.8585303327445791
chr2:215372037	wtdmso	mtdmso	11	5	7	5	1.5714285714285714	0.6979405034324944
chr2:215372127	wtdmso	mtdmso	13	9	150	138	1.3288888888888888	0.6589330587936415
chr2:215372171	wtdmso	mtdmso	7	6	161	143	1.036231884057971	1.0
chr2:215372187	wtdmso	mtdmso	1	2	176	144	0.4090909090909091	0.5913075467788431
chr2:215372291	wtdmso	mtdmso	4	2	139	123	1.7697841726618706	0.6882711061658803
chr2:215372328	wtdmso	mtdmso	10	3	99	93	3.1313131313131315	0.0904645318150456
chr2:215373324	wtdmso	mtdmso	6	13	164	140	0.39399624765478425	0.09509500728204924
chr2:215373396	wtdmso	mtdmso	22	16	158	146	1.2705696202531647	0.6057142784892232
chr2:215373403	wtdmso	mtdmso	34	31	132	125	1.0386119257086999	1.0
chr2:215375699	wtdmso	mtdmso	22	20	133	119	0.9842105263157894	1.0
chr2:215376533	wtdmso	mtdmso	5	10	150	136	0.4533333333333333	0.1881550549027159
chr2:215376548	wtdmso	mtdmso	5	3	119	125	1.7507002801120448	0.49483554212286707
chr2:215376605	wtdmso	mtdmso	7	5	125	135	1.512	0.5629762535756644
chr2:215376629	wtdmso	mtdmso	3	4	141	140	0.7446808510638298	1.0
chr2:215376644	wtdmso	mtdmso	15	18	125	121	0.8066666666666666	0.5836099379426208
chr2:215378205	wtdmso	mtdmso	3	1	116	111	2.8706896551724137	0.6224181801830118
chr2:215378221	wtdmso	mtdmso	10	18	116	115	0.5507662835249042	0.1651351513884375
chr2:215379135	wtdmso	mtdmso	14	18	121	124	0.7970615243342516	0.5778189901804475
chr2:215379160	wtdmso	mtdmso	6	7	119	117	0.8427370948379351	0.7844164695715804
chr2:215379189	wtdmso	mtdmso	15	13	120	119	1.1442307692307692	0.8423686953401238
chr2:215379194	wtdmso	mtdmso	4	3	126	120	1.2698412698412698	1.0
chr2:215379209	wtdmso	mtdmso	10	15	122	118	0.644808743169399	0.4011086843053714
chr2:215379251	wtdmso	mtdmso	2	8	100	100	0.25	0.10240766408320734
chr2:215379298	wtdmso	mtdmso	10	8	106	112	1.320754716981132	0.6295833813967884
chr2:215380822	wtdmso	mtdmso	10	20	73	80	0.547945205479452	0.16511797307660414
chr2:215380917	wtdmso	mtdmso	2	3	81	99	0.8148148148148148	1.0
chr2:215380978	wtdmso	mtdmso	1	5	77	90	0.23376623376623376	0.2242993136535121
chr2:215381060	wtdmso	mtdmso	16	19	64	72	0.9473684210526315	1.0
chr2:215382310	wtdmso	mtdmso	2	2	104	104	1.0	1.0
chr2:215383339	wtdmso	mtdmso	13	18	97	90	0.6701030927835051	0.33688906870399554
chr2:215383345	wtdmso	mtdmso	1	2	105	106	0.5047619047619047	1.0
chr2:215383355	wtdmso	mtdmso	12	9	92	97	1.4057971014492754	0.4980242078065988
chr2:215383361	wtdmso	mtdmso	1	2	85	91	0.5352941176470588	1.0
chr2:215383440	wtdmso	mtdmso	8	6	101	98	1.2937293729372936	0.7841865396631733
chr2:215383453	wtdmso	mtdmso	6	6	95	100	1.0526315789473684	1.0
chr2:215383476	wtdmso	mtdmso	2	1	94	92	1.9574468085106382	1.0
chr2:215384022	wtdmso	mtdmso	20	18	67	68	1.1276948590381426	0.8546141242800904
chr2:215384063	wtdmso	mtdmso	41	38	43	47	1.1793145654834762	0.6449515918539138
chr2:215384862	wtdmso	mtdmso	1	1	37	53	1.4324324324324325	1.0
chr2:215384957	wtdmso	mtdmso	2	3	84	83	0.6587301587301587	1.0
chr2:215386827	wtdmso	mtdmso	2	2	70	75	1.0714285714285714	1.0
chr2:215386933	wtdmso	mtdmso	16	17	54	63	1.0980392156862746	0.8453709989296694
chr2:215388221	wtdmso	mtdmso	1	2	68	55	0.40441176470588236	0.5891797235023041
chr2:215388251	wtdmso	mtdmso	2	6	69	70	0.33816425120772947	0.27771425718641274
chr2:215391795	wtdmso	mtdmso	3	4	49	46	0.7040816326530612	0.7126645654256147
chr2:215394565	wtdmso	mtdmso	4	2	51	60	2.3529411764705883	0.41788897997144003
chr2:215397180	wtdmso	mtdmso	1	2	53	65	0.6132075471698113	1.0
chr2:215397682	wtdmso	mtdmso	8	8	39	50	1.2820512820512822	0.7860937650969742
chr2:215397719	wtdmso	mtdmso	1	1	16	25	1.5625	1.0
chr2:215397766	wtdmso	mtdmso	3	3	43	47	1.0930232558139534	1.0
chr2:215397802	wtdmso	mtdmso	10	13	40	46	0.8846153846153846	0.8186055564414914
chr2:215399309	wtdmso	mtdmso	4	8	30	42	0.7	0.7540249397428039
chr2:215404530	wtdmso	mtdmso	3	8	14	37	0.9910714285714286	1.0
chr2:215404589	wtdmso	mtdmso	3	9	15	30	0.6666666666666666	0.7338236640370286
chr2:215406255	wtdmso	mtdmso	8	7	15	28	2.1333333333333333	0.2347102199497137
chr2:215406488	wtdmso	mtdmso	1	1	18	33	1.8333333333333333	1.0
chr2:215407233	wtdmso	mtdmso	5	3	14	38	4.523809523809524	0.09532184320182072
chr2:215407258	wtdmso	mtdmso	1	1	17	37	2.176470588235294	0.5435064935064935
chr2:215407274	wtdmso	mtdmso	10	20	9	24	1.3333333333333333	0.784007634258455
chr2:215408154	wtdmso	mtdmso	2	4	16	37	1.15625	1.0
chr2:215408178	wtdmso	mtdmso	2	2	9	18	2.0	0.6014619418401399
chr2:215408398	wtdmso	mtdmso	7	17	6	27	1.8529411764705883	0.35671719502312105
chr2:215409676	wtdmso	mtdmso	1	4	10	23	0.575	1.0
chr2:215409968	wtdmso	mtdmso	1	5	9	21	0.4666666666666667	0.6546089110130856
chr2:215409978	wtdmso	mtdmso	2	8	10	32	0.8	1.0
chr2:215410064	wtdmso	mtdmso	1	3	11	36	1.0909090909090908	1.0
chr2:215414922	wtdmso	mtdmso	1	1	9	14	1.5555555555555556	1.0
chr2:215420722	wtdmso	mtdmso	5	7	6	14	1.6666666666666667	0.7025959724852213
chr2:216499311	wtdmso	mtdmso	3	16	338	426	0.23631656804733728	0.017138808261881112
chr2:216499948	wtdmso	mtdmso	5	10	306	401	0.6552287581699346	0.6002075257336443
chr2:216500002	wtdmso	mtdmso	1	4	313	407	0.3250798722044728	0.395567794335533
chr2:216501379	wtdmso	mtdmso	18	20	249	363	1.3120481927710843	0.49715599455144843
chr2:216501396	wtdmso	mtdmso	1	2	315	426	0.6761904761904762	1.0
chr2:216501424	wtdmso	mtdmso	4	7	271	371	0.7822878228782287	0.7678382908200408
chr2:218217489	wtdmso	mtdmso	4	3	36	40	1.4814814814814814	0.7063307571161772
chr2:218228825	wtdmso	mtdmso	6	1	34	45	7.9411764705882355	0.04629153563303964
chr2:218238687	wtdmso	mtdmso	1	2	39	28	0.358974358974359	0.5725246620387284
chr2:218245522	wtdmso	mtdmso	3	6	44	48	0.5454545454545454	0.4975908921021549
chr2:218249857	wtdmso	mtdmso	3	9	37	36	0.32432432432432434	0.12546697019214698
chr2:218249875	wtdmso	mtdmso	9	13	39	35	0.621301775147929	0.4668889615209468
chr2:218253959	wtdmso	mtdmso	5	4	52	54	1.2980769230769231	0.7426119676980445
chr2:218254087	wtdmso	mtdmso	9	10	34	39	1.0323529411764707	1.0
chr2:218254289	wtdmso	mtdmso	1	1	27	22	0.8148148148148148	1.0
chr2:218274341	wtdmso	mtdmso	2	3	65	66	0.676923076923077	1.0
chr2:218274418	wtdmso	mtdmso	4	6	67	62	0.6169154228855721	0.526254000685162
chr2:218274459	wtdmso	mtdmso	3	3	64	62	0.96875	1.0
chr2:218274512	wtdmso	mtdmso	1	3	63	62	0.328042328042328	0.6191173777696393
chr2:218274590	wtdmso	mtdmso	5	4	61	66	1.3524590163934427	0.7393811841871676
chr2:218274679	wtdmso	mtdmso	4	9	65	58	0.39658119658119656	0.15371290461922843
chr2:218274768	wtdmso	mtdmso	1	1	51	58	1.1372549019607843	1.0
chr2:218274857	wtdmso	mtdmso	2	7	50	41	0.2342857142857143	0.08344530340574659
chr2:218274892	wtdmso	mtdmso	1	4	45	39	0.21666666666666667	0.19298162010744915
chr2:218275003	wtdmso	mtdmso	3	1	45	39	2.6	0.6226923225366547
chr2:218275067	wtdmso	mtdmso	2	4	45	37	0.4111111111111111	0.4111592416127127
chr2:218275115	wtdmso	mtdmso	4	4	50	36	0.72	0.7193048473705523
chr2:218275203	wtdmso	mtdmso	1	2	39	21	0.2692307692307692	0.5482360051371157
chr2:218275245	wtdmso	mtdmso	4	3	34	25	0.9803921568627451	1.0
chr2:218275273	wtdmso	mtdmso	9	4	30	23	1.725	0.5344624509906988
chr2:218275277	wtdmso	mtdmso	2	1	35	27	1.542857142857143	1.0
chr2:218275407	wtdmso	mtdmso	11	4	23	18	2.152173913043478	0.35624530599007254
chr2:218275586	wtdmso	mtdmso	6	3	28	19	1.3571428571428572	1.0
chr2:218277041	wtdmso	mtdmso	6	5	26	14	0.6461538461538462	0.7260728760035128
chr2:218277094	wtdmso	mtdmso	1	1	32	21	0.65625	1.0
chr2:218277956	wtdmso	mtdmso	6	7	22	14	0.5454545454545454	0.5144739650749719
chr2:218278519	wtdmso	mtdmso	5	2	29	16	1.3793103448275863	1.0
chr2:218281944	wtdmso	mtdmso	7	3	24	16	1.5555555555555556	0.7221818657194714
chr2:219250523	wtdmso	mtdmso	6	8	48	46	0.71875	0.7755469190923239
chr2:219250598	wtdmso	mtdmso	5	5	52	56	1.0769230769230769	1.0
chr2:219250664	wtdmso	mtdmso	35	47	9	6	0.49645390070921985	0.2649658592614854
chr2:219250946	wtdmso	mtdmso	20	16	16	17	1.328125	0.6329729570596182
chr2:219251066	wtdmso	mtdmso	2	2	45	47	1.0444444444444445	1.0
chr2:219251084	wtdmso	mtdmso	1	1	35	33	0.9428571428571428	1.0
chr2:219251102	wtdmso	mtdmso	9	12	34	34	0.75	0.6236998396626723
chr2:219251130	wtdmso	mtdmso	4	4	38	38	1.0	1.0
chr2:219251219	wtdmso	mtdmso	9	2	45	49	4.9	0.05293177933690534
chr2:219251305	wtdmso	mtdmso	10	8	41	41	1.25	0.7961716791113391
chr2:219252067	wtdmso	mtdmso	1	2	33	35	0.5303030303030303	1.0
chr2:219252117	wtdmso	mtdmso	3	1	26	33	3.8076923076923075	0.32629582063743884
chr2:219252152	wtdmso	mtdmso	5	2	36	40	2.7777777777777777	0.26460476864625104
chr2:219253864	wtdmso	mtdmso	2	1	22	29	2.6363636363636362	0.579100145137881
chr2:219538968	wtdmso	mtdmso	1	3	9	10	0.37037037037037035	0.603613777526821
chr2:219538997	wtdmso	mtdmso	2	4	8	15	0.9375	1.0
chr2:219539382	wtdmso	mtdmso	4	3	8	17	2.8333333333333335	0.37930677961267506
chr2:219539406	wtdmso	mtdmso	1	4	10	13	0.325	0.6194546194546195
chr2:219539432	wtdmso	mtdmso	7	8	17	13	0.6691176470588235	0.5462866210949574
chr2:219539482	wtdmso	mtdmso	2	15	11	3	0.03636363636363636	0.00025912340943280487
chr2:219539716	wtdmso	mtdmso	6	4	17	13	1.1470588235294117	1.0
chr2:219539833	wtdmso	mtdmso	3	7	8	12	0.6428571428571429	0.7019951562680198
chr2:219539945	wtdmso	mtdmso	3	7	8	8	0.42857142857142855	0.4278637770897833
chr2:219540151	wtdmso	mtdmso	2	1	18	13	1.4444444444444444	1.0
chr2:219540409	wtdmso	mtdmso	2	5	18	10	0.2222222222222222	0.11221990565869386
chr2:219540526	wtdmso	mtdmso	4	6	6	9	1.0	1.0
chr2:231712846	wtdmso	mtdmso	1	3	39	39	0.3333333333333333	0.6160337552742614
chr2:231712851	wtdmso	mtdmso	5	9	37	31	0.46546546546546547	0.24825390464399538
chr2:231712897	wtdmso	mtdmso	3	2	32	39	1.828125	0.6566844421927334
chr2:231713225	wtdmso	mtdmso	14	9	28	40	2.2222222222222223	0.14627689823736895
chr2:231713242	wtdmso	mtdmso	2	1	42	46	2.1904761904761907	0.6084784129727948
chr2:231713276	wtdmso	mtdmso	1	1	45	51	1.1333333333333333	1.0
chr2:231713336	wtdmso	mtdmso	2	3	37	46	0.8288288288288288	1.0
chr2:24067737	wtdmso	mtdmso	7	4	21	16	1.3333333333333333	0.7414947924837982
chr2:24068433	wtdmso	mtdmso	2	1	35	25	1.4285714285714286	1.0
chr2:24068442	wtdmso	mtdmso	3	2	31	23	1.1129032258064515	1.0
chr2:24068453	wtdmso	mtdmso	10	5	26	19	1.4615384615384615	0.7617910352976931
chr2:24076200	wtdmso	mtdmso	10	8	26	16	0.7692307692307693	0.7752059784162679
chr2:24076247	wtdmso	mtdmso	6	6	27	16	0.5925925925925926	0.5120852475956528
chr2:241229227	wtdmso	mtdmso	4	1	11	21	7.636363636363637	0.1361950185479597
chr2:241229347	wtdmso	mtdmso	5	7	31	37	0.8525345622119815	1.0
chr2:241229388	wtdmso	mtdmso	1	1	36	44	1.2222222222222223	1.0
chr2:241229405	wtdmso	mtdmso	7	7	24	29	1.2083333333333333	0.7723325105363343
chr2:241229514	wtdmso	mtdmso	5	2	28	36	3.2142857142857144	0.2383124927548087
chr2:241229527	wtdmso	mtdmso	3	1	33	24	2.1818181818181817	0.6378304318249323
chr2:241229564	wtdmso	mtdmso	3	6	28	18	0.32142857142857145	0.15720049662477698
chr2:241229582	wtdmso	mtdmso	5	7	33	32	0.6926406926406926	0.7549050876780692
chr2:241229587	wtdmso	mtdmso	3	2	26	20	1.1538461538461537	1.0
chr2:241229944	wtdmso	mtdmso	1	2	26	18	0.34615384615384615	0.5670675300647549
chr2:241230863	wtdmso	mtdmso	3	3	29	20	0.6896551724137931	0.6861682650805847
chr2:241230906	wtdmso	mtdmso	9	4	22	17	1.7386363636363635	0.522500081705342
chr2:241230936	wtdmso	mtdmso	2	3	26	20	0.5128205128205128	0.6471661004827465
chr2:241233853	wtdmso	mtdmso	7	4	22	20	1.5909090909090908	0.7351186569873158
chr2:241235124	wtdmso	mtdmso	4	5	13	18	1.1076923076923078	1.0
chr2:241235165	wtdmso	mtdmso	9	5	17	14	1.4823529411764707	0.7459860597977445
chr2:241235181	wtdmso	mtdmso	3	1	13	17	3.923076923076923	0.3225806451612903
chr2:241235250	wtdmso	mtdmso	4	5	19	17	0.7157894736842105	0.722238010950433
chr2:241235553	wtdmso	mtdmso	2	2	19	19	1.0	1.0
chr2:241236672	wtdmso	mtdmso	1	2	9	17	0.9444444444444444	1.0
chr2:241495351	wtdmso	mtdmso	3	3	10	7	0.7	1.0
chr2:26190902	wtdmso	mtdmso	3	2	30	21	1.05	1.0
chr2:26191071	wtdmso	mtdmso	4	3	32	25	1.0416666666666667	1.0
chr2:26191098	wtdmso	mtdmso	1	2	25	18	0.36	0.5718050065876152
chr2:26191286	wtdmso	mtdmso	1	4	27	20	0.18518518518518517	0.16864899806076278
chr2:26191349	wtdmso	mtdmso	2	3	28	18	0.42857142857142855	0.6370463078848561
chr2:26193610	wtdmso	mtdmso	3	7	19	18	0.40601503759398494	0.2973311189359752
chr2:27070492	wtdmso	mtdmso	3	2	13	13	1.5	1.0
chr2:27070711	wtdmso	mtdmso	3	2	37	41	1.662162162162162	0.6684628810601051
chr2:27071608	wtdmso	mtdmso	3	9	35	28	0.26666666666666666	0.0647207719841848
chr2:27215334	wtdmso	mtdmso	4	7	30	20	0.38095238095238093	0.19046986507731176
chr2:27215726	wtdmso	mtdmso	4	1	30	28	3.7333333333333334	0.36271226276514484
chr2:27215747	wtdmso	mtdmso	4	2	28	24	1.7142857142857142	0.6813863882315755
chr2:27216948	wtdmso	mtdmso	10	10	25	20	0.8	0.7893649623860042
chr2:27216969	wtdmso	mtdmso	3	3	34	23	0.6764705882352942	0.6840906555120829
chr2:27216986	wtdmso	mtdmso	6	9	26	21	0.5384615384615384	0.3791915430923391
chr2:3575838	wtdmso	mtdmso	26	36	353	283	0.5790053509600251	0.04535468159217473
chr2:3575844	wtdmso	mtdmso	17	21	337	283	0.6798078281757807	0.314629908630552
chr2:3580147	wtdmso	mtdmso	31	21	362	298	1.2152065245987898	0.5637086937291411
chr2:3580193	wtdmso	mtdmso	4	2	407	335	1.6461916461916462	0.6954112080955275
chr2:3580228	wtdmso	mtdmso	1	6	366	292	0.13296903460837886	0.049378326545191975
chr2:3580243	wtdmso	mtdmso	9	7	392	326	1.0692419825072885	1.0
chr2:3580253	wtdmso	mtdmso	38	39	341	274	0.7829160087224604	0.33261442921535533
chr2:3580810	wtdmso	mtdmso	4	4	385	319	0.8285714285714286	1.0
chr2:3580891	wtdmso	mtdmso	37	30	326	275	1.0403885480572597	0.8978956867963581
chr2:42350528	wtdmso	mtdmso	2	3	54	31	0.38271604938271603	0.3620194083778597
chr2:42350616	wtdmso	mtdmso	2	1	46	30	1.3043478260869565	1.0
chr2:42350839	wtdmso	mtdmso	5	5	48	26	0.5416666666666666	0.48742593861735706
chr2:42350907	wtdmso	mtdmso	18	7	41	30	1.8815331010452963	0.24005382566245972
chr2:42350916	wtdmso	mtdmso	5	7	49	27	0.3935860058309038	0.20101273156839763
chr2:42350949	wtdmso	mtdmso	17	9	39	26	1.2592592592592593	0.8118950989072086
chr2:42351202	wtdmso	mtdmso	39	21	12	9	1.3928571428571428	0.6025873357283131
chr2:42351271	wtdmso	mtdmso	2	1	45	29	1.288888888888889	1.0
chr2:42351283	wtdmso	mtdmso	8	2	39	29	2.9743589743589745	0.2997083744019577
chr2:42351298	wtdmso	mtdmso	1	1	36	29	0.8055555555555556	1.0
chr2:42351315	wtdmso	mtdmso	1	2	44	26	0.29545454545454547	0.5543121744163612
chr2:42353279	wtdmso	mtdmso	1	6	43	22	0.08527131782945736	0.012056535879014214
chr2:42353283	wtdmso	mtdmso	9	5	36	26	1.3	0.7690715356275015
chr2:42361172	wtdmso	mtdmso	7	5	31	22	0.9935483870967742	1.0
chr2:47160396	wtdmso	mtdmso	6	5	10	11	1.32	1.0
chr2:47160403	wtdmso	mtdmso	10	1	32	24	7.5	0.043098158315623525
chr2:47160414	wtdmso	mtdmso	2	1	41	24	1.170731707317073	1.0
chr2:47160450	wtdmso	mtdmso	16	5	25	21	2.688	0.11017122242276295
chr2:47160491	wtdmso	mtdmso	6	2	37	24	1.945945945945946	0.7006794633831465
chr2:47160708	wtdmso	mtdmso	7	2	32	23	2.515625	0.463070257511897
chr2:47161828	wtdmso	mtdmso	10	3	31	20	2.150537634408602	0.3463521467346663
chr2:47162334	wtdmso	mtdmso	3	2	29	13	0.6724137931034483	0.6483562905695728
chr2:47162376	wtdmso	mtdmso	2	2	31	15	0.4838709677419355	0.5972557533651759
chr2:47162544	wtdmso	mtdmso	1	3	35	16	0.1523809523809524	0.11364735893037778
chr2:47162593	wtdmso	mtdmso	10	5	26	15	1.1538461538461537	1.0
chr2:47162617	wtdmso	mtdmso	5	2	28	18	1.6071428571428572	0.6973668879589014
chr2:47170751	wtdmso	mtdmso	10	5	24	13	1.0833333333333333	1.0
chr2:47170759	wtdmso	mtdmso	1	2	26	13	0.25	0.2865853658536585
chr2:54972228	wtdmso	mtdmso	16	5	13	10	2.4615384615384617	0.21310605337557192
chr2:54972253	wtdmso	mtdmso	7	3	24	12	1.1666666666666667	1.0
chr2:54972368	wtdmso	mtdmso	13	6	18	7	0.8425925925925926	1.0
chr2:54972399	wtdmso	mtdmso	13	5	13	8	1.6	0.7342392448065419
chr2:54972429	wtdmso	mtdmso	7	4	17	7	0.7205882352941176	0.7091438594775634
chr2:54973072	wtdmso	mtdmso	1	2	13	10	0.38461538461538464	0.5800000000000001
chr2:54973597	wtdmso	mtdmso	2	2	12	9	0.75	1.0
chr2:54982559	wtdmso	mtdmso	3	2	9	9	1.5	1.0
chr2:54982575	wtdmso	mtdmso	5	3	8	9	1.875	0.6727688787185355
chr2:55050049	wtdmso	mtdmso	2	2	8	9	1.125	1.0
chr2:55232842	wtdmso	mtdmso	2	2	373	363	0.9731903485254692	1.0
chr2:55233367	wtdmso	mtdmso	46	33	360	362	1.4016835016835016	0.1921093963143185
chr2:55234187	wtdmso	mtdmso	38	31	389	406	1.2793763993697653	0.37989801372756327
chr2:55234856	wtdmso	mtdmso	20	11	417	425	1.8530630041421408	0.14233744171361584
chr2:55235515	wtdmso	mtdmso	1	2	447	438	0.4899328859060403	0.6212181500049143
chr2:55235519	wtdmso	mtdmso	2	5	380	367	0.3863157894736842	0.2807891994313667
chr2:55235544	wtdmso	mtdmso	78	54	322	339	1.520703933747412	0.03569758184006877
chr2:55235569	wtdmso	mtdmso	8	6	368	381	1.3804347826086956	0.59918071362469
chr2:55235576	wtdmso	mtdmso	41	24	388	398	1.7523625429553265	0.038677398991431626
chr2:55235596	wtdmso	mtdmso	9	13	225	240	0.7384615384615385	0.5210865633478556
chr2:55235602	wtdmso	mtdmso	49	48	100	114	1.16375	0.5429186703910288
chr2:61868445	wtdmso	mtdmso	1	1	12	16	1.3333333333333333	1.0
chr2:61868678	wtdmso	mtdmso	8	7	33	37	1.2813852813852813	0.7784461975355347
chr2:61868682	wtdmso	mtdmso	3	5	38	44	0.6947368421052632	0.7231950179424087
chr2:61869471	wtdmso	mtdmso	6	2	34	42	3.7058823529411766	0.14309813780868733
chr2:61869486	wtdmso	mtdmso	4	8	35	37	0.5285714285714286	0.367272662698653
chr2:61869526	wtdmso	mtdmso	5	10	32	39	0.609375	0.567610085061637
chr2:61872104	wtdmso	mtdmso	2	1	39	46	2.358974358974359	0.5961124881533862
chr2:61872135	wtdmso	mtdmso	3	8	35	39	0.41785714285714287	0.3313073657292076
chr2:61872248	wtdmso	mtdmso	6	11	31	32	0.5630498533724341	0.41322795361287246
chr2:61872263	wtdmso	mtdmso	2	1	37	45	2.4324324324324325	0.5913232762984714
chr2:61876193	wtdmso	mtdmso	2	1	24	21	1.75	1.0
chr2:61876208	wtdmso	mtdmso	1	4	26	23	0.22115384615384615	0.3507214206437292
chr2:61877037	wtdmso	mtdmso	5	1	24	23	4.791666666666667	0.2043931651034869
chr2:61877449	wtdmso	mtdmso	1	3	25	17	0.22666666666666666	0.30293838281704816
chr2:61878875	wtdmso	mtdmso	6	11	20	14	0.38181818181818183	0.14407223074750622
chr2:61878922	wtdmso	mtdmso	9	11	17	10	0.48128342245989303	0.25028153577368084
chr2:61878941	wtdmso	mtdmso	3	1	21	21	3.0	0.6093023255813954
chr2:61878945	wtdmso	mtdmso	3	1	12	23	5.75	0.27854980486559433
chr2:61885051	wtdmso	mtdmso	1	1	12	19	1.5833333333333333	1.0
chr2:63606938	wtdmso	mtdmso	3	4	17	20	0.8823529411764706	1.0
chr2:63606986	wtdmso	mtdmso	1	5	10	8	0.16	0.16598561621444918
chr2:63607043	wtdmso	mtdmso	2	4	18	20	0.5555555555555556	0.6731345795441087
chr2:73239672	wtdmso	mtdmso	2	7	10	12	0.34285714285714286	0.4184099017488775
chr2:73244026	wtdmso	mtdmso	2	1	23	17	1.4782608695652173	1.0
chr2:73247797	wtdmso	mtdmso	1	2	34	23	0.3382352941176471	0.56531268264173
chr2:73249126	wtdmso	mtdmso	1	1	34	40	1.1764705882352942	1.0
chr2:73251266	wtdmso	mtdmso	11	7	29	34	1.8423645320197044	0.29514202532642364
chr2:73251297	wtdmso	mtdmso	8	7	34	37	1.2436974789915967	0.7805071631398552
chr2:73251373	wtdmso	mtdmso	3	4	36	30	0.625	0.6979222369141467
chr2:73252661	wtdmso	mtdmso	1	1	43	42	0.9767441860465116	1.0
chr2:73252793	wtdmso	mtdmso	23	12	19	24	2.4210526315789473	0.07049314250422743
chr2:74361613	wtdmso	mtdmso	1	1	9	10	1.1111111111111112	1.0
chr2:74362085	wtdmso	mtdmso	5	7	6	6	0.7142857142857143	1.0
chr2:74365157	wtdmso	mtdmso	4	6	6	5	0.5555555555555556	0.6699214098594903
chr2:74365174	wtdmso	mtdmso	2	1	8	11	2.75	0.5714285714285713
chr2:74472074	wtdmso	mtdmso	3	11	8	16	0.5454545454545454	0.4881576597208346
chr2:84905710	wtdmso	mtdmso	7	25	65	395	1.7015384615384614	0.2959947811383632
chr2:84906033	wtdmso	mtdmso	8	9	76	403	4.713450292397661	0.0032361963822587192
chr2:84906096	wtdmso	mtdmso	5	38	97	394	0.5344546934346175	0.2291619545476033
chr2:84906500	wtdmso	mtdmso	1	5	92	348	0.7565217391304347	1.0
chr2:84906525	wtdmso	mtdmso	45	182	67	274	1.0111530260783992	1.0
chr2:84906573	wtdmso	mtdmso	13	41	110	427	1.230820399113082	0.5974095832152699
chr2:84906589	wtdmso	mtdmso	44	165	64	262	1.0916666666666666	0.7407393309629786
chr2:85394902	wtdmso	mtdmso	6	14	11	28	1.0909090909090908	1.0
chr2:85395544	wtdmso	mtdmso	7	14	30	47	0.7833333333333333	0.800526778102553
chr2:85398069	wtdmso	mtdmso	4	5	33	44	1.0666666666666667	1.0
chr2:85398086	wtdmso	mtdmso	16	24	21	32	1.0158730158730158	1.0
chr2:85398108	wtdmso	mtdmso	5	9	27	42	0.8641975308641975	1.0
chr2:85398126	wtdmso	mtdmso	8	14	29	46	0.9064039408866995	1.0
chr2:85398134	wtdmso	mtdmso	1	1	34	54	1.588235294117647	1.0
chr2:85399205	wtdmso	mtdmso	1	2	25	42	0.84	1.0
chr2:85399226	wtdmso	mtdmso	1	6	33	46	0.23232323232323232	0.23640588698779488
chr2:85399283	wtdmso	mtdmso	8	8	29	49	1.6896551724137931	0.40417578371539353
chr2:85401174	wtdmso	mtdmso	2	1	33	45	2.727272727272727	0.5754219409282701
chr2:85401189	wtdmso	mtdmso	3	10	27	41	0.45555555555555555	0.3530300245113047
chr2:85401207	wtdmso	mtdmso	2	3	28	47	1.119047619047619	1.0
chr2:85401213	wtdmso	mtdmso	10	28	23	26	0.40372670807453415	0.07418592122844164
chr2:85401298	wtdmso	mtdmso	5	7	26	38	1.043956043956044	1.0
chr2:85401568	wtdmso	mtdmso	4	6	27	46	1.1358024691358024	1.0
chr2:85595823	wtdmso	mtdmso	2	3	9	22	1.6296296296296295	0.6308940242763771
chr2:85596613	wtdmso	mtdmso	3	5	7	18	1.542857142857143	0.6728202276033199
chr2:9584089	wtdmso	mtdmso	3	5	13	13	0.6	0.6932618734620961
chr2:9584129	wtdmso	mtdmso	5	6	26	14	0.44871794871794873	0.3039783692203224
chr2:9584351	wtdmso	mtdmso	2	3	54	37	0.4567901234567901	0.6462669759654724
chr2:9584378	wtdmso	mtdmso	1	1	51	39	0.7647058823529411	1.0
chr2:9584459	wtdmso	mtdmso	2	1	61	48	1.5737704918032787	1.0
chr2:9584899	wtdmso	mtdmso	11	12	51	39	0.7009803921568627	0.4878569423225658
chr2:9584967	wtdmso	mtdmso	11	11	40	36	0.9	1.0
chr2:9584983	wtdmso	mtdmso	8	7	37	35	1.0810810810810811	1.0
chr2:9585016	wtdmso	mtdmso	3	5	49	39	0.4775510204081633	0.463263422261338
chr2:9587465	wtdmso	mtdmso	1	3	48	40	0.2777777777777778	0.33641476582365687
chr2:9587485	wtdmso	mtdmso	1	3	48	40	0.2777777777777778	0.33641476582365687
chr2:9630210	wtdmso	mtdmso	4	6	37	37	0.6666666666666666	0.7387315275678856
chr2:9630364	wtdmso	mtdmso	4	1	24	40	6.666666666666667	0.15012244057554594
chr2:9630442	wtdmso	mtdmso	4	1	21	35	6.666666666666667	0.14884856602131363
chr2:97647136	wtdmso	mtdmso	5	8	74	82	0.6925675675675675	0.5770032124059523
chr2:97647344	wtdmso	mtdmso	5	4	69	92	1.6666666666666667	0.5049750916695901
chr2:97648004	wtdmso	mtdmso	5	2	68	92	3.3823529411764706	0.24172609793315222
chr3:100748515	wtdmso	mtdmso	2	1	8	14	3.5	0.5434782608695652
chr3:100748584	wtdmso	mtdmso	6	11	5	8	0.8727272727272727	1.0
chr3:100748689	wtdmso	mtdmso	1	1	9	11	1.2222222222222223	1.0
chr3:10126490	wtdmso	mtdmso	2	1	8	14	3.5	0.5434782608695652
chr3:10126586	wtdmso	mtdmso	1	4	9	13	0.3611111111111111	0.620958751393534
chr3:101681095	wtdmso	mtdmso	7	5	37	57	2.156756756756757	0.22949883115681047
chr3:101681133	wtdmso	mtdmso	27	31	198	205	0.9017595307917888	0.7793090589889689
chr3:101682448	wtdmso	mtdmso	4	6	176	203	0.7689393939393939	0.7576791399992446
chr3:101682781	wtdmso	mtdmso	2	5	205	210	0.4097560975609756	0.4497993349223104
chr3:101682885	wtdmso	mtdmso	23	23	192	192	1.0	1.0
chr3:101685823	wtdmso	mtdmso	40	41	157	176	1.0936771788100046	0.8042100151252355
chr3:101685855	wtdmso	mtdmso	7	19	199	194	0.3591642422639513	0.024744300473593904
chr3:101686492	wtdmso	mtdmso	6	12	189	195	0.5158730158730159	0.23103225362589724
chr3:120601186	wtdmso	mtdmso	1	2	22	36	0.8181818181818182	1.0
chr3:120601248	wtdmso	mtdmso	1	2	11	35	1.5909090909090908	1.0
chr3:120602249	wtdmso	mtdmso	4	11	19	30	0.5741626794258373	0.5418100295341164
chr3:122341494	wtdmso	mtdmso	2	2	44	77	1.75	0.6246524357998734
chr3:122341505	wtdmso	mtdmso	6	17	60	98	0.5764705882352941	0.35547625896983304
chr3:128070231	wtdmso	mtdmso	1	1	9	10	1.1111111111111112	1.0
chr3:128070320	wtdmso	mtdmso	1	3	10	8	0.26666666666666666	0.5864661654135339
chr3:128070508	wtdmso	mtdmso	1	3	10	8	0.26666666666666666	0.5864661654135339
chr3:128070527	wtdmso	mtdmso	3	2	7	10	2.142857142857143	0.6240601503759399
chr3:128070543	wtdmso	mtdmso	5	9	5	4	0.4444444444444444	0.4172836182527932
chr3:128070783	wtdmso	mtdmso	1	1	9	12	1.3333333333333333	1.0
chr3:128071046	wtdmso	mtdmso	1	1	9	12	1.3333333333333333	1.0
chr3:128071162	wtdmso	mtdmso	1	1	23	13	0.5652173913043478	1.0
chr3:128071633	wtdmso	mtdmso	8	1	18	12	5.333333333333333	0.22522342576272464
chr3:128071655	wtdmso	mtdmso	1	1	21	12	0.5714285714285714	1.0
chr3:12836052	wtdmso	mtdmso	13	18	139	221	1.14828137490008	0.705819749974744
chr3:12836181	wtdmso	mtdmso	30	57	258	300	0.6119951040391677	0.04838050605900947
chr3:12839430	wtdmso	mtdmso	2	1	283	355	2.508833922261484	0.5878022620904837
chr3:12839501	wtdmso	mtdmso	2	6	253	342	0.4505928853754941	0.4775031826504922
chr3:12839515	wtdmso	mtdmso	1	1	233	319	1.3690987124463518	1.0
chr3:12839525	wtdmso	mtdmso	8	9	265	352	1.1807127882599582	0.8062442083855571
chr3:12840160	wtdmso	mtdmso	1	1	218	294	1.348623853211009	1.0
chr3:12840188	wtdmso	mtdmso	15	14	245	337	1.4737609329446064	0.3390863444549028
chr3:129169822	wtdmso	mtdmso	3	2	25	16	0.96	1.0
chr3:129169839	wtdmso	mtdmso	8	6	19	11	0.7719298245614035	0.7477111120232265
chr3:129169869	wtdmso	mtdmso	2	1	24	18	1.5	1.0
chr3:129169896	wtdmso	mtdmso	4	5	24	15	0.5	0.4599924784747141
chr3:129169983	wtdmso	mtdmso	5	2	21	13	1.5476190476190477	1.0
chr3:129170038	wtdmso	mtdmso	2	4	24	13	0.2708333333333333	0.19306206525957553
chr3:129170089	wtdmso	mtdmso	8	8	17	11	0.6470588235294118	0.5401425197751488
chr3:129170559	wtdmso	mtdmso	1	3	21	16	0.25396825396825395	0.3210131332082552
chr3:129171165	wtdmso	mtdmso	3	4	19	14	0.5526315789473685	0.6798336798336798
chr3:129171237	wtdmso	mtdmso	4	5	16	14	0.7	0.7164265551362325
chr3:150544344	wtdmso	mtdmso	1	6	39	13	0.05555555555555555	0.0033289457547587514
chr3:150544408	wtdmso	mtdmso	20	9	23	11	1.0628019323671498	1.0
chr3:150544448	wtdmso	mtdmso	2	2	48	31	0.6458333333333334	1.0
chr3:150544452	wtdmso	mtdmso	16	11	33	21	0.9256198347107438	1.0
chr3:150546085	wtdmso	mtdmso	5	3	40	28	1.1666666666666667	1.0
chr3:150546249	wtdmso	mtdmso	9	1	24	17	6.375	0.07709933014791012
chr3:156543235	wtdmso	mtdmso	7	8	41	22	0.4695121951219512	0.24097782886704983
chr3:156543266	wtdmso	mtdmso	9	10	38	24	0.5684210526315789	0.30126756303007524
chr3:156544322	wtdmso	mtdmso	3	1	41	20	1.4634146341463414	1.0
chr3:156548962	wtdmso	mtdmso	5	3	39	31	1.3247863247863247	1.0
chr3:156555048	wtdmso	mtdmso	1	2	44	29	0.32954545454545453	0.5634423897581791
chr3:179624000	wtdmso	mtdmso	1	2	9	10	0.5555555555555556	1.0
chr3:184180884	wtdmso	mtdmso	2	3	11	10	0.6060606060606061	1.0
chr3:184181760	wtdmso	mtdmso	1	1	11	13	1.1818181818181819	1.0
chr3:184182172	wtdmso	mtdmso	3	3	9	10	1.1111111111111112	1.0
chr3:184182860	wtdmso	mtdmso	4	9	10	17	0.7555555555555555	1.0
chr3:184183531	wtdmso	mtdmso	2	2	15	33	2.2	0.589010989010989
chr3:184183542	wtdmso	mtdmso	7	6	6	10	1.9444444444444444	0.4666572065581539
chr3:184183777	wtdmso	mtdmso	2	3	15	30	1.3333333333333333	1.0
chr3:184183881	wtdmso	mtdmso	1	3	12	15	0.4166666666666667	0.6207214365167647
chr3:184184050	wtdmso	mtdmso	1	2	9	15	0.8333333333333334	1.0
chr3:184306398	wtdmso	mtdmso	6	5	7	13	2.2285714285714286	0.44909941342692716
chr3:184307492	wtdmso	mtdmso	2	1	12	18	3.0	0.561217008797654
chr3:184307895	wtdmso	mtdmso	1	2	14	19	0.6785714285714286	1.0
chr3:184307975	wtdmso	mtdmso	1	3	12	10	0.2777777777777778	0.5930434782608694
chr3:184308870	wtdmso	mtdmso	1	1	29	22	0.7586206896551724	1.0
chr3:184308893	wtdmso	mtdmso	1	1	30	24	0.8	1.0
chr3:184308910	wtdmso	mtdmso	15	14	17	11	0.6932773109243697	0.5963899004237303
chr3:184308971	wtdmso	mtdmso	2	2	32	23	0.71875	1.0
chr3:184334897	wtdmso	mtdmso	1	1	12	11	0.9166666666666666	1.0
chr3:184334926	wtdmso	mtdmso	3	3	11	10	0.9090909090909091	1.0
chr3:184334971	wtdmso	mtdmso	8	10	4	2	0.4	0.6404053612291598
chr3:184335031	wtdmso	mtdmso	4	5	9	7	0.6222222222222222	0.6881679903082512
chr3:197950951	wtdmso	mtdmso	9	10	168	217	1.1625	0.8149207311500557
chr3:197950964	wtdmso	mtdmso	16	15	163	220	1.4396728016359919	0.35056501162463477
chr3:197951205	wtdmso	mtdmso	1	1	187	236	1.2620320855614973	1.0
chr3:197954001	wtdmso	mtdmso	7	11	165	216	0.8330578512396695	0.8103359506695328
chr3:197954076	wtdmso	mtdmso	1	2	182	222	0.6098901098901099	1.0
chr3:197954131	wtdmso	mtdmso	3	5	115	174	0.9078260869565218	1.0
chr3:197955773	wtdmso	mtdmso	2	4	189	227	0.6005291005291006	0.6937445193923224
chr3:23919325	wtdmso	mtdmso	34	33	499	592	1.2223234347482845	0.4502922077694824
chr3:23919378	wtdmso	mtdmso	7	7	528	610	1.1553030303030303	0.7948562700461822
chr3:23919545	wtdmso	mtdmso	80	87	209	272	1.1967222130561515	0.3220058527781437
chr3:23919584	wtdmso	mtdmso	2	5	110	111	0.4036363636363636	0.44632123305827753
chr3:23919652	wtdmso	mtdmso	4	7	87	99	0.6502463054187192	0.5507791444124432
chr3:23919742	wtdmso	mtdmso	6	2	96	97	3.03125	0.27954595194438636
chr3:23919790	wtdmso	mtdmso	10	8	32	36	1.40625	0.600889530363305
chr3:23920465	wtdmso	mtdmso	3	2	29	25	1.293103448275862	1.0
chr3:23920489	wtdmso	mtdmso	1	1	39	34	0.8717948717948718	1.0
chr3:23920618	wtdmso	mtdmso	6	5	35	29	0.9942857142857143	1.0
chr3:23920627	wtdmso	mtdmso	4	3	32	28	1.1666666666666667	1.0
chr3:23920651	wtdmso	mtdmso	5	2	37	34	2.2972972972972974	0.44153510123228945
chr3:33114498	wtdmso	mtdmso	3	3	22	23	1.0454545454545454	1.0
chr3:33124447	wtdmso	mtdmso	8	10	24	20	0.6666666666666666	0.5787726090464477
chr3:33124455	wtdmso	mtdmso	2	1	31	29	1.8709677419354838	1.0
chr3:33124549	wtdmso	mtdmso	5	1	28	28	5.0	0.20145333711354452
chr3:33134205	wtdmso	mtdmso	5	3	29	23	1.3218390804597702	1.0
chr3:33134230	wtdmso	mtdmso	1	2	41	34	0.4146341463414634	0.5925653294074348
chr3:33142429	wtdmso	mtdmso	10	11	31	25	0.7331378299120235	0.6130076241618623
chr3:33142466	wtdmso	mtdmso	4	1	28	17	2.4285714285714284	0.6418282391587531
chr3:33142586	wtdmso	mtdmso	5	3	35	35	1.6666666666666667	0.7122878407848501
chr3:33142875	wtdmso	mtdmso	2	5	42	37	0.3523809523809524	0.2600545974748668
chr3:33142882	wtdmso	mtdmso	3	2	39	35	1.3461538461538463	1.0
chr3:39407632	wtdmso	mtdmso	41	48	557	570	0.8741023339317774	0.5826394421324321
chr3:39407719	wtdmso	mtdmso	12	17	573	578	0.7120418848167539	0.45308969790491865
chr3:39407744	wtdmso	mtdmso	55	50	456	489	1.1796052631578948	0.47153551473441535
chr3:39407757	wtdmso	mtdmso	63	55	476	479	1.1526737967914438	0.49532633640812684
chr3:39408631	wtdmso	mtdmso	113	89	512	558	1.3837341994382022	0.03826485164630201
chr3:39410819	wtdmso	mtdmso	28	28	604	614	1.0165562913907285	1.0
chr3:39410877	wtdmso	mtdmso	50	50	533	571	1.0712945590994372	0.7549562991120446
chr3:39410889	wtdmso	mtdmso	33	40	597	620	0.8567839195979899	0.5484805586165802
chr3:39410973	wtdmso	mtdmso	6	6	635	636	1.0015748031496063	1.0
chr3:39411725	wtdmso	mtdmso	217	257	511	462	0.7633921432759447	0.01859621991444957
chr3:39411934	wtdmso	mtdmso	9	19	794	813	0.4850192231207742	0.08585090554555075
chr3:39411961	wtdmso	mtdmso	90	88	640	662	1.0578835227272727	0.7495546684624919
chr3:39412007	wtdmso	mtdmso	7	6	731	730	1.1650706794345644	1.0
chr3:39412276	wtdmso	mtdmso	10	12	628	638	0.8466029723991507	0.8305218844779843
chr3:39412303	wtdmso	mtdmso	17	11	736	731	1.534955533596838	0.34071056081177936
chr3:39412357	wtdmso	mtdmso	267	287	530	501	0.8794096377621459	0.22611209616919153
chr3:39412422	wtdmso	mtdmso	6	8	633	651	0.7713270142180095	0.7897419295795525
chr3:40457939	wtdmso	mtdmso	10	16	249	181	0.4543172690763052	0.06591650103321399
chr3:40457986	wtdmso	mtdmso	6	3	241	182	1.5103734439834025	0.7383299457841563
chr3:40458655	wtdmso	mtdmso	4	2	199	163	1.6381909547738693	0.6950047921670728
chr3:40458676	wtdmso	mtdmso	1	1	260	210	0.8076923076923077	1.0
chr3:40461447	wtdmso	mtdmso	1	1	275	220	0.8	1.0
chr3:40461619	wtdmso	mtdmso	1	1	265	225	0.8490566037735849	1.0
chr3:40461942	wtdmso	mtdmso	3	5	273	219	0.48131868131868133	0.4765074760345908
chr3:47851640	wtdmso	mtdmso	3	4	7	7	0.75	1.0
chr3:48468067	wtdmso	mtdmso	2	1	19	17	1.7894736842105263	1.0
chr3:48599027	wtdmso	mtdmso	9	19	38	44	0.5484764542936288	0.2686342746559447
chr3:48599065	wtdmso	mtdmso	1	3	63	78	0.4126984126984127	0.6302638595013534
chr3:48599170	wtdmso	mtdmso	1	1	63	83	1.3174603174603174	1.0
chr3:48599660	wtdmso	mtdmso	1	1	65	87	1.3384615384615384	1.0
chr3:48600109	wtdmso	mtdmso	6	11	57	68	0.6507177033492823	0.4505348398024862
chr3:48600129	wtdmso	mtdmso	4	7	54	67	0.708994708994709	0.7547422772893678
chr3:48600516	wtdmso	mtdmso	3	4	62	83	1.0040322580645162	1.0
chr3:48600724	wtdmso	mtdmso	1	3	50	73	0.4866666666666667	0.6483907253528793
chr3:48600996	wtdmso	mtdmso	9	11	41	69	1.376940133037694	0.618651715190071
chr3:48601041	wtdmso	mtdmso	3	1	46	70	4.565217391304348	0.303316546088231
chr3:48604385	wtdmso	mtdmso	1	2	41	67	0.8170731707317073	1.0
chr3:48604400	wtdmso	mtdmso	15	15	25	56	2.24	0.07656845497046924
chr3:49024668	wtdmso	mtdmso	4	3	32	43	1.7916666666666667	0.6935256628997386
chr3:49024751	wtdmso	mtdmso	7	10	35	34	0.68	0.5912418218097462
chr3:49024907	wtdmso	mtdmso	2	1	32	19	1.1875	1.0
chr3:49026394	wtdmso	mtdmso	2	2	31	20	0.6451612903225806	1.0
chr3:49026723	wtdmso	mtdmso	2	1	31	21	1.3548387096774193	1.0
chr3:49026810	wtdmso	mtdmso	1	1	30	22	0.7333333333333333	1.0
chr3:49027725	wtdmso	mtdmso	2	2	31	19	0.6129032258064516	0.6377054934213646
chr3:49027730	wtdmso	mtdmso	4	2	28	20	1.4285714285714286	1.0
chr3:49027755	wtdmso	mtdmso	1	1	32	31	0.96875	1.0
chr3:49027907	wtdmso	mtdmso	8	7	24	24	1.1428571428571428	1.0
chr3:49028513	wtdmso	mtdmso	4	1	22	19	3.4545454545454546	0.3693252035011388
chr3:49028525	wtdmso	mtdmso	4	8	23	24	0.5217391304347826	0.5176653126367609
chr3:49029299	wtdmso	mtdmso	1	6	23	13	0.09420289855072464	0.032511677435103414
chr3:49095949	wtdmso	mtdmso	1	7	10	31	0.44285714285714284	0.6633152109885541
chr3:49096013	wtdmso	mtdmso	4	4	13	42	3.230769230769231	0.19545458687176903
chr3:49096063	wtdmso	mtdmso	7	16	7	20	1.25	0.7610375337140646
chr3:49098007	wtdmso	mtdmso	1	2	12	34	1.4166666666666667	1.0
chr3:49098082	wtdmso	mtdmso	4	8	7	28	2.0	0.43515546379011283
chr3:49098201	wtdmso	mtdmso	1	1	13	39	3.0	0.45492662473794554
chr3:49098894	wtdmso	mtdmso	2	8	11	36	0.8181818181818182	1.0
chr3:49357220	wtdmso	mtdmso	2	2	199	185	0.9296482412060302	1.0
chr3:49357288	wtdmso	mtdmso	22	24	240	204	0.7791666666666667	0.44101930764367303
chr3:49357303	wtdmso	mtdmso	1	5	278	228	0.16402877697841728	0.09705497389052403
chr3:49357427	wtdmso	mtdmso	26	19	224	202	1.2340225563909775	0.5336017367394119
chr3:49357439	wtdmso	mtdmso	5	1	231	208	4.5021645021645025	0.22078119998540097
chr3:49357446	wtdmso	mtdmso	3	3	269	227	0.8438661710037175	1.0
chr3:49357511	wtdmso	mtdmso	76	65	186	173	1.0875103391232424	0.6916052938336794
chr3:49357566	wtdmso	mtdmso	5	4	247	218	1.1032388663967612	1.0
chr3:49358077	wtdmso	mtdmso	19	12	216	199	1.4587191358024691	0.3554479849724365
chr3:49358114	wtdmso	mtdmso	15	19	235	211	0.7088465845464725	0.37585120009476397
chr3:49358288	wtdmso	mtdmso	18	8	195	170	1.9615384615384615	0.15357118479908968
chr3:49359209	wtdmso	mtdmso	7	7	65	78	1.2	0.7846051494765591
chr3:49359325	wtdmso	mtdmso	6	9	51	68	0.8888888888888888	1.0
chr3:49359870	wtdmso	mtdmso	6	7	96	119	1.0625	1.0
chr3:49359881	wtdmso	mtdmso	1	2	102	124	0.6078431372549019	1.0
chr3:49359902	wtdmso	mtdmso	4	4	97	119	1.2268041237113403	1.0
chr3:49359971	wtdmso	mtdmso	9	8	54	71	1.4791666666666667	0.6039388185378327
chr3:49362605	wtdmso	mtdmso	4	1	34	58	6.823529411764706	0.0753658131027602
chr3:49375467	wtdmso	mtdmso	4	7	38	57	0.8571428571428571	1.0
chr3:49375506	wtdmso	mtdmso	4	4	35	58	1.6571428571428573	0.7073734921513335
chr3:49375534	wtdmso	mtdmso	1	2	34	41	0.6029411764705882	1.0
chr3:49411838	wtdmso	mtdmso	1	1	25	44	1.76	1.0
chr3:49675693	wtdmso	mtdmso	3	3	7	8	1.1428571428571428	1.0
chr3:49678854	wtdmso	mtdmso	2	3	8	13	1.0833333333333333	1.0
chr3:49679593	wtdmso	mtdmso	1	2	9	12	0.6666666666666666	1.0
chr3:49680582	wtdmso	mtdmso	1	2	9	14	0.7777777777777778	1.0
chr3:49681730	wtdmso	mtdmso	1	2	9	12	0.6666666666666666	1.0
chr3:49682350	wtdmso	mtdmso	1	4	11	12	0.2727272727272727	0.3553113553113553
chr3:49682380	wtdmso	mtdmso	2	1	9	16	3.5555555555555554	0.5433455433455433
chr3:49682556	wtdmso	mtdmso	4	3	6	14	3.111111111111111	0.36481875612310394
chr3:49682574	wtdmso	mtdmso	1	3	11	13	0.3939393939393939	0.613186813186813
chr3:49682877	wtdmso	mtdmso	2	2	9	12	1.3333333333333333	1.0
chr3:49683441	wtdmso	mtdmso	3	2	8	10	1.875	0.6404053612291598
chr3:50256226	wtdmso	mtdmso	1	4	15	12	0.2	0.33259176863181317
chr3:50256307	wtdmso	mtdmso	1	1	14	12	0.8571428571428571	1.0
chr3:50256937	wtdmso	mtdmso	4	5	13	14	0.8615384615384616	1.0
chr3:50257065	wtdmso	mtdmso	1	1	16	14	0.875	1.0
chr3:50257550	wtdmso	mtdmso	5	1	22	15	3.409090909090909	0.38587250883874463
chr3:50257673	wtdmso	mtdmso	1	4	14	13	0.23214285714285715	0.33815350389321475
chr3:50258909	wtdmso	mtdmso	6	7	28	18	0.5510204081632653	0.36233320642717604
chr3:50258925	wtdmso	mtdmso	1	2	31	21	0.3387096774193548	0.5651610444063275
chr3:50258940	wtdmso	mtdmso	1	1	34	23	0.6764705882352942	1.0
chr3:50258950	wtdmso	mtdmso	5	3	29	19	1.0919540229885059	1.0
chr3:50258964	wtdmso	mtdmso	2	2	21	14	0.6666666666666666	1.0
chr3:50258999	wtdmso	mtdmso	2	2	31	24	0.7741935483870968	1.0
chr3:50259206	wtdmso	mtdmso	10	6	28	21	1.25	0.7766219670287217
chr3:50259275	wtdmso	mtdmso	10	5	23	21	1.826086956521739	0.3812241068222917
chr3:51388904	wtdmso	mtdmso	1	1	10	9	0.9	1.0
chr3:51389037	wtdmso	mtdmso	8	11	4	6	1.0909090909090908	1.0
chr3:51993719	wtdmso	mtdmso	210	255	232	266	0.9442190669371197	0.6978808741519915
chr3:51993727	wtdmso	mtdmso	113	123	281	307	1.0037033822295518	1.0
chr3:51993831	wtdmso	mtdmso	1	2	450	541	0.6011111111111112	1.0
chr3:51994103	wtdmso	mtdmso	22	17	362	456	1.6301592460188494	0.14166905274635153
chr3:51994121	wtdmso	mtdmso	9	15	274	340	0.7445255474452555	0.5363119226185546
chr3:51995444	wtdmso	mtdmso	11	10	361	447	1.362049861495845	0.5118826804223854
chr3:51995462	wtdmso	mtdmso	3	4	309	404	0.9805825242718447	1.0
chr3:52048959	wtdmso	mtdmso	2	2	9	10	1.1111111111111112	1.0
chr3:52049019	wtdmso	mtdmso	2	1	10	11	2.2	1.0
chr3:52049345	wtdmso	mtdmso	10	2	3	8	13.333333333333334	0.012278137799742322
chr3:52706669	wtdmso	mtdmso	6	2	30	16	1.6	0.7043386962295033
chr3:52706824	wtdmso	mtdmso	9	4	34	19	1.2573529411764706	1.0
chr3:52706837	wtdmso	mtdmso	9	4	32	28	1.96875	0.3653901016259108
chr3:52707689	wtdmso	mtdmso	1	1	39	20	0.5128205128205128	1.0
chr3:52708026	wtdmso	mtdmso	18	13	31	21	0.9379652605459057	1.0
chr3:53226769	wtdmso	mtdmso	9	35	131	379	0.7439476553980371	0.5874781174689527
chr3:53226822	wtdmso	mtdmso	11	26	147	433	1.2462061747776034	0.5620260698712706
chr3:53226829	wtdmso	mtdmso	3	24	149	371	0.311241610738255	0.04863257943716158
chr3:53226853	wtdmso	mtdmso	3	13	150	420	0.6461538461538462	0.7729586643998205
chr3:53228068	wtdmso	mtdmso	41	150	127	326	0.7016272965879266	0.09483646244447903
chr3:53228097	wtdmso	mtdmso	4	5	155	466	2.4051612903225807	0.24027279895432463
chr3:53228118	wtdmso	mtdmso	2	26	151	418	0.21293937850229241	0.02432107543074444
chr3:53228126	wtdmso	mtdmso	1	3	159	453	0.949685534591195	1.0
chr3:53228284	wtdmso	mtdmso	7	26	104	317	0.8206360946745562	0.8337114743117681
chr3:53228297	wtdmso	mtdmso	13	48	111	355	0.8661786786786787	0.7496474941610003
chr3:53228309	wtdmso	mtdmso	1	1	145	462	3.1862068965517243	0.4223003629764065
chr3:53228340	wtdmso	mtdmso	4	13	66	213	0.993006993006993	1.0
chr3:53229024	wtdmso	mtdmso	31	82	107	357	1.2613403236836107	0.3275508951009457
chr3:53229350	wtdmso	mtdmso	3	12	116	345	0.7435344827586207	0.7710894683273544
chr3:53230460	wtdmso	mtdmso	26	110	90	290	0.7616161616161616	0.3381980368992512
chr3:53230493	wtdmso	mtdmso	2	14	102	330	0.46218487394957986	0.3819178479000623
chr3:53230541	wtdmso	mtdmso	7	25	81	300	1.037037037037037	1.0
chr3:53230565	wtdmso	mtdmso	8	27	100	343	1.0162962962962963	1.0
chr3:53231360	wtdmso	mtdmso	4	7	87	318	2.0886699507389164	0.2662499357932149
chr3:53231408	wtdmso	mtdmso	2	7	90	314	0.9968253968253968	1.0
chr3:53235012	wtdmso	mtdmso	1	1	63	218	3.4603174603174605	0.4017743026840087
chr3:53235039	wtdmso	mtdmso	7	18	78	299	1.4907407407407407	0.4464244989374554
chr3:53235084	wtdmso	mtdmso	6	12	59	212	1.7966101694915255	0.2524722213762685
chr3:53241174	wtdmso	mtdmso	7	31	79	260	0.7431604736627194	0.6833324466640517
chr3:53242164	wtdmso	mtdmso	6	22	70	230	0.8961038961038961	1.0
chr3:53255892	wtdmso	mtdmso	6	10	70	236	2.0228571428571427	0.22377515445935298
chr3:53255919	wtdmso	mtdmso	4	11	64	207	1.1761363636363635	0.7598532828762579
chr3:57571689	wtdmso	mtdmso	1	2	9	9	0.5	1.0
chr3:57572089	wtdmso	mtdmso	1	2	11	12	0.5454545454545454	1.0
chr3:57572111	wtdmso	mtdmso	8	1	13	11	6.769230769230769	0.10738855138187732
chr3:57572186	wtdmso	mtdmso	1	1	11	10	0.9090909090909091	1.0
chr3:57572242	wtdmso	mtdmso	1	1	10	9	0.9	1.0
chr3:57572247	wtdmso	mtdmso	3	2	9	12	2.0	0.6347826086956521
chr3:57572264	wtdmso	mtdmso	5	3	6	11	3.0555555555555554	0.3891685736079329
chr3:57575549	wtdmso	mtdmso	2	9	8	5	0.1388888888888889	0.04717997038632388
chr3:58138343	wtdmso	mtdmso	3	1	7	13	5.571428571428571	0.27206851119894604
chr3:58148679	wtdmso	mtdmso	5	6	19	20	0.8771929824561403	1.0
chr3:58148809	wtdmso	mtdmso	2	1	22	23	2.090909090909091	1.0
chr3:58148825	wtdmso	mtdmso	3	3	19	21	1.105263157894737	1.0
chr3:58149909	wtdmso	mtdmso	1	3	24	21	0.2916666666666667	0.34867564046895344
chr3:58150206	wtdmso	mtdmso	1	2	28	21	0.375	0.5774660633484163
chr3:58150212	wtdmso	mtdmso	6	6	21	21	1.0	1.0
chr3:58153427	wtdmso	mtdmso	5	6	28	23	0.6845238095238095	0.7412223907501614
chr3:58153458	wtdmso	mtdmso	4	3	31	23	0.989247311827957	1.0
chr3:58163279	wtdmso	mtdmso	3	3	54	31	0.5740740740740741	0.6675478365016403
chr3:58163310	wtdmso	mtdmso	5	4	48	31	0.8072916666666666	1.0
chr3:58168586	wtdmso	mtdmso	2	1	58	38	1.3103448275862069	1.0
chr3:58168654	wtdmso	mtdmso	9	9	44	25	0.5681818181818182	0.29464345276947995
chr3:58169651	wtdmso	mtdmso	10	5	52	37	1.4230769230769231	0.7769425277361595
chr3:58169669	wtdmso	mtdmso	1	1	60	41	0.6833333333333333	1.0
chr3:58169778	wtdmso	mtdmso	8	5	44	29	1.0545454545454545	1.0
chr3:58170722	wtdmso	mtdmso	8	5	57	41	1.1508771929824562	1.0
chr3:58170763	wtdmso	mtdmso	1	1	43	30	0.6976744186046512	1.0
chr3:58170921	wtdmso	mtdmso	3	7	12	11	0.39285714285714285	0.28279906967337454
chr3:58170932	wtdmso	mtdmso	1	1	12	16	1.3333333333333333	1.0
chr3:58171010	wtdmso	mtdmso	6	3	10	16	3.2	0.24530286176559818
chr3:58171043	wtdmso	mtdmso	4	1	22	18	3.272727272727273	0.37833484345112256
chr3:58171054	wtdmso	mtdmso	8	3	17	13	2.0392156862745097	0.478250785514757
chr3:58171064	wtdmso	mtdmso	8	3	8	13	4.333333333333333	0.13505182892424755
chr3:58171086	wtdmso	mtdmso	1	1	13	17	1.3076923076923077	1.0
chr3:58171200	wtdmso	mtdmso	6	2	9	15	5.0	0.1057718452601656
chr3:58171358	wtdmso	mtdmso	1	1	26	19	0.7307692307692307	1.0
chr3:58171451	wtdmso	mtdmso	2	3	13	15	0.7692307692307693	1.0
chr3:58171696	wtdmso	mtdmso	2	2	16	20	1.25	1.0
chr3:58171771	wtdmso	mtdmso	1	1	29	21	0.7241379310344828	1.0
chr3:58172124	wtdmso	mtdmso	5	2	17	20	2.9411764705882355	0.4120598629957677
chr3:58172149	wtdmso	mtdmso	5	4	31	23	0.9274193548387096	1.0
chr3:58172171	wtdmso	mtdmso	2	1	21	23	2.1904761904761907	0.6085106382978723
chr3:58172221	wtdmso	mtdmso	9	7	16	18	1.4464285714285714	0.7624130371830049
chr3:9780004	wtdmso	mtdmso	1	1	23	12	0.5217391304347826	1.0
chr3:9780414	wtdmso	mtdmso	2	2	21	11	0.5238095238095238	0.6091503267973855
chr3:9784123	wtdmso	mtdmso	2	1	12	12	2.0	1.0
chr4:10075316	wtdmso	mtdmso	1	2	10	18	0.9	1.0
chr4:10075327	wtdmso	mtdmso	3	4	8	17	1.59375	0.6674857747925045
chr4:10075338	wtdmso	mtdmso	6	3	5	16	6.4	0.041914427401683774
chr4:10077329	wtdmso	mtdmso	1	1	10	18	1.8	1.0
chr4:10077382	wtdmso	mtdmso	3	9	7	9	0.42857142857142855	0.43432494279176204
chr4:10083120	wtdmso	mtdmso	3	2	7	17	3.642857142857143	0.3064292029809271
chr4:10087860	wtdmso	mtdmso	3	2	7	14	3.0	0.3402249923989054
chr4:10097740	wtdmso	mtdmso	1	1	9	13	1.4444444444444444	1.0
chr4:10097762	wtdmso	mtdmso	1	3	9	14	0.5185185185185185	1.0
chr4:102797098	wtdmso	mtdmso	1	1	11	11	1.0	1.0
chr4:102797208	wtdmso	mtdmso	1	1	10	10	1.0	1.0
chr4:108621974	wtdmso	mtdmso	9	14	366	431	0.7570257611241218	0.6720823802250339
chr4:108622016	wtdmso	mtdmso	13	11	329	381	1.3686101132909643	0.5342683882713584
chr4:108622111	wtdmso	mtdmso	18	20	367	424	1.0397820163487739	1.0
chr4:108622528	wtdmso	mtdmso	6	8	371	427	0.8632075471698113	1.0
chr4:108622556	wtdmso	mtdmso	1	2	405	452	0.5580246913580247	1.0
chr4:108622614	wtdmso	mtdmso	26	45	326	363	0.6433537832310838	0.1038073413716586
chr4:108625221	wtdmso	mtdmso	6	6	365	428	1.1726027397260275	0.7805294826777732
chr4:108655588	wtdmso	mtdmso	2	1	10	11	2.2	1.0
chr4:108655618	wtdmso	mtdmso	2	1	10	11	2.2	1.0
chr4:108657476	wtdmso	mtdmso	1	2	9	9	0.5	1.0
chr4:108667421	wtdmso	mtdmso	1	3	14	8	0.19047619047619047	0.27892976588628765
chr4:108667449	wtdmso	mtdmso	1	1	15	9	0.6	1.0
chr4:118278978	wtdmso	mtdmso	18	9	17	3	0.35294117647058826	0.19129789810809833
chr4:118279032	wtdmso	mtdmso	6	1	50	12	1.44	1.0
chr4:118279401	wtdmso	mtdmso	5	3	52	10	0.32051282051282054	0.1610575638431882
chr4:118279678	wtdmso	mtdmso	17	1	32	9	4.78125	0.15414094853901653
chr4:118279733	wtdmso	mtdmso	8	2	48	10	0.8333333333333334	1.0
chr4:121668102	wtdmso	mtdmso	11	8	17	36	2.911764705882353	0.05893555951141046
chr4:121668274	wtdmso	mtdmso	2	2	26	34	1.3076923076923077	1.0
chr4:121668342	wtdmso	mtdmso	1	1	21	32	1.5238095238095237	1.0
chr4:151099643	wtdmso	mtdmso	12	10	69	86	1.4956521739130435	0.49355228868187906
chr4:151099668	wtdmso	mtdmso	2	4	208	357	0.8581730769230769	1.0
chr4:151100575	wtdmso	mtdmso	21	32	187	330	1.1580882352941178	0.6541898182826744
chr4:151100584	wtdmso	mtdmso	3	9	230	383	0.5550724637681159	0.5493365632818388
chr4:151101091	wtdmso	mtdmso	4	12	257	408	0.5291828793774319	0.3100339440512924
chr4:151101099	wtdmso	mtdmso	10	26	222	355	0.615038115038115	0.2196357925576584
chr4:151101103	wtdmso	mtdmso	9	9	244	406	1.6639344262295082	0.3273834540730509
chr4:151101130	wtdmso	mtdmso	10	21	235	363	0.7355623100303952	0.5714868317690309
chr4:151102900	wtdmso	mtdmso	4	1	264	398	6.03030303030303	0.16344563646603627
chr4:151103032	wtdmso	mtdmso	6	4	280	427	2.2875	0.2086636529527696
chr4:151103054	wtdmso	mtdmso	10	15	279	426	1.017921146953405	1.0
chr4:151104184	wtdmso	mtdmso	5	10	282	423	0.75	0.7912280024553489
chr4:151104199	wtdmso	mtdmso	2	2	283	425	1.5017667844522968	1.0
chr4:151104568	wtdmso	mtdmso	24	39	268	396	0.9092996555683123	0.7887495317324862
chr4:151104600	wtdmso	mtdmso	9	6	262	410	2.3473282442748094	0.11381046017589722
chr4:15935625	wtdmso	mtdmso	2	6	10	4	0.13333333333333333	0.07430340557275542
chr4:15935833	wtdmso	mtdmso	5	7	6	8	0.9523809523809523	1.0
chr4:15935940	wtdmso	mtdmso	7	9	5	4	0.6222222222222222	0.6881679903082515
chr4:15935983	wtdmso	mtdmso	2	2	10	13	1.3	1.0
chr4:15936007	wtdmso	mtdmso	2	3	10	12	0.8	1.0
chr4:15936033	wtdmso	mtdmso	1	3	10	10	0.3333333333333333	0.5962732919254659
chr4:15936097	wtdmso	mtdmso	3	3	9	12	1.3333333333333333	1.0
chr4:15936159	wtdmso	mtdmso	1	3	11	12	0.36363636363636365	0.6051282051282052
chr4:15936258	wtdmso	mtdmso	2	2	10	12	1.2	1.0
chr4:15936366	wtdmso	mtdmso	3	10	7	3	0.12857142857142856	0.039680403053669974
chr4:15936510	wtdmso	mtdmso	4	7	6	6	0.5714285714285714	0.6801722977520529
chr4:15936518	wtdmso	mtdmso	1	2	11	11	0.5	1.0
chr4:2042062	wtdmso	mtdmso	8	4	19	6	0.631578947368421	0.6963972132459995
chr4:2930764	wtdmso	mtdmso	3	2	31	13	0.6290322580645161	0.6351954287728043
chr4:2932633	wtdmso	mtdmso	1	1	34	12	0.35294117647058826	0.47251773049645396
chr4:2933142	wtdmso	mtdmso	8	6	26	11	0.5641025641025641	0.5075034391498521
chr4:2933819	wtdmso	mtdmso	1	1	27	11	0.4074074074074074	0.5153846153846153
chr4:39454136	wtdmso	mtdmso	5	9	90	87	0.5370370370370371	0.406016345226333
chr4:39454150	wtdmso	mtdmso	18	29	430	490	0.7072975140336808	0.2951254140965339
chr4:39454184	wtdmso	mtdmso	15	2	543	632	8.7292817679558	0.0007725367762098248
chr4:39454193	wtdmso	mtdmso	10	14	608	679	0.7976973684210527	0.6818437192945448
chr4:39454565	wtdmso	mtdmso	157	208	470	504	0.8094108019639934	0.0967832516229852
chr4:39454615	wtdmso	mtdmso	1	4	543	611	0.2813075506445672	0.37861748603567114
chr4:39456409	wtdmso	mtdmso	21	37	592	650	0.6231738495252008	0.10594091767849742
chr4:39457607	wtdmso	mtdmso	79	82	532	620	1.122776453328443	0.5009068450758721
chr4:39457629	wtdmso	mtdmso	92	85	471	557	1.279980017484701	0.14214482014208327
chr4:39457645	wtdmso	mtdmso	162	172	460	543	1.1118048533872598	0.410894241374169
chr4:39457670	wtdmso	mtdmso	1	2	559	643	0.575134168157424	1.0
chr4:39458223	wtdmso	mtdmso	230	265	343	404	1.0222784531602398	0.8616911360559174
chr4:39458245	wtdmso	mtdmso	73	69	535	611	1.2082622240281728	0.32702132082168534
chr4:39458258	wtdmso	mtdmso	14	9	565	658	1.8116027531956735	0.20578762152686342
chr4:39458414	wtdmso	mtdmso	8	14	419	510	0.6955335833617456	0.5173232751524669
chr4:39458432	wtdmso	mtdmso	2	6	521	598	0.38259756877799106	0.2974902904278302
chr4:48885468	wtdmso	mtdmso	2	3	20	51	1.7	0.6234055612930883
chr4:48885505	wtdmso	mtdmso	2	2	42	58	1.380952380952381	1.0
chr4:48899898	wtdmso	mtdmso	1	2	35	53	0.7571428571428571	1.0
chr4:48906688	wtdmso	mtdmso	2	3	17	43	1.6862745098039216	0.6246298981293693
chr4:57031268	wtdmso	mtdmso	4	7	48	38	0.4523809523809524	0.3367230942205528
chr4:57033208	wtdmso	mtdmso	2	3	45	35	0.5185185185185185	0.65248116420957
chr4:57033255	wtdmso	mtdmso	1	1	41	33	0.8048780487804879	1.0
chr4:57033275	wtdmso	mtdmso	6	12	45	29	0.32222222222222224	0.062202766512930524
chr4:57040827	wtdmso	mtdmso	4	3	44	34	1.0303030303030303	1.0
chr4:6641878	wtdmso	mtdmso	5	2	34	20	1.4705882352941178	1.0
chr4:6642073	wtdmso	mtdmso	15	11	35	21	0.8181818181818182	0.8084006781327486
chr4:6642091	wtdmso	mtdmso	4	2	39	26	1.3333333333333333	1.0
chr4:6642100	wtdmso	mtdmso	1	1	42	25	0.5952380952380952	1.0
chr4:6642191	wtdmso	mtdmso	2	2	32	23	0.71875	1.0
chr4:6642196	wtdmso	mtdmso	3	1	40	29	2.175	0.6391086243488328
chr4:6642234	wtdmso	mtdmso	18	9	34	22	1.2941176470588236	0.6368310702274809
chr4:6642288	wtdmso	mtdmso	22	15	29	18	0.9103448275862069	1.0
chr4:6642307	wtdmso	mtdmso	1	1	49	39	0.7959183673469388	1.0
chr4:6642394	wtdmso	mtdmso	4	5	44	21	0.38181818181818183	0.26319880106123617
chr4:6642402	wtdmso	mtdmso	1	1	49	34	0.6938775510204082	1.0
chr4:6642424	wtdmso	mtdmso	8	7	40	26	0.7428571428571429	0.7719174093408546
chr4:6642493	wtdmso	mtdmso	17	23	36	20	0.4106280193236715	0.03969674384964578
chr4:6642554	wtdmso	mtdmso	12	14	40	32	0.6857142857142857	0.49377605534458685
chr4:6642568	wtdmso	mtdmso	6	4	42	41	1.4642857142857142	0.7410677298839736
chr4:6642575	wtdmso	mtdmso	2	2	48	42	0.875	1.0
chr4:6642580	wtdmso	mtdmso	6	6	44	36	0.8181818181818182	0.7658158822395076
chr4:6642665	wtdmso	mtdmso	6	3	20	15	1.5	0.7160697730898047
chr4:6642691	wtdmso	mtdmso	2	2	26	19	0.7307692307692307	1.0
chr4:673333	wtdmso	mtdmso	6	4	4	7	2.625	0.3948559180757323
chr4:74445178	wtdmso	mtdmso	6	5	146	98	0.8054794520547945	0.7604783267256361
chr4:74445341	wtdmso	mtdmso	12	12	155	104	0.6709677419354839	0.3892664569193
chr4:74446554	wtdmso	mtdmso	6	5	135	102	0.9066666666666666	1.0
chr4:74446563	wtdmso	mtdmso	2	1	151	106	1.403973509933775	1.0
chr4:74446585	wtdmso	mtdmso	10	6	157	110	1.167728237791932	1.0
chr4:74446599	wtdmso	mtdmso	3	2	146	102	1.047945205479452	1.0
chr4:74446693	wtdmso	mtdmso	58	44	114	79	0.9134768740031898	0.8039974573247782
chr4:74446716	wtdmso	mtdmso	19	22	158	106	0.5794016110471807	0.1258219073338248
chr4:74446741	wtdmso	mtdmso	36	21	154	123	1.3692022263450836	0.3082458195088302
chr4:74449050	wtdmso	mtdmso	43	33	158	105	0.8659378596087457	0.598136689106993
chr4:74450428	wtdmso	mtdmso	8	5	228	153	1.0736842105263158	1.0
chr4:74452552	wtdmso	mtdmso	8	5	221	150	1.085972850678733	1.0
chr4:74452597	wtdmso	mtdmso	1	1	240	153	0.6375	1.0
chr4:74452636	wtdmso	mtdmso	33	34	215	127	0.5733242134062928	0.04085650486945587
chr4:74454831	wtdmso	mtdmso	3	1	217	145	2.0046082949308754	1.0
chr4:74454838	wtdmso	mtdmso	18	9	183	133	1.453551912568306	0.421398117807133
chr4:74454990	wtdmso	mtdmso	3	1	152	90	1.7763157894736843	1.0
chr4:77047204	wtdmso	mtdmso	54	64	106	110	0.8755896226415094	0.5691452389367877
chr4:77047256	wtdmso	mtdmso	13	10	137	154	1.4613138686131386	0.3960421495712012
chr4:77047298	wtdmso	mtdmso	68	63	80	88	1.1873015873015873	0.48576582212874897
chr4:77047348	wtdmso	mtdmso	23	30	145	149	0.787816091954023	0.45802641531621424
chr4:77047358	wtdmso	mtdmso	1	1	166	173	1.0421686746987953	1.0
chr4:77047399	wtdmso	mtdmso	1	3	137	146	0.35523114355231145	0.6234802533162656
chr4:77047436	wtdmso	mtdmso	7	13	157	164	0.5624693777560019	0.2560201902094571
chr4:77047549	wtdmso	mtdmso	17	17	128	148	1.15625	0.7186746951146923
chr4:77047733	wtdmso	mtdmso	9	13	101	125	0.8568164508758568	0.824121430491153
chr4:77047742	wtdmso	mtdmso	21	22	94	114	1.1576402321083172	0.7374460977493749
chr4:77047760	wtdmso	mtdmso	10	16	118	131	0.6938559322033898	0.41598673557737975
chr4:77047806	wtdmso	mtdmso	27	40	94	104	0.7468085106382979	0.32412751561712894
chr4:77047981	wtdmso	mtdmso	1	3	110	116	0.3515151515151515	0.6226260996873163
chr4:77048081	wtdmso	mtdmso	8	10	106	110	0.8301886792452831	0.8081962118818309
chr4:77048161	wtdmso	mtdmso	11	27	93	91	0.39864595778574274	0.01969170514315847
chr4:77048179	wtdmso	mtdmso	1	1	103	115	1.116504854368932	1.0
chr4:77048189	wtdmso	mtdmso	3	1	102	114	3.3529411764705883	0.35013785607906434
chr4:77048263	wtdmso	mtdmso	1	4	85	104	0.3058823529411765	0.3847788244072298
chr4:77048357	wtdmso	mtdmso	16	27	89	93	0.6192259675405742	0.17837799422892325
chr4:77048397	wtdmso	mtdmso	2	1	93	108	2.3225806451612905	0.5989324374338332
chr4:77048477	wtdmso	mtdmso	14	14	67	84	1.2537313432835822	0.68037877912616
chr4:77048489	wtdmso	mtdmso	5	13	74	74	0.38461538461538464	0.08517471697971539
chr4:77048534	wtdmso	mtdmso	7	11	76	94	0.7870813397129187	0.8038701761663807
chr4:77048541	wtdmso	mtdmso	5	4	74	99	1.6722972972972974	0.5047177104841906
chr4:77055167	wtdmso	mtdmso	29	38	45	47	0.7970760233918128	0.5219822092402656
chr4:77075539	wtdmso	mtdmso	3	1	45	71	4.733333333333333	0.3005247992286876
chr4:77075701	wtdmso	mtdmso	1	1	18	41	2.2777777777777777	0.5295081967213114
chr4:77075713	wtdmso	mtdmso	6	8	15	31	1.55	0.5320393955938633
chr4:99072238	wtdmso	mtdmso	5	2	20	9	1.125	1.0
chr4:99072433	wtdmso	mtdmso	13	10	14	6	0.5571428571428572	0.5281981696394382
chr4:99072592	wtdmso	mtdmso	5	6	10	13	1.0833333333333333	1.0
chr4:99072633	wtdmso	mtdmso	3	1	12	17	4.25	0.30828445747800587
chr4:99076328	wtdmso	mtdmso	2	2	13	16	1.2307692307692308	1.0
chr4:99076713	wtdmso	mtdmso	3	4	10	14	1.05	1.0
chr4:99081386	wtdmso	mtdmso	1	1	9	16	1.7777777777777777	1.0
chr4:99081448	wtdmso	mtdmso	3	1	9	17	5.666666666666667	0.27422003284072255
chr4:99948153	wtdmso	mtdmso	1	4	45	67	0.37222222222222223	0.6469381123991408
chr4:99948195	wtdmso	mtdmso	2	4	44	63	0.7159090909090909	1.0
chr4:99948209	wtdmso	mtdmso	1	5	39	58	0.29743589743589743	0.4006579902503589
chr4:99948386	wtdmso	mtdmso	22	25	16	32	1.76	0.21223010624087194
chr4:99948431	wtdmso	mtdmso	12	13	31	46	1.369727047146402	0.6416651008051868
chr4:99948479	wtdmso	mtdmso	2	6	38	57	0.5	0.47896290597578495
chr4:99948931	wtdmso	mtdmso	20	30	23	36	1.0434782608695652	1.0
chr4:99949717	wtdmso	mtdmso	6	8	35	56	1.2	0.7750499188805874
chr5:10254197	wtdmso	mtdmso	1	1	9	13	1.4444444444444444	1.0
chr5:10254785	wtdmso	mtdmso	2	6	8	8	0.3333333333333333	0.38753533449993277
chr5:10256060	wtdmso	mtdmso	2	6	8	7	0.2916666666666667	0.37878583927850307
chr5:10256104	wtdmso	mtdmso	3	4	7	10	1.0714285714285714	1.0
chr5:10258429	wtdmso	mtdmso	1	1	10	17	1.7	1.0
chr5:10260867	wtdmso	mtdmso	1	3	11	16	0.48484848484848486	1.0
chr5:10260898	wtdmso	mtdmso	2	1	10	20	4.0	0.5381231671554253
chr5:10261701	wtdmso	mtdmso	1	3	12	17	0.4722222222222222	1.0
chr5:10262532	wtdmso	mtdmso	1	3	25	20	0.26666666666666666	0.3296786799826314
chr5:10263272	wtdmso	mtdmso	2	5	25	20	0.32	0.24068031467906315
chr5:10679553	wtdmso	mtdmso	1	1	10	11	1.1	1.0
chr5:10679915	wtdmso	mtdmso	2	1	8	12	3.0	0.5595708639186899
chr5:112161037	wtdmso	mtdmso	2	3	47	29	0.41134751773049644	0.3787141128913281
chr5:112161185	wtdmso	mtdmso	16	10	32	22	1.1	1.0
chr5:112161189	wtdmso	mtdmso	20	16	25	15	0.75	0.6417021502614808
chr5:112161767	wtdmso	mtdmso	1	1	48	35	0.7291666666666666	1.0
chr5:112878717	wtdmso	mtdmso	8	16	15	19	0.6333333333333333	0.4307683835037328
chr5:112887061	wtdmso	mtdmso	2	5	14	27	0.7714285714285715	1.0
chr5:112887132	wtdmso	mtdmso	9	15	6	17	1.7	0.5343295528786894
chr5:112921245	wtdmso	mtdmso	3	3	8	27	3.375	0.31615309888737364
chr5:112922092	wtdmso	mtdmso	5	7	10	15	1.0714285714285714	1.0
chr5:112922128	wtdmso	mtdmso	1	2	12	18	0.75	1.0
chr5:112922132	wtdmso	mtdmso	1	2	13	18	0.6923076923076923	1.0
chr5:112922140	wtdmso	mtdmso	1	3	12	15	0.4166666666666667	0.6207214365167647
chr5:1254370	wtdmso	mtdmso	3	2	14	8	0.8571428571428571	1.0
chr5:1254415	wtdmso	mtdmso	9	4	8	8	2.25	0.45149831099487847
chr5:1260524	wtdmso	mtdmso	3	1	11	10	2.727272727272727	0.6043478260869566
chr5:1264529	wtdmso	mtdmso	1	2	9	8	0.4444444444444444	1.0
chr5:1264550	wtdmso	mtdmso	4	5	8	5	0.5	0.6656346749226008
chr5:126544849	wtdmso	mtdmso	4	4	26	25	0.9615384615384616	1.0
chr5:126544855	wtdmso	mtdmso	1	1	25	12	0.48	1.0
chr5:126544861	wtdmso	mtdmso	8	7	15	7	0.5333333333333333	0.49334253608447165
chr5:126544904	wtdmso	mtdmso	4	2	23	26	2.260869565217391	0.4215518111189586
chr5:126544948	wtdmso	mtdmso	15	22	22	10	0.30991735537190085	0.029099786658700937
chr5:126550248	wtdmso	mtdmso	2	4	20	11	0.275	0.19829756226815048
chr5:126552094	wtdmso	mtdmso	3	5	23	10	0.2608695652173913	0.11690895002833385
chr5:126552107	wtdmso	mtdmso	4	1	22	18	3.272727272727273	0.37833484345112256
chr5:126555941	wtdmso	mtdmso	4	1	19	16	3.3684210526315788	0.3725061093482147
chr5:126561107	wtdmso	mtdmso	1	2	11	17	0.7727272727272727	1.0
chr5:126568326	wtdmso	mtdmso	4	3	21	16	1.0158730158730158	1.0
chr5:126570803	wtdmso	mtdmso	2	1	21	16	1.5238095238095237	1.0
chr5:131159375	wtdmso	mtdmso	2	2	215	141	0.6558139534883721	0.6510206080533706
chr5:131159512	wtdmso	mtdmso	30	21	122	63	0.7377049180327869	0.40918423448464014
chr5:131159602	wtdmso	mtdmso	4	4	213	123	0.5774647887323944	0.47366611484078236
chr5:131165098	wtdmso	mtdmso	12	7	164	105	1.0975609756097562	1.0
chr5:1317965	wtdmso	mtdmso	23	12	8	6	1.4375	0.7441957630358118
chr5:1318175	wtdmso	mtdmso	8	5	28	13	0.7428571428571429	0.7400427276555657
chr5:1318252	wtdmso	mtdmso	6	12	6	5	0.4166666666666667	0.438437172391248
chr5:1318287	wtdmso	mtdmso	2	5	29	14	0.19310344827586207	0.08938407799416125
chr5:1318372	wtdmso	mtdmso	12	5	17	8	1.1294117647058823	1.0
chr5:1321770	wtdmso	mtdmso	1	1	31	16	0.5161290322580645	1.0
chr5:132192707	wtdmso	mtdmso	2	2	19	8	0.42105263157894735	0.5773081201334818
chr5:132194967	wtdmso	mtdmso	1	2	10	8	0.4	0.5864661654135338
chr5:132194975	wtdmso	mtdmso	2	2	9	8	0.8888888888888888	1.0
chr5:132257798	wtdmso	mtdmso	5	5	40	29	0.725	0.737807739261783
chr5:132262695	wtdmso	mtdmso	3	1	22	14	1.9090909090909092	1.0
chr5:132262714	wtdmso	mtdmso	7	7	37	27	0.7297297297297297	0.7671643026385078
chr5:132270956	wtdmso	mtdmso	10	4	38	32	2.1052631578947367	0.37553531705728477
chr5:132271000	wtdmso	mtdmso	1	2	24	18	0.375	0.5771670190274842
chr5:132271337	wtdmso	mtdmso	8	3	45	31	1.837037037037037	0.5166408978165347
chr5:132271820	wtdmso	mtdmso	8	2	57	41	2.8771929824561404	0.30955008747113033
chr5:132272047	wtdmso	mtdmso	2	4	53	33	0.3113207547169811	0.2150784251040303
chr5:132272083	wtdmso	mtdmso	10	4	57	39	1.7105263157894737	0.5595195254580969
chr5:132272095	wtdmso	mtdmso	14	13	48	29	0.6506410256410257	0.3688365014122774
chr5:132272219	wtdmso	mtdmso	15	14	51	31	0.6512605042016807	0.3812559811361499
chr5:132272235	wtdmso	mtdmso	8	3	50	41	2.1866666666666665	0.3425932070161434
chr5:132866663	wtdmso	mtdmso	4	2	39	34	1.7435897435897436	0.682997953484296
chr5:132867522	wtdmso	mtdmso	2	5	73	59	0.3232876712328767	0.24777752380856793
chr5:132867574	wtdmso	mtdmso	1	1	77	71	0.922077922077922	1.0
chr5:132867661	wtdmso	mtdmso	4	4	64	58	0.90625	1.0
chr5:1337910	wtdmso	mtdmso	1	2	22	11	0.25	0.5393557422969186
chr5:133972062	wtdmso	mtdmso	6	1	65	40	3.6923076923076925	0.41939886140947713
chr5:133972085	wtdmso	mtdmso	2	4	66	36	0.2727272727272727	0.191383494805949
chr5:133972200	wtdmso	mtdmso	7	3	61	41	1.5683060109289617	0.7374562652609505
chr5:133972262	wtdmso	mtdmso	5	3	65	54	1.3846153846153846	0.7297842273486154
chr5:133972324	wtdmso	mtdmso	1	1	65	38	0.5846153846153846	1.0
chr5:133972337	wtdmso	mtdmso	4	6	60	34	0.37777777777777777	0.17785013720632425
chr5:133972347	wtdmso	mtdmso	9	1	49	40	7.346938775510204	0.04288809581297235
chr5:133972362	wtdmso	mtdmso	1	1	61	42	0.6885245901639344	1.0
chr5:133972418	wtdmso	mtdmso	12	8	48	34	1.0625	1.0
chr5:133972788	wtdmso	mtdmso	18	11	31	28	1.4780058651026393	0.4950680785007595
chr5:133972854	wtdmso	mtdmso	7	6	43	32	0.8682170542635659	1.0
chr5:133973802	wtdmso	mtdmso	2	1	47	36	1.5319148936170213	1.0
chr5:133973837	wtdmso	mtdmso	4	1	47	37	3.148936170212766	0.3881638711252256
chr5:133975976	wtdmso	mtdmso	3	2	38	32	1.263157894736842	1.0
chr5:133980804	wtdmso	mtdmso	1	1	37	31	0.8378378378378378	1.0
chr5:133990885	wtdmso	mtdmso	2	2	28	25	0.8928571428571429	1.0
chr5:133990895	wtdmso	mtdmso	10	11	15	15	0.9090909090909091	1.0
chr5:133991078	wtdmso	mtdmso	6	6	9	19	2.111111111111111	0.3109814650088157
chr5:133991120	wtdmso	mtdmso	1	2	29	26	0.4482758620689655	0.605263157894737
chr5:134157495	wtdmso	mtdmso	14	18	20	9	0.35	0.07094404990566991
chr5:134157500	wtdmso	mtdmso	1	3	29	27	0.3103448275862069	0.6119536128456737
chr5:134157754	wtdmso	mtdmso	1	2	34	29	0.4264705882352941	0.5969187062937064
chr5:134160995	wtdmso	mtdmso	11	6	20	21	1.925	0.38690554198847776
chr5:134161057	wtdmso	mtdmso	5	4	23	21	1.141304347826087	1.0
chr5:134161098	wtdmso	mtdmso	2	2	32	25	0.78125	1.0
chr5:134173946	wtdmso	mtdmso	1	1	34	25	0.7352941176470589	1.0
chr5:134176858	wtdmso	mtdmso	6	10	9	13	0.8666666666666667	1.0
chr5:1341858	wtdmso	mtdmso	1	1	12	13	1.0833333333333333	1.0
chr5:134197143	wtdmso	mtdmso	5	3	16	8	0.8333333333333334	1.0
chr5:134197175	wtdmso	mtdmso	7	9	15	3	0.15555555555555556	0.029943092969644203
chr5:134197180	wtdmso	mtdmso	1	2	19	9	0.23684210526315788	0.28142380422691887
chr5:134197362	wtdmso	mtdmso	5	2	16	10	1.5625	1.0
chr5:134197738	wtdmso	mtdmso	5	2	6	10	4.166666666666667	0.19302732534661465
chr5:134199111	wtdmso	mtdmso	5	2	5	9	4.5	0.1826625386996904
chr5:135027804	wtdmso	mtdmso	5	5	5	11	2.2	0.4249562525238929
chr5:135027944	wtdmso	mtdmso	4	4	6	10	1.6666666666666667	0.6733521783999642
chr5:135028025	wtdmso	mtdmso	1	2	9	13	0.7222222222222222	1.0
chr5:135028347	wtdmso	mtdmso	7	11	3	2	0.42424242424242425	0.6175220660346518
chr5:136046860	wtdmso	mtdmso	4	6	61	70	0.7650273224043715	0.752854203797894
chr5:136046934	wtdmso	mtdmso	10	17	68	61	0.527681660899654	0.20361783560558794
chr5:136046958	wtdmso	mtdmso	6	6	69	67	0.9710144927536232	1.0
chr5:136047279	wtdmso	mtdmso	13	23	66	63	0.5395256916996047	0.13248401698838314
chr5:136047286	wtdmso	mtdmso	25	24	52	54	1.0817307692307692	0.8638979038736813
chr5:136047400	wtdmso	mtdmso	8	11	59	57	0.7026194144838213	0.6217879967335294
chr5:136047411	wtdmso	mtdmso	1	1	72	78	1.0833333333333333	1.0
chr5:136049540	wtdmso	mtdmso	3	2	78	86	1.6538461538461537	0.6714731329283502
chr5:136049547	wtdmso	mtdmso	41	28	42	65	2.266156462585034	0.013085614814160998
chr5:136052915	wtdmso	mtdmso	7	6	75	76	1.1822222222222223	1.0
chr5:136053017	wtdmso	mtdmso	1	3	84	88	0.3492063492063492	0.6215684853316903
chr5:136053113	wtdmso	mtdmso	8	6	83	89	1.429718875502008	0.5863202136670509
chr5:136053947	wtdmso	mtdmso	5	4	81	93	1.4351851851851851	0.7365173022678793
chr5:136053993	wtdmso	mtdmso	5	6	96	100	0.8680555555555556	1.0
chr5:136054003	wtdmso	mtdmso	2	5	100	105	0.42	0.4476492462540467
chr5:136054720	wtdmso	mtdmso	2	6	86	74	0.2868217054263566	0.1528409506567303
chr5:136054760	wtdmso	mtdmso	5	3	108	107	1.6512345679012346	0.7217404996696672
chr5:136054806	wtdmso	mtdmso	16	14	72	78	1.2380952380952381	0.6901904083153974
chr5:136054810	wtdmso	mtdmso	4	2	72	82	2.2777777777777777	0.4244610592637746
chr5:136054819	wtdmso	mtdmso	4	3	109	120	1.4678899082568808	0.7125650306543845
chr5:136054836	wtdmso	mtdmso	5	5	117	121	1.0341880341880343	1.0
chr5:136055695	wtdmso	mtdmso	7	8	106	104	0.8584905660377359	0.7962927031220152
chr5:136055736	wtdmso	mtdmso	8	11	125	120	0.6981818181818182	0.48470375510140973
chr5:136055752	wtdmso	mtdmso	3	1	97	95	2.9381443298969074	0.6214427555854678
chr5:136055763	wtdmso	mtdmso	2	1	134	127	1.8955223880597014	1.0
chr5:136055778	wtdmso	mtdmso	19	15	113	112	1.255457227138643	0.584224489328093
chr5:136056694	wtdmso	mtdmso	16	9	124	119	1.7060931899641576	0.2932986854198174
chr5:136056704	wtdmso	mtdmso	2	3	138	125	0.6038647342995169	0.6721628843447253
chr5:136056787	wtdmso	mtdmso	2	1	154	143	1.8571428571428572	1.0
chr5:136059102	wtdmso	mtdmso	29	33	131	112	0.7513300948415452	0.3229243685285464
chr5:136059194	wtdmso	mtdmso	15	12	131	110	1.049618320610687	1.0
chr5:136060879	wtdmso	mtdmso	9	10	154	133	0.7772727272727272	0.6405977172683726
chr5:136061527	wtdmso	mtdmso	16	15	171	153	0.9543859649122807	1.0
chr5:136063293	wtdmso	mtdmso	96	70	88	92	1.4337662337662338	0.10627954708079515
chr5:136063313	wtdmso	mtdmso	1	3	204	183	0.29901960784313725	0.35042744891118877
chr5:136063423	wtdmso	mtdmso	3	1	220	197	2.6863636363636365	0.6258732051700804
chr5:136063452	wtdmso	mtdmso	2	3	217	185	0.5683563748079877	0.6657296001782175
chr5:136063471	wtdmso	mtdmso	8	5	187	161	1.3775401069518716	0.7782976245287085
chr5:136063490	wtdmso	mtdmso	43	25	162	139	1.4758024691358025	0.17771686107697826
chr5:136063512	wtdmso	mtdmso	31	31	199	166	0.8341708542713567	0.5819173324475285
chr5:136063566	wtdmso	mtdmso	4	1	246	208	3.3821138211382116	0.3822826913809382
chr5:136063774	wtdmso	mtdmso	18	17	178	145	0.8625247851949769	0.7226841249351283
chr5:137752740	wtdmso	mtdmso	20	11	14	10	1.2987012987012987	0.7807896708774811
chr5:137752807	wtdmso	mtdmso	4	1	35	22	2.5142857142857142	0.6426879484815489
chr5:137752878	wtdmso	mtdmso	19	11	8	4	0.8636363636363636	1.0
chr5:137752903	wtdmso	mtdmso	28	15	2	2	1.8666666666666667	0.6130406750203234
chr5:137752946	wtdmso	mtdmso	20	11	9	3	0.6060606060606061	0.7198952171072148
chr5:137753202	wtdmso	mtdmso	19	15	4	3	0.95	1.0
chr5:137753936	wtdmso	mtdmso	3	1	8	11	4.125	0.3167701863354037
chr5:137753962	wtdmso	mtdmso	9	11	1	3	2.4545454545454546	0.6146245059288538
chr5:137753972	wtdmso	mtdmso	9	14	1	0	0.0	0.41666666666666674
chr5:138468660	wtdmso	mtdmso	2	1	10	9	1.8	1.0
chr5:138469039	wtdmso	mtdmso	13	4	20	9	1.4625	0.7390117227117554
chr5:138469062	wtdmso	mtdmso	5	2	30	16	1.3333333333333333	1.0
chr5:138469148	wtdmso	mtdmso	4	8	29	11	0.1896551724137931	0.019396156654920033
chr5:138469211	wtdmso	mtdmso	11	4	22	13	1.625	0.5334723887018339
chr5:138555956	wtdmso	mtdmso	5	2	12	9	1.875	0.6683389074693423
chr5:138555979	wtdmso	mtdmso	1	2	15	8	0.26666666666666666	0.5384615384615384
chr5:138932650	wtdmso	mtdmso	11	2	14	11	4.321428571428571	0.14819888311676577
chr5:138933838	wtdmso	mtdmso	1	2	24	14	0.2916666666666667	0.5497185741088181
chr5:138934042	wtdmso	mtdmso	3	1	22	14	1.9090909090909092	1.0
chr5:138934207	wtdmso	mtdmso	3	5	9	12	0.8	1.0
chr5:138934212	wtdmso	mtdmso	1	3	25	13	0.17333333333333334	0.14634146341463417
chr5:138934240	wtdmso	mtdmso	4	3	24	15	0.8333333333333334	1.0
chr5:138934475	wtdmso	mtdmso	2	3	13	13	0.6666666666666666	1.0
chr5:138934575	wtdmso	mtdmso	2	1	14	19	2.7142857142857144	0.5742296918767507
chr5:139561657	wtdmso	mtdmso	3	5	14	36	1.542857142857143	0.6809736926848182
chr5:139600393	wtdmso	mtdmso	4	2	29	44	3.0344827586206895	0.22932590034522082
chr5:139614700	wtdmso	mtdmso	2	2	26	45	1.7307692307692308	0.6264593360483772
chr5:139626780	wtdmso	mtdmso	9	10	23	35	1.3695652173913044	0.5990760193488989
chr5:139626844	wtdmso	mtdmso	4	9	9	31	1.5308641975308641	0.7118695773924751
chr5:140332918	wtdmso	mtdmso	7	6	11	8	0.8484848484848485	1.0
chr5:140333049	wtdmso	mtdmso	4	3	12	8	0.8888888888888888	1.0
chr5:140333074	wtdmso	mtdmso	4	3	14	10	0.9523809523809523	1.0
chr5:140333124	wtdmso	mtdmso	2	3	16	8	0.3333333333333333	0.33863837312113176
chr5:140333209	wtdmso	mtdmso	4	5	9	6	0.5333333333333333	0.6751749899044288
chr5:140645534	wtdmso	mtdmso	13	12	9	21	2.5277777777777777	0.10906093433982261
chr5:140645647	wtdmso	mtdmso	3	3	22	33	1.5	0.6817400881168342
chr5:140647359	wtdmso	mtdmso	4	5	22	32	1.1636363636363636	1.0
chr5:141515197	wtdmso	mtdmso	1	1	23	16	0.6956521739130435	1.0
chr5:141515266	wtdmso	mtdmso	4	3	18	11	0.8148148148148148	1.0
chr5:141515281	wtdmso	mtdmso	2	3	19	12	0.42105263157894735	0.6295677361853831
chr5:141515541	wtdmso	mtdmso	9	10	13	6	0.4153846153846154	0.3245440052423657
chr5:141515614	wtdmso	mtdmso	2	2	18	12	0.6666666666666666	1.0
chr5:141515626	wtdmso	mtdmso	2	2	19	10	0.5263157894736842	0.6099706744868034
chr5:141515631	wtdmso	mtdmso	3	1	17	14	2.4705882352941178	0.6189839572192513
chr5:141515694	wtdmso	mtdmso	3	2	18	13	1.0833333333333333	1.0
chr5:142132220	wtdmso	mtdmso	1	2	10	9	0.45	1.0
chr5:142135769	wtdmso	mtdmso	1	1	10	9	0.9	1.0
chr5:142137748	wtdmso	mtdmso	1	2	12	11	0.4583333333333333	1.0
chr5:142144650	wtdmso	mtdmso	1	1	20	12	0.6	1.0
chr5:142152174	wtdmso	mtdmso	5	1	22	11	2.5	0.6449789019448462
chr5:142152243	wtdmso	mtdmso	6	3	19	10	1.0526315789473684	1.0
chr5:142152601	wtdmso	mtdmso	8	7	26	7	0.3076923076923077	0.09402993190575806
chr5:150444237	wtdmso	mtdmso	8	6	17	46	3.607843137254902	0.0547198782076795
chr5:150444284	wtdmso	mtdmso	59	80	368	492	0.9860054347826087	1.0
chr5:150444328	wtdmso	mtdmso	9	14	402	547	0.8747334754797441	0.8331874674633386
chr5:150445669	wtdmso	mtdmso	1	1	367	496	1.3514986376021798	1.0
chr5:150445677	wtdmso	mtdmso	1	8	328	448	0.17073170731707318	0.08761418348573077
chr5:150445683	wtdmso	mtdmso	77	115	324	441	0.9113526570048309	0.6236835698492242
chr5:150446824	wtdmso	mtdmso	9	9	405	566	1.3975308641975308	0.48133767313454445
chr5:150446943	wtdmso	mtdmso	58	57	326	471	1.4701323861801743	0.05549037901886539
chr5:150446958	wtdmso	mtdmso	1	1	409	561	1.371638141809291	1.0
chr5:150447617	wtdmso	mtdmso	6	6	396	560	1.4141414141414141	0.5680521631336852
chr5:150447679	wtdmso	mtdmso	22	37	331	465	0.835306605699355	0.5845220178233136
chr5:150447697	wtdmso	mtdmso	37	40	352	516	1.355965909090909	0.2270967161842676
chr5:151028171	wtdmso	mtdmso	2	4	8	10	0.625	1.0
chr5:151028449	wtdmso	mtdmso	2	4	9	12	0.6666666666666666	1.0
chr5:151028547	wtdmso	mtdmso	2	2	9	15	1.6666666666666667	1.0
chr5:151028606	wtdmso	mtdmso	1	5	9	12	0.26666666666666666	0.3625215364345799
chr5:151029970	wtdmso	mtdmso	13	16	9	13	1.1736111111111112	1.0
chr5:151030054	wtdmso	mtdmso	7	6	54	35	0.7561728395061729	0.7640495415184075
chr5:151030061	wtdmso	mtdmso	2	1	53	41	1.5471698113207548	1.0
chr5:151030211	wtdmso	mtdmso	7	2	47	31	2.3085106382978724	0.47296925917246335
chr5:151030438	wtdmso	mtdmso	2	2	42	35	0.8333333333333334	1.0
chr5:151030483	wtdmso	mtdmso	2	1	44	35	1.5909090909090908	1.0
chr5:151030493	wtdmso	mtdmso	12	16	31	20	0.4838709677419355	0.15897377099441248
chr5:151030543	wtdmso	mtdmso	28	20	15	10	0.9333333333333333	1.0
chr5:151030560	wtdmso	mtdmso	28	22	16	8	0.6363636363636364	0.4535368702121657
chr5:151032290	wtdmso	mtdmso	2	1	37	32	1.7297297297297298	1.0
chr5:151033689	wtdmso	mtdmso	11	9	20	17	1.038888888888889	1.0
chr5:151033760	wtdmso	mtdmso	3	1	31	27	2.6129032258064515	0.6198621480877307
chr5:151035022	wtdmso	mtdmso	2	1	30	22	1.4666666666666666	1.0
chr5:151035687	wtdmso	mtdmso	3	1	14	14	3.0	0.6028921023359288
chr5:151268586	wtdmso	mtdmso	3	4	11	18	1.2272727272727273	1.0
chr5:151268813	wtdmso	mtdmso	5	5	22	21	0.9545454545454546	1.0
chr5:151269123	wtdmso	mtdmso	1	6	26	25	0.16025641025641027	0.10833491577764423
chr5:151742920	wtdmso	mtdmso	7	6	23	34	1.7246376811594204	0.5358881000294604
chr5:151746350	wtdmso	mtdmso	4	1	26	38	5.846153846153846	0.15901196181380936
chr5:151746385	wtdmso	mtdmso	2	7	30	34	0.3238095238095238	0.2826294402500882
chr5:171387970	wtdmso	mtdmso	1	1	84	80	0.9523809523809523	1.0
chr5:171387994	wtdmso	mtdmso	13	15	82	81	0.8560975609756097	0.8383348592187794
chr5:171390057	wtdmso	mtdmso	9	22	85	73	0.3513368983957219	0.017439068124950906
chr5:171391785	wtdmso	mtdmso	7	1	116	142	8.568965517241379	0.02636969119069627
chr5:171392758	wtdmso	mtdmso	7	8	193	191	0.8659326424870466	0.7995750933253845
chr5:171392924	wtdmso	mtdmso	1	8	219	193	0.11015981735159817	0.01587224947340097
chr5:171405303	wtdmso	mtdmso	7	5	192	203	1.4802083333333333	0.5679547422869458
chr5:171405321	wtdmso	mtdmso	1	1	228	220	0.9649122807017544	1.0
chr5:171405331	wtdmso	mtdmso	10	4	231	228	2.4675324675324677	0.17417429054754568
chr5:171405351	wtdmso	mtdmso	9	16	209	196	0.527511961722488	0.1514814109080981
chr5:171405368	wtdmso	mtdmso	8	6	243	232	1.2729766803840878	0.7885416314325033
chr5:171407762	wtdmso	mtdmso	22	25	214	186	0.7648598130841121	0.44088870472176245
chr5:171407766	wtdmso	mtdmso	3	5	215	202	0.5637209302325581	0.4936725892508598
chr5:171410661	wtdmso	mtdmso	22	27	224	188	0.6838624338624338	0.2277937828808089
chr5:171410750	wtdmso	mtdmso	46	32	142	130	1.3160211267605635	0.30551483775189847
chr5:171410798	wtdmso	mtdmso	2	4	247	223	0.451417004048583	0.43132618833181513
chr5:171410820	wtdmso	mtdmso	2	2	232	201	0.8663793103448276	1.0
chr5:171410839	wtdmso	mtdmso	2	2	240	210	0.875	1.0
chr5:171410863	wtdmso	mtdmso	19	12	191	173	1.4341186736474694	0.453810478343264
chr5:172768137	wtdmso	mtdmso	2	2	28	10	0.35714285714285715	0.5647279549718575
chr5:172768508	wtdmso	mtdmso	19	4	13	7	2.5576923076923075	0.29466270419191576
chr5:172768565	wtdmso	mtdmso	4	1	10	9	3.6	0.35770750988142297
chr5:172768581	wtdmso	mtdmso	8	1	27	13	3.8518518518518516	0.4145594871483119
chr5:172768592	wtdmso	mtdmso	2	1	31	12	0.7741935483870968	1.0
chr5:172768605	wtdmso	mtdmso	4	2	27	12	0.8888888888888888	1.0
chr5:172926515	wtdmso	mtdmso	5	4	7	6	1.0714285714285714	1.0
chr5:172950754	wtdmso	mtdmso	2	2	11	8	0.7272727272727273	1.0
chr5:172951136	wtdmso	mtdmso	1	1	12	10	0.8333333333333334	1.0
chr5:172951281	wtdmso	mtdmso	1	1	13	13	1.0	1.0
chr5:172951384	wtdmso	mtdmso	5	5	10	7	0.7	0.7063310450038138
chr5:172951417	wtdmso	mtdmso	3	8	15	10	0.25	0.14635309073573813
chr5:172951499	wtdmso	mtdmso	4	6	13	12	0.6153846153846154	0.7111942562443117
chr5:172951569	wtdmso	mtdmso	2	3	15	14	0.6222222222222222	1.0
chr5:172951860	wtdmso	mtdmso	1	2	14	14	0.5	1.0
chr5:172951875	wtdmso	mtdmso	5	8	10	11	0.6875	0.728236688107559
chr5:172952544	wtdmso	mtdmso	1	2	50	37	0.37	0.5767364657814096
chr5:172952584	wtdmso	mtdmso	1	1	44	38	0.8636363636363636	1.0
chr5:173020279	wtdmso	mtdmso	6	1	32	38	7.125	0.056415203550067544
chr5:173034459	wtdmso	mtdmso	8	10	39	34	0.6974358974358974	0.6012461360667647
chr5:173034586	wtdmso	mtdmso	36	26	17	15	1.2217194570135748	0.6668652419868885
chr5:173034732	wtdmso	mtdmso	15	12	39	36	1.1538461538461537	0.8240741169786844
chr5:173034752	wtdmso	mtdmso	10	23	45	24	0.2318840579710145	0.0013393070517971485
chr5:176388955	wtdmso	mtdmso	8	7	26	34	1.4945054945054945	0.5679009440356847
chr5:176389572	wtdmso	mtdmso	16	8	10	16	3.2	0.05462411910980462
chr5:176389624	wtdmso	mtdmso	1	2	40	41	0.5125	1.0
chr5:176389636	wtdmso	mtdmso	11	9	29	33	1.3908045977011494	0.6105902033392924
chr5:176392694	wtdmso	mtdmso	2	2	17	32	1.8823529411764706	0.6117271407837445
chr5:176397635	wtdmso	mtdmso	5	9	14	22	0.873015873015873	1.0
chr5:176397666	wtdmso	mtdmso	1	3	18	28	0.5185185185185185	1.0
chr5:176397695	wtdmso	mtdmso	1	2	15	26	0.8666666666666667	1.0
chr5:177303864	wtdmso	mtdmso	7	9	50	38	0.5911111111111111	0.41627921339637985
chr5:177304031	wtdmso	mtdmso	1	1	51	54	1.0588235294117647	1.0
chr5:177304671	wtdmso	mtdmso	1	2	61	54	0.4426229508196721	0.6032609510108049
chr5:177304700	wtdmso	mtdmso	1	3	48	44	0.3055555555555556	0.356649688737974
chr5:177304706	wtdmso	mtdmso	2	2	53	43	0.8113207547169812	1.0
chr5:177304779	wtdmso	mtdmso	5	4	56	53	1.1830357142857142	1.0
chr5:177304791	wtdmso	mtdmso	3	1	56	43	2.3035714285714284	0.6339051517944485
chr5:177304811	wtdmso	mtdmso	3	6	58	49	0.4224137931034483	0.30464555612065275
chr5:177304827	wtdmso	mtdmso	10	12	62	45	0.6048387096774194	0.3479649717178259
chr5:177305901	wtdmso	mtdmso	8	9	66	51	0.6868686868686869	0.6030517767865713
chr5:177305907	wtdmso	mtdmso	1	1	57	48	0.8421052631578947	1.0
chr5:177305921	wtdmso	mtdmso	2	3	48	52	0.7222222222222222	1.0
chr5:177306130	wtdmso	mtdmso	4	8	73	51	0.3493150684931507	0.12686658161104677
chr5:177306136	wtdmso	mtdmso	2	1	81	63	1.5555555555555556	1.0
chr5:177306450	wtdmso	mtdmso	7	2	58	57	3.439655172413793	0.1682412204563186
chr5:177306598	wtdmso	mtdmso	1	1	58	52	0.896551724137931	1.0
chr5:177331984	wtdmso	mtdmso	15	6	37	25	1.6891891891891893	0.43675531293148473
chr5:177332008	wtdmso	mtdmso	4	1	48	30	2.5	0.6460577309753575
chr5:177332037	wtdmso	mtdmso	21	17	29	15	0.6389452332657201	0.36917649118157353
chr5:177332221	wtdmso	mtdmso	6	4	41	25	0.9146341463414634	1.0
chr5:177334402	wtdmso	mtdmso	1	1	42	26	0.6190476190476191	1.0
chr5:177337212	wtdmso	mtdmso	4	1	43	28	2.604651162790698	0.6436618666250967
chr5:177337243	wtdmso	mtdmso	2	3	39	25	0.42735042735042733	0.38915050416367364
chr5:177337423	wtdmso	mtdmso	6	1	30	10	2.0	1.0
chr5:177337492	wtdmso	mtdmso	5	3	42	26	1.0317460317460319	1.0
chr5:177337733	wtdmso	mtdmso	3	1	27	11	1.2222222222222223	1.0
chr5:177337760	wtdmso	mtdmso	5	2	42	27	1.6071428571428572	0.7018804912328271
chr5:177338501	wtdmso	mtdmso	7	4	36	21	1.0208333333333333	1.0
chr5:177338540	wtdmso	mtdmso	3	4	44	24	0.4090909090909091	0.4134748215319314
chr5:177351179	wtdmso	mtdmso	4	4	41	25	0.6097560975609756	0.7037909370904392
chr5:177351216	wtdmso	mtdmso	2	1	43	16	0.7441860465116279	1.0
chr5:177351260	wtdmso	mtdmso	2	1	38	25	1.3157894736842106	1.0
chr5:177351491	wtdmso	mtdmso	6	1	39	17	2.6153846153846154	0.6621380152645031
chr5:177351508	wtdmso	mtdmso	7	3	38	14	0.8596491228070176	1.0
chr5:177351520	wtdmso	mtdmso	10	2	33	11	1.6666666666666667	0.7111631231423097
chr5:177483921	wtdmso	mtdmso	5	2	31	21	1.6935483870967742	0.694208048047072
chr5:177484113	wtdmso	mtdmso	3	1	31	21	2.032258064516129	1.0
chr5:177489818	wtdmso	mtdmso	1	1	31	20	0.6451612903225806	1.0
chr5:177491063	wtdmso	mtdmso	4	6	24	19	0.5277777777777778	0.4878031501641201
chr5:177491083	wtdmso	mtdmso	7	5	15	14	1.3066666666666666	0.7437032081406592
chr5:177491827	wtdmso	mtdmso	1	2	27	19	0.35185185185185186	0.5691489361702128
chr5:177496444	wtdmso	mtdmso	1	1	11	14	1.2727272727272727	1.0
chr5:177592259	wtdmso	mtdmso	8	9	74	52	0.6246246246246246	0.43657685519203593
chr5:177592283	wtdmso	mtdmso	2	1	76	52	1.368421052631579	1.0
chr5:177592385	wtdmso	mtdmso	5	1	77	59	3.831168831168831	0.4011955476954592
chr5:177592598	wtdmso	mtdmso	5	2	60	49	2.0416666666666665	0.4635144128108406
chr5:177592661	wtdmso	mtdmso	3	1	86	59	2.058139534883721	0.6485132024080525
chr5:177594151	wtdmso	mtdmso	3	2	89	63	1.0617977528089888	1.0
chr5:177594167	wtdmso	mtdmso	41	34	59	44	0.8993020937188435	0.7611409212854678
chr5:177594178	wtdmso	mtdmso	2	1	95	71	1.4947368421052631	1.0
chr5:177594245	wtdmso	mtdmso	4	1	102	78	3.0588235294117645	0.39507040896919743
chr5:177594274	wtdmso	mtdmso	7	6	108	70	0.7561728395061729	0.7705287710186954
chr5:177595338	wtdmso	mtdmso	2	1	110	69	1.2545454545454546	1.0
chr5:177595462	wtdmso	mtdmso	27	18	92	58	0.9456521739130435	0.8636939945752709
chr5:177595472	wtdmso	mtdmso	46	23	75	53	1.4133333333333333	0.28648844083463004
chr5:177595476	wtdmso	mtdmso	33	17	89	61	1.3304692663582287	0.5033830007326293
chr5:177595494	wtdmso	mtdmso	60	47	43	22	0.6531420089064819	0.20353803483138885
chr5:177595778	wtdmso	mtdmso	6	5	100	59	0.708	0.749044033860484
chr5:177595838	wtdmso	mtdmso	4	4	113	71	0.6283185840707964	0.7136516223485843
chr5:177595865	wtdmso	mtdmso	2	2	94	53	0.5638297872340425	0.6224024371053127
chr5:177595941	wtdmso	mtdmso	3	1	127	77	1.8188976377952757	1.0
chr5:177595984	wtdmso	mtdmso	15	7	111	75	1.4478764478764479	0.49668438896774764
chr5:177595990	wtdmso	mtdmso	1	1	95	54	0.5684210526315789	1.0
chr5:178149515	wtdmso	mtdmso	5	8	49	37	0.4719387755102041	0.24378662671654594
chr5:178150924	wtdmso	mtdmso	4	1	45	40	3.5555555555555554	0.37100567863837913
chr5:178153722	wtdmso	mtdmso	5	3	40	34	1.4166666666666667	0.7239065971861992
chr5:178207173	wtdmso	mtdmso	1	1	12	16	1.3333333333333333	1.0
chr5:178209414	wtdmso	mtdmso	5	1	21	17	4.0476190476190474	0.3754189656061465
chr5:178210680	wtdmso	mtdmso	10	12	16	12	0.625	0.5692742583827359
chr5:178210924	wtdmso	mtdmso	1	1	20	25	1.25	1.0
chr5:179729207	wtdmso	mtdmso	8	2	31	10	1.2903225806451613	1.0
chr5:179729817	wtdmso	mtdmso	2	1	51	13	0.5098039215686274	0.5109905020352782
chr5:179729828	wtdmso	mtdmso	3	1	38	12	0.9473684210526315	1.0
chr5:179730385	wtdmso	mtdmso	5	1	64	22	1.71875	1.0
chr5:179730761	wtdmso	mtdmso	3	4	46	10	0.16304347826086957	0.037860953233141835
chr5:179797632	wtdmso	mtdmso	28	9	36	44	3.802469135802469	0.0025691686929078723
chr5:179797730	wtdmso	mtdmso	29	22	39	36	1.2167832167832169	0.71596407077665
chr5:179797807	wtdmso	mtdmso	39	19	27	33	2.508771929824561	0.016949417150190757
chr5:179798192	wtdmso	mtdmso	3	3	42	39	0.9285714285714286	1.0
chr5:179798240	wtdmso	mtdmso	2	3	61	48	0.5245901639344263	0.6551062908189131
chr5:179798552	wtdmso	mtdmso	5	3	43	36	1.3953488372093024	0.7261094532358984
chr5:179798570	wtdmso	mtdmso	7	5	47	40	1.1914893617021276	1.0
chr5:179798969	wtdmso	mtdmso	5	4	49	40	1.0204081632653061	1.0
chr5:179799002	wtdmso	mtdmso	6	3	41	39	1.9024390243902438	0.4911747773886339
chr5:179799077	wtdmso	mtdmso	5	8	47	37	0.4920212765957447	0.3707418518395297
chr5:179799119	wtdmso	mtdmso	5	3	45	33	1.2222222222222223	1.0
chr5:179799299	wtdmso	mtdmso	10	6	39	33	1.4102564102564104	0.5900804516659031
chr5:179799572	wtdmso	mtdmso	2	4	30	29	0.48333333333333334	0.6723713445024919
chr5:179799614	wtdmso	mtdmso	4	3	36	32	1.1851851851851851	1.0
chr5:179799991	wtdmso	mtdmso	4	7	36	34	0.5396825396825397	0.5187188922926741
chr5:179800018	wtdmso	mtdmso	5	3	42	41	1.626984126984127	0.7150945855050512
chr5:179800241	wtdmso	mtdmso	1	3	45	37	0.2740740740740741	0.3338999931718274
chr5:179800251	wtdmso	mtdmso	7	5	35	34	1.36	0.7580037247161755
chr5:179800501	wtdmso	mtdmso	2	1	44	39	1.7727272727272727	1.0
chr5:179800531	wtdmso	mtdmso	4	4	33	24	0.7272727272727273	0.7170813113641443
chr5:179800918	wtdmso	mtdmso	9	4	30	32	2.4	0.2274055049184281
chr5:179800948	wtdmso	mtdmso	10	8	29	23	0.9913793103448276	1.0
chr5:179800952	wtdmso	mtdmso	1	2	36	28	0.3888888888888889	0.5829245381484187
chr5:179801361	wtdmso	mtdmso	1	3	39	32	0.27350427350427353	0.3336624295528404
chr5:179801413	wtdmso	mtdmso	13	6	25	25	2.1666666666666665	0.1889513265138851
chr5:179801690	wtdmso	mtdmso	2	1	36	33	1.8333333333333333	1.0
chr5:179821061	wtdmso	mtdmso	2	2	33	82	2.484848484848485	0.5800220911095186
chr5:179823967	wtdmso	mtdmso	5	10	48	84	0.875	1.0
chr5:179824216	wtdmso	mtdmso	5	10	41	89	1.0853658536585367	1.0
chr5:179824222	wtdmso	mtdmso	2	2	53	84	1.5849056603773586	0.6432382308769082
chr5:179824263	wtdmso	mtdmso	9	11	50	90	1.4727272727272727	0.462410253882165
chr5:179833081	wtdmso	mtdmso	8	9	71	110	1.3771517996870108	0.6074227882831409
chr5:179833151	wtdmso	mtdmso	8	7	69	122	2.020703933747412	0.26675473115364734
chr5:179833588	wtdmso	mtdmso	2	1	88	128	2.909090909090909	0.5696685351969601
chr5:179833605	wtdmso	mtdmso	4	1	96	145	6.041666666666667	0.16146828334334284
chr5:179833626	wtdmso	mtdmso	2	10	98	131	0.2673469387755102	0.12969719523150988
chr5:179833631	wtdmso	mtdmso	10	8	92	130	1.766304347826087	0.3220971562537073
chr5:179833656	wtdmso	mtdmso	3	6	79	114	0.7215189873417721	0.7411869132854096
chr5:179833672	wtdmso	mtdmso	44	66	51	75	0.9803921568627451	1.0
chr5:179833719	wtdmso	mtdmso	3	3	91	129	1.4175824175824177	0.6948655351145062
chr5:179833735	wtdmso	mtdmso	17	26	86	119	0.9047406082289803	0.86532756186915
chr5:179836441	wtdmso	mtdmso	9	12	92	113	0.9211956521739131	1.0
chr5:179836524	wtdmso	mtdmso	1	1	92	139	1.5108695652173914	1.0
chr5:179836531	wtdmso	mtdmso	11	15	87	138	1.1632183908045977	0.8323093030310118
chr5:179836537	wtdmso	mtdmso	5	9	94	127	0.7505910165484634	0.7821999409255822
chr5:179836555	wtdmso	mtdmso	7	9	83	131	1.2275769745649263	0.7921718501900654
chr5:179836592	wtdmso	mtdmso	8	8	88	148	1.6818181818181819	0.4253903066527254
chr5:179836749	wtdmso	mtdmso	10	17	90	145	0.9477124183006536	1.0
chr5:179836860	wtdmso	mtdmso	2	1	105	153	2.914285714285714	0.5696680765646284
chr5:179836940	wtdmso	mtdmso	7	11	101	156	0.9828982898289829	1.0
chr5:179836955	wtdmso	mtdmso	1	1	105	152	1.4476190476190476	1.0
chr5:179836983	wtdmso	mtdmso	1	1	107	155	1.4485981308411215	1.0
chr5:179837072	wtdmso	mtdmso	44	53	64	105	1.3620283018867925	0.24518760807149959
chr5:179862846	wtdmso	mtdmso	1	3	11	16	0.48484848484848486	1.0
chr5:179862943	wtdmso	mtdmso	6	4	6	12	3.0	0.24254113544731393
chr5:179862951	wtdmso	mtdmso	6	6	4	11	2.75	0.2565980167810831
chr5:179862978	wtdmso	mtdmso	4	2	6	14	4.666666666666667	0.16266342353298874
chr5:179955630	wtdmso	mtdmso	2	4	9	9	0.5	0.6493952271984309
chr5:179966880	wtdmso	mtdmso	4	5	6	9	1.2	1.0
chr5:179966955	wtdmso	mtdmso	1	2	9	12	0.6666666666666666	1.0
chr5:180790613	wtdmso	mtdmso	4	1	16	19	4.75	0.3416493416493417
chr5:180790640	wtdmso	mtdmso	7	10	20	15	0.525	0.3775499453683401
chr5:180790830	wtdmso	mtdmso	1	1	23	22	0.9565217391304348	1.0
chr5:180790897	wtdmso	mtdmso	2	3	22	21	0.6363636363636364	1.0
chr5:180790908	wtdmso	mtdmso	8	2	18	22	4.888888888888889	0.07656269203231672
chr5:181236941	wtdmso	mtdmso	8	7	111	130	1.3384813384813385	0.6049866700894457
chr5:181236993	wtdmso	mtdmso	44	62	853	798	0.6639186174034716	0.04522328726143618
chr5:181237019	wtdmso	mtdmso	20	9	677	687	2.2550467749876906	0.058759032276559944
chr5:181237041	wtdmso	mtdmso	10	10	798	776	0.9724310776942355	1.0
chr5:181237650	wtdmso	mtdmso	24	25	910	861	0.9083076923076923	0.773420141493775
chr5:181237689	wtdmso	mtdmso	411	407	469	425	0.9150893479251688	0.38361811113432753
chr5:181238174	wtdmso	mtdmso	7	7	779	732	0.9396662387676509	1.0
chr5:181238200	wtdmso	mtdmso	17	20	791	765	0.8220606826801518	0.6193030305394479
chr5:181239107	wtdmso	mtdmso	222	219	617	590	0.9693390466463888	0.7811421571110739
chr5:181239115	wtdmso	mtdmso	164	161	635	614	0.9849464469115273	0.9503502696268153
chr5:181239160	wtdmso	mtdmso	87	97	735	723	0.8822638333683989	0.4349193978058392
chr5:181239169	wtdmso	mtdmso	84	82	709	700	1.0113867006088961	1.0
chr5:181239499	wtdmso	mtdmso	16	10	662	666	1.609667673716012	0.32223173176505593
chr5:181241538	wtdmso	mtdmso	7	6	706	688	1.1369216241737488	1.0
chr5:181241573	wtdmso	mtdmso	20	18	651	630	1.075268817204301	0.8702949442913279
chr5:181242198	wtdmso	mtdmso	32	28	642	638	1.1357365376056965	0.6925544486500823
chr5:181242306	wtdmso	mtdmso	11	11	661	662	1.0015128593040847	1.0
chr5:181242318	wtdmso	mtdmso	35	40	624	627	0.8792067307692307	0.6351709410233867
chr5:181242322	wtdmso	mtdmso	24	34	557	561	0.7109515260323159	0.2272367886713762
chr5:181242339	wtdmso	mtdmso	6	3	559	559	2.0	0.5060711083008158
chr5:181243714	wtdmso	mtdmso	12	13	581	579	0.9198993777307031	0.843292491870927
chr5:181243784	wtdmso	mtdmso	14	14	649	664	1.0231124807395995	1.0
chr5:181243796	wtdmso	mtdmso	36	33	557	552	1.081116370164844	0.8045417232674241
chr5:40832553	wtdmso	mtdmso	9	24	359	417	0.43558495821727017	0.033175288535664316
chr5:40834223	wtdmso	mtdmso	72	71	286	370	1.3119275091106077	0.16382222439407754
chr5:40834261	wtdmso	mtdmso	23	29	338	410	0.9620485615180575	1.0
chr5:60945373	wtdmso	mtdmso	3	1	17	10	1.7647058823529411	1.0
chr5:73499152	wtdmso	mtdmso	22	19	143	120	0.97165991902834	1.0
chr5:73499171	wtdmso	mtdmso	1	1	159	141	0.8867924528301887	1.0
chr5:73502490	wtdmso	mtdmso	21	12	149	133	1.5620805369127517	0.27143515015284936
chr5:73502523	wtdmso	mtdmso	38	28	121	108	1.2113341204250294	0.5754503214784314
chr5:73502539	wtdmso	mtdmso	4	3	140	127	1.2095238095238094	1.0
chr5:73502939	wtdmso	mtdmso	11	19	147	129	0.5080558539205156	0.122714458326388
chr5:73502988	wtdmso	mtdmso	81	70	94	83	1.0217325227963525	1.0
chr5:73503054	wtdmso	mtdmso	3	2	183	156	1.278688524590164	1.0
chr5:73503077	wtdmso	mtdmso	10	11	163	125	0.6971556051310652	0.4971352809267022
chr5:73503091	wtdmso	mtdmso	3	2	176	150	1.2784090909090908	1.0
chr5:73505262	wtdmso	mtdmso	3	2	176	152	1.2954545454545454	1.0
chr5:73505301	wtdmso	mtdmso	43	29	109	95	1.292312559316672	0.40900347730232
chr5:73505378	wtdmso	mtdmso	24	22	157	123	0.8546612623045744	0.6345206093418205
chr5:74769306	wtdmso	mtdmso	1	1	9	12	1.3333333333333333	1.0
chr5:74770699	wtdmso	mtdmso	4	5	8	8	0.8	1.0
chr5:74773905	wtdmso	mtdmso	6	7	7	7	0.8571428571428571	1.0
chr5:74774035	wtdmso	mtdmso	5	3	6	7	1.9444444444444444	0.6594427244582044
chr5:77691349	wtdmso	mtdmso	1	2	16	11	0.34375	0.5645320197044335
chr5:82276092	wtdmso	mtdmso	22	17	660	689	1.3509803921568628	0.4175967392152708
chr5:82276120	wtdmso	mtdmso	5	7	738	776	0.7510646535036779	0.7744603188542898
chr5:82276407	wtdmso	mtdmso	162	152	595	639	1.1446041574524546	0.31175984270642476
chr5:82276502	wtdmso	mtdmso	11	12	738	761	0.9452348690153568	1.0
chr5:82277781	wtdmso	mtdmso	2	1	732	739	2.019125683060109	0.6232220903043767
chr5:82277800	wtdmso	mtdmso	16	13	576	582	1.2435897435897436	0.5791656451958912
chr5:82277838	wtdmso	mtdmso	11	7	707	711	1.5803192564154374	0.47787101110563684
chr5:86617965	wtdmso	mtdmso	4	4	201	212	1.054726368159204	1.0
chr5:86619447	wtdmso	mtdmso	4	6	182	210	0.7692307692307693	0.7577917021608083
chr5:86620712	wtdmso	mtdmso	1	2	214	227	0.530373831775701	1.0
chr5:86620718	wtdmso	mtdmso	68	56	141	159	1.3693009118541033	0.16513207167920624
chr5:86620752	wtdmso	mtdmso	4	2	122	147	2.4098360655737703	0.4176086788071249
chr6:10723217	wtdmso	mtdmso	3	1	23	28	3.652173913043478	0.33455307794930433
chr6:10724598	wtdmso	mtdmso	3	4	14	21	1.125	1.0
chr6:10724620	wtdmso	mtdmso	7	3	22	28	2.9696969696969697	0.1747335406437544
chr6:10730767	wtdmso	mtdmso	4	2	26	33	2.5384615384615383	0.40254274634232323
chr6:10730795	wtdmso	mtdmso	1	1	29	32	1.103448275862069	1.0
chr6:10731002	wtdmso	mtdmso	1	3	28	29	0.34523809523809523	0.6141150319533202
chr6:10731068	wtdmso	mtdmso	1	2	27	36	0.6666666666666666	1.0
chr6:10731072	wtdmso	mtdmso	5	12	25	29	0.48333333333333334	0.26859577382185734
chr6:108211859	wtdmso	mtdmso	1	2	41	44	0.5365853658536586	1.0
chr6:108211994	wtdmso	mtdmso	3	6	29	34	0.5862068965517241	0.7219935114893519
chr6:108212120	wtdmso	mtdmso	4	2	26	24	1.8461538461538463	0.6748842475812509
chr6:108214545	wtdmso	mtdmso	1	2	32	26	0.40625	0.589219227563212
chr6:108222989	wtdmso	mtdmso	3	3	37	31	0.8378378378378378	1.0
chr6:108260871	wtdmso	mtdmso	5	3	28	21	1.25	1.0
chr6:132815026	wtdmso	mtdmso	2	6	177	363	0.6836158192090396	1.0
chr6:132815084	wtdmso	mtdmso	1	3	173	343	0.6608863198458574	1.0
chr6:132816541	wtdmso	mtdmso	22	44	190	355	0.9342105263157895	0.8913808080773833
chr6:132816966	wtdmso	mtdmso	2	2	207	389	1.8792270531400965	0.6135051999004484
chr6:132816976	wtdmso	mtdmso	5	4	212	404	2.3820754716981134	0.28816792174928657
chr6:132817008	wtdmso	mtdmso	4	6	176	340	1.2878787878787878	0.741621311797291
chr6:132817480	wtdmso	mtdmso	15	30	201	389	0.9676616915422885	1.0
chr6:138090991	wtdmso	mtdmso	1	3	103	91	0.29449838187702265	0.3475406713985394
chr6:138091132	wtdmso	mtdmso	4	8	100	95	0.475	0.2513297766640522
chr6:138091224	wtdmso	mtdmso	4	6	79	72	0.6075949367088608	0.5251485068126054
chr6:138091244	wtdmso	mtdmso	11	9	48	49	1.2476851851851851	0.8067413981771536
chr6:138091271	wtdmso	mtdmso	4	1	78	75	3.8461538461538463	0.36880915507314427
chr6:138091455	wtdmso	mtdmso	1	1	69	73	1.0579710144927537	1.0
chr6:138091555	wtdmso	mtdmso	15	23	48	46	0.625	0.25285516240703154
chr6:138091607	wtdmso	mtdmso	1	3	64	64	0.3333333333333333	0.6193857624711523
chr6:138091663	wtdmso	mtdmso	4	8	40	50	0.625	0.5468125727967345
chr6:138091960	wtdmso	mtdmso	3	7	60	69	0.4928571428571429	0.3481063670855519
chr6:138091983	wtdmso	mtdmso	7	11	52	62	0.7587412587412588	0.6217066281983031
chr6:138091998	wtdmso	mtdmso	25	32	26	26	0.78125	0.5675939525666651
chr6:138092041	wtdmso	mtdmso	3	2	58	74	1.9137931034482758	0.6556199557936261
chr6:138092087	wtdmso	mtdmso	1	2	57	74	0.6491228070175439	1.0
chr6:138092174	wtdmso	mtdmso	8	10	53	69	1.0415094339622641	1.0
chr6:138092217	wtdmso	mtdmso	1	5	55	73	0.26545454545454544	0.4001764654448332
chr6:138096405	wtdmso	mtdmso	2	3	52	62	0.7948717948717948	1.0
chr6:138406073	wtdmso	mtdmso	5	3	7	7	1.6666666666666667	0.6749226006191952
chr6:138413056	wtdmso	mtdmso	10	6	4	4	1.6666666666666667	0.6733521783999641
chr6:146544052	wtdmso	mtdmso	1	4	9	9	0.25	0.33935629587803495
chr6:146544112	wtdmso	mtdmso	1	1	9	12	1.3333333333333333	1.0
chr6:146549661	wtdmso	mtdmso	1	1	9	11	1.2222222222222223	1.0
chr6:146554569	wtdmso	mtdmso	2	1	21	11	1.0476190476190477	1.0
chr6:146554753	wtdmso	mtdmso	10	5	12	7	1.1666666666666667	1.0
chr6:146554788	wtdmso	mtdmso	1	1	23	12	0.5217391304347826	1.0
chr6:149793603	wtdmso	mtdmso	1	1	22	12	0.5454545454545454	1.0
chr6:159779704	wtdmso	mtdmso	1	5	14	12	0.17142857142857143	0.17794462983561984
chr6:159779910	wtdmso	mtdmso	1	2	15	10	0.3333333333333333	0.5604395604395604
chr6:170535164	wtdmso	mtdmso	15	14	21	19	0.9693877551020408	1.0
chr6:170535223	wtdmso	mtdmso	10	13	28	18	0.4945054945054945	0.20510042441236664
chr6:170535242	wtdmso	mtdmso	5	4	34	32	1.1764705882352942	1.0
chr6:170535266	wtdmso	mtdmso	1	1	37	33	0.8918918918918919	1.0
chr6:170535391	wtdmso	mtdmso	4	1	35	34	3.8857142857142857	0.3613693763221063
chr6:170543699	wtdmso	mtdmso	1	1	29	27	0.9310344827586207	1.0
chr6:170546142	wtdmso	mtdmso	4	2	29	26	1.793103448275862	0.6780957001062505
chr6:170553188	wtdmso	mtdmso	3	3	31	30	0.967741935483871	1.0
chr6:170553201	wtdmso	mtdmso	1	6	34	28	0.13725490196078433	0.05484838904696141
chr6:2833597	wtdmso	mtdmso	9	10	4	6	1.35	1.0
chr6:2833916	wtdmso	mtdmso	1	4	12	15	0.3125	0.6246722548863816
chr6:2833972	wtdmso	mtdmso	4	5	7	8	0.9142857142857143	1.0
chr6:29942610	wtdmso	mtdmso	1	1	20	20	1.0	1.0
chr6:29942992	wtdmso	mtdmso	7	5	28	23	1.15	1.0
chr6:29943381	wtdmso	mtdmso	6	3	32	21	1.3125	1.0
chr6:29944121	wtdmso	mtdmso	1	3	38	26	0.22807017543859648	0.30514805650889937
chr6:29944141	wtdmso	mtdmso	3	2	46	29	0.9456521739130435	1.0
chr6:29944160	wtdmso	mtdmso	2	1	46	32	1.391304347826087	1.0
chr6:29944219	wtdmso	mtdmso	7	4	47	33	1.2287234042553192	1.0
chr6:29944241	wtdmso	mtdmso	5	3	52	32	1.0256410256410255	1.0
chr6:29944253	wtdmso	mtdmso	10	4	46	32	1.7391304347826086	0.5537123729355264
chr6:29944291	wtdmso	mtdmso	6	2	48	31	1.9375	0.7047132728696783
chr6:29945239	wtdmso	mtdmso	7	3	60	36	1.4	0.7423110756965884
chr6:29945474	wtdmso	mtdmso	24	14	47	23	0.8389057750759878	0.6776503731478436
chr6:29945512	wtdmso	mtdmso	10	6	66	36	0.9090909090909091	1.0
chr6:29945527	wtdmso	mtdmso	12	9	62	34	0.7311827956989247	0.6187840843904009
chr6:29945595	wtdmso	mtdmso	2	1	75	43	1.1466666666666667	1.0
chr6:29945621	wtdmso	mtdmso	1	1	63	37	0.5873015873015873	1.0
chr6:29945638	wtdmso	mtdmso	4	4	59	28	0.4745762711864407	0.4359232084189427
chr6:29945733	wtdmso	mtdmso	14	8	57	33	1.013157894736842	1.0
chr6:29945760	wtdmso	mtdmso	8	7	57	31	0.6215538847117794	0.401946567700822
chr6:30491234	wtdmso	mtdmso	1	1	9	10	1.1111111111111112	1.0
chr6:30492846	wtdmso	mtdmso	3	1	11	9	2.4545454545454546	0.6146245059288539
chr6:30493006	wtdmso	mtdmso	1	2	11	8	0.36363636363636365	0.5714285714285713
chr6:30722559	wtdmso	mtdmso	2	6	13	42	1.0769230769230769	1.0
chr6:30722957	wtdmso	mtdmso	1	4	16	45	0.703125	1.0
chr6:30722971	wtdmso	mtdmso	2	2	12	32	2.6666666666666665	0.5694521533559462
chr6:30723444	wtdmso	mtdmso	1	12	20	44	0.18333333333333332	0.09952293725796886
chr6:30723467	wtdmso	mtdmso	1	2	18	41	1.1388888888888888	1.0
chr6:30723591	wtdmso	mtdmso	2	2	30	48	1.6	0.6414073845379802
chr6:30723738	wtdmso	mtdmso	7	14	30	41	0.6833333333333333	0.6136113249344972
chr6:30723925	wtdmso	mtdmso	12	18	28	34	0.8095238095238095	0.6613770574348823
chr6:30723954	wtdmso	mtdmso	3	6	38	55	0.7236842105263158	0.7369602996913942
chr6:30723972	wtdmso	mtdmso	2	2	46	61	1.326086956521739	1.0
chr6:30724071	wtdmso	mtdmso	2	2	43	57	1.3255813953488371	1.0
chr6:30724125	wtdmso	mtdmso	7	8	41	49	1.045731707317073	1.0
chr6:30724631	wtdmso	mtdmso	2	2	18	17	0.9444444444444444	1.0
chr6:30725170	wtdmso	mtdmso	14	5	30	24	2.24	0.18619688634313208
chr6:30725179	wtdmso	mtdmso	5	4	45	26	0.7222222222222222	0.7217931896639243
chr6:30725239	wtdmso	mtdmso	2	4	50	26	0.26	0.18477639417744385
chr6:30725350	wtdmso	mtdmso	15	8	31	20	1.2096774193548387	0.7991546514483895
chr6:30743226	wtdmso	mtdmso	23	14	20	8	0.6571428571428571	0.5972519519840751
chr6:30743358	wtdmso	mtdmso	7	1	41	24	4.097560975609756	0.2500301095785388
chr6:30743368	wtdmso	mtdmso	5	1	44	25	2.840909090909091	0.658026152720345
chr6:30743412	wtdmso	mtdmso	14	6	36	22	1.4259259259259258	0.5972719801770787
chr6:30743478	wtdmso	mtdmso	3	4	47	24	0.3829787234042553	0.2428585204360258
chr6:30743510	wtdmso	mtdmso	12	11	37	17	0.5012285012285013	0.20174329231241694
chr6:30743519	wtdmso	mtdmso	10	8	33	21	0.7954545454545454	0.7833173900079332
chr6:30743534	wtdmso	mtdmso	24	12	22	11	1.0	1.0
chr6:30743606	wtdmso	mtdmso	1	1	46	28	0.6086956521739131	1.0
chr6:30743764	wtdmso	mtdmso	5	2	39	24	1.5384615384615385	1.0
chr6:30743780	wtdmso	mtdmso	6	6	35	17	0.4857142857142857	0.3231158242847394
chr6:30743818	wtdmso	mtdmso	11	6	31	19	1.1236559139784945	1.0
chr6:30743825	wtdmso	mtdmso	18	13	23	13	0.782608695652174	0.8018247806614487
chr6:30743843	wtdmso	mtdmso	10	9	8	2	0.2777777777777778	0.2343740217803187
chr6:30743897	wtdmso	mtdmso	1	1	44	26	0.5909090909090909	1.0
chr6:30743929	wtdmso	mtdmso	21	14	24	11	0.6875	0.618346284001778
chr6:30743935	wtdmso	mtdmso	8	2	41	25	2.4390243902439024	0.47966341417710234
chr6:30743975	wtdmso	mtdmso	3	3	26	21	0.8076923076923077	1.0
chr6:30743987	wtdmso	mtdmso	7	4	38	19	0.875	1.0
chr6:30744003	wtdmso	mtdmso	7	4	39	23	1.0320512820512822	1.0
chr6:30744164	wtdmso	mtdmso	25	8	22	20	2.840909090909091	0.05431161137977084
chr6:30744440	wtdmso	mtdmso	4	1	19	20	4.2105263157894735	0.3477027793533749
chr6:30744484	wtdmso	mtdmso	1	1	26	23	0.8846153846153846	1.0
chr6:30897422	wtdmso	mtdmso	3	2	10	10	1.5	1.0
chr6:30897485	wtdmso	mtdmso	1	1	13	12	0.9230769230769231	1.0
chr6:30898167	wtdmso	mtdmso	1	2	14	13	0.4642857142857143	1.0
chr6:30898224	wtdmso	mtdmso	1	1	15	14	0.9333333333333333	1.0
chr6:30899348	wtdmso	mtdmso	6	1	21	20	5.714285714285714	0.117964925593521
chr6:30899364	wtdmso	mtdmso	11	6	16	12	1.375	0.7566095772346243
chr6:30899426	wtdmso	mtdmso	6	5	22	16	0.8727272727272727	1.0
chr6:30899481	wtdmso	mtdmso	1	3	12	9	0.25	0.3217391304347825
chr6:30899616	wtdmso	mtdmso	3	1	21	19	2.7142857142857144	0.613704503097583
chr6:30899656	wtdmso	mtdmso	4	3	27	20	0.9876543209876543	1.0
chr6:30899718	wtdmso	mtdmso	3	3	27	16	0.5925925925925926	0.6648801013972152
chr6:30899751	wtdmso	mtdmso	5	3	30	30	1.6666666666666667	0.7101503830155653
chr6:30899834	wtdmso	mtdmso	3	3	28	27	0.9642857142857143	1.0
chr6:30899907	wtdmso	mtdmso	16	6	18	15	2.2222222222222223	0.25799450659273876
chr6:30899992	wtdmso	mtdmso	1	3	25	25	0.3333333333333333	0.611542730299667
chr6:31268758	wtdmso	mtdmso	3	2	25	13	0.78	1.0
chr6:31268862	wtdmso	mtdmso	9	8	69	50	0.8152173913043478	0.7949785381164257
chr6:31268984	wtdmso	mtdmso	4	5	70	31	0.35428571428571426	0.14977291114221514
chr6:31269002	wtdmso	mtdmso	8	3	75	54	1.92	0.5249782199108253
chr6:31269027	wtdmso	mtdmso	4	4	80	55	0.6875	0.7175352668027455
chr6:31269112	wtdmso	mtdmso	3	5	70	48	0.4114285714285714	0.279279698055906
chr6:31269149	wtdmso	mtdmso	5	5	77	50	0.6493506493506493	0.5220379985529078
chr6:31269166	wtdmso	mtdmso	1	2	60	41	0.3416666666666667	0.5678842859025612
chr6:31270314	wtdmso	mtdmso	11	3	48	39	2.9791666666666665	0.14468016758895788
chr6:31270352	wtdmso	mtdmso	5	6	59	24	0.3389830508474576	0.09905541054428199
chr6:31270386	wtdmso	mtdmso	4	1	56	30	2.142857142857143	0.6578328039002197
chr6:31270464	wtdmso	mtdmso	3	5	50	30	0.36	0.25674551223709347
chr6:31270483	wtdmso	mtdmso	7	2	44	22	1.75	0.7097737452248898
chr6:31271209	wtdmso	mtdmso	2	1	43	23	1.069767441860465	1.0
chr6:31271219	wtdmso	mtdmso	4	1	38	19	2.0	1.0
chr6:31271233	wtdmso	mtdmso	5	4	39	18	0.5769230769230769	0.46714969335506307
chr6:31271630	wtdmso	mtdmso	2	3	42	20	0.31746031746031744	0.32975347620870016
chr6:31271648	wtdmso	mtdmso	1	1	38	22	0.5789473684210527	1.0
chr6:31354106	wtdmso	mtdmso	4	3	57	10	0.23391812865497075	0.09860360433710848
chr6:31354124	wtdmso	mtdmso	5	2	51	11	0.5392156862745098	0.608776768332252
chr6:31354149	wtdmso	mtdmso	5	1	56	11	0.9821428571428571	1.0
chr6:31354234	wtdmso	mtdmso	6	1	54	11	1.2222222222222223	1.0
chr6:31354271	wtdmso	mtdmso	15	3	35	7	1.0	1.0
chr6:31635985	wtdmso	mtdmso	3	2	8	14	2.625	0.3704942400594574
chr6:31636026	wtdmso	mtdmso	3	4	7	8	0.8571428571428571	1.0
chr6:31637055	wtdmso	mtdmso	5	3	19	14	1.2280701754385965	1.0
chr6:31637082	wtdmso	mtdmso	1	3	24	17	0.2361111111111111	0.30870163428302966
chr6:31637103	wtdmso	mtdmso	2	1	23	14	1.2173913043478262	1.0
chr6:31637119	wtdmso	mtdmso	1	4	26	12	0.11538461538461539	0.05558706749858195
chr6:31639097	wtdmso	mtdmso	3	3	9	13	1.4444444444444444	1.0
chr6:31639539	wtdmso	mtdmso	1	1	10	15	1.5	1.0
chr6:31640408	wtdmso	mtdmso	1	3	25	16	0.21333333333333335	0.2954461559112722
chr6:31640435	wtdmso	mtdmso	4	7	10	11	0.6285714285714286	0.7119528945204817
chr6:31640500	wtdmso	mtdmso	4	1	20	26	5.2	0.1745957957651146
chr6:31667889	wtdmso	mtdmso	1	1	47	48	1.0212765957446808	1.0
chr6:31667908	wtdmso	mtdmso	4	4	49	43	0.8775510204081632	1.0
chr6:31668545	wtdmso	mtdmso	6	5	50	46	1.104	1.0
chr6:31668571	wtdmso	mtdmso	2	2	54	49	0.9074074074074074	1.0
chr6:31669151	wtdmso	mtdmso	2	1	48	33	1.375	1.0
chr6:31669327	wtdmso	mtdmso	3	2	49	44	1.346938775510204	1.0
chr6:31669484	wtdmso	mtdmso	3	1	53	50	2.830188679245283	0.6195217232071402
chr6:31669956	wtdmso	mtdmso	3	6	52	47	0.4519230769230769	0.31571724906816057
chr6:31669989	wtdmso	mtdmso	5	6	44	42	0.7954545454545454	0.7592749670487653
chr6:31730632	wtdmso	mtdmso	8	7	74	85	1.3127413127413128	0.7877836635607551
chr6:31730763	wtdmso	mtdmso	31	24	30	32	1.3777777777777778	0.4594503172442055
chr6:31730828	wtdmso	mtdmso	34	34	43	50	1.1627906976744187	0.7495454682599166
chr6:31732250	wtdmso	mtdmso	8	14	69	70	0.5797101449275363	0.2622632181174249
chr6:31732384	wtdmso	mtdmso	12	20	73	77	0.6328767123287671	0.32945438481068556
chr6:31733621	wtdmso	mtdmso	2	2	75	81	1.08	1.0
chr6:31733648	wtdmso	mtdmso	4	8	71	83	0.5845070422535211	0.5497430907241653
chr6:31733956	wtdmso	mtdmso	1	1	55	60	1.0909090909090908	1.0
chr6:31734162	wtdmso	mtdmso	1	3	59	73	0.4124293785310734	0.6300012542330365
chr6:31734234	wtdmso	mtdmso	22	19	47	69	1.6998880179171332	0.1997694545105948
chr6:31736288	wtdmso	mtdmso	1	5	65	79	0.24307692307692308	0.2298101107496446
chr6:31736370	wtdmso	mtdmso	1	3	58	72	0.41379310344827586	0.6302377485553611
chr6:31736409	wtdmso	mtdmso	5	5	45	61	1.3555555555555556	0.7434825155059575
chr6:31779426	wtdmso	mtdmso	2	3	9	14	1.037037037037037	1.0
chr6:31797868	wtdmso	mtdmso	3	4	8	8	0.75	1.0
chr6:31952356	wtdmso	mtdmso	4	2	11	12	2.1818181818181817	0.6513409961685822
chr6:31952364	wtdmso	mtdmso	1	2	13	10	0.38461538461538464	0.5800000000000001
chr6:31952388	wtdmso	mtdmso	1	3	13	10	0.2564102564102564	0.325925925925926
chr6:31953821	wtdmso	mtdmso	3	2	11	12	1.6363636363636365	1.0
chr6:31954712	wtdmso	mtdmso	5	3	6	10	2.7777777777777777	0.3904518329070759
chr6:33275839	wtdmso	mtdmso	1	6	464	498	0.1788793103448276	0.12577238370836963
chr6:33275845	wtdmso	mtdmso	23	17	457	507	1.5009653752091647	0.25829337388298773
chr6:33275867	wtdmso	mtdmso	80	93	421	444	0.9072101754654815	0.617157362934246
chr6:33276016	wtdmso	mtdmso	11	6	430	465	1.9825581395348837	0.22217797108025886
chr6:33276028	wtdmso	mtdmso	111	139	332	338	0.8129929791106874	0.1819113094673284
chr6:33276032	wtdmso	mtdmso	2	2	471	515	1.0934182590233545	1.0
chr6:33276194	wtdmso	mtdmso	17	17	468	501	1.0705128205128205	0.8632039824567774
chr6:33276212	wtdmso	mtdmso	5	1	464	486	5.237068965517241	0.11729044814496496
chr6:33276418	wtdmso	mtdmso	4	4	304	333	1.0953947368421053	1.0
chr6:33416580	wtdmso	mtdmso	7	3	24	15	1.4583333333333333	0.7258373674863209
chr6:33416594	wtdmso	mtdmso	4	3	19	25	1.7543859649122806	0.6867959949937422
chr6:33416719	wtdmso	mtdmso	6	6	28	26	0.9285714285714286	1.0
chr6:33416727	wtdmso	mtdmso	2	3	28	24	0.5714285714285714	0.659655141283741
chr6:33417610	wtdmso	mtdmso	1	1	32	28	0.875	1.0
chr6:33695763	wtdmso	mtdmso	3	2	7	8	1.7142857142857142	1.0
chr6:33695824	wtdmso	mtdmso	1	1	10	9	0.9	1.0
chr6:33695840	wtdmso	mtdmso	1	2	9	8	0.4444444444444444	1.0
chr6:33695988	wtdmso	mtdmso	4	4	7	7	1.0	1.0
chr6:33696006	wtdmso	mtdmso	9	8	2	2	1.125	1.0
chr6:33696053	wtdmso	mtdmso	2	2	8	11	1.375	1.0
chr6:33696075	wtdmso	mtdmso	2	1	10	11	2.2	1.0
chr6:33696079	wtdmso	mtdmso	1	2	9	8	0.4444444444444444	1.0
chr6:33696355	wtdmso	mtdmso	4	1	10	14	5.6	0.16858237547892724
chr6:33696384	wtdmso	mtdmso	2	3	9	8	0.5925925925925926	1.0
chr6:33696521	wtdmso	mtdmso	5	2	6	11	4.583333333333333	0.1819221967963387
chr6:34236916	wtdmso	mtdmso	2	2	19	38	2.0	0.6024182962700364
chr6:34240894	wtdmso	mtdmso	3	9	91	176	0.6446886446886447	0.7563824473407024
chr6:34242743	wtdmso	mtdmso	1	1	127	241	1.8976377952755905	1.0
chr6:34242789	wtdmso	mtdmso	2	4	146	270	0.9246575342465754	1.0
chr6:34243505	wtdmso	mtdmso	3	4	134	253	1.416044776119403	0.698040465933238
chr6:34243514	wtdmso	mtdmso	17	28	74	148	1.2142857142857142	0.6063604572282444
chr6:34244883	wtdmso	mtdmso	7	15	135	271	0.9367901234567901	1.0
chr6:34244932	wtdmso	mtdmso	35	55	98	182	1.1818181818181819	0.5290411227306633
chr6:34244937	wtdmso	mtdmso	9	21	90	164	0.780952380952381	0.6863683418978717
chr6:34245157	wtdmso	mtdmso	2	5	117	201	0.6871794871794872	1.0
chr6:34245223	wtdmso	mtdmso	2	2	155	259	1.6709677419354838	0.6332083004836115
chr6:34245433	wtdmso	mtdmso	6	16	182	315	0.6490384615384616	0.4978510651368673
chr6:34245504	wtdmso	mtdmso	29	39	110	186	1.2573426573426574	0.4093920532844089
chr6:34245842	wtdmso	mtdmso	2	5	203	330	0.6502463054187192	0.7145547721932989
chr6:34245853	wtdmso	mtdmso	37	56	166	262	1.0428141135972462	0.9067426246817778
chr6:34246017	wtdmso	mtdmso	9	12	255	417	1.2264705882352942	0.6540451854063613
chr6:34417474	wtdmso	mtdmso	5	12	239	366	0.6380753138075314	0.4603078142967142
chr6:34421781	wtdmso	mtdmso	12	13	358	521	1.3433605500644608	0.5376056874614351
chr6:34424795	wtdmso	mtdmso	4	1	352	512	5.818181818181818	0.16515923816085387
chr6:34424810	wtdmso	mtdmso	18	27	335	493	0.981094527363184	1.0
chr6:34425182	wtdmso	mtdmso	37	68	287	426	0.8076450092232015	0.3385213723857021
chr6:34425201	wtdmso	mtdmso	40	54	276	427	1.1460010735373054	0.5751425240728365
chr6:34426047	wtdmso	mtdmso	16	21	186	282	1.1551459293394777	0.7285284943080521
chr6:35468854	wtdmso	mtdmso	10	7	276	292	1.5113871635610765	0.4660994555414194
chr6:35468984	wtdmso	mtdmso	22	21	270	284	1.1019400352733686	0.8743993864261115
chr6:35469002	wtdmso	mtdmso	6	6	277	285	1.0288808664259927	1.0
chr6:35469427	wtdmso	mtdmso	5	9	288	287	0.5536265432098766	0.41835942022929795
chr6:35469475	wtdmso	mtdmso	12	3	262	284	4.33587786259542	0.017382894628778282
chr6:35469494	wtdmso	mtdmso	12	5	302	321	2.5509933774834437	0.08685212365601197
chr6:35469512	wtdmso	mtdmso	51	60	231	242	0.8904761904761904	0.599249227363609
chr6:35470295	wtdmso	mtdmso	10	5	300	312	2.08	0.20017577613625015
chr6:35470618	wtdmso	mtdmso	1	1	301	301	1.0	1.0
chr6:35470685	wtdmso	mtdmso	15	14	295	296	1.0750605326876512	1.0
chr6:36684109	wtdmso	mtdmso	5	5	21	42	2.0	0.31397683565522927
chr6:36684132	wtdmso	mtdmso	1	3	24	44	0.6111111111111112	1.0
chr6:36684177	wtdmso	mtdmso	3	3	15	38	2.533333333333333	0.3567443660956227
chr6:36684249	wtdmso	mtdmso	6	7	24	39	1.3928571428571428	0.756525337223563
chr6:36684285	wtdmso	mtdmso	3	3	25	45	1.8	0.6635641907329712
chr6:36684413	wtdmso	mtdmso	5	5	40	42	1.05	1.0
chr6:36684435	wtdmso	mtdmso	11	16	28	29	0.7120535714285714	0.4933136552921259
chr6:36684499	wtdmso	mtdmso	3	3	43	48	1.1162790697674418	1.0
chr6:36684507	wtdmso	mtdmso	3	5	48	46	0.575	0.7152238284056293
chr6:36684533	wtdmso	mtdmso	6	6	38	37	0.9736842105263158	1.0
chr6:36686223	wtdmso	mtdmso	1	4	46	43	0.23369565217391305	0.36133758714403863
chr6:36686308	wtdmso	mtdmso	1	2	62	64	0.5161290322580645	1.0
chr6:36686349	wtdmso	mtdmso	2	6	71	63	0.29577464788732394	0.15741760994062332
chr6:36686385	wtdmso	mtdmso	5	7	65	64	0.7032967032967034	0.7642704959604517
chr6:36686459	wtdmso	mtdmso	4	1	72	73	4.055555555555555	0.3667534127745058
chr6:36686489	wtdmso	mtdmso	4	2	55	45	1.6363636363636365	0.690994801300588
chr6:36686699	wtdmso	mtdmso	13	14	54	46	0.791005291005291	0.6662216379766993
chr6:36686715	wtdmso	mtdmso	6	9	70	66	0.6285714285714286	0.42876161145849434
chr6:36687125	wtdmso	mtdmso	8	7	68	60	1.0084033613445378	1.0
chr6:36687132	wtdmso	mtdmso	9	7	79	69	1.1229656419529837	1.0
chr6:36687165	wtdmso	mtdmso	28	27	46	41	0.9243156199677939	0.8640922228562136
chr6:36687240	wtdmso	mtdmso	4	4	85	67	0.788235294117647	1.0
chr6:36968177	wtdmso	mtdmso	3	4	29	39	1.0086206896551724	1.0
chr6:36968693	wtdmso	mtdmso	3	3	30	36	1.2	1.0
chr6:36968848	wtdmso	mtdmso	2	5	27	25	0.37037037037037035	0.42380990998296975
chr6:36970414	wtdmso	mtdmso	2	4	26	29	0.5576923076923077	0.6780957001062504
chr6:36977690	wtdmso	mtdmso	1	3	26	24	0.3076923076923077	0.6104328523862375
chr6:36978524	wtdmso	mtdmso	1	1	26	25	0.9615384615384616	1.0
chr6:36981638	wtdmso	mtdmso	1	1	19	10	0.5263157894736842	1.0
chr6:41787745	wtdmso	mtdmso	2	1	23	17	1.4782608695652173	1.0
chr6:41789233	wtdmso	mtdmso	3	1	23	15	1.9565217391304348	1.0
chr6:41789252	wtdmso	mtdmso	2	2	8	15	1.875	0.6125356125356125
chr6:41789588	wtdmso	mtdmso	3	5	22	13	0.35454545454545455	0.2472208855765593
chr6:43160867	wtdmso	mtdmso	2	1	18	9	1.0	1.0
chr6:43161074	wtdmso	mtdmso	1	1	10	9	0.9	1.0
chr6:43161140	wtdmso	mtdmso	2	1	22	9	0.8181818181818182	1.0
chr6:44113790	wtdmso	mtdmso	1	1	22	13	0.5909090909090909	1.0
chr6:44113815	wtdmso	mtdmso	16	9	6	3	0.8888888888888888	1.0
chr6:44113852	wtdmso	mtdmso	14	9	8	5	0.9722222222222222	1.0
chr6:44113919	wtdmso	mtdmso	2	1	20	11	1.1	1.0
chr6:44113931	wtdmso	mtdmso	2	3	10	9	0.6	1.0
chr6:44113942	wtdmso	mtdmso	1	1	19	10	0.5263157894736842	1.0
chr6:44114043	wtdmso	mtdmso	1	1	9	11	1.2222222222222223	1.0
chr6:44114137	wtdmso	mtdmso	3	1	19	10	1.5789473684210527	1.0
chr6:44252220	wtdmso	mtdmso	1	2	50	59	0.59	1.0
chr6:44253047	wtdmso	mtdmso	1	5	47	53	0.225531914893617	0.21806731640337437
chr6:44253089	wtdmso	mtdmso	2	3	47	51	0.723404255319149	1.0
chr6:44253107	wtdmso	mtdmso	2	4	17	24	0.7058823529411765	1.0
chr6:44253150	wtdmso	mtdmso	1	1	48	58	1.2083333333333333	1.0
chr6:44253204	wtdmso	mtdmso	8	5	43	50	1.8604651162790697	0.3797023216823079
chr6:44253270	wtdmso	mtdmso	15	12	48	59	1.5364583333333333	0.3898596562308667
chr6:44253519	wtdmso	mtdmso	3	4	75	78	0.78	1.0
chr6:73517539	wtdmso	mtdmso	10	23	2835	2405	0.36883674564833985	0.007842452840746434
chr6:73517566	wtdmso	mtdmso	192	179	2357	1965	0.8942339826927043	0.3028068554068396
chr6:73517574	wtdmso	mtdmso	1	2	2892	2394	0.4139004149377593	0.5932941054938446
chr6:73517648	wtdmso	mtdmso	135	128	2387	2004	0.885460305823209	0.34009282824652515
chr6:73517679	wtdmso	mtdmso	4	6	3114	2601	0.5568400770712909	0.5275248140601081
chr6:73517708	wtdmso	mtdmso	1820	1598	1274	980	0.8760951188986232	0.016489899512896436
chr6:73517749	wtdmso	mtdmso	1746	1539	1483	1186	0.9072963370440036	0.06339705882632506
chr6:73517873	wtdmso	mtdmso	56	52	2720	2328	0.9217194570135746	0.6971554611203588
chr6:73517904	wtdmso	mtdmso	79	56	2545	2202	1.2205865843390402	0.2935816883181189
chr6:73517908	wtdmso	mtdmso	33	29	2602	2260	0.9883643881364468	1.0
chr6:73518043	wtdmso	mtdmso	23	15	2650	2273	1.3151949685534592	0.5140620039118284
chr6:73518250	wtdmso	mtdmso	184	177	2407	2114	0.9130056168566727	0.4115616207617526
chr6:73518387	wtdmso	mtdmso	39	35	2401	2123	0.9852680430772892	1.0
chr6:73518399	wtdmso	mtdmso	410	358	2100	1879	1.0247273210960361	0.7823012168637422
chr6:73518465	wtdmso	mtdmso	148	151	1911	1666	0.8544744438784174	0.20528359457499734
chr6:73518563	wtdmso	mtdmso	3	3	2358	2123	0.9003392705682782	1.0
chr6:73518577	wtdmso	mtdmso	27	27	2112	1895	0.8972537878787878	0.7840943103609593
chr6:73518741	wtdmso	mtdmso	105	81	1805	1657	1.1900071816969324	0.25916072505990956
chr6:73518771	wtdmso	mtdmso	257	220	1783	1648	1.0797328302656402	0.4631579911997716
chr6:73518793	wtdmso	mtdmso	146	113	1992	1839	1.1927977396310907	0.177587970617343
chr6:73518932	wtdmso	mtdmso	5	3	1792	1632	1.5178571428571428	0.7286792337574903
chr6:73518956	wtdmso	mtdmso	117	99	1758	1665	1.1192987899472542	0.4405564090867623
chr6:73519114	wtdmso	mtdmso	4	5	1887	1770	0.7503974562798092	0.7468429279508503
chr6:73519155	wtdmso	mtdmso	1	3	1614	1517	0.31330028913672037	0.3602975919558191
chr6:73519223	wtdmso	mtdmso	228	224	1552	1477	0.9686694587628866	0.7623638943489859
chr6:73519344	wtdmso	mtdmso	17	11	1703	1612	1.4628730048577376	0.348636776030369
chr6:73519358	wtdmso	mtdmso	34	31	1563	1503	1.0546715373661073	0.9004374408054434
chr6:73519370	wtdmso	mtdmso	46	50	1755	1643	0.8612877492877493	0.5346391427646207
chr6:73519378	wtdmso	mtdmso	283	278	1350	1263	0.9523820943245404	0.6088326751680977
chr6:73519398	wtdmso	mtdmso	111	90	1650	1587	1.1862424242424243	0.2456636991227102
chr6:73519416	wtdmso	mtdmso	6	6	1591	1525	0.9585166561910748	1.0
chr6:73519474	wtdmso	mtdmso	87	88	1554	1472	0.9364689364689365	0.6977434356806244
chr6:73519914	wtdmso	mtdmso	145	114	1436	1388	1.2294140644089333	0.11924815684918588
chr6:73519984	wtdmso	mtdmso	31	28	1428	1418	1.0993897559023609	0.7928874821492582
chr6:73520010	wtdmso	mtdmso	92	90	1488	1470	1.0098566308243728	1.0
chr6:73520044	wtdmso	mtdmso	6	17	1456	1460	0.3539107950872657	0.03404848666840961
chr6:73521004	wtdmso	mtdmso	279	319	975	965	0.8656378104653967	0.13439717159185482
chr6:75237815	wtdmso	mtdmso	7	5	51	38	1.0431372549019609	1.0
chr6:75237825	wtdmso	mtdmso	3	3	76	80	1.0526315789473684	1.0
chr6:75237877	wtdmso	mtdmso	4	5	65	71	0.8738461538461538	1.0
chr6:75237929	wtdmso	mtdmso	8	8	77	78	1.0129870129870129	1.0
chr6:75237985	wtdmso	mtdmso	1	5	76	79	0.20789473684210527	0.21261260747443833
chr6:7882198	wtdmso	mtdmso	1	2	28	19	0.3392857142857143	0.5650000000000002
chr6:7882267	wtdmso	mtdmso	2	2	24	18	0.75	1.0
chr6:7882378	wtdmso	mtdmso	10	6	16	15	1.5625	0.5468232862785185
chr6:7882493	wtdmso	mtdmso	3	2	22	16	1.0909090909090908	1.0
chr6:7882526	wtdmso	mtdmso	1	2	13	14	0.5384615384615384	1.0
chr6:7882816	wtdmso	mtdmso	11	13	12	6	0.4230769230769231	0.22141320695378047
chr6:7882850	wtdmso	mtdmso	4	3	19	13	0.9122807017543859	1.0
chr6:7882887	wtdmso	mtdmso	1	3	9	12	0.4444444444444444	0.6264822134387351
chr6:7883034	wtdmso	mtdmso	2	4	9	13	0.7222222222222222	1.0
chr6:7883149	wtdmso	mtdmso	4	9	8	8	0.4444444444444444	0.45149831099487847
chr6:7883189	wtdmso	mtdmso	3	7	9	11	0.5238095238095238	0.6941529235382309
chr6:7884448	wtdmso	mtdmso	1	3	10	13	0.43333333333333335	0.623931623931624
chr6:7889557	wtdmso	mtdmso	3	5	9	7	0.4666666666666667	0.6668461434917217
chr6:7891647	wtdmso	mtdmso	2	2	10	12	1.2	1.0
chr6:7895201	wtdmso	mtdmso	1	3	10	11	0.36666666666666664	0.6043478260869565
chr6:7904627	wtdmso	mtdmso	1	4	11	8	0.18181818181818182	0.3167701863354037
chr6:85494794	wtdmso	mtdmso	4	7	6	7	0.6666666666666666	0.6968299905774669
chr6:85494805	wtdmso	mtdmso	1	1	9	14	1.5555555555555556	1.0
chr6:85494834	wtdmso	mtdmso	3	4	7	11	1.1785714285714286	1.0
chr6:85494842	wtdmso	mtdmso	1	3	10	12	0.4	0.6137123745819397
chr6:85495139	wtdmso	mtdmso	1	2	11	14	0.6363636363636364	1.0
chr6:85495290	wtdmso	mtdmso	1	1	11	12	1.0909090909090908	1.0
chr6:85495674	wtdmso	mtdmso	1	1	26	16	0.6153846153846154	1.0
chr6:85495729	wtdmso	mtdmso	2	1	27	17	1.2592592592592593	1.0
chr6:85677166	wtdmso	mtdmso	7	5	32	38	1.6625	0.5359759660015853
chr6:85677817	wtdmso	mtdmso	5	10	35	30	0.42857142857142855	0.2515406402252843
chr6:85677871	wtdmso	mtdmso	6	8	33	33	0.75	0.7707172421641078
chr6:85678010	wtdmso	mtdmso	8	3	30	40	3.5555555555555554	0.10287684460039553
chr6:89083850	wtdmso	mtdmso	6	9	8	5	0.4166666666666667	0.44948176066765383
chr6:89083867	wtdmso	mtdmso	1	3	13	13	0.3333333333333333	0.6015325670498085
chr6:89083984	wtdmso	mtdmso	2	6	11	10	0.30303030303030304	0.237847742795269
chr6:89084022	wtdmso	mtdmso	3	6	11	10	0.45454545454545453	0.4397201399300349
chr6:89084190	wtdmso	mtdmso	3	5	9	8	0.5333333333333333	0.6727688787185354
chr6:89084246	wtdmso	mtdmso	9	9	2	3	1.5	1.0
chr6:89084595	wtdmso	mtdmso	2	7	9	8	0.25396825396825395	0.21670480549199087
chr6:89084694	wtdmso	mtdmso	2	6	8	8	0.3333333333333333	0.38753533449993277
chr6_GL000250v2_alt:3167772	wtdmso	mtdmso	7	4	18	6	0.5833333333333334	0.6889239138797472
chr6_GL000250v2_alt:3172206	wtdmso	mtdmso	12	2	15	9	3.6	0.15960814315108904
chr6_GL000251v2_alt:4687320	wtdmso	mtdmso	1	2	192	168	0.4375	0.6016119376782526
chr6_GL000251v2_alt:4687326	wtdmso	mtdmso	6	8	201	175	0.6529850746268657	0.5872164649230408
chr6_GL000251v2_alt:4687348	wtdmso	mtdmso	42	33	165	155	1.1955922865013775	0.5223069195359356
chr6_GL000251v2_alt:4687497	wtdmso	mtdmso	1	2	172	161	0.4680232558139535	0.6129626674157016
chr6_GL000251v2_alt:4687509	wtdmso	mtdmso	44	47	143	121	0.7921440261865794	0.39424968128856364
chr6_GL000251v2_alt:4687675	wtdmso	mtdmso	7	5	189	169	1.2518518518518518	0.7756246362126445
chr6_GL000251v2_alt:4687693	wtdmso	mtdmso	1	1	183	166	0.907103825136612	1.0
chr6_GL000251v2_alt:4687899	wtdmso	mtdmso	3	2	123	128	1.5609756097560976	0.6801924840771327
chr6_GL000252v2_alt:2526782	wtdmso	mtdmso	4	4	32	26	0.8125	1.0
chr6_GL000252v2_alt:2526800	wtdmso	mtdmso	1	2	37	31	0.4189189189189189	0.5941037529524977
chr6_GL000252v2_alt:2526825	wtdmso	mtdmso	1	4	36	28	0.19444444444444445	0.1750937156899672
chr6_GL000252v2_alt:2526910	wtdmso	mtdmso	1	1	33	31	0.9393939393939394	1.0
chr6_GL000252v2_alt:2526947	wtdmso	mtdmso	9	4	26	28	2.423076923076923	0.22310661925598166
chr6_GL000252v2_alt:2528108	wtdmso	mtdmso	1	1	18	26	1.4444444444444444	1.0
chr6_GL000252v2_alt:2528146	wtdmso	mtdmso	4	4	25	22	0.88	1.0
chr6_GL000252v2_alt:2528158	wtdmso	mtdmso	1	2	30	25	0.4166666666666667	0.5931099299974073
chr6_GL000252v2_alt:2528258	wtdmso	mtdmso	3	2	24	15	0.9375	1.0
chr6_GL000252v2_alt:4519353	wtdmso	mtdmso	1	1	165	172	1.0424242424242425	1.0
chr6_GL000252v2_alt:4519359	wtdmso	mtdmso	6	11	159	171	0.5866209262435678	0.33041708586258384
chr6_GL000252v2_alt:4519381	wtdmso	mtdmso	39	28	136	158	1.618172268907563	0.0802917415576657
chr6_GL000252v2_alt:4519530	wtdmso	mtdmso	3	2	155	165	1.596774193548387	0.6772446535117786
chr6_GL000252v2_alt:4519542	wtdmso	mtdmso	38	45	112	117	0.8821428571428571	0.7007426133292165
chr6_GL000252v2_alt:4519546	wtdmso	mtdmso	1	1	158	181	1.1455696202531647	1.0
chr6_GL000252v2_alt:4519708	wtdmso	mtdmso	5	6	161	162	0.8385093167701864	1.0
chr6_GL000252v2_alt:4519932	wtdmso	mtdmso	1	3	108	122	0.3765432098765432	0.6253191828151128
chr6_GL000255v2_alt:4470265	wtdmso	mtdmso	4	10	201	165	0.3283582089552239	0.059948048961727604
chr6_GL000255v2_alt:4470287	wtdmso	mtdmso	49	31	161	160	1.5708274894810659	0.0809272575564347
chr6_GL000255v2_alt:4470436	wtdmso	mtdmso	2	2	196	161	0.8214285714285714	1.0
chr6_GL000255v2_alt:4470448	wtdmso	mtdmso	51	51	134	125	0.9328358208955224	0.8154130203312673
chr6_GL000255v2_alt:4470614	wtdmso	mtdmso	8	6	195	170	1.1623931623931625	1.0
chr6_GL000255v2_alt:4470838	wtdmso	mtdmso	4	1	133	115	3.4586466165413534	0.37872981378957477
chr7:100089029	wtdmso	mtdmso	6	2	23	15	1.9565217391304348	0.6905203356657152
chr7:100089318	wtdmso	mtdmso	1	3	34	28	0.27450980392156865	0.3345959595959596
chr7:100089665	wtdmso	mtdmso	9	11	28	19	0.5551948051948052	0.2962331245680356
chr7:100090467	wtdmso	mtdmso	1	1	31	26	0.8387096774193549	1.0
chr7:100090631	wtdmso	mtdmso	2	3	33	29	0.5858585858585859	0.6638601862482462
chr7:100090639	wtdmso	mtdmso	4	3	30	13	0.5777777777777777	0.6657063565481698
chr7:100091061	wtdmso	mtdmso	2	2	31	9	0.2903225806451613	0.2564621991734867
chr7:100091143	wtdmso	mtdmso	9	12	31	18	0.43548387096774194	0.125013237460612
chr7:100091244	wtdmso	mtdmso	9	5	29	14	0.8689655172413793	1.0
chr7:100091712	wtdmso	mtdmso	8	4	32	28	1.75	0.5292233974453919
chr7:100091724	wtdmso	mtdmso	6	9	35	23	0.4380952380952381	0.24270724093412843
chr7:100091813	wtdmso	mtdmso	7	5	25	14	0.784	0.7431933212532933
chr7:100673868	wtdmso	mtdmso	1	3	55	49	0.296969696969697	0.3499872646407649
chr7:100676311	wtdmso	mtdmso	2	3	72	60	0.5555555555555556	0.661101511492952
chr7:100676556	wtdmso	mtdmso	4	2	73	73	2.0	0.6813350434622492
chr7:100676567	wtdmso	mtdmso	2	2	61	60	0.9836065573770492	1.0
chr7:100676708	wtdmso	mtdmso	3	6	73	65	0.4452054794520548	0.31473363881509264
chr7:100676734	wtdmso	mtdmso	6	4	67	64	1.4328358208955223	0.7464184168804272
chr7:100676743	wtdmso	mtdmso	3	2	79	72	1.3670886075949367	1.0
chr7:100676788	wtdmso	mtdmso	6	7	64	58	0.7767857142857143	0.773690644304819
chr7:100677395	wtdmso	mtdmso	1	1	66	64	0.9696969696969697	1.0
chr7:100677558	wtdmso	mtdmso	21	17	63	61	1.196078431372549	0.7117572292179344
chr7:100677582	wtdmso	mtdmso	10	8	62	56	1.1290322580645162	1.0
chr7:100677781	wtdmso	mtdmso	2	1	76	75	1.9736842105263157	1.0
chr7:100678108	wtdmso	mtdmso	1	2	66	62	0.4696969696969697	0.6135301588168621
chr7:100678497	wtdmso	mtdmso	1	1	83	74	0.891566265060241	1.0
chr7:100678775	wtdmso	mtdmso	14	28	86	75	0.436046511627907	0.024347755107568085
chr7:100678796	wtdmso	mtdmso	24	23	79	77	1.0170610897083103	1.0
chr7:100679102	wtdmso	mtdmso	14	8	87	99	1.9913793103448276	0.17632845597609786
chr7:101127210	wtdmso	mtdmso	15	11	95	54	0.7751196172248804	0.6607075784202807
chr7:101127237	wtdmso	mtdmso	13	6	86	48	1.2093023255813953	0.8021891587677501
chr7:101128502	wtdmso	mtdmso	6	7	105	57	0.46530612244897956	0.2324745135606082
chr7:101128547	wtdmso	mtdmso	9	4	95	55	1.3026315789473684	0.771114693494181
chr7:101130591	wtdmso	mtdmso	16	7	119	64	1.2292917166866746	0.8170532822278764
chr7:101130630	wtdmso	mtdmso	13	6	112	67	1.2961309523809523	0.8033455438648416
chr7:101130641	wtdmso	mtdmso	4	3	139	78	0.7482014388489209	0.7054498744037431
chr7:101131910	wtdmso	mtdmso	8	4	121	64	1.0578512396694215	1.0
chr7:101131918	wtdmso	mtdmso	1	7	156	71	0.06501831501831502	0.002142793951605551
chr7:101133737	wtdmso	mtdmso	34	22	149	72	0.7467968273337401	0.3476345376585309
chr7:101133754	wtdmso	mtdmso	17	6	132	70	1.5025252525252526	0.49087819817605366
chr7:101133861	wtdmso	mtdmso	15	8	181	96	0.994475138121547	1.0
chr7:101135506	wtdmso	mtdmso	8	2	177	97	2.1920903954802258	0.5022422218447565
chr7:101135537	wtdmso	mtdmso	2	4	215	103	0.23953488372093024	0.09508264795269125
chr7:101135548	wtdmso	mtdmso	2	7	212	103	0.13881401617250674	0.008434627046005234
chr7:101135562	wtdmso	mtdmso	5	4	199	103	0.6469849246231156	0.5001433871053809
chr7:101135576	wtdmso	mtdmso	12	5	201	102	1.217910447761194	0.797997528605457
chr7:101137045	wtdmso	mtdmso	6	6	206	101	0.49029126213592233	0.22690753926763552
chr7:101137049	wtdmso	mtdmso	3	2	196	91	0.6964285714285714	0.6550712867953841
chr7:101137406	wtdmso	mtdmso	13	4	220	110	1.625	0.5971717543022366
chr7:101137435	wtdmso	mtdmso	4	3	231	112	0.6464646464646465	0.6878913785639351
chr7:101137441	wtdmso	mtdmso	4	2	241	121	1.004149377593361	1.0
chr7:101137469	wtdmso	mtdmso	10	5	180	94	1.0444444444444445	1.0
chr7:101137474	wtdmso	mtdmso	7	6	235	110	0.5460992907801419	0.3649185764310688
chr7:101137530	wtdmso	mtdmso	119	68	130	55	0.7403846153846154	0.18705262599787886
chr7:101137552	wtdmso	mtdmso	38	29	202	101	0.6551724137931034	0.1568616236059265
chr7:101137598	wtdmso	mtdmso	10	7	234	110	0.6715506715506715	0.4347693005163048
chr7:101137619	wtdmso	mtdmso	52	37	179	85	0.6673712818964216	0.12233592167480142
chr7:101137632	wtdmso	mtdmso	11	6	250	121	0.8873333333333333	0.7965447134475075
chr7:101137720	wtdmso	mtdmso	16	13	230	115	0.6153846153846154	0.22526071793106645
chr7:101137772	wtdmso	mtdmso	1	3	229	113	0.16448326055312956	0.11153553273132652
chr7:101137806	wtdmso	mtdmso	79	47	186	83	0.7500571951498513	0.20853152551946585
chr7:101137845	wtdmso	mtdmso	28	19	231	117	0.7464114832535885	0.4137351646050635
chr7:101137911	wtdmso	mtdmso	2	3	288	140	0.32407407407407407	0.33739330854818866
chr7:101138067	wtdmso	mtdmso	1	1	295	146	0.49491525423728816	0.5540483948397904
chr7:101138100	wtdmso	mtdmso	13	9	292	143	0.7073820395738204	0.48833543510445265
chr7:101138270	wtdmso	mtdmso	49	28	247	119	0.8431174089068826	0.5088305146804053
chr7:101138297	wtdmso	mtdmso	5	7	118	56	0.3389830508474576	0.11013225577800456
chr7:101138471	wtdmso	mtdmso	1	1	45	9	0.2	0.3279220779220779
chr7:101138527	wtdmso	mtdmso	1	1	48	21	0.4375	0.5267605633802817
chr7:101138598	wtdmso	mtdmso	6	1	24	9	2.25	0.6560329679524726
chr7:101138608	wtdmso	mtdmso	3	3	45	19	0.4222222222222222	0.36988104082046125
chr7:101138613	wtdmso	mtdmso	10	7	55	23	0.5974025974025974	0.3934827832054349
chr7:101138634	wtdmso	mtdmso	3	1	62	28	1.3548387096774193	1.0
chr7:101138653	wtdmso	mtdmso	7	3	63	26	0.9629629629629629	1.0
chr7:101138698	wtdmso	mtdmso	3	2	63	21	0.5	0.6006383595579823
chr7:101206152	wtdmso	mtdmso	4	8	7	9	0.6428571428571429	0.70465293668955
chr7:101206887	wtdmso	mtdmso	1	6	9	13	0.24074074074074073	0.36673970706954206
chr7:101208918	wtdmso	mtdmso	1	2	9	16	0.8888888888888888	1.0
chr7:101218210	wtdmso	mtdmso	1	2	21	43	1.0238095238095237	1.0
chr7:101222708	wtdmso	mtdmso	1	2	25	49	0.98	1.0
chr7:101222721	wtdmso	mtdmso	3	2	25	48	2.88	0.3436056593951331
chr7:101223673	wtdmso	mtdmso	2	4	26	53	1.0192307692307692	1.0
chr7:101223697	wtdmso	mtdmso	1	1	25	54	2.16	0.5416666666666669
chr7:101223825	wtdmso	mtdmso	3	2	22	47	3.2045454545454546	0.32806142047893916
chr7:101223949	wtdmso	mtdmso	9	16	17	35	1.1580882352941178	0.8011399968156957
chr7:101224013	wtdmso	mtdmso	2	6	19	43	0.7543859649122807	1.0
chr7:101224053	wtdmso	mtdmso	3	2	10	50	7.5	0.0505700561557251
chr7:101224086	wtdmso	mtdmso	5	6	22	47	1.7803030303030303	0.49438172715305284
chr7:101224129	wtdmso	mtdmso	5	8	19	45	1.480263157894737	0.5289349589733693
chr7:101239832	wtdmso	mtdmso	1	1	9	9	1.0	1.0
chr7:101239850	wtdmso	mtdmso	5	4	6	7	1.4583333333333333	1.0
chr7:101239898	wtdmso	mtdmso	2	6	8	4	0.16666666666666666	0.16980233388902116
chr7:101240175	wtdmso	mtdmso	2	4	9	7	0.3888888888888889	0.6351172047766476
chr7:101240842	wtdmso	mtdmso	2	2	9	9	1.0	1.0
chr7:10933466	wtdmso	mtdmso	12	10	33	28	1.018181818181818	1.0
chr7:10938113	wtdmso	mtdmso	3	2	57	51	1.3421052631578947	1.0
chr7:10938117	wtdmso	mtdmso	2	3	63	53	0.5608465608465608	0.6616211970150156
chr7:10938868	wtdmso	mtdmso	12	11	49	46	1.0241187384044528	1.0
chr7:10940058	wtdmso	mtdmso	1	2	61	52	0.4262295081967213	0.5971198611220706
chr7:10940071	wtdmso	mtdmso	1	3	55	46	0.2787878787878788	0.33699424504678643
chr7:127589514	wtdmso	mtdmso	13	6	34	38	2.4215686274509802	0.1251295895486697
chr7:127589550	wtdmso	mtdmso	4	3	43	39	1.2093023255813953	1.0
chr7:127589586	wtdmso	mtdmso	4	4	40	38	0.95	1.0
chr7:127590093	wtdmso	mtdmso	1	1	45	44	0.9777777777777777	1.0
chr7:127590124	wtdmso	mtdmso	7	4	41	44	1.8780487804878048	0.5234626898720454
chr7:127591017	wtdmso	mtdmso	1	2	45	38	0.4222222222222222	0.5954660934141098
chr7:127591049	wtdmso	mtdmso	11	6	38	42	2.026315789473684	0.28586978535134977
chr7:127591053	wtdmso	mtdmso	2	1	37	37	2.0	1.0
chr7:127591267	wtdmso	mtdmso	9	4	34	41	2.713235294117647	0.13950578333738753
chr7:127591354	wtdmso	mtdmso	2	3	41	35	0.5691056910569106	0.6613902194070971
chr7:127591367	wtdmso	mtdmso	7	6	41	41	1.1666666666666667	1.0
chr7:127591515	wtdmso	mtdmso	2	9	43	33	0.17054263565891473	0.023426560290683025
chr7:128091996	wtdmso	mtdmso	5	1	32	21	3.28125	0.39583397418150856
chr7:128092014	wtdmso	mtdmso	2	3	37	20	0.36036036036036034	0.35034172451190704
chr7:128092224	wtdmso	mtdmso	1	1	41	23	0.5609756097560976	1.0
chr7:128092367	wtdmso	mtdmso	6	6	34	19	0.5588235294117647	0.5125449383926276
chr7:128092438	wtdmso	mtdmso	6	3	34	19	1.1176470588235294	1.0
chr7:128862947	wtdmso	mtdmso	2	2	24	16	0.6666666666666666	1.0
chr7:128862955	wtdmso	mtdmso	4	2	23	16	1.391304347826087	1.0
chr7:128862995	wtdmso	mtdmso	4	2	23	16	1.391304347826087	1.0
chr7:128865525	wtdmso	mtdmso	5	10	22	17	0.38636363636363635	0.22377788215289693
chr7:128865581	wtdmso	mtdmso	7	14	22	12	0.2727272727272727	0.029452804306714007
chr7:128865748	wtdmso	mtdmso	6	8	25	25	0.75	0.765259506615355
chr7:128865760	wtdmso	mtdmso	4	3	21	10	0.6349206349206349	0.6716278972470924
chr7:134442410	wtdmso	mtdmso	9	12	27	27	0.75	0.6158891926264172
chr7:134442420	wtdmso	mtdmso	3	1	38	41	3.236842105263158	0.35966086568496203
chr7:134442477	wtdmso	mtdmso	2	4	32	37	0.578125	0.6832062844796782
chr7:134442625	wtdmso	mtdmso	8	2	11	18	6.545454545454546	0.030950305143853524
chr7:134442697	wtdmso	mtdmso	1	2	24	42	0.875	1.0
chr7:134445261	wtdmso	mtdmso	10	16	17	26	0.9558823529411765	1.0
chr7:134445286	wtdmso	mtdmso	3	2	34	41	1.8088235294117647	0.6581072990966395
chr7:134445305	wtdmso	mtdmso	20	24	14	15	0.8928571428571429	1.0
chr7:134445312	wtdmso	mtdmso	1	1	34	44	1.2941176470588236	1.0
chr7:134447304	wtdmso	mtdmso	1	3	33	39	0.3939393939393939	0.6235148775307391
chr7:134447326	wtdmso	mtdmso	7	11	16	31	1.2329545454545454	0.7758942961637398
chr7:134447352	wtdmso	mtdmso	5	4	34	35	1.286764705882353	1.0
chr7:134448046	wtdmso	mtdmso	1	1	22	34	1.5454545454545454	1.0
chr7:134448423	wtdmso	mtdmso	1	1	30	28	0.9333333333333333	1.0
chr7:134449744	wtdmso	mtdmso	5	11	18	26	0.6565656565656566	0.561112136054607
chr7:134450850	wtdmso	mtdmso	3	1	29	27	2.793103448275862	0.6155157033436893
chr7:134451734	wtdmso	mtdmso	7	4	24	23	1.6770833333333333	0.5180542922233442
chr7:140696756	wtdmso	mtdmso	2	1	13	10	1.5384615384615385	1.0
chr7:140702955	wtdmso	mtdmso	3	6	11	7	0.3181818181818182	0.23646071700991617
chr7:140704929	wtdmso	mtdmso	1	1	15	12	0.8	1.0
chr7:140704942	wtdmso	mtdmso	1	1	16	12	0.75	1.0
chr7:143381357	wtdmso	mtdmso	1	1	9	19	2.111111111111111	1.0
chr7:143382653	wtdmso	mtdmso	1	2	13	53	2.0384615384615383	0.4992747261136771
chr7:143382658	wtdmso	mtdmso	1	2	26	55	1.0576923076923077	1.0
chr7:143383022	wtdmso	mtdmso	2	3	33	63	1.2727272727272727	1.0
chr7:143383106	wtdmso	mtdmso	2	10	37	56	0.3027027027027027	0.20296953636654125
chr7:143383311	wtdmso	mtdmso	2	4	38	72	0.9473684210526315	1.0
chr7:143388248	wtdmso	mtdmso	6	7	34	68	1.7142857142857142	0.37022775820502885
chr7:143388281	wtdmso	mtdmso	3	4	36	72	1.5	0.6875445454256642
chr7:143388489	wtdmso	mtdmso	9	4	32	76	5.34375	0.009905010138052896
chr7:143389948	wtdmso	mtdmso	11	12	34	69	1.8602941176470589	0.22949581837490424
chr7:143390578	wtdmso	mtdmso	4	5	45	76	1.3511111111111112	0.7284176511578708
chr7:143390688	wtdmso	mtdmso	7	10	47	77	1.146808510638298	0.7958630775521667
chr7:143390727	wtdmso	mtdmso	7	6	40	73	2.129166666666667	0.23148479542363096
chr7:143390742	wtdmso	mtdmso	1	1	55	85	1.5454545454545454	1.0
chr7:143390824	wtdmso	mtdmso	4	4	52	85	1.6346153846153846	0.7110345627341024
chr7:143390831	wtdmso	mtdmso	6	11	50	77	0.84	0.7979003347645588
chr7:143391038	wtdmso	mtdmso	2	4	43	57	0.6627906976744186	1.0
chr7:151081098	wtdmso	mtdmso	7	7	45	39	0.8666666666666667	1.0
chr7:151081117	wtdmso	mtdmso	1	4	58	54	0.23275862068965517	0.20662779570051598
chr7:151081201	wtdmso	mtdmso	6	4	40	46	1.725	0.5126366607385008
chr7:151081223	wtdmso	mtdmso	11	7	43	40	1.4617940199335548	0.6041320198201543
chr7:151081337	wtdmso	mtdmso	4	2	53	40	1.509433962264151	1.0
chr7:151081396	wtdmso	mtdmso	19	25	18	11	0.46444444444444444	0.15254240704864247
chr7:151081405	wtdmso	mtdmso	28	26	36	32	0.9572649572649573	1.0
chr7:151081507	wtdmso	mtdmso	34	24	20	19	1.3458333333333334	0.5348277456712951
chr7:151081619	wtdmso	mtdmso	3	2	48	42	1.3125	1.0
chr7:151081826	wtdmso	mtdmso	1	4	56	45	0.20089285714285715	0.17930496278717778
chr7:151081878	wtdmso	mtdmso	9	7	42	42	1.2857142857142858	0.7866300844295873
chr7:151082273	wtdmso	mtdmso	9	2	38	36	4.2631578947368425	0.10146300617760581
chr7:151082338	wtdmso	mtdmso	1	3	46	38	0.2753623188405797	0.334773509899695
chr7:151082352	wtdmso	mtdmso	1	1	47	44	0.9361702127659575	1.0
chr7:151082427	wtdmso	mtdmso	8	7	42	33	0.8979591836734694	1.0
chr7:151082450	wtdmso	mtdmso	4	2	38	35	1.8421052631578947	0.6790950555107783
chr7:22813023	wtdmso	mtdmso	2	1	12	10	1.6666666666666667	1.0
chr7:22818013	wtdmso	mtdmso	2	2	50	28	0.56	0.6209392473671572
chr7:2380328	wtdmso	mtdmso	2	1	8	15	3.75	0.5384615384615385
chr7:2380368	wtdmso	mtdmso	4	5	6	10	1.3333333333333333	1.0
chr7:2380486	wtdmso	mtdmso	1	1	9	12	1.3333333333333333	1.0
chr7:2380598	wtdmso	mtdmso	1	8	9	6	0.08333333333333333	0.03333985976333533
chr7:2380713	wtdmso	mtdmso	2	3	10	11	0.7333333333333333	1.0
chr7:25122955	wtdmso	mtdmso	2	3	10	7	0.4666666666666667	0.6240601503759399
chr7:25123360	wtdmso	mtdmso	1	2	25	9	0.18	0.20527670527670527
chr7:25123551	wtdmso	mtdmso	6	1	18	10	3.3333333333333335	0.391627952627102
chr7:25123594	wtdmso	mtdmso	1	3	14	8	0.19047619047619047	0.27892976588628765
chr7:25123654	wtdmso	mtdmso	4	1	22	10	1.8181818181818181	1.0
chr7:25123737	wtdmso	mtdmso	1	1	25	11	0.44	0.5376955903271694
chr7:260614	wtdmso	mtdmso	5	8	5	3	0.375	0.3869969040247678
chr7:30601076	wtdmso	mtdmso	1	2	20	12	0.3	0.5508021390374331
chr7:30609591	wtdmso	mtdmso	1	1	21	13	0.6190476190476191	1.0
chr7:30609607	wtdmso	mtdmso	2	1	9	13	2.888888888888889	0.5647826086956521
chr7:30616054	wtdmso	mtdmso	14	7	14	11	1.5714285714285714	0.5510206910943976
chr7:30617246	wtdmso	mtdmso	3	5	20	9	0.27	0.21523382965508203
chr7:30622342	wtdmso	mtdmso	1	1	26	14	0.5384615384615384	1.0
chr7:30626249	wtdmso	mtdmso	5	1	32	20	3.125	0.40201764243814725
chr7:30628587	wtdmso	mtdmso	4	1	35	20	2.2857142857142856	0.6485973115137348
chr7:30628629	wtdmso	mtdmso	23	4	14	16	6.571428571428571	0.004796695986640918
chr7:30628659	wtdmso	mtdmso	7	2	29	20	2.413793103448276	0.45935164722275634
chr7:30628666	wtdmso	mtdmso	2	1	34	20	1.1764705882352942	1.0
chr7:30632257	wtdmso	mtdmso	5	6	31	13	0.34946236559139787	0.16069945193363416
chr7:30632323	wtdmso	mtdmso	14	7	25	12	0.96	1.0
chr7:30632360	wtdmso	mtdmso	7	5	30	17	0.7933333333333333	0.7477258359121552
chr7:30632366	wtdmso	mtdmso	4	1	28	17	2.4285714285714284	0.6418282391587531
chr7:30632375	wtdmso	mtdmso	5	5	35	18	0.5142857142857142	0.475714374167504
chr7:30632405	wtdmso	mtdmso	8	2	26	19	2.923076923076923	0.2865868520206747
chr7:30632411	wtdmso	mtdmso	5	2	29	21	1.8103448275862069	0.6893483507187579
chr7:30633762	wtdmso	mtdmso	4	5	29	18	0.496551724137931	0.4636839815752135
chr7:30633830	wtdmso	mtdmso	13	7	23	10	0.8074534161490683	0.7678190695139062
chr7:30633862	wtdmso	mtdmso	4	5	31	14	0.36129032258064514	0.25139971647572923
chr7:30633940	wtdmso	mtdmso	1	1	40	20	0.5	1.0
chr7:30633964	wtdmso	mtdmso	13	8	25	12	0.78	0.7757515710919575
chr7:43866569	wtdmso	mtdmso	1	1	14	17	1.2142857142857142	1.0
chr7:43866605	wtdmso	mtdmso	7	5	12	14	1.6333333333333333	0.7281063043020775
chr7:43866696	wtdmso	mtdmso	2	2	19	16	0.8421052631578947	1.0
chr7:43866963	wtdmso	mtdmso	3	4	19	15	0.5921052631578947	0.6847142639825565
chr7:43869039	wtdmso	mtdmso	2	1	18	13	1.4444444444444444	1.0
chr7:43869072	wtdmso	mtdmso	5	2	24	25	2.6041666666666665	0.4239355261830289
chr7:44796707	wtdmso	mtdmso	1	2	250	375	0.75	1.0
chr7:44799256	wtdmso	mtdmso	6	9	135	213	1.0518518518518518	1.0
chr7:44799708	wtdmso	mtdmso	8	11	284	430	1.1011523687580025	0.8174269030123351
chr7:44799771	wtdmso	mtdmso	19	41	272	399	0.6797883787661406	0.21548710374783095
chr7:44799823	wtdmso	mtdmso	8	13	266	409	0.9462116830537883	1.0
chr7:44799866	wtdmso	mtdmso	2	3	222	343	1.03003003003003	1.0
chr7:44801377	wtdmso	mtdmso	4	2	304	454	2.986842105263158	0.22727472450878877
chr7:44801402	wtdmso	mtdmso	68	120	245	344	0.7956462585034013	0.20067934656659175
chr7:44801409	wtdmso	mtdmso	17	17	235	363	1.5446808510638297	0.27970238404869646
chr7:44801427	wtdmso	mtdmso	18	34	295	437	0.784247258225324	0.4658606978264562
chr7:44801616	wtdmso	mtdmso	8	16	262	394	0.7519083969465649	0.6718478693410168
chr7:48090205	wtdmso	mtdmso	14	3	68	22	1.5098039215686274	0.7568583239465083
chr7:48090263	wtdmso	mtdmso	3	1	89	24	0.8089887640449438	1.0
chr7:48090280	wtdmso	mtdmso	10	4	80	20	0.625	0.4888401791340689
chr7:48090293	wtdmso	mtdmso	12	1	78	21	3.230769230769231	0.4578415498776637
chr7:48106977	wtdmso	mtdmso	5	2	81	22	0.6790123456790124	0.6454090162828812
chr7:48107052	wtdmso	mtdmso	5	3	85	22	0.43137254901960786	0.36842341596686623
chr7:48107070	wtdmso	mtdmso	12	5	81	19	0.562962962962963	0.3380886672317751
chr7:48107405	wtdmso	mtdmso	1	3	89	18	0.06741573033707865	0.02098595676577328
chr7:48108244	wtdmso	mtdmso	17	5	69	19	0.936231884057971	1.0
chr7:48108259	wtdmso	mtdmso	2	3	86	19	0.14728682170542637	0.05364075789497904
chr7:48108392	wtdmso	mtdmso	35	6	45	13	1.6851851851851851	0.43948241194889814
chr7:54752368	wtdmso	mtdmso	8	3	28	20	1.9047619047619047	0.5017005112420201
chr7:5527180	wtdmso	mtdmso	13	6	629	471	1.62241653418124	0.36021776687305235
chr7:5527187	wtdmso	mtdmso	113	112	563	361	0.6469328850545547	0.004053063048943284
chr7:5527532	wtdmso	mtdmso	315	243	391	271	0.8984560007577911	0.3827435859724134
chr7:5527583	wtdmso	mtdmso	31	24	692	513	0.9575505780346821	0.8898547895860354
chr7:5527601	wtdmso	mtdmso	80	71	625	450	0.8112676056338028	0.25320870026980735
chr7:5527616	wtdmso	mtdmso	34	36	570	389	0.644541910331384	0.07929539039507223
chr7:5527700	wtdmso	mtdmso	32	23	622	450	1.0065706696490984	1.0
chr7:5527705	wtdmso	mtdmso	5	2	564	428	1.8971631205673758	0.7052265167261185
chr7:5527710	wtdmso	mtdmso	12	16	561	407	0.5441176470588235	0.1232379287000063
chr7:5527736	wtdmso	mtdmso	86	61	577	428	1.0457709463874763	0.8583161330059803
chr7:5527742	wtdmso	mtdmso	192	200	322	189	0.5634782608695652	2.621051548261453e-05
chr7:5528112	wtdmso	mtdmso	3	1	556	418	2.2553956834532376	0.639504614377695
chr7:5528124	wtdmso	mtdmso	11	12	511	384	0.6888454011741683	0.39999645085061375
chr7:5528158	wtdmso	mtdmso	3	1	554	415	2.247292418772563	0.6398755606997366
chr7:5528417	wtdmso	mtdmso	26	26	511	366	0.7162426614481409	0.2505928670037306
chr7:5528450	wtdmso	mtdmso	13	10	516	377	0.9498062015503876	1.0
chr7:5528522	wtdmso	mtdmso	17	9	473	356	1.4216584449142589	0.42875124382492846
chr7:5528526	wtdmso	mtdmso	66	52	457	311	0.8637434775290355	0.48245201026448825
chr7:5528531	wtdmso	mtdmso	22	17	482	344	0.923602636075177	0.8685560654820461
chr7:5528546	wtdmso	mtdmso	16	17	470	329	0.6588235294117647	0.28024866716499014
chr7:5528621	wtdmso	mtdmso	204	154	284	196	0.9142125480153649	0.5711565395856911
chr7:5528706	wtdmso	mtdmso	8	5	452	334	1.1823008849557521	1.0
chr7:5529165	wtdmso	mtdmso	37	28	357	270	0.9993997599039616	1.0
chr7:5529191	wtdmso	mtdmso	10	7	464	336	1.0344827586206897	1.0
chr7:5529207	wtdmso	mtdmso	24	21	455	318	0.7987441130298273	0.5340516434794202
chr7:5592856	wtdmso	mtdmso	5	2	51	50	2.450980392156863	0.43974881572572433
chr7:5592884	wtdmso	mtdmso	6	8	50	43	0.645	0.5688951322962204
chr7:5593170	wtdmso	mtdmso	2	5	62	52	0.33548387096774196	0.25218111414794636
chr7:5593285	wtdmso	mtdmso	1	5	68	57	0.1676470588235294	0.10046171365326732
chr7:5593432	wtdmso	mtdmso	3	2	66	56	1.2727272727272727	1.0
chr7:5593483	wtdmso	mtdmso	7	11	53	52	0.6243567753001715	0.44772836010156514
chr7:5603262	wtdmso	mtdmso	1	1	75	50	0.6666666666666666	1.0
chr7:5603300	wtdmso	mtdmso	3	3	85	76	0.8941176470588236	1.0
chr7:5603515	wtdmso	mtdmso	2	2	81	77	0.9506172839506173	1.0
chr7:5603530	wtdmso	mtdmso	4	4	74	74	1.0	1.0
chr7:5603571	wtdmso	mtdmso	3	4	88	79	0.6732954545454546	0.7103745162955089
chr7:5603610	wtdmso	mtdmso	5	4	75	64	1.0666666666666667	1.0
chr7:5603865	wtdmso	mtdmso	3	3	78	68	0.8717948717948718	1.0
chr7:5605271	wtdmso	mtdmso	1	2	97	68	0.35051546391752575	0.5713693095736239
chr7:5605304	wtdmso	mtdmso	5	5	100	88	0.88	1.0
chr7:5605340	wtdmso	mtdmso	22	18	81	63	0.9506172839506173	1.0
chr7:5605441	wtdmso	mtdmso	1	1	110	92	0.8363636363636363	1.0
chr7:5605448	wtdmso	mtdmso	3	4	104	86	0.6201923076923077	0.7044404680514877
chr7:5605590	wtdmso	mtdmso	8	8	102	89	0.8725490196078431	0.8009350783485616
chr7:5605637	wtdmso	mtdmso	56	49	47	35	0.851063829787234	0.6572850522253162
chr7:5605770	wtdmso	mtdmso	2	4	111	94	0.42342342342342343	0.4195877979339653
chr7:5605851	wtdmso	mtdmso	24	23	104	92	0.9230769230769231	0.8712902238323577
chr7:5605956	wtdmso	mtdmso	2	2	114	95	0.8333333333333334	1.0
chr7:5605994	wtdmso	mtdmso	14	16	110	97	0.7715909090909091	0.5604588317950934
chr7:5606202	wtdmso	mtdmso	19	26	98	70	0.521978021978022	0.06399216982932387
chr7:5606219	wtdmso	mtdmso	3	8	114	99	0.3256578947368421	0.12280842435463703
chr7:5606585	wtdmso	mtdmso	6	4	131	118	1.3511450381679388	0.7533367825917678
chr7:5606614	wtdmso	mtdmso	21	15	116	100	1.206896551724138	0.7183798495881955
chr7:5606637	wtdmso	mtdmso	25	18	70	58	1.1507936507936507	0.7259178613373742
chr7:56101635	wtdmso	mtdmso	5	2	117	115	2.4572649572649574	0.4468826823975749
chr7:56101665	wtdmso	mtdmso	28	16	97	93	1.6778350515463918	0.17930622422913145
chr7:56101807	wtdmso	mtdmso	15	10	128	115	1.34765625	0.5331652601061102
chr7:56102885	wtdmso	mtdmso	1	2	138	124	0.4492753623188406	0.6059238630656953
chr7:56102931	wtdmso	mtdmso	14	20	125	108	0.6048	0.20044712764027292
chr7:56104238	wtdmso	mtdmso	3	5	101	92	0.5465346534653466	0.48607113358333653
chr7:6391995	wtdmso	mtdmso	4	1	10	17	6.8	0.14196329254727474
chr7:6401921	wtdmso	mtdmso	3	3	30	21	0.7	0.6887720025753788
chr7:6401926	wtdmso	mtdmso	2	1	32	23	1.4375	1.0
chr7:6401981	wtdmso	mtdmso	3	2	31	22	1.064516129032258	1.0
chr7:6402483	wtdmso	mtdmso	2	3	26	33	0.8461538461538461	1.0
chr7:6402609	wtdmso	mtdmso	4	1	23	21	3.652173913043478	0.3621977005418263
chr7:6403082	wtdmso	mtdmso	7	3	5	8	3.7333333333333334	0.21375689864046304
chr7:6403393	wtdmso	mtdmso	2	3	27	8	0.19753086419753085	0.11705328810591971
chr7:6403631	wtdmso	mtdmso	4	6	25	6	0.16	0.040208136475976076
chr7:6403678	wtdmso	mtdmso	5	1	26	9	1.7307692307692308	1.0
chr7:6403809	wtdmso	mtdmso	1	1	33	11	0.3333333333333333	0.4579710144927537
chr7:6403835	wtdmso	mtdmso	2	1	30	11	0.7333333333333333	1.0
chr7:6461199	wtdmso	mtdmso	4	10	6	6	0.4	0.42164490510162866
chr7:6461234	wtdmso	mtdmso	2	2	8	15	1.875	0.6125356125356125
chr7:6461629	wtdmso	mtdmso	1	4	10	13	0.325	0.6194546194546195
chr7:6461990	wtdmso	mtdmso	3	5	14	14	0.6	0.6951494927023292
chr7:6462042	wtdmso	mtdmso	1	1	15	16	1.0666666666666667	1.0
chr7:6462315	wtdmso	mtdmso	3	6	9	12	0.6666666666666666	0.7035636028139777
chr7:6462434	wtdmso	mtdmso	4	2	7	12	3.4285714285714284	0.35
chr7:6462792	wtdmso	mtdmso	4	2	36	22	1.2222222222222223	1.0
chr7:6462907	wtdmso	mtdmso	4	1	34	23	2.7058823529411766	0.6401892628065946
chr7:6463038	wtdmso	mtdmso	3	2	51	41	1.2058823529411764	1.0
chr7:6463043	wtdmso	mtdmso	5	3	40	21	0.875	1.0
chr7:6463096	wtdmso	mtdmso	12	10	32	23	0.8625	0.8031907491848984
chr7:6466096	wtdmso	mtdmso	2	2	46	39	0.8478260869565217	1.0
chr7:6484038	wtdmso	mtdmso	3	2	26	26	1.5	1.0
chr7:6484052	wtdmso	mtdmso	7	3	35	32	2.1333333333333333	0.3322624320456964
chr7:74196407	wtdmso	mtdmso	1	1	11	15	1.3636363636363635	1.0
chr7:74196428	wtdmso	mtdmso	2	3	21	13	0.4126984126984127	0.6308859466754203
chr7:74196473	wtdmso	mtdmso	1	4	12	13	0.2708333333333333	0.35486225141397554
chr7:74196772	wtdmso	mtdmso	4	4	19	15	0.7894736842105263	1.0
chr7:74196858	wtdmso	mtdmso	1	1	11	17	1.5454545454545454	1.0
chr7:74196974	wtdmso	mtdmso	1	3	24	18	0.25	0.31795201764868103
chr7:76054830	wtdmso	mtdmso	1	5	51	58	0.22745098039215686	0.21947333293296317
chr7:76054899	wtdmso	mtdmso	4	10	33	27	0.32727272727272727	0.136053738148602
chr7:76054922	wtdmso	mtdmso	6	9	47	55	0.7801418439716312	0.7839308083124992
chr7:76057425	wtdmso	mtdmso	20	16	37	45	1.5202702702702702	0.3229469392494734
chr7:76057436	wtdmso	mtdmso	11	5	40	48	2.64	0.10696350382445848
chr7:76057973	wtdmso	mtdmso	1	3	66	78	0.3939393939393939	0.6267110911823779
chr7:76064354	wtdmso	mtdmso	2	3	50	66	0.88	1.0
chr7:76064366	wtdmso	mtdmso	7	5	61	76	1.7442622950819673	0.38243145203517154
chr7:76066297	wtdmso	mtdmso	5	4	67	78	1.455223880597015	0.7346757452977439
chr7:76066481	wtdmso	mtdmso	3	2	67	82	1.835820895522388	0.6595961874087066
chr7:76302715	wtdmso	mtdmso	1	9	188	336	0.19858156028368795	0.10665729528552226
chr7:76302761	wtdmso	mtdmso	11	26	185	324	0.740956340956341	0.48077914563679014
chr7:76302989	wtdmso	mtdmso	2	6	174	293	0.5613026819923371	0.7160557561643974
chr7:76303048	wtdmso	mtdmso	1	2	153	301	0.9836601307189542	1.0
chr7:76304000	wtdmso	mtdmso	16	19	152	277	1.5346260387811634	0.27230107106921564
chr7:76304158	wtdmso	mtdmso	12	34	169	287	0.5993734772015314	0.15045193031525717
chr7:76326890	wtdmso	mtdmso	4	1	24	12	2.0	1.0
chr7:76326962	wtdmso	mtdmso	7	4	26	15	1.0096153846153846	1.0
chr7:76327136	wtdmso	mtdmso	1	1	24	16	0.6666666666666666	1.0
chr7:76327764	wtdmso	mtdmso	1	1	9	11	1.2222222222222223	1.0
chr7:87325404	wtdmso	mtdmso	2	2	11	25	2.272727272727273	0.5839260312944523
chr7:88210024	wtdmso	mtdmso	1	3	23	13	0.18840579710144928	0.28324762008972537
chr7:88210088	wtdmso	mtdmso	1	1	14	15	1.0714285714285714	1.0
chr7:93886112	wtdmso	mtdmso	1	1	10	28	2.8	0.47948717948717945
chr7:93886276	wtdmso	mtdmso	1	1	9	27	3.0	0.4623044096728308
chr7:93886433	wtdmso	mtdmso	2	5	25	42	0.672	1.0
chr7:93886446	wtdmso	mtdmso	13	12	26	39	1.625	0.3475836877538523
chr7:93886489	wtdmso	mtdmso	1	2	31	56	0.9032258064516129	1.0
chr7:93886505	wtdmso	mtdmso	10	10	32	56	1.75	0.31262182248733633
chr7:93886554	wtdmso	mtdmso	7	10	49	64	0.9142857142857143	1.0
chr7:93886594	wtdmso	mtdmso	15	14	73	91	1.3356164383561644	0.5458570561651207
chr7:93886654	wtdmso	mtdmso	11	13	85	98	0.9755656108597285	1.0
chr7:93886745	wtdmso	mtdmso	2	2	93	109	1.1720430107526882	1.0
chr7:93887301	wtdmso	mtdmso	7	7	92	104	1.1304347826086956	1.0
chr7:93887347	wtdmso	mtdmso	8	5	87	99	1.8206896551724139	0.3927013801878997
chr7:93887377	wtdmso	mtdmso	13	14	80	86	0.9982142857142857	1.0
chr7:93887396	wtdmso	mtdmso	11	10	76	84	1.2157894736842105	0.8170185403473167
chr7:93889084	wtdmso	mtdmso	10	4	73	94	3.219178082191781	0.0540708587294518
chr7:93890673	wtdmso	mtdmso	4	2	50	73	2.92	0.23592292371461818
chr7:97852307	wtdmso	mtdmso	1	1	17	9	0.5294117647058824	1.0
chr7:98282394	wtdmso	mtdmso	3	1	63	35	1.6666666666666667	1.0
chr7:98291127	wtdmso	mtdmso	10	4	73	41	1.404109589041096	0.7690771338704983
chr7:98291248	wtdmso	mtdmso	6	5	71	37	0.6253521126760564	0.5155648310046591
chr7:98291333	wtdmso	mtdmso	34	16	45	27	1.275	0.5681401228167772
chr7:98291356	wtdmso	mtdmso	14	10	57	36	0.8842105263157894	0.8178056865845873
chr7:98291432	wtdmso	mtdmso	1	1	75	41	0.5466666666666666	1.0
chr7:98293505	wtdmso	mtdmso	3	5	7	7	0.6	0.6749226006191951
chr7:98306454	wtdmso	mtdmso	1	3	9	9	0.3333333333333333	0.593984962406015
chr7:99385769	wtdmso	mtdmso	4	1	10	9	3.6	0.35770750988142297
chr7:99386785	wtdmso	mtdmso	3	1	11	9	2.4545454545454546	0.6146245059288539
chr7:99389957	wtdmso	mtdmso	3	6	11	7	0.3181818181818182	0.23646071700991617
chr7:99390970	wtdmso	mtdmso	5	1	12	14	5.833333333333333	0.17794462983561982
chr7:99391220	wtdmso	mtdmso	1	3	17	12	0.23529411764705882	0.30828445747800587
chr7:99392797	wtdmso	mtdmso	4	1	16	11	2.75	0.6263705704751312
chr7:99392866	wtdmso	mtdmso	6	4	30	26	1.3	0.7453622044606807
chr7:99394472	wtdmso	mtdmso	1	2	21	17	0.40476190476190477	0.5882739212007504
chr7:99394630	wtdmso	mtdmso	4	4	26	11	0.4230769230769231	0.40995258734160733
chr7:99394740	wtdmso	mtdmso	12	9	8	10	1.6666666666666667	0.5272539841674628
chr7:99417506	wtdmso	mtdmso	1	1	11	15	1.3636363636363635	1.0
chr7:99458266	wtdmso	mtdmso	1	8	10	27	0.3375	0.42120309680805035
chr7:99458320	wtdmso	mtdmso	1	9	10	25	0.2777777777777778	0.4087407130366202
chr7:99460158	wtdmso	mtdmso	1	1	11	35	3.1818181818181817	0.4414893617021277
chr7:997329	wtdmso	mtdmso	2	2	31	9	0.2903225806451613	0.2564621991734867
chr7:997347	wtdmso	mtdmso	6	3	16	7	0.875	1.0
chr7:997406	wtdmso	mtdmso	6	2	16	9	1.6875	0.6870454350988278
chr8:100702979	wtdmso	mtdmso	22	47	190	172	0.42374020156774916	0.0023396787774644726
chr8:100703102	wtdmso	mtdmso	1	3	168	182	0.3611111111111111	0.6244143067977513
chr8:100703147	wtdmso	mtdmso	8	9	194	197	0.9026345933562429	1.0
chr8:100703192	wtdmso	mtdmso	3	2	203	209	1.5443349753694582	0.6822824225357145
chr8:100703226	wtdmso	mtdmso	11	7	185	198	1.6818532818532819	0.33955168105133293
chr8:100703233	wtdmso	mtdmso	5	3	186	202	1.810035842293907	0.4900863498673014
chr8:100703294	wtdmso	mtdmso	2	4	177	190	0.536723163841808	0.6865018569196781
chr8:100703347	wtdmso	mtdmso	7	4	172	190	1.933139534883721	0.3652177824430304
chr8:100704967	wtdmso	mtdmso	12	15	156	156	0.8	0.6893013649389639
chr8:100705639	wtdmso	mtdmso	6	7	148	160	0.9266409266409267	1.0
chr8:100705646	wtdmso	mtdmso	13	14	143	156	1.0129870129870129	1.0
chr8:100709139	wtdmso	mtdmso	2	5	113	124	0.4389380530973451	0.4518304224696519
chr8:100709156	wtdmso	mtdmso	31	43	88	96	0.7864693446088795	0.4101193283754343
chr8:100709215	wtdmso	mtdmso	12	23	109	112	0.5360989230155564	0.10484471087240343
chr8:100712684	wtdmso	mtdmso	6	12	81	99	0.6111111111111112	0.4567859590146226
chr8:100712702	wtdmso	mtdmso	23	39	88	95	0.6366550116550117	0.14258076749084375
chr8:100715558	wtdmso	mtdmso	7	19	32	43	0.49506578947368424	0.17052342373515902
chr8:100718153	wtdmso	mtdmso	2	6	19	43	0.7543859649122807	1.0
chr8:100718264	wtdmso	mtdmso	1	2	26	46	0.8846153846153846	1.0
chr8:100721410	wtdmso	mtdmso	6	20	26	33	0.38076923076923075	0.08956869372756797
chr8:100721533	wtdmso	mtdmso	1	4	11	27	0.6136363636363636	1.0
chr8:100721578	wtdmso	mtdmso	3	6	15	43	1.4333333333333333	0.6926217205852202
chr8:100721806	wtdmso	mtdmso	1	1	23	27	1.173913043478261	1.0
chr8:100721837	wtdmso	mtdmso	2	3	24	45	1.25	1.0
chr8:100722031	wtdmso	mtdmso	4	9	14	22	0.6984126984126984	0.7426069168434876
chr8:100919526	wtdmso	mtdmso	5	5	32	21	0.65625	0.7280593245109861
chr8:100919699	wtdmso	mtdmso	4	3	31	22	0.946236559139785	1.0
chr8:100919746	wtdmso	mtdmso	3	1	35	26	2.2285714285714286	0.6355414746543779
chr8:100919770	wtdmso	mtdmso	5	2	33	28	2.121212121212121	0.4523896866960959
chr8:100919819	wtdmso	mtdmso	2	1	41	28	1.3658536585365855	1.0
chr8:100920137	wtdmso	mtdmso	1	4	34	24	0.17647058823529413	0.16212289156386528
chr8:100920175	wtdmso	mtdmso	2	2	28	26	0.9285714285714286	1.0
chr8:100920358	wtdmso	mtdmso	1	2	25	20	0.4	0.5866096207215541
chr8:100920384	wtdmso	mtdmso	1	1	26	23	0.8846153846153846	1.0
chr8:100920592	wtdmso	mtdmso	3	1	8	19	7.125	0.11536627999364374
chr8:100924168	wtdmso	mtdmso	3	4	19	15	0.5921052631578947	0.6847142639825565
chr8:100924923	wtdmso	mtdmso	1	1	10	19	1.9	1.0
chr8:100948801	wtdmso	mtdmso	2	6	11	13	0.3939393939393939	0.42034853540971445
chr8:108201915	wtdmso	mtdmso	2	1	8	17	4.25	0.28388278388278393
chr8:116644970	wtdmso	mtdmso	6	6	23	22	0.9565217391304348	1.0
chr8:116645078	wtdmso	mtdmso	8	5	21	25	1.9047619047619047	0.3603604547823225
chr8:116646552	wtdmso	mtdmso	11	7	14	19	2.13265306122449	0.24916120100999428
chr8:116655911	wtdmso	mtdmso	3	1	24	16	2.0	1.0
chr8:116657263	wtdmso	mtdmso	8	5	19	21	1.768421052631579	0.5255884695890997
chr8:116657302	wtdmso	mtdmso	2	1	20	24	2.4	0.5929694727104533
chr8:116658865	wtdmso	mtdmso	2	1	24	26	2.1666666666666665	0.6104328523862375
chr8:116726126	wtdmso	mtdmso	5	8	21	19	0.5654761904761905	0.5255884695890998
chr8:11802926	wtdmso	mtdmso	1	4	9	25	0.6944444444444444	1.0
chr8:11808794	wtdmso	mtdmso	5	6	15	36	2.0	0.3114231748686499
chr8:11821862	wtdmso	mtdmso	3	17	7	24	0.6050420168067226	0.7208200121200574
chr8:11826168	wtdmso	mtdmso	2	2	20	34	1.7	0.6297640653357532
chr8:11830323	wtdmso	mtdmso	15	15	9	27	3.0	0.04329139384611881
chr8:11838558	wtdmso	mtdmso	3	3	26	41	1.5769230769230769	0.6762335683629623
chr8:11838583	wtdmso	mtdmso	2	3	28	43	1.0238095238095237	1.0
chr8:11838594	wtdmso	mtdmso	8	6	17	13	1.0196078431372548	1.0
chr8:11838602	wtdmso	mtdmso	7	8	24	38	1.3854166666666667	0.573747426567846
chr8:11838769	wtdmso	mtdmso	2	1	8	19	4.75	0.25123152709359603
chr8:11844450	wtdmso	mtdmso	7	8	111	100	0.7882882882882883	0.790744722082281
chr8:11844525	wtdmso	mtdmso	4	6	114	114	0.6666666666666666	0.7486708128836717
chr8:11844535	wtdmso	mtdmso	24	18	98	97	1.3197278911564625	0.49678289056704567
chr8:11844853	wtdmso	mtdmso	31	35	65	59	0.8039560439560439	0.5427833059017739
chr8:11844939	wtdmso	mtdmso	15	7	89	92	2.215088282504013	0.11504836002623167
chr8:11844980	wtdmso	mtdmso	2	4	100	89	0.445	0.42735966111196694
chr8:11845018	wtdmso	mtdmso	74	63	24	32	1.566137566137566	0.20431832304835046
chr8:11845199	wtdmso	mtdmso	14	9	58	59	1.582375478927203	0.36724509214923085
chr8:11845665	wtdmso	mtdmso	9	6	81	86	1.5925925925925926	0.43091191548504426
chr8:11845674	wtdmso	mtdmso	14	12	63	66	1.2222222222222223	0.6726851835705614
chr8:11845680	wtdmso	mtdmso	13	11	67	70	1.2347354138398914	0.6642547235999265
chr8:11847071	wtdmso	mtdmso	6	3	61	51	1.6721311475409837	0.7296379434021418
chr8:11847131	wtdmso	mtdmso	2	1	86	86	2.0	1.0
chr8:11847689	wtdmso	mtdmso	16	19	50	49	0.8252631578947368	0.6959716216396196
chr8:11847814	wtdmso	mtdmso	4	1	60	71	4.733333333333333	0.18715457331972277
chr8:11848119	wtdmso	mtdmso	20	16	47	52	1.3829787234042554	0.4411261451792835
chr8:11849081	wtdmso	mtdmso	12	12	71	70	0.9859154929577465	1.0
chr8:11849135	wtdmso	mtdmso	2	1	75	74	1.9733333333333334	1.0
chr8:11850962	wtdmso	mtdmso	3	7	62	56	0.3870967741935484	0.20251233544761693
chr8:123209507	wtdmso	mtdmso	1	2	18	8	0.2222222222222222	0.26683087027914615
chr8:123209550	wtdmso	mtdmso	2	2	14	10	0.7142857142857143	1.0
chr8:123209565	wtdmso	mtdmso	2	2	17	10	0.5882352941176471	0.6304465278881298
chr8:123209720	wtdmso	mtdmso	2	3	18	7	0.25925925925925924	0.30002947244326544
chr8:123209783	wtdmso	mtdmso	1	1	18	11	0.6111111111111112	1.0
chr8:123209885	wtdmso	mtdmso	3	4	19	9	0.35526315789473684	0.3834293005300007
chr8:124539216	wtdmso	mtdmso	2	6	17	24	0.47058823529411764	0.45826612773668696
chr8:124543235	wtdmso	mtdmso	2	6	19	24	0.42105263157894735	0.4447669270382445
chr8:124547085	wtdmso	mtdmso	1	3	18	30	0.5555555555555556	1.0
chr8:124549802	wtdmso	mtdmso	2	4	20	29	0.725	1.0
chr8:124549941	wtdmso	mtdmso	3	11	17	19	0.3048128342245989	0.1183425849759411
chr8:133237181	wtdmso	mtdmso	2	3	70	59	0.5619047619047619	0.6621955307035331
chr8:133237196	wtdmso	mtdmso	2	1	121	83	1.371900826446281	1.0
chr8:133237257	wtdmso	mtdmso	4	3	150	104	0.9244444444444444	1.0
chr8:133237352	wtdmso	mtdmso	10	5	147	105	1.4285714285714286	0.5985300530140281
chr8:133237409	wtdmso	mtdmso	6	1	142	112	4.732394366197183	0.14364580950581904
chr8:133237426	wtdmso	mtdmso	20	15	133	90	0.9022556390977443	0.8537395038225599
chr8:133237628	wtdmso	mtdmso	6	11	105	67	0.34805194805194806	0.06782257655498325
chr8:133237688	wtdmso	mtdmso	33	28	107	75	0.8261014686248331	0.5513825485548781
chr8:133237719	wtdmso	mtdmso	29	22	110	84	1.006611570247934	1.0
chr8:133237746	wtdmso	mtdmso	6	7	114	85	0.6390977443609023	0.5656169125912252
chr8:133237755	wtdmso	mtdmso	17	8	113	83	1.5608407079646018	0.39130124401956246
chr8:133237768	wtdmso	mtdmso	45	39	89	59	0.7649092480553155	0.3371057160383232
chr8:133238163	wtdmso	mtdmso	2	1	102	74	1.4509803921568627	1.0
chr8:133238393	wtdmso	mtdmso	5	4	91	71	0.9752747252747253	1.0
chr8:133238462	wtdmso	mtdmso	16	11	86	65	1.0993657505285412	1.0
chr8:133238587	wtdmso	mtdmso	4	5	88	64	0.5818181818181818	0.49927269574159616
chr8:133238594	wtdmso	mtdmso	7	3	75	57	1.7733333333333334	0.5185821867027708
chr8:133238680	wtdmso	mtdmso	4	1	79	67	3.392405063291139	0.3791889048922695
chr8:133238732	wtdmso	mtdmso	3	2	66	57	1.2954545454545454	1.0
chr8:133238781	wtdmso	mtdmso	2	2	75	56	0.7466666666666667	1.0
chr8:133238850	wtdmso	mtdmso	47	40	24	19	0.9302083333333333	1.0
chr8:133238914	wtdmso	mtdmso	4	3	75	58	1.031111111111111	1.0
chr8:133238944	wtdmso	mtdmso	5	7	70	56	0.5714285714285714	0.38105703217632864
chr8:133244382	wtdmso	mtdmso	12	3	36	34	3.7777777777777777	0.04956935008650724
chr8:133246640	wtdmso	mtdmso	7	7	53	37	0.6981132075471698	0.5709507920180521
chr8:133248733	wtdmso	mtdmso	6	1	55	40	4.363636363636363	0.23723301572988448
chr8:133250478	wtdmso	mtdmso	12	8	51	42	1.2352941176470589	0.8053962462827856
chr8:133254582	wtdmso	mtdmso	1	1	50	43	0.86	1.0
chr8:133256792	wtdmso	mtdmso	4	7	50	24	0.2742857142857143	0.08887572519159688
chr8:133256816	wtdmso	mtdmso	10	6	43	41	1.5891472868217054	0.4297592500275198
chr8:133258376	wtdmso	mtdmso	6	1	55	48	5.236363636363636	0.12871452648493087
chr8:133258400	wtdmso	mtdmso	4	5	57	40	0.5614035087719298	0.4901442806584466
chr8:133264548	wtdmso	mtdmso	7	12	44	29	0.38446969696969696	0.07630684958633452
chr8:133264560	wtdmso	mtdmso	2	2	40	34	0.85	1.0
chr8:133264600	wtdmso	mtdmso	4	3	47	38	1.0780141843971631	1.0
chr8:133280266	wtdmso	mtdmso	2	3	48	36	0.5	0.6500981674651621
chr8:133284312	wtdmso	mtdmso	4	1	44	38	3.4545454545454546	0.37414837627111786
chr8:143579738	wtdmso	mtdmso	9	8	24	26	1.21875	0.78399203156008
chr8:143580052	wtdmso	mtdmso	3	4	42	47	0.8392857142857143	1.0
chr8:143580189	wtdmso	mtdmso	3	6	43	47	0.5465116279069767	0.4975938535567598
chr8:143580629	wtdmso	mtdmso	1	5	44	56	0.2545454545454545	0.23794373452080192
chr8:143580644	wtdmso	mtdmso	4	5	54	59	0.8740740740740741	1.0
chr8:143581245	wtdmso	mtdmso	3	4	52	56	0.8076923076923077	1.0
chr8:143581290	wtdmso	mtdmso	2	2	52	57	1.0961538461538463	1.0
chr8:143586240	wtdmso	mtdmso	4	9	48	47	0.4351851851851852	0.24092327121428808
chr8:143586261	wtdmso	mtdmso	1	3	46	46	0.3333333333333333	0.6173174872665534
chr8:143991205	wtdmso	mtdmso	1	2	11	12	0.5454545454545454	1.0
chr8:143991567	wtdmso	mtdmso	1	1	12	20	1.6666666666666667	1.0
chr8:143991748	wtdmso	mtdmso	1	3	23	19	0.2753623188405797	0.33643410852713174
chr8:143991979	wtdmso	mtdmso	2	2	26	22	0.8461538461538461	1.0
chr8:143992040	wtdmso	mtdmso	2	3	24	24	0.6666666666666666	1.0
chr8:143992064	wtdmso	mtdmso	5	9	22	23	0.5808080808080808	0.5411141967619084
chr8:143992253	wtdmso	mtdmso	2	2	25	29	1.16	1.0
chr8:143992555	wtdmso	mtdmso	2	4	22	25	0.5681818181818182	0.6778524472198169
chr8:143992725	wtdmso	mtdmso	1	2	30	30	0.5	1.0
chr8:143992773	wtdmso	mtdmso	2	3	24	30	0.8333333333333334	1.0
chr8:143993012	wtdmso	mtdmso	6	1	22	18	4.909090909090909	0.21541175223061543
chr8:143993141	wtdmso	mtdmso	17	22	26	20	0.5944055944055944	0.2796740976942903
chr8:144085050	wtdmso	mtdmso	6	5	4	7	2.1	0.6699214098594903
chr8:144086152	wtdmso	mtdmso	2	3	10	12	0.8	1.0
chr8:144086163	wtdmso	mtdmso	2	1	9	13	2.888888888888889	0.5647826086956521
chr8:144095959	wtdmso	mtdmso	4	2	24	36	3.0	0.3887391693446691
chr8:144096019	wtdmso	mtdmso	1	1	15	32	2.1333333333333333	1.0
chr8:144096179	wtdmso	mtdmso	1	8	27	30	0.1388888888888889	0.06726361876235883
chr8:144096597	wtdmso	mtdmso	2	1	30	47	3.1333333333333333	0.5606621226874392
chr8:144097335	wtdmso	mtdmso	2	3	29	44	1.0114942528735633	1.0
chr8:144097369	wtdmso	mtdmso	9	9	15	22	1.4666666666666666	0.5702020833057511
chr8:144097459	wtdmso	mtdmso	1	1	29	48	1.6551724137931034	1.0
chr8:144106571	wtdmso	mtdmso	4	1	6	10	6.666666666666667	0.1486068111455108
chr8:144107158	wtdmso	mtdmso	4	1	17	11	2.588235294117647	0.6301446051167967
chr8:144107321	wtdmso	mtdmso	6	9	5	13	1.7333333333333334	0.48750060453644156
chr8:144107386	wtdmso	mtdmso	4	5	19	20	0.8421052631578947	1.0
chr8:144107394	wtdmso	mtdmso	5	5	18	20	1.1111111111111112	1.0
chr8:144309568	wtdmso	mtdmso	1	2	9	9	0.5	1.0
chr8:144312096	wtdmso	mtdmso	5	4	18	12	0.8333333333333334	1.0
chr8:144312118	wtdmso	mtdmso	6	5	19	11	0.6947368421052632	0.7230939923123012
chr8:144313524	wtdmso	mtdmso	2	1	26	16	1.2307692307692308	1.0
chr8:144314036	wtdmso	mtdmso	4	2	27	15	1.1111111111111112	1.0
chr8:144314184	wtdmso	mtdmso	1	1	27	13	0.48148148148148145	1.0
chr8:144314313	wtdmso	mtdmso	5	1	25	14	2.8	0.6467153096478113
chr8:144314569	wtdmso	mtdmso	8	9	9	8	0.7901234567901234	1.0
chr8:144314680	wtdmso	mtdmso	4	1	24	15	2.5	0.6380137162893827
chr8:144314685	wtdmso	mtdmso	1	1	29	15	0.5172413793103449	1.0
chr8:144314707	wtdmso	mtdmso	3	4	12	13	0.8125	1.0
chr8:144789807	wtdmso	mtdmso	21	21	621	716	1.1529790660225443	0.7538117747291575
chr8:144789826	wtdmso	mtdmso	20	20	646	713	1.1037151702786379	0.872653743390585
chr8:144789832	wtdmso	mtdmso	28	34	664	750	0.9301913536498937	0.7965023056733529
chr8:144789850	wtdmso	mtdmso	100	103	442	536	1.1773492070465228	0.3145091337354311
chr8:144790388	wtdmso	mtdmso	100	92	597	692	1.2599228024178866	0.14137751956369277
chr8:144790438	wtdmso	mtdmso	1	1	666	742	1.1141141141141142	1.0
chr8:144790442	wtdmso	mtdmso	5	6	665	759	0.9511278195488722	1.0
chr8:144791348	wtdmso	mtdmso	3	4	607	698	0.8624382207578254	1.0
chr8:144791380	wtdmso	mtdmso	40	38	628	732	1.2269527321488434	0.4145922543638867
chr8:144791410	wtdmso	mtdmso	1	1	574	680	1.1846689895470384	1.0
chr8:144791912	wtdmso	mtdmso	20	10	490	615	2.510204081632653	0.024002485561058155
chr8:144792108	wtdmso	mtdmso	30	34	380	487	1.1308049535603715	0.6959595647415148
chr8:144792138	wtdmso	mtdmso	25	38	301	345	0.7540653960482602	0.35409507971371923
chr8:144792368	wtdmso	mtdmso	80	96	259	317	1.0199485199485199	0.9311522706915679
chr8:30785895	wtdmso	mtdmso	1	1	10	9	0.9	1.0
chr8:30785950	wtdmso	mtdmso	1	2	10	8	0.4	0.5864661654135338
chr8:38057125	wtdmso	mtdmso	12	3	37	14	1.5135135135135136	0.7416097586867165
chr8:38057136	wtdmso	mtdmso	3	2	49	16	0.4897959183673469	0.5973688867913398
chr8:38059927	wtdmso	mtdmso	9	1	38	13	3.0789473684210527	0.4288117762853784
chr8:38060053	wtdmso	mtdmso	7	1	33	11	2.3333333333333335	0.6633618109593513
chr8:38060106	wtdmso	mtdmso	13	4	29	13	1.456896551724138	0.7534218370338397
chr8:38060167	wtdmso	mtdmso	5	5	50	15	0.3	0.11898802713980822
chr8:38060208	wtdmso	mtdmso	10	3	35	12	1.1428571428571428	1.0
chr8:38060218	wtdmso	mtdmso	11	6	42	13	0.5674603174603174	0.35891512686658056
chr8:48917883	wtdmso	mtdmso	4	1	13	9	2.769230769230769	0.620958751393534
chr8:48918227	wtdmso	mtdmso	1	1	20	9	0.45	1.0
chr8:56073064	wtdmso	mtdmso	10	16	166	206	0.7756024096385542	0.6837228383578755
chr8:56073180	wtdmso	mtdmso	19	34	258	348	0.7537619699042407	0.3855802802094397
chr8:56073247	wtdmso	mtdmso	14	21	261	350	0.8939974457215837	0.8609946082029367
chr8:56073715	wtdmso	mtdmso	6	13	263	346	0.6071950862825387	0.3554629733859871
chr8:56073758	wtdmso	mtdmso	14	23	265	363	0.8337981952420016	0.7322030867067837
chr8:56074137	wtdmso	mtdmso	9	20	226	315	0.6272123893805309	0.3333481745944055
chr8:56074415	wtdmso	mtdmso	2	4	225	318	0.7066666666666667	1.0
chr8:56074443	wtdmso	mtdmso	42	58	189	258	0.9885057471264368	1.0
chr8:66922641	wtdmso	mtdmso	2	2	22	25	1.1363636363636365	1.0
chr8:73290663	wtdmso	mtdmso	7	4	315	258	1.4333333333333333	0.7618384809824509
chr8:73291047	wtdmso	mtdmso	156	125	272	224	1.027764705882353	0.8808158000273066
chr8:73291077	wtdmso	mtdmso	13	28	389	300	0.35806096217407274	0.00316220968646664
chr8:73291173	wtdmso	mtdmso	49	36	388	327	1.1471219931271477	0.5669379379942092
chr8:73291633	wtdmso	mtdmso	65	57	317	265	0.9532901654767835	0.8418818695393365
chr8:73291839	wtdmso	mtdmso	19	11	317	270	1.4711786636076858	0.3520802178440263
chr8:73292270	wtdmso	mtdmso	24	18	300	258	1.1466666666666667	0.749125593000127
chr8:73292329	wtdmso	mtdmso	61	69	269	225	0.7394536932277356	0.13886079253305297
chr8:73292762	wtdmso	mtdmso	2	2	244	228	0.9344262295081968	1.0
chr8:73293614	wtdmso	mtdmso	10	8	145	136	1.1724137931034482	0.811140046027566
chr8:85214938	wtdmso	mtdmso	2	1	10	14	2.8	0.5692307692307693
chr8:85217501	wtdmso	mtdmso	3	2	9	14	2.3333333333333335	0.6239316239316239
chr8:96231114	wtdmso	mtdmso	13	8	53	51	1.5636792452830188	0.4734727685099632
chr8:96231822	wtdmso	mtdmso	11	9	63	52	1.0088183421516754	1.0
chr8:96231828	wtdmso	mtdmso	1	1	62	54	0.8709677419354839	1.0
chr8:96231870	wtdmso	mtdmso	2	4	65	53	0.4076923076923077	0.4121561311649223
chr8:98041762	wtdmso	mtdmso	4	9	220	327	0.6606060606060606	0.5773823889134824
chr8:98041769	wtdmso	mtdmso	1	2	190	306	0.8052631578947368	1.0
chr8:98041814	wtdmso	mtdmso	7	14	131	257	0.9809160305343512	1.0
chr8:98041818	wtdmso	mtdmso	1	2	69	130	0.9420289855072463	1.0
chr8:98041840	wtdmso	mtdmso	6	5	189	318	2.019047619047619	0.3454656404688401
chr8:98041846	wtdmso	mtdmso	22	59	194	280	0.5381792766031801	0.01930981084922683
chr8:98042702	wtdmso	mtdmso	34	47	163	258	1.1450202323456469	0.619905401169874
chr8:98042737	wtdmso	mtdmso	9	15	206	310	0.9029126213592233	1.0
chr8:98045009	wtdmso	mtdmso	5	10	205	325	0.7926829268292683	0.7919185417291692
chr8:99878212	wtdmso	mtdmso	11	8	32	26	1.1171875	1.0
chr8:99878226	wtdmso	mtdmso	6	7	37	27	0.6254826254826255	0.5445470998320647
chr8:99887568	wtdmso	mtdmso	1	1	41	33	0.8048780487804879	1.0
chr9:110244047	wtdmso	mtdmso	17	19	116	113	0.8715970961887477	0.7234750000461974
chr9:110244783	wtdmso	mtdmso	1	1	136	139	1.0220588235294117	1.0
chr9:110250826	wtdmso	mtdmso	1	2	152	155	0.5098684210526315	1.0
chr9:110251409	wtdmso	mtdmso	9	6	136	147	1.6213235294117647	0.43287738223370154
chr9:110251461	wtdmso	mtdmso	1	1	134	135	1.007462686567164	1.0
chr9:110256449	wtdmso	mtdmso	5	3	120	116	1.6111111111111112	0.7226650866909698
chr9:121327332	wtdmso	mtdmso	8	7	12	11	1.0476190476190477	1.0
chr9:121327358	wtdmso	mtdmso	3	6	21	11	0.2619047619047619	0.12797418728099086
chr9:121331441	wtdmso	mtdmso	1	6	30	29	0.16111111111111112	0.10971115633000879
chr9:121332565	wtdmso	mtdmso	1	2	28	31	0.5535714285714286	1.0
chr9:121332574	wtdmso	mtdmso	1	2	27	24	0.4444444444444444	0.6037735849056605
chr9:121332647	wtdmso	mtdmso	12	12	21	20	0.9523809523809523	1.0
chr9:124353504	wtdmso	mtdmso	2	2	12	38	3.1666666666666665	0.27364656554445677
chr9:124353535	wtdmso	mtdmso	2	2	15	38	2.533333333333333	0.5747955747955747
chr9:124353607	wtdmso	mtdmso	1	11	13	27	0.1888111888111888	0.14442453615914883
chr9:124356814	wtdmso	mtdmso	1	1	16	38	2.375	0.5188311688311689
chr9:124356835	wtdmso	mtdmso	1	1	15	43	2.8666666666666667	0.4655367231638418
chr9:124412385	wtdmso	mtdmso	3	6	11	28	1.2727272727272727	1.0
chr9:124413943	wtdmso	mtdmso	4	8	14	31	1.1071428571428572	1.0
chr9:124414873	wtdmso	mtdmso	1	2	13	19	0.7307692307692307	1.0
chr9:124857979	wtdmso	mtdmso	1	1	171	163	0.9532163742690059	1.0
chr9:124857987	wtdmso	mtdmso	30	18	147	147	1.6666666666666667	0.1207674525586062
chr9:124858027	wtdmso	mtdmso	3	5	179	171	0.5731843575418994	0.49640912565231077
chr9:124858044	wtdmso	mtdmso	3	1	173	169	2.930635838150289	0.623044715177081
chr9:124860201	wtdmso	mtdmso	3	2	166	167	1.5090361445783131	1.0
chr9:124860214	wtdmso	mtdmso	2	5	155	141	0.3638709677419355	0.2679924138731307
chr9:124861449	wtdmso	mtdmso	8	8	170	160	0.9411764705882353	1.0
chr9:125236269	wtdmso	mtdmso	32	23	64	49	1.065217391304348	0.8696318561843357
chr9:125236469	wtdmso	mtdmso	23	12	106	77	1.3922955974842768	0.45530363892345127
chr9:125236518	wtdmso	mtdmso	54	52	66	37	0.5821678321678322	0.06888144607725247
chr9:125236544	wtdmso	mtdmso	42	44	84	49	0.5568181818181818	0.049730981051394965
chr9:125236552	wtdmso	mtdmso	86	50	13	10	1.323076923076923	0.642794017894527
chr9:125236590	wtdmso	mtdmso	12	11	113	85	0.8205953338696702	0.6635050410964107
chr9:125236657	wtdmso	mtdmso	6	3	111	90	1.6216216216216217	0.7340792105286222
chr9:125236690	wtdmso	mtdmso	27	28	91	64	0.6781789638932496	0.2682669444316559
chr9:125236712	wtdmso	mtdmso	7	5	109	65	0.8348623853211009	0.7661904292504707
chr9:125236801	wtdmso	mtdmso	5	1	92	71	3.858695652173913	0.24142711892378144
chr9:125236901	wtdmso	mtdmso	4	2	86	66	1.5348837209302326	0.7000508418921756
chr9:125236956	wtdmso	mtdmso	5	1	73	60	4.109589041095891	0.2298738606872533
chr9:125236970	wtdmso	mtdmso	9	4	74	46	1.3986486486486487	0.7659339945483354
chr9:125237012	wtdmso	mtdmso	5	1	75	57	3.8	0.40066842098305566
chr9:125237022	wtdmso	mtdmso	2	2	78	55	0.7051282051282052	1.0
chr9:125237103	wtdmso	mtdmso	9	5	67	57	1.5313432835820895	0.5759162596201464
chr9:125237132	wtdmso	mtdmso	4	3	69	56	1.0821256038647342	1.0
chr9:125237139	wtdmso	mtdmso	3	2	70	50	1.0714285714285714	1.0
chr9:125238223	wtdmso	mtdmso	5	3	70	51	1.2142857142857142	1.0
chr9:125238237	wtdmso	mtdmso	5	5	58	38	0.6551724137931034	0.5224051656712025
chr9:125238242	wtdmso	mtdmso	5	6	72	50	0.5787037037037037	0.5258728192980444
chr9:125238260	wtdmso	mtdmso	7	7	73	46	0.6301369863013698	0.5650929399771398
chr9:125238674	wtdmso	mtdmso	2	4	76	46	0.3026315789473684	0.20827386649691995
chr9:125238969	wtdmso	mtdmso	13	7	48	37	1.431547619047619	0.6164649579963137
chr9:125239094	wtdmso	mtdmso	1	1	61	41	0.6721311475409836	1.0
chr9:125239132	wtdmso	mtdmso	8	7	55	33	0.6857142857142857	0.5715144813426647
chr9:125239144	wtdmso	mtdmso	5	4	52	36	0.8653846153846154	1.0
chr9:125239160	wtdmso	mtdmso	2	4	57	36	0.3157894736842105	0.21783154227612597
chr9:125239223	wtdmso	mtdmso	1	2	49	27	0.2755102040816326	0.5507656900061964
chr9:125239251	wtdmso	mtdmso	1	3	53	29	0.18238993710691823	0.1430619880342162
chr9:125239265	wtdmso	mtdmso	3	2	57	33	0.868421052631579	1.0
chr9:125239280	wtdmso	mtdmso	2	2	55	34	0.6181818181818182	0.6392275326356671
chr9:125239460	wtdmso	mtdmso	4	7	52	26	0.2857142857142857	0.09153023423068715
chr9:125240697	wtdmso	mtdmso	2	1	44	31	1.4090909090909092	1.0
chr9:125240760	wtdmso	mtdmso	4	3	40	25	0.8333333333333334	1.0
chr9:125240784	wtdmso	mtdmso	11	8	39	23	0.8108974358974359	0.7891948315900537
chr9:125241156	wtdmso	mtdmso	12	14	32	15	0.4017857142857143	0.08344685638241285
chr9:125241223	wtdmso	mtdmso	3	2	39	25	0.9615384615384616	1.0
chr9:127447684	wtdmso	mtdmso	3	1	259	263	3.0463320463320462	0.37166894291177266
chr9:127447707	wtdmso	mtdmso	2	1	521	474	1.8195777351247602	1.0
chr9:127447907	wtdmso	mtdmso	6	8	547	495	0.6787020109689214	0.5929392569079297
chr9:127447919	wtdmso	mtdmso	13	13	461	446	0.9674620390455532	1.0
chr9:127447965	wtdmso	mtdmso	37	47	521	481	0.7267938089598562	0.1736310421323677
chr9:127447986	wtdmso	mtdmso	59	39	456	446	1.4796446243814665	0.07141961543796271
chr9:127448343	wtdmso	mtdmso	78	60	449	442	1.2797327394209355	0.2002716721565751
chr9:127448418	wtdmso	mtdmso	15	7	559	540	2.070023000255558	0.1324690558284397
chr9:127449300	wtdmso	mtdmso	1	2	547	504	0.4606946983546618	0.6102779893445183
chr9:127449311	wtdmso	mtdmso	12	10	545	515	1.1339449541284403	0.8317346537893158
chr9:127449618	wtdmso	mtdmso	11	10	497	453	1.00261569416499	1.0
chr9:127449622	wtdmso	mtdmso	26	27	466	439	0.907168971546654	0.7782709784169236
chr9:127449632	wtdmso	mtdmso	63	56	446	417	1.0518497757847534	0.8450339229073937
chr9:127449636	wtdmso	mtdmso	31	21	486	471	1.4306290417401528	0.25474553422539825
chr9:127449664	wtdmso	mtdmso	123	115	388	351	0.9675705961452263	0.8814039295414048
chr9:127449685	wtdmso	mtdmso	15	14	503	480	1.022436807725078	1.0
chr9:128163637	wtdmso	mtdmso	22	8	26	4	0.4230769230769231	0.33341173811520464
chr9:128163722	wtdmso	mtdmso	6	3	45	23	1.0222222222222221	1.0
chr9:129738522	wtdmso	mtdmso	3	4	24	18	0.5625	0.6853688445238044
chr9:129738539	wtdmso	mtdmso	1	1	22	19	0.8636363636363636	1.0
chr9:129738720	wtdmso	mtdmso	3	2	24	19	1.1875	1.0
chr9:129738794	wtdmso	mtdmso	3	2	22	21	1.4318181818181819	1.0
chr9:129738929	wtdmso	mtdmso	4	6	20	15	0.5	0.4763721354759358
chr9:129739207	wtdmso	mtdmso	3	1	8	17	6.375	0.1389415182518631
chr9:129739264	wtdmso	mtdmso	1	1	9	16	1.7777777777777777	1.0
chr9:133349551	wtdmso	mtdmso	34	28	469	454	1.1754492841912885	0.600330015829393
chr9:133349556	wtdmso	mtdmso	19	23	561	556	0.8187243276757343	0.5346659207729303
chr9:133349574	wtdmso	mtdmso	6	1	595	586	5.909243697478992	0.1240766999933421
chr9:133349688	wtdmso	mtdmso	24	30	579	562	0.7765112262521588	0.404697728516372
chr9:133349696	wtdmso	mtdmso	1	1	566	571	1.0088339222614842	1.0
chr9:133349945	wtdmso	mtdmso	2	6	579	544	0.31318364997121473	0.16747003373930014
chr9:133349975	wtdmso	mtdmso	6	3	623	623	2.0	0.5062482059658664
chr9:133350245	wtdmso	mtdmso	10	8	686	661	1.2044460641399417	0.8139589627876009
chr9:133350269	wtdmso	mtdmso	20	24	626	617	0.8213525026624068	0.543154202030043
chr9:133350667	wtdmso	mtdmso	2	1	735	700	1.9047619047619047	1.0
chr9:133350692	wtdmso	mtdmso	40	31	640	627	1.2641129032258065	0.39346069357584335
chr9:133350723	wtdmso	mtdmso	119	136	556	511	0.804181654676259	0.1252823225420856
chr9:133351006	wtdmso	mtdmso	5	3	684	652	1.5886939571150098	0.7264498815893302
chr9:133351044	wtdmso	mtdmso	103	91	624	613	1.1119153282614822	0.5367791280435252
chr9:133351057	wtdmso	mtdmso	16	1	583	568	15.588336192109777	0.0002686785124588576
chr9:133351344	wtdmso	mtdmso	139	136	608	596	1.0018866099071206	1.0
chr9:133351356	wtdmso	mtdmso	69	62	632	630	1.1093813801551653	0.5830779420868054
chr9:133361850	wtdmso	mtdmso	1	1	24	13	0.5416666666666666	1.0
chr9:133362060	wtdmso	mtdmso	18	7	8	5	1.6071428571428572	0.7143736940406442
chr9:133362246	wtdmso	mtdmso	9	5	16	5	0.5625	0.47355647689351793
chr9:136724749	wtdmso	mtdmso	1	2	27	26	0.48148148148148145	1.0
chr9:136724756	wtdmso	mtdmso	7	2	22	32	5.090909090909091	0.06804748159151924
chr9:136724766	wtdmso	mtdmso	19	17	12	15	1.3970588235294117	0.6131416753492667
chr9:136724785	wtdmso	mtdmso	1	4	33	31	0.23484848484848486	0.3564784771793209
chr9:136724854	wtdmso	mtdmso	10	7	20	27	1.9285714285714286	0.2724323140942786
chr9:136726331	wtdmso	mtdmso	1	3	13	28	0.717948717948718	1.0
chr9:136726340	wtdmso	mtdmso	4	1	31	35	4.516129032258065	0.1986637541015072
chr9:136728057	wtdmso	mtdmso	6	4	24	25	1.5625	0.7306423241784981
chr9:136728141	wtdmso	mtdmso	1	4	9	9	0.25	0.33935629587803495
chr9:136849428	wtdmso	mtdmso	1	2	33	21	0.3181818181818182	0.5590225563909776
chr9:136849443	wtdmso	mtdmso	1	3	24	22	0.3055555555555556	0.6092053842813723
chr9:136862167	wtdmso	mtdmso	1	2	16	27	0.84375	1.0
chr9:136862282	wtdmso	mtdmso	2	4	16	25	0.78125	1.0
chr9:136862323	wtdmso	mtdmso	1	3	16	26	0.5416666666666666	1.0
chr9:136863297	wtdmso	mtdmso	4	1	14	26	7.428571428571429	0.1407135122393205
chr9:136863393	wtdmso	mtdmso	2	1	13	19	2.923076923076923	0.5645530939648586
chr9:136863408	wtdmso	mtdmso	3	5	9	21	1.4	0.6892823113735927
chr9:137242558	wtdmso	mtdmso	1	4	11	8	0.18181818181818182	0.3167701863354037
chr9:137242600	wtdmso	mtdmso	2	8	10	5	0.125	0.04140530354018038
chr9:137242644	wtdmso	mtdmso	6	4	7	10	2.142857142857143	0.44007119247393844
chr9:137242711	wtdmso	mtdmso	3	8	9	15	0.625	0.7091438594775635
chr9:137242857	wtdmso	mtdmso	2	3	12	20	1.1111111111111112	1.0
chr9:137242888	wtdmso	mtdmso	2	1	11	11	2.0	1.0
chr9:137242984	wtdmso	mtdmso	4	6	9	18	1.3333333333333333	0.7158277915982555
chr9:137243110	wtdmso	mtdmso	4	2	9	12	2.6666666666666665	0.3845410628019324
chr9:137243281	wtdmso	mtdmso	2	2	11	23	2.090909090909091	0.5949332791438056
chr9:137243594	wtdmso	mtdmso	6	12	7	11	0.7857142857142857	1.0
chr9:137552388	wtdmso	mtdmso	9	8	11	4	0.4090909090909091	0.2906595089551999
chr9:137552481	wtdmso	mtdmso	6	1	14	11	4.714285714285714	0.21165254841561854
chr9:19376343	wtdmso	mtdmso	5	6	413	335	0.6759483454398708	0.5547755566809941
chr9:19376364	wtdmso	mtdmso	17	11	541	470	1.3426314905057974	0.5652979376771685
chr9:19376514	wtdmso	mtdmso	2	1	540	472	1.7481481481481482	1.0
chr9:19376636	wtdmso	mtdmso	32	41	492	413	0.6551655760460043	0.0884929472295927
chr9:19378434	wtdmso	mtdmso	3	2	532	458	1.2913533834586466	1.0
chr9:19378490	wtdmso	mtdmso	62	46	414	367	1.1948120142827137	0.4115798080344112
chr9:19378494	wtdmso	mtdmso	189	151	312	290	1.163397860417728	0.27723111716892224
chr9:19378791	wtdmso	mtdmso	99	70	429	387	1.2758241758241757	0.17511364876198476
chr9:19378851	wtdmso	mtdmso	8	5	450	391	1.3902222222222222	0.7806586820037376
chr9:19379555	wtdmso	mtdmso	21	10	476	411	1.813235294117647	0.143616606136656
chr9:19379582	wtdmso	mtdmso	5	8	493	415	0.5261156186612576	0.2763807144335301
chr9:19379613	wtdmso	mtdmso	90	66	349	315	1.2307892680385517	0.284437346259981
chr9:21968241	wtdmso	mtdmso	1	1	40	52	1.3	1.0
chr9:21971011	wtdmso	mtdmso	3	3	42	53	1.2619047619047619	1.0
chr9:21971083	wtdmso	mtdmso	2	4	44	49	0.5568181818181818	0.6826440022910031
chr9:21974786	wtdmso	mtdmso	1	1	18	24	1.3333333333333333	1.0
chr9:21994332	wtdmso	mtdmso	4	2	7	18	5.142857142857143	0.1509776837919218
chr9:32572986	wtdmso	mtdmso	2	1	9	16	3.5555555555555554	0.5433455433455433
chr9:33796766	wtdmso	mtdmso	5	1	10	9	4.5	0.3448616600790514
chr9:33797932	wtdmso	mtdmso	2	1	13	10	1.5384615384615385	1.0
chr9:33797963	wtdmso	mtdmso	1	1	13	10	0.7692307692307693	1.0
chr9:33799031	wtdmso	mtdmso	2	1	13	10	1.5384615384615385	1.0
chr9:35056586	wtdmso	mtdmso	3	1	12	14	3.5	0.5977011494252873
chr9:35056763	wtdmso	mtdmso	5	1	12	17	7.083333333333333	0.087683284457478
chr9:35056825	wtdmso	mtdmso	4	6	14	13	0.6190476190476191	0.7139819564736138
chr9:35057077	wtdmso	mtdmso	6	5	27	15	0.6666666666666666	0.7284563967388566
chr9:35057207	wtdmso	mtdmso	5	8	28	15	0.33482142857142855	0.11350207525804382
chr9:35059616	wtdmso	mtdmso	3	2	14	12	1.2857142857142858	1.0
chr9:35061021	wtdmso	mtdmso	1	1	12	15	1.25	1.0
chr9:35061045	wtdmso	mtdmso	6	2	9	13	4.333333333333333	0.21475928702315508
chr9:35061144	wtdmso	mtdmso	1	2	12	12	0.5	1.0
chr9:35061579	wtdmso	mtdmso	1	3	14	11	0.2619047619047619	0.32950191570881227
chr9:35061586	wtdmso	mtdmso	1	3	14	11	0.2619047619047619	0.32950191570881227
chr9:35061610	wtdmso	mtdmso	1	4	14	11	0.19642857142857142	0.32950191570881227
chr9:35062137	wtdmso	mtdmso	2	2	11	13	1.1818181818181819	1.0
chr9:36211682	wtdmso	mtdmso	1	4	13	12	0.23076923076923078	0.3358876117496806
chr9:36211870	wtdmso	mtdmso	3	6	9	7	0.3888888888888889	0.4109839816933638
chr9:37436769	wtdmso	mtdmso	7	5	4	8	2.8	0.4136492125454301
chr9:37588722	wtdmso	mtdmso	1	2	16	8	0.25	0.535042735042735
chr9:37588744	wtdmso	mtdmso	2	1	15	10	1.3333333333333333	1.0
chr9:37588789	wtdmso	mtdmso	3	3	13	8	0.6153846153846154	0.6618357487922706
chr9:37588802	wtdmso	mtdmso	10	5	9	8	1.7777777777777777	0.4905289290838454
chr9:37592443	wtdmso	mtdmso	5	2	12	10	2.0833333333333335	0.6645267110034726
chr9:7798439	wtdmso	mtdmso	6	6	6	7	1.1666666666666667	1.0
chr9:7798486	wtdmso	mtdmso	6	7	5	5	0.8571428571428571	1.0
chr9:83968912	wtdmso	mtdmso	1	3	13	8	0.20512820512820512	0.28782608695652173
chr9:83969068	wtdmso	mtdmso	22	12	30	15	0.9166666666666666	1.0
chr9:83969336	wtdmso	mtdmso	10	4	43	23	1.3372093023255813	0.7627798079535254
chr9:83969347	wtdmso	mtdmso	2	2	51	26	0.5098039215686274	0.6057508985779028
chr9:83970164	wtdmso	mtdmso	5	2	25	20	2.0	0.6845398303062774
chr9:83970204	wtdmso	mtdmso	1	1	42	22	0.5238095238095238	1.0
chr9:83970772	wtdmso	mtdmso	2	2	43	20	0.46511627906976744	0.5927095292766934
chr9:83971327	wtdmso	mtdmso	10	6	36	18	0.8333333333333334	0.7713644761590779
chr9:83971970	wtdmso	mtdmso	2	1	32	18	1.125	1.0
chr9:83972970	wtdmso	mtdmso	1	2	28	17	0.30357142857142855	0.5540009250693803
chr9:83973294	wtdmso	mtdmso	3	4	27	15	0.4166666666666667	0.40717549720034507
chr9:83973370	wtdmso	mtdmso	2	2	30	18	0.6	0.6335765075260874
chr9:83973376	wtdmso	mtdmso	2	1	29	18	1.2413793103448276	1.0
chr9:83975479	wtdmso	mtdmso	1	3	12	14	0.3888888888888889	0.6129173508483854
chr9:83978240	wtdmso	mtdmso	4	4	7	7	1.0	1.0
chr9:83978375	wtdmso	mtdmso	1	2	11	13	0.5909090909090909	1.0
chr9:99230496	wtdmso	mtdmso	2	2	21	27	1.2857142857142858	1.0
chrX:101391524	wtdmso	mtdmso	22	32	162	177	0.7511574074074074	0.37962871887281124
chrX:101391769	wtdmso	mtdmso	1	3	191	224	0.39092495636998253	0.6284643839350735
chrX:101395340	wtdmso	mtdmso	2	3	212	231	0.7264150943396226	1.0
chrX:101395432	wtdmso	mtdmso	84	100	122	129	0.8881967213114754	0.5608703645965165
chrX:101395769	wtdmso	mtdmso	7	3	142	171	2.8098591549295775	0.19624381769524885
chrX:103377826	wtdmso	mtdmso	3	1	13	18	4.153846153846154	0.3119938884644766
chrX:119468546	wtdmso	mtdmso	3	6	70	96	0.6857142857142857	0.7365818047392039
chrX:119469715	wtdmso	mtdmso	16	17	63	97	1.4491129785247432	0.3388800416212116
chrX:119469859	wtdmso	mtdmso	9	10	71	96	1.2169014084507042	0.8077776656643725
chrX:119469867	wtdmso	mtdmso	1	9	85	112	0.14640522875816994	0.04832395751518359
chrX:119470024	wtdmso	mtdmso	8	22	72	95	0.4797979797979798	0.10809695389073248
chrX:119470135	wtdmso	mtdmso	4	4	72	119	1.6527777777777777	0.48387178597425473
chrX:119470393	wtdmso	mtdmso	3	4	87	127	1.0948275862068966	1.0
chrX:119470452	wtdmso	mtdmso	2	4	75	118	0.7866666666666666	1.0
chrX:119470899	wtdmso	mtdmso	7	9	90	134	1.1580246913580248	0.7968336904783364
chrX:119470903	wtdmso	mtdmso	3	3	87	127	1.4597701149425288	0.690546574726461
chrX:119470927	wtdmso	mtdmso	8	7	83	116	1.5972461273666092	0.4244387032073529
chrX:119471087	wtdmso	mtdmso	39	67	38	54	0.8271798900235664	0.5601975741496511
chrX:119471132	wtdmso	mtdmso	1	2	80	120	0.75	1.0
chrX:119471202	wtdmso	mtdmso	4	5	70	104	1.1885714285714286	1.0
chrX:119471245	wtdmso	mtdmso	11	14	84	122	1.1411564625850341	0.8307001559616876
chrX:119786554	wtdmso	mtdmso	15	33	180	245	0.6186868686868687	0.16441020207962834
chrX:119786700	wtdmso	mtdmso	1	4	215	301	0.35	0.4088094961249078
chrX:119789923	wtdmso	mtdmso	16	25	167	251	0.9619161676646707	1.0
chrX:119789998	wtdmso	mtdmso	6	3	181	264	2.9171270718232045	0.1705439503816526
chrX:119791590	wtdmso	mtdmso	29	31	167	252	1.411628356190844	0.26126921541936743
chrX:119871934	wtdmso	mtdmso	1	4	31	33	0.2661290322580645	0.36314706402884445
chrX:119871970	wtdmso	mtdmso	3	3	12	27	2.25	0.3842752539576136
chrX:119876523	wtdmso	mtdmso	1	3	31	34	0.3655913978494624	0.6178882384173067
chrX:12975138	wtdmso	mtdmso	14	6	56	51	2.125	0.22022603245859357
chrX:12976268	wtdmso	mtdmso	5	2	108	98	2.2685185185185186	0.45156908984874594
chrX:12976311	wtdmso	mtdmso	5	4	115	109	1.184782608695652	1.0
chrX:12976321	wtdmso	mtdmso	2	2	122	111	0.9098360655737705	1.0
chrX:12976783	wtdmso	mtdmso	24	19	109	98	1.1356832448092709	0.7394917006332626
chrX:12976925	wtdmso	mtdmso	47	36	86	83	1.2600129198966408	0.42228256156286276
chrX:12976952	wtdmso	mtdmso	5	3	127	120	1.5748031496062993	0.7235935514609267
chrX:12977022	wtdmso	mtdmso	5	2	138	122	2.210144927536232	0.45537392832364376
chrX:1386276	wtdmso	mtdmso	2	1	137	130	1.897810218978102	1.0
chrX:1386331	wtdmso	mtdmso	8	3	193	159	2.1968911917098444	0.35783189231056384
chrX:1386347	wtdmso	mtdmso	48	21	165	155	2.1471861471861473	0.007466356754608479
chrX:1386381	wtdmso	mtdmso	39	27	168	156	1.3412698412698412	0.34365833958297176
chrX:1386525	wtdmso	mtdmso	39	28	130	89	0.9535714285714286	0.8877630225660343
chrX:1386551	wtdmso	mtdmso	4	4	242	187	0.7727272727272727	0.733630083142706
chrX:1386560	wtdmso	mtdmso	13	7	226	177	1.45448798988622	0.49466972629210615
chrX:1386755	wtdmso	mtdmso	1	3	185	140	0.25225225225225223	0.320739885810202
chrX:1387397	wtdmso	mtdmso	36	18	159	123	1.5471698113207548	0.1776944391801274
chrX:1389362	wtdmso	mtdmso	15	16	165	133	0.7556818181818182	0.5701724458330857
chrX:1389423	wtdmso	mtdmso	9	4	166	129	1.7484939759036144	0.4058626505855355
chrX:1389527	wtdmso	mtdmso	16	10	114	101	1.4175438596491228	0.5328508233430596
chrX:1389671	wtdmso	mtdmso	53	36	93	86	1.3614097968936678	0.2449814440420856
chrX:1391977	wtdmso	mtdmso	3	2	146	120	1.2328767123287672	1.0
chrX:1392000	wtdmso	mtdmso	8	11	116	88	0.5517241379310345	0.23575244614087504
chrX:152972712	wtdmso	mtdmso	4	3	11	10	1.2121212121212122	1.0
chrX:152973308	wtdmso	mtdmso	2	1	15	16	2.1333333333333333	1.0
chrX:153700539	wtdmso	mtdmso	3	5	30	25	0.5	0.46164382893883776
chrX:153700622	wtdmso	mtdmso	3	2	31	27	1.3064516129032258	1.0
chrX:153700754	wtdmso	mtdmso	3	3	38	31	0.8157894736842105	1.0
chrX:153702105	wtdmso	mtdmso	2	1	14	27	3.857142857142857	0.5433403805496828
chrX:153702975	wtdmso	mtdmso	2	1	11	21	3.8181818181818183	0.5411764705882353
chrX:153702993	wtdmso	mtdmso	3	1	11	13	3.5454545454545454	0.5955555555555555
chrX:153704074	wtdmso	mtdmso	1	1	12	12	1.0	1.0
chrX:153715640	wtdmso	mtdmso	1	1	12	13	1.0833333333333333	1.0
chrX:153723228	wtdmso	mtdmso	1	1	10	11	1.1	1.0
chrX:153796504	wtdmso	mtdmso	1	1	54	60	1.1111111111111112	1.0
chrX:153796541	wtdmso	mtdmso	3	2	48	65	2.03125	0.6509049222043748
chrX:153797458	wtdmso	mtdmso	11	9	53	70	1.6142557651991614	0.34239645081519376
chrX:153798089	wtdmso	mtdmso	3	3	57	63	1.105263157894737	1.0
chrX:153798128	wtdmso	mtdmso	6	4	48	61	1.90625	0.5089661259085371
chrX:153798481	wtdmso	mtdmso	3	7	41	46	0.4808362369337979	0.3400319154200229
chrX:153798488	wtdmso	mtdmso	4	12	9	12	0.4444444444444444	0.3148583511208649
chrX:154010793	wtdmso	mtdmso	1	4	26	17	0.16346153846153846	0.15340383483306702
chrX:154010956	wtdmso	mtdmso	2	1	22	16	1.4545454545454546	1.0
chrX:154011305	wtdmso	mtdmso	1	1	11	15	1.3636363636363635	1.0
chrX:154011898	wtdmso	mtdmso	1	3	12	9	0.25	0.3217391304347825
chrX:154011903	wtdmso	mtdmso	1	3	11	7	0.21212121212121213	0.29323308270676696
chrX:154012676	wtdmso	mtdmso	4	2	8	8	2.0	0.6461742591773552
chrX:154013140	wtdmso	mtdmso	3	1	7	9	3.857142857142857	0.5820433436532508
chrX:154013159	wtdmso	mtdmso	1	1	10	10	1.0	1.0
chrX:154348679	wtdmso	mtdmso	4	6	185	196	0.7063063063063063	0.752105374684605
chrX:154348927	wtdmso	mtdmso	12	17	139	145	0.7363520947947524	0.5590913022147196
chrX:154348997	wtdmso	mtdmso	16	18	152	168	0.9824561403508771	1.0
chrX:154349375	wtdmso	mtdmso	17	17	157	183	1.1656050955414012	0.7203364117852815
chrX:154349502	wtdmso	mtdmso	16	17	120	155	1.2156862745098038	0.7111403881627789
chrX:154349510	wtdmso	mtdmso	3	11	143	169	0.32231404958677684	0.09896433613036487
chrX:154349807	wtdmso	mtdmso	1	2	126	160	0.6349206349206349	1.0
chrX:154349842	wtdmso	mtdmso	12	28	109	118	0.4639580602883355	0.03925870359857248
chrX:154349863	wtdmso	mtdmso	1	6	125	152	0.20266666666666666	0.13708446041647987
chrX:154350080	wtdmso	mtdmso	5	6	113	150	1.1061946902654867	1.0
chrX:154350913	wtdmso	mtdmso	10	10	85	125	1.4705882352941178	0.47855433929094776
chrX:154351661	wtdmso	mtdmso	9	11	67	101	1.2333785617367707	0.810127760678203
chrX:154351692	wtdmso	mtdmso	2	3	83	122	0.9799196787148594	1.0
chrX:154351930	wtdmso	mtdmso	7	11	73	100	0.8717310087173101	1.0
chrX:154352003	wtdmso	mtdmso	4	4	56	87	1.5535714285714286	0.7133326440655169
chrX:154352365	wtdmso	mtdmso	1	7	68	95	0.19957983193277312	0.1451836189758723
chrX:154352414	wtdmso	mtdmso	2	5	62	92	0.5935483870967742	0.703845275954011
chrX:154352426	wtdmso	mtdmso	4	6	60	83	0.9222222222222223	1.0
chrX:154352572	wtdmso	mtdmso	6	9	59	90	1.0169491525423728	1.0
chrX:154352651	wtdmso	mtdmso	1	1	46	75	1.6304347826086956	1.0
chrX:154352863	wtdmso	mtdmso	10	16	45	73	1.0138888888888888	1.0
chrX:154353593	wtdmso	mtdmso	7	8	33	54	1.4318181818181819	0.5739500901908652
chrX:154353658	wtdmso	mtdmso	1	1	34	60	1.7647058823529411	1.0
chrX:154353672	wtdmso	mtdmso	1	2	27	56	1.037037037037037	1.0
chrX:154353958	wtdmso	mtdmso	8	18	31	39	0.5591397849462365	0.2529569786423801
chrX:154354222	wtdmso	mtdmso	2	5	34	48	0.5647058823529412	0.6965618280111362
chrX:154354242	wtdmso	mtdmso	1	1	34	46	1.3529411764705883	1.0
chrX:154354440	wtdmso	mtdmso	2	4	27	43	0.7962962962962963	1.0
chrX:154354697	wtdmso	mtdmso	5	5	18	17	0.9444444444444444	1.0
chrX:154355017	wtdmso	mtdmso	5	8	22	34	0.9659090909090909	1.0
chrX:154357541	wtdmso	mtdmso	1	1	9	23	2.5555555555555554	0.5080213903743314
chrX:154399354	wtdmso	mtdmso	8	12	685	824	0.8019464720194647	0.6595811745048898
chrX:154399507	wtdmso	mtdmso	25	18	719	845	1.6322824911142018	0.12303872952319983
chrX:154399937	wtdmso	mtdmso	14	15	744	915	1.1478494623655915	0.7115060695418332
chrX:154400470	wtdmso	mtdmso	10	13	739	917	0.9545123347559071	1.0
chrX:154400564	wtdmso	mtdmso	18	39	804	943	0.5413318025258324	0.04176041071415028
chrX:154400756	wtdmso	mtdmso	12	13	804	964	1.1067738231917337	0.841638063433936
chrX:154400828	wtdmso	mtdmso	49	61	637	785	0.9899117276166457	1.0
chrX:154442616	wtdmso	mtdmso	1	1	9	9	1.0	1.0
chrX:154442951	wtdmso	mtdmso	4	1	18	11	2.4444444444444446	0.6347248576850095
chrX:154531566	wtdmso	mtdmso	5	5	45	65	1.4444444444444444	0.7398424641479457
chrX:154531788	wtdmso	mtdmso	1	1	47	72	1.5319148936170213	1.0
chrX:154531913	wtdmso	mtdmso	3	4	41	64	1.170731707317073	1.0
chrX:154531920	wtdmso	mtdmso	6	4	40	66	2.475	0.19146066690896554
chrX:154531928	wtdmso	mtdmso	12	12	37	58	1.5675675675675675	0.35939820384480864
chrX:154532015	wtdmso	mtdmso	3	6	41	57	0.6951219512195121	0.733876078680544
chrX:154532586	wtdmso	mtdmso	6	8	24	48	1.5	0.5470961220930151
chrX:154533060	wtdmso	mtdmso	5	14	6	17	1.0119047619047619	1.0
chrX:154534127	wtdmso	mtdmso	1	2	9	25	1.3888888888888888	1.0
chrX:154534352	wtdmso	mtdmso	2	4	9	24	1.3333333333333333	1.0
chrX:154534487	wtdmso	mtdmso	1	3	9	22	0.8148148148148148	1.0
chrX:154535194	wtdmso	mtdmso	1	2	10	26	1.3	1.0
chrX:23667705	wtdmso	mtdmso	3	1	27	16	1.7777777777777777	1.0
chrX:23671557	wtdmso	mtdmso	2	1	29	15	1.0344827586206897	1.0
chrX:23679191	wtdmso	mtdmso	2	1	11	10	1.8181818181818181	1.0
chrX:23679247	wtdmso	mtdmso	2	1	28	17	1.2142857142857142	1.0
chrX:23783248	wtdmso	mtdmso	22	13	112	53	0.8008241758241759	0.5592279920191952
chrX:23783284	wtdmso	mtdmso	2	3	149	68	0.3042505592841163	0.3304133624532238
chrX:23783397	wtdmso	mtdmso	6	2	145	68	1.4068965517241379	1.0
chrX:23783686	wtdmso	mtdmso	4	1	151	72	1.9072847682119205	1.0
chrX:23783699	wtdmso	mtdmso	9	3	160	81	1.51875	0.7557036520209457
chrX:23783873	wtdmso	mtdmso	8	3	154	82	1.41991341991342	0.7527807225718497
chrX:23785328	wtdmso	mtdmso	12	7	145	73	0.8630541871921182	0.802646295811623
chrX:23785402	wtdmso	mtdmso	7	2	148	78	1.8445945945945945	0.7218474901164846
chrX:23785741	wtdmso	mtdmso	8	7	164	79	0.5505226480836237	0.2698214993320458
chrX:23785804	wtdmso	mtdmso	22	11	163	78	0.9570552147239264	1.0
chrX:23785874	wtdmso	mtdmso	4	1	151	75	1.9867549668874172	1.0
chrX:23786113	wtdmso	mtdmso	4	1	154	79	2.051948051948052	0.6658992963695876
chrX:23786193	wtdmso	mtdmso	3	1	126	63	1.5	1.0
chrX:2720373	wtdmso	mtdmso	8	4	5	7	2.8	0.4136492125454302
chrX:2740877	wtdmso	mtdmso	3	2	9	10	1.6666666666666667	1.0
chrX:47142256	wtdmso	mtdmso	3	2	22	31	2.1136363636363638	0.6427851237288622
chrX:47142316	wtdmso	mtdmso	1	1	28	37	1.3214285714285714	1.0
chrX:47142619	wtdmso	mtdmso	6	1	33	36	6.545454545454546	0.10843526914914141
chrX:47142694	wtdmso	mtdmso	3	2	35	30	1.2857142857142858	1.0
chrX:47142715	wtdmso	mtdmso	2	1	27	32	2.3703703703703702	0.595134849286092
chrX:47142736	wtdmso	mtdmso	4	6	35	26	0.49523809523809526	0.32958306041505014
chrX:47144499	wtdmso	mtdmso	6	7	23	25	0.9316770186335404	1.0
chrX:47144506	wtdmso	mtdmso	12	7	22	24	1.87012987012987	0.2887143061495176
chrX:47144529	wtdmso	mtdmso	6	5	29	29	1.2	1.0
chrX:47203140	wtdmso	mtdmso	2	1	23	13	1.1304347826086956	1.0
chrX:47203577	wtdmso	mtdmso	2	1	21	13	1.2380952380952381	1.0
chrX:47203637	wtdmso	mtdmso	1	1	22	11	0.5	1.0
chrX:47206020	wtdmso	mtdmso	5	2	24	13	1.3541666666666667	1.0
chrX:47206373	wtdmso	mtdmso	12	2	14	12	5.142857142857143	0.0807142673724738
chrX:47209949	wtdmso	mtdmso	5	7	25	8	0.22857142857142856	0.07026934951296922
chrX:47210037	wtdmso	mtdmso	3	1	25	11	1.32	1.0
chrX:47210045	wtdmso	mtdmso	1	1	29	15	0.5172413793103449	1.0
chrX:47210082	wtdmso	mtdmso	5	5	26	11	0.4230769230769231	0.2740069603633427
chrX:47211108	wtdmso	mtdmso	7	2	26	15	2.019230769230769	0.6993948632526177
chrX:47212831	wtdmso	mtdmso	1	1	43	15	0.3488372093023256	0.46553672316384187
chrX:47214398	wtdmso	mtdmso	1	2	50	26	0.26	0.28520846242365233
chrX:47214406	wtdmso	mtdmso	1	3	49	25	0.17006802721088435	0.1291866028708134
chrX:47214928	wtdmso	mtdmso	3	1	51	28	1.6470588235294117	1.0
chrX:47583408	wtdmso	mtdmso	21	9	136	105	1.8014705882352942	0.17433847406709857
chrX:47584958	wtdmso	mtdmso	3	2	177	133	1.1271186440677967	1.0
chrX:47585546	wtdmso	mtdmso	7	5	179	131	1.0245810055865923	1.0
chrX:47585558	wtdmso	mtdmso	29	20	136	110	1.1727941176470589	0.64002503924881
chrX:47585599	wtdmso	mtdmso	14	8	185	133	1.258108108108108	0.6616090499777619
chrX:47585637	wtdmso	mtdmso	9	5	186	139	1.3451612903225807	0.7840419190771747
chrX:47586581	wtdmso	mtdmso	4	2	169	119	1.4082840236686391	1.0
chrX:47586760	wtdmso	mtdmso	16	14	159	114	0.8194070080862533	0.6977921285145728
chrX:47651841	wtdmso	mtdmso	3	1	12	12	3.0	0.6
chrX:47651883	wtdmso	mtdmso	1	1	17	30	1.7647058823529411	1.0
chrX:47652120	wtdmso	mtdmso	3	9	15	22	0.4888888888888889	0.494170735848099
chrX:47657592	wtdmso	mtdmso	4	4	22	29	1.3181818181818181	0.7217219575962611
chrX:47658835	wtdmso	mtdmso	1	1	28	30	1.0714285714285714	1.0
chrX:49171985	wtdmso	mtdmso	9	3	61	99	4.868852459016393	0.015649996560431017
chrX:49173240	wtdmso	mtdmso	4	10	58	76	0.5241379310344828	0.39646048453004334
chrX:49173399	wtdmso	mtdmso	13	19	66	89	0.9226475279106858	1.0
chrX:49174671	wtdmso	mtdmso	2	6	69	90	0.43478260869565216	0.468905768624542
chrX:49174698	wtdmso	mtdmso	21	38	62	78	0.6952461799660441	0.27449905325523344
chrX:49174731	wtdmso	mtdmso	9	6	70	106	2.2714285714285714	0.1721267653910819
chrX:49174748	wtdmso	mtdmso	7	13	72	95	0.7104700854700855	0.6332546168476925
chrX:49174932	wtdmso	mtdmso	6	18	62	79	0.42473118279569894	0.11541967129255801
chrX:49174937	wtdmso	mtdmso	10	7	70	111	2.2653061224489797	0.1246942387161891
chrX:49175010	wtdmso	mtdmso	6	9	73	106	0.9680365296803652	1.0
chrX:56729327	wtdmso	mtdmso	2	1	11	21	3.8181818181818183	0.5411764705882353
chrX:56732083	wtdmso	mtdmso	1	2	14	21	0.75	1.0
chrX:56732176	wtdmso	mtdmso	1	1	13	21	1.6153846153846154	1.0
chrX:56817434	wtdmso	mtdmso	6	10	9	14	0.9333333333333333	1.0
chrX:56817488	wtdmso	mtdmso	3	8	12	16	0.5	0.4769722938930555
chrX:56817521	wtdmso	mtdmso	2	3	12	20	1.1111111111111112	1.0
chrX:65740341	wtdmso	mtdmso	3	11	11	11	0.2727272727272727	0.1600489540176148
chrX:65740522	wtdmso	mtdmso	2	3	12	19	1.0555555555555556	1.0
chrX:65740818	wtdmso	mtdmso	2	2	15	21	1.4	1.0
chrX:65741054	wtdmso	mtdmso	2	2	11	17	1.5454545454545454	1.0
chrX:65741093	wtdmso	mtdmso	2	2	14	22	1.5714285714285714	1.0
chrX:65741661	wtdmso	mtdmso	1	2	37	30	0.40540540540540543	0.5890390938984288
chrX:72272653	wtdmso	mtdmso	11	8	547	393	0.9878884826325411	1.0
chrX:72272697	wtdmso	mtdmso	23	24	502	346	0.6605245683930943	0.17337104934855876
chrX:72272704	wtdmso	mtdmso	3	1	531	393	2.2203389830508473	0.6411375160671824
chrX:72273371	wtdmso	mtdmso	61	46	458	338	0.9786405923675717	0.9174598921455857
chrX:72273836	wtdmso	mtdmso	2	4	489	357	0.36503067484662577	0.24893978970594544
chrX:72273911	wtdmso	mtdmso	46	45	475	346	0.7446081871345029	0.1827383751170324
chrX:72275101	wtdmso	mtdmso	19	12	447	332	1.1759880686055182	0.7145508569320036
chrX:72275134	wtdmso	mtdmso	11	8	468	340	0.9989316239316239	1.0
chrX:72275573	wtdmso	mtdmso	115	82	378	296	1.0982062201574396	0.6240321063302485
chrX:72275656	wtdmso	mtdmso	13	10	359	248	0.898050139275766	0.8312022363580596
chrX:72276167	wtdmso	mtdmso	8	8	434	326	0.7511520737327189	0.6159277197208451
chrX:78104301	wtdmso	mtdmso	1	1	16	39	2.4375	0.5112781954887219
chrX:78104368	wtdmso	mtdmso	1	1	16	30	1.875	1.0
chrX:78109892	wtdmso	mtdmso	2	2	27	39	1.4444444444444444	1.0
chrX:78113781	wtdmso	mtdmso	1	1	16	32	2.0	1.0
chrX:78113878	wtdmso	mtdmso	4	6	30	39	0.8666666666666667	1.0
chrX:78114035	wtdmso	mtdmso	5	8	26	32	0.7692307692307693	0.7637559073828211
chrX:78114104	wtdmso	mtdmso	3	3	33	39	1.1818181818181819	1.0
chrX:78114155	wtdmso	mtdmso	1	2	35	42	0.6	1.0
chrX:78118112	wtdmso	mtdmso	4	9	34	38	0.49673202614379086	0.3679291953707652
chrX:78122878	wtdmso	mtdmso	1	3	25	35	0.4666666666666667	0.6404097731107249
chrX:78123240	wtdmso	mtdmso	6	9	44	46	0.696969696969697	0.5857707191309205
chrX:78123291	wtdmso	mtdmso	3	3	48	55	1.1458333333333333	1.0
chrX:78124880	wtdmso	mtdmso	22	21	29	44	1.5894909688013137	0.2506780360411921
chrX:78125362	wtdmso	mtdmso	3	3	46	57	1.2391304347826086	1.0
chrX:78125960	wtdmso	mtdmso	4	7	52	58	0.6373626373626373	0.5428249976187653
chrX:78126051	wtdmso	mtdmso	1	3	49	58	0.3945578231292517	0.6256890752303597
