site	cond1	cond2	mod_cond1	mod_cond2	unmod_cond1	unmod_cond2	odds_ratio	pvalue
chr10:100361831	wtdmso	mtcsc	1	1	20	36	1.8	1.0
chr10:100362088	wtdmso	mtcsc	1	1	24	47	1.9583333333333333	1.0
chr10:100362195	wtdmso	mtcsc	10	15	17	37	1.4509803921568627	0.45892742523712515
chr10:100362220	wtdmso	mtcsc	1	2	27	52	0.9629629629629629	1.0
chr10:100362647	wtdmso	mtcsc	1	4	39	57	0.36538461538461536	0.6455921628350505
chr10:100362752	wtdmso	mtcsc	1	2	32	57	0.890625	1.0
chr10:100362913	wtdmso	mtcsc	4	7	32	59	1.0535714285714286	1.0
chr10:100363046	wtdmso	mtcsc	6	14	40	71	0.7607142857142857	0.7997919346647411
chr10:100363097	wtdmso	mtcsc	22	30	34	68	1.4666666666666666	0.2922252238870206
chr10:100363150	wtdmso	mtcsc	19	42	32	36	0.5089285714285714	0.07355282373655292
chr10:100363246	wtdmso	mtcsc	2	2	54	90	1.6666666666666667	0.6335456855060069
chr10:100363253	wtdmso	mtcsc	1	2	56	76	0.6785714285714286	1.0
chr10:100363423	wtdmso	mtcsc	4	11	63	95	0.5483405483405484	0.41091815498244744
chr10:100363743	wtdmso	mtcsc	8	17	37	57	0.724960254372019	0.643607638801855
chr10:100363779	wtdmso	mtcsc	6	12	41	65	0.7926829268292683	0.7952404416464871
chr10:100363945	wtdmso	mtcsc	1	1	51	73	1.4313725490196079	1.0
chr10:100364038	wtdmso	mtcsc	2	2	60	75	1.25	1.0
chr10:100364310	wtdmso	mtcsc	7	10	67	80	0.835820895522388	0.8010656116371189
chr10:100364322	wtdmso	mtcsc	3	5	76	96	0.7578947368421053	1.0
chr10:100364341	wtdmso	mtcsc	1	4	82	104	0.3170731707317073	0.3900519372397798
chr10:100364392	wtdmso	mtcsc	1	4	39	35	0.22435897435897437	0.20072332730560577
chr10:100364422	wtdmso	mtcsc	3	11	76	98	0.35167464114832536	0.15853426192367856
chr10:100364475	wtdmso	mtcsc	3	4	85	107	0.9441176470588235	1.0
chr10:100364512	wtdmso	mtcsc	18	21	79	90	0.976491862567812	1.0
chr10:100364569	wtdmso	mtcsc	8	15	70	81	0.6171428571428571	0.37062309319012626
chr10:100364601	wtdmso	mtcsc	6	8	93	112	0.9032258064516129	1.0
chr10:100364610	wtdmso	mtcsc	1	2	85	100	0.5882352941176471	1.0
chr10:100364650	wtdmso	mtcsc	1	1	94	114	1.2127659574468086	1.0
chr10:100364725	wtdmso	mtcsc	7	12	86	98	0.6647286821705426	0.47438229109885766
chr10:100523754	wtdmso	mtcsc	1	3	10	25	0.8333333333333334	1.0
chr10:100523800	wtdmso	mtcsc	3	5	20	37	1.11	1.0
chr10:100523926	wtdmso	mtcsc	3	6	19	29	0.7631578947368421	1.0
chr10:100526522	wtdmso	mtcsc	5	3	22	43	3.257575757575758	0.13657467675186513
chr10:100526977	wtdmso	mtcsc	4	7	22	38	0.987012987012987	1.0
chr10:100526987	wtdmso	mtcsc	8	15	18	27	0.8	0.794048526119771
chr10:100529402	wtdmso	mtcsc	5	11	21	33	0.7142857142857143	0.7696616753575252
chr10:100529461	wtdmso	mtcsc	2	1	23	42	3.652173913043478	0.5495450554713066
chr10:100529494	wtdmso	mtcsc	1	1	24	40	1.6666666666666667	1.0
chr10:100529769	wtdmso	mtcsc	1	3	20	32	0.5333333333333333	1.0
chr10:103389058	wtdmso	mtcsc	5	5	8	24	3.0	0.2382921318963001
chr10:103392371	wtdmso	mtcsc	19	18	22	37	1.7752525252525253	0.20665512539691522
chr10:103396438	wtdmso	mtcsc	1	2	15	34	1.1333333333333333	1.0
chr10:104031404	wtdmso	mtcsc	12	7	76	55	1.2406015037593985	0.8048111500180606
chr10:104031464	wtdmso	mtcsc	8	6	64	34	0.7083333333333334	0.5629344902309483
chr10:104031516	wtdmso	mtcsc	11	6	60	45	1.375	0.6070660677342241
chr10:104031558	wtdmso	mtcsc	25	12	50	44	1.8333333333333333	0.1705091628529189
chr10:104031722	wtdmso	mtcsc	2	5	75	58	0.30933333333333335	0.2432900851600384
chr10:104031824	wtdmso	mtcsc	9	2	60	59	4.425	0.059734377318846274
chr10:104031963	wtdmso	mtcsc	18	21	52	34	0.5604395604395604	0.1737855546634377
chr10:104031990	wtdmso	mtcsc	9	6	44	27	0.9204545454545454	1.0
chr10:104032023	wtdmso	mtcsc	10	11	57	41	0.6539074960127592	0.46877606692953844
chr10:104032084	wtdmso	mtcsc	7	5	57	41	1.0070175438596491	1.0
chr10:104032126	wtdmso	mtcsc	6	6	52	47	0.9038461538461539	1.0
chr10:104032207	wtdmso	mtcsc	12	2	71	47	3.971830985915493	0.08042708118846689
chr10:104032218	wtdmso	mtcsc	6	4	72	45	0.9375	1.0
chr10:104032698	wtdmso	mtcsc	12	8	77	42	0.8181818181818182	0.801920022489
chr10:104032912	wtdmso	mtcsc	18	13	70	38	0.7516483516483516	0.529838252961704
chr10:104032948	wtdmso	mtcsc	3	6	76	41	0.26973684210526316	0.07742423288745676
chr10:104033237	wtdmso	mtcsc	3	1	79	31	1.1772151898734178	1.0
chr10:104033257	wtdmso	mtcsc	8	2	65	28	1.7230769230769232	0.7195931525885331
chr10:104033264	wtdmso	mtcsc	6	6	71	34	0.4788732394366197	0.33465379245840654
chr10:104034003	wtdmso	mtcsc	6	2	68	36	1.588235294117647	0.7142038122542509
chr10:104034017	wtdmso	mtcsc	13	6	55	21	0.8272727272727273	0.7791044310877089
chr10:104034267	wtdmso	mtcsc	10	6	44	17	0.6439393939393939	0.5422114661676056
chr10:104034278	wtdmso	mtcsc	7	2	51	22	1.5098039215686274	1.0
chr10:104034732	wtdmso	mtcsc	7	5	46	16	0.48695652173913045	0.30306910351279004
chr10:104035282	wtdmso	mtcsc	9	4	44	20	1.0227272727272727	1.0
chr10:104036532	wtdmso	mtcsc	2	2	45	17	0.37777777777777777	0.572531635031635
chr10:104037635	wtdmso	mtcsc	2	3	38	17	0.2982456140350877	0.32161643149369623
chr10:104037708	wtdmso	mtcsc	7	2	35	15	1.5	1.0
chr10:104037769	wtdmso	mtcsc	4	1	39	15	1.5384615384615385	1.0
chr10:104039460	wtdmso	mtcsc	4	2	33	14	0.8484848484848485	1.0
chr10:104039487	wtdmso	mtcsc	1	1	37	14	0.3783783783783784	0.48984034833091444
chr10:104039502	wtdmso	mtcsc	5	3	27	9	0.5555555555555556	0.6625414123100484
chr10:104039979	wtdmso	mtcsc	2	1	33	15	0.9090909090909091	1.0
chr10:104041318	wtdmso	mtcsc	2	2	29	11	0.3793103448275862	0.5695427657991468
chr10:104042426	wtdmso	mtcsc	2	1	27	10	0.7407407407407407	1.0
chr10:104043525	wtdmso	mtcsc	1	1	30	14	0.4666666666666667	1.0
chr10:104043830	wtdmso	mtcsc	2	1	30	13	0.8666666666666667	1.0
chr10:104043855	wtdmso	mtcsc	3	3	28	10	0.35714285714285715	0.3394137059763833
chr10:104045791	wtdmso	mtcsc	2	1	28	11	0.7857142857142857	1.0
chr10:104046762	wtdmso	mtcsc	1	2	27	11	0.2037037037037037	0.23170731707317072
chr10:104047763	wtdmso	mtcsc	3	3	26	8	0.3076923076923077	0.3193456614509246
chr10:104050104	wtdmso	mtcsc	1	2	24	8	0.16666666666666666	0.19022154316271964
chr10:104050627	wtdmso	mtcsc	1	2	21	8	0.19047619047619047	0.22379032258064516
chr10:104050645	wtdmso	mtcsc	1	1	11	9	0.8181818181818182	1.0
chr10:104259748	wtdmso	mtcsc	3	4	65	72	0.8307692307692308	1.0
chr10:104266089	wtdmso	mtcsc	17	24	57	59	0.7331871345029239	0.4679312062129991
chr10:104267272	wtdmso	mtcsc	1	3	66	71	0.35858585858585856	0.6214846175128088
chr10:104267278	wtdmso	mtcsc	8	5	60	72	1.92	0.3835981491933572
chr10:104267340	wtdmso	mtcsc	9	7	63	71	1.4489795918367347	0.5991202019562072
chr10:104267373	wtdmso	mtcsc	3	2	66	76	1.7272727272727273	0.6657894144904062
chr10:104267391	wtdmso	mtcsc	9	15	52	56	0.6461538461538462	0.3744218480843591
chr10:11870608	wtdmso	mtcsc	3	6	9	6	0.3333333333333333	0.40032305828509895
chr10:119500018	wtdmso	mtcsc	3	13	9	3	0.07692307692307693	0.006099220771451219
chr10:119500056	wtdmso	mtcsc	4	6	8	10	0.8333333333333334	1.0
chr10:119500094	wtdmso	mtcsc	5	12	5	1	0.08333333333333333	0.05153199203542452
chr10:119500186	wtdmso	mtcsc	4	3	8	14	2.3333333333333335	0.40285754558618136
chr10:119500209	wtdmso	mtcsc	4	3	8	13	2.1666666666666665	0.41835748792270533
chr10:119515512	wtdmso	mtcsc	1	2	10	11	0.55	1.0
chr10:119515544	wtdmso	mtcsc	1	1	10	14	1.4	1.0
chr10:122488937	wtdmso	mtcsc	1	5	54	74	0.2740740740740741	0.4001304455327148
chr10:122489487	wtdmso	mtcsc	12	19	38	47	0.7811634349030471	0.6729896218118583
chr10:122489497	wtdmso	mtcsc	3	1	57	78	4.105263157894737	0.31517820820909687
chr10:122489515	wtdmso	mtcsc	1	3	60	70	0.3888888888888889	0.625470504022701
chr10:122489618	wtdmso	mtcsc	5	6	58	69	0.9913793103448276	1.0
chr10:122506856	wtdmso	mtcsc	2	2	58	71	1.2241379310344827	1.0
chr10:122506867	wtdmso	mtcsc	1	3	65	74	0.37948717948717947	0.6242133652981718
chr10:122507376	wtdmso	mtcsc	4	7	63	73	0.6621315192743764	0.7545939942744445
chr10:122508677	wtdmso	mtcsc	1	1	72	87	1.2083333333333333	1.0
chr10:122508691	wtdmso	mtcsc	1	3	69	82	0.3961352657004831	0.6272572927920976
chr10:122508755	wtdmso	mtcsc	4	1	61	77	5.049180327868853	0.1769952333009229
chr10:122511989	wtdmso	mtcsc	15	16	47	59	1.1768617021276595	0.8377534442056664
chr10:122512001	wtdmso	mtcsc	3	1	24	41	5.125	0.2918793616201717
chr10:122514232	wtdmso	mtcsc	14	22	21	31	0.9393939393939394	1.0
chr10:122514291	wtdmso	mtcsc	13	12	73	103	1.528538812785388	0.3889517003271785
chr10:122514376	wtdmso	mtcsc	27	49	50	57	0.6281632653061224	0.17131598055775388
chr10:122514396	wtdmso	mtcsc	41	48	45	57	1.0819444444444444	0.8841773959673473
chr10:122514421	wtdmso	mtcsc	53	73	39	46	0.8563400070249385	0.6713050826895185
chr10:122514442	wtdmso	mtcsc	19	39	69	76	0.5366034931252323	0.06099594259212606
chr10:122514451	wtdmso	mtcsc	22	18	72	98	1.6635802469135803	0.16090180585701805
chr10:122514458	wtdmso	mtcsc	19	18	70	89	1.342063492063492	0.4660487830697367
chr10:122514484	wtdmso	mtcsc	6	7	83	102	1.0533562822719449	1.0
chr10:122514627	wtdmso	mtcsc	32	52	27	38	0.8660968660968661	0.7364252980276675
chr10:122514653	wtdmso	mtcsc	11	17	81	106	0.8467683369644154	0.8381641188872666
chr10:122514732	wtdmso	mtcsc	49	68	36	50	1.0008169934640523	1.0
chr10:122514787	wtdmso	mtcsc	11	15	82	107	0.9569105691056911	1.0
chr10:122514868	wtdmso	mtcsc	9	20	80	98	0.55125	0.22457117898912066
chr10:17229515	wtdmso	mtcsc	11	4	106	109	2.827830188679245	0.1072591909040632
chr10:17229666	wtdmso	mtcsc	19	27	103	95	0.649047105357785	0.2517500854030551
chr10:17229675	wtdmso	mtcsc	17	18	99	100	0.9539842873176206	1.0
chr10:17229714	wtdmso	mtcsc	6	8	98	95	0.7270408163265306	0.5933490926656944
chr10:17229756	wtdmso	mtcsc	3	1	111	115	3.108108108108108	0.3673701017640383
chr10:17229864	wtdmso	mtcsc	12	16	138	118	0.6413043478260869	0.3203689471746214
chr10:17229906	wtdmso	mtcsc	6	2	128	128	3.0	0.2819672135772981
chr10:17229963	wtdmso	mtcsc	4	2	153	150	1.9607843137254901	0.6846772408766184
chr10:17233593	wtdmso	mtcsc	2	2	162	146	0.9012345679012346	1.0
chr10:17233617	wtdmso	mtcsc	2	1	175	154	1.76	1.0
chr10:17233669	wtdmso	mtcsc	5	2	148	144	2.4324324324324325	0.4484836379461812
chr10:17233801	wtdmso	mtcsc	24	25	182	154	0.8123076923076923	0.5413552151300667
chr10:17233839	wtdmso	mtcsc	18	23	169	138	0.6390532544378699	0.18675234361418952
chr10:17233896	wtdmso	mtcsc	11	6	198	184	1.7037037037037037	0.3314210674406154
chr10:17234699	wtdmso	mtcsc	26	17	169	151	1.3665158371040724	0.41605169956422206
chr10:17234723	wtdmso	mtcsc	5	1	235	214	4.553191489361702	0.21991493181535215
chr10:17234815	wtdmso	mtcsc	16	18	247	202	0.7269455690508322	0.3784419915264355
chr10:17235208	wtdmso	mtcsc	14	21	245	193	0.5251700680272109	0.07843058174033611
chr10:17235229	wtdmso	mtcsc	3	4	262	211	0.6040076335877863	0.7056901541734037
chr10:17235238	wtdmso	mtcsc	6	1	242	207	5.132231404958677	0.13223683693244412
chr10:17235340	wtdmso	mtcsc	1	1	273	227	0.8315018315018315	1.0
chr10:17235865	wtdmso	mtcsc	5	2	256	225	2.197265625	0.45777542788268477
chr10:17235880	wtdmso	mtcsc	23	18	225	185	1.0506172839506174	1.0
chr10:17236340	wtdmso	mtcsc	13	16	274	212	0.6286496350364964	0.25120342575780774
chr10:17236364	wtdmso	mtcsc	23	22	264	210	0.8316115702479339	0.6384134621427524
chr10:17236375	wtdmso	mtcsc	6	2	216	187	2.5972222222222223	0.29704138105317324
chr10:17237241	wtdmso	mtcsc	3	3	274	236	0.8613138686131386	1.0
chr10:17237260	wtdmso	mtcsc	8	5	270	218	1.2918518518518518	0.7810056785127404
chr10:17237524	wtdmso	mtcsc	21	16	276	231	1.0985054347826086	0.8649156833224974
chr10:3105491	wtdmso	mtcsc	2	2	11	30	2.727272727272727	0.5672337997919392
chr10:3107214	wtdmso	mtcsc	1	2	12	29	1.2083333333333333	1.0
chr10:3108725	wtdmso	mtcsc	1	1	12	31	2.5833333333333335	0.4989898989898989
chr10:3108766	wtdmso	mtcsc	1	3	14	30	0.7142857142857143	1.0
chr10:3109439	wtdmso	mtcsc	2	3	13	35	1.794871794871795	0.6141649693259017
chr10:3112221	wtdmso	mtcsc	1	2	15	31	1.0333333333333334	1.0
chr10:3113138	wtdmso	mtcsc	2	10	22	28	0.2545454545454545	0.1059447779276996
chr10:3119902	wtdmso	mtcsc	1	2	30	40	0.6666666666666666	1.0
chr10:3120030	wtdmso	mtcsc	3	7	23	36	0.6708074534161491	0.7319609129066291
chr10:3129851	wtdmso	mtcsc	2	4	31	42	0.6774193548387096	1.0
chr10:3133222	wtdmso	mtcsc	3	2	33	45	2.0454545454545454	0.6481604094674468
chr10:3133279	wtdmso	mtcsc	1	1	37	52	1.4054054054054055	1.0
chr10:3134510	wtdmso	mtcsc	3	1	25	49	5.88	0.1291866028708134
chr10:3134518	wtdmso	mtcsc	1	1	34	50	1.4705882352941178	1.0
chr10:3134559	wtdmso	mtcsc	3	1	37	52	4.216216216216216	0.3109374652151651
chr10:3136538	wtdmso	mtcsc	2	2	31	39	1.2580645161290323	1.0
chr10:3136554	wtdmso	mtcsc	4	10	36	46	0.5111111111111111	0.38314051171324504
chr10:3136578	wtdmso	mtcsc	3	2	37	52	2.108108108108108	0.6475357771648542
chr10:3136615	wtdmso	mtcsc	13	23	27	27	0.5652173913043478	0.27896490331360124
chr10:32900620	wtdmso	mtcsc	38	28	52	35	0.9134615384615384	0.8685640821727512
chr10:32900679	wtdmso	mtcsc	6	1	82	60	4.390243902439025	0.24074781181520172
chr10:32900870	wtdmso	mtcsc	10	13	69	48	0.5351170568561873	0.24976207373938714
chr10:32900914	wtdmso	mtcsc	5	3	72	49	1.1342592592592593	1.0
chr10:32901079	wtdmso	mtcsc	5	9	61	40	0.36429872495446264	0.09186640767617152
chr10:32901200	wtdmso	mtcsc	4	4	65	49	0.7538461538461538	0.7265799190126828
chr10:32901307	wtdmso	mtcsc	12	10	43	28	0.7813953488372093	0.6285704811492441
chr10:32901375	wtdmso	mtcsc	11	6	54	45	1.5277777777777777	0.5981064597655634
chr10:32901386	wtdmso	mtcsc	25	10	35	24	1.7142857142857142	0.2729574932354002
chr10:32908371	wtdmso	mtcsc	1	2	45	30	0.3333333333333333	0.5646458804353542
chr10:32911566	wtdmso	mtcsc	2	3	32	19	0.3958333333333333	0.37102310687216344
chr10:32911606	wtdmso	mtcsc	14	8	22	17	1.3522727272727273	0.7867591321679127
chr10:32911991	wtdmso	mtcsc	4	2	19	17	1.7894736842105263	0.6728614167638558
chr10:4963438	wtdmso	mtcsc	3	3	19	68	3.5789473684210527	0.14187135807288034
chr10:4966014	wtdmso	mtcsc	5	12	18	69	1.5972222222222223	0.5229790152225113
chr10:4967008	wtdmso	mtcsc	2	1	21	82	7.809523809523809	0.11802819821687746
chr10:4972232	wtdmso	mtcsc	1	7	34	82	0.3445378151260504	0.4391619300431062
chr10:4972304	wtdmso	mtcsc	1	5	43	96	0.44651162790697674	0.6677285622420113
chr10:4972594	wtdmso	mtcsc	9	14	38	93	1.5733082706766917	0.3358117837417845
chr10:4972653	wtdmso	mtcsc	10	36	34	65	0.5310457516339869	0.1738758760727358
chr10:4972736	wtdmso	mtcsc	5	1	36	90	12.5	0.011102602219688888
chr10:4975868	wtdmso	mtcsc	4	2	45	116	5.155555555555556	0.061848463830507766
chr10:4975922	wtdmso	mtcsc	1	6	50	112	0.37333333333333335	0.676143899021291
chr10:4977793	wtdmso	mtcsc	4	6	45	110	1.6296296296296295	0.4853618460310466
chr10:4977819	wtdmso	mtcsc	9	18	39	91	1.1666666666666667	0.8190195576553831
chr10:4977824	wtdmso	mtcsc	4	8	36	87	1.2083333333333333	0.7489590830366337
chr10:4977903	wtdmso	mtcsc	1	2	45	96	1.0666666666666667	1.0
chr10:4989943	wtdmso	mtcsc	1	1	14	42	3.0	0.4537205081669692
chr10:4995451	wtdmso	mtcsc	1	2	11	27	1.2272727272727273	1.0
chr10:4995472	wtdmso	mtcsc	1	3	12	29	0.8055555555555556	1.0
chr10:5765303	wtdmso	mtcsc	2	1	21	39	3.7142857142857144	0.5482360051371156
chr10:5765384	wtdmso	mtcsc	9	13	15	29	1.3384615384615384	0.59915019461833
chr10:5765564	wtdmso	mtcsc	2	2	21	30	1.4285714285714286	1.0
chr10:5765784	wtdmso	mtcsc	1	3	9	20	0.7407407407407407	1.0
chr10:5766054	wtdmso	mtcsc	2	1	8	24	6.0	0.19022154316271964
chr10:5766498	wtdmso	mtcsc	1	10	9	12	0.13333333333333333	0.10580522393889906
chr10:69392184	wtdmso	mtcsc	1	1	9	28	3.111111111111111	0.4520917678812416
chr10:69392255	wtdmso	mtcsc	2	5	9	14	0.6222222222222222	1.0
chr10:69398662	wtdmso	mtcsc	1	1	20	30	1.5	1.0
chr10:69398768	wtdmso	mtcsc	3	3	23	28	1.2173913043478262	1.0
chr10:69398787	wtdmso	mtcsc	3	7	23	28	0.5217391304347826	0.4941010585532142
chr10:69398805	wtdmso	mtcsc	2	1	20	33	3.3	0.5547619047619049
chr10:69401023	wtdmso	mtcsc	7	5	17	28	2.3058823529411763	0.32391321876390716
chr10:69401375	wtdmso	mtcsc	1	1	25	37	1.48	1.0
chr10:69401692	wtdmso	mtcsc	3	3	30	36	1.2	1.0
chr10:69401712	wtdmso	mtcsc	5	5	30	38	1.2666666666666666	0.7463194137270759
chr10:69401855	wtdmso	mtcsc	7	2	24	36	5.25	0.06789133359955198
chr10:70203024	wtdmso	mtcsc	5	2	28	17	1.5178571428571428	1.0
chr10:70203054	wtdmso	mtcsc	11	5	21	15	1.5714285714285714	0.5488999654068133
chr10:70203158	wtdmso	mtcsc	2	1	28	20	1.4285714285714286	1.0
chr10:70209235	wtdmso	mtcsc	2	1	22	14	1.2727272727272727	1.0
chr10:70209288	wtdmso	mtcsc	3	4	21	11	0.39285714285714285	0.39550171748314156
chr10:70209633	wtdmso	mtcsc	3	1	18	14	2.3333333333333335	0.6256684491978608
chr10:70214556	wtdmso	mtcsc	1	1	19	13	0.6842105263157895	1.0
chr10:71816360	wtdmso	mtcsc	38	28	130	110	1.1483516483516483	0.676241106650765
chr10:71816382	wtdmso	mtcsc	4	2	189	162	1.7142857142857142	0.6911119054926023
chr10:71816403	wtdmso	mtcsc	3	5	198	168	0.509090909090909	0.4793838255143241
chr10:71816574	wtdmso	mtcsc	10	6	244	220	1.5027322404371584	0.4595365030400468
chr10:71816679	wtdmso	mtcsc	4	3	223	207	1.2376681614349776	1.0
chr10:71816859	wtdmso	mtcsc	4	4	218	210	0.963302752293578	1.0
chr10:71816973	wtdmso	mtcsc	3	2	206	200	1.4563106796116505	1.0
chr10:71816986	wtdmso	mtcsc	38	49	177	153	0.6703562781044621	0.11689034548938387
chr10:71817018	wtdmso	mtcsc	27	44	201	166	0.5067842605156038	0.013291816252933825
chr10:71817078	wtdmso	mtcsc	7	6	198	182	1.0723905723905724	1.0
chr10:71817125	wtdmso	mtcsc	8	12	196	184	0.6258503401360545	0.3634021675009984
chr10:71817351	wtdmso	mtcsc	6	7	200	182	0.78	0.7803545937527133
chr10:71817444	wtdmso	mtcsc	30	28	153	136	0.9523809523809523	0.8862634772696787
chr10:71818633	wtdmso	mtcsc	2	1	85	81	1.9058823529411764	1.0
chr10:71818641	wtdmso	mtcsc	23	41	155	131	0.4741148701809599	0.008783837099907356
chr10:71818681	wtdmso	mtcsc	25	32	153	136	0.6944444444444444	0.24651040966488547
chr10:71819480	wtdmso	mtcsc	6	2	145	140	2.896551724137931	0.28415667960971114
chr10:71819613	wtdmso	mtcsc	14	19	127	113	0.6556154164939909	0.27144531293822954
chr10:71819716	wtdmso	mtcsc	14	9	111	105	1.4714714714714714	0.5109619493469131
chr10:71820244	wtdmso	mtcsc	5	2	105	103	2.4523809523809526	0.4462657351020861
chr10:71820255	wtdmso	mtcsc	5	7	114	89	0.5576441102756893	0.3794173168985039
chr10:71820268	wtdmso	mtcsc	12	13	114	103	0.8340080971659919	0.6790483007344259
chr10:71821893	wtdmso	mtcsc	37	33	88	81	1.0320247933884297	1.0
chr10:71821943	wtdmso	mtcsc	1	1	108	98	0.9074074074074074	1.0
chr10:71825885	wtdmso	mtcsc	11	5	96	93	2.13125	0.19914006913213256
chr10:71828041	wtdmso	mtcsc	5	7	105	95	0.6462585034013606	0.5583169305596574
chr10:71828061	wtdmso	mtcsc	3	4	105	86	0.6142857142857143	0.703923755583046
chr10:71828093	wtdmso	mtcsc	2	1	72	66	1.8333333333333333	1.0
chr10:71828113	wtdmso	mtcsc	2	2	87	78	0.896551724137931	1.0
chr10:71828117	wtdmso	mtcsc	29	27	76	75	1.0599415204678362	0.8767611849218402
chr10:71828134	wtdmso	mtcsc	18	26	88	79	0.6215034965034965	0.17866128082933086
chr10:71828959	wtdmso	mtcsc	17	21	75	72	0.7771428571428571	0.5857575267732991
chr10:71831168	wtdmso	mtcsc	7	5	86	90	1.4651162790697674	0.5650886080115938
chr10:71831198	wtdmso	mtcsc	29	29	61	68	1.1147540983606556	0.7538386608854111
chr10:71831216	wtdmso	mtcsc	30	44	55	44	0.5454545454545454	0.06505746880502514
chr10:71834384	wtdmso	mtcsc	4	5	80	72	0.72	0.7380937201487694
chr10:71834482	wtdmso	mtcsc	18	10	63	65	1.8571428571428572	0.20990978062151316
chr10:72273954	wtdmso	mtcsc	13	10	67	60	1.164179104477612	0.8222908811233594
chr10:72274232	wtdmso	mtcsc	12	8	71	54	1.1408450704225352	1.0
chr10:72274282	wtdmso	mtcsc	27	26	54	42	0.8076923076923077	0.6071853726621768
chr10:72274373	wtdmso	mtcsc	7	8	89	68	0.6685393258426966	0.5880094679267955
chr10:72274388	wtdmso	mtcsc	4	5	91	68	0.5978021978021978	0.5042290002664175
chr10:72274745	wtdmso	mtcsc	2	4	107	76	0.35514018691588783	0.2439708551713916
chr10:72274758	wtdmso	mtcsc	25	27	84	63	0.6944444444444444	0.33081667711207796
chr10:72274878	wtdmso	mtcsc	17	12	94	84	1.2659574468085106	0.6887026273420345
chr10:72275014	wtdmso	mtcsc	4	1	107	91	3.4018691588785046	0.3798861615446156
chr10:72275033	wtdmso	mtcsc	61	54	27	17	0.7112482853223594	0.3769465887769087
chr10:72275163	wtdmso	mtcsc	9	11	101	75	0.6075607560756076	0.3448844195924508
chr10:72275188	wtdmso	mtcsc	48	31	74	75	1.5693112467306016	0.1256980270719969
chr10:72275223	wtdmso	mtcsc	10	7	96	90	1.3392857142857142	0.6200372642947851
chr10:72275237	wtdmso	mtcsc	67	55	49	49	1.2181818181818183	0.4987411510003523
chr10:72275252	wtdmso	mtcsc	3	2	111	108	1.4594594594594594	1.0
chr10:72275273	wtdmso	mtcsc	95	78	30	32	1.2991452991452992	0.4584939744799692
chr10:72275294	wtdmso	mtcsc	7	12	100	82	0.47833333333333333	0.15236500436926154
chr10:72275381	wtdmso	mtcsc	10	10	96	84	0.875	0.816746163263601
chr10:72275483	wtdmso	mtcsc	7	7	91	82	0.9010989010989011	1.0
chr10:72275501	wtdmso	mtcsc	2	1	108	103	1.9074074074074074	1.0
chr10:72275642	wtdmso	mtcsc	1	1	111	105	0.9459459459459459	1.0
chr10:72275701	wtdmso	mtcsc	10	5	84	97	2.3095238095238093	0.1794339652793055
chr10:72275884	wtdmso	mtcsc	1	6	116	108	0.15517241379310345	0.0633961345982751
chr10:72275926	wtdmso	mtcsc	56	53	57	48	0.8897715988083416	0.6834889151651841
chr10:72275988	wtdmso	mtcsc	1	1	92	96	1.0434782608695652	1.0
chr10:72276019	wtdmso	mtcsc	1	1	76	82	1.0789473684210527	1.0
chr10:73250842	wtdmso	mtcsc	2	2	16	8	0.5	0.6014652014652014
chr10:73250938	wtdmso	mtcsc	3	1	15	9	1.8	1.0
chr10:73916789	wtdmso	mtcsc	3	2	7	8	1.7142857142857142	1.0
chr10:73917181	wtdmso	mtcsc	6	3	5	7	2.8	0.38699690402476783
chr10:73917256	wtdmso	mtcsc	3	4	9	6	0.5	0.651702786377709
chr10:75210928	wtdmso	mtcsc	6	9	58	52	0.5977011494252874	0.41647053029272113
chr10:75211172	wtdmso	mtcsc	3	1	66	59	2.6818181818181817	0.6228287597771207
chr10:75212256	wtdmso	mtcsc	1	2	68	63	0.4632352941176471	0.6110782383366828
chr10:75214036	wtdmso	mtcsc	1	5	83	70	0.1686746987951807	0.10087159030744577
chr10:75214049	wtdmso	mtcsc	1	1	82	76	0.926829268292683	1.0
chr10:75219113	wtdmso	mtcsc	1	4	72	72	0.25	0.3669878617146114
chr10:75219152	wtdmso	mtcsc	9	6	72	72	1.5	0.589884851444912
chr10:75219171	wtdmso	mtcsc	6	3	70	70	2.0	0.4949449994578438
chr10:75219191	wtdmso	mtcsc	2	2	70	63	0.9	1.0
chr10:75219320	wtdmso	mtcsc	4	10	84	73	0.3476190476190476	0.09565422009725533
chr10:75219349	wtdmso	mtcsc	1	1	78	77	0.9871794871794872	1.0
chr10:75220807	wtdmso	mtcsc	4	5	83	78	0.7518072289156627	0.7422897895157718
chr10:75220823	wtdmso	mtcsc	4	4	76	71	0.9342105263157895	1.0
chr10:75220884	wtdmso	mtcsc	1	3	89	85	0.31835205992509363	0.3651331719128329
chr10:75220941	wtdmso	mtcsc	27	39	68	61	0.6210407239819005	0.1318756915295945
chr10:75220948	wtdmso	mtcsc	11	15	80	72	0.66	0.3979092334528401
chr10:75222261	wtdmso	mtcsc	16	12	54	58	1.4320987654320987	0.5267041784954416
chr10:75222330	wtdmso	mtcsc	3	3	89	86	0.9662921348314607	1.0
chr10:75229688	wtdmso	mtcsc	2	6	97	95	0.32646048109965636	0.2792462290207718
chr10:75231054	wtdmso	mtcsc	12	15	66	66	0.8	0.6750750093255427
chr10:75231135	wtdmso	mtcsc	2	3	90	79	0.5851851851851851	0.6674922514512648
chr10:75231224	wtdmso	mtcsc	11	20	107	95	0.4883177570093458	0.08336027505967705
chr10:75231271	wtdmso	mtcsc	7	6	43	37	1.003875968992248	1.0
chr10:78035363	wtdmso	mtcsc	1	2	282	264	0.46808510638297873	0.6130113694657446
chr10:78035387	wtdmso	mtcsc	7	4	237	228	1.6835443037974684	0.5454899704844568
chr10:78035552	wtdmso	mtcsc	1	1	269	247	0.9182156133828996	1.0
chr10:78035569	wtdmso	mtcsc	6	6	274	254	0.927007299270073	1.0
chr10:78035624	wtdmso	mtcsc	83	75	211	191	1.0017693522906792	1.0
chr10:78035698	wtdmso	mtcsc	78	67	209	200	1.114046989930729	0.6288768563601461
chr10:78035704	wtdmso	mtcsc	7	5	288	270	1.3125	0.7737124122548752
chr10:78035710	wtdmso	mtcsc	58	56	220	207	0.974512987012987	0.9163610845268264
chr10:78037217	wtdmso	mtcsc	4	1	296	275	3.7162162162162162	0.37500380052416826
chr10:78037248	wtdmso	mtcsc	1	1	255	231	0.9058823529411765	1.0
chr10:78037271	wtdmso	mtcsc	30	29	283	257	0.9394419398074814	0.8910469109883803
chr10:78040674	wtdmso	mtcsc	39	45	233	215	0.7997138769670958	0.4052627993459009
chr10:78040691	wtdmso	mtcsc	4	1	148	137	3.7027027027027026	0.3736025751516656
chr10:80155669	wtdmso	mtcsc	6	4	11	9	1.2272727272727273	1.0
chr10:80155686	wtdmso	mtcsc	5	6	10	6	0.5	0.45165343025081905
chr10:80155851	wtdmso	mtcsc	3	2	15	9	0.9	1.0
chr10:80155856	wtdmso	mtcsc	3	2	10	10	1.5	1.0
chr10:80157746	wtdmso	mtcsc	4	3	12	9	1.0	1.0
chr10:84142696	wtdmso	mtcsc	2	6	33	31	0.31313131313131315	0.2619733777295632
chr10:84142707	wtdmso	mtcsc	2	1	33	35	2.121212121212121	0.6142069810165339
chr10:84144070	wtdmso	mtcsc	6	12	24	27	0.5625	0.4100898299023235
chr10:84144990	wtdmso	mtcsc	11	14	27	28	0.8148148148148148	0.8098824429779452
chr10:84148741	wtdmso	mtcsc	1	4	35	39	0.2785714285714286	0.36895216708674405
chr10:84148793	wtdmso	mtcsc	1	1	34	37	1.088235294117647	1.0
chr10:84150189	wtdmso	mtcsc	15	17	21	31	1.3025210084033614	0.6514994646521495
chr10:84152352	wtdmso	mtcsc	3	6	36	45	0.625	0.7264257100292485
chr10:84152819	wtdmso	mtcsc	5	10	17	12	0.35294117647058826	0.2027470859145241
chr10:86968566	wtdmso	mtcsc	3	2	9	20	3.3333333333333335	0.31925996204933577
chr10:86968589	wtdmso	mtcsc	1	4	12	19	0.3958333333333333	0.6335784313725488
chr10:86970592	wtdmso	mtcsc	1	1	13	22	1.6923076923076923	1.0
chr10:95237612	wtdmso	mtcsc	3	7	70	103	0.6306122448979592	0.7420514455002283
chr10:95237636	wtdmso	mtcsc	2	16	78	126	0.20192307692307693	0.021605351131922343
chr10:95237727	wtdmso	mtcsc	9	19	82	134	0.7740693196405648	0.678969571401297
chr10:95237771	wtdmso	mtcsc	10	12	80	143	1.4895833333333333	0.48730763966810653
chr10:95237910	wtdmso	mtcsc	3	6	72	138	0.9583333333333334	1.0
chr10:95238051	wtdmso	mtcsc	15	40	69	111	0.6032608695652174	0.15022033768014453
chr10:95238087	wtdmso	mtcsc	9	14	65	115	1.1373626373626373	0.8199066205350274
chr10:95238588	wtdmso	mtcsc	2	9	86	141	0.3643410852713178	0.22054363890032924
chr10:95263872	wtdmso	mtcsc	18	19	35	83	2.2466165413533834	0.046406292808010646
chr10:95263897	wtdmso	mtcsc	2	4	44	102	1.1590909090909092	1.0
chr10:95268783	wtdmso	mtcsc	5	3	51	119	3.888888888888889	0.11075711025167345
chr10:95268855	wtdmso	mtcsc	8	11	51	118	1.6827094474153297	0.30445511969200145
chr10:95271648	wtdmso	mtcsc	8	8	50	104	2.08	0.17428908958895456
chr10:95271677	wtdmso	mtcsc	4	7	44	98	1.2727272727272727	0.7413957732787153
chr10:95271696	wtdmso	mtcsc	8	7	45	100	2.5396825396825395	0.0911733059883992
chr10:95290847	wtdmso	mtcsc	4	4	52	107	2.0576923076923075	0.443748254022589
chr10:95290911	wtdmso	mtcsc	4	2	47	90	3.8297872340425534	0.18665249781812931
chr10:96521448	wtdmso	mtcsc	1	3	12	8	0.2222222222222222	0.3002070393374741
chr10:96522242	wtdmso	mtcsc	2	5	8	5	0.25	0.3498452012383901
chr10:97426356	wtdmso	mtcsc	10	10	44	64	1.4545454545454546	0.46852308691427846
chr10:97426365	wtdmso	mtcsc	8	11	55	77	1.018181818181818	1.0
chr10:97430396	wtdmso	mtcsc	1	2	72	88	0.6111111111111112	1.0
chr10:97430434	wtdmso	mtcsc	1	1	68	90	1.3235294117647058	1.0
chr10:97430443	wtdmso	mtcsc	5	10	63	67	0.5317460317460317	0.2905522339233646
chr10:97430488	wtdmso	mtcsc	11	17	61	78	0.8273866923818708	0.6820868444765475
chr10:97432384	wtdmso	mtcsc	38	45	36	48	1.125925925925926	0.7563779086583693
chr10:97432420	wtdmso	mtcsc	4	3	58	77	1.7701149425287357	0.6990777014248133
chr10:97432426	wtdmso	mtcsc	12	10	74	97	1.572972972972973	0.36599792173430157
chr10:97432610	wtdmso	mtcsc	7	14	68	77	0.5661764705882353	0.34840621877616135
chr10:97432623	wtdmso	mtcsc	1	2	77	99	0.6428571428571429	1.0
chr10:97432651	wtdmso	mtcsc	6	11	75	87	0.6327272727272727	0.44989572920685617
chr10:97432799	wtdmso	mtcsc	15	22	82	107	0.8896895787139689	0.8563743665960453
chr10:97432833	wtdmso	mtcsc	44	62	47	60	0.905971173644475	0.7822170731853673
chr10:97432846	wtdmso	mtcsc	3	4	103	126	0.9174757281553398	1.0
chr10:97432862	wtdmso	mtcsc	4	9	85	108	0.5647058823529412	0.40060171687717716
chr10:97433003	wtdmso	mtcsc	4	8	83	108	0.6506024096385542	0.5611113789650446
chr10:97433021	wtdmso	mtcsc	5	5	86	116	1.3488372093023255	0.747854949786178
chr10:97433217	wtdmso	mtcsc	2	2	85	116	1.3647058823529412	1.0
chr10:97433352	wtdmso	mtcsc	1	2	97	113	0.5824742268041238	1.0
chr10:97433388	wtdmso	mtcsc	14	11	90	118	1.6686868686868688	0.287684502880433
chr11:10797237	wtdmso	mtcsc	1	1	28	40	1.4285714285714286	1.0
chr11:10797381	wtdmso	mtcsc	5	4	27	39	1.8055555555555556	0.4836329897738332
chr11:10797484	wtdmso	mtcsc	4	3	23	30	1.7391304347826086	0.6900858223876463
chr11:10797528	wtdmso	mtcsc	1	8	28	24	0.10714285714285714	0.02770439954745536
chr11:10797763	wtdmso	mtcsc	1	3	20	18	0.3	0.6060037523452158
chr11:10797811	wtdmso	mtcsc	4	2	17	18	2.1176470588235294	0.662796004259419
chr11:118401647	wtdmso	mtcsc	3	2	50	59	1.77	0.6621722436813262
chr11:118401662	wtdmso	mtcsc	2	3	62	70	0.7526881720430108	1.0
chr11:118406944	wtdmso	mtcsc	2	1	63	71	2.253968253968254	0.6036925719192786
chr11:118407067	wtdmso	mtcsc	1	1	65	68	1.0461538461538462	1.0
chr11:118409151	wtdmso	mtcsc	3	2	59	69	1.7542372881355932	0.663723070293375
chr11:118409166	wtdmso	mtcsc	3	2	45	52	1.7333333333333334	0.6640851119925919
chr11:119015726	wtdmso	mtcsc	3	6	272	345	0.6341911764705882	0.7380521284292456
chr11:119015928	wtdmso	mtcsc	9	15	377	486	0.773474801061008	0.6775492580939456
chr11:119015937	wtdmso	mtcsc	17	22	348	441	0.97923197492163	1.0
chr11:119017473	wtdmso	mtcsc	3	4	374	479	0.9605614973262032	1.0
chr11:119017492	wtdmso	mtcsc	1	4	365	449	0.30753424657534245	0.38756335888215065
chr11:119017507	wtdmso	mtcsc	109	126	292	380	1.1257882148293108	0.4462544915274789
chr11:119017519	wtdmso	mtcsc	9	9	352	464	1.3181818181818181	0.6337655948495438
chr11:119017985	wtdmso	mtcsc	22	39	369	453	0.6925161559307901	0.22901509062243997
chr11:119017994	wtdmso	mtcsc	10	8	374	478	1.5975935828877006	0.346503641963799
chr11:119018000	wtdmso	mtcsc	1	3	363	476	0.43709825528007346	0.6380007080228379
chr11:120111553	wtdmso	mtcsc	1	1	11	11	1.0	1.0
chr11:120111739	wtdmso	mtcsc	1	3	11	10	0.30303030303030304	0.5930434782608693
chr11:120111968	wtdmso	mtcsc	4	2	8	9	2.25	0.6404053612291599
chr11:120112201	wtdmso	mtcsc	1	1	10	10	1.0	1.0
chr11:120118275	wtdmso	mtcsc	3	3	8	8	1.0	1.0
chr11:123057512	wtdmso	mtcsc	1	1	57	51	0.8947368421052632	1.0
chr11:123057592	wtdmso	mtcsc	10	15	54	40	0.49382716049382713	0.17507880236479323
chr11:123057680	wtdmso	mtcsc	11	17	34	26	0.49480968858131485	0.17050234187890573
chr11:123057895	wtdmso	mtcsc	26	19	55	42	1.044976076555024	1.0
chr11:123057918	wtdmso	mtcsc	2	1	60	43	1.4333333333333333	1.0
chr11:123058405	wtdmso	mtcsc	3	4	48	32	0.5	0.441383714423612
chr11:123058636	wtdmso	mtcsc	5	2	43	39	2.2674418604651163	0.44475477551820464
chr11:123058773	wtdmso	mtcsc	16	13	40	22	0.676923076923077	0.4889404173210138
chr11:123059083	wtdmso	mtcsc	1	2	36	25	0.3472222222222222	0.5684043778801843
chr11:123059150	wtdmso	mtcsc	6	2	36	26	2.1666666666666665	0.46203746438697
chr11:123059168	wtdmso	mtcsc	4	4	38	28	0.7368421052631579	0.7200464204794644
chr11:123059518	wtdmso	mtcsc	11	5	41	28	1.502439024390244	0.5775543448077476
chr11:123059612	wtdmso	mtcsc	1	1	36	13	0.3611111111111111	0.4776470588235293
chr11:123059648	wtdmso	mtcsc	1	2	38	12	0.15789473684210525	0.16703662597114313
chr11:123059669	wtdmso	mtcsc	1	2	39	24	0.3076923076923077	0.5568181818181819
chr11:123059680	wtdmso	mtcsc	19	14	23	13	0.7670807453416149	0.6288419476553386
chr11:123059837	wtdmso	mtcsc	2	1	32	21	1.3125	1.0
chr11:130129171	wtdmso	mtcsc	3	1	12	12	3.0	0.6
chr11:130133634	wtdmso	mtcsc	2	3	13	11	0.5641025641025641	0.6513409961685823
chr11:130135621	wtdmso	mtcsc	2	1	16	17	2.125	1.0
chr11:130140425	wtdmso	mtcsc	3	2	14	19	2.0357142857142856	0.6396396396396395
chr11:130141509	wtdmso	mtcsc	5	2	14	20	3.5714285714285716	0.21891131281375184
chr11:130143383	wtdmso	mtcsc	8	4	25	18	1.44	0.7435776483714378
chr11:130143395	wtdmso	mtcsc	2	2	32	22	0.6875	1.0
chr11:130143561	wtdmso	mtcsc	5	4	25	15	0.75	0.7199413968946287
chr11:130143570	wtdmso	mtcsc	19	12	19	12	1.0	1.0
chr11:130143578	wtdmso	mtcsc	16	12	18	12	0.8888888888888888	1.0
chr11:130143601	wtdmso	mtcsc	15	9	21	13	1.0317460317460319	1.0
chr11:130143754	wtdmso	mtcsc	7	3	26	15	1.3461538461538463	1.0
chr11:130143805	wtdmso	mtcsc	2	2	36	23	0.6388888888888888	1.0
chr11:130143957	wtdmso	mtcsc	16	5	35	16	1.4628571428571429	0.5815334299727457
chr11:130144010	wtdmso	mtcsc	4	1	48	25	2.0833333333333335	0.6597759755654493
chr11:130144480	wtdmso	mtcsc	3	1	50	28	1.68	1.0
chr11:130144493	wtdmso	mtcsc	4	3	43	21	0.6511627906976745	0.6816526633292019
chr11:130144512	wtdmso	mtcsc	6	2	52	26	1.5	1.0
chr11:130144649	wtdmso	mtcsc	15	4	37	22	2.22972972972973	0.2660317770746737
chr11:17074394	wtdmso	mtcsc	7	7	131	170	1.297709923664122	0.784213780539919
chr11:17075537	wtdmso	mtcsc	6	8	363	422	0.871900826446281	1.0
chr11:17075575	wtdmso	mtcsc	106	142	290	329	0.8468674113647402	0.29123164901377385
chr11:17077201	wtdmso	mtcsc	1	2	391	457	0.5843989769820972	1.0
chr11:17077233	wtdmso	mtcsc	6	8	307	346	0.8452768729641694	0.7939322346476934
chr11:1752790	wtdmso	mtcsc	2	2	89	108	1.2134831460674158	1.0
chr11:1752832	wtdmso	mtcsc	10	11	82	104	1.1529933481152994	0.81894819094621
chr11:1752913	wtdmso	mtcsc	25	33	76	93	0.9270334928229665	0.8786853369354586
chr11:1752953	wtdmso	mtcsc	13	7	91	115	2.3469387755102042	0.09950999631303045
chr11:1753542	wtdmso	mtcsc	4	7	60	78	0.7428571428571429	0.7582505820147385
chr11:1753620	wtdmso	mtcsc	4	1	67	85	5.074626865671642	0.17629137066161926
chr11:1754081	wtdmso	mtcsc	3	1	61	82	4.032786885245901	0.31764819295691826
chr11:1754115	wtdmso	mtcsc	2	1	68	92	2.7058823529411766	0.5773687798227676
chr11:1755025	wtdmso	mtcsc	1	2	43	64	0.7441860465116279	1.0
chr11:1757347	wtdmso	mtcsc	3	9	54	76	0.4691358024691358	0.36162449023730897
chr11:1758978	wtdmso	mtcsc	2	13	42	51	0.18681318681318682	0.023474630830740053
chr11:1759534	wtdmso	mtcsc	2	5	48	60	0.5	0.6971276579059462
chr11:1761318	wtdmso	mtcsc	3	2	47	65	2.074468085106383	0.6497539927443512
chr11:1761349	wtdmso	mtcsc	1	2	38	56	0.7368421052631579	1.0
chr11:1761402	wtdmso	mtcsc	4	8	47	55	0.5851063829787234	0.5431286180959541
chr11:1761433	wtdmso	mtcsc	1	2	36	51	0.7083333333333334	1.0
chr11:18269203	wtdmso	mtcsc	1	1	38	20	0.5263157894736842	1.0
chr11:18269278	wtdmso	mtcsc	11	3	28	18	2.357142857142857	0.33957172765262966
chr11:18269763	wtdmso	mtcsc	5	2	33	12	0.9090909090909091	1.0
chr11:18396889	wtdmso	mtcsc	5	10	50	55	0.55	0.4083915344278579
chr11:18399431	wtdmso	mtcsc	6	2	81	95	3.5185185185185186	0.15177588404513026
chr11:18399444	wtdmso	mtcsc	20	34	62	62	0.5882352941176471	0.1410095531458967
chr11:18399523	wtdmso	mtcsc	7	9	57	78	1.064327485380117	1.0
chr11:18400847	wtdmso	mtcsc	17	16	75	87	1.2325	0.7025336516280174
chr11:18400935	wtdmso	mtcsc	22	21	68	82	1.2633053221288515	0.6033374528562387
chr11:18400980	wtdmso	mtcsc	45	44	41	56	1.3968957871396896	0.3032831571954573
chr11:18402850	wtdmso	mtcsc	5	4	84	98	1.4583333333333333	0.7358552823746936
chr11:18402996	wtdmso	mtcsc	6	5	88	114	1.5545454545454545	0.5419816200143837
chr11:18403737	wtdmso	mtcsc	2	1	96	112	2.3333333333333335	0.598213111408422
chr11:18403758	wtdmso	mtcsc	13	27	94	90	0.46099290780141844	0.036924882557955806
chr11:18403775	wtdmso	mtcsc	5	5	97	118	1.2164948453608246	0.7586100747988784
chr11:18405466	wtdmso	mtcsc	2	3	106	125	0.7861635220125787	1.0
chr11:18405496	wtdmso	mtcsc	12	16	87	105	0.9051724137931034	0.8416907187827793
chr11:18407169	wtdmso	mtcsc	1	5	89	100	0.2247191011235955	0.21989751975569555
chr11:18407200	wtdmso	mtcsc	5	4	112	129	1.4397321428571428	0.7377917385496073
chr11:18407206	wtdmso	mtcsc	11	20	115	121	0.578695652173913	0.18435427893322526
chr11:18407397	wtdmso	mtcsc	36	49	23	27	0.8624667258207631	0.7215066273185955
chr11:18407407	wtdmso	mtcsc	1	1	125	142	1.136	1.0
chr11:18407604	wtdmso	mtcsc	15	14	122	130	1.1416861826697893	0.8450458450302426
chr11:18407625	wtdmso	mtcsc	37	44	90	99	0.925	0.7915087447087774
chr11:18407733	wtdmso	mtcsc	20	24	116	121	0.8692528735632183	0.7434777432115436
chr11:18407840	wtdmso	mtcsc	15	26	31	34	0.6327543424317618	0.316290053223554
chr11:2377508	wtdmso	mtcsc	8	8	66	50	0.7575757575757576	0.604420816484076
chr11:2390496	wtdmso	mtcsc	1	2	66	51	0.38636363636363635	0.5827410625267057
chr11:2395041	wtdmso	mtcsc	5	7	63	43	0.4875283446712018	0.3558538632470779
chr11:2395443	wtdmso	mtcsc	2	2	77	65	0.8441558441558441	1.0
chr11:2395505	wtdmso	mtcsc	4	3	86	61	0.9457364341085271	1.0
chr11:2395872	wtdmso	mtcsc	1	1	86	66	0.7674418604651163	1.0
chr11:2395895	wtdmso	mtcsc	12	8	69	55	1.1956521739130435	0.8105553509649495
chr11:2395904	wtdmso	mtcsc	12	7	69	47	1.1677018633540373	0.8064720954916301
chr11:2395923	wtdmso	mtcsc	5	1	89	67	3.764044943820225	0.4022605797347605
chr11:2396631	wtdmso	mtcsc	15	9	66	54	1.3636363636363635	0.6528851142945193
chr11:2396652	wtdmso	mtcsc	7	5	86	67	1.0906976744186045	1.0
chr11:2396849	wtdmso	mtcsc	16	8	76	58	1.5263157894736843	0.5008328802512343
chr11:2396890	wtdmso	mtcsc	6	4	72	57	1.1875	1.0
chr11:2396919	wtdmso	mtcsc	1	1	91	65	0.7142857142857143	1.0
chr11:2397019	wtdmso	mtcsc	22	11	63	55	1.746031746031746	0.23368237100432077
chr11:2397096	wtdmso	mtcsc	10	6	90	64	1.1851851851851851	0.7968743761476755
chr11:2397183	wtdmso	mtcsc	15	17	90	57	0.5588235294117647	0.16627654797080932
chr11:2397358	wtdmso	mtcsc	14	12	60	45	0.875	0.8267452812468843
chr11:2397382	wtdmso	mtcsc	18	17	64	42	0.6948529411764706	0.430004976124294
chr11:2928543	wtdmso	mtcsc	6	6	6	4	0.6666666666666666	0.6913550845439391
chr11:2928597	wtdmso	mtcsc	2	2	10	26	2.6	0.5698435277382647
chr11:2929038	wtdmso	mtcsc	4	7	20	16	0.45714285714285713	0.31765907793230663
chr11:2929188	wtdmso	mtcsc	2	8	12	13	0.2708333333333333	0.25164323996359594
chr11:319798	wtdmso	mtcsc	3	2	39	45	1.7307692307692308	0.6636495274773739
chr11:319887	wtdmso	mtcsc	1	2	47	48	0.5106382978723404	1.0
chr11:319919	wtdmso	mtcsc	14	10	37	42	1.5891891891891892	0.3589043482752784
chr11:319959	wtdmso	mtcsc	1	2	51	48	0.47058823529411764	0.6138613861386139
chr11:320607	wtdmso	mtcsc	14	14	29	24	0.8275862068965517	0.8155184007850635
chr11:32587066	wtdmso	mtcsc	3	1	20	15	2.25	0.6308859466754202
chr11:32594957	wtdmso	mtcsc	2	1	29	18	1.2413793103448276	1.0
chr11:32600701	wtdmso	mtcsc	7	7	23	13	0.5652173913043478	0.5215871358085428
chr11:32601769	wtdmso	mtcsc	2	1	34	20	1.1764705882352942	1.0
chr11:32602358	wtdmso	mtcsc	6	2	30	18	1.8	0.6974497200912296
chr11:32602370	wtdmso	mtcsc	2	2	36	21	0.5833333333333334	0.6281955715668142
chr11:33708935	wtdmso	mtcsc	1	4	40	24	0.15	0.1501224405755459
chr11:33709152	wtdmso	mtcsc	2	3	38	23	0.40350877192982454	0.3748254433738304
chr11:33709237	wtdmso	mtcsc	7	4	28	21	1.3125	0.7483558235512556
chr11:33709349	wtdmso	mtcsc	15	5	17	11	1.9411764705882353	0.36332646956462744
chr11:33709366	wtdmso	mtcsc	6	6	28	10	0.35714285714285715	0.16267853155304496
chr11:33709553	wtdmso	mtcsc	1	1	56	37	0.6607142857142857	1.0
chr11:33709601	wtdmso	mtcsc	10	5	44	30	1.3636363636363635	0.7738163278964667
chr11:33709696	wtdmso	mtcsc	5	3	48	30	1.0416666666666667	1.0
chr11:33709838	wtdmso	mtcsc	1	1	36	26	0.7222222222222222	1.0
chr11:33709889	wtdmso	mtcsc	18	7	36	30	2.142857142857143	0.15634665136769887
chr11:33709895	wtdmso	mtcsc	7	3	45	33	1.711111111111111	0.517242778309167
chr11:33709966	wtdmso	mtcsc	12	8	41	27	0.9878048780487805	1.0
chr11:33710163	wtdmso	mtcsc	14	17	83	84	0.8334514528703048	0.6983642349195673
chr11:33710199	wtdmso	mtcsc	13	18	55	56	0.7353535353535353	0.543252872338322
chr11:33710218	wtdmso	mtcsc	29	39	68	61	0.6670437405731523	0.23041719893535678
chr11:33710228	wtdmso	mtcsc	2	6	98	97	0.3299319727891156	0.2796368964011427
chr11:33710237	wtdmso	mtcsc	17	13	69	75	1.4214046822742474	0.42633994644928763
chr11:33717428	wtdmso	mtcsc	14	9	62	73	1.831541218637993	0.2589031060491792
chr11:33722453	wtdmso	mtcsc	4	6	61	68	0.7431693989071039	0.7502144786327843
chr11:35231699	wtdmso	mtcsc	2	1	8	24	6.0	0.19022154316271964
chr11:35231718	wtdmso	mtcsc	1	1	9	23	2.5555555555555554	0.5080213903743314
chr11:35231752	wtdmso	mtcsc	1	1	9	21	2.3333333333333335	0.5342741935483872
chr11:35231772	wtdmso	mtcsc	1	2	10	22	1.1	1.0
chr11:3827023	wtdmso	mtcsc	2	3	33	47	0.9494949494949495	1.0
chr11:3827046	wtdmso	mtcsc	6	6	34	46	1.3529411764705883	0.7573742754605579
chr11:3827050	wtdmso	mtcsc	9	18	35	42	0.6	0.36595836775410495
chr11:3827265	wtdmso	mtcsc	4	12	36	45	0.4166666666666667	0.17502708379480753
chr11:3827315	wtdmso	mtcsc	7	4	33	51	2.7045454545454546	0.19312916269077868
chr11:3827355	wtdmso	mtcsc	11	15	29	38	0.960919540229885	1.0
chr11:3827475	wtdmso	mtcsc	20	34	19	21	0.6501547987616099	0.3975959076458081
chr11:3827562	wtdmso	mtcsc	4	4	33	46	1.393939393939394	0.7182652345476477
chr11:3827767	wtdmso	mtcsc	1	2	39	49	0.6282051282051282	1.0
chr11:3827785	wtdmso	mtcsc	22	30	17	25	1.0784313725490196	1.0
chr11:3827915	wtdmso	mtcsc	1	2	28	36	0.6428571428571429	1.0
chr11:3827968	wtdmso	mtcsc	7	19	9	23	0.9415204678362573	1.0
chr11:3827977	wtdmso	mtcsc	10	19	28	38	0.7142857142857143	0.5037700207044096
chr11:3827983	wtdmso	mtcsc	11	8	28	47	2.3080357142857144	0.1232018511794283
chr11:397422	wtdmso	mtcsc	1	2	9	21	1.1666666666666667	1.0
chr11:400335	wtdmso	mtcsc	1	2	9	11	0.6111111111111112	1.0
chr11:400637	wtdmso	mtcsc	1	1	11	11	1.0	1.0
chr11:403123	wtdmso	mtcsc	1	1	11	23	2.090909090909091	1.0
chr11:403240	wtdmso	mtcsc	2	1	11	26	4.7272727272727275	0.24210526315789474
chr11:403689	wtdmso	mtcsc	4	6	8	23	1.9166666666666667	0.441036927208867
chr11:403719	wtdmso	mtcsc	1	5	10	22	0.44	0.6503580094911364
chr11:404077	wtdmso	mtcsc	1	3	10	27	0.9	1.0
chr11:404552	wtdmso	mtcsc	1	4	11	28	0.6363636363636364	1.0
chr11:404615	wtdmso	mtcsc	1	3	10	23	0.7666666666666667	1.0
chr11:404751	wtdmso	mtcsc	2	4	10	12	0.6	0.6729840208101078
chr11:494546	wtdmso	mtcsc	1	11	9	23	0.23232323232323232	0.24100513227897766
chr11:494742	wtdmso	mtcsc	1	8	27	42	0.19444444444444445	0.1455046446973496
chr11:495029	wtdmso	mtcsc	3	1	28	55	5.892857142857143	0.12722298221614226
chr11:498078	wtdmso	mtcsc	5	13	25	39	0.6	0.42219069158667993
chr11:498482	wtdmso	mtcsc	2	6	26	44	0.5641025641025641	0.7039666953250836
chr11:498769	wtdmso	mtcsc	2	4	27	45	0.8333333333333334	1.0
chr11:499116	wtdmso	mtcsc	2	1	25	37	2.96	0.5654532967032967
chr11:499863	wtdmso	mtcsc	3	4	9	22	1.8333333333333333	0.6559911304493349
chr11:499990	wtdmso	mtcsc	5	5	5	21	4.2	0.09974819862440093
chr11:57551964	wtdmso	mtcsc	1	2	9	8	0.4444444444444444	1.0
chr11:61299616	wtdmso	mtcsc	7	14	18	42	1.1666666666666667	0.7889113983446833
chr11:61299671	wtdmso	mtcsc	1	3	22	55	0.8333333333333334	1.0
chr11:61299970	wtdmso	mtcsc	8	16	16	35	1.09375	1.0
chr11:61300898	wtdmso	mtcsc	2	3	20	40	1.3333333333333333	1.0
chr11:61302350	wtdmso	mtcsc	1	4	10	40	1.0	1.0
chr11:61313537	wtdmso	mtcsc	1	13	9	20	0.17094017094017094	0.12798137298487638
chr11:61790541	wtdmso	mtcsc	1	5	44	53	0.2409090909090909	0.22777204700971032
chr11:61790564	wtdmso	mtcsc	5	10	40	51	0.6375	0.5760284645256181
chr11:61964622	wtdmso	mtcsc	16	19	695	1246	1.5097311624384704	0.28584942649575823
chr11:61964692	wtdmso	mtcsc	29	42	665	1204	1.250125313283208	0.37859600017562717
chr11:61964745	wtdmso	mtcsc	11	32	715	1245	0.5985576923076923	0.1522231544795831
chr11:61964763	wtdmso	mtcsc	16	33	654	1117	0.8280974886479474	0.6527908720740716
chr11:61964818	wtdmso	mtcsc	54	107	653	1140	0.8810522248143007	0.49422751886332084
chr11:61964826	wtdmso	mtcsc	11	26	731	1260	0.7292433968220562	0.49123789619181557
chr11:61964872	wtdmso	mtcsc	2	11	664	1172	0.3209200438116101	0.15256855875716574
chr11:61964883	wtdmso	mtcsc	22	57	671	1185	0.6816220880069025	0.15066255590990404
chr11:61964993	wtdmso	mtcsc	17	16	621	1092	1.8683574879227054	0.09876157559898735
chr11:61965002	wtdmso	mtcsc	5	7	607	1059	1.246175570722523	0.7668765435667557
chr11:61965013	wtdmso	mtcsc	12	22	662	1165	0.959901126064268	1.0
chr11:61965022	wtdmso	mtcsc	162	314	462	761	0.8498221523699231	0.16131363981529298
chr11:61965095	wtdmso	mtcsc	11	21	630	1099	0.9137566137566138	0.8554449638848722
chr11:61965104	wtdmso	mtcsc	10	23	502	882	0.763900918066863	0.5836721432136285
chr11:61965405	wtdmso	mtcsc	5	29	670	1188	0.305712815234174	0.01042977422927165
chr11:61965422	wtdmso	mtcsc	12	28	569	1058	0.7968867687672608	0.6154018137709061
chr11:61965434	wtdmso	mtcsc	57	98	605	1096	1.0536684095125655	0.7929063900372109
chr11:61965477	wtdmso	mtcsc	24	37	595	1106	1.2057233704292527	0.4965998910143272
chr11:61965501	wtdmso	mtcsc	6	14	385	791	0.8805194805194805	1.0
chr11:61967378	wtdmso	mtcsc	38	85	496	937	0.8445445920303606	0.4299800812285326
chr11:61967390	wtdmso	mtcsc	77	140	458	908	1.0903930131004367	0.58897657728306
chr11:61967501	wtdmso	mtcsc	92	157	379	794	1.2276355813992572	0.15973601584519082
chr11:61967574	wtdmso	mtcsc	7	37	465	906	0.36861377506538795	0.013888914159639798
chr11:62515960	wtdmso	mtcsc	4	4	49	33	0.673469387755102	0.7123485459786614
chr11:62516062	wtdmso	mtcsc	14	4	36	29	2.8194444444444446	0.1070595784016388
chr11:62516285	wtdmso	mtcsc	4	3	31	25	1.075268817204301	1.0
chr11:62516362	wtdmso	mtcsc	5	3	31	24	1.2903225806451613	1.0
chr11:62516409	wtdmso	mtcsc	7	5	25	24	1.344	0.7529019791034697
chr11:62516470	wtdmso	mtcsc	6	4	25	13	0.78	0.7266184576074426
chr11:62516569	wtdmso	mtcsc	2	5	33	22	0.26666666666666666	0.2233294619190107
chr11:62559607	wtdmso	mtcsc	25	39	125	231	1.1846153846153846	0.5721805836937763
chr11:62559612	wtdmso	mtcsc	61	102	316	501	0.948157110945644	0.7919006497146032
chr11:62559677	wtdmso	mtcsc	172	281	290	473	0.998355626457234	1.0
chr11:62559767	wtdmso	mtcsc	10	8	419	697	2.0793556085918854	0.14257153857577193
chr11:62559789	wtdmso	mtcsc	7	10	381	628	1.1538057742782153	0.8039099820163671
chr11:62559814	wtdmso	mtcsc	10	14	407	659	1.1565461565461566	0.8323418881213516
chr11:62560130	wtdmso	mtcsc	37	61	362	573	0.9601032515170728	0.9133414814823484
chr11:62560174	wtdmso	mtcsc	7	17	314	499	0.65436493068565	0.4005583130680138
chr11:62560308	wtdmso	mtcsc	6	3	399	630	3.1578947368421053	0.16578949652326153
chr11:62560318	wtdmso	mtcsc	66	104	346	548	1.0051133837261006	1.0
chr11:62560409	wtdmso	mtcsc	27	45	349	579	0.9954154727793696	1.0
chr11:62566829	wtdmso	mtcsc	16	25	360	580	1.031111111111111	1.0
chr11:62566976	wtdmso	mtcsc	35	55	324	523	1.0272166105499438	0.9096246360548581
chr11:62566992	wtdmso	mtcsc	9	8	375	601	1.803	0.3146406557880329
chr11:62567426	wtdmso	mtcsc	16	45	347	552	0.5656099903938521	0.05679515492422282
chr11:62571004	wtdmso	mtcsc	19	13	277	454	2.395445709525132	0.024558887331649078
chr11:62571014	wtdmso	mtcsc	6	7	311	488	1.344970142397795	0.5816854046365093
chr11:62571038	wtdmso	mtcsc	21	39	275	418	0.8184615384615385	0.4950697592748993
chr11:62571542	wtdmso	mtcsc	3	4	259	410	1.1872586872586872	1.0
chr11:62572627	wtdmso	mtcsc	2	2	266	405	1.5225563909774436	0.651323847778449
chr11:62572719	wtdmso	mtcsc	15	33	227	335	0.670804965959151	0.2817785961523491
chr11:62572741	wtdmso	mtcsc	8	17	194	332	0.8053365676167374	0.6770631268396783
chr11:62624872	wtdmso	mtcsc	3	6	10	18	0.9	1.0
chr11:62625251	wtdmso	mtcsc	4	6	18	25	0.9259259259259259	1.0
chr11:62625289	wtdmso	mtcsc	1	1	9	12	1.3333333333333333	1.0
chr11:62625306	wtdmso	mtcsc	1	2	19	24	0.631578947368421	1.0
chr11:62676906	wtdmso	mtcsc	2	2	11	13	1.1818181818181819	1.0
chr11:62677533	wtdmso	mtcsc	2	2	12	14	1.1666666666666667	1.0
chr11:62761620	wtdmso	mtcsc	1	3	10	8	0.26666666666666666	0.5864661654135339
chr11:62766652	wtdmso	mtcsc	1	4	9	16	0.4444444444444444	0.6400151572565366
chr11:62880985	wtdmso	mtcsc	2	2	19	22	1.1578947368421053	1.0
chr11:62881033	wtdmso	mtcsc	11	10	33	19	0.6333333333333333	0.4344526050118792
chr11:62881991	wtdmso	mtcsc	17	10	60	61	1.7283333333333333	0.2868988924136917
chr11:62882952	wtdmso	mtcsc	21	17	66	62	1.160427807486631	0.7151894369907275
chr11:62884686	wtdmso	mtcsc	1	2	88	84	0.4772727272727273	0.6164173239556935
chr11:62885192	wtdmso	mtcsc	2	8	83	72	0.21686746987951808	0.051557836890411136
chr11:62885196	wtdmso	mtcsc	1	6	93	80	0.14336917562724014	0.05540378423923132
chr11:62885255	wtdmso	mtcsc	2	7	92	75	0.2329192546583851	0.0839591814862009
chr11:62885485	wtdmso	mtcsc	14	9	35	30	1.3333333333333333	0.6303287395162052
chr11:62885548	wtdmso	mtcsc	6	5	84	83	1.1857142857142857	1.0
chr11:62888180	wtdmso	mtcsc	2	3	84	73	0.5793650793650794	0.6661461151705284
chr11:62888209	wtdmso	mtcsc	6	4	82	78	1.4268292682926829	0.7480096401837195
chr11:62888418	wtdmso	mtcsc	3	2	73	65	1.3356164383561644	1.0
chr11:62888446	wtdmso	mtcsc	33	26	59	56	1.2046936114732725	0.6312867743161645
chr11:62888472	wtdmso	mtcsc	8	5	61	44	1.1540983606557378	1.0
chr11:62888530	wtdmso	mtcsc	16	22	82	66	0.5853658536585366	0.15049382220777685
chr11:62888580	wtdmso	mtcsc	8	8	87	76	0.8735632183908046	0.8000240175600875
chr11:62888644	wtdmso	mtcsc	13	9	86	86	1.4444444444444444	0.5000262596249511
chr11:62888692	wtdmso	mtcsc	9	9	32	26	0.8125	0.7893988450967704
chr11:62888703	wtdmso	mtcsc	4	8	74	56	0.3783783783783784	0.13794344199805292
chr11:62888709	wtdmso	mtcsc	22	13	46	36	1.3244147157190636	0.5442581717878381
chr11:62888784	wtdmso	mtcsc	23	26	65	56	0.762130177514793	0.49857522292524475
chr11:62888805	wtdmso	mtcsc	17	12	68	65	1.3541666666666667	0.5405010124119112
chr11:63974633	wtdmso	mtcsc	2	1	34	45	2.6470588235294117	0.5792682926829269
chr11:63976257	wtdmso	mtcsc	2	5	76	114	0.6	0.7054973273662245
chr11:63976299	wtdmso	mtcsc	2	3	69	112	1.0821256038647342	1.0
chr11:63976348	wtdmso	mtcsc	9	13	59	92	1.0795306388526726	1.0
chr11:63976353	wtdmso	mtcsc	12	16	46	65	1.059782608695652	1.0
chr11:63976451	wtdmso	mtcsc	4	3	63	99	2.0952380952380953	0.43710391873489035
chr11:63976537	wtdmso	mtcsc	1	3	31	57	0.6129032258064516	1.0
chr11:63988381	wtdmso	mtcsc	4	3	6	26	5.777777777777778	0.056944645179939295
chr11:63996530	wtdmso	mtcsc	1	4	10	22	0.55	1.0
chr11:64235877	wtdmso	mtcsc	3	10	8	22	0.825	1.0
chr11:64235928	wtdmso	mtcsc	6	8	23	26	0.8478260869565217	1.0
chr11:64236306	wtdmso	mtcsc	6	7	22	24	0.935064935064935	1.0
chr11:64237186	wtdmso	mtcsc	1	2	12	25	1.0416666666666667	1.0
chr11:64237200	wtdmso	mtcsc	2	1	26	37	2.8461538461538463	0.5698426573426574
chr11:64237218	wtdmso	mtcsc	3	2	8	14	2.625	0.3704942400594574
chr11:64237645	wtdmso	mtcsc	2	1	24	36	3.0	0.5639495353932159
chr11:64238376	wtdmso	mtcsc	3	7	27	33	0.5238095238095238	0.49846578548302967
chr11:64238405	wtdmso	mtcsc	1	6	23	31	0.2246376811594203	0.2285830556884878
chr11:64238459	wtdmso	mtcsc	2	1	31	40	2.5806451612903225	0.5825620140688633
chr11:64238505	wtdmso	mtcsc	5	4	27	36	1.6666666666666667	0.4983101299290605
chr11:64238568	wtdmso	mtcsc	7	6	23	34	1.7246376811594204	0.5358881000294604
chr11:64238586	wtdmso	mtcsc	1	2	32	40	0.625	1.0
chr11:64238750	wtdmso	mtcsc	19	19	11	16	1.4545454545454546	0.61416581796741
chr11:64238756	wtdmso	mtcsc	5	8	25	30	0.75	0.761112626507952
chr11:64244531	wtdmso	mtcsc	4	1	18	35	7.777777777777778	0.06321839080459771
chr11:64244552	wtdmso	mtcsc	8	11	34	38	0.8128342245989305	0.7981170818992592
chr11:64244561	wtdmso	mtcsc	7	10	27	42	1.0888888888888888	1.0
chr11:64244672	wtdmso	mtcsc	6	3	38	53	2.789473684210526	0.1763203937600605
chr11:64244716	wtdmso	mtcsc	2	10	47	44	0.18723404255319148	0.030475392796120822
chr11:64244799	wtdmso	mtcsc	1	2	40	47	0.5875	1.0
chr11:64244948	wtdmso	mtcsc	5	7	46	54	0.8385093167701864	1.0
chr11:64245269	wtdmso	mtcsc	27	15	26	44	3.046153846153846	0.006478305472233296
chr11:64246491	wtdmso	mtcsc	1	1	40	43	1.075	1.0
chr11:64246598	wtdmso	mtcsc	4	11	29	37	0.46394984326018807	0.25783752839090746
chr11:64316369	wtdmso	mtcsc	3	3	18	19	1.0555555555555556	1.0
chr11:64316651	wtdmso	mtcsc	6	2	5	10	6.0	0.08937945887737246
chr11:64316750	wtdmso	mtcsc	1	1	40	59	1.475	1.0
chr11:64316765	wtdmso	mtcsc	2	4	37	56	0.7567567567567568	1.0
chr11:64316829	wtdmso	mtcsc	7	6	29	52	2.0919540229885056	0.2337471482268061
chr11:64316871	wtdmso	mtcsc	1	2	39	61	0.782051282051282	1.0
chr11:64317520	wtdmso	mtcsc	1	3	16	31	0.6458333333333334	1.0
chr11:64318220	wtdmso	mtcsc	4	2	23	41	3.5652173913043477	0.19609740185378616
chr11:64319782	wtdmso	mtcsc	2	1	62	109	3.5161290322580645	0.5553721996375114
chr11:64319791	wtdmso	mtcsc	9	1	57	100	15.789473684210526	0.0011179952922395658
chr11:64320660	wtdmso	mtcsc	1	3	63	100	0.5291005291005291	1.0
chr11:64320753	wtdmso	mtcsc	9	16	65	111	0.9605769230769231	1.0
chr11:64321009	wtdmso	mtcsc	1	1	77	127	1.6493506493506493	1.0
chr11:64321633	wtdmso	mtcsc	2	4	67	106	0.7910447761194029	1.0
chr11:64321791	wtdmso	mtcsc	1	3	26	64	0.8205128205128205	1.0
chr11:64765821	wtdmso	mtcsc	3	1	13	10	2.3076923076923075	0.6239316239316239
chr11:65018581	wtdmso	mtcsc	3	6	11	16	0.7272727272727273	1.0
chr11:65018629	wtdmso	mtcsc	2	6	12	15	0.4166666666666667	0.43073914569367033
chr11:65018695	wtdmso	mtcsc	6	2	19	18	2.8421052631578947	0.26924465211475995
chr11:65020461	wtdmso	mtcsc	3	3	8	17	2.125	0.6380797548761953
chr11:65021733	wtdmso	mtcsc	1	1	23	23	1.0	1.0
chr11:65021790	wtdmso	mtcsc	3	1	22	10	1.3636363636363635	1.0
chr11:65021850	wtdmso	mtcsc	4	9	9	15	0.7407407407407407	0.7342989851443688
chr11:65021855	wtdmso	mtcsc	2	4	14	19	0.6785714285714286	1.0
chr11:65088055	wtdmso	mtcsc	1	1	11	32	2.909090909090909	0.4666666666666666
chr11:65120775	wtdmso	mtcsc	1	1	176	277	1.5738636363636365	1.0
chr11:65121532	wtdmso	mtcsc	50	76	142	230	1.0656041512231282	0.8323436752843265
chr11:65121767	wtdmso	mtcsc	3	10	157	257	0.4910828025477707	0.38684006766251766
chr11:65122100	wtdmso	mtcsc	9	16	164	262	0.8986280487804879	1.0
chr11:65208085	wtdmso	mtcsc	1	5	9	35	0.7777777777777778	1.0
chr11:65210442	wtdmso	mtcsc	1	1	11	44	4.0	0.37969924812030076
chr11:65210824	wtdmso	mtcsc	1	2	11	39	1.7727272727272727	0.5449500554938955
chr11:65210861	wtdmso	mtcsc	2	4	9	39	2.1666666666666665	0.5900216690449764
chr11:65211463	wtdmso	mtcsc	5	27	7	22	0.582010582010582	0.5234538168424058
chr11:65211505	wtdmso	mtcsc	8	34	4	12	0.7058823529411765	0.7200035068776331
chr11:65211659	wtdmso	mtcsc	2	16	9	30	0.4166666666666667	0.4728229790511147
chr11:65211885	wtdmso	mtcsc	6	24	4	20	1.25	1.0
chr11:65211896	wtdmso	mtcsc	5	27	7	20	0.5291005291005291	0.3527717922373366
chr11:65211970	wtdmso	mtcsc	1	2	9	43	2.388888888888889	0.45911949685534587
chr11:65653624	wtdmso	mtcsc	3	9	8	28	1.1666666666666667	1.0
chr11:65653646	wtdmso	mtcsc	2	12	11	20	0.30303030303030304	0.1779567095038717
chr11:65653771	wtdmso	mtcsc	2	7	11	22	0.5714285714285714	0.6953168527585198
chr11:65654095	wtdmso	mtcsc	4	5	8	30	3.0	0.20497263439005062
chr11:65654411	wtdmso	mtcsc	6	16	5	9	0.675	0.7158571252008405
chr11:65654435	wtdmso	mtcsc	1	11	13	17	0.11888111888111888	0.03612675802274447
chr11:65654597	wtdmso	mtcsc	3	2	10	29	4.35	0.144052345839073
chr11:65854845	wtdmso	mtcsc	9	19	114	170	0.7063711911357341	0.5437693895866823
chr11:65854856	wtdmso	mtcsc	12	17	99	137	0.9768270944741533	1.0
chr11:65854921	wtdmso	mtcsc	6	6	129	192	1.4883720930232558	0.5563744617942655
chr11:65854973	wtdmso	mtcsc	14	35	131	195	0.5954198473282443	0.15629431492507292
chr11:65855129	wtdmso	mtcsc	9	11	139	217	1.277305428384565	0.6418119814539291
chr11:65855189	wtdmso	mtcsc	18	35	112	167	0.7668367346938776	0.4449691658796251
chr11:65855193	wtdmso	mtcsc	3	7	102	146	0.6134453781512605	0.7444771706793113
chr11:65855253	wtdmso	mtcsc	2	1	96	141	2.9375	0.5688099926162934
chr11:65855402	wtdmso	mtcsc	6	16	127	181	0.5344488188976378	0.261722933907773
chr11:65855423	wtdmso	mtcsc	1	2	133	201	0.7556390977443609	1.0
chr11:65855656	wtdmso	mtcsc	2	1	130	179	2.753846153846154	0.5758259995372328
chr11:65855974	wtdmso	mtcsc	3	1	123	202	4.926829268292683	0.15873721620951178
chr11:65856009	wtdmso	mtcsc	25	37	112	160	0.9652509652509652	1.0
chr11:65856058	wtdmso	mtcsc	4	5	123	188	1.2227642276422763	0.7443913981082528
chr11:65856108	wtdmso	mtcsc	9	19	126	182	0.6842105263157895	0.424693335233956
chr11:65856117	wtdmso	mtcsc	4	6	108	164	1.0123456790123457	1.0
chr11:65919474	wtdmso	mtcsc	1	1	10	14	1.4	1.0
chr11:65920374	wtdmso	mtcsc	1	1	21	35	1.6666666666666667	1.0
chr11:65920386	wtdmso	mtcsc	2	2	15	30	2.0	0.6020313768430592
chr11:65920627	wtdmso	mtcsc	1	2	25	47	0.94	1.0
chr11:65920644	wtdmso	mtcsc	1	2	21	37	0.8809523809523809	1.0
chr11:65920648	wtdmso	mtcsc	1	2	25	44	0.88	1.0
chr11:65920896	wtdmso	mtcsc	2	4	34	42	0.6176470588235294	0.6904711014004006
chr11:66002545	wtdmso	mtcsc	3	1	14	11	2.357142857142857	0.6220790703549325
chr11:66002557	wtdmso	mtcsc	5	3	12	8	1.1111111111111112	1.0
chr11:66003695	wtdmso	mtcsc	1	1	17	11	0.6470588235294118	1.0
chr11:66003830	wtdmso	mtcsc	3	4	14	19	1.0178571428571428	1.0
chr11:66004094	wtdmso	mtcsc	5	6	9	14	1.2962962962962963	1.0
chr11:6611009	wtdmso	mtcsc	5	8	36	44	0.7638888888888888	0.7682446036209274
chr11:6611420	wtdmso	mtcsc	4	13	35	38	0.33406593406593404	0.10208730000664608
chr11:6611436	wtdmso	mtcsc	11	12	32	46	1.3177083333333333	0.6344376680926136
chr11:6611697	wtdmso	mtcsc	1	3	37	49	0.44144144144144143	0.6351825108896011
chr11:6612003	wtdmso	mtcsc	3	4	32	49	1.1484375	1.0
chr11:6612036	wtdmso	mtcsc	2	5	24	45	0.75	1.0
chr11:6612163	wtdmso	mtcsc	2	1	20	41	4.1	0.26982526881720426
chr11:66276257	wtdmso	mtcsc	2	4	21	24	0.5714285714285714	0.6778473091364208
chr11:66276432	wtdmso	mtcsc	3	2	21	29	2.0714285714285716	0.6433730285006642
chr11:66276614	wtdmso	mtcsc	9	15	24	30	0.75	0.6259408810931613
chr11:66276691	wtdmso	mtcsc	6	9	20	38	1.2666666666666666	0.7657853959036924
chr11:66276717	wtdmso	mtcsc	3	5	29	39	0.8068965517241379	1.0
chr11:66276725	wtdmso	mtcsc	8	7	25	39	1.782857142857143	0.3874952004118527
chr11:66276926	wtdmso	mtcsc	6	3	28	46	3.2857142857142856	0.15039769910696
chr11:66276930	wtdmso	mtcsc	2	2	22	31	1.4090909090909092	1.0
chr11:66277432	wtdmso	mtcsc	8	5	27	48	2.8444444444444446	0.12382534680921714
chr11:66284636	wtdmso	mtcsc	3	3	16	28	1.75	0.6614047839302234
chr11:66284656	wtdmso	mtcsc	2	1	11	27	4.909090909090909	0.23170731707317077
chr11:66284701	wtdmso	mtcsc	3	9	14	23	0.5476190476190477	0.5029306909207678
chr11:66284767	wtdmso	mtcsc	4	1	9	12	5.333333333333333	0.3217391304347826
chr11:66284898	wtdmso	mtcsc	1	1	19	32	1.6842105263157894	1.0
chr11:66285428	wtdmso	mtcsc	2	2	17	29	1.7058823529411764	0.6291576204950065
chr11:66287611	wtdmso	mtcsc	2	5	15	11	0.29333333333333333	0.22450309547083744
chr11:66287674	wtdmso	mtcsc	5	12	12	22	0.7638888888888888	0.7602918341948504
chr11:66288153	wtdmso	mtcsc	1	1	14	21	1.5	1.0
chr11:6682014	wtdmso	mtcsc	3	11	7	17	0.6623376623376623	0.7149968787081918
chr11:6682181	wtdmso	mtcsc	5	13	5	17	1.3076923076923077	0.730651867748642
chr11:67065974	wtdmso	mtcsc	4	1	16	25	6.25	0.1511970783962695
chr11:67066821	wtdmso	mtcsc	4	9	28	34	0.5396825396825397	0.37660336846052167
chr11:67070500	wtdmso	mtcsc	1	1	11	29	2.6363636363636362	0.4947735191637631
chr11:67070515	wtdmso	mtcsc	2	1	23	42	3.652173913043478	0.5495450554713066
chr11:67070547	wtdmso	mtcsc	3	7	24	29	0.5178571428571429	0.49440124940221175
chr11:67071498	wtdmso	mtcsc	1	1	26	35	1.3461538461538463	1.0
chr11:67071691	wtdmso	mtcsc	2	3	27	42	1.037037037037037	1.0
chr11:67071699	wtdmso	mtcsc	9	17	23	28	0.6445012787723785	0.4661929214700732
chr11:67071757	wtdmso	mtcsc	25	37	2	7	2.364864864864865	0.46683095096901217
chr11:67071851	wtdmso	mtcsc	1	2	27	39	0.7222222222222222	1.0
chr11:67071922	wtdmso	mtcsc	2	7	28	28	0.2857142857142857	0.16055147314838628
chr11:67071952	wtdmso	mtcsc	9	15	23	30	0.782608695652174	0.8033301654192418
chr11:67071989	wtdmso	mtcsc	4	7	27	37	0.783068783068783	1.0
chr11:67351707	wtdmso	mtcsc	2	3	8	8	0.6666666666666666	1.0
chr11:67351868	wtdmso	mtcsc	4	3	6	22	4.888888888888889	0.15535235228685468
chr11:67398331	wtdmso	mtcsc	6	6	30	40	1.3333333333333333	0.7564424370483178
chr11:67398589	wtdmso	mtcsc	5	2	28	35	3.125	0.242189945413597
chr11:67398810	wtdmso	mtcsc	6	2	30	45	4.5	0.0720686963429827
chr11:67398961	wtdmso	mtcsc	2	1	26	37	2.8461538461538463	0.5698426573426574
chr11:67399078	wtdmso	mtcsc	4	2	27	33	2.4444444444444446	0.4082335014712063
chr11:67399096	wtdmso	mtcsc	3	5	30	34	0.68	0.7187980346099193
chr11:67399150	wtdmso	mtcsc	3	1	22	30	4.090909090909091	0.3142339840453048
chr11:67399622	wtdmso	mtcsc	10	9	20	26	1.4444444444444444	0.5886489201796494
chr11:67399642	wtdmso	mtcsc	2	2	30	35	1.1666666666666667	1.0
chr11:67400756	wtdmso	mtcsc	1	2	31	33	0.532258064516129	1.0
chr11:67400831	wtdmso	mtcsc	1	4	27	25	0.23148148148148148	0.3524720893141946
chr11:67400915	wtdmso	mtcsc	1	1	19	32	1.6842105263157894	1.0
chr11:67438149	wtdmso	mtcsc	2	5	11	20	0.7272727272727273	1.0
chr11:67438806	wtdmso	mtcsc	3	6	10	16	0.8	1.0
chr11:67438944	wtdmso	mtcsc	1	1	12	24	2.0	1.0
chr11:67439799	wtdmso	mtcsc	3	3	8	22	2.75	0.3427532303243878
chr11:67440201	wtdmso	mtcsc	3	3	8	7	0.875	1.0
chr11:67440258	wtdmso	mtcsc	1	3	11	23	0.696969696969697	1.0
chr11:67440406	wtdmso	mtcsc	2	6	10	19	0.6333333333333333	1.0
chr11:67440424	wtdmso	mtcsc	2	1	10	11	2.2	1.0
chr11:67441128	wtdmso	mtcsc	4	5	6	16	2.1333333333333333	0.41744859580135507
chr11:67441438	wtdmso	mtcsc	3	2	7	9	1.9285714285714286	0.6351172047766475
chr11:67584528	wtdmso	mtcsc	14	24	188	307	0.9525709219858156	1.0
chr11:67584718	wtdmso	mtcsc	9	11	303	466	1.2583258325832583	0.6474917556465869
chr11:67585152	wtdmso	mtcsc	8	20	333	523	0.6282282282282282	0.32654509347886607
chr11:67585176	wtdmso	mtcsc	10	8	322	502	1.9487577639751552	0.22164086038125466
chr11:67585200	wtdmso	mtcsc	31	41	304	499	1.241094351732991	0.3794188609887764
chr11:67586119	wtdmso	mtcsc	3	3	362	570	1.574585635359116	0.6828324751655953
chr11:67586176	wtdmso	mtcsc	9	13	358	570	1.102277610657499	0.8276805396228966
chr11:67586190	wtdmso	mtcsc	2	4	281	461	0.8202846975088968	1.0
chr11:67586206	wtdmso	mtcsc	5	6	268	417	1.296641791044776	0.7589647193242566
chr11:67586401	wtdmso	mtcsc	50	76	249	437	1.1546184738955823	0.48281633613030184
chr11:67586416	wtdmso	mtcsc	20	22	295	490	1.510015408320493	0.1960447222821441
chr11:67586545	wtdmso	mtcsc	142	202	212	364	1.20698673640949	0.18385118736759276
chr11:67586588	wtdmso	mtcsc	66	126	241	362	0.7868010274649279	0.17409677554538114
chr11:67586628	wtdmso	mtcsc	26	35	265	422	1.182964959568733	0.5841846795194408
chr11:68032163	wtdmso	mtcsc	1	4	17	47	0.6911764705882353	1.0
chr11:68032286	wtdmso	mtcsc	2	4	28	47	0.8392857142857143	1.0
chr11:68032931	wtdmso	mtcsc	6	17	24	41	0.6029411764705882	0.4458798419039714
chr11:68032966	wtdmso	mtcsc	5	14	24	44	0.6547619047619048	0.5862300393795663
chr11:68032970	wtdmso	mtcsc	2	3	29	54	1.2413793103448276	1.0
chr11:68032996	wtdmso	mtcsc	5	9	15	44	1.6296296296296295	0.5094600396635318
chr11:68033144	wtdmso	mtcsc	6	14	13	40	1.3186813186813187	0.7658638382906764
chr11:68036297	wtdmso	mtcsc	2	1	25	57	4.56	0.2357294725118964
chr11:68036310	wtdmso	mtcsc	2	3	26	56	1.435897435897436	0.6551129277712766
chr11:68036537	wtdmso	mtcsc	1	3	18	50	0.9259259259259259	1.0
chr11:68036576	wtdmso	mtcsc	2	3	29	57	1.3103448275862069	1.0
chr11:72754865	wtdmso	mtcsc	1	1	12	25	2.0833333333333335	1.0
chr11:75400722	wtdmso	mtcsc	150	278	298	520	0.9415286562696151	0.663562414478762
chr11:75400798	wtdmso	mtcsc	34	77	367	650	0.7820517357302098	0.29640806165023237
chr11:75401640	wtdmso	mtcsc	105	216	338	599	0.8614809335963182	0.3098484242353362
chr11:75401681	wtdmso	mtcsc	142	260	357	660	1.0096961861667744	0.9508480412924523
chr11:75401685	wtdmso	mtcsc	97	173	399	758	1.0651773943529343	0.6705099967947505
chr11:75402419	wtdmso	mtcsc	6	12	519	943	0.9084778420038536	1.0
chr11:75404091	wtdmso	mtcsc	30	47	540	985	1.1643026004728132	0.5429788278154494
chr11:75404100	wtdmso	mtcsc	23	38	514	956	1.1257423714929347	0.6822451132647762
chr11:75404153	wtdmso	mtcsc	4	6	547	974	1.1870810481413772	0.7530761403420727
chr11:75404162	wtdmso	mtcsc	5	7	604	1071	1.2665562913907285	0.765534273431479
chr11:75404174	wtdmso	mtcsc	4	1	468	878	7.504273504273504	0.053343231429817686
chr11:75404202	wtdmso	mtcsc	4	1	360	673	7.477777777777778	0.05396794224446566
chr11:75404710	wtdmso	mtcsc	58	101	457	780	0.9801330242433434	0.9306620780412864
chr11:75404749	wtdmso	mtcsc	21	44	540	956	0.8449494949494949	0.5984419515582986
chr11:75404768	wtdmso	mtcsc	56	98	494	882	1.0202429149797572	0.9295370598476707
chr11:75404807	wtdmso	mtcsc	16	21	431	788	1.392995249143741	0.38356796445299046
chr11:75405661	wtdmso	mtcsc	2	10	472	868	0.3677966101694915	0.23353918489003095
chr11:758960	wtdmso	mtcsc	4	5	20	40	1.6	0.7091053843964561
chr11:760201	wtdmso	mtcsc	2	1	24	45	3.75	0.2942655935613683
chr11:763860	wtdmso	mtcsc	1	1	28	43	1.5357142857142858	1.0
chr11:764299	wtdmso	mtcsc	1	1	27	44	1.6296296296296295	1.0
chr11:764430	wtdmso	mtcsc	1	2	27	44	0.8148148148148148	1.0
chr11:764862	wtdmso	mtcsc	1	2	30	44	0.7333333333333333	1.0
chr11:78069882	wtdmso	mtcsc	4	6	25	48	1.28	0.7339485898481635
chr11:78069913	wtdmso	mtcsc	2	2	28	55	1.9642857142857142	0.6056417755554506
chr11:78069927	wtdmso	mtcsc	4	8	23	51	1.108695652173913	1.0
chr11:78073050	wtdmso	mtcsc	3	2	23	57	3.717391304347826	0.16451769593461182
chr11:78079668	wtdmso	mtcsc	1	2	11	44	2.0	0.5080373347161006
chr11:78079720	wtdmso	mtcsc	4	5	22	49	1.7818181818181817	0.46223306953140025
chr11:7987662	wtdmso	mtcsc	1	4	73	78	0.2671232876712329	0.3702255998271179
chr11:7987706	wtdmso	mtcsc	1	4	95	103	0.2710526315789474	0.37250391460732724
chr11:7991782	wtdmso	mtcsc	15	15	88	106	1.2045454545454546	0.6959527716858175
chr11:7992121	wtdmso	mtcsc	41	48	56	63	0.9609375	1.0
chr11:7992903	wtdmso	mtcsc	4	6	87	101	0.7739463601532567	0.7559410486955302
chr11:7992978	wtdmso	mtcsc	1	2	85	101	0.5941176470588235	1.0
chr11:7994450	wtdmso	mtcsc	8	11	108	123	0.8282828282828283	0.8125312717102513
chr11:7994477	wtdmso	mtcsc	5	3	103	120	1.941747572815534	0.4785266819235056
chr11:7994984	wtdmso	mtcsc	4	3	110	121	1.4666666666666666	0.7126730070034442
chr11:7995027	wtdmso	mtcsc	9	12	111	124	0.8378378378378378	0.8206835137707716
chr11:7995038	wtdmso	mtcsc	2	3	122	135	0.7377049180327869	1.0
chr11:7995335	wtdmso	mtcsc	2	3	113	136	0.8023598820058997	1.0
chr11:7995945	wtdmso	mtcsc	3	4	114	129	0.8486842105263158	1.0
chr11:7995959	wtdmso	mtcsc	7	8	83	102	1.0753012048192772	1.0
chr11:7996006	wtdmso	mtcsc	2	2	115	138	1.2	1.0
chr11:7996068	wtdmso	mtcsc	19	26	97	107	0.8061062648691515	0.6208378670746244
chr11:7996136	wtdmso	mtcsc	12	24	104	110	0.5288461538461539	0.10512149570815871
chr11:810005	wtdmso	mtcsc	5	7	442	531	0.8581124757595345	1.0
chr11:810298	wtdmso	mtcsc	4	4	425	518	1.2188235294117646	1.0
chr11:810316	wtdmso	mtcsc	11	9	429	534	1.5213675213675213	0.3722402630158377
chr11:811621	wtdmso	mtcsc	1	2	505	604	0.598019801980198	1.0
chr11:812810	wtdmso	mtcsc	54	52	432	528	1.2692307692307692	0.25921693245795674
chr11:833009	wtdmso	mtcsc	2	5	22	28	0.509090909090909	0.6867378326575708
chr11:836385	wtdmso	mtcsc	5	7	29	36	0.8866995073891626	1.0
chr11:836428	wtdmso	mtcsc	1	1	31	49	1.5806451612903225	1.0
chr11:837253	wtdmso	mtcsc	15	21	16	32	1.4285714285714286	0.4967199033264249
chr11:837280	wtdmso	mtcsc	2	7	32	45	0.4017857142857143	0.3091635144391068
chr11:837288	wtdmso	mtcsc	2	1	31	51	3.2903225806451615	0.5569707401032704
chr11:837324	wtdmso	mtcsc	1	1	33	56	1.696969696969697	1.0
chr11:837337	wtdmso	mtcsc	3	2	26	49	2.826923076923077	0.3468369571800618
chr11:837490	wtdmso	mtcsc	10	23	19	25	0.5720823798627003	0.34235373242546707
chr11:837965	wtdmso	mtcsc	1	2	31	55	0.8870967741935484	1.0
chr11:838271	wtdmso	mtcsc	1	1	24	40	1.6666666666666667	1.0
chr11:838306	wtdmso	mtcsc	3	6	30	43	0.7166666666666667	0.733734388861865
chr11:838533	wtdmso	mtcsc	6	10	46	70	0.9130434782608695	1.0
chr11:840230	wtdmso	mtcsc	1	2	27	47	0.8703703703703703	1.0
chr11:840339	wtdmso	mtcsc	1	1	33	57	1.7272727272727273	1.0
chr11:840360	wtdmso	mtcsc	3	5	30	58	1.16	1.0
chr11:840371	wtdmso	mtcsc	2	1	31	59	3.806451612903226	0.28617665644313606
chr11:8683209	wtdmso	mtcsc	61	78	601	733	0.9538162890908315	0.8578766220666855
chr11:8683219	wtdmso	mtcsc	1	7	670	796	0.1697228144989339	0.07836551189511552
chr11:8683227	wtdmso	mtcsc	36	44	671	801	0.9766969245359708	1.0
chr11:8684770	wtdmso	mtcsc	20	13	721	873	1.8627973967779794	0.11067065060875775
chr11:8684800	wtdmso	mtcsc	36	41	674	819	1.066946515162481	0.8149187785020253
chr11:8684811	wtdmso	mtcsc	80	126	630	765	0.7709750566893424	0.09829064628272335
chr11:8684825	wtdmso	mtcsc	157	191	466	538	0.9489922027728468	0.7082041865258932
chr11:8684856	wtdmso	mtcsc	4	11	610	746	0.44470938897168405	0.19584800306492428
chr11:8685837	wtdmso	mtcsc	16	13	355	449	1.5566630552546046	0.25860118256335707
chr12:103946921	wtdmso	mtcsc	5	2	20	8	1.0	1.0
chr12:103947733	wtdmso	mtcsc	1	1	23	12	0.5217391304347826	1.0
chr12:103947866	wtdmso	mtcsc	4	5	29	24	0.6620689655172414	0.7221333411327708
chr12:103947870	wtdmso	mtcsc	4	3	21	12	0.7619047619047619	1.0
chr12:104265537	wtdmso	mtcsc	2	2	13	46	3.5384615384615383	0.2377930548210823
chr12:104265561	wtdmso	mtcsc	3	2	9	44	7.333333333333333	0.05483536427275085
chr12:104265608	wtdmso	mtcsc	1	2	16	44	1.375	1.0
chr12:106237938	wtdmso	mtcsc	5	7	9	5	0.3968253968253968	0.4312397361690672
chr12:10699149	wtdmso	mtcsc	13	11	57	47	0.9744816586921851	1.0
chr12:10699322	wtdmso	mtcsc	4	1	67	65	3.8805970149253732	0.367419735443293
chr12:10699462	wtdmso	mtcsc	2	3	64	51	0.53125	0.6564002573560108
chr12:10699541	wtdmso	mtcsc	31	21	37	35	1.3963963963963963	0.46473845950295467
chr12:10699557	wtdmso	mtcsc	1	3	70	60	0.2857142857142857	0.3416296289835384
chr12:10699634	wtdmso	mtcsc	2	1	66	59	1.7878787878787878	1.0
chr12:10699650	wtdmso	mtcsc	5	5	53	45	0.8490566037735849	1.0
chr12:10701324	wtdmso	mtcsc	4	4	49	36	0.7346938775510204	0.7216016638649362
chr12:10702127	wtdmso	mtcsc	5	6	50	39	0.65	0.5364421147800633
chr12:10704091	wtdmso	mtcsc	9	4	44	37	1.8920454545454546	0.37805299140985565
chr12:10710064	wtdmso	mtcsc	1	1	32	13	0.40625	0.5115633672525439
chr12:10713311	wtdmso	mtcsc	10	5	31	15	0.967741935483871	1.0
chr12:10723025	wtdmso	mtcsc	4	3	28	14	0.6666666666666666	0.6811763701164127
chr12:110346230	wtdmso	mtcsc	1	1	11	11	1.0	1.0
chr12:110346316	wtdmso	mtcsc	3	2	11	10	1.3636363636363635	1.0
chr12:110346438	wtdmso	mtcsc	1	4	13	7	0.1346153846153846	0.13333333333333336
chr12:110346469	wtdmso	mtcsc	5	1	11	9	4.090909090909091	0.3523867436910916
chr12:110346563	wtdmso	mtcsc	1	5	11	5	0.09090909090909091	0.05572755417956657
chr12:110346618	wtdmso	mtcsc	2	4	13	7	0.2692307692307692	0.3478260869565218
chr12:110346685	wtdmso	mtcsc	1	1	15	12	0.8	1.0
chr12:110435026	wtdmso	mtcsc	8	11	31	50	1.1730205278592376	0.7975352817939378
chr12:110435160	wtdmso	mtcsc	1	3	30	39	0.43333333333333335	0.6321628400540227
chr12:110435166	wtdmso	mtcsc	9	8	29	53	2.0560344827586206	0.18482410423270662
chr12:110435182	wtdmso	mtcsc	4	5	40	62	1.24	0.7384356249601207
chr12:110436154	wtdmso	mtcsc	3	1	40	63	4.725	0.3000827421564505
chr12:110436160	wtdmso	mtcsc	7	17	35	47	0.5529411764705883	0.3427525832279049
chr12:110436165	wtdmso	mtcsc	1	1	39	58	1.4871794871794872	1.0
chr12:110437121	wtdmso	mtcsc	1	6	40	58	0.24166666666666667	0.24235619625750304
chr12:110437136	wtdmso	mtcsc	3	4	31	55	1.3306451612903225	0.7035365761511029
chr12:110440324	wtdmso	mtcsc	1	2	39	57	0.7307692307692307	1.0
chr12:110445467	wtdmso	mtcsc	2	14	13	20	0.21978021978021978	0.09689092318383556
chr12:112022167	wtdmso	mtcsc	3	4	9	8	0.6666666666666666	1.0
chr12:112022239	wtdmso	mtcsc	8	8	4	4	1.0	1.0
chr12:112405194	wtdmso	mtcsc	5	5	49	54	1.1020408163265305	1.0
chr12:112405211	wtdmso	mtcsc	22	18	242	209	1.0555555555555556	1.0
chr12:112405329	wtdmso	mtcsc	38	38	228	195	0.8552631578947368	0.5353955356754869
chr12:112406001	wtdmso	mtcsc	75	71	200	144	0.7605633802816901	0.19566071060308485
chr12:112406035	wtdmso	mtcsc	2	1	260	216	1.6615384615384616	1.0
chr12:112406296	wtdmso	mtcsc	37	31	247	200	0.966435940969048	0.8967317945747579
chr12:112406784	wtdmso	mtcsc	4	3	240	210	1.1666666666666667	1.0
chr12:112406809	wtdmso	mtcsc	9	2	262	229	3.933206106870229	0.07173775049211803
chr12:112408251	wtdmso	mtcsc	4	1	276	240	3.4782608695652173	0.37962779097546606
chr12:112408279	wtdmso	mtcsc	7	7	250	207	0.828	0.7894073036715534
chr12:112408611	wtdmso	mtcsc	1	1	238	212	0.8907563025210085	1.0
chr12:120196731	wtdmso	mtcsc	5	9	613	958	0.8682254848649629	1.0
chr12:120196776	wtdmso	mtcsc	82	116	838	1177	0.9928606699037116	1.0
chr12:120198576	wtdmso	mtcsc	21	25	707	1023	1.2154455445544554	0.5453246576424805
chr12:120198677	wtdmso	mtcsc	294	437	480	620	0.8689931350114416	0.1477841156798777
chr12:120198710	wtdmso	mtcsc	3	4	740	1021	1.0347972972972972	1.0
chr12:120198717	wtdmso	mtcsc	13	16	683	985	1.1717606149341142	0.7058734339142426
chr12:120198915	wtdmso	mtcsc	10	4	799	1133	3.5450563204005006	0.028952655411750704
chr12:120198938	wtdmso	mtcsc	51	94	733	1010	0.7475835244259963	0.11463932245005885
chr12:120199136	wtdmso	mtcsc	12	9	717	1065	1.9804741980474199	0.12339031554090886
chr12:120199154	wtdmso	mtcsc	60	109	631	911	0.7947193183966036	0.1867728488530952
chr12:120199204	wtdmso	mtcsc	9	12	675	957	1.0633333333333332	1.0
chr12:120199327	wtdmso	mtcsc	2	4	752	1092	0.726063829787234	1.0
chr12:120199366	wtdmso	mtcsc	37	62	598	863	0.861230985003776	0.5267985327049249
chr12:120199441	wtdmso	mtcsc	10	11	590	907	1.3975346687211094	0.5027777303735299
chr12:120200815	wtdmso	mtcsc	9	7	537	888	2.12609736632083	0.19296017197653853
chr12:120200828	wtdmso	mtcsc	6	11	491	809	0.8987224588039252	1.0
chr12:120200860	wtdmso	mtcsc	4	1	78	68	3.4871794871794872	0.37606308028104546
chr12:120200883	wtdmso	mtcsc	8	9	70	61	0.7746031746031746	0.7970701952450174
chr12:120210514	wtdmso	mtcsc	1	1	44	57	1.2954545454545454	1.0
chr12:120210591	wtdmso	mtcsc	7	15	43	47	0.5100775193798449	0.23327363413225516
chr12:120210618	wtdmso	mtcsc	5	10	46	54	0.5869565217391305	0.41422602942519526
chr12:120210773	wtdmso	mtcsc	7	7	44	65	1.4772727272727273	0.5694229743139363
chr12:120210863	wtdmso	mtcsc	3	1	44	66	4.5	0.3044039781347653
chr12:120211026	wtdmso	mtcsc	3	9	26	51	0.6538461538461539	0.7439955240989311
chr12:120211107	wtdmso	mtcsc	2	5	15	51	1.36	0.6612367617740973
chr12:120211116	wtdmso	mtcsc	4	7	10	36	2.057142857142857	0.4358006938892243
chr12:120211216	wtdmso	mtcsc	2	9	16	47	0.6527777777777778	1.0
chr12:120211259	wtdmso	mtcsc	2	1	12	41	6.833333333333333	0.151010101010101
chr12:120211328	wtdmso	mtcsc	2	13	9	26	0.4444444444444444	0.4675829371061512
chr12:120211360	wtdmso	mtcsc	10	25	13	17	0.5230769230769231	0.2988045578305676
chr12:120211378	wtdmso	mtcsc	11	20	1	21	11.55	0.008722878516315345
chr12:120438392	wtdmso	mtcsc	1	1	125	139	1.112	1.0
chr12:120438515	wtdmso	mtcsc	20	13	107	123	1.768511861969806	0.1403937566750614
chr12:120440548	wtdmso	mtcsc	1	1	125	143	1.144	1.0
chr12:120440569	wtdmso	mtcsc	1	1	138	151	1.0942028985507246	1.0
chr12:120440587	wtdmso	mtcsc	9	10	108	116	0.9666666666666667	1.0
chr12:120440606	wtdmso	mtcsc	8	12	84	104	0.8253968253968254	0.8142468053639289
chr12:120440625	wtdmso	mtcsc	29	19	90	116	1.9672514619883041	0.0385044479712041
chr12:120440662	wtdmso	mtcsc	22	23	102	122	1.144075021312873	0.7440447251468476
chr12:120440719	wtdmso	mtcsc	6	9	103	115	0.7443365695792881	0.7901153903347216
chr12:120461718	wtdmso	mtcsc	4	9	7	24	1.5238095238095237	0.7058188050928399
chr12:120461979	wtdmso	mtcsc	3	7	8	26	1.3928571428571428	0.6922412114817403
chr12:120463979	wtdmso	mtcsc	1	1	10	34	3.4	0.4251207729468599
chr12:120464120	wtdmso	mtcsc	1	2	9	30	1.6666666666666667	1.0
chr12:120496479	wtdmso	mtcsc	11	12	26	42	1.4807692307692308	0.4670423904146339
chr12:120498121	wtdmso	mtcsc	3	3	46	64	1.391304347826087	0.6962190615061431
chr12:120498138	wtdmso	mtcsc	10	4	38	60	3.9473684210526314	0.040096199603293955
chr12:120498218	wtdmso	mtcsc	32	32	14	27	1.9285714285714286	0.15787658795485474
chr12:120498256	wtdmso	mtcsc	20	23	23	36	1.3610586011342154	0.543198678250819
chr12:120498284	wtdmso	mtcsc	18	30	29	38	0.7862068965517242	0.5686671567049248
chr12:120498311	wtdmso	mtcsc	4	8	42	60	0.7142857142857143	0.7593962293513802
chr12:120498327	wtdmso	mtcsc	6	16	37	45	0.4560810810810811	0.1507990952440872
chr12:120563497	wtdmso	mtcsc	2	2	19	27	1.4210526315789473	1.0
chr12:120565136	wtdmso	mtcsc	12	12	11	22	2.0	0.2762174100900461
chr12:120571201	wtdmso	mtcsc	2	1	21	30	2.857142857142857	0.5688195452346396
chr12:120575797	wtdmso	mtcsc	1	4	25	32	0.32	0.3882709354749079
chr12:120576665	wtdmso	mtcsc	3	11	22	28	0.34710743801652894	0.21449895327808238
chr12:120576768	wtdmso	mtcsc	1	4	20	28	0.35	0.6370333329267845
chr12:124911774	wtdmso	mtcsc	53	66	331	528	1.2809667673716012	0.22958648729500633
chr12:124911885	wtdmso	mtcsc	82	112	328	520	1.1607142857142858	0.3707681512448543
chr12:124911913	wtdmso	mtcsc	4	6	316	511	1.0780590717299579	1.0
chr12:124911922	wtdmso	mtcsc	116	178	262	394	0.9800154387168711	0.9428557023074206
chr12:124911928	wtdmso	mtcsc	3	8	377	569	0.5659814323607427	0.540925192867351
chr12:124912002	wtdmso	mtcsc	46	65	330	500	1.0722610722610724	0.7574390921204994
chr12:124912031	wtdmso	mtcsc	1	2	342	544	0.7953216374269005	1.0
chr12:124912059	wtdmso	mtcsc	80	120	275	439	1.0642424242424242	0.7427897179043118
chr12:124912080	wtdmso	mtcsc	3	4	353	563	1.1961756373937678	1.0
chr12:124912113	wtdmso	mtcsc	48	75	343	527	0.9833236151603498	1.0
chr12:124912141	wtdmso	mtcsc	1	4	356	523	0.3672752808988764	0.6534756619583459
chr12:124912150	wtdmso	mtcsc	73	125	297	448	0.8809158249158249	0.46203411109541115
chr12:124912156	wtdmso	mtcsc	1	5	378	602	0.31851851851851853	0.4151916958635579
chr12:124912230	wtdmso	mtcsc	46	69	311	494	1.0589496248660235	0.8379860863280353
chr12:124912287	wtdmso	mtcsc	62	119	292	437	0.7797283296880396	0.17290872813179242
chr12:124912308	wtdmso	mtcsc	3	3	357	566	1.5854341736694677	0.682107570406444
chr12:124912341	wtdmso	mtcsc	45	81	329	524	0.8848362039851402	0.5572587589330866
chr12:124912369	wtdmso	mtcsc	6	5	294	492	2.0081632653061225	0.3472641624095749
chr12:124912378	wtdmso	mtcsc	64	117	263	405	0.8423515647850248	0.3443809109142082
chr12:124912384	wtdmso	mtcsc	6	3	343	549	3.2011661807580176	0.09669461089889378
chr12:124912458	wtdmso	mtcsc	27	65	288	451	0.6504807692307693	0.08704552515484464
chr12:124912515	wtdmso	mtcsc	64	122	249	419	0.8827440911185727	0.49234282701576093
chr12:124912536	wtdmso	mtcsc	1	4	306	513	0.41911764705882354	0.6560847754239789
chr12:124912569	wtdmso	mtcsc	31	60	288	491	0.8808449074074074	0.6462796361185474
chr12:124912597	wtdmso	mtcsc	4	4	256	445	1.73828125	0.4736540285771518
chr12:124912606	wtdmso	mtcsc	73	121	223	385	1.0415817366490012	0.8643531634337396
chr12:124912612	wtdmso	mtcsc	3	2	313	522	2.501597444089457	0.3704664378489159
chr12:124912686	wtdmso	mtcsc	42	66	248	397	1.0186950146627567	1.0
chr12:124912743	wtdmso	mtcsc	65	99	205	342	1.0953436807095345	0.646862481779567
chr12:124912764	wtdmso	mtcsc	1	9	269	462	0.19083023543990088	0.10289368786856441
chr12:124912797	wtdmso	mtcsc	40	55	244	438	1.3055141579731744	0.25567035313011677
chr12:124912834	wtdmso	mtcsc	64	116	196	326	0.9176636171710063	0.6553852835387253
chr12:124912840	wtdmso	mtcsc	4	2	274	468	3.4160583941605838	0.20224422723787333
chr12:124912914	wtdmso	mtcsc	27	37	215	366	1.242237586423633	0.41774963641724405
chr12:124912971	wtdmso	mtcsc	42	79	180	312	0.9215189873417722	0.7519201646291318
chr12:124912992	wtdmso	mtcsc	2	1	227	399	3.515418502202643	0.3008267642962285
chr12:124913025	wtdmso	mtcsc	47	89	201	359	0.9432053217060764	0.8418863301370971
chr12:124913053	wtdmso	mtcsc	2	3	229	381	1.1091703056768558	1.0
chr12:124913068	wtdmso	mtcsc	6	14	237	401	0.7251356238698011	0.640671978484938
chr12:124913142	wtdmso	mtcsc	29	59	212	345	0.7998880716341541	0.40709285297258135
chr12:124913253	wtdmso	mtcsc	31	63	197	355	0.8867133994037547	0.6422403065516518
chr12:124913281	wtdmso	mtcsc	2	5	193	352	0.7295336787564767	1.0
chr12:124913290	wtdmso	mtcsc	51	105	172	281	0.7935215946843854	0.24902812834603238
chr12:124913296	wtdmso	mtcsc	3	3	219	388	1.7716894977168949	0.6728436270409258
chr12:124913370	wtdmso	mtcsc	21	40	190	325	0.8980263157894737	0.7794059027111999
chr12:124913427	wtdmso	mtcsc	36	67	151	279	0.9927844222595631	1.0
chr12:124913448	wtdmso	mtcsc	21	34	180	306	1.05	0.8836304350310678
chr12:124913481	wtdmso	mtcsc	49	81	159	284	1.0805186738100785	0.7558323302556421
chr12:124913509	wtdmso	mtcsc	4	5	162	301	1.4864197530864198	0.7261751284189842
chr12:124913524	wtdmso	mtcsc	7	11	181	319	1.1215469613259668	0.8073735034193448
chr12:124913598	wtdmso	mtcsc	13	39	181	299	0.5506445672191529	0.09432644504423607
chr12:124913655	wtdmso	mtcsc	32	52	157	266	1.0426261636452718	0.9019111145090375
chr12:124913709	wtdmso	mtcsc	49	79	148	256	1.0728703386931235	0.7533707062164463
chr12:124913746	wtdmso	mtcsc	33	63	156	253	0.8495115995115995	0.5582925013441578
chr12:124913752	wtdmso	mtcsc	1	6	190	323	0.2833333333333333	0.43165731152711645
chr12:130872834	wtdmso	mtcsc	2	1	43	71	3.302325581395349	0.5578364663821936
chr12:130872892	wtdmso	mtcsc	3	6	43	64	0.7441860465116279	1.0
chr12:130873051	wtdmso	mtcsc	5	13	40	56	0.5384615384615384	0.30587464063321684
chr12:130873074	wtdmso	mtcsc	4	7	26	46	1.010989010989011	1.0
chr12:130873102	wtdmso	mtcsc	8	13	37	59	0.9812889812889813	1.0
chr12:130874605	wtdmso	mtcsc	4	12	56	69	0.4107142857142857	0.18087978572973928
chr12:130874680	wtdmso	mtcsc	1	2	51	70	0.6862745098039216	1.0
chr12:130875693	wtdmso	mtcsc	1	1	58	83	1.4310344827586208	1.0
chr12:130875744	wtdmso	mtcsc	2	3	55	74	0.896969696969697	1.0
chr12:130875918	wtdmso	mtcsc	1	1	54	82	1.5185185185185186	1.0
chr12:130876032	wtdmso	mtcsc	4	4	53	76	1.4339622641509433	0.71855642735479
chr12:130876104	wtdmso	mtcsc	10	21	56	70	0.5952380952380952	0.23187294316893017
chr12:130876118	wtdmso	mtcsc	9	21	40	43	0.4607142857142857	0.09160355029960177
chr12:130876174	wtdmso	mtcsc	21	33	32	42	0.8352272727272727	0.716955447904001
chr12:16347676	wtdmso	mtcsc	3	2	22	31	2.1136363636363638	0.6427851237288622
chr12:16354259	wtdmso	mtcsc	2	1	35	52	2.9714285714285715	0.5660027238678924
chr12:16357670	wtdmso	mtcsc	2	1	35	47	2.6857142857142855	0.5774425432823732
chr12:16363896	wtdmso	mtcsc	2	3	41	52	0.8455284552845529	1.0
chr12:16364151	wtdmso	mtcsc	28	44	15	15	0.6363636363636364	0.3796741138872688
chr12:16364383	wtdmso	mtcsc	1	2	35	48	0.6857142857142857	1.0
chr12:21635367	wtdmso	mtcsc	6	13	59	60	0.46936114732724904	0.21546732384022027
chr12:21635541	wtdmso	mtcsc	10	13	57	65	0.8771929824561403	0.8229591337896153
chr12:21635557	wtdmso	mtcsc	9	4	56	74	2.9732142857142856	0.08510522916570454
chr12:21635569	wtdmso	mtcsc	3	5	46	57	0.7434782608695653	1.0
chr12:21638400	wtdmso	mtcsc	8	7	54	68	1.439153439153439	0.5873705399966691
chr12:21638404	wtdmso	mtcsc	18	29	46	43	0.5802098950524738	0.1520197099673415
chr12:21641967	wtdmso	mtcsc	2	7	53	64	0.3450134770889488	0.2968765032383588
chr12:21642012	wtdmso	mtcsc	5	7	34	57	1.1974789915966386	0.7619212991636879
chr12:21644069	wtdmso	mtcsc	6	8	30	54	1.35	0.7655959680342987
chr12:21644096	wtdmso	mtcsc	14	21	8	15	1.25	0.785395444231235
chr12:21647001	wtdmso	mtcsc	16	24	16	32	1.3333333333333333	0.6566861814515835
chr12:21654650	wtdmso	mtcsc	4	5	29	49	1.3517241379310345	0.7252712095686245
chr12:21657804	wtdmso	mtcsc	3	2	7	26	5.571428571428571	0.1025855576939168
chr12:42458396	wtdmso	mtcsc	4	9	25	36	0.64	0.5494371792940329
chr12:42458476	wtdmso	mtcsc	2	4	26	40	0.7692307692307693	1.0
chr12:42458593	wtdmso	mtcsc	1	7	31	38	0.17511520737327188	0.12958860746465972
chr12:42458682	wtdmso	mtcsc	6	12	26	32	0.6153846153846154	0.4269474331440355
chr12:42458865	wtdmso	mtcsc	2	5	38	48	0.5052631578947369	0.6946140700559249
chr12:42458916	wtdmso	mtcsc	1	1	42	49	1.1666666666666667	1.0
chr12:42459067	wtdmso	mtcsc	15	23	25	26	0.6782608695652174	0.3970133316231702
chr12:42459085	wtdmso	mtcsc	2	2	39	47	1.205128205128205	1.0
chr12:42459218	wtdmso	mtcsc	1	3	35	35	0.3333333333333333	0.6150877869959483
chr12:42459234	wtdmso	mtcsc	5	10	37	40	0.5405405405405406	0.39837212899133734
chr12:42459318	wtdmso	mtcsc	7	16	35	33	0.4125	0.09477764174719139
chr12:42459367	wtdmso	mtcsc	2	8	34	38	0.27941176470588236	0.17330493526064666
chr12:42459470	wtdmso	mtcsc	6	8	32	35	0.8203125	0.7769543525334326
chr12:42459508	wtdmso	mtcsc	10	20	23	23	0.5	0.1655614815687347
chr12:42459596	wtdmso	mtcsc	2	2	33	40	1.2121212121212122	1.0
chr12:42459684	wtdmso	mtcsc	15	19	16	16	0.7894736842105263	0.805379834135298
chr12:42459838	wtdmso	mtcsc	13	18	2	10	3.611111111111111	0.16378331794703588
chr12:42459864	wtdmso	mtcsc	12	13	16	25	1.4423076923076923	0.6085277844636965
chr12:42459914	wtdmso	mtcsc	3	4	29	35	0.9051724137931034	1.0
chr12:42460045	wtdmso	mtcsc	12	21	10	15	0.8571428571428571	0.7917073429303163
chr12:42460070	wtdmso	mtcsc	1	3	19	32	0.5614035087719298	1.0
chr12:42460181	wtdmso	mtcsc	2	3	16	30	1.25	1.0
chr12:42460204	wtdmso	mtcsc	3	5	7	10	0.8571428571428571	1.0
chr12:42460338	wtdmso	mtcsc	5	8	6	9	0.9375	1.0
chr12:42460379	wtdmso	mtcsc	1	7	10	10	0.14285714285714285	0.0987241422024031
chr12:46358214	wtdmso	mtcsc	11	11	14	14	1.0	1.0
chr12:46358219	wtdmso	mtcsc	4	2	25	28	2.24	0.42380990998296975
chr12:46358790	wtdmso	mtcsc	1	2	22	24	0.5454545454545454	1.0
chr12:46359154	wtdmso	mtcsc	5	1	6	13	10.833333333333334	0.05608695652173912
chr12:46359217	wtdmso	mtcsc	3	7	8	7	0.375	0.4138713151164356
chr12:49127897	wtdmso	mtcsc	2	5	11	30	1.0909090909090908	1.0
chr12:49128138	wtdmso	mtcsc	1	3	14	35	0.8333333333333334	1.0
chr12:49128396	wtdmso	mtcsc	1	2	12	40	1.6666666666666667	0.5624166190203926
chr12:49128461	wtdmso	mtcsc	1	5	10	34	0.68	1.0
chr12:49128561	wtdmso	mtcsc	3	2	9	35	5.833333333333333	0.08685740716268008
chr12:49128681	wtdmso	mtcsc	1	1	11	42	3.8181818181818183	0.3919191919191919
chr12:49128880	wtdmso	mtcsc	2	17	9	24	0.3137254901960784	0.2899278448585262
chr12:49131346	wtdmso	mtcsc	1	3	10	32	1.0666666666666667	1.0
chr12:49269959	wtdmso	mtcsc	3	2	17	32	2.823529411764706	0.3472020641831962
chr12:49272309	wtdmso	mtcsc	8	11	13	23	1.2867132867132867	0.7727441195545202
chr12:49272628	wtdmso	mtcsc	1	1	23	33	1.434782608695652	1.0
chr12:49272728	wtdmso	mtcsc	2	15	10	26	0.3466666666666667	0.29646046426252953
chr12:49272793	wtdmso	mtcsc	2	1	23	41	3.5652173913043477	0.5506732073896253
chr12:49273051	wtdmso	mtcsc	1	1	27	41	1.5185185185185186	1.0
chr12:49273147	wtdmso	mtcsc	1	2	28	38	0.6785714285714286	1.0
chr12:49752470	wtdmso	mtcsc	3	6	38	58	0.7631578947368421	1.0
chr12:49752490	wtdmso	mtcsc	8	7	33	56	1.9393939393939394	0.2629786518417377
chr12:49752497	wtdmso	mtcsc	13	25	28	36	0.6685714285714286	0.40613123988714245
chr12:49755706	wtdmso	mtcsc	1	10	41	49	0.11951219512195121	0.02373648300719982
chr12:49755711	wtdmso	mtcsc	7	15	36	50	0.6481481481481481	0.4690561597387748
chr12:49755726	wtdmso	mtcsc	7	4	41	65	2.774390243902439	0.12214469578854278
chr12:49759237	wtdmso	mtcsc	6	11	40	63	0.8590909090909091	1.0
chr12:49759297	wtdmso	mtcsc	3	18	50	63	0.21	0.013656533545843447
chr12:49761748	wtdmso	mtcsc	1	5	50	70	0.28	0.3998349676899372
chr12:49762900	wtdmso	mtcsc	8	13	43	59	0.8443649373881932	0.8109777971911392
chr12:49763053	wtdmso	mtcsc	1	2	19	27	0.7105263157894737	1.0
chr12:49763183	wtdmso	mtcsc	1	2	27	30	0.5555555555555556	1.0
chr12:49763244	wtdmso	mtcsc	1	3	30	31	0.34444444444444444	0.6146978021978021
chr12:49763250	wtdmso	mtcsc	19	31	17	27	0.9734345351043643	1.0
chr12:49763318	wtdmso	mtcsc	2	7	35	48	0.39183673469387753	0.3051327093181917
chr12:49763368	wtdmso	mtcsc	1	5	38	54	0.28421052631578947	0.3973617392389246
chr12:49763469	wtdmso	mtcsc	2	3	40	56	0.9333333333333333	1.0
chr12:49763570	wtdmso	mtcsc	1	1	47	66	1.4042553191489362	1.0
chr12:49763662	wtdmso	mtcsc	1	3	53	74	0.46540880503144655	0.6426359434103975
chr12:49763803	wtdmso	mtcsc	2	1	49	77	3.142857142857143	0.5617990065921992
chr12:49763828	wtdmso	mtcsc	2	1	50	74	2.96	0.567154105736783
chr12:49763840	wtdmso	mtcsc	4	5	52	75	1.1538461538461537	1.0
chr12:49764165	wtdmso	mtcsc	6	5	40	74	2.22	0.2109689373268933
chr12:49764318	wtdmso	mtcsc	2	2	60	89	1.4833333333333334	1.0
chr12:49764362	wtdmso	mtcsc	2	5	68	89	0.5235294117647059	0.699795240965158
chr12:49764450	wtdmso	mtcsc	1	5	63	88	0.27936507936507937	0.4019730343604847
chr12:49764530	wtdmso	mtcsc	24	38	54	68	0.7953216374269005	0.5292452379363064
chr12:49764569	wtdmso	mtcsc	1	2	78	109	0.6987179487179487	1.0
chr12:49764635	wtdmso	mtcsc	2	6	71	92	0.431924882629108	0.4688983625818667
chr12:49764838	wtdmso	mtcsc	2	1	82	113	2.7560975609756095	0.575384006856088
chr12:51243641	wtdmso	mtcsc	2	1	8	10	2.5	0.5864661654135338
chr12:52235176	wtdmso	mtcsc	5	3	84	109	2.1626984126984126	0.4702335404198127
chr12:52235190	wtdmso	mtcsc	1	1	60	102	1.7	1.0
chr12:52235245	wtdmso	mtcsc	4	6	89	99	0.7415730337078652	0.7522603643475859
chr12:52235353	wtdmso	mtcsc	23	34	95	109	0.7761609907120743	0.45319630494000945
chr12:52238760	wtdmso	mtcsc	6	7	113	140	1.0619469026548674	1.0
chr12:52241526	wtdmso	mtcsc	8	9	107	138	1.146417445482866	0.8052924085722184
chr12:52241544	wtdmso	mtcsc	8	14	118	166	0.8038740920096852	0.8226387904542563
chr12:52241630	wtdmso	mtcsc	10	15	157	183	0.7770700636942676	0.6784529442718499
chr12:52243017	wtdmso	mtcsc	5	3	154	190	2.0562770562770565	0.47571014148843366
chr12:52243087	wtdmso	mtcsc	44	46	138	176	1.2199117832388153	0.4710793654293982
chr12:52243132	wtdmso	mtcsc	22	37	173	212	0.7286361506014685	0.32441040218771094
chr12:52245557	wtdmso	mtcsc	57	72	186	237	1.008736559139785	1.0
chr12:52245583	wtdmso	mtcsc	4	7	221	285	0.7369101486748546	0.7633588649587578
chr12:52248640	wtdmso	mtcsc	9	8	227	307	1.52147577092511	0.4588367707310086
chr12:52248652	wtdmso	mtcsc	67	81	143	198	1.1452991452991452	0.5508776905494004
chr12:52248724	wtdmso	mtcsc	7	12	169	212	0.7317554240631163	0.6382498310514333
chr12:52248845	wtdmso	mtcsc	4	2	235	304	2.5872340425531917	0.4121506091729893
chr12:52248853	wtdmso	mtcsc	35	27	192	264	1.7824074074074074	0.04031791321395607
chr12:52487268	wtdmso	mtcsc	92	71	297	277	1.2085170958410396	0.3281959479752282
chr12:52487304	wtdmso	mtcsc	43	42	354	304	0.8792036588646758	0.6442251127903034
chr12:52487321	wtdmso	mtcsc	24	31	385	335	0.6736489317134479	0.1642268547937784
chr12:52487329	wtdmso	mtcsc	10	7	402	360	1.279317697228145	0.806874744555865
chr12:52487361	wtdmso	mtcsc	17	14	382	342	1.087135377711294	0.8561825876178608
chr12:52487409	wtdmso	mtcsc	11	3	365	342	3.4356164383561643	0.05815298192030444
chr12:52488081	wtdmso	mtcsc	13	8	296	274	1.504222972972973	0.38545724116922886
chr12:52488432	wtdmso	mtcsc	34	27	270	262	1.2219478737997256	0.5004636618884868
chr12:52490038	wtdmso	mtcsc	1	1	145	156	1.0758620689655172	1.0
chr12:52490653	wtdmso	mtcsc	2	5	108	122	0.45185185185185184	0.4547354196273946
chr12:52490659	wtdmso	mtcsc	3	3	101	123	1.2178217821782178	1.0
chr12:52490677	wtdmso	mtcsc	3	8	86	100	0.436046511627907	0.350759519229577
chr12:52490701	wtdmso	mtcsc	4	3	84	110	1.746031746031746	0.7014072065324997
chr12:52490714	wtdmso	mtcsc	1	1	97	116	1.1958762886597938	1.0
chr12:52490920	wtdmso	mtcsc	43	52	54	52	0.7962962962962963	0.48019067093339257
chr12:52490930	wtdmso	mtcsc	2	10	98	104	0.21224489795918366	0.03806263519222319
chr12:52491122	wtdmso	mtcsc	11	13	87	100	0.9725906277630415	1.0
chr12:52491524	wtdmso	mtcsc	3	2	93	106	1.7096774193548387	0.667796190086232
chr12:52491533	wtdmso	mtcsc	6	3	84	105	2.5	0.304748688199761
chr12:52491545	wtdmso	mtcsc	17	18	77	89	1.0916305916305917	0.8535831862123735
chr12:52491569	wtdmso	mtcsc	4	6	86	103	0.7984496124031008	1.0
chr12:52491599	wtdmso	mtcsc	5	5	77	97	1.2597402597402598	0.7535655624080455
chr12:52491650	wtdmso	mtcsc	3	1	71	89	3.76056338028169	0.3283871698603433
chr12:52491690	wtdmso	mtcsc	3	2	55	77	2.1	0.6500825627124148
chr12:52491713	wtdmso	mtcsc	2	5	63	87	0.5523809523809524	0.7003770853804112
chr12:52492683	wtdmso	mtcsc	2	2	59	84	1.423728813559322	1.0
chr12:52492693	wtdmso	mtcsc	6	10	38	48	0.7578947368421053	0.7848549458705645
chr12:52492752	wtdmso	mtcsc	4	9	53	64	0.5366876310272537	0.3867756434400334
chr12:52493190	wtdmso	mtcsc	3	5	48	58	0.725	0.72951832347512
chr12:52514616	wtdmso	mtcsc	16	24	280	293	0.6976190476190476	0.327236968983042
chr12:52514689	wtdmso	mtcsc	6	4	138	104	1.1304347826086956	1.0
chr12:52514697	wtdmso	mtcsc	12	12	394	397	1.0076142131979695	1.0
chr12:52514812	wtdmso	mtcsc	54	47	367	377	1.1802423328888632	0.4590660953064589
chr12:52514829	wtdmso	mtcsc	3	2	413	417	1.5145278450363195	0.6856265150302323
chr12:52514938	wtdmso	mtcsc	36	37	330	333	0.9818181818181818	1.0
chr12:52515810	wtdmso	mtcsc	7	2	246	305	4.3394308943089435	0.08605517653673203
chr12:52515831	wtdmso	mtcsc	10	11	250	324	1.1781818181818182	0.8236403585584106
chr12:52516702	wtdmso	mtcsc	43	62	195	252	0.8962779156327544	0.6620910513252738
chr12:52516741	wtdmso	mtcsc	4	1	232	318	5.482758620689655	0.1687197710191223
chr12:52517122	wtdmso	mtcsc	1	1	199	279	1.4020100502512562	1.0
chr12:52517155	wtdmso	mtcsc	36	56	148	203	0.8817567567567568	0.6357311366441707
chr12:52517191	wtdmso	mtcsc	8	13	146	221	0.9315068493150684	1.0
chr12:52517594	wtdmso	mtcsc	3	1	135	191	4.2444444444444445	0.312474631817814
chr12:52517680	wtdmso	mtcsc	3	4	128	191	1.119140625	1.0
chr12:52517698	wtdmso	mtcsc	8	4	95	145	3.0526315789473686	0.07542484254925408
chr12:52517722	wtdmso	mtcsc	2	3	134	190	0.945273631840796	1.0
chr12:52517969	wtdmso	mtcsc	10	12	124	190	1.2768817204301075	0.6543470039040271
chr12:52518948	wtdmso	mtcsc	2	4	124	188	0.7580645161290323	1.0
chr12:52518957	wtdmso	mtcsc	1	1	124	193	1.5564516129032258	1.0
chr12:52518969	wtdmso	mtcsc	16	31	114	156	0.7062818336162988	0.3368391738467227
chr12:52518993	wtdmso	mtcsc	4	14	125	169	0.3862857142857143	0.13724759802827838
chr12:52519023	wtdmso	mtcsc	4	15	110	160	0.3878787878787879	0.1431186823922996
chr12:52519074	wtdmso	mtcsc	8	13	99	164	1.0194250194250194	1.0
chr12:52519087	wtdmso	mtcsc	13	22	73	128	1.0361145703611456	1.0
chr12:52519114	wtdmso	mtcsc	3	6	90	150	0.8333333333333334	1.0
chr12:52519125	wtdmso	mtcsc	2	1	94	152	3.234042553191489	0.5608837334449461
chr12:52519137	wtdmso	mtcsc	4	4	106	172	1.6226415094339623	0.4891076934809817
chr12:52519776	wtdmso	mtcsc	1	3	100	163	0.5433333333333333	1.0
chr12:52519800	wtdmso	mtcsc	7	4	96	160	2.9166666666666665	0.11283402878267317
chr12:52519845	wtdmso	mtcsc	20	28	55	103	1.3376623376623376	0.3967649417506889
chr12:52520042	wtdmso	mtcsc	16	43	89	126	0.526783381238568	0.05018891286105845
chr12:52520305	wtdmso	mtcsc	2	5	84	138	0.6571428571428571	0.7138483777337137
chr12:52897246	wtdmso	mtcsc	1	1	145	175	1.206896551724138	1.0
chr12:52897276	wtdmso	mtcsc	14	20	120	143	0.8341666666666666	0.7153456314918611
chr12:52897333	wtdmso	mtcsc	3	1	151	184	3.6556291390728477	0.3333334887168517
chr12:52897340	wtdmso	mtcsc	7	1	141	174	8.638297872340425	0.026005163796966203
chr12:52897426	wtdmso	mtcsc	45	57	105	118	0.8872180451127819	0.6335148039461931
chr12:52898498	wtdmso	mtcsc	28	34	120	139	0.953921568627451	0.8881789557425497
chr12:52898726	wtdmso	mtcsc	4	4	128	155	1.2109375	1.0
chr12:52898783	wtdmso	mtcsc	1	4	135	152	0.2814814814814815	0.37661364454717405
chr12:52899817	wtdmso	mtcsc	7	13	105	125	0.6410256410256411	0.4830698829987838
chr12:52899823	wtdmso	mtcsc	24	20	85	114	1.6094117647058823	0.18106220775101378
chr12:52899842	wtdmso	mtcsc	6	15	88	110	0.5	0.24584379902957793
chr12:52899859	wtdmso	mtcsc	3	3	94	122	1.297872340425532	1.0
chr12:52899985	wtdmso	mtcsc	1	2	76	94	0.618421052631579	1.0
chr12:52900009	wtdmso	mtcsc	6	5	72	82	1.3666666666666667	0.7575873333007035
chr12:52900033	wtdmso	mtcsc	5	3	54	70	2.1604938271604937	0.465808596022338
chr12:52900625	wtdmso	mtcsc	1	3	68	83	0.4068627450980392	0.6292858245320044
chr12:52900660	wtdmso	mtcsc	5	2	70	95	3.392857142857143	0.2418356775807435
chr12:52901866	wtdmso	mtcsc	1	2	65	90	0.6923076923076923	1.0
chr12:52901875	wtdmso	mtcsc	7	6	61	90	1.721311475409836	0.38833914714742546
chr12:52901939	wtdmso	mtcsc	2	1	64	82	2.5625	0.5842887127642641
chr12:52901986	wtdmso	mtcsc	3	1	37	64	5.1891891891891895	0.15346332707840415
chr12:52902049	wtdmso	mtcsc	1	4	50	70	0.35	0.647592415979489
chr12:52904739	wtdmso	mtcsc	1	4	44	60	0.3409090909090909	0.40207623204489595
chr12:52904965	wtdmso	mtcsc	4	2	32	62	3.875	0.18438965266963098
chr12:52949459	wtdmso	mtcsc	3	6	30	81	1.35	0.7049428965421494
chr12:52949486	wtdmso	mtcsc	3	9	29	77	0.8850574712643678	1.0
chr12:52949532	wtdmso	mtcsc	4	4	33	85	2.5757575757575757	0.2320566386302157
chr12:52949546	wtdmso	mtcsc	1	1	31	81	2.6129032258064515	0.4843968327899394
chr12:52950346	wtdmso	mtcsc	1	3	27	71	0.8765432098765432	1.0
chr12:52950373	wtdmso	mtcsc	1	1	29	78	2.689655172413793	0.4765545361875637
chr12:52950397	wtdmso	mtcsc	5	9	28	83	1.6468253968253967	0.5197182551781732
chr12:52950820	wtdmso	mtcsc	1	3	48	90	0.625	1.0
chr12:52950895	wtdmso	mtcsc	1	2	46	92	1.0	1.0
chr12:52951553	wtdmso	mtcsc	6	18	47	84	0.5957446808510638	0.3562632772904483
chr12:52951610	wtdmso	mtcsc	9	15	50	89	1.068	1.0
chr12:52951839	wtdmso	mtcsc	5	8	57	112	1.2280701754385965	0.7656873489679882
chr12:52952134	wtdmso	mtcsc	7	30	57	88	0.36023391812865496	0.021312458599173766
chr12:52952237	wtdmso	mtcsc	3	2	57	120	3.1578947368421053	0.33334591211741665
chr12:52952272	wtdmso	mtcsc	7	15	58	110	0.8850574712643678	1.0
chr12:52952335	wtdmso	mtcsc	5	15	61	112	0.6120218579234973	0.45928899997713046
chr12:52952738	wtdmso	mtcsc	14	25	45	91	1.1324444444444444	0.8478649899418524
chr12:52952812	wtdmso	mtcsc	4	5	58	117	1.6137931034482758	0.4881356066629701
chr12:52952819	wtdmso	mtcsc	4	5	53	115	1.7358490566037736	0.4718577295805418
chr12:53040268	wtdmso	mtcsc	2	1	9	21	4.666666666666667	0.2520161290322581
chr12:53040861	wtdmso	mtcsc	2	2	20	8	0.4	0.5717463848720802
chr12:53040951	wtdmso	mtcsc	1	1	23	15	0.6521739130434783	1.0
chr12:53041119	wtdmso	mtcsc	4	2	23	11	0.9565217391304348	1.0
chr12:53041222	wtdmso	mtcsc	3	2	25	15	0.9	1.0
chr12:53041308	wtdmso	mtcsc	1	1	26	15	0.5769230769230769	1.0
chr12:53041377	wtdmso	mtcsc	2	2	32	19	0.59375	0.6315432994678278
chr12:53041552	wtdmso	mtcsc	3	1	34	22	1.9411764705882353	1.0
chr12:53041596	wtdmso	mtcsc	1	1	39	24	0.6153846153846154	1.0
chr12:53041641	wtdmso	mtcsc	2	1	32	22	1.375	1.0
chr12:53041908	wtdmso	mtcsc	1	1	23	17	0.7391304347826086	1.0
chr12:53041985	wtdmso	mtcsc	1	3	42	38	0.30158730158730157	0.35400862710099656
chr12:53097714	wtdmso	mtcsc	3	5	11	16	0.8727272727272727	1.0
chr12:53097946	wtdmso	mtcsc	4	4	15	32	2.1333333333333333	0.42641509433962266
chr12:53097959	wtdmso	mtcsc	8	11	13	25	1.3986013986013985	0.574655277276583
chr12:53100774	wtdmso	mtcsc	1	6	22	36	0.2727272727272727	0.40612950281888327
chr12:53100846	wtdmso	mtcsc	1	1	16	41	2.5625	0.4967855055523086
chr12:53101062	wtdmso	mtcsc	4	6	17	33	1.2941176470588236	0.7286702027943496
chr12:53101131	wtdmso	mtcsc	3	1	16	41	7.6875	0.08541453085627235
chr12:53102205	wtdmso	mtcsc	3	3	22	39	1.7727272727272727	0.6635225631373922
chr12:53295625	wtdmso	mtcsc	5	9	51	112	1.2200435729847494	0.768179484870474
chr12:53295634	wtdmso	mtcsc	1	3	55	112	0.6787878787878788	1.0
chr12:53295908	wtdmso	mtcsc	8	15	49	112	1.2190476190476192	0.6394238047116158
chr12:53295926	wtdmso	mtcsc	8	18	41	100	1.084010840108401	0.8195426725162624
chr12:53297881	wtdmso	mtcsc	3	8	55	114	0.7772727272727272	1.0
chr12:53297903	wtdmso	mtcsc	14	19	47	115	1.8029115341545352	0.15079641435155525
chr12:53298063	wtdmso	mtcsc	3	4	58	124	1.603448275862069	0.6830421818178252
chr12:53299372	wtdmso	mtcsc	2	5	61	126	0.8262295081967214	1.0
chr12:53454751	wtdmso	mtcsc	5	12	56	96	0.7142857142857143	0.6061386632123524
chr12:53454758	wtdmso	mtcsc	3	7	73	136	0.7984344422700587	1.0
chr12:53454763	wtdmso	mtcsc	3	4	66	121	1.375	0.7008476495213711
chr12:53454788	wtdmso	mtcsc	11	11	61	114	1.8688524590163935	0.23935355543321138
chr12:53454804	wtdmso	mtcsc	5	4	58	97	2.0905172413793105	0.30690123269660485
chr12:53455946	wtdmso	mtcsc	3	6	66	106	0.803030303030303	1.0
chr12:53455987	wtdmso	mtcsc	9	20	74	125	0.7601351351351351	0.6800244295520078
chr12:53459272	wtdmso	mtcsc	2	2	82	132	1.6097560975609757	0.6401999582464424
chr12:53459289	wtdmso	mtcsc	10	15	94	152	1.0780141843971631	1.0
chr12:53462510	wtdmso	mtcsc	8	9	124	185	1.3261648745519714	0.6169600500851514
chr12:53464760	wtdmso	mtcsc	4	12	48	91	0.6319444444444444	0.5804735870074955
chr12:53464829	wtdmso	mtcsc	6	10	60	111	1.11	1.0
chr12:53464839	wtdmso	mtcsc	3	8	77	126	0.6136363636363636	0.5428628893014326
chr12:53465948	wtdmso	mtcsc	14	19	107	154	1.0605017215937038	1.0
chr12:53467223	wtdmso	mtcsc	8	7	121	180	1.7001180637544273	0.4203763740087041
chr12:53468799	wtdmso	mtcsc	1	1	82	119	1.451219512195122	1.0
chr12:53468813	wtdmso	mtcsc	33	62	98	123	0.6680381830151415	0.13507396979978936
chr12:53471719	wtdmso	mtcsc	21	34	100	132	0.8152941176470588	0.5461434672968405
chr12:53479443	wtdmso	mtcsc	4	6	160	211	0.8791666666666667	1.0
chr12:53479514	wtdmso	mtcsc	23	40	90	106	0.6772222222222222	0.24262551634004487
chr12:53479789	wtdmso	mtcsc	16	20	33	43	1.0424242424242425	1.0
chr12:53665425	wtdmso	mtcsc	2	6	67	98	0.48756218905472637	0.4792423192475497
chr12:53669181	wtdmso	mtcsc	19	32	57	80	0.8333333333333334	0.6198435028296174
chr12:54281402	wtdmso	mtcsc	10	27	44	71	0.5976430976430976	0.24141978824238988
chr12:54281494	wtdmso	mtcsc	14	17	50	91	1.4988235294117647	0.31400923419095217
chr12:54281916	wtdmso	mtcsc	2	1	73	126	3.452054794520548	0.5566166691295995
chr12:54282116	wtdmso	mtcsc	9	14	68	118	1.115546218487395	0.8217006569134079
chr12:54282153	wtdmso	mtcsc	5	4	70	117	2.0892857142857144	0.3072419039767238
chr12:54282163	wtdmso	mtcsc	9	22	63	92	0.5974025974025974	0.31254827036315563
chr12:54282187	wtdmso	mtcsc	4	13	67	106	0.48679678530424797	0.2958848124571911
chr12:54282221	wtdmso	mtcsc	16	22	56	95	1.2337662337662338	0.5798791343201168
chr12:54282225	wtdmso	mtcsc	3	4	66	102	1.1590909090909092	1.0
chr12:54282279	wtdmso	mtcsc	4	5	62	100	1.2903225806451613	0.7352006059934731
chr12:54282590	wtdmso	mtcsc	5	7	81	128	1.128747795414462	1.0
chr12:54282650	wtdmso	mtcsc	2	2	77	134	1.7402597402597402	0.6258059649536032
chr12:54283881	wtdmso	mtcsc	4	3	65	106	2.174358974358974	0.43266247076201625
chr12:54284586	wtdmso	mtcsc	5	10	81	145	0.8950617283950617	1.0
chr12:54284619	wtdmso	mtcsc	17	38	84	146	0.7775689223057645	0.5306005230972695
chr12:54284703	wtdmso	mtcsc	6	17	101	174	0.6080372743156669	0.3706874513566922
chr12:54284711	wtdmso	mtcsc	29	90	48	60	0.4027777777777778	0.0019381036178255607
chr12:54284723	wtdmso	mtcsc	5	18	98	167	0.4733560090702948	0.17665075242060368
chr12:54285042	wtdmso	mtcsc	17	30	20	38	1.0766666666666667	1.0
chr12:54285061	wtdmso	mtcsc	2	9	33	59	0.39730639730639733	0.3247908224894118
chr12:54342257	wtdmso	mtcsc	2	1	10	11	2.2	1.0
chr12:54345481	wtdmso	mtcsc	5	3	6	19	5.277777777777778	0.08249669623418232
chr12:55725476	wtdmso	mtcsc	1	4	18	39	0.5416666666666666	1.0
chr12:55726199	wtdmso	mtcsc	30	32	128	148	1.083984375	0.7801805772780973
chr12:55726715	wtdmso	mtcsc	5	4	121	154	1.5909090909090908	0.5163480113896476
chr12:55727169	wtdmso	mtcsc	18	20	141	164	1.0468085106382978	1.0
chr12:55727324	wtdmso	mtcsc	34	34	86	113	1.313953488372093	0.39704697106893644
chr12:56042424	wtdmso	mtcsc	1	2	95	132	0.6947368421052632	1.0
chr12:56042494	wtdmso	mtcsc	21	29	79	112	1.0266259275425578	1.0
chr12:56042518	wtdmso	mtcsc	15	17	60	99	1.4558823529411764	0.427733188429256
chr12:56042575	wtdmso	mtcsc	2	9	98	132	0.29931972789115646	0.12860351197455824
chr12:56043461	wtdmso	mtcsc	4	9	89	121	0.6042446941323346	0.565040120852087
chr12:56043466	wtdmso	mtcsc	44	65	52	73	0.9502958579881656	0.8943766450351228
chr12:56044172	wtdmso	mtcsc	2	2	87	129	1.4827586206896552	1.0
chr12:56044179	wtdmso	mtcsc	2	1	83	117	2.819277108433735	0.5728655653595651
chr12:56111020	wtdmso	mtcsc	2	6	9	10	0.37037037037037035	0.404830917874396
chr12:56111265	wtdmso	mtcsc	1	1	11	16	1.4545454545454546	1.0
chr12:56112883	wtdmso	mtcsc	1	1	9	12	1.3333333333333333	1.0
chr12:56113063	wtdmso	mtcsc	3	5	9	13	0.8666666666666667	1.0
chr12:56117607	wtdmso	mtcsc	31	256	69	382	0.6704030797101449	0.09767976837702513
chr12:56117648	wtdmso	mtcsc	19	82	86	572	1.541123085649461	0.1230640690708037
chr12:56117683	wtdmso	mtcsc	1	11	94	571	0.5522243713733076	1.0
chr12:56117731	wtdmso	mtcsc	2	16	92	571	0.7758152173913043	1.0
chr12:56117738	wtdmso	mtcsc	4	32	95	569	0.7486842105263158	0.806209102824356
chr12:56117747	wtdmso	mtcsc	33	178	63	427	1.256554307116105	0.33905588045547186
chr12:56158687	wtdmso	mtcsc	3	17	19	62	0.5758513931888545	0.5515009994890269
chr12:56159618	wtdmso	mtcsc	8	41	13	43	0.6454033771106942	0.4663250911218886
chr12:56159679	wtdmso	mtcsc	1	2	32	80	1.25	1.0
chr12:56159995	wtdmso	mtcsc	6	5	15	93	7.44	0.003924488420134208
chr12:56160024	wtdmso	mtcsc	2	2	21	86	4.095238095238095	0.18921122957820205
chr12:56160043	wtdmso	mtcsc	3	11	29	87	0.8181818181818182	1.0
chr12:56160074	wtdmso	mtcsc	5	6	28	94	2.7976190476190474	0.13970835620892688
chr12:56160088	wtdmso	mtcsc	1	1	32	94	2.9375	0.45066437007874016
chr12:56160293	wtdmso	mtcsc	4	15	16	70	1.1666666666666667	0.7555488600550124
chr12:56271768	wtdmso	mtcsc	3	3	7	9	1.2857142857142858	1.0
chr12:56272121	wtdmso	mtcsc	2	1	8	10	2.5	0.5864661654135338
chr12:56272186	wtdmso	mtcsc	4	4	7	9	1.2857142857142858	1.0
chr12:56272281	wtdmso	mtcsc	3	3	7	9	1.2857142857142858	1.0
chr12:56638214	wtdmso	mtcsc	53	50	72	82	1.2072222222222222	0.5245544431348313
chr12:56638379	wtdmso	mtcsc	13	21	128	129	0.6238839285714286	0.27320072928208133
chr12:56638400	wtdmso	mtcsc	27	39	132	138	0.7237762237762237	0.2726100782893257
chr12:56638413	wtdmso	mtcsc	6	4	158	168	1.5949367088607596	0.5342174062798501
chr12:56639135	wtdmso	mtcsc	6	3	165	175	2.121212121212121	0.3287599142906251
chr12:56639237	wtdmso	mtcsc	2	1	131	158	2.4122137404580153	0.5932259226974566
chr12:56639259	wtdmso	mtcsc	9	13	166	172	0.7173308619091752	0.5139381225308023
chr12:56639305	wtdmso	mtcsc	21	22	116	134	1.1026645768025078	0.8688301580187385
chr12:56640061	wtdmso	mtcsc	2	8	158	164	0.25949367088607594	0.10636769934807525
chr12:56640160	wtdmso	mtcsc	5	9	139	148	0.5915267785771383	0.41913457844034663
chr12:56640164	wtdmso	mtcsc	12	21	128	138	0.6160714285714286	0.2671075825134673
chr12:56640169	wtdmso	mtcsc	24	22	133	152	1.2467532467532467	0.5267526885161837
chr12:56642518	wtdmso	mtcsc	13	17	131	153	0.8931297709923665	0.8484168590304666
chr12:56642761	wtdmso	mtcsc	13	8	130	149	1.8625	0.256993516779922
chr12:56642770	wtdmso	mtcsc	14	15	131	148	1.0544529262086515	1.0
chr12:56642801	wtdmso	mtcsc	19	20	139	151	1.0320143884892086	1.0
chr12:56643476	wtdmso	mtcsc	9	10	134	148	0.9940298507462687	1.0
chr12:56643557	wtdmso	mtcsc	9	5	125	153	2.2032	0.1782706272963654
chr12:56643890	wtdmso	mtcsc	31	23	87	120	1.8590704647676162	0.04715863389603145
chr12:56644815	wtdmso	mtcsc	3	5	122	138	0.6786885245901639	0.7274845240940059
chr12:56644847	wtdmso	mtcsc	2	1	112	135	2.4107142857142856	0.5932685581033814
chr12:56644937	wtdmso	mtcsc	8	13	105	124	0.7267399267399267	0.6478539220573534
chr12:56645198	wtdmso	mtcsc	1	3	109	130	0.39755351681957185	0.6286819322780596
chr12:56645246	wtdmso	mtcsc	24	21	85	105	1.411764705882353	0.3220134685543387
chr12:56645332	wtdmso	mtcsc	1	1	106	130	1.2264150943396226	1.0
chr12:56645346	wtdmso	mtcsc	2	7	103	128	0.3550624133148405	0.30560986356893904
chr12:56645906	wtdmso	mtcsc	2	5	100	118	0.472	0.46031968929951
chr12:56663946	wtdmso	mtcsc	1	1	35	11	0.3142857142857143	0.4414893617021277
chr12:56664070	wtdmso	mtcsc	1	1	30	10	0.3333333333333333	0.45993031358885006
chr12:56712497	wtdmso	mtcsc	13	17	95	66	0.5312693498452012	0.1594592974105702
chr12:56712816	wtdmso	mtcsc	2	1	110	88	1.6	1.0
chr12:56713104	wtdmso	mtcsc	4	1	96	74	3.0833333333333335	0.3935900330901512
chr12:56713671	wtdmso	mtcsc	1	1	103	75	0.7281553398058253	1.0
chr12:56714409	wtdmso	mtcsc	5	5	88	68	0.7727272727272727	0.7501840433683182
chr12:56714637	wtdmso	mtcsc	2	3	86	67	0.5193798449612403	0.655718449610666
chr12:56714678	wtdmso	mtcsc	12	5	74	63	2.0432432432432432	0.30032907251615437
chr12:57230898	wtdmso	mtcsc	3	4	14	26	1.3928571428571428	0.6918372704075635
chr12:57231481	wtdmso	mtcsc	1	1	16	29	1.8125	1.0
chr12:57231526	wtdmso	mtcsc	1	6	17	25	0.24509803921568626	0.2383460047256489
chr12:57232458	wtdmso	mtcsc	4	5	12	22	1.4666666666666666	0.7060487062576803
chr12:57232471	wtdmso	mtcsc	2	3	19	30	1.0526315789473684	1.0
chr12:57232491	wtdmso	mtcsc	5	4	15	29	2.4166666666666665	0.2724524547046752
chr12:57233259	wtdmso	mtcsc	2	2	17	31	1.8235294117647058	0.6170874503647613
chr12:57233853	wtdmso	mtcsc	2	4	16	30	0.9375	1.0
chr12:57234041	wtdmso	mtcsc	2	2	15	31	2.066666666666667	0.5972557533651759
chr12:57234059	wtdmso	mtcsc	1	5	18	34	0.37777777777777777	0.6525065695527634
chr12:57234269	wtdmso	mtcsc	2	2	18	32	1.7777777777777777	0.6215664140192442
chr12:57234387	wtdmso	mtcsc	4	4	33	35	1.0606060606060606	1.0
chr12:57234516	wtdmso	mtcsc	4	6	40	45	0.75	0.7475393780072368
chr12:57234590	wtdmso	mtcsc	2	2	14	33	2.357142857142857	0.5809523809523811
chr12:57530731	wtdmso	mtcsc	1	3	19	23	0.40350877192982454	0.6215951221006834
chr12:57748472	wtdmso	mtcsc	3	1	7	11	4.714285714285714	0.2932330827067669
chr12:57748607	wtdmso	mtcsc	44	18	88	77	2.138888888888889	0.023067902784776946
chr12:57749290	wtdmso	mtcsc	38	28	99	101	1.3845598845598845	0.26051549188311446
chr12:57749453	wtdmso	mtcsc	18	13	175	159	1.2580219780219781	0.5777915198067087
chr12:57749486	wtdmso	mtcsc	18	24	170	131	0.5779411764705882	0.10123082693651189
chr12:57750700	wtdmso	mtcsc	32	28	156	130	0.9523809523809523	0.8873869284943559
chr12:57750971	wtdmso	mtcsc	26	24	177	151	0.9241996233521658	0.879231615998243
chr12:57750987	wtdmso	mtcsc	18	8	72	71	2.21875	0.08952133672379263
chr12:57750999	wtdmso	mtcsc	15	10	161	147	1.3695652173913044	0.5347408592301193
chr12:57751010	wtdmso	mtcsc	36	45	174	135	0.6206896551724138	0.06117030309883877
chr12:57751246	wtdmso	mtcsc	27	22	164	142	1.062638580931264	0.8783855410226094
chr12:57751256	wtdmso	mtcsc	44	44	119	97	0.8151260504201681	0.4482306678360178
chr12:57751264	wtdmso	mtcsc	34	39	140	113	0.7036630036630037	0.2306120990796564
chr12:57751270	wtdmso	mtcsc	8	6	147	122	1.1065759637188208	1.0
chr12:57751309	wtdmso	mtcsc	18	11	168	154	1.5	0.3369552419443951
chr12:57751313	wtdmso	mtcsc	102	103	91	64	0.6964685799637256	0.10936045152903515
chr12:57751662	wtdmso	mtcsc	83	75	77	57	0.8192207792207792	0.411302220768103
chr12:6225454	wtdmso	mtcsc	1	1	45	53	1.1777777777777778	1.0
chr12:6232725	wtdmso	mtcsc	11	19	37	35	0.5476529160739687	0.1974153650226825
chr12:6235259	wtdmso	mtcsc	3	3	37	46	1.2432432432432432	1.0
chr12:6235479	wtdmso	mtcsc	12	16	38	43	0.8486842105263158	0.8266950659440642
chr12:6235507	wtdmso	mtcsc	11	9	41	49	1.4607046070460705	0.46875227710854056
chr12:6237811	wtdmso	mtcsc	12	15	49	57	0.9306122448979591	1.0
chr12:6238015	wtdmso	mtcsc	1	1	56	64	1.1428571428571428	1.0
chr12:6238212	wtdmso	mtcsc	3	4	61	70	0.860655737704918	1.0
chr12:6238225	wtdmso	mtcsc	1	1	49	53	1.0816326530612246	1.0
chr12:6328907	wtdmso	mtcsc	3	1	20	9	1.35	1.0
chr12:6385057	wtdmso	mtcsc	3	3	19	11	0.5789473684210527	0.6582463630613535
chr12:6385105	wtdmso	mtcsc	6	1	16	14	5.25	0.20397093013316922
chr12:6386354	wtdmso	mtcsc	3	3	21	14	0.6666666666666666	0.6786006901539634
chr12:6388399	wtdmso	mtcsc	3	4	24	25	0.78125	1.0
chr12:6390175	wtdmso	mtcsc	2	1	22	27	2.4545454545454546	0.5895022624434388
chr12:6390311	wtdmso	mtcsc	5	7	8	8	0.7142857142857143	0.7176829541885402
chr12:6390694	wtdmso	mtcsc	2	1	28	30	2.142857142857143	0.6123923312031119
chr12:6390726	wtdmso	mtcsc	1	1	9	14	1.5555555555555556	1.0
chr12:6390777	wtdmso	mtcsc	5	12	28	19	0.28273809523809523	0.04769090105353241
chr12:6390806	wtdmso	mtcsc	1	6	23	21	0.15217391304347827	0.1034114071160379
chr12:6390914	wtdmso	mtcsc	2	2	31	29	0.9354838709677419	1.0
chr12:6390932	wtdmso	mtcsc	5	17	6	11	0.5392156862745098	0.4823562331904934
chr12:6390936	wtdmso	mtcsc	7	5	4	6	2.1	0.6699214098594903
chr12:6391119	wtdmso	mtcsc	20	18	9	10	1.2345679012345678	0.782811997268442
chr12:6391368	wtdmso	mtcsc	26	21	3	6	2.4761904761904763	0.28840754140421176
chr12:6534827	wtdmso	mtcsc	6	16	573	1027	0.6721204188481675	0.504972448983203
chr12:6536534	wtdmso	mtcsc	4	5	749	1346	1.4376502002670226	0.7295637179481025
chr12:6536567	wtdmso	mtcsc	15	21	541	957	1.2635331396884077	0.4881291377029783
chr12:6536579	wtdmso	mtcsc	21	28	679	1235	1.364138438880707	0.29332467377392674
chr12:6537179	wtdmso	mtcsc	88	140	739	1319	1.121902184419099	0.4251055386136035
chr12:6537194	wtdmso	mtcsc	28	56	803	1351	0.8412204234122043	0.4918698995445263
chr12:6537383	wtdmso	mtcsc	41	76	856	1502	0.9465998524348254	0.84401025951179
chr12:6537583	wtdmso	mtcsc	88	133	731	1332	1.205640640589161	0.2097205506244052
chr12:6537616	wtdmso	mtcsc	21	51	846	1462	0.7115839243498818	0.2148313989845987
chr12:6537639	wtdmso	mtcsc	69	112	800	1423	1.0958370535714286	0.5739309899169799
chr12:6537671	wtdmso	mtcsc	34	46	908	1601	1.3032465045010535	0.2878862140375058
chr12:6537788	wtdmso	mtcsc	20	56	701	1148	0.5848787446504993	0.04047651857034471
chr12:6537793	wtdmso	mtcsc	188	380	671	1062	0.7830261196956624	0.01647205090082535
chr12:6537810	wtdmso	mtcsc	1	2	933	1595	0.8547695605573419	1.0
chr12:6537827	wtdmso	mtcsc	7	15	825	1428	0.8077575757575758	0.8245853894691979
chr12:6537911	wtdmso	mtcsc	144	250	797	1314	0.9496411543287328	0.691688941552149
chr12:6538105	wtdmso	mtcsc	13	21	929	1547	1.0308575529242914	1.0
chr12:6538138	wtdmso	mtcsc	55	89	969	1624	1.0357022761795434	0.8597669067281504
chr12:6538171	wtdmso	mtcsc	8	7	993	1622	1.8667817580204287	0.28639863190915293
chr12:6538179	wtdmso	mtcsc	28	32	990	1688	1.4919191919191919	0.13764976306667026
chr12:6538217	wtdmso	mtcsc	6	3	846	1434	3.3900709219858154	0.08614163101932004
chr12:6538295	wtdmso	mtcsc	3	8	896	1548	0.6478794642857143	0.755642799209508
chr12:6748032	wtdmso	mtcsc	1	4	27	38	0.35185185185185186	0.6414579046178086
chr12:6748130	wtdmso	mtcsc	4	1	27	36	5.333333333333333	0.16979962256795003
chr12:6748340	wtdmso	mtcsc	7	7	20	33	1.65	0.5418135738714427
chr12:6748361	wtdmso	mtcsc	3	5	21	32	0.9142857142857143	1.0
chr12:6748422	wtdmso	mtcsc	1	3	30	37	0.4111111111111111	0.6267116767098754
chr12:6748509	wtdmso	mtcsc	2	1	29	41	2.8275862068965516	0.5708566467296932
chr12:6748801	wtdmso	mtcsc	5	4	20	27	1.6875	0.492761816429963
chr12:6748831	wtdmso	mtcsc	2	2	28	37	1.3214285714285714	1.0
chr12:6748839	wtdmso	mtcsc	3	1	28	43	4.607142857142857	0.30029700933810516
chr12:6749867	wtdmso	mtcsc	3	1	30	38	3.8	0.3265535240428075
chr12:6749930	wtdmso	mtcsc	1	1	23	30	1.3043478260869565	1.0
chr12:6749965	wtdmso	mtcsc	3	6	24	31	0.6458333333333334	0.7222283954551967
chr12:6749988	wtdmso	mtcsc	3	3	26	37	1.4230769230769231	0.6904811272630107
chr12:6750302	wtdmso	mtcsc	1	3	25	36	0.48	0.6442972350230415
chr12:6753000	wtdmso	mtcsc	1	3	14	32	0.7619047619047619	1.0
chr12:6867600	wtdmso	mtcsc	7	17	74	132	0.7344992050874404	0.6529390187830748
chr12:6868944	wtdmso	mtcsc	24	30	62	129	1.664516129032258	0.10927107289615903
chr12:6868958	wtdmso	mtcsc	2	7	83	162	0.5576592082616179	0.7219311562730815
chr12:6869115	wtdmso	mtcsc	6	7	90	181	1.723809523809524	0.374033317947249
chr12:6869295	wtdmso	mtcsc	2	10	116	232	0.4	0.35039914253197063
chr12:6869374	wtdmso	mtcsc	1	4	100	209	0.5225	1.0
chr12:6869699	wtdmso	mtcsc	15	32	117	216	0.8653846153846154	0.7447584023755054
chr12:6869755	wtdmso	mtcsc	4	8	128	238	0.9296875	1.0
chr12:6870272	wtdmso	mtcsc	26	47	120	231	1.0648936170212766	0.8923957819150858
chr12:6870360	wtdmso	mtcsc	4	11	109	201	0.6705587989991659	0.5891757091308087
chr12:6870376	wtdmso	mtcsc	5	2	136	254	4.669117647058823	0.10248841088079916
chr12:6870422	wtdmso	mtcsc	18	41	128	235	0.8060213414634146	0.5558222663313013
chr12:6870446	wtdmso	mtcsc	6	11	118	237	1.0955315870570108	1.0
chr12:6870509	wtdmso	mtcsc	12	18	143	276	1.2867132867132867	0.5530053110832454
chr12:6870556	wtdmso	mtcsc	4	11	133	229	0.6261107313738893	0.5863110185539189
chr12:6870595	wtdmso	mtcsc	28	66	116	214	0.7826541274817137	0.3878576080748486
chr12:6870794	wtdmso	mtcsc	15	37	124	227	0.742153443766347	0.4350973318037105
chr12:6944100	wtdmso	mtcsc	8	17	8	22	1.2941176470588236	0.7688194928907786
chr12:69593000	wtdmso	mtcsc	1	1	9	14	1.5555555555555556	1.0
chr12:69597189	wtdmso	mtcsc	5	7	5	20	2.857142857142857	0.23979460106202238
chr12:69597742	wtdmso	mtcsc	2	5	8	24	1.2	1.0
chr12:69597750	wtdmso	mtcsc	2	2	8	25	3.125	0.29139223256870306
chr12:69597999	wtdmso	mtcsc	4	7	7	25	2.0408163265306123	0.4300763175587786
chr12:69598340	wtdmso	mtcsc	1	2	9	27	1.5	1.0
chr12:6965462	wtdmso	mtcsc	23	31	22	41	1.3826979472140764	0.448283599622899
chr12:6965478	wtdmso	mtcsc	3	6	45	67	0.7444444444444445	1.0
chr12:6965529	wtdmso	mtcsc	5	8	37	63	1.0641891891891893	1.0
chr12:6965550	wtdmso	mtcsc	8	10	32	61	1.525	0.43239651028196147
chr12:6965668	wtdmso	mtcsc	7	14	39	57	0.7307692307692307	0.6264915307642234
chr12:6965709	wtdmso	mtcsc	7	6	37	66	2.081081081081081	0.2357390610545072
chr12:6966447	wtdmso	mtcsc	20	28	21	42	1.4285714285714286	0.4291180427875376
chr12:6966462	wtdmso	mtcsc	1	3	34	57	0.5588235294117647	1.0
chr12:6967225	wtdmso	mtcsc	3	4	41	59	1.079268292682927	1.0
chr12:6967726	wtdmso	mtcsc	2	9	42	60	0.31746031746031744	0.19721039166405735
chr12:6967977	wtdmso	mtcsc	2	4	36	60	0.8333333333333334	1.0
chr12:6969544	wtdmso	mtcsc	2	2	31	50	1.6129032258064515	0.6398136098400573
chr12:6970225	wtdmso	mtcsc	5	7	29	44	1.083743842364532	1.0
chr12:6970523	wtdmso	mtcsc	6	8	24	42	1.3125	0.7632604139721778
chr12:6970532	wtdmso	mtcsc	4	12	27	39	0.48148148148148145	0.2686921966090046
chr12:6970573	wtdmso	mtcsc	7	5	18	34	2.6444444444444444	0.18985810232375905
chr12:6970639	wtdmso	mtcsc	5	7	9	23	1.8253968253968254	0.47528580615125676
chr12:89348234	wtdmso	mtcsc	2	1	9	9	2.0	1.0
chr12:89348885	wtdmso	mtcsc	4	6	17	4	0.1568627450980392	0.04010688091550886
chr12:89349054	wtdmso	mtcsc	4	3	6	7	1.5555555555555556	1.0
chr12:95861285	wtdmso	mtcsc	3	6	7	20	1.4285714285714286	0.685575008646395
chr12:96000922	wtdmso	mtcsc	1	1	11	11	1.0	1.0
chr12:96001062	wtdmso	mtcsc	3	2	7	12	2.5714285714285716	0.6146245059288538
chr12:96002994	wtdmso	mtcsc	3	3	8	11	1.375	1.0
chr12:98594012	wtdmso	mtcsc	13	16	87	128	1.1954022988505748	0.6904280599752891
chr12:98594060	wtdmso	mtcsc	3	4	100	146	1.095	1.0
chr12:98597859	wtdmso	mtcsc	6	5	93	135	1.7419354838709677	0.37022700698599453
chr12:98597974	wtdmso	mtcsc	26	40	88	118	0.8715909090909091	0.669210537682883
chr12:98601267	wtdmso	mtcsc	1	1	123	165	1.3414634146341464	1.0
chr12:98601380	wtdmso	mtcsc	18	31	115	148	0.7472650771388499	0.43225389699176897
chr12:98601414	wtdmso	mtcsc	38	37	97	132	1.3976037893563666	0.22949648888091956
chr12:98601439	wtdmso	mtcsc	3	8	141	189	0.5026595744680851	0.36760738300078455
chr12:98601548	wtdmso	mtcsc	87	129	51	58	0.7669858641130871	0.2857249281366968
chr12:98601592	wtdmso	mtcsc	14	13	135	184	1.4678062678062678	0.41884614470487014
chr12:98601607	wtdmso	mtcsc	3	2	120	164	2.05	0.6538074624944046
chr12:98601692	wtdmso	mtcsc	1	3	80	111	0.4625	0.6427150916494435
chr13:113306580	wtdmso	mtcsc	2	4	8	8	0.5	0.6461742591773552
chr13:113309655	wtdmso	mtcsc	1	2	10	15	0.75	1.0
chr13:113309709	wtdmso	mtcsc	7	6	13	12	1.0769230769230769	1.0
chr13:113309820	wtdmso	mtcsc	2	3	21	15	0.47619047619047616	0.6384257764232091
chr13:113310731	wtdmso	mtcsc	8	4	17	14	1.6470588235294117	0.7314867989853809
chr13:113319481	wtdmso	mtcsc	6	2	19	15	2.3684210526315788	0.43882660185612693
chr13:113319627	wtdmso	mtcsc	4	5	23	12	0.41739130434782606	0.27468732943850116
chr13:113320416	wtdmso	mtcsc	2	4	23	14	0.30434782608695654	0.21780923796029628
chr13:113322610	wtdmso	mtcsc	7	2	34	18	1.8529411764705883	0.7044197772318774
chr13:113322631	wtdmso	mtcsc	2	3	38	17	0.2982456140350877	0.32161643149369623
chr13:113323029	wtdmso	mtcsc	1	1	34	29	0.8529411764705882	1.0
chr13:113323079	wtdmso	mtcsc	10	4	36	30	2.0833333333333335	0.37311965517385537
chr13:20187654	wtdmso	mtcsc	1	1	37	24	0.6486486486486487	1.0
chr13:20187841	wtdmso	mtcsc	25	17	49	18	0.5402160864345739	0.1473775289037924
chr13:20187846	wtdmso	mtcsc	19	6	50	25	1.5833333333333333	0.46010130802309873
chr13:20187901	wtdmso	mtcsc	10	5	52	30	1.1538461538461537	1.0
chr13:20187925	wtdmso	mtcsc	1	1	64	33	0.515625	1.0
chr13:20187986	wtdmso	mtcsc	12	3	60	36	2.4	0.250370817494594
chr13:20188019	wtdmso	mtcsc	4	5	58	34	0.4689655172413793	0.3015997687569967
chr13:20188051	wtdmso	mtcsc	16	5	50	27	1.728	0.43437905970439106
chr13:20188133	wtdmso	mtcsc	1	1	56	34	0.6071428571428571	1.0
chr13:20188370	wtdmso	mtcsc	5	4	62	34	0.6854838709677419	0.7198458874239829
chr13:20188418	wtdmso	mtcsc	5	5	42	11	0.2619047619047619	0.10568101011982321
chr13:20188465	wtdmso	mtcsc	15	9	53	27	0.8490566037735849	0.8082650207867905
chr13:20188530	wtdmso	mtcsc	12	9	44	26	0.7878787878787878	0.7986540725145307
chr13:20188560	wtdmso	mtcsc	6	6	21	16	0.7619047619047619	0.7465376611778418
chr13:20188746	wtdmso	mtcsc	5	2	48	30	1.5625	0.7057421135951992
chr13:20188790	wtdmso	mtcsc	5	1	37	28	3.7837837837837838	0.38980511936129375
chr13:20189016	wtdmso	mtcsc	35	21	15	7	0.7777777777777778	0.7942917357660607
chr13:20189045	wtdmso	mtcsc	32	10	11	1	0.2909090909090909	0.42129284064291017
chr13:20189231	wtdmso	mtcsc	13	7	27	5	0.3439153439153439	0.1750871299323063
chr13:21146825	wtdmso	mtcsc	3	4	44	23	0.39204545454545453	0.24979973816810302
chr13:21147225	wtdmso	mtcsc	3	3	36	10	0.2777777777777778	0.156960230900871
chr13:21147280	wtdmso	mtcsc	1	2	40	23	0.2875	0.5520104895104896
chr13:21176925	wtdmso	mtcsc	4	3	27	11	0.5432098765432098	0.6592765430825557
chr13:21177184	wtdmso	mtcsc	1	2	30	13	0.21666666666666667	0.2444005270092226
chr13:21177288	wtdmso	mtcsc	18	19	18	10	0.5263157894736842	0.31363095668502305
chr13:21177296	wtdmso	mtcsc	15	15	22	14	0.6363636363636364	0.4570721197962928
chr13:27253783	wtdmso	mtcsc	170	191	229	235	0.9133725050869933	0.528120576397533
chr13:27255292	wtdmso	mtcsc	22	24	404	432	0.9801980198019802	1.0
chr13:27256468	wtdmso	mtcsc	29	23	350	392	1.4121739130434783	0.2523114625395856
chr13:27256497	wtdmso	mtcsc	13	8	406	450	1.8011083743842364	0.2686592384444203
chr13:27256550	wtdmso	mtcsc	26	45	190	227	0.6902923976608187	0.19607671652484454
chr13:27434926	wtdmso	mtcsc	1	1	9	24	2.6666666666666665	0.4957983193277311
chr13:27622920	wtdmso	mtcsc	2	2	47	64	1.3617021276595744	1.0
chr13:27622950	wtdmso	mtcsc	1	5	43	60	0.27906976744186046	0.3980426193245641
chr13:27622958	wtdmso	mtcsc	8	19	37	51	0.5803698435277382	0.27002881673976026
chr13:27622968	wtdmso	mtcsc	4	12	46	62	0.4492753623188406	0.2749233256676691
chr13:27623032	wtdmso	mtcsc	2	6	43	59	0.4573643410852713	0.46770711718357505
chr13:27623103	wtdmso	mtcsc	14	38	33	37	0.4130781499202552	0.025570208277027755
chr13:27623206	wtdmso	mtcsc	34	49	20	31	1.0755102040816327	0.8582457428248287
chr13:27623274	wtdmso	mtcsc	33	33	13	21	1.6153846153846154	0.2954475764043558
chr13:27623311	wtdmso	mtcsc	11	5	40	71	3.905	0.02635972515413987
chr13:27623378	wtdmso	mtcsc	4	4	46	73	1.5869565217391304	0.7110797468457808
chr13:27623409	wtdmso	mtcsc	1	2	49	72	0.7346938775510204	1.0
chr13:28662459	wtdmso	mtcsc	4	3	21	10	0.6349206349206349	0.6716278972470924
chr13:28664529	wtdmso	mtcsc	8	2	21	12	2.2857142857142856	0.45569289763414245
chr13:28672404	wtdmso	mtcsc	1	2	28	10	0.17857142857142858	0.200187617260788
chr13:45336883	wtdmso	mtcsc	83	84	56	28	0.49404761904761907	0.011054675756188258
chr13:45336915	wtdmso	mtcsc	25	18	177	157	1.2319522912743253	0.6265337606667742
chr13:45336989	wtdmso	mtcsc	17	11	179	158	1.3641442356526154	0.5549016533916481
chr13:45337045	wtdmso	mtcsc	106	92	71	68	1.1034905082669932	0.6595838150677699
chr13:45337057	wtdmso	mtcsc	7	10	178	140	0.550561797752809	0.3171709391617109
chr13:45337072	wtdmso	mtcsc	6	8	197	164	0.6243654822335025	0.42356043341176186
chr13:45337180	wtdmso	mtcsc	28	31	278	263	0.854490601067533	0.5859174078195922
chr13:45337219	wtdmso	mtcsc	17	7	591	527	2.1655789219240997	0.0984782715768591
chr13:45337260	wtdmso	mtcsc	238	211	397	352	1.0001074408776727	1.0
chr13:45337293	wtdmso	mtcsc	339	348	292	222	0.7406117146905999	0.012006995447929054
chr13:45337302	wtdmso	mtcsc	11	11	578	528	0.9134948096885813	0.8335865667610581
chr13:45337309	wtdmso	mtcsc	124	134	443	381	0.7958626730905293	0.11633499246604528
chr13:45337343	wtdmso	mtcsc	122	110	554	493	0.9869707909419101	0.9421526757316278
chr13:45338706	wtdmso	mtcsc	17	24	658	577	0.6211372847011145	0.15348002035431013
chr13:45338726	wtdmso	mtcsc	26	21	613	542	1.0946943214479918	0.88166637725359
chr13:45338759	wtdmso	mtcsc	2	3	583	518	0.592338479130932	0.6709705666354028
chr13:45339503	wtdmso	mtcsc	3	3	633	549	0.8672985781990521	1.0
chr13:45339535	wtdmso	mtcsc	4	4	669	605	0.9043348281016442	1.0
chr13:45339549	wtdmso	mtcsc	11	12	591	531	0.8236040609137056	0.6779801946450477
chr13:45339559	wtdmso	mtcsc	1	1	666	595	0.8933933933933934	1.0
chr13:45339580	wtdmso	mtcsc	43	48	586	503	0.7689490898748578	0.2313667323032689
chr13:45339589	wtdmso	mtcsc	5	3	594	543	1.5235690235690236	0.727959111754436
chr13:45340062	wtdmso	mtcsc	93	100	529	462	0.8122117202268431	0.2074696618696834
chr13:45340152	wtdmso	mtcsc	13	12	594	531	0.9684343434343434	1.0
chr13:45340161	wtdmso	mtcsc	1	1	643	575	0.8942457231726283	1.0
chr13:45340171	wtdmso	mtcsc	12	13	611	544	0.8218557220193882	0.6881550605383211
chr13:45341052	wtdmso	mtcsc	57	50	437	425	1.108695652173913	0.6819304876277335
chr13:48233238	wtdmso	mtcsc	3	1	29	25	2.586206896551724	0.6200532679661537
chr13:48233469	wtdmso	mtcsc	16	22	23	21	0.6640316205533597	0.38381277453246354
chr13:48253808	wtdmso	mtcsc	1	4	44	43	0.24431818181818182	0.36164958636868744
chr13:48253869	wtdmso	mtcsc	1	2	42	49	0.5833333333333334	1.0
chr13:48256372	wtdmso	mtcsc	5	5	45	49	1.0888888888888888	1.0
chr13:48258180	wtdmso	mtcsc	12	8	38	43	1.6973684210526316	0.32749317586097326
chr13:48258802	wtdmso	mtcsc	4	7	41	36	0.5017421602787456	0.3473377037046432
chr13:48258863	wtdmso	mtcsc	1	1	52	51	0.9807692307692307	1.0
chr13:48261224	wtdmso	mtcsc	9	13	31	32	0.7146401985111662	0.6215258293226585
chr13:48261373	wtdmso	mtcsc	1	1	47	45	0.9574468085106383	1.0
chr13:48261432	wtdmso	mtcsc	10	2	21	13	3.0952380952380953	0.2845768288280337
chr13:48261598	wtdmso	mtcsc	3	2	31	13	0.6290322580645161	0.6351954287728043
chr13:48261803	wtdmso	mtcsc	1	1	33	15	0.45454545454545453	0.5420408163265308
chr13:73077237	wtdmso	mtcsc	2	1	10	9	1.8	1.0
chr13:75526505	wtdmso	mtcsc	6	9	36	41	0.7592592592592593	0.778923893577763
chr13:75526541	wtdmso	mtcsc	6	4	8	20	3.75	0.12692225642545402
chr13:75530245	wtdmso	mtcsc	2	5	32	43	0.5375	0.693729300333028
chr13:98019655	wtdmso	mtcsc	1	1	9	9	1.0	1.0
chr13:98021753	wtdmso	mtcsc	1	3	9	8	0.2962962962962963	0.5864661654135339
chr13:99562753	wtdmso	mtcsc	2	1	8	11	2.75	0.5714285714285713
chr14:102081307	wtdmso	mtcsc	2	1	9	15	3.3333333333333335	0.5487179487179487
chr14:104759569	wtdmso	mtcsc	6	5	4	5	1.5	1.0
chr14:104769517	wtdmso	mtcsc	2	4	10	21	1.05	1.0
chr14:104769564	wtdmso	mtcsc	1	1	11	23	2.090909090909091	1.0
chr14:104769662	wtdmso	mtcsc	3	2	9	13	2.1666666666666665	0.6280193236714976
chr14:104769738	wtdmso	mtcsc	1	1	10	21	2.1	1.0
chr14:104770054	wtdmso	mtcsc	7	5	3	19	8.866666666666667	0.01514226465806653
chr14:104770328	wtdmso	mtcsc	3	7	7	6	0.3673469387755102	0.40153452685421986
chr14:105250730	wtdmso	mtcsc	3	4	7	20	2.142857142857143	0.3942615978538245
chr14:105250801	wtdmso	mtcsc	2	2	8	21	2.625	0.5672043010752689
chr14:105479591	wtdmso	mtcsc	3	7	9	7	0.3333333333333333	0.24751648943330193
chr14:105479627	wtdmso	mtcsc	3	1	9	23	7.666666666666667	0.09803921568627447
chr14:20311642	wtdmso	mtcsc	2	5	8	5	0.25	0.3498452012383901
chr14:20476546	wtdmso	mtcsc	1	2	10	8	0.4	0.5864661654135338
chr14:20476811	wtdmso	mtcsc	1	1	10	10	1.0	1.0
chr14:20476927	wtdmso	mtcsc	2	5	9	7	0.3111111111111111	0.3707093821510298
chr14:20477008	wtdmso	mtcsc	1	1	9	11	1.2222222222222223	1.0
chr14:20477019	wtdmso	mtcsc	4	6	6	6	0.6666666666666666	0.691355084543939
chr14:21210604	wtdmso	mtcsc	2	1	28	25	1.7857142857142858	1.0
chr14:21210621	wtdmso	mtcsc	2	6	14	8	0.19047619047619047	0.10102726414570494
chr14:21210852	wtdmso	mtcsc	3	2	28	15	0.8035714285714286	1.0
chr14:21210966	wtdmso	mtcsc	6	4	36	36	1.5	0.7383482825480396
chr14:21211229	wtdmso	mtcsc	1	2	39	43	0.5512820512820513	1.0
chr14:21211448	wtdmso	mtcsc	2	4	10	30	1.5	0.6435212423769479
chr14:21211503	wtdmso	mtcsc	1	1	24	35	1.4583333333333333	1.0
chr14:22575115	wtdmso	mtcsc	6	5	16	10	0.75	0.7277255008067021
chr14:22575202	wtdmso	mtcsc	1	4	20	10	0.125	0.1336035880627911
chr14:22589009	wtdmso	mtcsc	1	2	20	12	0.3	0.5508021390374331
chr14:22771310	wtdmso	mtcsc	1	2	9	16	0.8888888888888888	1.0
chr14:22771557	wtdmso	mtcsc	2	5	8	14	0.7	1.0
chr14:22771603	wtdmso	mtcsc	5	9	5	7	0.7777777777777778	1.0
chr14:22771621	wtdmso	mtcsc	3	6	7	11	0.7857142857142857	1.0
chr14:22771654	wtdmso	mtcsc	8	6	3	12	5.333333333333333	0.06043294142402485
chr14:22877089	wtdmso	mtcsc	3	5	23	17	0.4434782608695652	0.4417357582779192
chr14:22877394	wtdmso	mtcsc	3	3	22	25	1.1363636363636365	1.0
chr14:22877415	wtdmso	mtcsc	1	3	32	29	0.3020833333333333	0.35531135531135527
chr14:22877531	wtdmso	mtcsc	2	3	29	25	0.5747126436781609	0.6606114670343037
chr14:22877647	wtdmso	mtcsc	2	4	34	30	0.4411764705882353	0.4221035291768582
chr14:22877751	wtdmso	mtcsc	1	1	25	26	1.04	1.0
chr14:22877847	wtdmso	mtcsc	8	8	16	16	1.0	1.0
chr14:22877948	wtdmso	mtcsc	3	1	25	32	3.84	0.3248086154199921
chr14:23026023	wtdmso	mtcsc	3	9	8	19	0.7916666666666666	1.0
chr14:23026050	wtdmso	mtcsc	8	13	2	11	3.3846153846153846	0.2507786429365962
chr14:23026134	wtdmso	mtcsc	2	2	9	27	3.0	0.30030637925374776
chr14:24137003	wtdmso	mtcsc	1	1	22	13	0.5909090909090909	1.0
chr14:24137720	wtdmso	mtcsc	11	11	18	18	1.0	1.0
chr14:24138216	wtdmso	mtcsc	2	1	23	27	2.347826086956522	0.5966020660804234
chr14:24138372	wtdmso	mtcsc	2	1	30	28	1.8666666666666667	1.0
chr14:24138748	wtdmso	mtcsc	3	1	27	24	2.6666666666666665	0.6173637683071646
chr14:24138763	wtdmso	mtcsc	3	1	32	35	3.28125	0.35701163502755656
chr14:24217055	wtdmso	mtcsc	1	1	10	9	0.9	1.0
chr14:24218395	wtdmso	mtcsc	9	1	19	10	4.7368421052631575	0.22824989675583907
chr14:35308940	wtdmso	mtcsc	4	5	8	30	3.0	0.20497263439005062
chr14:35308958	wtdmso	mtcsc	1	6	12	33	0.4583333333333333	0.6643181694509442
chr14:35310784	wtdmso	mtcsc	1	4	11	36	0.8181818181818182	1.0
chr14:35314360	wtdmso	mtcsc	4	1	9	38	16.88888888888889	0.011224489795918368
chr14:35401691	wtdmso	mtcsc	1	1	25	12	0.48	1.0
chr14:35401695	wtdmso	mtcsc	15	3	15	12	4.0	0.06315780021008317
chr14:35401726	wtdmso	mtcsc	5	2	24	25	2.6041666666666665	0.4239355261830289
chr14:35401789	wtdmso	mtcsc	3	3	13	12	0.9230769230769231	1.0
chr14:35401832	wtdmso	mtcsc	13	6	14	12	1.8571428571428572	0.3709267797843559
chr14:35401986	wtdmso	mtcsc	13	15	5	2	0.3466666666666667	0.40175953079178883
chr14:35402430	wtdmso	mtcsc	1	1	30	18	0.6	1.0
chr14:35402644	wtdmso	mtcsc	1	2	27	15	0.2777777777777778	0.5471458773784357
chr14:35403206	wtdmso	mtcsc	2	1	11	13	2.3636363636363638	0.5955555555555554
chr14:35403702	wtdmso	mtcsc	1	2	16	15	0.46875	1.0
chr14:35404540	wtdmso	mtcsc	1	1	13	14	1.0769230769230769	1.0
chr14:49583590	wtdmso	mtcsc	2	3	56	367	4.369047619047619	0.13779649749565276
chr14:49583670	wtdmso	mtcsc	18	103	49	329	1.1733703190013869	0.6458639145356683
chr14:49618782	wtdmso	mtcsc	3	4	32	21	0.4921875	0.43600803424236934
chr14:49618828	wtdmso	mtcsc	14	12	21	12	0.6666666666666666	0.5942167439732493
chr14:49618877	wtdmso	mtcsc	1	3	32	24	0.25	0.3178504414162232
chr14:49619034	wtdmso	mtcsc	6	3	15	8	1.0666666666666667	1.0
chr14:54427365	wtdmso	mtcsc	1	1	24	14	0.5833333333333334	1.0
chr14:54427461	wtdmso	mtcsc	3	6	21	18	0.42857142857142855	0.4613967970456547
chr14:54427497	wtdmso	mtcsc	4	3	21	10	0.6349206349206349	0.6716278972470924
chr14:54427533	wtdmso	mtcsc	7	6	18	17	1.1018518518518519	1.0
chr14:54427551	wtdmso	mtcsc	2	4	13	20	0.7692307692307693	1.0
chr14:54427644	wtdmso	mtcsc	3	3	9	7	0.7777777777777778	1.0
chr14:54427811	wtdmso	mtcsc	1	2	24	20	0.4166666666666667	0.5929694727104534
chr14:54430391	wtdmso	mtcsc	1	1	23	10	0.43478260869565216	0.5361344537815125
chr14:55138108	wtdmso	mtcsc	3	10	32	38	0.35625	0.22045527880396787
chr14:55138304	wtdmso	mtcsc	6	7	29	37	1.0935960591133005	1.0
chr14:55142690	wtdmso	mtcsc	7	6	31	48	1.8064516129032258	0.37131657195078294
chr14:55145132	wtdmso	mtcsc	2	6	36	46	0.42592592592592593	0.4593548277922386
chr14:55145137	wtdmso	mtcsc	1	1	35	51	1.457142857142857	1.0
chr14:55145198	wtdmso	mtcsc	2	4	35	47	0.6714285714285714	1.0
chr14:55145216	wtdmso	mtcsc	3	6	32	41	0.640625	0.7259291117304476
chr14:61747661	wtdmso	mtcsc	7	1	17	15	6.176470588235294	0.11404731714329237
chr14:61747898	wtdmso	mtcsc	3	2	27	15	0.8333333333333334	1.0
chr14:61747956	wtdmso	mtcsc	1	1	33	30	0.9090909090909091	1.0
chr14:61748212	wtdmso	mtcsc	8	13	34	31	0.5610859728506787	0.31907075192609596
chr14:68787826	wtdmso	mtcsc	17	6	50	17	0.9633333333333334	1.0
chr14:68787894	wtdmso	mtcsc	1	1	51	18	0.35294117647058826	0.4663983903420522
chr14:68787916	wtdmso	mtcsc	7	5	38	14	0.5157894736842106	0.3180414528145998
chr14:68787989	wtdmso	mtcsc	12	5	37	11	0.7135135135135136	0.7441367924993203
chr14:68788016	wtdmso	mtcsc	7	5	42	14	0.4666666666666667	0.29360230060050835
chr14:68788060	wtdmso	mtcsc	31	12	17	6	0.9117647058823529	1.0
chr14:68788103	wtdmso	mtcsc	8	2	31	15	1.935483870967742	0.7062650029903572
chr14:68788168	wtdmso	mtcsc	4	2	32	14	0.875	1.0
chr14:68788441	wtdmso	mtcsc	1	2	27	11	0.2037037037037037	0.23170731707317072
chr14:68788689	wtdmso	mtcsc	2	3	26	12	0.3076923076923077	0.32359614293817357
chr14:68788699	wtdmso	mtcsc	4	2	22	11	1.0	1.0
chr14:68788756	wtdmso	mtcsc	7	5	11	10	1.2727272727272727	1.0
chr14:68789134	wtdmso	mtcsc	1	1	16	11	0.6875	1.0
chr14:68789345	wtdmso	mtcsc	5	2	11	8	1.8181818181818181	0.6679841897233201
chr14:68789515	wtdmso	mtcsc	2	2	13	8	0.6153846153846154	1.0
chr14:68874645	wtdmso	mtcsc	3	5	74	68	0.5513513513513514	0.48607694087907005
chr14:68874653	wtdmso	mtcsc	1	1	73	71	0.9726027397260274	1.0
chr14:68874704	wtdmso	mtcsc	28	36	46	35	0.5917874396135265	0.1343735646686059
chr14:68874865	wtdmso	mtcsc	2	3	63	64	0.6772486772486772	1.0
chr14:68874904	wtdmso	mtcsc	8	10	55	58	0.8436363636363636	0.8033287852836755
chr14:68875015	wtdmso	mtcsc	9	7	51	57	1.4369747899159664	0.5958811262654425
chr14:68877085	wtdmso	mtcsc	2	2	57	49	0.8596491228070176	1.0
chr14:68877143	wtdmso	mtcsc	2	5	52	47	0.36153846153846153	0.2655868499471307
chr14:68877160	wtdmso	mtcsc	1	2	58	58	0.5	1.0
chr14:68877179	wtdmso	mtcsc	6	9	49	50	0.6802721088435374	0.584799952402838
chr14:68880043	wtdmso	mtcsc	2	1	45	54	2.4	0.5935061153174143
chr14:68880062	wtdmso	mtcsc	4	4	33	42	1.2727272727272727	1.0
chr14:68880945	wtdmso	mtcsc	6	8	38	35	0.6907894736842105	0.5719241908021161
chr14:68882566	wtdmso	mtcsc	1	1	28	36	1.2857142857142858	1.0
chr14:68882876	wtdmso	mtcsc	2	1	22	33	3.0	0.5636505055742806
chr14:68883048	wtdmso	mtcsc	1	4	28	29	0.25892857142857145	0.35953535480285737
chr14:68883052	wtdmso	mtcsc	8	8	23	24	1.0434782608695652	1.0
chr14:68884201	wtdmso	mtcsc	2	4	19	28	0.7368421052631579	1.0
chr14:68884210	wtdmso	mtcsc	2	2	18	31	1.7222222222222223	0.6273542218048321
chr14:68884800	wtdmso	mtcsc	1	1	27	30	1.1111111111111112	1.0
chr14:68884817	wtdmso	mtcsc	3	7	10	17	0.7285714285714285	1.0
chr14:68884826	wtdmso	mtcsc	1	1	18	31	1.7222222222222223	1.0
chr14:68885463	wtdmso	mtcsc	2	4	12	27	1.125	1.0
chr14:68890144	wtdmso	mtcsc	3	4	10	23	1.725	0.6622458371684377
chr14:68892227	wtdmso	mtcsc	2	1	11	12	2.1818181818181817	1.0
chr14:68892242	wtdmso	mtcsc	2	2	10	12	1.2	1.0
chr14:68902520	wtdmso	mtcsc	1	2	10	14	0.7	1.0
chr14:68902550	wtdmso	mtcsc	1	3	12	11	0.3055555555555556	0.5955555555555555
chr14:68909966	wtdmso	mtcsc	3	5	10	9	0.54	0.6776167471819644
chr14:68909997	wtdmso	mtcsc	5	7	5	5	0.7142857142857143	1.0
chr14:68925604	wtdmso	mtcsc	5	1	7	10	7.142857142857143	0.15495259888852564
chr14:68925616	wtdmso	mtcsc	2	2	10	10	1.0	1.0
chr14:74479961	wtdmso	mtcsc	1	2	28	49	0.875	1.0
chr14:74480129	wtdmso	mtcsc	1	1	35	58	1.6571428571428573	1.0
chr14:74480186	wtdmso	mtcsc	3	10	41	59	0.4317073170731707	0.2450814050875621
chr14:74480773	wtdmso	mtcsc	2	7	35	50	0.40816326530612246	0.47493742071530337
chr14:74484484	wtdmso	mtcsc	4	10	40	63	0.63	0.5643752153862001
chr14:74486362	wtdmso	mtcsc	9	9	31	58	1.8709677419354838	0.2869930654760603
chr14:74493197	wtdmso	mtcsc	1	11	39	61	0.14219114219114218	0.052982810578978454
chr14:74493214	wtdmso	mtcsc	13	17	29	58	1.5294117647058822	0.3796481993225108
chr14:74903372	wtdmso	mtcsc	5	1	18	9	2.5	0.6402252502780867
chr14:75134309	wtdmso	mtcsc	11	8	12	10	1.1458333333333333	1.0
chr14:75134333	wtdmso	mtcsc	2	2	10	18	1.8	0.6195773081201335
chr14:75134480	wtdmso	mtcsc	1	1	9	17	1.8888888888888888	1.0
chr14:75134558	wtdmso	mtcsc	2	3	8	16	1.3333333333333333	1.0
chr14:75134700	wtdmso	mtcsc	6	9	5	10	1.3333333333333333	1.0
chr14:75134762	wtdmso	mtcsc	6	9	19	10	0.3508771929824561	0.12337317939480674
chr14:75134838	wtdmso	mtcsc	4	8	7	11	0.7857142857142857	1.0
chr14:75281755	wtdmso	mtcsc	1	1	9	11	1.2222222222222223	1.0
chr14:75281838	wtdmso	mtcsc	2	2	8	10	1.25	1.0
chr14:77708195	wtdmso	mtcsc	1	4	16	29	0.453125	0.649787611621892
chr14:77710850	wtdmso	mtcsc	7	5	12	27	3.15	0.1010914095006673
chr14:77715772	wtdmso	mtcsc	1	1	17	29	1.7058823529411764	1.0
chr14:77717562	wtdmso	mtcsc	1	1	17	29	1.7058823529411764	1.0
chr14:77717590	wtdmso	mtcsc	1	1	9	9	1.0	1.0
chr14:90272410	wtdmso	mtcsc	3	3	7	13	1.8571428571428572	0.6442687747035571
chr14:90401351	wtdmso	mtcsc	1	2	9	17	0.9444444444444444	1.0
chr14:90404407	wtdmso	mtcsc	1	3	11	21	0.6363636363636364	1.0
chr14:90404705	wtdmso	mtcsc	1	5	9	18	0.4	0.6402252502780867
chr14:94127840	wtdmso	mtcsc	2	7	9	47	1.492063492063492	0.641967865580209
chr14:94127981	wtdmso	mtcsc	1	2	10	61	3.05	0.3874028137726767
chr15:100915755	wtdmso	mtcsc	1	2	19	47	1.236842105263158	1.0
chr15:100915959	wtdmso	mtcsc	4	4	9	48	5.333333333333333	0.044454140693100275
chr15:100916119	wtdmso	mtcsc	3	6	11	57	2.590909090909091	0.35180698124737586
chr15:100916238	wtdmso	mtcsc	3	4	26	63	1.8173076923076923	0.4282263430651469
chr15:22869506	wtdmso	mtcsc	2	2	11	26	2.3636363636363638	0.5794608472400513
chr15:22869880	wtdmso	mtcsc	1	2	9	12	0.6666666666666666	1.0
chr15:22869952	wtdmso	mtcsc	3	5	10	27	1.62	0.6720856955982488
chr15:22874564	wtdmso	mtcsc	1	1	9	12	1.3333333333333333	1.0
chr15:34341778	wtdmso	mtcsc	1	5	22	35	0.3181818181818182	0.40218060878508816
chr15:34341897	wtdmso	mtcsc	5	20	6	9	0.375	0.273249252323331
chr15:34341906	wtdmso	mtcsc	1	2	23	40	0.8695652173913043	1.0
chr15:34341955	wtdmso	mtcsc	2	8	22	34	0.38636363636363635	0.3056106303166032
chr15:34342090	wtdmso	mtcsc	2	1	10	34	6.8	0.15602836879432624
chr15:40038382	wtdmso	mtcsc	3	3	22	37	1.6818181818181819	0.6680705597945151
chr15:40844708	wtdmso	mtcsc	2	5	8	6	0.3	0.3614551083591331
chr15:40853231	wtdmso	mtcsc	1	1	14	12	0.8571428571428571	1.0
chr15:40853511	wtdmso	mtcsc	6	2	10	12	3.6	0.22553389971680826
chr15:40853520	wtdmso	mtcsc	1	1	15	14	0.9333333333333333	1.0
chr15:40853567	wtdmso	mtcsc	2	2	16	13	0.8125	1.0
chr15:40854683	wtdmso	mtcsc	4	2	9	29	6.444444444444445	0.05299408475812333
chr15:40855919	wtdmso	mtcsc	7	5	13	28	3.0153846153846153	0.17386682968004913
chr15:40855967	wtdmso	mtcsc	14	15	18	15	0.7777777777777778	0.7992923698054415
chr15:40856011	wtdmso	mtcsc	1	1	18	33	1.8333333333333333	1.0
chr15:40856853	wtdmso	mtcsc	2	2	30	34	1.1333333333333333	1.0
chr15:40856931	wtdmso	mtcsc	4	3	25	31	1.6533333333333333	0.6937160907269564
chr15:40857045	wtdmso	mtcsc	13	15	31	27	0.7548387096774194	0.6466965490232242
chr15:40857053	wtdmso	mtcsc	3	3	32	30	0.9375	1.0
chr15:40857058	wtdmso	mtcsc	35	27	6	9	1.9444444444444444	0.3876541676521219
chr15:40857198	wtdmso	mtcsc	3	3	33	34	1.0303030303030303	1.0
chr15:40857207	wtdmso	mtcsc	10	12	13	11	0.7051282051282052	0.7683106546342372
chr15:40857312	wtdmso	mtcsc	1	1	48	43	0.8958333333333334	1.0
chr15:40857382	wtdmso	mtcsc	4	2	6	9	3.0	0.3614551083591331
chr15:40857552	wtdmso	mtcsc	1	3	47	41	0.2907801418439716	0.34573708330425473
chr15:43746625	wtdmso	mtcsc	9	10	29	36	1.1172413793103448	1.0
chr15:43753841	wtdmso	mtcsc	1	1	40	34	0.85	1.0
chr15:43756759	wtdmso	mtcsc	2	3	45	45	0.6666666666666666	1.0
chr15:43761457	wtdmso	mtcsc	11	6	36	44	2.240740740740741	0.18391544950637695
chr15:43761479	wtdmso	mtcsc	13	17	34	31	0.6972318339100346	0.5092762761877097
chr15:43763145	wtdmso	mtcsc	2	4	41	46	0.5609756097560976	0.6826696844031415
chr15:43765496	wtdmso	mtcsc	6	4	28	39	2.0892857142857144	0.3223232564882414
chr15:43765501	wtdmso	mtcsc	2	3	45	48	0.7111111111111111	1.0
chr15:43765528	wtdmso	mtcsc	1	2	46	50	0.5434782608695652	1.0
chr15:43765942	wtdmso	mtcsc	3	6	44	41	0.4659090909090909	0.485556312930049
chr15:43765969	wtdmso	mtcsc	1	3	46	42	0.30434782608695654	0.35584640079022095
chr15:43766811	wtdmso	mtcsc	9	13	44	45	0.708041958041958	0.6343138464984376
chr15:43766869	wtdmso	mtcsc	23	22	40	43	1.1238636363636363	0.8534602419961177
chr15:43768563	wtdmso	mtcsc	35	24	47	36	1.1170212765957446	0.8633025027549368
chr15:43769611	wtdmso	mtcsc	1	2	85	73	0.4294117647058823	0.59843402086019
chr15:43769633	wtdmso	mtcsc	4	2	81	76	1.876543209876543	0.6834061085657068
chr15:43771248	wtdmso	mtcsc	45	36	55	48	1.0909090909090908	0.8815595678037742
chr15:43771271	wtdmso	mtcsc	1	2	95	80	0.42105263157894735	0.5954017416595973
chr15:43771284	wtdmso	mtcsc	8	11	104	78	0.5454545454545454	0.23237741972421128
chr15:43771290	wtdmso	mtcsc	8	6	103	83	1.0744336569579287	1.0
chr15:43771327	wtdmso	mtcsc	6	6	99	83	0.8383838383838383	0.7746855671453707
chr15:43771368	wtdmso	mtcsc	9	11	104	80	0.6293706293706294	0.35181320582471587
chr15:43771405	wtdmso	mtcsc	10	3	87	76	2.9118773946360155	0.14725225057290486
chr15:43771511	wtdmso	mtcsc	8	11	70	48	0.4987012987012987	0.2125637489058672
chr15:43771517	wtdmso	mtcsc	18	13	74	68	1.2723492723492724	0.6916342035715612
chr15:43793711	wtdmso	mtcsc	11	21	81	130	0.8406819517930629	0.7009056008405316
chr15:43793763	wtdmso	mtcsc	6	11	82	120	0.7982261640798226	0.7991185112787378
chr15:44715527	wtdmso	mtcsc	8	3	116	87	2.0	0.3641316215629206
chr15:44715572	wtdmso	mtcsc	2	4	117	90	0.38461538461538464	0.40887160163036884
chr15:44715590	wtdmso	mtcsc	48	30	61	48	1.259016393442623	0.45681513406129665
chr15:44715662	wtdmso	mtcsc	32	19	102	79	1.3044375644994841	0.4282075082476894
chr15:44715670	wtdmso	mtcsc	9	14	126	86	0.4387755102040816	0.07617330642551812
chr15:44716334	wtdmso	mtcsc	1	1	136	98	0.7205882352941176	1.0
chr15:44717730	wtdmso	mtcsc	10	7	103	74	1.0263522884882108	1.0
chr15:44717884	wtdmso	mtcsc	21	21	125	89	0.712	0.3942156893711549
chr15:44717996	wtdmso	mtcsc	1	1	114	94	0.8245614035087719	1.0
chr15:45669970	wtdmso	mtcsc	1	1	9	10	1.1111111111111112	1.0
chr15:45676206	wtdmso	mtcsc	2	1	8	9	2.25	1.0
chr15:45676275	wtdmso	mtcsc	1	1	9	21	2.3333333333333335	0.5342741935483872
chr15:45691074	wtdmso	mtcsc	4	2	6	22	7.333333333333333	0.047749133023621014
chr15:45691117	wtdmso	mtcsc	4	1	6	13	8.666666666666666	0.1222002635046113
chr15:45691155	wtdmso	mtcsc	2	2	18	23	1.2777777777777777	1.0
chr15:45691185	wtdmso	mtcsc	5	6	5	17	2.8333333333333335	0.23996748524001027
chr15:60347351	wtdmso	mtcsc	15	22	149	263	1.203477730323368	0.597146461616997
chr15:60347393	wtdmso	mtcsc	4	5	247	393	1.2728744939271255	0.7400194357100685
chr15:60347431	wtdmso	mtcsc	68	107	171	282	1.0480406624036727	0.854593512395796
chr15:60347563	wtdmso	mtcsc	1	1	245	397	1.620408163265306	1.0
chr15:60347633	wtdmso	mtcsc	8	30	239	374	0.4172942817294282	0.037298103629058575
chr15:60347684	wtdmso	mtcsc	2	8	202	339	0.41955445544554454	0.33647110690631954
chr15:60351202	wtdmso	mtcsc	14	24	230	371	0.9409420289855073	1.0
chr15:60351235	wtdmso	mtcsc	8	15	228	356	0.8327485380116959	0.8282798939650635
chr15:60351728	wtdmso	mtcsc	23	57	174	284	0.6586005242992539	0.13140748811656533
chr15:60351785	wtdmso	mtcsc	8	10	213	379	1.423474178403756	0.46486452064936157
chr15:60352412	wtdmso	mtcsc	2	12	203	309	0.2536945812807882	0.09182072169099262
chr15:60352442	wtdmso	mtcsc	30	45	210	349	1.107936507936508	0.7047103060725594
chr15:60354174	wtdmso	mtcsc	63	130	146	223	0.740200210748156	0.11840774354154042
chr15:60355949	wtdmso	mtcsc	20	33	146	243	1.0087173100871731	1.0
chr15:60355961	wtdmso	mtcsc	11	16	99	171	1.1875	0.6806113313001396
chr15:60355973	wtdmso	mtcsc	1	2	182	308	0.8461538461538461	1.0
chr15:60355989	wtdmso	mtcsc	4	11	189	342	0.658008658008658	0.590599861676357
chr15:60357187	wtdmso	mtcsc	9	16	169	296	0.985207100591716	1.0
chr15:60357216	wtdmso	mtcsc	16	18	167	297	1.5808383233532934	0.2020697614263795
chr15:60357226	wtdmso	mtcsc	9	5	157	299	3.4280254777070063	0.04218647133769436
chr15:60360984	wtdmso	mtcsc	1	5	147	270	0.3673469387755102	0.6696984531099601
chr15:60361051	wtdmso	mtcsc	24	36	123	244	1.3224932249322494	0.3793093818674713
chr15:60364436	wtdmso	mtcsc	16	6	133	275	5.513784461152882	0.00027702937610282264
chr15:60364490	wtdmso	mtcsc	6	28	72	142	0.4226190476190476	0.07389464527802746
chr15:60382367	wtdmso	mtcsc	9	11	137	254	1.5169210351692104	0.47277132355272744
chr15:60382394	wtdmso	mtcsc	1	2	137	257	0.9379562043795621	1.0
chr15:64155853	wtdmso	mtcsc	12	11	36	38	1.1515151515151516	0.8146682901704365
chr15:64155869	wtdmso	mtcsc	1	2	56	45	0.4017857142857143	0.5880815358256819
chr15:64155886	wtdmso	mtcsc	41	36	13	10	0.8760683760683761	0.8159690008813617
chr15:64155918	wtdmso	mtcsc	6	4	53	41	1.1603773584905661	1.0
chr15:64155995	wtdmso	mtcsc	6	4	54	45	1.25	1.0
chr15:64156012	wtdmso	mtcsc	14	11	57	43	0.960127591706539	1.0
chr15:64156071	wtdmso	mtcsc	3	1	66	54	2.4545454545454546	0.6286412121368461
chr15:64156777	wtdmso	mtcsc	4	2	47	47	2.0	0.6781351222479817
chr15:64156865	wtdmso	mtcsc	3	4	67	52	0.582089552238806	0.6989701480111767
chr15:64156872	wtdmso	mtcsc	3	5	64	44	0.4125	0.27956707806419906
chr15:64160129	wtdmso	mtcsc	3	3	62	55	0.8870967741935484	1.0
chr15:64160150	wtdmso	mtcsc	6	3	62	47	1.5161290322580645	0.731492744024947
chr15:64162087	wtdmso	mtcsc	1	2	63	49	0.3888888888888889	0.5835807294303476
chr15:64162143	wtdmso	mtcsc	6	2	64	54	2.53125	0.2982338325666801
chr15:64162899	wtdmso	mtcsc	3	2	56	49	1.3125	1.0
chr15:65877848	wtdmso	mtcsc	2	3	10	14	0.9333333333333333	1.0
chr15:65887832	wtdmso	mtcsc	1	2	11	15	0.6818181818181818	1.0
chr15:66499343	wtdmso	mtcsc	8	9	263	337	1.1389945078158006	0.8089125240600811
chr15:66499363	wtdmso	mtcsc	90	121	207	213	0.7653611210923464	0.1282309684204487
chr15:66499405	wtdmso	mtcsc	29	55	338	398	0.6208714362560517	0.049391902962921896
chr15:66499472	wtdmso	mtcsc	5	7	356	433	0.8687800963081862	1.0
chr15:66500080	wtdmso	mtcsc	29	38	306	386	0.9626762985896112	0.8983473951901179
chr15:66500093	wtdmso	mtcsc	2	3	347	427	0.8203650336215178	1.0
chr15:66500131	wtdmso	mtcsc	2	4	340	414	0.6088235294117647	0.6956271823438694
chr15:66500143	wtdmso	mtcsc	56	65	296	358	1.041995841995842	0.8430784109416287
chr15:66500954	wtdmso	mtcsc	20	25	292	369	1.010958904109589	1.0
chr15:66501024	wtdmso	mtcsc	62	99	243	285	0.7345055493203642	0.10295537919174694
chr15:66501074	wtdmso	mtcsc	58	80	258	322	0.9048449612403101	0.63401626163385
chr15:66501814	wtdmso	mtcsc	2	9	250	321	0.2853333333333333	0.12536663196928116
chr15:66501886	wtdmso	mtcsc	120	163	173	224	0.9532252916770099	0.8137372437403783
chr15:66502685	wtdmso	mtcsc	116	157	158	213	0.9960493429009111	1.0
chr15:66503089	wtdmso	mtcsc	19	16	233	330	1.6818669527896997	0.15853298526934953
chr15:66503155	wtdmso	mtcsc	1	3	199	265	0.4438860971524288	0.6391898264129517
chr15:66503385	wtdmso	mtcsc	102	129	113	168	1.1755505247993414	0.3701806174819683
chr15:66503419	wtdmso	mtcsc	36	42	205	301	1.2585365853658537	0.38750107016040625
chr15:69453011	wtdmso	mtcsc	80	94	258	472	1.5569849909285831	0.011327138223010591
chr15:69455222	wtdmso	mtcsc	7	9	275	499	1.4113131313131313	0.5992567325952347
chr15:69455481	wtdmso	mtcsc	8	18	377	643	0.7580312407898615	0.6811131695017325
chr15:69455502	wtdmso	mtcsc	21	36	338	562	0.9699211045364892	1.0
chr15:69455519	wtdmso	mtcsc	1	1	345	608	1.76231884057971	1.0
chr15:69455540	wtdmso	mtcsc	56	115	93	174	0.9110799438990183	0.680181118596076
chr15:72199044	wtdmso	mtcsc	2	2	100	174	1.74	0.6258947637055949
chr15:72199129	wtdmso	mtcsc	1	2	171	262	0.7660818713450293	1.0
chr15:72199305	wtdmso	mtcsc	37	49	159	220	1.0447952766012065	0.9039086274618178
chr15:72199366	wtdmso	mtcsc	10	12	186	273	1.2231182795698925	0.6622756066332907
chr15:72199401	wtdmso	mtcsc	54	99	130	169	0.7090909090909091	0.10570847872576938
chr15:72199467	wtdmso	mtcsc	10	19	93	129	0.7300509337860781	0.5484664826236816
chr15:72199499	wtdmso	mtcsc	3	1	159	244	4.60377358490566	0.30582676161371963
chr15:72199531	wtdmso	mtcsc	18	32	156	227	0.8185096153846154	0.54411935918359
chr15:72199569	wtdmso	mtcsc	69	116	104	140	0.8007294429708223	0.2759142250626315
chr15:72199645	wtdmso	mtcsc	9	22	113	184	0.666130329847144	0.435078903134616
chr15:72199708	wtdmso	mtcsc	2	9	155	241	0.34551971326164876	0.21560593710305465
chr15:72200490	wtdmso	mtcsc	12	28	146	216	0.6340508806262231	0.23486955564421785
chr15:72200502	wtdmso	mtcsc	5	12	130	204	0.6538461538461539	0.6104751025000511
chr15:72200535	wtdmso	mtcsc	5	14	124	185	0.5328341013824884	0.3335681760389419
chr15:72200587	wtdmso	mtcsc	2	1	147	218	2.9659863945578233	0.5682690701707708
chr15:72202569	wtdmso	mtcsc	30	43	101	167	1.1535804743265023	0.5905955793692733
chr15:72206761	wtdmso	mtcsc	3	20	115	189	0.2465217391304348	0.02231868382068996
chr15:72208665	wtdmso	mtcsc	13	18	74	138	1.3468468468468469	0.5477786647586783
chr15:72208782	wtdmso	mtcsc	3	3	52	111	2.1346153846153846	0.39206663016282867
chr15:72208806	wtdmso	mtcsc	21	30	38	82	1.5105263157894737	0.29144706357536737
chr15:72208827	wtdmso	mtcsc	9	25	51	91	0.6423529411764706	0.3224875128999202
chr15:72209749	wtdmso	mtcsc	3	12	42	93	0.5535714285714286	0.5543669462630982
chr15:72209758	wtdmso	mtcsc	7	9	33	86	2.026936026936027	0.24309588624415815
chr15:72209773	wtdmso	mtcsc	4	10	36	83	0.9222222222222223	1.0
chr15:72210363	wtdmso	mtcsc	24	40	20	63	1.89	0.10206368366367387
chr15:72210376	wtdmso	mtcsc	4	12	36	87	0.8055555555555556	1.0
chr15:72210386	wtdmso	mtcsc	1	2	41	89	1.0853658536585367	1.0
chr15:72210422	wtdmso	mtcsc	1	3	37	93	0.8378378378378378	1.0
chr15:72217416	wtdmso	mtcsc	8	25	25	61	0.7808	0.6543015102026483
chr15:72217430	wtdmso	mtcsc	14	24	28	73	1.5208333333333333	0.30726520030745175
chr15:72218966	wtdmso	mtcsc	2	14	35	68	0.27755102040816326	0.14394133191902153
chr15:72219026	wtdmso	mtcsc	2	2	33	73	2.212121212121212	0.5906289162741192
chr15:72219054	wtdmso	mtcsc	1	2	34	82	1.2058823529411764	1.0
chr15:72219069	wtdmso	mtcsc	7	12	27	78	1.6851851851851851	0.4018016754182626
chr15:72219108	wtdmso	mtcsc	6	11	29	73	1.3730407523510972	0.5739671761898283
chr15:73714201	wtdmso	mtcsc	4	1	16	9	2.25	0.6400151572565363
chr15:73714274	wtdmso	mtcsc	2	1	9	9	2.0	1.0
chr15:73714433	wtdmso	mtcsc	5	8	7	2	0.17857142857142858	0.09907120743034056
chr15:74920280	wtdmso	mtcsc	15	12	13	14	1.3461538461538463	0.7856961010376029
chr15:74920307	wtdmso	mtcsc	6	8	34	36	0.7941176470588235	0.7748923791264145
chr15:74920313	wtdmso	mtcsc	2	3	38	47	0.8245614035087719	1.0
chr15:74920397	wtdmso	mtcsc	10	16	26	29	0.6971153846153846	0.4834985372900297
chr15:74923666	wtdmso	mtcsc	1	1	40	43	1.075	1.0
chr15:74923677	wtdmso	mtcsc	6	10	34	32	0.5647058823529412	0.4066092852190002
chr15:74923701	wtdmso	mtcsc	13	17	29	33	0.8701825557809331	0.8253328818903871
chr15:74923722	wtdmso	mtcsc	2	2	42	49	1.1666666666666667	1.0
chr15:74923758	wtdmso	mtcsc	6	11	36	42	0.6363636363636364	0.5909242084002935
chr15:74937932	wtdmso	mtcsc	2	1	37	40	2.1621621621621623	0.6107594936708861
chr15:79313811	wtdmso	mtcsc	2	1	11	31	5.636363636363637	0.19605355884425654
chr15:79313982	wtdmso	mtcsc	2	5	16	26	0.65	1.0
chr15:79322026	wtdmso	mtcsc	2	2	15	34	2.2666666666666666	0.5854862119013062
chr15:79322062	wtdmso	mtcsc	3	4	12	34	2.125	0.38943658709816886
chr15:79322442	wtdmso	mtcsc	7	13	10	29	1.5615384615384615	0.5474128958873976
chr15:79322521	wtdmso	mtcsc	5	10	13	42	1.6153846153846154	0.5103943737545255
chr15:79322689	wtdmso	mtcsc	7	3	7	31	10.333333333333334	0.0034080122656958783
chr15:79322743	wtdmso	mtcsc	1	6	15	31	0.34444444444444444	0.660655282092456
chr15:79322754	wtdmso	mtcsc	3	6	15	47	1.5666666666666667	0.6833266723222944
chr15:82372267	wtdmso	mtcsc	2	1	9	21	4.666666666666667	0.2520161290322581
chr15:82372332	wtdmso	mtcsc	1	3	9	18	0.6666666666666666	1.0
chr15:82536759	wtdmso	mtcsc	6	43	18	142	1.1007751937984496	0.802366222523563
chr15:82536809	wtdmso	mtcsc	4	15	101	620	1.636963696369637	0.33035222626791116
chr15:82536879	wtdmso	mtcsc	2	12	104	675	1.0817307692307692	1.0
chr15:82538330	wtdmso	mtcsc	2	11	79	504	1.1599539700805523	0.6930438122333783
chr15:82540043	wtdmso	mtcsc	8	40	96	631	1.3145833333333334	0.5105301810297884
chr15:82540437	wtdmso	mtcsc	1	10	49	169	0.3448979591836735	0.4635761570132325
chr15:84669819	wtdmso	mtcsc	3	3	17	7	0.4117647058823529	0.3717064544650751
chr15:84680778	wtdmso	mtcsc	3	2	17	10	0.8823529411764706	1.0
chr15:84691568	wtdmso	mtcsc	2	2	20	11	0.55	0.6176470588235294
chr15:88899078	wtdmso	mtcsc	1	2	20	34	0.85	1.0
chr15:88899125	wtdmso	mtcsc	2	3	12	32	1.7777777777777777	0.6155822797820948
chr15:88899669	wtdmso	mtcsc	3	3	7	9	1.2857142857142858	1.0
chr15:88899695	wtdmso	mtcsc	2	4	8	8	0.5	0.6461742591773552
chr15:90228629	wtdmso	mtcsc	4	5	26	12	0.36923076923076925	0.2516047995612253
chr15:90228649	wtdmso	mtcsc	3	1	26	16	1.8461538461538463	1.0
chr15:90228944	wtdmso	mtcsc	2	3	28	13	0.30952380952380953	0.32469283328737325
chr15:90229048	wtdmso	mtcsc	3	5	25	21	0.504	0.4602136318196488
chr15:90229217	wtdmso	mtcsc	6	2	23	11	1.434782608695652	1.0
chr15:90229279	wtdmso	mtcsc	22	13	12	13	1.8333333333333333	0.29767306193818444
chr15:90229318	wtdmso	mtcsc	3	6	30	20	0.3333333333333333	0.16375472652912976
chr15:90229346	wtdmso	mtcsc	5	4	27	22	1.0185185185185186	1.0
chr15:90229382	wtdmso	mtcsc	21	17	10	10	1.2352941176470589	0.7851706220182136
chr15:90229416	wtdmso	mtcsc	2	2	28	24	0.8571428571428571	1.0
chr15:90229462	wtdmso	mtcsc	12	9	22	15	0.9090909090909091	1.0
chr15:90229477	wtdmso	mtcsc	9	4	23	11	1.076086956521739	1.0
chr15:90229481	wtdmso	mtcsc	8	6	23	11	0.6376811594202898	0.5224987576668483
chr15_KI270850v1_alt:161432	wtdmso	mtcsc	2	8	8	23	0.71875	1.0
chr16:11548159	wtdmso	mtcsc	3	8	9	12	0.5	0.4646727504733985
chr16:11548320	wtdmso	mtcsc	4	3	6	7	1.5555555555555556	1.0
chr16:11548403	wtdmso	mtcsc	8	2	3	8	10.666666666666666	0.029973122852379817
chr16:1314021	wtdmso	mtcsc	6	10	4	25	3.75	0.13097502075619522
chr16:1314028	wtdmso	mtcsc	3	9	8	26	1.0833333333333333	1.0
chr16:1314335	wtdmso	mtcsc	2	4	8	33	2.0625	0.5940451347804576
chr16:1314344	wtdmso	mtcsc	1	20	10	17	0.085	0.013420786408668683
chr16:1315653	wtdmso	mtcsc	3	10	8	27	1.0125	1.0
chr16:1324841	wtdmso	mtcsc	2	1	9	33	7.333333333333333	0.14341085271317833
chr16:1349330	wtdmso	mtcsc	6	5	9	5	0.6666666666666666	0.6968299905774666
chr16:1349376	wtdmso	mtcsc	6	5	10	5	0.6	0.6890564005922735
chr16:1349385	wtdmso	mtcsc	9	4	7	6	1.9285714285714286	0.6881679903082514
chr16:1349440	wtdmso	mtcsc	3	4	11	6	0.4090909090909091	0.3926392067124332
chr16:1349569	wtdmso	mtcsc	1	2	14	9	0.32142857142857145	0.5557692307692308
chr16:1350173	wtdmso	mtcsc	1	2	13	9	0.34615384615384615	0.5647826086956522
chr16:1350868	wtdmso	mtcsc	5	3	9	7	1.2962962962962963	1.0
chr16:14895851	wtdmso	mtcsc	6	7	4	4	0.8571428571428571	1.0
chr16:1772173	wtdmso	mtcsc	7	19	7	17	0.8947368421052632	1.0
chr16:1772210	wtdmso	mtcsc	1	4	13	37	0.7115384615384616	1.0
chr16:1772251	wtdmso	mtcsc	1	1	11	37	3.3636363636363638	0.42612244897959195
chr16:1772280	wtdmso	mtcsc	1	5	13	29	0.4461538461538462	0.6560964940587599
chr16:1772481	wtdmso	mtcsc	6	16	7	19	1.0178571428571428	1.0
chr16:1772638	wtdmso	mtcsc	2	1	11	29	5.2727272727272725	0.21278664613888665
chr16:1772644	wtdmso	mtcsc	1	5	13	30	0.46153846153846156	0.6592661116250387
chr16:1773009	wtdmso	mtcsc	1	2	10	23	1.15	1.0
chr16:1773042	wtdmso	mtcsc	2	7	12	25	0.5952380952380952	0.7005999829375316
chr16:1788583	wtdmso	mtcsc	2	3	8	36	3.0	0.266726764711435
chr16:1788600	wtdmso	mtcsc	1	2	9	35	1.9444444444444444	0.5208140610545791
chr16:1789138	wtdmso	mtcsc	3	9	7	36	1.7142857142857142	0.6727861954479311
chr16:18782968	wtdmso	mtcsc	4	20	13	28	0.4307692307692308	0.24692860005250933
chr16:18783044	wtdmso	mtcsc	5	12	264	469	0.7402146464646465	0.7988242346808607
chr16:18783066	wtdmso	mtcsc	12	21	243	461	1.0840681951793063	0.8524837782569494
chr16:18783088	wtdmso	mtcsc	9	11	222	394	1.452088452088452	0.4800894360808454
chr16:18784782	wtdmso	mtcsc	1	2	237	427	0.9008438818565401	1.0
chr16:18788084	wtdmso	mtcsc	32	47	267	480	1.2240019125029882	0.4602531744779329
chr16:18788111	wtdmso	mtcsc	10	24	276	480	0.7246376811594203	0.4684199351565278
chr16:1959640	wtdmso	mtcsc	1	1	19	32	1.6842105263157894	1.0
chr16:1959730	wtdmso	mtcsc	1	3	18	13	0.24074074074074073	0.3119938884644766
chr16:1961179	wtdmso	mtcsc	1	2	16	37	1.15625	1.0
chr16:1961562	wtdmso	mtcsc	2	4	16	35	1.09375	1.0
chr16:1961567	wtdmso	mtcsc	4	3	15	37	3.2888888888888888	0.19681681675660695
chr16:1961579	wtdmso	mtcsc	5	7	14	29	1.4795918367346939	0.7326621225806116
chr16:1961630	wtdmso	mtcsc	3	8	14	27	0.7232142857142857	1.0
chr16:1961802	wtdmso	mtcsc	4	5	16	33	1.65	0.7044592362744608
chr16:1961943	wtdmso	mtcsc	5	9	14	30	1.1904761904761905	1.0
chr16:1962126	wtdmso	mtcsc	40	102	1161	1710	0.5775953792369661	0.0036477521461601463
chr16:1962153	wtdmso	mtcsc	11	23	1282	1954	0.7289561147663298	0.4816193998976924
chr16:1962167	wtdmso	mtcsc	19	34	1405	2123	0.8444002512036843	0.6717824066310789
chr16:1962204	wtdmso	mtcsc	45	82	1377	2085	0.8309421329507413	0.3561966572308092
chr16:1962225	wtdmso	mtcsc	41	47	1261	1915	1.3247675772352236	0.2245730838904048
chr16:1962240	wtdmso	mtcsc	95	190	1146	1661	0.724694589877836	0.015830585516258273
chr16:1962543	wtdmso	mtcsc	223	397	1028	1603	0.8759004792755001	0.1552668077500946
chr16:1962652	wtdmso	mtcsc	35	58	1263	1896	0.9058890982062413	0.6691868551278082
chr16:1962769	wtdmso	mtcsc	18	36	1340	2021	0.7541044776119403	0.4007302584017674
chr16:1962889	wtdmso	mtcsc	98	160	1203	1832	0.9327514546965918	0.6425694894807951
chr16:1963177	wtdmso	mtcsc	9	17	1208	1826	0.8002532138683288	0.689590244660537
chr16:1964327	wtdmso	mtcsc	20	35	1138	1764	0.8857644991212654	0.7806278739164227
chr16:1964563	wtdmso	mtcsc	130	227	916	1493	0.9334301598599543	0.5987512052717687
chr16:1964655	wtdmso	mtcsc	2	2	11	12	1.0909090909090908	1.0
chr16:2175331	wtdmso	mtcsc	5	7	6	8	0.9523809523809523	1.0
chr16:2175840	wtdmso	mtcsc	1	3	9	10	0.37037037037037035	0.603613777526821
chr16:2175855	wtdmso	mtcsc	2	3	8	24	2.0	0.5973819503231268
chr16:2175908	wtdmso	mtcsc	3	2	17	21	1.8529411764705883	0.6504355920124496
chr16:2176565	wtdmso	mtcsc	7	6	15	11	0.8555555555555555	1.0
chr16:2176606	wtdmso	mtcsc	5	6	17	26	1.2745098039215685	0.7427862213602389
chr16:2176884	wtdmso	mtcsc	2	3	10	17	1.1333333333333333	1.0
chr16:21957310	wtdmso	mtcsc	2	2	11	12	1.0909090909090908	1.0
chr16:21957516	wtdmso	mtcsc	3	1	12	17	4.25	0.30828445747800587
chr16:21962828	wtdmso	mtcsc	1	2	12	19	0.7916666666666666	1.0
chr16:21968646	wtdmso	mtcsc	1	3	13	17	0.4358974358974359	0.6271778506123857
chr16:21971558	wtdmso	mtcsc	1	3	12	13	0.3611111111111111	0.605911330049261
chr16:21973930	wtdmso	mtcsc	5	4	23	17	0.9239130434782609	1.0
chr16:21983143	wtdmso	mtcsc	2	3	21	11	0.3492063492063492	0.34587528705175763
chr16:21983318	wtdmso	mtcsc	2	2	24	16	0.6666666666666666	1.0
chr16:2240060	wtdmso	mtcsc	8	5	21	5	0.38095238095238093	0.2534704883651253
chr16:2240127	wtdmso	mtcsc	2	2	17	9	0.5294117647058824	0.6110563765736179
chr16:2243355	wtdmso	mtcsc	6	4	23	6	0.391304347826087	0.2440524492606785
chr16:23581091	wtdmso	mtcsc	1	1	12	32	2.6666666666666665	0.48985507246376825
chr16:23581113	wtdmso	mtcsc	5	5	18	27	1.5	0.725651258557958
chr16:23587223	wtdmso	mtcsc	5	6	8	27	2.8125	0.24789897350191525
chr16:23596151	wtdmso	mtcsc	1	2	12	32	1.3333333333333333	1.0
chr16:23596169	wtdmso	mtcsc	1	3	10	21	0.7	1.0
chr16:2519785	wtdmso	mtcsc	1	1	26	51	1.9615384615384615	1.0
chr16:2519810	wtdmso	mtcsc	9	23	17	32	0.7365728900255755	0.6296658821622989
chr16:2519928	wtdmso	mtcsc	6	6	18	48	2.6666666666666665	0.17220695967638772
chr16:2771986	wtdmso	mtcsc	4	5	130	166	1.0215384615384615	1.0
chr16:2772004	wtdmso	mtcsc	43	38	99	133	1.52020202020202	0.1202735338444525
chr16:2772026	wtdmso	mtcsc	12	20	125	154	0.7392	0.45868726059232234
chr16:2772098	wtdmso	mtcsc	4	1	138	172	4.9855072463768115	0.17875621693986476
chr16:2775528	wtdmso	mtcsc	3	2	130	161	1.8576923076923078	0.6601850058983101
chr16:2775551	wtdmso	mtcsc	4	2	115	149	2.591304347826087	0.4101267851958189
chr16:2777052	wtdmso	mtcsc	50	63	94	115	0.9709557581898007	0.9071509756995075
chr16:2777096	wtdmso	mtcsc	2	2	114	153	1.3421052631578947	1.0
chr16:28734541	wtdmso	mtcsc	8	11	18	56	2.2626262626262625	0.15419929904122875
chr16:28734579	wtdmso	mtcsc	3	7	22	57	1.1103896103896105	1.0
chr16:28734636	wtdmso	mtcsc	1	3	28	72	0.8571428571428571	1.0
chr16:28734802	wtdmso	mtcsc	1	5	26	62	0.47692307692307695	0.669578801488867
chr16:28734833	wtdmso	mtcsc	3	4	27	72	2.0	0.40110451395625585
chr16:28735182	wtdmso	mtcsc	2	3	28	70	1.6666666666666667	0.6269998216269371
chr16:28735236	wtdmso	mtcsc	6	3	27	72	5.333333333333333	0.02242763040323791
chr16:28735281	wtdmso	mtcsc	1	1	32	78	2.4375	0.5043436293436294
chr16:28842854	wtdmso	mtcsc	5	4	21	24	1.4285714285714286	0.7237112428271189
chr16:28843006	wtdmso	mtcsc	6	6	42	40	0.9523809523809523	1.0
chr16:28843045	wtdmso	mtcsc	7	11	43	37	0.547568710359408	0.3029730170582125
chr16:28843125	wtdmso	mtcsc	2	3	47	46	0.6524822695035462	1.0
chr16:28843776	wtdmso	mtcsc	7	3	44	40	2.121212121212121	0.3355733747946931
chr16:28844016	wtdmso	mtcsc	12	5	25	25	2.4	0.16750991027061157
chr16:28844249	wtdmso	mtcsc	8	5	40	37	1.48	0.563518564742484
chr16:28844260	wtdmso	mtcsc	1	2	40	41	0.5125	1.0
chr16:28844316	wtdmso	mtcsc	2	2	38	39	1.0263157894736843	1.0
chr16:28844468	wtdmso	mtcsc	2	3	39	36	0.6153846153846154	0.6714203518000986
chr16:28844543	wtdmso	mtcsc	1	4	23	28	0.30434782608695654	0.3788014920090391
chr16:28844784	wtdmso	mtcsc	13	13	29	34	1.1724137931034482	0.8170142132768115
chr16:28844793	wtdmso	mtcsc	14	11	26	33	1.6153846153846154	0.34803455113235515
chr16:28844809	wtdmso	mtcsc	20	13	21	32	2.3443223443223444	0.07658803976807683
chr16:28844830	wtdmso	mtcsc	3	3	39	43	1.1025641025641026	1.0
chr16:28844979	wtdmso	mtcsc	1	2	41	42	0.5121951219512195	1.0
chr16:28845929	wtdmso	mtcsc	5	2	35	32	2.2857142857142856	0.4414957030195812
chr16:28845949	wtdmso	mtcsc	2	1	20	26	2.6	0.5808727746417717
chr16:28846001	wtdmso	mtcsc	2	1	36	34	1.8888888888888888	1.0
chr16:28846265	wtdmso	mtcsc	1	1	24	25	1.0416666666666667	1.0
chr16:29963278	wtdmso	mtcsc	3	2	7	10	2.142857142857143	0.6240601503759399
chr16:29963400	wtdmso	mtcsc	5	2	9	13	3.611111111111111	0.21475928702315517
chr16:29963456	wtdmso	mtcsc	3	1	12	11	2.75	0.6051282051282052
chr16:29963511	wtdmso	mtcsc	4	5	25	12	0.384	0.25759784281313136
chr16:29963546	wtdmso	mtcsc	2	2	28	15	0.5357142857142857	0.6130406750203234
chr16:29968077	wtdmso	mtcsc	8	5	22	15	1.0909090909090908	1.0
chr16:29968086	wtdmso	mtcsc	1	2	28	18	0.32142857142857145	0.5592705167173253
chr16:29971533	wtdmso	mtcsc	3	4	14	12	0.6428571428571429	0.6880184866836703
chr16:30067235	wtdmso	mtcsc	57	92	272	396	0.9020140664961637	0.6443094658850157
chr16:30067278	wtdmso	mtcsc	8	18	316	483	0.679324894514768	0.4199137234938488
chr16:30067488	wtdmso	mtcsc	20	22	309	488	1.435716387172698	0.2602349855281103
chr16:30067500	wtdmso	mtcsc	166	226	194	355	1.3440835690174253	0.02976190034431247
chr16:30067529	wtdmso	mtcsc	2	7	345	547	0.45300207039337476	0.4948434016915167
chr16:30067548	wtdmso	mtcsc	224	333	130	211	1.0917994917994918	0.5736277640904432
chr16:30068649	wtdmso	mtcsc	3	6	377	589	0.7811671087533156	1.0
chr16:30068675	wtdmso	mtcsc	41	67	376	581	0.9455779612575421	0.8356461661954413
chr16:30068687	wtdmso	mtcsc	8	11	399	633	1.1537935748462065	0.8140306328542695
chr16:30068868	wtdmso	mtcsc	43	71	370	596	0.9755614769699277	0.9192978821212996
chr16:30068905	wtdmso	mtcsc	47	68	378	547	1.0001945222533457	1.0
chr16:30069351	wtdmso	mtcsc	7	4	381	608	2.7926509186351707	0.11941935844719881
chr16:30069357	wtdmso	mtcsc	43	57	385	591	1.1580314422419686	0.5203749479466048
chr16:30069380	wtdmso	mtcsc	22	28	381	587	1.210536182977128	0.5541670931591669
chr16:30069529	wtdmso	mtcsc	20	34	461	697	0.8893709327548807	0.7764524329323845
chr16:30069924	wtdmso	mtcsc	43	77	464	706	0.8496977160770264	0.43396561076856777
chr16:30069988	wtdmso	mtcsc	89	98	449	734	1.4846143357120132	0.015456685231147887
chr16:30070330	wtdmso	mtcsc	48	82	441	655	0.8694209391073503	0.5077564451429122
chr16:30070396	wtdmso	mtcsc	12	20	362	576	0.9546961325966851	1.0
chr16:30076399	wtdmso	mtcsc	2	2	9	8	0.8888888888888888	1.0
chr16:30083501	wtdmso	mtcsc	1	1	9	9	1.0	1.0
chr16:30085261	wtdmso	mtcsc	2	1	9	9	2.0	1.0
chr16:3021253	wtdmso	mtcsc	10	5	94	92	1.9574468085106382	0.2875985433812273
chr16:3021271	wtdmso	mtcsc	12	21	86	75	0.4983388704318937	0.08689480299011315
chr16:3021619	wtdmso	mtcsc	8	3	112	101	2.4047619047619047	0.22834791915933159
chr16:3021825	wtdmso	mtcsc	6	4	119	110	1.3865546218487395	0.7513451787524281
chr16:3021989	wtdmso	mtcsc	32	27	116	107	1.0932311621966795	0.7717649290987711
chr16:3022029	wtdmso	mtcsc	1	1	56	58	1.0357142857142858	1.0
chr16:3022069	wtdmso	mtcsc	4	3	128	113	1.1770833333333333	1.0
chr16:3022075	wtdmso	mtcsc	21	26	122	106	0.701765447667087	0.33620648528914754
chr16:3022083	wtdmso	mtcsc	45	39	108	98	1.047008547008547	0.8972656587546188
chr16:3022146	wtdmso	mtcsc	19	10	131	129	1.8709923664122137	0.16950031066899024
chr16:3022230	wtdmso	mtcsc	8	6	141	132	1.24822695035461	0.787527584952477
chr16:3022241	wtdmso	mtcsc	1	4	69	66	0.2391304347826087	0.3659087328677204
chr16:3022651	wtdmso	mtcsc	8	5	32	13	0.65	0.5156474540484777
chr16:3022725	wtdmso	mtcsc	19	7	22	18	2.220779220779221	0.19528869959593234
chr16:3022743	wtdmso	mtcsc	5	3	33	18	0.9090909090909091	1.0
chr16:3022788	wtdmso	mtcsc	2	3	33	27	0.5454545454545454	0.6553131228898019
chr16:3022851	wtdmso	mtcsc	12	10	18	5	0.3333333333333333	0.12045084441842169
chr16:3022878	wtdmso	mtcsc	3	3	34	27	0.7941176470588235	1.0
chr16:3023286	wtdmso	mtcsc	4	4	30	16	0.5333333333333333	0.4495315410610474
chr16:3023325	wtdmso	mtcsc	6	5	32	28	1.05	1.0
chr16:3023865	wtdmso	mtcsc	2	1	24	19	1.5833333333333333	1.0
chr16:30743846	wtdmso	mtcsc	1	1	10	14	1.4	1.0
chr16:30743942	wtdmso	mtcsc	1	1	10	15	1.5	1.0
chr16:30744055	wtdmso	mtcsc	7	11	5	4	0.509090909090909	0.44790236460717003
chr16:30744118	wtdmso	mtcsc	2	10	10	5	0.1	0.01853696474776028
chr16:31111921	wtdmso	mtcsc	2	2	10	9	0.9	1.0
chr16:31112015	wtdmso	mtcsc	1	2	9	12	0.6666666666666666	1.0
chr16:31112264	wtdmso	mtcsc	2	1	8	11	2.75	0.5714285714285713
chr16:31112319	wtdmso	mtcsc	2	2	11	13	1.1818181818181819	1.0
chr16:31112381	wtdmso	mtcsc	1	2	11	13	0.5909090909090909	1.0
chr16:31112456	wtdmso	mtcsc	1	2	11	11	0.5	1.0
chr16:31112523	wtdmso	mtcsc	2	1	9	10	2.2222222222222223	1.0
chr16:3658108	wtdmso	mtcsc	2	6	11	32	0.9696969696969697	1.0
chr16:3658200	wtdmso	mtcsc	3	5	11	32	1.7454545454545454	0.6677644156645081
chr16:3665993	wtdmso	mtcsc	2	3	9	29	2.1481481481481484	0.5890704115321245
chr16:3671760	wtdmso	mtcsc	3	5	7	26	2.2285714285714286	0.3780273515227831
chr16:56434790	wtdmso	mtcsc	1	1	14	10	0.7142857142857143	1.0
chr16:56446676	wtdmso	mtcsc	3	5	9	5	0.3333333333333333	0.3777089783281734
chr16:56447870	wtdmso	mtcsc	3	2	8	8	1.5	1.0
chr16:56608609	wtdmso	mtcsc	30	49	233	457	1.2008408513620041	0.4550256240516758
chr16:56608994	wtdmso	mtcsc	21	30	218	426	1.3678899082568807	0.2880279657206386
chr16:56609361	wtdmso	mtcsc	70	137	74	131	0.9045176563424738	0.6796043856645311
chr16:56609427	wtdmso	mtcsc	18	27	232	468	1.3448275862068966	0.415431631615485
chr16:56609433	wtdmso	mtcsc	15	24	263	513	1.219106463878327	0.6044689047774825
chr16:56609491	wtdmso	mtcsc	16	33	65	163	1.215850815850816	0.6046187999988968
chr16:56625691	wtdmso	mtcsc	1	1	10	35	3.5	0.41720629047178537
chr16:56625801	wtdmso	mtcsc	21	64	117	282	0.7908653846153846	0.42949971241757146
chr16:56625855	wtdmso	mtcsc	3	6	142	345	1.2147887323943662	0.7249539604627067
chr16:56626978	wtdmso	mtcsc	11	14	143	346	1.901098901098901	0.12201750194827993
chr16:56627005	wtdmso	mtcsc	8	29	143	346	0.6674704605739088	0.45067894381864865
chr16:56627083	wtdmso	mtcsc	33	68	102	261	1.2417820069204153	0.3872121979428119
chr16:56627087	wtdmso	mtcsc	6	10	118	312	1.5864406779661018	0.3984747717592371
chr16:56627096	wtdmso	mtcsc	1	2	127	336	1.3228346456692914	1.0
chr16:56627105	wtdmso	mtcsc	7	35	71	192	0.5408450704225352	0.18460931656676838
chr16:56682516	wtdmso	mtcsc	25	35	194	169	0.6222385861561119	0.09607963354103723
chr16:56682544	wtdmso	mtcsc	8	5	208	189	1.4538461538461538	0.5822680341368012
chr16:56684056	wtdmso	mtcsc	5	7	213	197	0.6606304493628438	0.5651138939779292
chr16:56684096	wtdmso	mtcsc	1	2	212	202	0.47641509433962265	0.6161253758809451
chr16:56684134	wtdmso	mtcsc	10	9	169	167	1.0979618671926363	1.0
chr16:56684192	wtdmso	mtcsc	2	4	79	84	0.5316455696202531	0.6834924085529228
chr16:58707179	wtdmso	mtcsc	3	12	37	73	0.49324324324324326	0.3834153228308175
chr16:58707343	wtdmso	mtcsc	4	6	8	34	2.8333333333333335	0.21248167532830747
chr16:58707419	wtdmso	mtcsc	11	34	31	49	0.5113851992409867	0.11815213209031324
chr16:58707482	wtdmso	mtcsc	1	6	41	70	0.2845528455284553	0.4189293533824058
chr16:58707735	wtdmso	mtcsc	1	4	36	54	0.375	0.6453242678064378
chr16:58707842	wtdmso	mtcsc	5	14	36	54	0.5357142857142857	0.3076711145602241
chr16:58707954	wtdmso	mtcsc	4	16	31	50	0.4032258064516129	0.18903744425469837
chr16:58708001	wtdmso	mtcsc	7	17	29	48	0.6815415821501014	0.6260271263567471
chr16:58708011	wtdmso	mtcsc	6	13	32	56	0.8076923076923077	0.7953471527256611
chr16:58708100	wtdmso	mtcsc	5	6	27	48	1.4814814814814814	0.7396810939968451
chr16:58708145	wtdmso	mtcsc	7	13	31	49	0.8511166253101737	0.8029061407321043
chr16:58709419	wtdmso	mtcsc	21	31	14	34	1.6451612903225807	0.2958669596601483
chr16:58709520	wtdmso	mtcsc	1	1	28	50	1.7857142857142858	1.0
chr16:58716037	wtdmso	mtcsc	9	12	17	39	1.7205882352941178	0.41739177202031064
chr16:58716676	wtdmso	mtcsc	4	6	28	56	1.3333333333333333	0.7302024534227725
chr16:58716717	wtdmso	mtcsc	14	35	16	25	0.625	0.3705385148779111
chr16:58718225	wtdmso	mtcsc	6	5	24	52	2.6	0.17733163527922613
chr16:58718238	wtdmso	mtcsc	3	2	21	37	2.642857142857143	0.36029508111358804
chr16:58718554	wtdmso	mtcsc	3	1	23	50	6.521739130434782	0.10903179324231956
chr16:58718575	wtdmso	mtcsc	1	1	29	50	1.7241379310344827	1.0
chr16:58719227	wtdmso	mtcsc	8	10	20	38	1.52	0.5769734509957292
chr16:58722174	wtdmso	mtcsc	3	4	22	47	1.6022727272727273	0.6776500700259547
chr16:58722191	wtdmso	mtcsc	2	16	21	36	0.21428571428571427	0.044364071787578854
chr16:58722221	wtdmso	mtcsc	3	4	22	40	1.3636363636363635	0.6980227722297426
chr16:58722246	wtdmso	mtcsc	1	3	23	41	0.5942028985507246	1.0
chr16:58723830	wtdmso	mtcsc	1	3	22	43	0.6515151515151515	1.0
chr16:58723874	wtdmso	mtcsc	1	2	10	40	2.0	0.5099462136088108
chr16:635319	wtdmso	mtcsc	1	3	9	19	0.7037037037037037	1.0
chr16:66932251	wtdmso	mtcsc	2	1	14	25	3.5714285714285716	0.5470383275261325
chr16:66932296	wtdmso	mtcsc	1	5	16	25	0.3125	0.3957777982044918
chr16:682171	wtdmso	mtcsc	1	3	27	36	0.4444444444444444	0.6345658073270014
chr16:682387	wtdmso	mtcsc	3	3	25	34	1.36	1.0
chr16:682402	wtdmso	mtcsc	4	4	21	35	1.6666666666666667	0.7008152678673257
chr16:682410	wtdmso	mtcsc	2	2	28	41	1.4642857142857142	1.0
chr16:682481	wtdmso	mtcsc	5	15	24	29	0.4027777777777778	0.17946822519228406
chr16:682607	wtdmso	mtcsc	17	34	9	8	0.4444444444444444	0.16377849464197325
chr16:682614	wtdmso	mtcsc	21	25	6	14	1.96	0.2839868796046086
chr16:68680988	wtdmso	mtcsc	1	1	9	9	1.0	1.0
chr16:68687537	wtdmso	mtcsc	2	1	39	20	1.0256410256410255	1.0
chr16:68687568	wtdmso	mtcsc	2	1	27	14	1.037037037037037	1.0
chr16:68687637	wtdmso	mtcsc	16	7	21	11	1.1972789115646258	1.0
chr16:68687646	wtdmso	mtcsc	3	3	23	17	0.7391304347826086	1.0
chr16:68687652	wtdmso	mtcsc	4	3	34	16	0.6274509803921569	0.6753529489378545
chr16:68691722	wtdmso	mtcsc	6	1	35	22	3.7714285714285714	0.4060894278814935
chr16:68691870	wtdmso	mtcsc	4	2	30	21	1.4	1.0
chr16:68695338	wtdmso	mtcsc	5	5	40	22	0.55	0.48587270272011884
chr16:68695380	wtdmso	mtcsc	8	4	44	35	1.5909090909090908	0.545329501618275
chr16:68695777	wtdmso	mtcsc	2	4	50	33	0.33	0.22874551630757536
chr16:68698191	wtdmso	mtcsc	4	5	50	33	0.528	0.48049948824195876
chr16:68698212	wtdmso	mtcsc	1	1	57	40	0.7017543859649122	1.0
chr16:68698423	wtdmso	mtcsc	8	7	45	37	0.9396825396825397	1.0
chr16:68698481	wtdmso	mtcsc	28	30	31	18	0.5419354838709678	0.17182854256770302
chr16:68698524	wtdmso	mtcsc	2	4	60	47	0.39166666666666666	0.4067613909600595
chr16:68698595	wtdmso	mtcsc	3	4	51	44	0.6470588235294118	0.7038018529393438
chr16:68698713	wtdmso	mtcsc	41	38	13	12	0.9959514170040485	1.0
chr16:68698717	wtdmso	mtcsc	12	9	42	38	1.2063492063492063	0.8077218729772196
chr16:68698728	wtdmso	mtcsc	36	37	26	20	0.7484407484407485	0.45827689459455145
chr16:68698747	wtdmso	mtcsc	3	8	56	36	0.24107142857142858	0.05100445804537784
chr16:68698988	wtdmso	mtcsc	12	9	47	37	1.049645390070922	1.0
chr16:68699010	wtdmso	mtcsc	13	10	47	43	1.1893617021276597	0.8163831408353593
chr16:68699027	wtdmso	mtcsc	2	2	13	20	1.5384615384615385	1.0
chr16:69710909	wtdmso	mtcsc	12	19	46	103	1.414187643020595	0.4047284690276505
chr16:69711000	wtdmso	mtcsc	13	15	48	103	1.8597222222222223	0.191687790421865
chr16:69711105	wtdmso	mtcsc	3	5	60	116	1.16	1.0
chr16:69711111	wtdmso	mtcsc	5	5	49	107	2.183673469387755	0.2967203447555836
chr16:69711145	wtdmso	mtcsc	1	1	51	119	2.3333333333333335	0.5144838841289269
chr16:69711232	wtdmso	mtcsc	2	3	59	120	1.3559322033898304	1.0
chr16:69711242	wtdmso	mtcsc	5	10	51	107	1.0490196078431373	1.0
chr16:69713055	wtdmso	mtcsc	5	1	55	120	10.909090909090908	0.015828331040411033
chr16:69714972	wtdmso	mtcsc	4	6	47	105	1.4893617021276595	0.7262972374911145
chr16:69714979	wtdmso	mtcsc	1	1	45	99	2.2	0.5323571091166746
chr16:69718138	wtdmso	mtcsc	1	1	45	107	2.3777777777777778	0.5095492742551567
chr16:69718161	wtdmso	mtcsc	4	2	48	113	4.708333333333333	0.07610641883056043
chr16:69718231	wtdmso	mtcsc	4	13	52	112	0.6627218934911243	0.5900411686325899
chr16:69718240	wtdmso	mtcsc	5	10	49	114	1.163265306122449	0.7751756210061139
chr16:69718248	wtdmso	mtcsc	7	13	44	92	1.1258741258741258	0.8031162187109459
chr16:69718404	wtdmso	mtcsc	14	31	38	77	0.9151103565365025	0.8533321071986653
chr16:69718419	wtdmso	mtcsc	5	5	45	104	2.311111111111111	0.2890130184536303
chr16:69726452	wtdmso	mtcsc	9	17	35	84	1.2705882352941176	0.6407607037960321
chr16:70252401	wtdmso	mtcsc	9	11	8	5	0.5113636363636364	0.4812658187035515
chr16:70252518	wtdmso	mtcsc	2	3	32	34	0.7083333333333334	1.0
chr16:70252599	wtdmso	mtcsc	7	5	26	30	1.6153846153846154	0.5339578670201846
chr16:70252605	wtdmso	mtcsc	8	13	21	22	0.6446886446886447	0.43890655707588155
chr16:70252637	wtdmso	mtcsc	12	22	5	12	1.309090909090909	0.7602918341948504
chr16:70252653	wtdmso	mtcsc	4	2	28	31	2.2142857142857144	0.42664985287936097
chr16:70252724	wtdmso	mtcsc	4	13	28	22	0.24175824175824176	0.02609441918998391
chr16:70253949	wtdmso	mtcsc	1	1	11	14	1.2727272727272727	1.0
chr16:70253955	wtdmso	mtcsc	1	2	12	27	1.125	1.0
chr16:70253986	wtdmso	mtcsc	2	3	9	26	1.9259259259259258	0.6029516358463728
chr16:70254667	wtdmso	mtcsc	1	1	12	22	1.8333333333333333	1.0
chr16:717193	wtdmso	mtcsc	6	10	18	27	0.9	1.0
chr16:717204	wtdmso	mtcsc	4	6	23	30	0.8695652173913043	1.0
chr16:717452	wtdmso	mtcsc	4	11	22	25	0.4132231404958678	0.23332043139535694
chr16:717465	wtdmso	mtcsc	11	9	9	18	2.4444444444444446	0.2324426147695504
chr16:75577352	wtdmso	mtcsc	1	4	9	8	0.2222222222222222	0.32330827067669177
chr16:75577765	wtdmso	mtcsc	1	2	9	9	0.5	1.0
chr16:75577807	wtdmso	mtcsc	2	1	8	9	2.25	1.0
chr16:83808107	wtdmso	mtcsc	1	3	13	25	0.6410256410256411	1.0
chr16:83809352	wtdmso	mtcsc	1	1	12	24	2.0	1.0
chr16:83809380	wtdmso	mtcsc	6	6	9	23	2.5555555555555554	0.2839194531005387
chr16:83811588	wtdmso	mtcsc	3	3	13	24	1.8461538461538463	0.6545532862217938
chr16:83811610	wtdmso	mtcsc	1	3	11	11	0.3333333333333333	0.5982608695652174
chr16:84565635	wtdmso	mtcsc	7	1	37	33	6.243243243243243	0.12825886695115046
chr16:84565651	wtdmso	mtcsc	7	4	40	30	1.3125	0.7535671047079162
chr16:84565979	wtdmso	mtcsc	4	5	39	25	0.5128205128205128	0.473315443390989
chr16:84566783	wtdmso	mtcsc	2	1	15	11	1.4666666666666666	1.0
chr16:85799710	wtdmso	mtcsc	2	2	45	40	0.8888888888888888	1.0
chr16:85804990	wtdmso	mtcsc	5	3	96	124	2.1527777777777777	0.4713694410439352
chr16:85805771	wtdmso	mtcsc	27	28	70	102	1.4051020408163266	0.278367990253043
chr16:85806803	wtdmso	mtcsc	5	6	99	122	1.026936026936027	1.0
chr16:85806815	wtdmso	mtcsc	13	19	87	104	0.8179068360556564	0.7021187693313193
chr16:85806845	wtdmso	mtcsc	11	18	92	117	0.7771739130434783	0.5567821450765186
chr16:85806961	wtdmso	mtcsc	5	6	97	114	0.979381443298969	1.0
chr16:85806986	wtdmso	mtcsc	4	1	26	38	5.846153846153846	0.15901196181380936
chr16:87830037	wtdmso	mtcsc	5	2	207	185	2.2342995169082127	0.45550116289003917
chr16:87830132	wtdmso	mtcsc	9	8	229	214	1.0513100436681222	1.0
chr16:87830167	wtdmso	mtcsc	9	15	183	172	0.5639344262295082	0.20953271801968257
chr16:87830435	wtdmso	mtcsc	8	6	137	142	1.3819951338199514	0.595129883000301
chr16:87830473	wtdmso	mtcsc	31	31	186	163	0.8763440860215054	0.6797425122321819
chr16:87830486	wtdmso	mtcsc	105	99	105	96	0.9696969696969697	0.9208731112834359
chr16:87830505	wtdmso	mtcsc	14	15	191	180	0.8795811518324608	0.8476111542210496
chr16:87830556	wtdmso	mtcsc	40	34	150	145	1.1372549019607843	0.696684603092038
chr16:87830596	wtdmso	mtcsc	9	6	174	161	1.3879310344827587	0.6051850338164473
chr16:87830863	wtdmso	mtcsc	24	42	78	70	0.5128205128205128	0.037626850593083024
chr16:87831037	wtdmso	mtcsc	40	35	113	105	1.0619469026548674	0.8935869049387747
chr16:87831095	wtdmso	mtcsc	87	86	60	55	0.9273255813953488	0.8100759861834981
chr16:87831136	wtdmso	mtcsc	7	11	128	120	0.5965909090909091	0.33640774896475156
chr16:87831151	wtdmso	mtcsc	74	92	60	43	0.5764492753623188	0.03326981168114226
chr16:87831155	wtdmso	mtcsc	115	112	13	19	1.5006868131868132	0.3464400380120979
chr16:87831174	wtdmso	mtcsc	12	18	120	116	0.6444444444444445	0.3330511547073256
chr16:87831199	wtdmso	mtcsc	50	52	61	48	0.7566204287515763	0.3363715284944228
chr16:87831240	wtdmso	mtcsc	35	31	93	91	1.1047519944502255	0.7750256276700902
chr16:87831263	wtdmso	mtcsc	5	3	87	81	1.5517241379310345	0.7225339994130195
chr16:87831267	wtdmso	mtcsc	39	60	61	38	0.40491803278688526	0.002744213222329011
chr16:87831309	wtdmso	mtcsc	3	3	123	122	0.991869918699187	1.0
chr16:87831344	wtdmso	mtcsc	8	10	107	105	0.7850467289719626	0.8068338873395103
chr16:87831351	wtdmso	mtcsc	68	70	55	45	0.7948051948051948	0.4310679423989048
chr16:87831362	wtdmso	mtcsc	65	65	61	60	0.9836065573770492	1.0
chr16:87831401	wtdmso	mtcsc	18	20	89	91	0.9202247191011236	0.8596065158620569
chr16:87831474	wtdmso	mtcsc	4	2	107	107	2.0	0.683239547655994
chr16:87831488	wtdmso	mtcsc	1	3	93	98	0.35125448028673834	0.6220898579546621
chr16:87831684	wtdmso	mtcsc	21	19	85	88	1.1442724458204334	0.7286210230059709
chr16:87831805	wtdmso	mtcsc	5	3	87	99	1.896551724137931	0.4805144555385229
chr16:87831893	wtdmso	mtcsc	1	1	85	95	1.1176470588235294	1.0
chr16:87832119	wtdmso	mtcsc	1	3	68	79	0.3872549019607843	0.6256378481686273
chr16:87832132	wtdmso	mtcsc	1	4	67	83	0.30970149253731344	0.3859355132699785
chr16:87832288	wtdmso	mtcsc	4	2	58	79	2.7241379310344827	0.4032305935012145
chr16:87832328	wtdmso	mtcsc	3	9	46	62	0.4492753623188406	0.35568990723285887
chr16:87832335	wtdmso	mtcsc	33	55	24	20	0.5	0.09287096776096102
chr16:87832422	wtdmso	mtcsc	4	9	51	65	0.5664488017429193	0.5557198203566904
chr16:87832482	wtdmso	mtcsc	12	8	44	67	2.284090909090909	0.13930684086716072
chr16:87832509	wtdmso	mtcsc	10	10	34	50	1.4705882352941178	0.46060529193724375
chr16:87832526	wtdmso	mtcsc	11	24	33	31	0.4305555555555556	0.06052019060529454
chr16:87832544	wtdmso	mtcsc	2	9	51	62	0.2701525054466231	0.11400094646683609
chr16:87832551	wtdmso	mtcsc	13	10	45	63	1.82	0.24869632104087527
chr16:87832771	wtdmso	mtcsc	10	19	42	51	0.6390977443609023	0.39118156780216506
chr16:87832810	wtdmso	mtcsc	6	15	47	57	0.4851063829787234	0.22638536615581917
chr16:87832902	wtdmso	mtcsc	16	27	31	39	0.7455197132616488	0.556229317666898
chr16:87834586	wtdmso	mtcsc	7	14	26	41	0.7884615384615384	0.7975903126475452
chr16:87836612	wtdmso	mtcsc	3	2	29	38	1.9655172413793103	0.6497541658018585
chr16:87838815	wtdmso	mtcsc	6	9	29	35	0.8045977011494253	0.7789534518720007
chr16:87839766	wtdmso	mtcsc	5	3	25	31	2.066666666666667	0.4576222439956519
chr16:87841094	wtdmso	mtcsc	2	1	36	43	2.388888888888889	0.5940831074977416
chr16:87841108	wtdmso	mtcsc	3	3	32	41	1.28125	1.0
chr16:87851830	wtdmso	mtcsc	9	13	16	28	1.2115384615384615	0.7907882017840969
chr16:87869238	wtdmso	mtcsc	2	7	13	22	0.4835164835164835	0.6951265355898606
chr16:88809514	wtdmso	mtcsc	5	5	41	86	2.097560975609756	0.3029983331640537
chr16:88809599	wtdmso	mtcsc	2	5	51	98	0.7686274509803922	1.0
chr16:88809626	wtdmso	mtcsc	3	4	42	94	1.6785714285714286	0.678323745828303
chr16:88809762	wtdmso	mtcsc	3	4	31	80	1.935483870967742	0.4093663586127337
chr16:88809837	wtdmso	mtcsc	1	8	39	84	0.2692307692307692	0.27583004980673553
chr16:88810109	wtdmso	mtcsc	2	6	48	89	0.6180555555555556	0.714791105876392
chr16:88810503	wtdmso	mtcsc	5	11	41	83	0.9201773835920177	1.0
chr16:88811632	wtdmso	mtcsc	2	2	43	93	2.1627906976744184	0.5936835334742587
chr16:89561008	wtdmso	mtcsc	182	253	818	1189	1.0456333291456072	0.7066349140260528
chr16:89561607	wtdmso	mtcsc	29	45	1073	1644	0.9873873873873874	1.0
chr16:89561641	wtdmso	mtcsc	70	110	1131	1634	0.9193794711036091	0.638854807761569
chr16:89561699	wtdmso	mtcsc	8	14	1262	1862	0.8431061806656102	0.8286761227681727
chr16:89561743	wtdmso	mtcsc	94	132	1176	1761	1.066365182436611	0.6728373426713001
chr16:89562342	wtdmso	mtcsc	251	420	962	1379	0.8566701316701316	0.08985485575030681
chr16:89562348	wtdmso	mtcsc	52	59	1131	1698	1.3232028053769724	0.1670260980148333
chr16:89562364	wtdmso	mtcsc	66	88	1090	1596	1.0981651376146788	0.6130349265014692
chr16:89562369	wtdmso	mtcsc	46	70	1030	1526	0.9735922330097088	0.9231459100009003
chr16:89563017	wtdmso	mtcsc	189	280	1025	1487	0.9792439024390244	0.8779641830177888
chr16:89563055	wtdmso	mtcsc	272	452	694	1003	0.8697049297391038	0.13472232175739995
chr16:89563109	wtdmso	mtcsc	2	3	46	86	1.2463768115942029	1.0
chr16:89563143	wtdmso	mtcsc	10	17	32	63	1.1580882352941178	0.8195890125110143
chr16:89563246	wtdmso	mtcsc	18	41	26	42	0.7091932457786116	0.4549323168899563
chr16:89563289	wtdmso	mtcsc	9	14	22	49	1.4318181818181819	0.6103745313389719
chr17:1344573	wtdmso	mtcsc	3	4	25	33	0.99	1.0
chr17:1344637	wtdmso	mtcsc	1	1	9	26	2.888888888888889	0.4729729729729729
chr17:1344669	wtdmso	mtcsc	3	1	23	34	4.434782608695652	0.30336012877140195
chr17:1344941	wtdmso	mtcsc	1	7	12	21	0.25	0.39827466218767293
chr17:1345013	wtdmso	mtcsc	1	2	11	24	1.0909090909090908	1.0
chr17:1345349	wtdmso	mtcsc	6	8	7	17	1.8214285714285714	0.4863804293726428
chr17:1354278	wtdmso	mtcsc	1	1	12	22	1.8333333333333333	1.0
chr17:1354310	wtdmso	mtcsc	4	11	9	12	0.48484848484848486	0.48369948090470893
chr17:1361289	wtdmso	mtcsc	2	2	10	22	2.2	0.5876750700280109
chr17:1364921	wtdmso	mtcsc	2	2	9	10	1.1111111111111112	1.0
chr17:16381968	wtdmso	mtcsc	7	19	84	162	0.7105263157894737	0.5192452479189307
chr17:16382079	wtdmso	mtcsc	10	24	71	153	0.897887323943662	0.8455308513758422
chr17:16382159	wtdmso	mtcsc	4	5	78	157	1.6102564102564103	0.4892445473655068
chr17:16382196	wtdmso	mtcsc	15	22	78	166	1.451048951048951	0.3491639233265562
chr17:16382307	wtdmso	mtcsc	4	23	90	162	0.3130434782608696	0.03192981618553494
chr17:16382387	wtdmso	mtcsc	6	3	87	169	3.8850574712643677	0.07017930647176251
chr17:16382396	wtdmso	mtcsc	1	1	69	159	2.3043478260869565	0.516992595405354
chr17:16382424	wtdmso	mtcsc	10	27	95	167	0.6510721247563352	0.3577971894415073
chr17:16382535	wtdmso	mtcsc	11	24	90	166	0.8453703703703703	0.7095677595760757
chr17:16382701	wtdmso	mtcsc	8	27	85	145	0.5054466230936819	0.12874456372364032
chr17:16439365	wtdmso	mtcsc	8	15	170	206	0.6462745098039215	0.39121854201918005
chr17:16439399	wtdmso	mtcsc	2	1	206	255	2.4757281553398056	0.589584467814899
chr17:16439409	wtdmso	mtcsc	27	30	181	220	1.0939226519337018	0.7774848742718417
chr17:16441082	wtdmso	mtcsc	5	2	195	240	3.076923076923077	0.2525064694106441
chr17:16441398	wtdmso	mtcsc	10	15	215	243	0.7534883720930232	0.542548665421291
chr17:16441430	wtdmso	mtcsc	5	2	213	255	2.992957746478873	0.2555627561245634
chr17:16441434	wtdmso	mtcsc	38	45	185	219	0.9996396396396396	1.0
chr17:16441484	wtdmso	mtcsc	13	14	186	212	1.0583717357910907	1.0
chr17:16441596	wtdmso	mtcsc	7	18	155	178	0.44659498207885306	0.09492289099101206
chr17:16441699	wtdmso	mtcsc	9	6	222	261	1.7635135135135136	0.30535814838940845
chr17:16441890	wtdmso	mtcsc	17	34	213	238	0.5586854460093896	0.07460349521763779
chr17:16441982	wtdmso	mtcsc	49	85	167	177	0.6109897851356111	0.018889627465663958
chr17:18245053	wtdmso	mtcsc	4	3	11	18	2.1818181818181817	0.4178238744178024
chr17:18245242	wtdmso	mtcsc	3	2	13	9	1.0384615384615385	1.0
chr17:20999960	wtdmso	mtcsc	6	2	17	8	1.411764705882353	1.0
chr17:28720848	wtdmso	mtcsc	1	4	309	382	0.30906148867313915	0.38809858403647746
chr17:28722727	wtdmso	mtcsc	19	20	268	358	1.2690298507462687	0.5073780089528925
chr17:28722756	wtdmso	mtcsc	7	7	320	397	1.240625	0.7885890813999399
chr17:28722842	wtdmso	mtcsc	1	1	361	444	1.2299168975069252	1.0
chr17:28722865	wtdmso	mtcsc	4	4	321	419	1.3052959501557633	0.7331200266477218
chr17:28723881	wtdmso	mtcsc	15	13	270	367	1.5683760683760684	0.24888153063654483
chr17:28879351	wtdmso	mtcsc	4	8	9	22	1.2222222222222223	1.0
chr17:38753198	wtdmso	mtcsc	7	5	21	36	2.4	0.20504780293979766
chr17:38753258	wtdmso	mtcsc	1	5	24	33	0.275	0.3885204000422632
chr17:38753285	wtdmso	mtcsc	2	1	26	34	2.6153846153846154	0.5804688877137317
chr17:38755908	wtdmso	mtcsc	4	4	25	36	1.44	0.712446982747571
chr17:38760471	wtdmso	mtcsc	1	2	26	36	0.6923076923076923	1.0
chr17:38760530	wtdmso	mtcsc	5	6	23	33	1.1956521739130435	1.0
chr17:38760537	wtdmso	mtcsc	1	2	25	38	0.76	1.0
chr17:38764143	wtdmso	mtcsc	2	6	26	32	0.41025641025641024	0.45056420445887946
chr17:38764162	wtdmso	mtcsc	2	2	23	35	1.5217391304347827	1.0
chr17:38850091	wtdmso	mtcsc	2	4	222	344	0.7747747747747747	1.0
chr17:38850096	wtdmso	mtcsc	5	9	186	310	0.9259259259259259	1.0
chr17:38850174	wtdmso	mtcsc	3	2	340	469	2.0691176470588237	0.6549873800672363
chr17:38850197	wtdmso	mtcsc	16	31	335	448	0.6902262879152624	0.2878003670799033
chr17:38850381	wtdmso	mtcsc	23	35	371	500	0.8856372737774355	0.6833527717605075
chr17:38852653	wtdmso	mtcsc	26	23	355	497	1.5826086956521739	0.13695847139191683
chr17:38852680	wtdmso	mtcsc	23	41	230	328	0.8	0.5020227935382078
chr17:38852722	wtdmso	mtcsc	5	13	325	446	0.527810650887574	0.33375253912767583
chr17:38853029	wtdmso	mtcsc	19	18	302	410	1.4330389992641648	0.3093520091208981
chr17:38921712	wtdmso	mtcsc	1	3	9	31	1.1481481481481481	1.0
chr17:39201291	wtdmso	mtcsc	4	2	197	331	3.3604060913705585	0.20470074118685172
chr17:39202400	wtdmso	mtcsc	44	94	137	212	0.7243360770305948	0.14548431391559113
chr17:39204139	wtdmso	mtcsc	16	16	190	318	1.6736842105263159	0.18889510590214947
chr17:39204526	wtdmso	mtcsc	2	6	228	365	0.533625730994152	0.7167797219683629
chr17:39204552	wtdmso	mtcsc	1	1	226	362	1.6017699115044248	1.0
chr17:39204615	wtdmso	mtcsc	4	9	191	344	0.8004653868528214	1.0
chr17:39204636	wtdmso	mtcsc	1	3	221	359	0.5414781297134238	1.0
chr17:39204649	wtdmso	mtcsc	12	8	183	304	2.4918032786885247	0.059012866249451214
chr17:39997363	wtdmso	mtcsc	4	1	28	9	1.2857142857142858	1.0
chr17:39997528	wtdmso	mtcsc	2	2	27	9	0.3333333333333333	0.3003063792537478
chr17:39997761	wtdmso	mtcsc	5	1	27	9	1.6666666666666667	1.0
chr17:40019226	wtdmso	mtcsc	10	18	34	64	1.0457516339869282	1.0
chr17:40019293	wtdmso	mtcsc	1	1	46	81	1.7608695652173914	1.0
chr17:40019372	wtdmso	mtcsc	5	26	34	35	0.19796380090497737	0.0018166017144027673
chr17:40019379	wtdmso	mtcsc	3	5	44	69	0.9409090909090909	1.0
chr17:40019495	wtdmso	mtcsc	15	29	27	56	1.0727969348659003	1.0
chr17:40019583	wtdmso	mtcsc	12	21	28	45	0.9183673469387755	1.0
chr17:40019636	wtdmso	mtcsc	13	17	29	55	1.4503042596348885	0.5087396540440684
chr17:40019839	wtdmso	mtcsc	7	10	34	64	1.3176470588235294	0.596057019847684
chr17:40020283	wtdmso	mtcsc	1	8	40	74	0.23125	0.26947407039969645
chr17:40020292	wtdmso	mtcsc	7	8	35	73	1.825	0.3834188946148483
chr17:40022668	wtdmso	mtcsc	2	2	36	69	1.9166666666666667	0.6096005734776302
chr17:40022695	wtdmso	mtcsc	5	17	34	53	0.458477508650519	0.2140334029763656
chr17:40023206	wtdmso	mtcsc	5	9	19	39	1.1403508771929824	1.0
chr17:40023302	wtdmso	mtcsc	1	4	9	35	0.9722222222222222	1.0
chr17:40476003	wtdmso	mtcsc	1	6	39	52	0.2222222222222222	0.23482349387045395
chr17:40476208	wtdmso	mtcsc	4	1	31	50	6.451612903225806	0.15344873538396353
chr17:40476659	wtdmso	mtcsc	2	3	10	34	2.2666666666666666	0.5843795427514207
chr17:41523646	wtdmso	mtcsc	43	68	69	201	1.842071611253197	0.013158569011100511
chr17:41523671	wtdmso	mtcsc	14	40	180	458	0.8905555555555555	0.8746960745246392
chr17:41523787	wtdmso	mtcsc	6	27	172	426	0.5503875968992248	0.23492191595120498
chr17:41523842	wtdmso	mtcsc	4	17	170	417	0.5771626297577854	0.4618387227623034
chr17:41523980	wtdmso	mtcsc	2	10	169	411	0.4863905325443787	0.5235640845268636
chr17:41524197	wtdmso	mtcsc	9	24	156	400	0.9615384615384616	1.0
chr17:41524254	wtdmso	mtcsc	28	83	134	350	0.8811364862434814	0.6379474333632577
chr17:41524267	wtdmso	mtcsc	17	50	122	297	0.8277049180327869	0.5640880053421722
chr17:41524412	wtdmso	mtcsc	42	51	132	378	2.358288770053476	0.00027810964053110013
chr17:41524448	wtdmso	mtcsc	5	8	157	395	1.572452229299363	0.5347086042199531
chr17:41524852	wtdmso	mtcsc	4	10	143	363	1.0153846153846153	1.0
chr17:41524910	wtdmso	mtcsc	26	51	116	281	1.2349560513860716	0.41834229353972585
chr17:41524922	wtdmso	mtcsc	1	3	135	321	0.7925925925925926	1.0
chr17:41524986	wtdmso	mtcsc	9	10	119	298	2.253781512605042	0.11840137340863786
chr17:41525194	wtdmso	mtcsc	7	11	127	299	1.4982104509663565	0.4360220528608748
chr17:41525202	wtdmso	mtcsc	18	42	102	231	0.9705882352941176	1.0
chr17:41525250	wtdmso	mtcsc	22	50	93	195	0.9225806451612903	0.8877543485730801
chr17:41527831	wtdmso	mtcsc	3	17	90	176	0.34509803921568627	0.1348546207662818
chr17:41527840	wtdmso	mtcsc	28	64	71	161	0.9920774647887324	1.0
chr17:41527960	wtdmso	mtcsc	5	9	95	204	1.1929824561403508	0.7734235568916674
chr17:41527990	wtdmso	mtcsc	7	13	103	216	1.1292008961911875	0.8084201959245116
chr17:41528243	wtdmso	mtcsc	9	18	68	148	1.088235294117647	0.8293437212853432
chr17:41582339	wtdmso	mtcsc	21	26	489	250	0.412930627654554	0.00415054491661746
chr17:41582391	wtdmso	mtcsc	5	4	236	143	0.7574152542372882	0.734974103805168
chr17:41582438	wtdmso	mtcsc	92	58	469	256	0.8658186898022204	0.45498936751686586
chr17:41582529	wtdmso	mtcsc	76	49	444	240	0.8383894098179813	0.4168716554632061
chr17:41583324	wtdmso	mtcsc	25	12	567	315	1.1574074074074074	0.7296642250125652
chr17:41583424	wtdmso	mtcsc	3	2	529	300	0.8506616257088847	1.0
chr17:41583438	wtdmso	mtcsc	51	27	459	265	1.0905349794238683	0.8047663382565144
chr17:41583584	wtdmso	mtcsc	138	89	299	174	0.902333621434745	0.5599318085718837
chr17:41583662	wtdmso	mtcsc	55	36	335	210	0.9577114427860697	0.9075336494149666
chr17:41583793	wtdmso	mtcsc	51	33	324	202	0.9635241301907969	0.9041865619758449
chr17:41583820	wtdmso	mtcsc	25	13	313	198	1.2165151142786925	0.6095304908361935
chr17:41583850	wtdmso	mtcsc	18	9	307	206	1.3420195439739413	0.5492850373694721
chr17:41584266	wtdmso	mtcsc	17	8	299	188	1.3361204013377928	0.6737607765239434
chr17:41584320	wtdmso	mtcsc	6	7	267	162	0.5200642054574639	0.25794094893295544
chr17:41584336	wtdmso	mtcsc	7	1	255	165	4.529411764705882	0.15857569274998135
chr17:41584340	wtdmso	mtcsc	91	59	174	104	0.921878044028833	0.7544287105214054
chr17:41584395	wtdmso	mtcsc	78	56	156	92	0.8214285714285714	0.38048248140627305
chr17:41584986	wtdmso	mtcsc	23	15	160	122	1.1691666666666667	0.728569395489585
chr17:41585010	wtdmso	mtcsc	4	1	181	121	2.6740331491712706	0.6515744544472901
chr17:41585037	wtdmso	mtcsc	7	5	169	117	0.9692307692307692	1.0
chr17:41586322	wtdmso	mtcsc	16	12	155	108	0.9290322580645162	0.843169814660157
chr17:41586332	wtdmso	mtcsc	4	3	168	109	0.8650793650793651	1.0
chr17:41586388	wtdmso	mtcsc	51	33	125	88	1.088	0.7939561742914911
chr17:41586442	wtdmso	mtcsc	6	3	171	117	1.368421052631579	0.7437704890510795
chr17:41586463	wtdmso	mtcsc	2	1	158	109	1.379746835443038	1.0
chr17:41586472	wtdmso	mtcsc	16	11	170	117	1.0010695187165775	1.0
chr17:41586482	wtdmso	mtcsc	2	3	186	127	0.4551971326164875	0.40239280693365564
chr17:41586830	wtdmso	mtcsc	8	6	84	52	0.8253968253968254	0.7777479320718694
chr17:41619449	wtdmso	mtcsc	40	15	140	94	1.7904761904761906	0.08933645492643838
chr17:41619465	wtdmso	mtcsc	34	23	368	214	0.8596408317580341	0.6667364363752764
chr17:41619590	wtdmso	mtcsc	42	44	373	210	0.5374116500121862	0.008647012201492625
chr17:41619604	wtdmso	mtcsc	15	3	424	266	3.1367924528301887	0.08289894263092629
chr17:41619682	wtdmso	mtcsc	63	27	369	226	1.4290876242095754	0.16029689014572784
chr17:41620536	wtdmso	mtcsc	85	55	337	197	0.9034259509036957	0.6242947170413069
chr17:41620553	wtdmso	mtcsc	87	48	334	202	1.096182634730539	0.6909026921660908
chr17:41620748	wtdmso	mtcsc	7	6	408	251	0.7177287581699346	0.5740184850197787
chr17:41620841	wtdmso	mtcsc	76	36	324	202	1.3161865569272977	0.23720139197130724
chr17:41620848	wtdmso	mtcsc	2	1	363	208	1.1460055096418733	1.0
chr17:41621077	wtdmso	mtcsc	52	28	263	162	1.1439435089625203	0.6175625920463004
chr17:41621082	wtdmso	mtcsc	67	37	254	155	1.1050223451798256	0.7338071868052638
chr17:41621090	wtdmso	mtcsc	1	7	288	151	0.07490079365079365	0.003535334919065601
chr17:41621626	wtdmso	mtcsc	87	35	202	137	1.6858557284299858	0.022238118310683293
chr17:41621653	wtdmso	mtcsc	27	10	224	145	1.7477678571428572	0.15901074563504547
chr17:41621683	wtdmso	mtcsc	2	4	236	141	0.298728813559322	0.20530928507574694
chr17:41622364	wtdmso	mtcsc	21	6	215	129	2.1	0.14591087863552693
chr17:41622397	wtdmso	mtcsc	11	5	193	114	1.299481865284974	0.7925418912538243
chr17:41622434	wtdmso	mtcsc	5	2	182	109	1.4972527472527473	1.0
chr17:41622961	wtdmso	mtcsc	25	11	114	86	1.7145135566188199	0.1988480730672122
chr17:41623012	wtdmso	mtcsc	7	9	107	79	0.5742471443406023	0.3055114129557235
chr17:41624081	wtdmso	mtcsc	3	3	134	95	0.7089552238805971	0.6956875854844001
chr17:41624100	wtdmso	mtcsc	5	2	115	84	1.826086956521739	0.7016431079085117
chr17:41624120	wtdmso	mtcsc	34	16	95	76	1.7	0.1425159883600704
chr17:41624156	wtdmso	mtcsc	43	38	76	48	0.7146814404432132	0.2511587471674608
chr17:41624210	wtdmso	mtcsc	5	5	105	80	0.7619047619047619	0.7496916828159759
chr17:41624231	wtdmso	mtcsc	5	2	111	83	1.8693693693693694	0.701130054578675
chr17:41624240	wtdmso	mtcsc	26	7	97	79	3.0250368188512518	0.012128627643685361
chr17:41624505	wtdmso	mtcsc	9	1	56	25	4.017857142857143	0.2709783613616997
chr17:41689054	wtdmso	mtcsc	37	31	249	176	0.8436325948957119	0.5968388156172677
chr17:41689807	wtdmso	mtcsc	22	12	263	198	1.3802281368821292	0.4729546859179216
chr17:41690154	wtdmso	mtcsc	3	1	299	216	2.1672240802675584	0.6435482004292727
chr17:41690166	wtdmso	mtcsc	53	33	277	197	1.1422163877037523	0.6344283037243463
chr17:41690786	wtdmso	mtcsc	24	22	263	178	0.7383339094365711	0.3474855415652717
chr17:41690959	wtdmso	mtcsc	32	18	236	177	1.3333333333333333	0.36818826307231045
chr17:41690968	wtdmso	mtcsc	4	2	316	234	1.481012658227848	1.0
chr17:41690985	wtdmso	mtcsc	17	14	236	183	0.9415859564164649	1.0
chr17:41691137	wtdmso	mtcsc	6	7	69	64	0.7950310559006211	0.775943563874768
chr17:41691194	wtdmso	mtcsc	20	18	61	52	0.9471766848816029	1.0
chr17:41691300	wtdmso	mtcsc	13	19	73	55	0.5155010814708003	0.1143978284621902
chr17:41691309	wtdmso	mtcsc	2	2	68	57	0.8382352941176471	1.0
chr17:41691352	wtdmso	mtcsc	4	4	83	77	0.927710843373494	1.0
chr17:41691456	wtdmso	mtcsc	3	3	76	63	0.8289473684210527	1.0
chr17:41691464	wtdmso	mtcsc	6	4	80	75	1.40625	0.748509437962138
chr17:41691475	wtdmso	mtcsc	4	1	84	78	3.7142857142857144	0.3711149549270545
chr17:41754815	wtdmso	mtcsc	2	5	62	85	0.5483870967741935	0.7000542115411342
chr17:41754861	wtdmso	mtcsc	4	3	55	82	1.9878787878787878	0.44489618079801185
chr17:41754983	wtdmso	mtcsc	5	12	40	65	0.6770833333333334	0.594119257615109
chr17:41755027	wtdmso	mtcsc	6	7	52	77	1.2692307692307692	0.7704290737820287
chr17:41755081	wtdmso	mtcsc	26	34	23	38	1.2634271099744245	0.5809864954940545
chr17:41755202	wtdmso	mtcsc	3	11	37	51	0.3759213759213759	0.2377590103281681
chr17:41755246	wtdmso	mtcsc	5	9	37	59	0.8858858858858859	1.0
chr17:41755348	wtdmso	mtcsc	4	10	49	72	0.5877551020408164	0.5648297852413453
chr17:41755384	wtdmso	mtcsc	1	1	51	75	1.4705882352941178	1.0
chr17:41755689	wtdmso	mtcsc	1	2	12	14	0.5833333333333334	1.0
chr17:41755813	wtdmso	mtcsc	4	3	42	66	2.0952380952380953	0.434995503444972
chr17:41755825	wtdmso	mtcsc	2	1	31	55	3.5483870967741935	0.5524990313831849
chr17:41755846	wtdmso	mtcsc	1	2	38	63	0.8289473684210527	1.0
chr17:41757484	wtdmso	mtcsc	1	1	45	67	1.488888888888889	1.0
chr17:41757490	wtdmso	mtcsc	7	4	37	52	2.4594594594594597	0.20552525086248052
chr17:41757496	wtdmso	mtcsc	2	5	21	36	0.6857142857142857	1.0
chr17:41757761	wtdmso	mtcsc	1	2	33	50	0.7575757575757576	1.0
chr17:41758453	wtdmso	mtcsc	1	4	31	49	0.3951612903225806	0.6457695538898399
chr17:41763058	wtdmso	mtcsc	4	9	29	40	0.6130268199233716	0.5468038949994356
chr17:41763139	wtdmso	mtcsc	2	1	23	43	3.739130434782609	0.2958354010001146
chr17:41763184	wtdmso	mtcsc	3	3	28	44	1.5714285714285714	0.6770908703136532
chr17:41763191	wtdmso	mtcsc	1	7	24	35	0.20833333333333334	0.24165708164145389
chr17:41763224	wtdmso	mtcsc	1	4	24	30	0.3125	0.3836871547659329
chr17:41764758	wtdmso	mtcsc	8	15	20	28	0.7466666666666667	0.6145947064323142
chr17:41764786	wtdmso	mtcsc	6	2	21	22	3.142857142857143	0.25528338995172534
chr17:41769175	wtdmso	mtcsc	5	5	21	24	1.1428571428571428	1.0
chr17:41769197	wtdmso	mtcsc	1	1	25	27	1.08	1.0
chr17:41769421	wtdmso	mtcsc	1	3	11	22	0.6666666666666666	1.0
chr17:41769438	wtdmso	mtcsc	1	2	24	26	0.5416666666666666	1.0
chr17:41771682	wtdmso	mtcsc	1	1	24	25	1.0416666666666667	1.0
chr17:41771814	wtdmso	mtcsc	6	9	18	20	0.7407407407407407	0.7623286555757891
chr17:41771840	wtdmso	mtcsc	4	4	21	25	1.1904761904761905	1.0
chr17:41822459	wtdmso	mtcsc	6	2	4	8	6.0	0.16980233388902116
chr17:41822477	wtdmso	mtcsc	3	1	19	12	1.894736842105263	1.0
chr17:41822546	wtdmso	mtcsc	1	1	10	13	1.3	1.0
chr17:41822763	wtdmso	mtcsc	2	1	22	13	1.1818181818181819	1.0
chr17:41822822	wtdmso	mtcsc	3	4	7	21	2.25	0.381093371720212
chr17:41822835	wtdmso	mtcsc	3	1	20	21	3.15	0.6077519379844962
chr17:41822862	wtdmso	mtcsc	5	7	18	15	0.5952380952380952	0.5136330885621868
chr17:41822979	wtdmso	mtcsc	1	1	22	11	0.5	1.0
chr17:41823164	wtdmso	mtcsc	3	4	22	22	0.75	1.0
chr17:42125132	wtdmso	mtcsc	2	1	15	21	2.8	0.5703030966188861
chr17:42125195	wtdmso	mtcsc	7	8	20	22	0.9625	1.0
chr17:42125331	wtdmso	mtcsc	1	1	12	28	2.3333333333333335	0.5284552845528455
chr17:42125396	wtdmso	mtcsc	3	2	14	23	2.4642857142857144	0.37948764970587817
chr17:42125403	wtdmso	mtcsc	5	4	24	25	1.3020833333333333	1.0
chr17:42125737	wtdmso	mtcsc	2	2	20	31	1.55	1.0
chr17:42125819	wtdmso	mtcsc	3	2	31	32	1.5483870967741935	1.0
chr17:42125831	wtdmso	mtcsc	4	2	27	26	1.9259259259259258	0.6731814126997
chr17:42128360	wtdmso	mtcsc	2	7	12	6	0.14285714285714285	0.04607170099160947
chr17:42128661	wtdmso	mtcsc	1	1	13	10	0.7692307692307693	1.0
chr17:42128739	wtdmso	mtcsc	1	1	14	10	0.7142857142857143	1.0
chr17:42402711	wtdmso	mtcsc	1	1	10	9	0.9	1.0
chr17:42402934	wtdmso	mtcsc	5	4	7	6	1.0714285714285714	1.0
chr17:42403289	wtdmso	mtcsc	2	2	14	11	0.7857142857142857	1.0
chr17:42403856	wtdmso	mtcsc	1	1	10	9	0.9	1.0
chr17:42998767	wtdmso	mtcsc	3	4	167	332	1.4910179640718564	0.6921664679796119
chr17:42999933	wtdmso	mtcsc	11	20	161	316	1.0795031055900621	0.8464032841917467
chr17:42999990	wtdmso	mtcsc	5	6	161	325	1.6821946169772257	0.5187440404472483
chr17:43000010	wtdmso	mtcsc	9	16	159	317	1.1214622641509433	0.8291227503129178
chr17:43000077	wtdmso	mtcsc	6	10	180	345	1.15	0.7934763836448953
chr17:43002695	wtdmso	mtcsc	6	11	164	331	1.1008869179600886	0.8001997501280771
chr17:43002700	wtdmso	mtcsc	3	10	157	304	0.5808917197452229	0.5571541409556695
chr17:43002878	wtdmso	mtcsc	1	2	172	330	0.9593023255813954	1.0
chr17:43002888	wtdmso	mtcsc	2	1	183	338	3.6939890710382515	0.285540238944501
chr17:43002907	wtdmso	mtcsc	3	12	151	311	0.5149006622516556	0.40563558741382205
chr17:43014735	wtdmso	mtcsc	2	2	43	62	1.441860465116279	1.0
chr17:43014825	wtdmso	mtcsc	3	9	42	53	0.42063492063492064	0.23390259884764486
chr17:43014852	wtdmso	mtcsc	2	8	46	59	0.32065217391304346	0.1896691668870874
chr17:43014921	wtdmso	mtcsc	2	6	36	55	0.5092592592592593	0.7068530889150493
chr17:43015004	wtdmso	mtcsc	3	3	21	47	2.238095238095238	0.38238836946149307
chr17:43015563	wtdmso	mtcsc	4	4	26	47	1.8076923076923077	0.45991910948606485
chr17:43015586	wtdmso	mtcsc	1	1	26	49	1.8846153846153846	1.0
chr17:43015893	wtdmso	mtcsc	2	5	23	41	0.7130434782608696	1.0
chr17:43016064	wtdmso	mtcsc	5	5	21	49	2.3333333333333335	0.2804526986687751
chr17:44319665	wtdmso	mtcsc	3	1	7	38	16.285714285714285	0.023079537087730563
chr17:44319699	wtdmso	mtcsc	1	2	10	42	2.1	0.49517819706498956
chr17:44319941	wtdmso	mtcsc	1	1	10	42	4.2	0.3689727463312369
chr17:44320205	wtdmso	mtcsc	3	2	8	40	7.5	0.05449622519544829
chr17:44320272	wtdmso	mtcsc	2	10	8	29	0.725	1.0
chr17:44320670	wtdmso	mtcsc	1	2	9	35	1.9444444444444444	0.5208140610545791
chr17:44349524	wtdmso	mtcsc	4	6	30	27	0.6	0.5117893763703337
chr17:44350230	wtdmso	mtcsc	1	1	40	41	1.025	1.0
chr17:44350281	wtdmso	mtcsc	1	2	27	30	0.5555555555555556	1.0
chr17:44350564	wtdmso	mtcsc	1	5	47	43	0.1829787234042553	0.2037911155058863
chr17:44351088	wtdmso	mtcsc	4	1	41	51	4.975609756097561	0.17950617093150695
chr17:44351133	wtdmso	mtcsc	1	2	31	33	0.532258064516129	1.0
chr17:44351380	wtdmso	mtcsc	1	2	52	51	0.49038461538461536	1.0
chr17:44351565	wtdmso	mtcsc	3	4	52	53	0.7644230769230769	1.0
chr17:44351601	wtdmso	mtcsc	8	6	49	55	1.4965986394557824	0.5741122281650255
chr17:44351623	wtdmso	mtcsc	6	7	63	56	0.7619047619047619	0.7724402473705314
chr17:44351682	wtdmso	mtcsc	2	3	54	54	0.6666666666666666	1.0
chr17:44352030	wtdmso	mtcsc	6	5	44	42	1.1454545454545455	1.0
chr17:44352109	wtdmso	mtcsc	32	21	38	45	1.8045112781954886	0.11475081296413622
chr17:44352168	wtdmso	mtcsc	4	4	75	69	0.92	1.0
chr17:44352498	wtdmso	mtcsc	3	8	79	71	0.3370253164556962	0.12639764308358553
chr17:44352772	wtdmso	mtcsc	6	9	84	69	0.5476190476190477	0.2915125640922742
chr17:44352801	wtdmso	mtcsc	20	20	69	60	0.8695652173913043	0.7204269014441871
chr17:44352813	wtdmso	mtcsc	3	2	88	77	1.3125	1.0
chr17:44352830	wtdmso	mtcsc	8	3	78	75	2.5641025641025643	0.2168392048222067
chr17:44352897	wtdmso	mtcsc	1	3	84	69	0.27380952380952384	0.3334645629693914
chr17:44353018	wtdmso	mtcsc	5	4	75	64	1.0666666666666667	1.0
chr17:47823640	wtdmso	mtcsc	6	10	17	13	0.4588235294117647	0.35341251265354245
chr17:47823646	wtdmso	mtcsc	3	4	10	21	1.575	0.6716278972470924
chr17:47823652	wtdmso	mtcsc	1	10	11	17	0.15454545454545454	0.12188991217288914
chr17:47824124	wtdmso	mtcsc	3	2	8	13	2.4375	0.6195652173913044
chr17:4796267	wtdmso	mtcsc	2	6	27	44	0.5432098765432098	0.7032460689748523
chr17:4796727	wtdmso	mtcsc	1	4	28	37	0.33035714285714285	0.39484164853481957
chr17:4796776	wtdmso	mtcsc	1	1	29	43	1.4827586206896552	1.0
chr17:4796784	wtdmso	mtcsc	2	3	33	51	1.0303030303030303	1.0
chr17:4797459	wtdmso	mtcsc	6	9	26	40	1.0256410256410255	1.0
chr17:4797687	wtdmso	mtcsc	14	15	23	44	1.7855072463768116	0.2543987796820983
chr17:4797791	wtdmso	mtcsc	2	5	36	54	0.6	0.7011232312582814
chr17:4798119	wtdmso	mtcsc	1	2	34	50	0.7352941176470589	1.0
chr17:48928652	wtdmso	mtcsc	4	6	6	25	2.7777777777777777	0.222065082920818
chr17:48928743	wtdmso	mtcsc	1	5	9	24	0.5333333333333333	1.0
chr17:48928916	wtdmso	mtcsc	1	5	9	25	0.5555555555555556	1.0
chr17:4945703	wtdmso	mtcsc	30	49	294	366	0.7621824239900041	0.28234062089509404
chr17:4945745	wtdmso	mtcsc	1	3	276	355	0.428743961352657	0.6359948125854497
chr17:4945749	wtdmso	mtcsc	6	13	268	349	0.6010332950631458	0.35394125866056353
chr17:4945780	wtdmso	mtcsc	1	3	255	328	0.4287581699346405	0.635943407948681
chr17:4945899	wtdmso	mtcsc	23	32	272	332	0.8772977941176471	0.6734207415099172
chr17:4946632	wtdmso	mtcsc	2	4	264	323	0.6117424242424242	0.6958403264954685
chr17:4946636	wtdmso	mtcsc	1	1	271	343	1.2656826568265682	1.0
chr17:4946725	wtdmso	mtcsc	30	49	268	351	0.801858056655498	0.39935125319731646
chr17:4946759	wtdmso	mtcsc	2	2	283	370	1.3074204946996466	1.0
chr17:4946788	wtdmso	mtcsc	1	1	302	375	1.2417218543046358	1.0
chr17:4948314	wtdmso	mtcsc	26	32	270	350	1.0532407407407407	0.8903268113378298
chr17:4948348	wtdmso	mtcsc	14	21	249	312	0.8353413654618473	0.7263448420415426
chr17:50072076	wtdmso	mtcsc	3	2	11	8	1.0909090909090908	1.0
chr17:50072158	wtdmso	mtcsc	2	3	13	7	0.358974358974359	0.35770750988142286
chr17:50074166	wtdmso	mtcsc	5	2	24	19	1.9791666666666667	0.6837461105037423
chr17:50074225	wtdmso	mtcsc	4	1	25	9	1.44	1.0
chr17:50075502	wtdmso	mtcsc	1	2	27	21	0.3888888888888889	0.5825210084033614
chr17:50075628	wtdmso	mtcsc	2	4	25	22	0.44	0.42028698271761533
chr17:50076326	wtdmso	mtcsc	3	2	20	18	1.35	1.0
chr17:50076338	wtdmso	mtcsc	3	4	11	16	1.0909090909090908	1.0
chr17:50076368	wtdmso	mtcsc	10	8	19	17	1.118421052631579	1.0
chr17:50076464	wtdmso	mtcsc	1	1	32	28	0.875	1.0
chr17:50076611	wtdmso	mtcsc	1	2	31	27	0.43548387096774194	0.6003334259516531
chr17:50077026	wtdmso	mtcsc	2	7	33	21	0.18181818181818182	0.06548187876020634
chr17:50077034	wtdmso	mtcsc	2	2	29	28	0.9655172413793104	1.0
chr17:50077402	wtdmso	mtcsc	1	1	34	27	0.7941176470588235	1.0
chr17:50077424	wtdmso	mtcsc	5	2	27	26	2.4074074074074074	0.43201183448499575
chr17:50078081	wtdmso	mtcsc	1	1	36	32	0.8888888888888888	1.0
chr17:50078097	wtdmso	mtcsc	1	1	38	30	0.7894736842105263	1.0
chr17:50078220	wtdmso	mtcsc	10	3	26	30	3.8461538461538463	0.06581619488721632
chr17:50078884	wtdmso	mtcsc	3	5	42	31	0.44285714285714284	0.45592053899848695
chr17:50079111	wtdmso	mtcsc	3	6	46	32	0.34782608695652173	0.17050545541842524
chr17:50079435	wtdmso	mtcsc	1	1	42	29	0.6904761904761905	1.0
chr17:50079444	wtdmso	mtcsc	5	3	32	27	1.40625	0.722498789993482
chr17:50079548	wtdmso	mtcsc	5	3	51	35	1.1437908496732025	1.0
chr17:50080336	wtdmso	mtcsc	10	10	47	34	0.723404255319149	0.6167159074753841
chr17:50080358	wtdmso	mtcsc	11	5	41	34	1.824390243902439	0.40682004272343075
chr17:50081366	wtdmso	mtcsc	15	7	44	34	1.655844155844156	0.46213269920859645
chr17:50087759	wtdmso	mtcsc	3	5	61	38	0.3737704918032787	0.26305273214333896
chr17:50089113	wtdmso	mtcsc	17	8	69	46	1.4166666666666667	0.5046262286694188
chr17:50089232	wtdmso	mtcsc	5	3	85	59	1.1568627450980393	1.0
chr17:50089244	wtdmso	mtcsc	2	2	83	54	0.6506024096385542	0.6494231072126573
chr17:50089251	wtdmso	mtcsc	3	3	71	47	0.6619718309859155	0.684352347790164
chr17:50089337	wtdmso	mtcsc	12	1	72	52	8.666666666666666	0.016391892594809894
chr17:50089459	wtdmso	mtcsc	43	35	49	24	0.6017492711370263	0.13773871563060924
chr17:50089524	wtdmso	mtcsc	82	55	13	7	0.8027972027972028	0.807847414609334
chr17:50089644	wtdmso	mtcsc	13	6	81	55	1.47119341563786	0.6174057309022277
chr17:50089695	wtdmso	mtcsc	58	28	60	43	1.4845238095238096	0.2283621340162637
chr17:50089709	wtdmso	mtcsc	3	4	122	68	0.4180327868852459	0.2613403294235816
chr17:50089716	wtdmso	mtcsc	7	1	108	65	4.212962962962963	0.26126920456565617
chr17:50089818	wtdmso	mtcsc	35	24	94	51	0.7912234042553191	0.5224453537853253
chr17:50089849	wtdmso	mtcsc	12	7	121	69	0.9775678866587958	1.0
chr17:50089862	wtdmso	mtcsc	22	15	111	58	0.7663663663663663	0.5695529203227574
chr17:50089917	wtdmso	mtcsc	57	37	71	36	0.7811191473163304	0.46287592952910117
chr17:50089922	wtdmso	mtcsc	56	35	89	42	0.755056179775281	0.3898211414082702
chr17:50089948	wtdmso	mtcsc	5	4	147	81	0.6887755102040817	0.7253564334583628
chr17:50089954	wtdmso	mtcsc	23	16	127	70	0.7923228346456693	0.5856111950779574
chr17:50090025	wtdmso	mtcsc	33	21	107	68	0.9986648865153538	1.0
chr17:50090036	wtdmso	mtcsc	72	39	80	51	1.176923076923077	0.5942590968190609
chr17:50090040	wtdmso	mtcsc	12	9	108	62	0.7654320987654321	0.6345957792152096
chr17:50090117	wtdmso	mtcsc	6	5	147	83	0.6775510204081633	0.5360866720151742
chr17:50090127	wtdmso	mtcsc	7	4	149	87	1.0218120805369129	1.0
chr17:50090193	wtdmso	mtcsc	1	2	147	85	0.2891156462585034	0.5568202412143605
chr17:50090204	wtdmso	mtcsc	7	7	142	81	0.5704225352112676	0.3934431205109745
chr17:50090343	wtdmso	mtcsc	1	1	123	72	0.5853658536585366	1.0
chr17:5024502	wtdmso	mtcsc	2	2	8	20	2.5	0.5717463848720801
chr17:50381553	wtdmso	mtcsc	6	5	9	8	1.0666666666666667	1.0
chr17:50381577	wtdmso	mtcsc	1	3	15	11	0.24444444444444444	0.3154533844189017
chr17:50381590	wtdmso	mtcsc	6	3	7	9	2.5714285714285716	0.4109839816933638
chr17:50381689	wtdmso	mtcsc	1	1	14	13	0.9285714285714286	1.0
chr17:50381908	wtdmso	mtcsc	3	3	12	11	0.9166666666666666	1.0
chr17:50382001	wtdmso	mtcsc	2	2	14	12	0.8571428571428571	1.0
chr17:50382082	wtdmso	mtcsc	1	2	13	10	0.38461538461538464	0.5800000000000001
chr17:50382233	wtdmso	mtcsc	1	1	11	13	1.1818181818181819	1.0
chr17:50382272	wtdmso	mtcsc	6	5	10	8	0.96	1.0
chr17:50382347	wtdmso	mtcsc	1	1	14	12	0.8571428571428571	1.0
chr17:50382440	wtdmso	mtcsc	1	2	13	12	0.46153846153846156	1.0
chr17:50382495	wtdmso	mtcsc	1	1	11	10	0.9090909090909091	1.0
chr17:50382572	wtdmso	mtcsc	2	2	13	12	0.9230769230769231	1.0
chr17:50382837	wtdmso	mtcsc	7	9	4	8	1.5555555555555556	0.70465293668955
chr17:50383069	wtdmso	mtcsc	1	4	11	11	0.25	0.3418803418803419
chr17:50385235	wtdmso	mtcsc	1	5	10	10	0.2	0.1973244147157191
chr17:51155651	wtdmso	mtcsc	1	1	11	26	2.3636363636363638	0.5263157894736843
chr17:51160002	wtdmso	mtcsc	1	1	19	24	1.263157894736842	1.0
chr17:51161237	wtdmso	mtcsc	1	1	22	27	1.2272727272727273	1.0
chr17:51161729	wtdmso	mtcsc	5	2	18	17	2.361111111111111	0.4275074793367477
chr17:51161799	wtdmso	mtcsc	7	6	15	23	1.788888888888889	0.5181544895628083
chr17:51161828	wtdmso	mtcsc	3	13	9	16	0.41025641025641024	0.3054031407160145
chr17:51161937	wtdmso	mtcsc	1	4	9	15	0.4166666666666667	0.6328154604016673
chr17:51166827	wtdmso	mtcsc	6	9	127	168	0.8818897637795275	1.0
chr17:51168252	wtdmso	mtcsc	13	13	166	202	1.216867469879518	0.6861437141171273
chr17:51168275	wtdmso	mtcsc	1	2	188	225	0.598404255319149	1.0
chr17:51168320	wtdmso	mtcsc	53	79	149	159	0.7159119870869085	0.11853348998126731
chr17:51169963	wtdmso	mtcsc	10	10	188	225	1.196808510638298	0.8191299066929061
chr17:51169987	wtdmso	mtcsc	2	1	198	229	2.313131313131313	0.5997373632670309
chr17:51170027	wtdmso	mtcsc	9	11	190	233	1.0033492822966508	1.0
chr17:51171488	wtdmso	mtcsc	6	12	207	240	0.5797101449275363	0.339224476320909
chr17:51171558	wtdmso	mtcsc	30	53	179	191	0.6039843997048593	0.05111341168577651
chr17:51171566	wtdmso	mtcsc	3	7	208	243	0.5006868131868132	0.35614306619804836
chr17:51171587	wtdmso	mtcsc	45	41	151	197	1.4319172993054434	0.1475314809160903
chr17:51171611	wtdmso	mtcsc	10	8	130	160	1.5384615384615385	0.4664051361588823
chr17:51171654	wtdmso	mtcsc	11	13	145	176	1.0270557029177718	1.0
chr17:51171675	wtdmso	mtcsc	15	16	161	209	1.217003105590062	0.7069498769990085
chr17:5432963	wtdmso	mtcsc	5	2	45	37	2.0555555555555554	0.4605680081754584
chr17:5433042	wtdmso	mtcsc	2	2	47	33	0.7021276595744681	1.0
chr17:5433153	wtdmso	mtcsc	2	3	48	37	0.5138888888888888	0.6521443770121494
chr17:5433296	wtdmso	mtcsc	9	6	36	29	1.2083333333333333	0.7815671779478384
chr17:5433690	wtdmso	mtcsc	12	6	35	33	1.8857142857142857	0.2953631728767886
chr17:5433757	wtdmso	mtcsc	2	1	45	36	1.6	1.0
chr17:5433761	wtdmso	mtcsc	21	21	27	16	0.5925925925925926	0.27756865172700457
chr17:5434878	wtdmso	mtcsc	1	2	49	38	0.3877551020408163	0.5829077289751448
chr17:5434905	wtdmso	mtcsc	3	1	47	41	2.617021276595745	0.6225245199353648
chr17:5438159	wtdmso	mtcsc	2	4	44	38	0.4318181818181818	0.41917227852871
chr17:5438169	wtdmso	mtcsc	16	19	28	22	0.6616541353383458	0.3845210190949039
chr17:64499818	wtdmso	mtcsc	4	1	25	17	2.72	0.6355383101935606
chr17:64500001	wtdmso	mtcsc	2	1	28	15	1.0714285714285714	1.0
chr17:64500089	wtdmso	mtcsc	6	3	23	12	1.0434782608695652	1.0
chr17:64500179	wtdmso	mtcsc	2	1	26	15	1.1538461538461537	1.0
chr17:64500238	wtdmso	mtcsc	1	1	25	14	0.56	1.0
chr17:64500695	wtdmso	mtcsc	3	3	20	10	0.5	0.6453984819734344
chr17:64500739	wtdmso	mtcsc	1	2	21	11	0.2619047619047619	0.5411764705882353
chr17:64502196	wtdmso	mtcsc	1	2	22	12	0.2727272727272727	0.5441441441441441
chr17:64502990	wtdmso	mtcsc	2	1	8	11	2.75	0.5714285714285713
chr17:64503544	wtdmso	mtcsc	3	1	7	10	4.285714285714286	0.31077694235588976
chr17:7014158	wtdmso	mtcsc	6	5	40	62	1.86	0.35030144364130966
chr17:7014330	wtdmso	mtcsc	8	16	32	46	0.71875	0.6339240788838287
chr17:7014387	wtdmso	mtcsc	16	26	22	35	0.9790209790209791	1.0
chr17:7014408	wtdmso	mtcsc	14	30	32	37	0.5395833333333333	0.1692538406183064
chr17:7222016	wtdmso	mtcsc	1	4	9	14	0.3888888888888889	0.6263736263736266
chr17:7224356	wtdmso	mtcsc	3	7	14	28	0.8571428571428571	1.0
chr17:7224645	wtdmso	mtcsc	1	5	14	35	0.5	1.0
chr17:7224867	wtdmso	mtcsc	4	5	13	36	2.2153846153846155	0.4257526468326729
chr17:7224999	wtdmso	mtcsc	1	3	14	36	0.8571428571428571	1.0
chr17:7240477	wtdmso	mtcsc	10	20	45	76	0.8444444444444444	0.8327929566855752
chr17:7240531	wtdmso	mtcsc	12	27	29	49	0.7509578544061303	0.5426561629381043
chr17:7240550	wtdmso	mtcsc	7	12	35	68	1.1333333333333333	0.7983366480330902
chr17:7240667	wtdmso	mtcsc	1	5	60	96	0.32	0.4107917884467387
chr17:7240743	wtdmso	mtcsc	6	8	44	63	1.0738636363636365	1.0
chr17:7240787	wtdmso	mtcsc	4	3	44	78	2.3636363636363638	0.42293596925253973
chr17:7240916	wtdmso	mtcsc	4	2	43	79	3.6744186046511627	0.19128020238618873
chr17:7242250	wtdmso	mtcsc	2	5	42	71	0.6761904761904762	1.0
chr17:7243807	wtdmso	mtcsc	2	7	20	21	0.3	0.26628014542951184
chr17:7243881	wtdmso	mtcsc	4	2	29	45	3.103448275862069	0.2237417911868278
chr17:7243894	wtdmso	mtcsc	14	15	12	22	1.711111111111111	0.3180616751022324
chr17:7243944	wtdmso	mtcsc	6	5	25	38	1.824	0.5095996450209272
chr17:7243950	wtdmso	mtcsc	3	3	26	40	1.5384615384615385	0.6793086905087689
chr17:7244019	wtdmso	mtcsc	13	9	14	15	1.5476190476190477	0.573040540702124
chr17:7244094	wtdmso	mtcsc	8	17	21	26	0.5826330532212886	0.3251735122585863
chr17:7244184	wtdmso	mtcsc	2	2	23	21	0.9130434782608695	1.0
chr17:7244209	wtdmso	mtcsc	1	1	27	46	1.7037037037037037	1.0
chr17:7244601	wtdmso	mtcsc	2	4	26	41	0.7884615384615384	1.0
chr17:7246102	wtdmso	mtcsc	6	6	20	35	1.75	0.5152031743031392
chr17:7246293	wtdmso	mtcsc	4	1	22	40	7.2727272727272725	0.07027901617453858
chr17:7247076	wtdmso	mtcsc	3	5	8	20	1.5	0.6781100278450275
chr17:7247327	wtdmso	mtcsc	1	4	21	32	0.38095238095238093	0.6400483968542046
chr17:7309645	wtdmso	mtcsc	3	2	39	65	2.5	0.3713990254978608
chr17:7309651	wtdmso	mtcsc	3	8	39	61	0.5865384615384616	0.5293360700324438
chr17:7309776	wtdmso	mtcsc	2	1	36	57	3.1666666666666665	0.5603723404255319
chr17:7311114	wtdmso	mtcsc	1	5	35	48	0.2742857142857143	0.39470459439734024
chr17:7311389	wtdmso	mtcsc	1	7	40	55	0.19642857142857142	0.14105212771032977
chr17:7311410	wtdmso	mtcsc	7	8	37	62	1.4662162162162162	0.5730252305745485
chr17:7311431	wtdmso	mtcsc	1	2	44	62	0.7045454545454546	1.0
chr17:7311598	wtdmso	mtcsc	2	3	36	54	1.0	1.0
chr17:7311852	wtdmso	mtcsc	1	7	42	55	0.1870748299319728	0.13700518840959097
chr17:7311908	wtdmso	mtcsc	13	15	33	47	1.2343434343434343	0.6622528078274184
chr17:7312256	wtdmso	mtcsc	1	5	37	54	0.2918918918918919	0.3986884057458283
chr17:7312331	wtdmso	mtcsc	1	2	32	36	0.5625	1.0
chr17:7312425	wtdmso	mtcsc	1	1	49	67	1.3673469387755102	1.0
chr17:7312436	wtdmso	mtcsc	2	2	29	60	2.0689655172413794	0.5984498593194245
chr17:74204154	wtdmso	mtcsc	9	13	267	372	0.9645635263612792	1.0
chr17:74209210	wtdmso	mtcsc	9	9	249	362	1.4538152610441768	0.47157718969187856
chr17:74209267	wtdmso	mtcsc	6	10	281	371	0.7921708185053381	0.8001226479857484
chr17:74209286	wtdmso	mtcsc	12	16	277	388	1.0505415162454874	1.0
chr17:74209819	wtdmso	mtcsc	27	37	262	377	1.0500309469775118	0.8943200709132966
chr17:74209829	wtdmso	mtcsc	22	48	268	351	0.6002798507462687	0.073141231250186
chr17:74209834	wtdmso	mtcsc	4	1	221	288	5.212669683257919	0.1734870805618598
chr17:74209848	wtdmso	mtcsc	71	87	199	297	1.2179864841448622	0.3078064021610596
chr17:75038884	wtdmso	mtcsc	2	4	14	27	0.9642857142857143	1.0
chr17:75039046	wtdmso	mtcsc	1	3	29	32	0.367816091954023	0.6177109181141439
chr17:75042582	wtdmso	mtcsc	2	4	24	25	0.5208333333333334	0.6722833215619008
chr17:75042615	wtdmso	mtcsc	2	1	18	16	1.7777777777777777	1.0
chr17:75136030	wtdmso	mtcsc	3	8	12	20	0.625	0.7190171456874883
chr17:75136049	wtdmso	mtcsc	10	17	4	10	1.4705882352941178	0.7337405508837419
chr17:75136095	wtdmso	mtcsc	4	3	12	25	2.7777777777777777	0.2357253159713082
chr17:75147595	wtdmso	mtcsc	3	5	14	26	1.1142857142857143	1.0
chr17:75147609	wtdmso	mtcsc	3	9	13	20	0.5128205128205128	0.49133588737486544
chr17:75147625	wtdmso	mtcsc	2	3	14	27	1.2857142857142858	1.0
chr17:75167881	wtdmso	mtcsc	3	2	23	31	2.0217391304347827	0.6458123684430245
chr17:75168241	wtdmso	mtcsc	6	4	21	37	2.642857142857143	0.17900030610159307
chr17:75168268	wtdmso	mtcsc	1	2	30	41	0.6833333333333333	1.0
chr17:75168310	wtdmso	mtcsc	7	5	26	38	2.046153846153846	0.3445345159141491
chr17:75168330	wtdmso	mtcsc	5	5	29	43	1.4827586206896552	0.73397424543699
chr17:75181168	wtdmso	mtcsc	1	3	29	42	0.4827586206896552	0.6456867826730839
chr17:75182884	wtdmso	mtcsc	1	1	12	35	2.9166666666666665	0.46428571428571436
chr17:75731279	wtdmso	mtcsc	1	1	9	23	2.5555555555555554	0.5080213903743314
chr17:75736113	wtdmso	mtcsc	3	9	7	24	1.1428571428571428	1.0
chr17:75736586	wtdmso	mtcsc	6	8	19	29	1.144736842105263	1.0
chr17:75737537	wtdmso	mtcsc	1	3	24	30	0.4166666666666667	0.6266528389940368
chr17:75739972	wtdmso	mtcsc	1	2	27	35	0.6481481481481481	1.0
chr17:75740459	wtdmso	mtcsc	1	4	34	41	0.3014705882352941	0.37925998052580334
chr17:75742345	wtdmso	mtcsc	4	6	31	45	0.967741935483871	1.0
chr17:75742360	wtdmso	mtcsc	1	1	26	42	1.6153846153846154	1.0
chr17:75742427	wtdmso	mtcsc	2	2	30	40	1.3333333333333333	1.0
chr17:75743763	wtdmso	mtcsc	3	3	41	58	1.4146341463414633	0.6932447013662275
chr17:7574549	wtdmso	mtcsc	16	15	66	80	1.292929292929293	0.5560009169072614
chr17:7574585	wtdmso	mtcsc	5	9	64	74	0.6423611111111112	0.5765328790218118
chr17:75748841	wtdmso	mtcsc	3	1	41	63	4.609756097560975	0.3020552910519407
chr17:75749039	wtdmso	mtcsc	7	11	30	49	1.0393939393939393	1.0
chr17:75750114	wtdmso	mtcsc	19	31	25	32	0.7845161290322581	0.5609789332960786
chr17:75750119	wtdmso	mtcsc	1	1	42	59	1.4047619047619047	1.0
chr17:75750188	wtdmso	mtcsc	2	2	43	65	1.5116279069767442	1.0
chr17:75750701	wtdmso	mtcsc	6	4	41	69	2.524390243902439	0.18707902720864122
chr17:75750819	wtdmso	mtcsc	9	12	43	65	1.1337209302325582	0.8118778563991627
chr17:75751023	wtdmso	mtcsc	2	4	46	72	0.782608695652174	1.0
chr17:7575150	wtdmso	mtcsc	21	32	51	66	0.8492647058823529	0.7378439564783507
chr17:75752206	wtdmso	mtcsc	3	1	52	71	4.096153846153846	0.315324939221307
chr17:75752218	wtdmso	mtcsc	4	3	54	73	1.8024691358024691	0.46572198617548377
chr17:75752460	wtdmso	mtcsc	5	7	49	61	0.8892128279883382	1.0
chr17:75752493	wtdmso	mtcsc	3	4	67	90	1.007462686567164	1.0
chr17:75754599	wtdmso	mtcsc	8	14	55	71	0.7376623376623377	0.6422333624407478
chr17:75754640	wtdmso	mtcsc	4	3	63	92	1.947089947089947	0.44919121063355677
chr17:75754728	wtdmso	mtcsc	4	6	57	84	0.9824561403508771	1.0
chr17:75754742	wtdmso	mtcsc	8	8	53	73	1.3773584905660377	0.5983604920383654
chr17:75754753	wtdmso	mtcsc	13	20	62	79	0.8282258064516129	0.6987706254497528
chr17:75754782	wtdmso	mtcsc	2	5	61	83	0.5442622950819672	0.699741689124231
chr17:75755711	wtdmso	mtcsc	14	11	60	86	1.8242424242424242	0.1929253557311418
chr17:75756485	wtdmso	mtcsc	1	3	84	112	0.4444444444444444	0.6382257387537595
chr17:75756769	wtdmso	mtcsc	3	5	91	121	0.7978021978021979	1.0
chr17:75756834	wtdmso	mtcsc	2	1	109	129	2.36697247706422	0.5960281428497023
chr17:75756972	wtdmso	mtcsc	4	4	115	135	1.173913043478261	1.0
chr17:75756992	wtdmso	mtcsc	3	1	104	118	3.4038461538461537	0.3469627101604561
chr17:75757046	wtdmso	mtcsc	47	43	80	105	1.434593023255814	0.19733451160390067
chr17:75757200	wtdmso	mtcsc	10	6	107	131	2.040498442367601	0.20140161909907386
chr17:75757423	wtdmso	mtcsc	5	18	96	113	0.3269675925925926	0.02801673541060627
chr17:75757474	wtdmso	mtcsc	5	8	129	143	0.6928294573643411	0.5813470161537884
chr17:75757495	wtdmso	mtcsc	3	7	88	111	0.5405844155844156	0.5188734877187927
chr17:75757501	wtdmso	mtcsc	12	12	115	138	1.2	0.6751145602130759
chr17:75757513	wtdmso	mtcsc	10	18	106	124	0.649895178197065	0.32190212705793875
chr17:75757532	wtdmso	mtcsc	21	17	85	110	1.5986159169550174	0.21440133303827377
chr17:75757549	wtdmso	mtcsc	4	6	119	147	0.8235294117647058	1.0
chr17:75757554	wtdmso	mtcsc	6	14	102	103	0.4327731092436975	0.10493365001832239
chr17:75757773	wtdmso	mtcsc	39	31	63	95	1.8970814132104454	0.0306821665577005
chr17:7576615	wtdmso	mtcsc	1	3	83	104	0.41767068273092367	0.6320475914080622
chr17:7577121	wtdmso	mtcsc	5	1	63	89	7.063492063492063	0.08509147610769746
chr17:7577407	wtdmso	mtcsc	2	4	89	107	0.601123595505618	0.692188989526467
chr17:7577581	wtdmso	mtcsc	4	5	65	69	0.8492307692307692	1.0
chr17:7577593	wtdmso	mtcsc	10	18	86	98	0.6330749354005168	0.313003619654317
chr17:7577604	wtdmso	mtcsc	2	3	85	95	0.7450980392156863	1.0
chr17:7577610	wtdmso	mtcsc	9	11	58	86	1.213166144200627	0.8090061423142516
chr17:7577656	wtdmso	mtcsc	23	23	73	86	1.178082191780822	0.7375114546212946
chr17:75777488	wtdmso	mtcsc	12	5	28	23	1.9714285714285715	0.3939050225894624
chr17:75777619	wtdmso	mtcsc	7	3	37	28	1.7657657657657657	0.5094432174754795
chr17:75777659	wtdmso	mtcsc	1	1	27	25	0.9259259259259259	1.0
chr17:75777734	wtdmso	mtcsc	2	1	43	34	1.5813953488372092	1.0
chr17:75777779	wtdmso	mtcsc	10	9	23	19	0.9178743961352657	1.0
chr17:75777792	wtdmso	mtcsc	2	1	41	33	1.6097560975609757	1.0
chr17:75777855	wtdmso	mtcsc	6	7	28	22	0.673469387755102	0.5499264709872421
chr17:75778146	wtdmso	mtcsc	4	3	45	34	1.0074074074074073	1.0
chr17:75778214	wtdmso	mtcsc	5	5	36	26	0.7222222222222222	0.7361512493301721
chr17:75778254	wtdmso	mtcsc	7	5	44	37	1.1772727272727272	1.0
chr17:75778264	wtdmso	mtcsc	7	5	52	52	1.4	0.7622788365044777
chr17:75778328	wtdmso	mtcsc	5	1	80	71	4.4375	0.21948338123870437
chr17:75778401	wtdmso	mtcsc	2	3	82	70	0.5691056910569106	0.664062499339696
chr17:75778446	wtdmso	mtcsc	33	20	52	51	1.6182692307692308	0.17789279034617345
chr17:75778531	wtdmso	mtcsc	8	7	77	64	0.9499072356215214	1.0
chr17:75778955	wtdmso	mtcsc	3	7	63	62	0.4217687074829932	0.32611777237656836
chr17:7577908	wtdmso	mtcsc	6	9	89	99	0.7415730337078652	0.7890488848769113
chr17:75779155	wtdmso	mtcsc	1	1	64	70	1.09375	1.0
chr17:75779164	wtdmso	mtcsc	9	19	62	55	0.4202037351443124	0.05883870869625167
chr17:7578210	wtdmso	mtcsc	7	11	51	74	0.9233511586452763	1.0
chr17:7578231	wtdmso	mtcsc	7	13	94	113	0.6472995090016367	0.4814700211675432
chr17:7578393	wtdmso	mtcsc	3	1	82	112	4.097560975609756	0.3159282905475798
chr17:7578411	wtdmso	mtcsc	10	15	97	113	0.7766323024054983	0.6722881149857631
chr17:7578475	wtdmso	mtcsc	4	2	83	104	2.5060240963855422	0.4118396425852112
chr17:7578577	wtdmso	mtcsc	5	4	86	109	1.5843023255813953	0.5162077888123897
chr17:7578633	wtdmso	mtcsc	6	8	35	33	0.7071428571428572	0.7701168009726185
chr17:7578640	wtdmso	mtcsc	5	3	40	36	1.5	0.7188910008666961
chr17:7578803	wtdmso	mtcsc	8	5	36	32	1.4222222222222223	0.7626768928805232
chr17:7578830	wtdmso	mtcsc	1	1	13	12	0.9230769230769231	1.0
chr17:7578848	wtdmso	mtcsc	2	2	39	34	0.8717948717948718	1.0
chr17:7578970	wtdmso	mtcsc	2	6	38	30	0.2631578947368421	0.13955952445999337
chr17:7578992	wtdmso	mtcsc	2	2	35	29	0.8285714285714286	1.0
chr17:7580068	wtdmso	mtcsc	6	3	16	9	1.125	1.0
chr17:7580235	wtdmso	mtcsc	1	2	21	11	0.2619047619047619	0.5411764705882353
chr17:7580487	wtdmso	mtcsc	2	2	11	10	0.9090909090909091	1.0
chr17:7580711	wtdmso	mtcsc	3	2	21	11	0.7857142857142857	1.0
chr17:7581395	wtdmso	mtcsc	6	4	10	9	1.35	1.0
chr17:7581598	wtdmso	mtcsc	2	2	25	9	0.36	0.5641129851656167
chr17:7581629	wtdmso	mtcsc	5	2	14	10	1.7857142857142858	0.675719460369071
chr17:7581836	wtdmso	mtcsc	6	3	25	25	2.0	0.4770428265622918
chr17:7581845	wtdmso	mtcsc	5	3	20	8	0.6666666666666666	0.6781100278450274
chr17:7581933	wtdmso	mtcsc	4	3	28	26	1.2380952380952381	1.0
chr17:7582007	wtdmso	mtcsc	8	5	7	6	1.3714285714285714	1.0
chr17:76039273	wtdmso	mtcsc	3	6	9	14	0.7777777777777778	1.0
chr17:76039322	wtdmso	mtcsc	9	8	4	3	0.84375	1.0
chr17:76039671	wtdmso	mtcsc	4	9	10	13	0.5777777777777777	0.5013292547274748
chr17:76387585	wtdmso	mtcsc	1	1	10	26	2.6	0.5007112375533429
chr17:76679856	wtdmso	mtcsc	12	7	30	16	0.9142857142857143	1.0
chr17:76680080	wtdmso	mtcsc	1	1	41	26	0.6341463414634146	1.0
chr17:76680268	wtdmso	mtcsc	2	2	32	8	0.25	0.21756745806660724
chr17:76680290	wtdmso	mtcsc	3	2	33	13	0.5909090909090909	0.6238601823708209
chr17:76680361	wtdmso	mtcsc	2	1	10	9	1.8	1.0
chr17:76680448	wtdmso	mtcsc	2	1	32	15	0.9375	1.0
chr17:76680683	wtdmso	mtcsc	1	1	11	10	0.9090909090909091	1.0
chr17:76680713	wtdmso	mtcsc	13	5	9	7	2.022222222222222	0.4753977849784785
chr17:76680877	wtdmso	mtcsc	5	5	17	8	0.47058823529411764	0.4437072938185286
chr17:77492690	wtdmso	mtcsc	1	1	10	9	0.9	1.0
chr17:77498536	wtdmso	mtcsc	7	2	16	9	1.96875	0.6824431620855753
chr17:77498914	wtdmso	mtcsc	1	1	27	17	0.6296296296296297	1.0
chr17:77499210	wtdmso	mtcsc	5	2	28	30	2.6785714285714284	0.42664985287936097
chr17:77499458	wtdmso	mtcsc	2	3	34	35	0.6862745098039216	1.0
chr17:77499706	wtdmso	mtcsc	5	4	37	36	1.2162162162162162	1.0
chr17:77499817	wtdmso	mtcsc	3	5	38	44	0.6947368421052632	0.7231950179424087
chr17:77499871	wtdmso	mtcsc	10	15	38	39	0.6842105263157895	0.4924058337270759
chr17:77499978	wtdmso	mtcsc	5	9	38	45	0.6578947368421053	0.569116484108248
chr17:77500076	wtdmso	mtcsc	9	10	41	50	1.0975609756097562	1.0
chr17:77500211	wtdmso	mtcsc	3	6	41	52	0.6341463414634146	0.7284217985557377
chr17:77500238	wtdmso	mtcsc	2	3	49	58	0.7891156462585034	1.0
chr17:77500263	wtdmso	mtcsc	4	3	39	47	1.606837606837607	0.6999951901397516
chr17:77500300	wtdmso	mtcsc	1	1	49	59	1.2040816326530612	1.0
chr17:77500449	wtdmso	mtcsc	3	4	40	48	0.9	1.0
chr17:77500539	wtdmso	mtcsc	2	1	48	54	2.25	0.6039155019737544
chr17:78172327	wtdmso	mtcsc	6	4	5	6	1.8	0.6699214098594903
chr17:7857061	wtdmso	mtcsc	3	8	8	7	0.328125	0.24629492529277164
chr17:7930551	wtdmso	mtcsc	2	1	8	26	6.5	0.17181467181467178
chr17:7931046	wtdmso	mtcsc	1	2	9	24	1.3333333333333333	1.0
chr17:799416	wtdmso	mtcsc	3	2	7	9	1.9285714285714286	0.6351172047766475
chr17:80119801	wtdmso	mtcsc	12	9	23	14	0.8115942028985508	0.7834444937242462
chr17:80119820	wtdmso	mtcsc	15	1	19	12	9.473684210526315	0.03589062280545747
chr17:81510029	wtdmso	mtcsc	45	62	330	403	0.8863636363636364	0.6034728710606361
chr17:81510063	wtdmso	mtcsc	9	9	322	408	1.2670807453416149	0.6386326033400253
chr17:81510184	wtdmso	mtcsc	28	47	313	365	0.6947182380531575	0.17846902811222431
chr17:81510221	wtdmso	mtcsc	44	62	307	385	0.8899863402332668	0.6008942752979693
chr17:81510274	wtdmso	mtcsc	84	97	305	370	1.050532364373838	0.8011124302529198
chr17:81510381	wtdmso	mtcsc	4	1	325	410	5.046153846153846	0.17734336652397478
chr17:81510490	wtdmso	mtcsc	52	72	281	343	0.8815737445630684	0.5538005559488484
chr17:81510507	wtdmso	mtcsc	26	28	279	363	1.2081413210445469	0.568449385143756
chr17:81510524	wtdmso	mtcsc	67	91	240	300	0.9203296703296703	0.7156095508273077
chr17:81510592	wtdmso	mtcsc	47	61	257	317	0.9503731581297442	0.8335271715726547
chr17:81510684	wtdmso	mtcsc	163	199	55	75	1.116948378254911	0.6082957603533441
chr17:81511035	wtdmso	mtcsc	4	2	216	312	2.888888888888889	0.2354164408647244
chr17:81511047	wtdmso	mtcsc	6	6	196	275	1.403061224489796	0.5683151923671764
chr17:81511081	wtdmso	mtcsc	1	2	229	309	0.6746724890829694	1.0
chr17:81511324	wtdmso	mtcsc	6	12	186	262	0.7043010752688172	0.6273808531932702
chr17:81511433	wtdmso	mtcsc	2	4	189	266	0.7037037037037037	1.0
chr17:81511438	wtdmso	mtcsc	4	10	180	236	0.5244444444444445	0.4112489152375303
chr17:81511453	wtdmso	mtcsc	6	9	168	234	0.9285714285714286	1.0
chr17:81511528	wtdmso	mtcsc	154	225	14	17	0.8311111111111111	0.7049000106516943
chr17:81511613	wtdmso	mtcsc	6	4	160	243	2.278125	0.20994960921014844
chr17:81511907	wtdmso	mtcsc	13	20	154	215	0.9074675324675324	0.8552788366100552
chr17:81511933	wtdmso	mtcsc	9	12	160	227	1.0640625	1.0
chr17:81511949	wtdmso	mtcsc	10	14	159	229	1.0287511230907458	1.0
chr17:81512069	wtdmso	mtcsc	6	8	146	204	1.047945205479452	1.0
chr17:81512113	wtdmso	mtcsc	17	17	150	207	1.38	0.3716011099692611
chr17:81512237	wtdmso	mtcsc	2	4	151	208	0.6887417218543046	1.0
chr17:81512322	wtdmso	mtcsc	1	3	151	202	0.445916114790287	0.639416387872081
chr17:81703471	wtdmso	mtcsc	2	1	11	9	1.6363636363636365	1.0
chr17:81706962	wtdmso	mtcsc	2	1	15	24	3.2	0.5557491289198606
chr17:81706981	wtdmso	mtcsc	3	1	13	12	2.769230769230769	0.6059113300492611
chr17:81707011	wtdmso	mtcsc	2	5	17	20	0.47058823529411764	0.6801234783367511
chr17:81707255	wtdmso	mtcsc	8	6	9	8	1.1851851851851851	1.0
chr17:81707395	wtdmso	mtcsc	2	10	10	11	0.22	0.13300217137089027
chr17:81843194	wtdmso	mtcsc	38	34	56	63	1.2573529411764706	0.4591572575397277
chr17:81843232	wtdmso	mtcsc	2	1	99	93	1.878787878787879	1.0
chr17:81843282	wtdmso	mtcsc	28	28	87	94	1.0804597701149425	0.8786772856399002
chr17:81843295	wtdmso	mtcsc	21	16	97	101	1.3666237113402062	0.4742971577859699
chr17:81843341	wtdmso	mtcsc	4	8	114	113	0.4956140350877193	0.3757003966809308
chr17:81843476	wtdmso	mtcsc	23	17	89	89	1.3529411764705883	0.48424244276421624
chr17:81843512	wtdmso	mtcsc	9	10	91	89	0.8802197802197802	0.8142977929603797
chr17:81843548	wtdmso	mtcsc	30	29	74	76	1.0624417520969245	0.8786856504375892
chr17:81843553	wtdmso	mtcsc	84	81	18	17	0.9794238683127572	1.0
chr17:81843639	wtdmso	mtcsc	9	10	83	75	0.8132530120481928	0.8089276697050644
chr17:81843877	wtdmso	mtcsc	12	11	61	53	0.9478390461997019	1.0
chr17:81843891	wtdmso	mtcsc	8	7	73	69	1.0802348336594911	1.0
chr17:81843980	wtdmso	mtcsc	1	1	66	58	0.8787878787878788	1.0
chr17:81844017	wtdmso	mtcsc	56	55	22	14	0.6479338842975206	0.3371924388822182
chr17:81844081	wtdmso	mtcsc	8	6	64	56	1.1666666666666667	1.0
chr17:81845642	wtdmso	mtcsc	7	10	15	18	0.84	1.0
chr17:81845663	wtdmso	mtcsc	5	1	41	38	4.634146341463414	0.2116678094491788
chr17:81845672	wtdmso	mtcsc	13	5	28	27	2.507142857142857	0.1712419511565012
chr17:81845692	wtdmso	mtcsc	2	2	23	25	1.0869565217391304	1.0
chr17:81845920	wtdmso	mtcsc	1	2	42	35	0.4166666666666667	0.5933422590068158
chr17:81845959	wtdmso	mtcsc	8	3	33	31	2.505050505050505	0.3259527927225435
chr17:81846988	wtdmso	mtcsc	3	1	16	12	2.25	0.6290878754171303
chr17:81847001	wtdmso	mtcsc	9	6	15	19	1.9	0.36350159344088934
chr17:81847291	wtdmso	mtcsc	1	1	21	22	1.0476190476190477	1.0
chr17:81855265	wtdmso	mtcsc	5	1	13	10	3.8461538461538463	0.3622584312239485
chr17:81855558	wtdmso	mtcsc	8	5	15	18	1.92	0.5136330885621867
chr17:81867859	wtdmso	mtcsc	11	5	25	37	3.256	0.052355708392747585
chr17:81867870	wtdmso	mtcsc	2	1	34	42	2.4705882352941178	0.5889174117022218
chr17:81868140	wtdmso	mtcsc	1	2	17	35	1.0294117647058822	1.0
chr17:81868258	wtdmso	mtcsc	1	8	31	32	0.12903225806451613	0.03739933275193468
chr17:81868266	wtdmso	mtcsc	1	5	28	34	0.24285714285714285	0.22901119402985076
chr17:81868274	wtdmso	mtcsc	5	16	26	21	0.25240384615384615	0.019314962961168858
chr17:81868327	wtdmso	mtcsc	2	1	29	40	2.7586206896551726	0.5737759892689469
chr17:81868849	wtdmso	mtcsc	1	2	22	28	0.6363636363636364	1.0
chr17:81868879	wtdmso	mtcsc	14	15	8	11	1.2833333333333334	0.7710797051392613
chr17:81868888	wtdmso	mtcsc	12	8	10	17	2.55	0.14756387773376875
chr17:81869062	wtdmso	mtcsc	3	1	17	25	4.411764705882353	0.3029383828170482
chr17:81894541	wtdmso	mtcsc	9	9	6	29	4.833333333333333	0.022386516092869298
chr17:81894583	wtdmso	mtcsc	3	4	11	31	2.1136363636363638	0.3915553356424213
chr17:81900101	wtdmso	mtcsc	2	5	12	33	1.1	1.0
chr17:81900137	wtdmso	mtcsc	1	2	14	34	1.2142857142857142	1.0
chr17:81900231	wtdmso	mtcsc	2	2	12	32	2.6666666666666665	0.5694521533559462
chr17:82036975	wtdmso	mtcsc	2	1	13	10	1.5384615384615385	1.0
chr17:82235992	wtdmso	mtcsc	2	1	51	51	2.0	1.0
chr17:82236227	wtdmso	mtcsc	1	4	49	46	0.23469387755102042	0.3621784858898261
chr17:82236752	wtdmso	mtcsc	14	12	44	44	1.1666666666666667	0.8246113358347262
chr17:82237182	wtdmso	mtcsc	10	11	45	46	0.9292929292929293	1.0
chr17:82237284	wtdmso	mtcsc	2	5	53	56	0.4226415094339623	0.44313062512601264
chr17:82237443	wtdmso	mtcsc	13	23	48	43	0.5063405797101449	0.11552872334491701
chr17:82237533	wtdmso	mtcsc	37	31	25	32	1.527741935483871	0.282824004030552
chr17:82237695	wtdmso	mtcsc	5	9	54	55	0.565843621399177	0.4014147077979707
chr17:82238881	wtdmso	mtcsc	39	53	52	38	0.5377358490566038	0.05363845198091755
chr17:82238893	wtdmso	mtcsc	54	57	31	31	0.9473684210526315	0.8754025245524564
chr17:82239047	wtdmso	mtcsc	42	52	59	39	0.5338983050847458	0.04272157401001488
chr17:82239052	wtdmso	mtcsc	72	72	17	7	0.4117647058823529	0.0769444940451545
chr17:82239146	wtdmso	mtcsc	7	9	115	108	0.7304347826086957	0.6108904999979001
chr17:82239263	wtdmso	mtcsc	20	28	50	49	0.7	0.3794089443485569
chr17:82239285	wtdmso	mtcsc	1	2	109	110	0.5045871559633027	1.0
chr17:82239293	wtdmso	mtcsc	35	32	81	81	1.09375	0.7733628640055532
chr17:82239322	wtdmso	mtcsc	1	1	111	109	0.9819819819819819	1.0
chr17:82239420	wtdmso	mtcsc	13	6	84	84	2.1666666666666665	0.15082251796495447
chr17:82239453	wtdmso	mtcsc	1	3	113	113	0.3333333333333333	0.6217609603139489
chr17:82244562	wtdmso	mtcsc	3	15	9	18	0.4	0.30816463365646873
chr17:82244751	wtdmso	mtcsc	1	1	9	25	2.7777777777777777	0.4841269841269842
chr17:82244777	wtdmso	mtcsc	1	5	10	22	0.44	0.6503580094911364
chr17:8377533	wtdmso	mtcsc	5	7	262	407	1.109596510359869	1.0
chr17:8377586	wtdmso	mtcsc	1	1	362	548	1.5138121546961325	1.0
chr17:8377660	wtdmso	mtcsc	2	1	343	495	2.8862973760932946	0.5712639696403845
chr17:8377666	wtdmso	mtcsc	4	11	326	471	0.5253764640267707	0.30242597148778305
chr17:8377671	wtdmso	mtcsc	26	29	344	541	1.4099839615076182	0.255067745593878
chr17:8379924	wtdmso	mtcsc	7	9	365	531	1.1315068493150684	0.8030897737702974
chr17:8382193	wtdmso	mtcsc	5	2	327	484	3.7003058103975537	0.12675560870295943
chr17:8382288	wtdmso	mtcsc	10	17	301	476	0.9302325581395349	1.0
chr18:23899401	wtdmso	mtcsc	2	1	9	9	2.0	1.0
chr18:23904620	wtdmso	mtcsc	5	2	10	13	3.25	0.38984674329501917
chr18:23905521	wtdmso	mtcsc	1	1	24	16	0.6666666666666666	1.0
chr18:23905580	wtdmso	mtcsc	2	1	22	13	1.1818181818181819	1.0
chr18:23907596	wtdmso	mtcsc	3	2	14	11	1.1785714285714286	1.0
chr18:23907850	wtdmso	mtcsc	1	1	33	20	0.6060606060606061	1.0
chr18:23907872	wtdmso	mtcsc	2	3	35	17	0.3238095238095238	0.3319490836869189
chr18:23907886	wtdmso	mtcsc	5	1	29	20	3.4482758620689653	0.389517819706499
chr18:23907899	wtdmso	mtcsc	4	1	33	20	2.4242424242424243	0.6438981466204697
chr18:23907916	wtdmso	mtcsc	7	3	30	18	1.4	0.733346679345378
chr18:23909239	wtdmso	mtcsc	1	1	30	14	0.4666666666666667	1.0
chr18:23909261	wtdmso	mtcsc	3	1	33	23	2.090909090909091	0.6434218216493895
chr18:23914476	wtdmso	mtcsc	3	1	41	19	1.3902439024390243	1.0
chr18:23914489	wtdmso	mtcsc	20	13	31	12	0.5955334987593052	0.331345235362437
chr18:23914500	wtdmso	mtcsc	2	1	37	17	0.918918918918919	1.0
chr18:23914511	wtdmso	mtcsc	3	1	48	24	1.5	1.0
chr18:23914523	wtdmso	mtcsc	2	1	49	24	0.9795918367346939	1.0
chr18:23915340	wtdmso	mtcsc	3	2	49	22	0.673469387755102	0.6483108920023124
chr18:23916640	wtdmso	mtcsc	5	2	49	23	1.1734693877551021	1.0
chr18:23921471	wtdmso	mtcsc	4	2	71	43	1.2112676056338028	1.0
chr18:23928656	wtdmso	mtcsc	6	4	77	42	0.8181818181818182	0.7437012812645526
chr18:23928694	wtdmso	mtcsc	8	1	72	40	4.444444444444445	0.27034804767069487
chr18:23931068	wtdmso	mtcsc	12	7	77	42	0.935064935064935	1.0
chr18:23932179	wtdmso	mtcsc	3	1	79	52	1.9746835443037976	1.0
chr18:23932210	wtdmso	mtcsc	5	5	95	51	0.5368421052631579	0.4968834371943411
chr18:23933812	wtdmso	mtcsc	2	3	106	58	0.36477987421383645	0.3527213741789225
chr18:23933819	wtdmso	mtcsc	2	2	101	59	0.5841584158415841	0.6286561347748396
chr18:23939232	wtdmso	mtcsc	9	3	101	53	1.5742574257425743	0.7526434179026166
chr18:23939297	wtdmso	mtcsc	1	1	113	58	0.5132743362831859	1.0
chr18:23939331	wtdmso	mtcsc	2	1	93	55	1.1827956989247312	1.0
chr18:23943829	wtdmso	mtcsc	21	16	101	48	0.6237623762376238	0.24670957797093485
chr18:23943855	wtdmso	mtcsc	28	12	105	55	1.2222222222222223	0.7090139000435736
chr18:23943908	wtdmso	mtcsc	6	2	103	51	1.4854368932038835	1.0
chr18:23946190	wtdmso	mtcsc	62	23	94	56	1.6059204440333026	0.11640253043329277
chr18:23946222	wtdmso	mtcsc	7	4	150	79	0.9216666666666666	1.0
chr18:23949801	wtdmso	mtcsc	35	19	138	68	0.9077040427154843	0.748990753789208
chr18:23951699	wtdmso	mtcsc	4	4	73	48	0.6575342465753424	0.7135286956574449
chr18:23951716	wtdmso	mtcsc	1	3	208	96	0.15384615384615385	0.09938905449508263
chr18:23953020	wtdmso	mtcsc	91	47	118	51	0.8368193292463036	0.5384948751972778
chr18:23953050	wtdmso	mtcsc	19	7	156	76	1.3223443223443223	0.6605805496193397
chr18:23954640	wtdmso	mtcsc	11	10	194	88	0.49896907216494846	0.1471032479509739
chr18:23954742	wtdmso	mtcsc	37	17	138	68	1.0724637681159421	0.8719981848691545
chr18:23954753	wtdmso	mtcsc	25	10	182	93	1.2774725274725274	0.5744548651306223
chr18:23954787	wtdmso	mtcsc	16	9	207	93	0.7987117552334944	0.6552523759793656
chr18:3255913	wtdmso	mtcsc	2	5	37	16	0.17297297297297298	0.044823601296424216
chr18:3255922	wtdmso	mtcsc	1	2	38	22	0.2894736842105263	0.5521643877011407
chr18:3256064	wtdmso	mtcsc	6	4	30	15	0.75	0.7234435750833914
chr18:3256076	wtdmso	mtcsc	10	7	23	9	0.5590062111801242	0.5230719884499613
chr18:3256146	wtdmso	mtcsc	5	3	26	19	1.2179487179487178	1.0
chr18:3272925	wtdmso	mtcsc	1	4	44	54	0.3068181818181818	0.38310781392245447
chr18:3277329	wtdmso	mtcsc	4	3	41	46	1.4959349593495934	0.7062759639780298
chr18:3277863	wtdmso	mtcsc	3	2	50	68	2.04	0.6508944631513787
chr18:3277923	wtdmso	mtcsc	2	1	47	67	2.851063829787234	0.5708991658017144
chr18:3277932	wtdmso	mtcsc	9	9	53	70	1.320754716981132	0.6183549809551595
chr18:3277941	wtdmso	mtcsc	15	19	46	62	1.0640732265446224	1.0
chr18:3278015	wtdmso	mtcsc	1	5	53	69	0.26037735849056604	0.39994955722489844
chr18:46084280	wtdmso	mtcsc	3	3	58	69	1.1896551724137931	1.0
chr18:46084341	wtdmso	mtcsc	6	6	57	73	1.280701754385965	0.7658424946110294
chr18:46084589	wtdmso	mtcsc	5	1	48	69	7.1875	0.08352969219932144
chr18:46084634	wtdmso	mtcsc	1	1	59	75	1.271186440677966	1.0
chr18:46086119	wtdmso	mtcsc	2	6	59	65	0.3672316384180791	0.2855159863203436
chr18:46086139	wtdmso	mtcsc	8	5	56	70	2.0	0.25904488996435376
chr18:46086186	wtdmso	mtcsc	3	2	58	64	1.6551724137931034	0.6706123772294004
chr18:46087090	wtdmso	mtcsc	2	1	51	63	2.4705882352941178	0.5892515280821129
chr18:46087376	wtdmso	mtcsc	3	6	48	53	0.5520833333333334	0.5003124990756358
chr18:46088121	wtdmso	mtcsc	7	4	46	54	2.0543478260869565	0.3462294127068497
chr18:46088236	wtdmso	mtcsc	1	2	42	50	0.5952380952380952	1.0
chr18:46089577	wtdmso	mtcsc	1	1	40	44	1.1	1.0
chr18:46089591	wtdmso	mtcsc	11	13	33	37	0.9487179487179487	1.0
chr18:46089654	wtdmso	mtcsc	3	2	39	48	1.8461538461538463	0.6568404726685138
chr18:46089970	wtdmso	mtcsc	3	2	29	37	1.9137931034482758	0.6518451857075191
chr18:46089975	wtdmso	mtcsc	9	3	28	34	3.642857142857143	0.11229378625403141
chr18:46089982	wtdmso	mtcsc	6	4	31	36	1.7419354838709677	0.5074450602036604
chr18:46091779	wtdmso	mtcsc	2	1	31	22	1.4193548387096775	1.0
chr18:46091848	wtdmso	mtcsc	4	1	24	15	2.5	0.6380137162893827
chr18:46095087	wtdmso	mtcsc	6	6	29	30	1.0344827586206897	1.0
chr18:46098174	wtdmso	mtcsc	3	3	21	13	0.6190476190476191	0.6677973520078784
chr18:46098239	wtdmso	mtcsc	1	4	33	31	0.23484848484848486	0.3564784771793209
chr18:47156082	wtdmso	mtcsc	1	1	25	9	0.36	0.4841269841269841
chr18:47156154	wtdmso	mtcsc	2	2	28	9	0.32142857142857145	0.28838747901649053
chr18:47157467	wtdmso	mtcsc	2	1	28	9	0.6428571428571429	1.0
chr18:47176188	wtdmso	mtcsc	10	3	20	8	1.3333333333333333	1.0
chr18:49488536	wtdmso	mtcsc	14	5	534	490	2.5692883895131087	0.06759074057141093
chr18:49488551	wtdmso	mtcsc	6	8	514	462	0.6741245136186771	0.5923833416011348
chr18:49489403	wtdmso	mtcsc	5	2	454	428	2.356828193832599	0.45302897532700065
chr18:49489480	wtdmso	mtcsc	16	12	438	384	1.1689497716894977	0.7056129557113332
chr18:49489506	wtdmso	mtcsc	88	75	462	422	1.0717460317460317	0.7329577421231974
chr18:49490459	wtdmso	mtcsc	79	56	478	449	1.3251270173341303	0.14045388704681222
chr18:49490533	wtdmso	mtcsc	29	19	424	379	1.3643247269116188	0.3719131367770776
chr18:49490843	wtdmso	mtcsc	1	3	481	420	0.2910602910602911	0.3447963017330542
chr18:49490914	wtdmso	mtcsc	16	9	492	444	1.6043360433604337	0.3123190779684347
chr18:49490925	wtdmso	mtcsc	52	55	400	353	0.8343636363636364	0.4086037836661721
chr18:49491542	wtdmso	mtcsc	13	14	472	415	0.8164346246973365	0.696665779846979
chr18:49491551	wtdmso	mtcsc	13	7	474	403	1.578963230861965	0.3716866919661426
chr18:49491705	wtdmso	mtcsc	3	4	13	40	2.3076923076923075	0.37011539824299367
chr18:49491827	wtdmso	mtcsc	3	5	27	39	0.8666666666666667	1.0
chr18:63477038	wtdmso	mtcsc	2	1	44	23	1.0454545454545454	1.0
chr18:63484573	wtdmso	mtcsc	6	2	44	23	1.5681818181818181	0.7111533114983306
chr18:63484592	wtdmso	mtcsc	2	1	42	19	0.9047619047619048	1.0
chr18:63487013	wtdmso	mtcsc	2	1	45	23	1.0222222222222221	1.0
chr18:63487037	wtdmso	mtcsc	1	1	36	14	0.3888888888888889	0.49773755656108587
chr18:63492964	wtdmso	mtcsc	3	1	49	26	1.5918367346938775	1.0
chr18:63492976	wtdmso	mtcsc	1	1	46	23	0.5	1.0
chr18:63499147	wtdmso	mtcsc	7	3	55	30	1.2727272727272727	1.0
chr18:63503368	wtdmso	mtcsc	25	7	34	20	2.100840336134454	0.1588085865763454
chr18:63503492	wtdmso	mtcsc	1	2	72	30	0.20833333333333334	0.21960951669689532
chr18:63503521	wtdmso	mtcsc	13	9	63	26	0.5961199294532628	0.3130910966771238
chr18:63503572	wtdmso	mtcsc	16	6	44	26	1.5757575757575757	0.4518301101690458
chr18:63503645	wtdmso	mtcsc	8	2	46	23	2.0	0.49048739386983226
chr18:63503680	wtdmso	mtcsc	7	6	72	28	0.4537037037037037	0.2057201085197741
chr18:63503751	wtdmso	mtcsc	15	2	51	28	4.117647058823529	0.08224690626864467
chr18:63503930	wtdmso	mtcsc	1	1	44	22	0.5	1.0
chr18:63504138	wtdmso	mtcsc	5	2	49	27	1.3775510204081634	1.0
chr18:63504162	wtdmso	mtcsc	5	2	59	29	1.228813559322034	1.0
chr18:63504324	wtdmso	mtcsc	6	3	64	36	1.125	1.0
chr18:63504420	wtdmso	mtcsc	6	3	73	41	1.1232876712328768	1.0
chr18:63504666	wtdmso	mtcsc	7	2	92	46	1.75	0.7183272108397486
chr18:63504717	wtdmso	mtcsc	2	3	99	47	0.3164983164983165	0.33270307509162567
chr18:63504866	wtdmso	mtcsc	15	9	85	40	0.7843137254901961	0.6386734260356901
chr18:63504971	wtdmso	mtcsc	7	6	83	39	0.5481927710843374	0.35751047626555743
chr18:63504997	wtdmso	mtcsc	1	2	77	42	0.2727272727272727	0.29478390461997017
chr18:63505079	wtdmso	mtcsc	2	3	9	7	0.5185185185185185	0.6351172047766475
chr18:9954403	wtdmso	mtcsc	2	3	20	9	0.3	0.3192599620493358
chr18:9954801	wtdmso	mtcsc	4	4	6	7	1.1666666666666667	1.0
chr19:1010066	wtdmso	mtcsc	2	1	12	10	1.6666666666666667	1.0
chr19:10115083	wtdmso	mtcsc	1	6	17	59	0.5784313725490197	1.0
chr19:10115700	wtdmso	mtcsc	1	6	28	57	0.3392857142857143	0.4258043793268342
chr19:10115705	wtdmso	mtcsc	1	5	18	52	0.5777777777777777	1.0
chr19:10115766	wtdmso	mtcsc	1	2	31	60	0.967741935483871	1.0
chr19:10115777	wtdmso	mtcsc	4	4	26	63	2.423076923076923	0.24778253665963662
chr19:10116898	wtdmso	mtcsc	2	5	17	58	1.3647058823529412	0.6604293852865941
chr19:10116981	wtdmso	mtcsc	8	23	9	34	1.3140096618357489	0.7802923588201766
chr19:10116987	wtdmso	mtcsc	4	8	10	49	2.45	0.23551526932096734
chr19:10117168	wtdmso	mtcsc	2	7	16	51	0.9107142857142857	1.0
chr19:10117186	wtdmso	mtcsc	4	11	14	46	1.1948051948051948	0.74686764254082
chr19:10119119	wtdmso	mtcsc	3	4	10	40	3.0	0.3325047110314941
chr19:1036451	wtdmso	mtcsc	2	1	9	12	2.6666666666666665	0.5760869565217391
chr19:1036545	wtdmso	mtcsc	2	1	9	24	5.333333333333333	0.21568627450980388
chr19:1037645	wtdmso	mtcsc	2	3	8	20	1.6666666666666667	0.6269002595476457
chr19:1037678	wtdmso	mtcsc	3	2	7	23	4.928571428571429	0.12784321939919663
chr19:1037691	wtdmso	mtcsc	1	2	9	23	1.2777777777777777	1.0
chr19:1038201	wtdmso	mtcsc	2	2	9	22	2.4444444444444446	0.5747899159663865
chr19:1038709	wtdmso	mtcsc	1	3	18	38	0.7037037037037037	1.0
chr19:1038793	wtdmso	mtcsc	6	6	12	38	3.1666666666666665	0.08949503157345445
chr19:1038979	wtdmso	mtcsc	2	4	26	46	0.8846153846153846	1.0
chr19:10572882	wtdmso	mtcsc	1	2	33	72	1.0909090909090908	1.0
chr19:10572953	wtdmso	mtcsc	10	11	35	71	1.844155844155844	0.2194459372229579
chr19:10573040	wtdmso	mtcsc	7	9	34	66	1.5098039215686274	0.574269215361586
chr19:10579749	wtdmso	mtcsc	2	2	20	47	2.35	0.5828392348978784
chr19:10579788	wtdmso	mtcsc	1	1	18	43	2.388888888888889	0.5156169994879671
chr19:10581789	wtdmso	mtcsc	4	4	14	42	3.0	0.20583563451712406
chr19:1089920	wtdmso	mtcsc	1	1	9	10	1.1111111111111112	1.0
chr19:10923567	wtdmso	mtcsc	2	2	8	10	1.25	1.0
chr19:10924110	wtdmso	mtcsc	1	2	9	10	0.5555555555555556	1.0
chr19:1105243	wtdmso	mtcsc	1	1	70	126	1.8	1.0
chr19:1106255	wtdmso	mtcsc	26	52	63	93	0.7380952380952381	0.31995864270572527
chr19:1106552	wtdmso	mtcsc	3	18	54	74	0.22839506172839505	0.015508234967947822
chr19:1106770	wtdmso	mtcsc	2	5	72	125	0.6944444444444444	1.0
chr19:11345374	wtdmso	mtcsc	1	2	9	9	0.5	1.0
chr19:11450862	wtdmso	mtcsc	11	7	13	23	2.78021978021978	0.09290280239059429
chr19:1241882	wtdmso	mtcsc	4	4	33	69	2.090909090909091	0.4384224549544484
chr19:1244168	wtdmso	mtcsc	1	4	40	72	0.45	0.6559469300974654
chr19:1244177	wtdmso	mtcsc	2	7	40	69	0.4928571428571429	0.4880076820012807
chr19:1244327	wtdmso	mtcsc	5	12	42	69	0.6845238095238095	0.5962066977748217
chr19:1244754	wtdmso	mtcsc	3	8	45	73	0.6083333333333333	0.7456677125624709
chr19:1244783	wtdmso	mtcsc	13	24	20	34	0.9208333333333333	1.0
chr19:1244811	wtdmso	mtcsc	2	1	40	74	3.7	0.29237304424710736
chr19:12668198	wtdmso	mtcsc	5	5	30	29	0.9666666666666667	1.0
chr19:12668218	wtdmso	mtcsc	17	14	19	22	1.406015037593985	0.6344326729288154
chr19:12668265	wtdmso	mtcsc	4	6	30	32	0.7111111111111111	0.7395276666739317
chr19:12668330	wtdmso	mtcsc	1	3	35	32	0.3047619047619048	0.3570116350275566
chr19:12669170	wtdmso	mtcsc	3	3	36	33	0.9166666666666666	1.0
chr19:12669365	wtdmso	mtcsc	1	3	40	34	0.2833333333333333	0.34063129852603535
chr19:12730777	wtdmso	mtcsc	1	3	10	7	0.23333333333333334	0.3107769423558897
chr19:12730867	wtdmso	mtcsc	2	7	8	3	0.10714285714285714	0.06977851869492735
chr19:12730910	wtdmso	mtcsc	1	1	10	9	0.9	1.0
chr19:12730980	wtdmso	mtcsc	1	1	9	9	1.0	1.0
chr19:1278821	wtdmso	mtcsc	1	1	20	31	1.55	1.0
chr19:1278932	wtdmso	mtcsc	1	1	21	29	1.380952380952381	1.0
chr19:1279044	wtdmso	mtcsc	4	7	20	28	0.8	1.0
chr19:1279087	wtdmso	mtcsc	17	20	8	10	1.0625	1.0
chr19:1279093	wtdmso	mtcsc	12	17	14	16	0.8067226890756303	0.7947745256391849
chr19:1279122	wtdmso	mtcsc	4	6	20	25	0.8333333333333334	1.0
chr19:1279168	wtdmso	mtcsc	3	2	20	28	2.1	0.6420582746886854
chr19:1279180	wtdmso	mtcsc	2	1	20	24	2.4	0.5929694727104533
chr19:12796947	wtdmso	mtcsc	4	9	28	39	0.6190476190476191	0.5471447977412744
chr19:12796992	wtdmso	mtcsc	1	3	35	53	0.5047619047619047	1.0
chr19:12797135	wtdmso	mtcsc	1	1	37	62	1.6756756756756757	1.0
chr19:12800234	wtdmso	mtcsc	1	4	30	49	0.4083333333333333	0.6471532665699578
chr19:12800257	wtdmso	mtcsc	4	9	20	41	0.9111111111111111	1.0
chr19:12800939	wtdmso	mtcsc	12	9	23	46	2.6666666666666665	0.07288634354045688
chr19:12800981	wtdmso	mtcsc	6	9	27	44	1.0864197530864197	1.0
chr19:12801166	wtdmso	mtcsc	1	2	31	54	0.8709677419354839	1.0
chr19:12801220	wtdmso	mtcsc	3	11	32	48	0.4090909090909091	0.23901035689133526
chr19:12943734	wtdmso	mtcsc	1	3	14	57	1.3571428571428572	1.0
chr19:12943809	wtdmso	mtcsc	4	10	48	68	0.5666666666666667	0.4031852153688599
chr19:12943827	wtdmso	mtcsc	4	9	54	76	0.6255144032921811	0.5608919457853618
chr19:12943857	wtdmso	mtcsc	3	5	54	81	0.9	1.0
chr19:12943935	wtdmso	mtcsc	44	71	14	20	0.8853118712273642	0.8419444033549905
chr19:12943993	wtdmso	mtcsc	15	23	60	86	0.9347826086956522	1.0
chr19:12944001	wtdmso	mtcsc	12	30	57	80	0.5614035087719298	0.14942369674745698
chr19:12944109	wtdmso	mtcsc	5	10	49	81	0.826530612244898	1.0
chr19:12944389	wtdmso	mtcsc	20	26	69	98	1.0925306577480491	0.8663218155963417
chr19:12944449	wtdmso	mtcsc	19	34	72	87	0.6752450980392157	0.26372152442808944
chr19:13778052	wtdmso	mtcsc	1	4	24	32	0.3333333333333333	0.6399483825160146
chr19:13778083	wtdmso	mtcsc	10	10	19	30	1.5789473684210527	0.4299711000538985
chr19:13778249	wtdmso	mtcsc	10	13	13	23	1.3609467455621302	0.5955665427458955
chr19:13778290	wtdmso	mtcsc	1	2	26	35	0.6730769230769231	1.0
chr19:13778322	wtdmso	mtcsc	9	13	17	24	0.9773755656108597	1.0
chr19:13778350	wtdmso	mtcsc	3	3	22	36	1.6363636363636365	0.6708835211521889
chr19:1438833	wtdmso	mtcsc	2	16	191	302	0.19764397905759162	0.023181522679814666
chr19:1438864	wtdmso	mtcsc	2	8	199	316	0.3969849246231156	0.33079437903998343
chr19:1440065	wtdmso	mtcsc	43	70	204	330	0.9936974789915967	1.0
chr19:1440173	wtdmso	mtcsc	2	2	221	355	1.6063348416289593	0.6406635998964898
chr19:1440229	wtdmso	mtcsc	1	1	191	322	1.6858638743455496	1.0
chr19:1440488	wtdmso	mtcsc	9	13	26	63	1.6775147928994083	0.3130910966771238
chr19:14471755	wtdmso	mtcsc	1	8	9	33	0.4583333333333333	0.6674610678946231
chr19:14477783	wtdmso	mtcsc	4	7	6	16	1.5238095238095237	0.6959869940960042
chr19:14477899	wtdmso	mtcsc	1	3	10	19	0.6333333333333333	1.0
chr19:14478044	wtdmso	mtcsc	1	1	9	21	2.3333333333333335	0.5342741935483872
chr19:14564786	wtdmso	mtcsc	1	2	9	22	1.2222222222222223	1.0
chr19:14565108	wtdmso	mtcsc	1	3	10	19	0.6333333333333333	1.0
chr19:1598144	wtdmso	mtcsc	3	2	37	79	3.2027027027027026	0.33046197888036
chr19:1599482	wtdmso	mtcsc	5	3	42	84	3.3333333333333335	0.12812937919030534
chr19:1605362	wtdmso	mtcsc	6	14	39	79	0.8681318681318682	1.0
chr19:17516189	wtdmso	mtcsc	5	1	40	71	8.875	0.030730228021312332
chr19:17516257	wtdmso	mtcsc	3	1	48	71	4.4375	0.30600321854729184
chr19:17516276	wtdmso	mtcsc	1	1	50	78	1.56	1.0
chr19:17517300	wtdmso	mtcsc	3	2	35	64	2.742857142857143	0.35238138319828544
chr19:17517740	wtdmso	mtcsc	2	11	40	60	0.2727272727272727	0.12674116402010926
chr19:17517769	wtdmso	mtcsc	13	12	41	74	1.9552845528455285	0.1733504675484665
chr19:17517802	wtdmso	mtcsc	23	31	30	50	1.2365591397849462	0.5919938556348313
chr19:17520956	wtdmso	mtcsc	5	2	45	69	3.8333333333333335	0.1239007673911427
chr19:17521008	wtdmso	mtcsc	4	7	46	61	0.7577639751552795	0.7576318295964224
chr19:17521048	wtdmso	mtcsc	1	10	49	62	0.12653061224489795	0.026376679772665248
chr19:17521107	wtdmso	mtcsc	1	7	37	59	0.2277992277992278	0.25277998888574554
chr19:17521256	wtdmso	mtcsc	11	21	29	44	0.7947454844006568	0.6665168785884669
chr19:17862124	wtdmso	mtcsc	20	64	586	1084	0.5780716723549488	0.03446101326602498
chr19:17862148	wtdmso	mtcsc	49	99	507	970	0.9469447930986392	0.7860362417390307
chr19:17862190	wtdmso	mtcsc	15	22	588	1099	1.2743506493506493	0.4886085566494408
chr19:17862195	wtdmso	mtcsc	22	33	566	1077	1.2685512367491165	0.3910236033583004
chr19:17862923	wtdmso	mtcsc	3	4	307	658	1.6074918566775245	0.6859533271107496
chr19:17863297	wtdmso	mtcsc	20	46	400	796	0.8652173913043478	0.687789950600369
chr19:18306992	wtdmso	mtcsc	8	7	32	37	1.3214285714285714	0.7769022685985001
chr19:18307072	wtdmso	mtcsc	21	23	16	17	0.970108695652174	1.0
chr19:18307337	wtdmso	mtcsc	13	2	29	39	8.741379310344827	0.0032801056139546954
chr19:18307481	wtdmso	mtcsc	1	1	38	40	1.0526315789473684	1.0
chr19:18532009	wtdmso	mtcsc	18	22	54	59	0.8939393939393939	0.8543039562054542
chr19:18532130	wtdmso	mtcsc	6	9	51	53	0.6928104575163399	0.587707535246503
chr19:18532168	wtdmso	mtcsc	1	3	67	70	0.3482587064676617	0.6205546042880246
chr19:18532172	wtdmso	mtcsc	15	8	59	74	2.3516949152542375	0.07369605882289815
chr19:18533281	wtdmso	mtcsc	4	5	60	72	0.96	1.0
chr19:18537715	wtdmso	mtcsc	5	2	58	73	3.146551724137931	0.245799236881583
chr19:18538277	wtdmso	mtcsc	4	4	39	53	1.358974358974359	0.7223189861953315
chr19:18538361	wtdmso	mtcsc	4	5	55	65	0.9454545454545454	1.0
chr19:18538389	wtdmso	mtcsc	4	5	54	60	0.8888888888888888	1.0
chr19:18539566	wtdmso	mtcsc	13	18	36	36	0.7222222222222222	0.5217816776838442
chr19:18541686	wtdmso	mtcsc	2	1	38	43	2.263157894736842	0.6028714159774988
chr19:18541827	wtdmso	mtcsc	2	1	19	32	3.3684210526315788	0.5529753265602322
chr19:18541902	wtdmso	mtcsc	2	1	16	29	3.625	0.5472941720629048
chr19:18541952	wtdmso	mtcsc	4	4	12	23	1.9166666666666667	0.44327406488196996
chr19:18573298	wtdmso	mtcsc	2	6	318	483	0.5062893081761006	0.48944968512066944
chr19:18573361	wtdmso	mtcsc	59	109	262	369	0.7623433013516353	0.1564217107609212
chr19:18573394	wtdmso	mtcsc	2	5	300	439	0.5853333333333334	0.7072481755822518
chr19:18573673	wtdmso	mtcsc	85	127	240	332	0.9258530183727034	0.6833958256772164
chr19:18575228	wtdmso	mtcsc	43	70	195	278	0.8757509157509158	0.5943513834776732
chr19:18899642	wtdmso	mtcsc	2	3	50	45	0.6	0.6688853610797646
chr19:18899656	wtdmso	mtcsc	9	12	35	37	0.7928571428571428	0.8044795334061057
chr19:18899943	wtdmso	mtcsc	5	5	31	33	1.064516129032258	1.0
chr19:18904828	wtdmso	mtcsc	10	9	32	36	1.25	0.7964000815593799
chr19:18905584	wtdmso	mtcsc	1	1	40	41	1.025	1.0
chr19:18905593	wtdmso	mtcsc	2	3	31	30	0.6451612903225806	1.0
chr19:18905618	wtdmso	mtcsc	3	4	40	39	0.73125	1.0
chr19:18906971	wtdmso	mtcsc	5	3	26	26	1.6666666666666667	0.7079187342429394
chr19:18907007	wtdmso	mtcsc	7	4	26	28	1.8846153846153846	0.5105298030379558
chr19:18907059	wtdmso	mtcsc	1	3	40	42	0.35	0.617716517820353
chr19:18907088	wtdmso	mtcsc	2	1	15	13	1.7333333333333334	1.0
chr19:18910994	wtdmso	mtcsc	8	4	28	32	2.2857142857142856	0.34337537245028055
chr19:18919355	wtdmso	mtcsc	1	1	14	13	0.9285714285714286	1.0
chr19:19516308	wtdmso	mtcsc	7	14	40	58	0.725	0.6264862376376688
chr19:19516324	wtdmso	mtcsc	9	11	36	65	1.4772727272727273	0.4556019482526841
chr19:19526210	wtdmso	mtcsc	6	9	38	62	1.087719298245614	1.0
chr19:19526247	wtdmso	mtcsc	8	12	41	64	1.0406504065040652	1.0
chr19:19527297	wtdmso	mtcsc	2	5	47	71	0.6042553191489362	0.7035698067284606
chr19:19527701	wtdmso	mtcsc	7	6	41	74	2.105691056910569	0.23376321024741492
chr19:19527723	wtdmso	mtcsc	2	2	44	76	1.7272727272727273	0.6269691536874985
chr19:1985546	wtdmso	mtcsc	6	9	28	30	0.7142857142857143	0.7724134885781353
chr19:1985747	wtdmso	mtcsc	10	17	20	15	0.4411764705882353	0.13287241146257522
chr19:1986003	wtdmso	mtcsc	3	6	30	29	0.48333333333333334	0.4782706894280175
chr19:1986039	wtdmso	mtcsc	2	1	33	37	2.242424242424242	0.6043957810791691
chr19:1986195	wtdmso	mtcsc	4	9	21	21	0.4444444444444444	0.3405836936363522
chr19:1986229	wtdmso	mtcsc	3	3	29	38	1.3103448275862069	1.0
chr19:1986236	wtdmso	mtcsc	15	17	12	12	0.8823529411764706	1.0
chr19:1986249	wtdmso	mtcsc	5	5	20	35	1.75	0.48922543768558335
chr19:1987508	wtdmso	mtcsc	3	8	7	24	1.2857142857142858	1.0
chr19:2037565	wtdmso	mtcsc	11	7	26	6	0.3626373626373626	0.1797457148167511
chr19:2037758	wtdmso	mtcsc	8	1	29	15	4.137931034482759	0.2484299042726774
chr19:2037768	wtdmso	mtcsc	6	5	23	9	0.46956521739130436	0.4567664816624775
chr19:2271807	wtdmso	mtcsc	4	5	61	113	1.481967213114754	0.7228916670064587
chr19:2271875	wtdmso	mtcsc	10	18	55	101	1.02020202020202	1.0
chr19:2271883	wtdmso	mtcsc	11	28	51	92	0.7086834733893558	0.4487282786956467
chr19:2271950	wtdmso	mtcsc	3	6	54	83	0.7685185185185185	1.0
chr19:2272805	wtdmso	mtcsc	13	14	47	94	1.8571428571428572	0.18779010514299554
chr19:2272814	wtdmso	mtcsc	2	5	56	94	0.6714285714285714	1.0
chr19:2272985	wtdmso	mtcsc	10	23	51	86	0.7331628303495311	0.5463915995671609
chr19:2273170	wtdmso	mtcsc	5	17	57	98	0.5056759545923633	0.23818360625676155
chr19:2426947	wtdmso	mtcsc	1	2	9	26	1.4444444444444444	1.0
chr19:2427480	wtdmso	mtcsc	2	1	9	26	5.777777777777778	0.19559032716927457
chr19:29207493	wtdmso	mtcsc	4	11	27	26	0.3501683501683502	0.1425776002193155
chr19:29207537	wtdmso	mtcsc	21	26	6	10	1.3461538461538463	0.771825459784131
chr19:29207543	wtdmso	mtcsc	15	11	16	26	2.215909090909091	0.13808553687821376
chr19:29207782	wtdmso	mtcsc	10	12	6	18	2.5	0.21667414216771064
chr19:29207881	wtdmso	mtcsc	2	2	13	29	2.230769230769231	0.586818641419248
chr19:29208020	wtdmso	mtcsc	5	11	8	26	1.4772727272727273	0.7309892734852135
chr19:29208112	wtdmso	mtcsc	3	10	7	26	1.1142857142857143	1.0
chr19:3053303	wtdmso	mtcsc	4	1	39	57	5.846153846153846	0.16036731802782628
chr19:3053474	wtdmso	mtcsc	8	17	31	38	0.5768500948766604	0.3447835450028811
chr19:3053516	wtdmso	mtcsc	2	4	35	53	0.7571428571428571	1.0
chr19:3053711	wtdmso	mtcsc	1	2	37	53	0.7162162162162162	1.0
chr19:3053737	wtdmso	mtcsc	1	3	38	46	0.40350877192982454	0.6263048428527932
chr19:3053784	wtdmso	mtcsc	2	5	32	47	0.5875	0.6985003099307169
chr19:3053855	wtdmso	mtcsc	4	2	21	44	4.190476190476191	0.17512096282700595
chr19:3053876	wtdmso	mtcsc	1	1	19	38	2.0	1.0
chr19:3054132	wtdmso	mtcsc	7	2	9	9	3.5	0.2311212814645309
chr19:3056330	wtdmso	mtcsc	5	1	13	10	3.8461538461538463	0.3622584312239485
chr19:3150158	wtdmso	mtcsc	1	1	12	10	0.8333333333333334	1.0
chr19:3157728	wtdmso	mtcsc	5	2	19	8	1.0526315789473684	1.0
chr19:3162945	wtdmso	mtcsc	4	4	25	10	0.4	0.40380300293128313
chr19:3162975	wtdmso	mtcsc	7	5	21	10	0.6666666666666666	0.7234075027861213
chr19:3163082	wtdmso	mtcsc	2	2	28	12	0.42857142857142855	0.5812922188418501
chr19:3163187	wtdmso	mtcsc	8	7	15	5	0.38095238095238093	0.28248053392658506
chr19:3163313	wtdmso	mtcsc	14	10	16	13	1.1375	1.0
chr19:3163382	wtdmso	mtcsc	1	3	30	11	0.12222222222222222	0.0824524312896406
chr19:3163448	wtdmso	mtcsc	20	12	12	10	1.3888888888888888	0.5854753479536788
chr19:3163493	wtdmso	mtcsc	8	2	25	11	1.76	0.7002697016169994
chr19:3163501	wtdmso	mtcsc	16	6	17	10	1.5686274509803921	0.5492311425018006
chr19:3163516	wtdmso	mtcsc	4	3	29	22	1.0114942528735633	1.0
chr19:34365285	wtdmso	mtcsc	1	3	21	30	0.47619047619047616	0.6423802612481857
chr19:34365339	wtdmso	mtcsc	2	16	9	19	0.2638888888888889	0.15958799755012523
chr19:34365369	wtdmso	mtcsc	3	2	18	33	2.75	0.352322206095791
chr19:34366394	wtdmso	mtcsc	1	2	22	38	0.8636363636363636	1.0
chr19:34377518	wtdmso	mtcsc	2	8	24	35	0.3645833333333333	0.2993481045387343
chr19:34377736	wtdmso	mtcsc	7	7	20	38	1.9	0.3597119626964129
chr19:34377749	wtdmso	mtcsc	5	7	23	40	1.2422360248447204	0.7535391032903054
chr19:34377815	wtdmso	mtcsc	2	6	20	36	0.6	0.7040262595087026
chr19:34393285	wtdmso	mtcsc	10	8	22	40	2.272727272727273	0.17268393916767388
chr19:34394006	wtdmso	mtcsc	1	1	27	43	1.5925925925925926	1.0
chr19:34394028	wtdmso	mtcsc	1	3	31	42	0.45161290322580644	0.6371469213574477
chr19:34396352	wtdmso	mtcsc	3	1	28	53	5.678571428571429	0.1354193161249219
chr19:34396390	wtdmso	mtcsc	1	5	35	51	0.2914285714285714	0.39793499965661083
chr19:34396601	wtdmso	mtcsc	5	5	27	44	1.6296296296296295	0.5054681245622443
chr19:34399233	wtdmso	mtcsc	2	2	29	54	1.8620689655172413	0.6139440539648097
chr19:34399309	wtdmso	mtcsc	9	15	28	46	0.9857142857142858	1.0
chr19:34399760	wtdmso	mtcsc	1	3	44	60	0.45454545454545453	0.639217069299947
chr19:34399775	wtdmso	mtcsc	5	3	40	61	2.5416666666666665	0.2706558467513564
chr19:34399964	wtdmso	mtcsc	2	1	42	60	2.857142857142857	0.5704683665848714
chr19:34400065	wtdmso	mtcsc	15	17	22	39	1.5641711229946524	0.37463396617437905
chr19:34400120	wtdmso	mtcsc	3	3	28	46	1.6428571428571428	0.6721388538177342
chr19:34400155	wtdmso	mtcsc	4	4	34	58	1.7058823529411764	0.4744098744471633
chr19:34400264	wtdmso	mtcsc	3	4	40	63	1.18125	1.0
chr19:34400273	wtdmso	mtcsc	1	5	39	54	0.27692307692307694	0.39654659048009716
chr19:35116350	wtdmso	mtcsc	2	7	38	108	0.8120300751879699	1.0
chr19:35119374	wtdmso	mtcsc	2	4	41	114	1.3902439024390243	0.6582378719781952
chr19:35122764	wtdmso	mtcsc	8	11	37	116	2.2800982800982803	0.10327809197480116
chr19:35123286	wtdmso	mtcsc	1	4	47	137	0.7287234042553191	1.0
chr19:35123462	wtdmso	mtcsc	6	7	40	126	2.7	0.0998923817991095
chr19:35123488	wtdmso	mtcsc	1	4	43	119	0.6918604651162791	1.0
chr19:35123531	wtdmso	mtcsc	20	41	28	91	1.5853658536585367	0.21375379330086813
chr19:35123564	wtdmso	mtcsc	6	25	34	99	0.6988235294117647	0.6427459214243008
chr19:35154794	wtdmso	mtcsc	1	2	26	30	0.5769230769230769	1.0
chr19:35157421	wtdmso	mtcsc	1	1	32	38	1.1875	1.0
chr19:35158359	wtdmso	mtcsc	7	12	36	49	0.7939814814814815	0.7982705298552042
chr19:35160710	wtdmso	mtcsc	2	1	44	55	2.5	0.5874199184624344
chr19:35160731	wtdmso	mtcsc	7	3	43	58	3.147286821705426	0.11054694737777043
chr19:35160767	wtdmso	mtcsc	2	2	46	55	1.1956521739130435	1.0
chr19:35164217	wtdmso	mtcsc	3	2	42	49	1.75	0.6627064915055386
chr19:35166156	wtdmso	mtcsc	1	1	39	34	0.8717948717948718	1.0
chr19:35166254	wtdmso	mtcsc	24	30	20	24	0.96	1.0
chr19:35169636	wtdmso	mtcsc	1	2	47	56	0.5957446808510638	1.0
chr19:35169853	wtdmso	mtcsc	2	5	33	44	0.5333333333333333	0.6938360714102769
chr19:35279335	wtdmso	mtcsc	1	1	10	12	1.2	1.0
chr19:35279650	wtdmso	mtcsc	1	1	11	11	1.0	1.0
chr19:35545761	wtdmso	mtcsc	9	15	23	10	0.2608695652173913	0.029566300510633886
chr19:35546985	wtdmso	mtcsc	1	4	36	27	0.1875	0.16979962256795006
chr19:35651274	wtdmso	mtcsc	9	11	38	93	2.0023923444976077	0.19444452034885534
chr19:35651295	wtdmso	mtcsc	2	2	39	96	2.4615384615384617	0.5812454596966106
chr19:35651316	wtdmso	mtcsc	5	12	46	104	0.9420289855072463	1.0
chr19:35651328	wtdmso	mtcsc	1	3	45	105	0.7777777777777778	1.0
chr19:35651340	wtdmso	mtcsc	5	18	48	95	0.5497685185185185	0.33813814586466573
chr19:35654570	wtdmso	mtcsc	1	1	39	100	2.5641025641025643	0.4883485309017224
chr19:35658647	wtdmso	mtcsc	15	22	38	93	1.6686602870813396	0.2292757247427684
chr19:35658747	wtdmso	mtcsc	7	15	22	51	1.0818181818181818	1.0
chr19:35658765	wtdmso	mtcsc	1	1	28	74	2.642857142857143	0.48188946975354735
chr19:36140138	wtdmso	mtcsc	6	6	7	20	2.857142857142857	0.1634565817998046
chr19:36141024	wtdmso	mtcsc	2	3	14	45	2.142857142857143	0.5916748507970083
chr19:36142716	wtdmso	mtcsc	1	2	67	84	0.6268656716417911	1.0
chr19:36142931	wtdmso	mtcsc	20	23	48	64	1.1594202898550725	0.7199678457558012
chr19:36142939	wtdmso	mtcsc	3	7	65	80	0.5274725274725275	0.5143415046870792
chr19:36142959	wtdmso	mtcsc	10	15	42	56	0.8888888888888888	0.8249568310445844
chr19:36143077	wtdmso	mtcsc	2	2	62	79	1.2741935483870968	1.0
chr19:36145854	wtdmso	mtcsc	4	1	73	84	4.602739726027397	0.19182637521167237
chr19:36146011	wtdmso	mtcsc	2	4	80	90	0.5625	0.6865654564938443
chr19:36146028	wtdmso	mtcsc	7	12	79	86	0.6350210970464135	0.46829311873620694
chr19:36146258	wtdmso	mtcsc	4	3	82	103	1.6747967479674797	0.7024444640557022
chr19:36146270	wtdmso	mtcsc	1	1	81	102	1.2592592592592593	1.0
chr19:36149595	wtdmso	mtcsc	1	1	79	85	1.0759493670886076	1.0
chr19:36149611	wtdmso	mtcsc	2	6	80	107	0.44583333333333336	0.4715200111632555
chr19:36149625	wtdmso	mtcsc	22	28	67	88	1.0319829424307037	1.0
chr19:36149824	wtdmso	mtcsc	9	5	82	113	2.4804878048780488	0.16121090456857282
chr19:36149839	wtdmso	mtcsc	42	47	41	55	1.1987545407368967	0.5573224799760472
chr19:36149852	wtdmso	mtcsc	1	5	67	99	0.2955223880597015	0.4047196070151382
chr19:36149949	wtdmso	mtcsc	5	8	68	90	0.8272058823529411	1.0
chr19:36150042	wtdmso	mtcsc	25	37	61	76	0.8418254319893664	0.6440489848949591
chr19:36150254	wtdmso	mtcsc	1	2	98	116	0.5918367346938775	1.0
chr19:36150264	wtdmso	mtcsc	4	5	82	97	0.9463414634146341	1.0
chr19:38264677	wtdmso	mtcsc	3	1	61	57	2.80327868852459	0.6205966033615724
chr19:38264763	wtdmso	mtcsc	5	4	58	55	1.1853448275862069	1.0
chr19:38283757	wtdmso	mtcsc	8	3	64	60	2.5	0.2189030692079172
chr19:38287890	wtdmso	mtcsc	4	2	74	73	1.972972972972973	0.6815849767614945
chr19:38290193	wtdmso	mtcsc	15	10	69	67	1.4565217391304348	0.5142459567988829
chr19:38290205	wtdmso	mtcsc	5	4	79	70	1.1075949367088607	1.0
chr19:38290238	wtdmso	mtcsc	2	6	78	64	0.27350427350427353	0.14666074202077095
chr19:38291926	wtdmso	mtcsc	3	3	90	85	0.9444444444444444	1.0
chr19:38291968	wtdmso	mtcsc	3	1	86	81	2.8255813953488373	0.6218346074025995
chr19:38291989	wtdmso	mtcsc	8	7	74	76	1.1737451737451738	0.7934442610179959
chr19:38292005	wtdmso	mtcsc	22	17	50	48	1.2423529411764707	0.7048762031372111
chr19:38292025	wtdmso	mtcsc	44	44	37	34	0.918918918918919	0.8734892424067264
chr19:38292044	wtdmso	mtcsc	2	1	95	90	1.894736842105263	1.0
chr19:38292078	wtdmso	mtcsc	17	9	80	76	1.7944444444444445	0.20765069115603385
chr19:38304241	wtdmso	mtcsc	2	5	16	36	0.9	1.0
chr19:38304628	wtdmso	mtcsc	5	4	52	77	1.8509615384615385	0.48811242658336157
chr19:38374908	wtdmso	mtcsc	5	3	40	46	1.9166666666666667	0.473322418167502
chr19:38376198	wtdmso	mtcsc	1	2	41	47	0.573170731707317	1.0
chr19:38376207	wtdmso	mtcsc	1	3	42	49	0.3888888888888889	0.6238853228083785
chr19:38376354	wtdmso	mtcsc	1	5	40	44	0.22	0.21423034983935407
chr19:38379310	wtdmso	mtcsc	16	11	32	48	2.1818181818181817	0.11674089633136303
chr19:38380977	wtdmso	mtcsc	1	2	44	50	0.5681818181818182	1.0
chr19:38383338	wtdmso	mtcsc	10	15	31	47	1.010752688172043	1.0
chr19:38383468	wtdmso	mtcsc	19	24	13	17	1.0352564102564104	1.0
chr19:38620350	wtdmso	mtcsc	3	5	12	53	2.65	0.3483155954595676
chr19:38632451	wtdmso	mtcsc	1	1	14	59	4.214285714285714	0.3621621621621621
chr19:38632468	wtdmso	mtcsc	2	7	26	57	0.6263736263736264	0.717278122675212
chr19:38634992	wtdmso	mtcsc	9	24	8	30	1.40625	0.5865214271681989
chr19:38635091	wtdmso	mtcsc	2	8	26	55	0.5288461538461539	0.7179798535428008
chr19:38635109	wtdmso	mtcsc	1	5	27	59	0.43703703703703706	0.6631849864334746
chr19:38729274	wtdmso	mtcsc	1	1	13	11	0.8461538461538461	1.0
chr19:38729842	wtdmso	mtcsc	1	6	20	19	0.15833333333333333	0.10598251124527976
chr19:38729900	wtdmso	mtcsc	3	2	15	14	1.4	1.0
chr19:38730005	wtdmso	mtcsc	3	7	16	19	0.5089285714285714	0.48051284409764283
chr19:38730020	wtdmso	mtcsc	4	6	17	23	0.9019607843137255	1.0
chr19:38730087	wtdmso	mtcsc	2	1	32	30	1.875	1.0
chr19:38730111	wtdmso	mtcsc	3	2	29	28	1.4482758620689655	1.0
chr19:38730127	wtdmso	mtcsc	1	1	30	27	0.9	1.0
chr19:38730160	wtdmso	mtcsc	1	1	32	31	0.96875	1.0
chr19:38730184	wtdmso	mtcsc	2	3	31	31	0.6666666666666666	1.0
chr19:38730214	wtdmso	mtcsc	1	2	33	27	0.4090909090909091	0.5903150260633074
chr19:39433237	wtdmso	mtcsc	6	9	408	604	0.9869281045751634	1.0
chr19:39433254	wtdmso	mtcsc	35	59	491	718	0.8674790293071905	0.5856527844579291
chr19:39433261	wtdmso	mtcsc	108	132	403	636	1.2912249041281298	0.07964653804667512
chr19:39433345	wtdmso	mtcsc	24	32	518	752	1.0888030888030888	0.7822095188304798
chr19:39433361	wtdmso	mtcsc	16	29	456	692	0.837265577737447	0.6427762851314067
chr19:39433366	wtdmso	mtcsc	37	42	453	668	1.2990644381372858	0.28701701271400215
chr19:39433384	wtdmso	mtcsc	1	2	511	755	0.738747553816047	1.0
chr19:39433711	wtdmso	mtcsc	1	2	544	797	0.7325367647058824	1.0
chr19:39435704	wtdmso	mtcsc	4	3	500	759	2.024	0.44605954106286816
chr19:39488570	wtdmso	mtcsc	1	2	9	20	1.1111111111111112	1.0
chr19:39489820	wtdmso	mtcsc	5	11	5	12	1.0909090909090908	1.0
chr19:39489879	wtdmso	mtcsc	1	2	9	20	1.1111111111111112	1.0
chr19:3976162	wtdmso	mtcsc	76	133	519	824	0.9072391962565373	0.5417130375697419
chr19:3976241	wtdmso	mtcsc	5	6	595	959	1.3431372549019607	0.7575480422177197
chr19:3976255	wtdmso	mtcsc	25	40	492	808	1.0264227642276422	1.0
chr19:3976289	wtdmso	mtcsc	38	52	497	813	1.1954031883609348	0.43368265713578025
chr19:3976327	wtdmso	mtcsc	342	579	230	317	0.8141022752872269	0.0677663505707316
chr19:3976346	wtdmso	mtcsc	3	10	500	809	0.4854	0.3911565782032883
chr19:3976398	wtdmso	mtcsc	1	3	558	937	0.55973715651135	1.0
chr19:3976467	wtdmso	mtcsc	195	400	304	422	0.6767269736842105	0.0007606502293254928
chr19:3976519	wtdmso	mtcsc	153	330	342	491	0.6656299840510367	0.0007598130670986585
chr19:3976563	wtdmso	mtcsc	48	108	407	678	0.7403767403767404	0.11005534216726097
chr19:3976575	wtdmso	mtcsc	21	64	422	663	0.5155139218009479	0.010308795710090624
chr19:3976618	wtdmso	mtcsc	7	8	502	850	1.4815737051792828	0.43597074969692884
chr19:3976662	wtdmso	mtcsc	4	4	490	835	1.7040816326530612	0.478266894082895
chr19:3976686	wtdmso	mtcsc	7	8	465	800	1.5053763440860215	0.43156280622686827
chr19:3976734	wtdmso	mtcsc	27	45	344	626	1.091860465116279	0.7987801817514119
chr19:3977306	wtdmso	mtcsc	71	134	363	622	0.9078985239093788	0.5772434159816711
chr19:3977474	wtdmso	mtcsc	29	45	328	550	1.0806233062330624	0.8028255513185159
chr19:3977590	wtdmso	mtcsc	38	61	363	651	1.1171927923045657	0.6610596529764446
chr19:3977855	wtdmso	mtcsc	49	89	295	534	0.9966101694915255	1.0
chr19:3978038	wtdmso	mtcsc	7	19	275	528	0.7073684210526315	0.5313615148561368
chr19:3978164	wtdmso	mtcsc	27	73	289	510	0.6526994359387591	0.07582690046480559
chr19:3979350	wtdmso	mtcsc	14	41	318	588	0.6313851817763461	0.18810585906088273
chr19:3979362	wtdmso	mtcsc	22	28	283	574	1.5936395759717314	0.1238928992535849
chr19:3979865	wtdmso	mtcsc	22	68	250	463	0.5991764705882353	0.04525001292525643
chr19:3979874	wtdmso	mtcsc	19	47	274	525	0.774576797639385	0.41792025961136325
chr19:3979985	wtdmso	mtcsc	17	18	241	478	1.8732134624250807	0.07075726961464462
chr19:3980009	wtdmso	mtcsc	38	71	258	491	1.0185609782727372	0.9146387106941244
chr19:3980064	wtdmso	mtcsc	33	58	239	505	1.2022074736690231	0.4771722383679867
chr19:3980537	wtdmso	mtcsc	38	63	230	490	1.285024154589372	0.2588520922972253
chr19:3980693	wtdmso	mtcsc	67	146	175	361	0.9466536203522505	0.7952577070701274
chr19:3981350	wtdmso	mtcsc	1	1	224	498	2.2232142857142856	0.5252630613695238
chr19:3981363	wtdmso	mtcsc	25	42	197	452	1.365723954556442	0.2672409382072857
chr19:3981369	wtdmso	mtcsc	15	44	192	396	0.703125	0.3061483634241985
chr19:3981378	wtdmso	mtcsc	10	16	197	450	1.4276649746192893	0.391131084522472
chr19:3981383	wtdmso	mtcsc	23	50	203	449	1.0174384236453202	1.0
chr19:3981390	wtdmso	mtcsc	6	17	192	425	0.78125	0.818631152002836
chr19:3981395	wtdmso	mtcsc	4	8	208	458	1.1009615384615385	1.0
chr19:3981407	wtdmso	mtcsc	9	16	210	491	1.3151785714285715	0.5116778305030605
chr19:3981415	wtdmso	mtcsc	14	32	189	444	1.0277777777777777	1.0
chr19:3981959	wtdmso	mtcsc	3	9	192	421	0.7309027777777778	0.76221338333744
chr19:3982043	wtdmso	mtcsc	8	9	168	436	2.306878306878307	0.10105062575174124
chr19:3982248	wtdmso	mtcsc	6	11	195	457	1.2783216783216784	0.6016544237629653
chr19:3982272	wtdmso	mtcsc	8	15	184	456	1.3217391304347825	0.49370432323363556
chr19:3982889	wtdmso	mtcsc	2	2	180	420	2.3333333333333335	0.5877601205189101
chr19:3982936	wtdmso	mtcsc	2	13	147	340	0.35583464154892724	0.2502835374749997
chr19:3982945	wtdmso	mtcsc	18	32	166	403	1.3655873493975903	0.3339435184776402
chr19:3983120	wtdmso	mtcsc	21	37	160	384	1.3621621621621622	0.29369795922217745
chr19:3983163	wtdmso	mtcsc	24	29	152	378	2.058076225045372	0.017737758099405213
chr19:3983198	wtdmso	mtcsc	31	67	127	308	1.1221060054060406	0.626349486770917
chr19:3983249	wtdmso	mtcsc	24	70	139	346	0.8534429599177801	0.6166343984647112
chr19:3983255	wtdmso	mtcsc	8	18	150	386	1.1437037037037037	0.8235564264527953
chr19:39834467	wtdmso	mtcsc	4	1	11	23	8.363636363636363	0.062114746325272634
chr19:39834541	wtdmso	mtcsc	7	6	13	35	3.141025641025641	0.09711468630804201
chr19:39834739	wtdmso	mtcsc	5	4	16	37	2.890625	0.25139959356020486
chr19:39834799	wtdmso	mtcsc	2	2	18	37	2.0555555555555554	0.5983969274442682
chr19:39837770	wtdmso	mtcsc	4	5	16	35	1.75	0.4643879327888457
chr19:39840281	wtdmso	mtcsc	3	1	15	36	7.2	0.09749747108237673
chr19:3984267	wtdmso	mtcsc	5	22	132	322	0.5544077134986226	0.27944676027911336
chr19:3984345	wtdmso	mtcsc	57	124	84	247	1.3516705069124424	0.14815984050051903
chr19:40422547	wtdmso	mtcsc	1	3	9	20	0.7407407407407407	1.0
chr19:40422607	wtdmso	mtcsc	9	16	4	7	0.984375	1.0
chr19:40422712	wtdmso	mtcsc	2	5	10	22	0.88	1.0
chr19:40422764	wtdmso	mtcsc	2	3	9	19	1.4074074074074074	1.0
chr19:40422783	wtdmso	mtcsc	1	2	9	9	0.5	1.0
chr19:40422801	wtdmso	mtcsc	7	20	5	7	0.49	0.45534416960786817
chr19:40422899	wtdmso	mtcsc	7	15	4	13	1.5166666666666666	0.7245287556744731
chr19:40423406	wtdmso	mtcsc	1	2	9	10	0.5555555555555556	1.0
chr19:40447970	wtdmso	mtcsc	2	5	30	53	0.7066666666666667	1.0
chr19:40448031	wtdmso	mtcsc	9	9	24	55	2.2916666666666665	0.16678307442665485
chr19:40451441	wtdmso	mtcsc	10	13	20	45	1.7307692307692308	0.311040239219763
chr19:40451476	wtdmso	mtcsc	3	2	26	54	3.1153846153846154	0.3321732650352726
chr19:40458210	wtdmso	mtcsc	3	8	29	57	0.7370689655172413	1.0
chr19:40458439	wtdmso	mtcsc	2	4	29	51	0.8793103448275862	1.0
chr19:40458517	wtdmso	mtcsc	4	3	27	50	2.4691358024691357	0.4147851970699396
chr19:4090339	wtdmso	mtcsc	3	5	67	137	1.226865671641791	0.7209278811881112
chr19:4090521	wtdmso	mtcsc	8	9	66	127	1.7104377104377104	0.29979829056286944
chr19:4090565	wtdmso	mtcsc	3	8	65	118	0.6807692307692308	0.7499206926570934
chr19:4090597	wtdmso	mtcsc	8	6	77	140	2.4242424242424243	0.15064471606108418
chr19:4090631	wtdmso	mtcsc	9	29	65	111	0.529973474801061	0.13554717564903565
chr19:4094486	wtdmso	mtcsc	8	9	62	126	1.8064516129032258	0.2876141285277137
chr19:4097294	wtdmso	mtcsc	3	1	68	140	6.176470588235294	0.11039226919533962
chr19:4097302	wtdmso	mtcsc	14	28	66	111	0.8409090909090909	0.7227235342855638
chr19:4099373	wtdmso	mtcsc	2	4	51	105	1.0294117647058822	1.0
chr19:4101088	wtdmso	mtcsc	5	14	58	100	0.6157635467980296	0.4534511839238391
chr19:4101115	wtdmso	mtcsc	16	25	52	92	1.1323076923076922	0.7183189176155447
chr19:4102436	wtdmso	mtcsc	4	5	61	112	1.4688524590163934	0.7233775378416314
chr19:4110514	wtdmso	mtcsc	6	5	51	97	2.2823529411764705	0.20337351935986697
chr19:4110620	wtdmso	mtcsc	6	7	47	97	1.7689969604863223	0.36497928123868073
chr19:4117509	wtdmso	mtcsc	3	6	47	95	1.0106382978723405	1.0
chr19:4117523	wtdmso	mtcsc	25	49	32	58	0.9247448979591837	0.8698324339022943
chr19:4117586	wtdmso	mtcsc	5	8	51	94	1.1519607843137254	0.7725172479808404
chr19:41330962	wtdmso	mtcsc	5	4	42	63	1.875	0.48458957380274986
chr19:41332143	wtdmso	mtcsc	2	2	40	61	1.525	1.0
chr19:41332227	wtdmso	mtcsc	5	3	40	58	2.4166666666666665	0.27998343443262813
chr19:41332266	wtdmso	mtcsc	2	6	43	61	0.4728682170542636	0.47161212420967913
chr19:41341900	wtdmso	mtcsc	1	6	35	48	0.22857142857142856	0.2355499982388785
chr19:41341981	wtdmso	mtcsc	12	13	26	42	1.4911242603550297	0.47744626450786953
chr19:41342005	wtdmso	mtcsc	2	1	40	57	2.85	0.5706493506493505
chr19:41342177	wtdmso	mtcsc	5	4	33	51	1.9318181818181819	0.4787658936532224
chr19:41342204	wtdmso	mtcsc	3	4	34	52	1.1470588235294117	1.0
chr19:41348372	wtdmso	mtcsc	2	6	32	52	0.5416666666666666	0.7054241426652557
chr19:41348445	wtdmso	mtcsc	2	1	27	46	3.4074074074074074	0.554068278805121
chr19:41352762	wtdmso	mtcsc	4	9	32	44	0.6111111111111112	0.5488109317846571
chr19:41352941	wtdmso	mtcsc	4	6	11	33	2.0	0.43761308827721834
chr19:41352957	wtdmso	mtcsc	15	25	14	21	0.9	1.0
chr19:41353171	wtdmso	mtcsc	3	10	13	30	0.6923076923076923	0.7366763273942161
chr19:41353419	wtdmso	mtcsc	12	29	5	13	1.0758620689655172	1.0
chr19:41353543	wtdmso	mtcsc	2	10	11	25	0.45454545454545453	0.4686002060656983
chr19:41353551	wtdmso	mtcsc	10	22	6	16	1.2121212121212122	1.0
chr19:41353587	wtdmso	mtcsc	1	4	14	34	0.6071428571428571	1.0
chr19:41353623	wtdmso	mtcsc	9	19	4	14	1.6578947368421053	0.5223291476687304
chr19:41353632	wtdmso	mtcsc	3	7	12	33	1.1785714285714286	1.0
chr19:41860802	wtdmso	mtcsc	23	64	220	401	0.6550426136363636	0.11678330953862046
chr19:41861191	wtdmso	mtcsc	48	98	214	383	0.8765973679191302	0.562241559232604
chr19:41869083	wtdmso	mtcsc	12	12	241	467	1.937759336099585	0.12672974837696138
chr19:41869204	wtdmso	mtcsc	18	21	279	508	1.5606758832565284	0.1760352263269628
chr19:41869707	wtdmso	mtcsc	8	23	284	502	0.6148193508879363	0.2593858703087486
chr19:41869711	wtdmso	mtcsc	10	12	280	515	1.5327380952380953	0.36810023823517957
chr19:41869722	wtdmso	mtcsc	3	11	260	463	0.48566433566433564	0.39919285835561713
chr19:41869736	wtdmso	mtcsc	6	4	278	478	2.579136690647482	0.1858543098313492
chr19:41869749	wtdmso	mtcsc	8	10	253	450	1.4229249011857708	0.46548571890720936
chr19:41871378	wtdmso	mtcsc	5	8	263	483	1.1478136882129277	0.7779144337231167
chr19:41871382	wtdmso	mtcsc	2	3	269	488	1.2094175960346965	1.0
chr19:41956831	wtdmso	mtcsc	3	4	40	63	1.18125	1.0
chr19:41956854	wtdmso	mtcsc	1	6	35	47	0.22380952380952382	0.23390786224929178
chr19:41958855	wtdmso	mtcsc	2	1	35	52	2.9714285714285715	0.5660027238678924
chr19:41959275	wtdmso	mtcsc	4	6	33	49	0.98989898989899	1.0
chr19:4445092	wtdmso	mtcsc	1	1	28	20	0.7142857142857143	1.0
chr19:4445208	wtdmso	mtcsc	1	2	9	16	0.8888888888888888	1.0
chr19:4445212	wtdmso	mtcsc	1	6	12	17	0.2361111111111111	0.3822053552603837
chr19:4445233	wtdmso	mtcsc	4	6	25	20	0.5333333333333333	0.49012165721731915
chr19:4445270	wtdmso	mtcsc	3	4	13	18	1.0384615384615385	1.0
chr19:4445546	wtdmso	mtcsc	4	6	25	30	0.8	1.0
chr19:4445591	wtdmso	mtcsc	1	1	17	22	1.2941176470588236	1.0
chr19:4446073	wtdmso	mtcsc	4	3	13	18	1.8461538461538463	0.6775184275184275
chr19:4446558	wtdmso	mtcsc	6	10	5	6	0.72	0.7104440555779903
chr19:44812515	wtdmso	mtcsc	1	1	11	9	0.8181818181818182	1.0
chr19:44812534	wtdmso	mtcsc	2	2	13	8	0.6153846153846154	1.0
chr19:44814220	wtdmso	mtcsc	1	1	16	10	0.625	1.0
chr19:44814663	wtdmso	mtcsc	1	2	17	11	0.3235294117647059	0.5575083426028922
chr19:44818590	wtdmso	mtcsc	12	6	8	7	1.75	0.49284470667891866
chr19:44819072	wtdmso	mtcsc	1	2	19	23	0.6052631578947368	1.0
chr19:44820756	wtdmso	mtcsc	2	1	21	31	2.9523809523809526	0.5651610444063274
chr19:44820928	wtdmso	mtcsc	1	7	21	23	0.1564625850340136	0.11764622165666949
chr19:44820950	wtdmso	mtcsc	2	1	21	31	2.9523809523809526	0.5651610444063274
chr19:44820974	wtdmso	mtcsc	3	2	21	31	2.2142857142857144	0.6403587585315489
chr19:44821153	wtdmso	mtcsc	7	12	13	18	0.8076923076923077	0.7736823720851189
chr19:44821182	wtdmso	mtcsc	1	9	22	23	0.11616161616161616	0.03351007821218226
chr19:44821207	wtdmso	mtcsc	4	2	19	29	3.0526315789473686	0.3835448064082914
chr19:44821378	wtdmso	mtcsc	3	7	14	24	0.7346938775510204	1.0
chr19:45687529	wtdmso	mtcsc	19	26	29	59	1.486737400530504	0.3416453709238084
chr19:45687574	wtdmso	mtcsc	5	4	48	86	2.2395833333333335	0.29168638876158975
chr19:45687598	wtdmso	mtcsc	3	4	49	88	1.346938775510204	0.7031689601869602
chr19:45687686	wtdmso	mtcsc	20	31	33	56	1.0948191593352883	0.8571561586811858
chr19:45691893	wtdmso	mtcsc	2	3	51	89	1.1633986928104576	1.0
chr19:4657557	wtdmso	mtcsc	3	1	13	23	5.3076923076923075	0.28324762008972537
chr19:4657601	wtdmso	mtcsc	12	17	24	28	0.8235294117647058	0.816181878986164
chr19:4657617	wtdmso	mtcsc	9	8	28	30	1.2053571428571428	0.7879078841391288
chr19:4657643	wtdmso	mtcsc	15	18	25	27	0.9	0.8276332436128498
chr19:4657718	wtdmso	mtcsc	13	9	28	34	1.753968253968254	0.324109269970948
chr19:4657757	wtdmso	mtcsc	22	22	19	20	1.0526315789473684	1.0
chr19:4657826	wtdmso	mtcsc	7	6	34	40	1.3725490196078431	0.7648050270472895
chr19:4657904	wtdmso	mtcsc	32	34	9	15	1.5686274509803921	0.4736452440726614
chr19:4658004	wtdmso	mtcsc	2	4	38	39	0.5131578947368421	0.6769638328277949
chr19:4659960	wtdmso	mtcsc	2	4	36	39	0.5416666666666666	0.6792117868067236
chr19:46609857	wtdmso	mtcsc	1	4	9	32	0.8888888888888888	1.0
chr19:46610256	wtdmso	mtcsc	1	1	10	40	4.0	0.3815987933634993
chr19:46610373	wtdmso	mtcsc	1	2	10	38	1.9	0.5255702280912364
chr19:46610536	wtdmso	mtcsc	3	2	24	38	2.375	0.38541868579182015
chr19:46610619	wtdmso	mtcsc	6	1	20	40	12.0	0.011610706383471328
chr19:46610666	wtdmso	mtcsc	1	2	26	34	0.6538461538461539	1.0
chr19:4664915	wtdmso	mtcsc	1	1	38	41	1.0789473684210527	1.0
chr19:4675556	wtdmso	mtcsc	2	1	8	9	2.25	1.0
chr19:46774921	wtdmso	mtcsc	6	7	82	81	0.8466898954703833	1.0
chr19:46774947	wtdmso	mtcsc	14	9	73	73	1.5555555555555556	0.3754400161195973
chr19:46774967	wtdmso	mtcsc	22	27	67	62	0.754007739082366	0.5023086494205675
chr19:46774979	wtdmso	mtcsc	1	3	91	85	0.31135531135531136	0.3598795937423642
chr19:46775045	wtdmso	mtcsc	4	5	86	79	0.7348837209302326	0.7402411748954552
chr19:46775224	wtdmso	mtcsc	2	2	77	72	0.935064935064935	1.0
chr19:46775308	wtdmso	mtcsc	1	1	79	70	0.8860759493670886	1.0
chr19:46775369	wtdmso	mtcsc	20	16	55	55	1.25	0.5718739005064319
chr19:46775464	wtdmso	mtcsc	48	51	18	22	1.1503267973856208	0.8513704288960701
chr19:46775496	wtdmso	mtcsc	7	8	64	57	0.779296875	0.7857378802268158
chr19:46775569	wtdmso	mtcsc	2	3	72	68	0.6296296296296297	0.6766525233142988
chr19:46775675	wtdmso	mtcsc	11	9	50	42	1.0266666666666666	1.0
chr19:46775695	wtdmso	mtcsc	10	6	68	58	1.4215686274509804	0.6002912746398976
chr19:46776983	wtdmso	mtcsc	19	20	46	33	0.6815217391304348	0.4315677264893797
chr19:46778737	wtdmso	mtcsc	1	1	50	51	1.02	1.0
chr19:46782517	wtdmso	mtcsc	11	9	41	42	1.2520325203252032	0.8040581911625666
chr19:46784107	wtdmso	mtcsc	17	16	35	35	1.0625	1.0
chr19:46787606	wtdmso	mtcsc	6	6	37	35	0.9459459459459459	1.0
chr19:46787758	wtdmso	mtcsc	30	27	11	12	1.2121212121212122	0.8062008013975179
chr19:46787837	wtdmso	mtcsc	6	6	31	32	1.032258064516129	1.0
chr19:46787876	wtdmso	mtcsc	6	4	31	31	1.5	0.7361003991301677
chr19:46787942	wtdmso	mtcsc	12	8	24	25	1.5625	0.4385690982262581
chr19:46788107	wtdmso	mtcsc	14	11	16	12	0.9545454545454546	1.0
chr19:46788122	wtdmso	mtcsc	7	8	24	17	0.6197916666666666	0.5470161587923659
chr19:46788205	wtdmso	mtcsc	1	5	12	17	0.2833333333333333	0.37713472485768507
chr19:46788220	wtdmso	mtcsc	11	8	18	15	1.1458333333333333	1.0
chr19:46788235	wtdmso	mtcsc	1	2	9	15	0.8333333333333334	1.0
chr19:46788267	wtdmso	mtcsc	3	1	22	20	2.727272727272727	0.6139351043294422
chr19:46788346	wtdmso	mtcsc	5	6	21	15	0.5952380952380952	0.5049769118390063
chr19:46788487	wtdmso	mtcsc	2	2	9	14	1.5555555555555556	1.0
chr19:46838300	wtdmso	mtcsc	14	6	61	149	5.699453551912568	0.0006277378556252603
chr19:46838331	wtdmso	mtcsc	4	13	66	134	0.6247086247086248	0.5907056219048229
chr19:46838407	wtdmso	mtcsc	8	16	51	105	1.0294117647058822	1.0
chr19:46838761	wtdmso	mtcsc	3	4	60	120	1.5	0.6895014169886647
chr19:46838766	wtdmso	mtcsc	39	69	27	61	1.2769726247987117	0.4506057102230421
chr19:46839570	wtdmso	mtcsc	5	16	66	127	0.6013257575757576	0.4654510791081329
chr19:46846010	wtdmso	mtcsc	2	4	62	125	1.0080645161290323	1.0
chr19:46846061	wtdmso	mtcsc	1	1	51	115	2.2549019607843137	0.5245223838038209
chr19:46846119	wtdmso	mtcsc	13	28	52	101	0.9017857142857143	0.8536578271650334
chr19:46850798	wtdmso	mtcsc	3	4	25	29	0.87	1.0
chr19:47045934	wtdmso	mtcsc	3	15	8	12	0.3	0.15956811729892928
chr19:47045940	wtdmso	mtcsc	7	22	8	11	0.4375	0.21792829867798794
chr19:47716922	wtdmso	mtcsc	2	1	8	10	2.5	0.5864661654135338
chr19:47725943	wtdmso	mtcsc	1	1	14	11	0.7857142857142857	1.0
chr19:47726138	wtdmso	mtcsc	3	2	22	9	0.6136363636363636	0.6308940242763771
chr19:47736429	wtdmso	mtcsc	2	1	26	24	1.8461538461538463	1.0
chr19:47736454	wtdmso	mtcsc	4	3	23	11	0.6376811594202898	0.6732297123824723
chr19:47736487	wtdmso	mtcsc	5	5	20	8	0.4	0.26286298455065266
chr19:47741077	wtdmso	mtcsc	15	11	18	23	1.7424242424242424	0.32158742496323645
chr19:47741138	wtdmso	mtcsc	1	4	39	38	0.24358974358974358	0.3600562587904359
chr19:47741145	wtdmso	mtcsc	16	19	15	16	0.8982456140350877	1.0
chr19:47741219	wtdmso	mtcsc	5	4	26	35	1.6826923076923077	0.4959264072569032
chr19:47741234	wtdmso	mtcsc	5	4	37	37	1.25	1.0
chr19:47741286	wtdmso	mtcsc	9	9	24	28	1.1666666666666667	0.7915053522014686
chr19:47741544	wtdmso	mtcsc	13	16	26	25	0.78125	0.6468680125853121
chr19:47741574	wtdmso	mtcsc	2	5	38	39	0.4105263157894737	0.43665644017530103
chr19:47741601	wtdmso	mtcsc	7	4	41	43	1.8353658536585367	0.5234626898720454
chr19:47741613	wtdmso	mtcsc	5	11	37	35	0.42997542997543	0.1742039653620045
chr19:47741782	wtdmso	mtcsc	4	1	46	52	4.521739130434782	0.1964142159504357
chr19:47741791	wtdmso	mtcsc	2	1	42	40	1.9047619047619047	1.0
chr19:47741921	wtdmso	mtcsc	11	12	37	41	1.0157657657657657	1.0
chr19:47741937	wtdmso	mtcsc	4	15	47	39	0.22127659574468084	0.010564097500774115
chr19:47742014	wtdmso	mtcsc	5	10	31	39	0.6290322580645161	0.5681684270394682
chr19:47742037	wtdmso	mtcsc	3	2	49	48	1.469387755102041	1.0
chr19:47742408	wtdmso	mtcsc	4	4	54	60	1.1111111111111112	1.0
chr19:47742493	wtdmso	mtcsc	10	11	51	56	0.9982174688057041	1.0
chr19:47742692	wtdmso	mtcsc	21	13	32	46	2.3221153846153846	0.06335006866864673
chr19:47742746	wtdmso	mtcsc	37	43	23	23	0.8604651162790697	0.7142084047400223
chr19:47742968	wtdmso	mtcsc	6	5	57	59	1.2421052631578948	0.7630807940802405
chr19:47743092	wtdmso	mtcsc	10	12	58	54	0.7758620689655172	0.6455404776670293
chr19:47745650	wtdmso	mtcsc	1	2	11	12	0.5454545454545454	1.0
chr19:47750194	wtdmso	mtcsc	1	1	13	15	1.1538461538461537	1.0
chr19:47750243	wtdmso	mtcsc	1	2	14	15	0.5357142857142857	1.0
chr19:47750258	wtdmso	mtcsc	6	6	5	9	1.8	0.6921658365863508
chr19:47751065	wtdmso	mtcsc	5	5	11	13	1.1818181818181819	1.0
chr19:47780912	wtdmso	mtcsc	1	1	23	59	2.5652173913043477	0.4922547332185886
chr19:47781119	wtdmso	mtcsc	7	16	23	47	0.8940217391304348	1.0
chr19:47784296	wtdmso	mtcsc	3	3	28	65	2.3214285714285716	0.37365580662714976
chr19:47784302	wtdmso	mtcsc	2	5	12	38	1.2666666666666666	1.0
chr19:47784340	wtdmso	mtcsc	7	6	22	56	2.9696969696969697	0.10488199430803247
chr19:47784357	wtdmso	mtcsc	1	7	25	51	0.2914285714285714	0.4249820109913772
chr19:47784561	wtdmso	mtcsc	1	1	28	63	2.25	0.5287517531556802
chr19:48382622	wtdmso	mtcsc	35	22	70	74	1.6818181818181819	0.11821828919055583
chr19:48382839	wtdmso	mtcsc	32	27	59	63	1.265536723163842	0.5266254520359496
chr19:48383035	wtdmso	mtcsc	2	5	90	78	0.3466666666666667	0.2585577098477614
chr19:48383080	wtdmso	mtcsc	1	3	52	41	0.26282051282051283	0.3262800013853454
chr19:48383112	wtdmso	mtcsc	16	17	88	77	0.8235294117647058	0.7034695034776222
chr19:48383145	wtdmso	mtcsc	8	10	88	76	0.6909090909090909	0.4693609091021953
chr19:48383193	wtdmso	mtcsc	18	21	68	58	0.7310924369747899	0.4642679060153342
chr19:48383205	wtdmso	mtcsc	11	9	80	78	1.1916666666666667	0.8140651501851455
chr19:48384271	wtdmso	mtcsc	46	51	13	16	1.110105580693816	0.8351309344597333
chr19:48384472	wtdmso	mtcsc	2	4	72	66	0.4583333333333333	0.4321977260843429
chr19:48389568	wtdmso	mtcsc	3	3	67	64	0.9552238805970149	1.0
chr19:48389637	wtdmso	mtcsc	12	11	55	52	1.031404958677686	1.0
chr19:48390466	wtdmso	mtcsc	2	4	69	58	0.42028985507246375	0.41676970004007224
chr19:48391332	wtdmso	mtcsc	3	1	63	58	2.761904761904762	0.6213029626858934
chr19:48391430	wtdmso	mtcsc	2	1	58	59	2.0344827586206895	1.0
chr19:48615375	wtdmso	mtcsc	7	9	415	563	1.0551539491298527	1.0
chr19:48615446	wtdmso	mtcsc	1	1	454	645	1.420704845814978	1.0
chr19:48615895	wtdmso	mtcsc	14	22	474	655	0.8793632527809743	0.7355661158065161
chr19:48616113	wtdmso	mtcsc	10	16	457	619	0.8465536105032823	0.8413231924938841
chr19:48616183	wtdmso	mtcsc	33	48	418	546	0.8980263157894737	0.7263356996004113
chr19:48616731	wtdmso	mtcsc	16	27	422	572	0.8032297700544146	0.5318822097739679
chr19:48616763	wtdmso	mtcsc	36	55	420	574	0.8945454545454545	0.6581828199952471
chr19:48616769	wtdmso	mtcsc	5	14	445	600	0.48154093097913325	0.1691042860584756
chr19:48616792	wtdmso	mtcsc	2	2	467	641	1.3725910064239828	1.0
chr19:48617398	wtdmso	mtcsc	22	23	398	554	1.3314398077343237	0.3577746428094256
chr19:48617851	wtdmso	mtcsc	16	28	324	421	0.7425044091710759	0.4339380396159832
chr19:48617869	wtdmso	mtcsc	6	11	399	524	0.7163362952836637	0.6247302920557749
chr19:48965361	wtdmso	mtcsc	8	9	215	311	1.2857881136950904	0.6244708967034854
chr19:48965373	wtdmso	mtcsc	14	38	329	456	0.5106382978723404	0.04076736459136779
chr19:48965429	wtdmso	mtcsc	10	10	291	424	1.4570446735395188	0.4906118909465672
chr19:48965460	wtdmso	mtcsc	10	14	293	442	1.0775231594344223	0.8361261332739817
chr19:48965908	wtdmso	mtcsc	9	14	353	509	0.9269526507486847	1.0
chr19:48966307	wtdmso	mtcsc	7	2	395	565	5.006329113924051	0.038277210472204594
chr19:48966353	wtdmso	mtcsc	90	117	285	423	1.1417004048582995	0.42235268809293947
chr19:48966398	wtdmso	mtcsc	11	18	304	413	0.8302266081871345	0.704113087517019
chr19:48966589	wtdmso	mtcsc	23	25	355	479	1.2413521126760563	0.5489557263790756
chr19:48966600	wtdmso	mtcsc	1	7	353	496	0.20072845002023473	0.1498671007658131
chr19:48966646	wtdmso	mtcsc	20	34	404	565	0.8226557949912638	0.5711260732148454
chr19:48966654	wtdmso	mtcsc	66	80	319	468	1.210344827586207	0.31440061520253265
chr19:48966830	wtdmso	mtcsc	12	15	394	569	1.1553299492385787	0.6976124744548211
chr19:48966850	wtdmso	mtcsc	14	10	295	464	2.2020338983050847	0.05934193083633776
chr19:49490507	wtdmso	mtcsc	145	297	226	439	0.9483477846309705	0.6969340570719822
chr19:49490566	wtdmso	mtcsc	9	12	316	646	1.5332278481012658	0.3531104344355617
chr19:49490820	wtdmso	mtcsc	11	24	396	802	0.9282407407407407	1.0
chr19:49491478	wtdmso	mtcsc	98	176	325	656	1.123916083916084	0.42697842057939805
chr19:49491537	wtdmso	mtcsc	2	4	440	885	1.0056818181818181	1.0
chr19:49491771	wtdmso	mtcsc	4	3	411	847	2.7477696674776966	0.22602576902186544
chr19:49491802	wtdmso	mtcsc	27	44	385	778	1.2400236127508855	0.4368454714293695
chr19:49491826	wtdmso	mtcsc	139	267	243	526	1.126893851821026	0.3601146739323168
chr19:49491885	wtdmso	mtcsc	16	23	90	170	1.3140096618357489	0.47453281589055996
chr19:49491928	wtdmso	mtcsc	2	9	115	213	0.4115942028985507	0.3421413600733349
chr19:49492024	wtdmso	mtcsc	4	8	121	212	0.8760330578512396	1.0
chr19:49492072	wtdmso	mtcsc	7	16	100	165	0.721875	0.6535607068390459
chr19:49492114	wtdmso	mtcsc	27	52	45	72	0.8307692307692308	0.6506408521773565
chr19:49492168	wtdmso	mtcsc	6	6	95	189	1.9894736842105263	0.3504675289506394
chr19:49492218	wtdmso	mtcsc	5	6	127	228	1.4960629921259843	0.5346408585933987
chr19:49496463	wtdmso	mtcsc	3	17	308	613	0.35122230710466007	0.09546835282973168
chr19:49497193	wtdmso	mtcsc	6	4	270	561	3.1166666666666667	0.08845630411400879
chr19:49497233	wtdmso	mtcsc	4	2	332	665	4.006024096385542	0.10112584212504888
chr19:49497259	wtdmso	mtcsc	28	70	296	544	0.7351351351351352	0.2171438136782582
chr19:49497293	wtdmso	mtcsc	28	31	307	638	1.8770620994010718	0.022387202086956902
chr19:49497541	wtdmso	mtcsc	9	9	348	679	1.9511494252873562	0.20814633419913414
chr19:49497924	wtdmso	mtcsc	2	15	331	649	0.26143001007049343	0.06894921451040056
chr19:49497945	wtdmso	mtcsc	33	60	346	662	1.0523121387283236	0.8203343588893404
chr19:49497964	wtdmso	mtcsc	5	11	360	701	0.88510101010101	1.0
chr19:49498015	wtdmso	mtcsc	69	108	316	635	1.2838431786216595	0.14286854249941192
chr19:49499528	wtdmso	mtcsc	13	26	172	347	1.0087209302325582	1.0
chr19:49499566	wtdmso	mtcsc	8	19	366	680	0.7822835777969513	0.6842240004425642
chr19:49499641	wtdmso	mtcsc	11	13	331	630	1.6105042993260517	0.27947711447269946
chr19:49556360	wtdmso	mtcsc	3	3	7	14	2.0	0.6381878990574642
chr19:49556597	wtdmso	mtcsc	1	1	9	16	1.7777777777777777	1.0
chr19:49559984	wtdmso	mtcsc	1	2	9	15	0.8333333333333334	1.0
chr19:49560014	wtdmso	mtcsc	1	2	9	15	0.8333333333333334	1.0
chr19:49635331	wtdmso	mtcsc	13	22	27	28	0.6127946127946128	0.28582300412442674
chr19:49635460	wtdmso	mtcsc	8	11	30	30	0.7272727272727273	0.6058383822432347
chr19:49635508	wtdmso	mtcsc	3	2	36	46	1.9166666666666667	0.653142473596041
chr19:49635536	wtdmso	mtcsc	1	5	38	45	0.23684210526315788	0.2246966835649204
chr19:49636646	wtdmso	mtcsc	1	1	37	43	1.162162162162162	1.0
chr19:49637092	wtdmso	mtcsc	3	7	30	42	0.6	0.7325185641534714
chr19:49637113	wtdmso	mtcsc	4	2	23	41	3.5652173913043477	0.19609740185378616
chr19:49639962	wtdmso	mtcsc	2	2	29	33	1.1379310344827587	1.0
chr19:49640030	wtdmso	mtcsc	2	4	18	35	0.9722222222222222	1.0
chr19:49640044	wtdmso	mtcsc	6	2	27	37	4.111111111111111	0.1311967951030482
chr19:49677302	wtdmso	mtcsc	4	15	7	22	0.8380952380952381	1.0
chr19:49684999	wtdmso	mtcsc	1	2	12	33	1.375	1.0
chr19:49686123	wtdmso	mtcsc	1	1	11	28	2.5454545454545454	0.5048780487804878
chr19:49686128	wtdmso	mtcsc	2	2	12	34	2.8333333333333335	0.31018237082066874
chr19:49686655	wtdmso	mtcsc	1	3	13	28	0.717948717948718	1.0
chr19:49686721	wtdmso	mtcsc	1	3	23	30	0.43478260869565216	0.6310776942355889
chr19:49688165	wtdmso	mtcsc	2	5	12	25	0.8333333333333334	1.0
chr19:49688189	wtdmso	mtcsc	1	4	21	31	0.36904761904761907	0.6389164735738717
chr19:49688383	wtdmso	mtcsc	5	6	18	25	1.1574074074074074	1.0
chr19:49688398	wtdmso	mtcsc	1	1	22	32	1.4545454545454546	1.0
chr19:49806170	wtdmso	mtcsc	3	2	7	17	3.642857142857143	0.3064292029809271
chr19:49806692	wtdmso	mtcsc	1	2	11	25	1.1363636363636365	1.0
chr19:49806765	wtdmso	mtcsc	3	4	9	24	2.0	0.4095891557191867
chr19:49806808	wtdmso	mtcsc	9	14	4	13	2.0892857142857144	0.33256922105642905
chr19:49806834	wtdmso	mtcsc	1	1	13	25	1.9230769230769231	1.0
chr19:49858573	wtdmso	mtcsc	2	7	8	17	0.6071428571428571	0.6920660965678305
chr19:50379794	wtdmso	mtcsc	2	3	9	17	1.2592592592592593	1.0
chr19:50382456	wtdmso	mtcsc	3	3	8	19	2.375	0.3752085650723026
chr19:52211356	wtdmso	mtcsc	1	1	12	11	0.9166666666666666	1.0
chr19:52211483	wtdmso	mtcsc	3	2	10	12	1.8	0.6483091787439612
chr19:52219709	wtdmso	mtcsc	4	5	11	21	1.5272727272727273	0.7009945080623929
chr19:52219727	wtdmso	mtcsc	1	10	15	16	0.10666666666666667	0.030394727366712566
chr19:52221112	wtdmso	mtcsc	7	7	14	24	1.7142857142857142	0.526101136896101
chr19:52222171	wtdmso	mtcsc	1	1	12	28	2.3333333333333335	0.5284552845528455
chr19:52222234	wtdmso	mtcsc	2	1	35	42	2.4	0.5933422590068159
chr19:52225756	wtdmso	mtcsc	6	3	35	32	1.8285714285714285	0.4938187371577467
chr19:52225763	wtdmso	mtcsc	3	3	34	33	0.9705882352941176	1.0
chr19:52225804	wtdmso	mtcsc	4	1	32	35	4.375	0.35701163502755673
chr19:52226093	wtdmso	mtcsc	1	2	37	38	0.5135135135135135	1.0
chr19:52226202	wtdmso	mtcsc	1	3	37	44	0.3963963963963964	0.6246796573463356
chr19:52226286	wtdmso	mtcsc	2	5	33	38	0.46060606060606063	0.44967938100598526
chr19:54106831	wtdmso	mtcsc	1	1	9	30	3.3333333333333335	0.4329268292682927
chr19:54106895	wtdmso	mtcsc	1	1	9	29	3.2222222222222223	0.44230769230769235
chr19:54201217	wtdmso	mtcsc	9	4	159	280	3.9622641509433962	0.020013758662599253
chr19:54201226	wtdmso	mtcsc	2	4	163	272	0.8343558282208589	1.0
chr19:54201504	wtdmso	mtcsc	6	10	172	276	0.9627906976744186	1.0
chr19:54201565	wtdmso	mtcsc	16	18	170	287	1.5006535947712418	0.27435038844340115
chr19:54201588	wtdmso	mtcsc	4	13	177	273	0.4745762711864407	0.21570696584115534
chr19:54207417	wtdmso	mtcsc	79	110	110	206	1.3449586776859503	0.12870445157741836
chr19:55386391	wtdmso	mtcsc	46	46	491	581	1.1832993890020367	0.44762163144032274
chr19:55386426	wtdmso	mtcsc	2	3	476	548	0.7675070028011205	1.0
chr19:55386579	wtdmso	mtcsc	44	58	510	593	0.8820824881676809	0.6039840383596409
chr19:55386613	wtdmso	mtcsc	90	98	341	409	1.1015021844514932	0.5675189798930795
chr19:55386629	wtdmso	mtcsc	5	6	470	557	0.9875886524822695	1.0
chr19:55387961	wtdmso	mtcsc	9	7	475	548	1.4833082706766918	0.459943484542489
chr19:55388005	wtdmso	mtcsc	7	6	510	569	1.3016339869281046	0.7818201685357149
chr19:55388022	wtdmso	mtcsc	34	18	542	647	2.254817548175482	0.006503615794275375
chr19:55388308	wtdmso	mtcsc	11	20	497	561	0.6208249496981891	0.2730697802980766
chr19:55644666	wtdmso	mtcsc	2	1	8	24	6.0	0.19022154316271964
chr19:55644923	wtdmso	mtcsc	2	2	9	24	2.6666666666666665	0.5669619199030963
chr19:55645197	wtdmso	mtcsc	10	19	1	10	5.2631578947368425	0.23259559869466992
chr19:55645215	wtdmso	mtcsc	1	8	10	18	0.225	0.2293282944660292
chr19:55645273	wtdmso	mtcsc	2	4	8	21	1.3125	1.0
chr19:55645434	wtdmso	mtcsc	5	9	5	18	2.0	0.4537219857428587
chr19:55645551	wtdmso	mtcsc	6	4	5	19	5.7	0.04470838219774946
chr19:55645589	wtdmso	mtcsc	10	24	1	3	1.25	1.0
chr19:55695534	wtdmso	mtcsc	1	1	9	11	1.2222222222222223	1.0
chr19:5678432	wtdmso	mtcsc	8	8	3	4	1.3333333333333333	1.0
chr19:5678477	wtdmso	mtcsc	1	4	15	26	0.43333333333333335	0.6445751754144069
chr19:5678483	wtdmso	mtcsc	3	3	13	28	2.1538461538461537	0.39517281977966534
chr19:5678490	wtdmso	mtcsc	1	2	16	27	0.84375	1.0
chr19:5678498	wtdmso	mtcsc	3	4	14	30	1.6071428571428572	0.6731351041804327
chr19:5679605	wtdmso	mtcsc	2	2	14	19	1.3571428571428572	1.0
chr19:5690558	wtdmso	mtcsc	12	12	188	370	1.9680851063829787	0.12376087203651878
chr19:5691324	wtdmso	mtcsc	3	6	190	358	0.9421052631578948	1.0
chr19:5691329	wtdmso	mtcsc	4	6	224	413	1.2291666666666667	0.747546935343551
chr19:5691616	wtdmso	mtcsc	16	44	202	352	0.6336633663366337	0.15582275314629673
chr19:5691653	wtdmso	mtcsc	31	59	136	280	1.081754735792622	0.8048695484969899
chr19:572614	wtdmso	mtcsc	8	3	57	70	3.2748538011695905	0.11434450551809419
chr19:580383	wtdmso	mtcsc	9	9	98	103	1.0510204081632653	1.0
chr19:580679	wtdmso	mtcsc	15	19	90	94	0.8245614035087719	0.7095035292626064
chr19:580744	wtdmso	mtcsc	26	25	72	75	1.0833333333333333	0.8714026982552125
chr19:580768	wtdmso	mtcsc	12	14	90	94	0.8952380952380953	0.8364324894784789
chr19:580777	wtdmso	mtcsc	5	8	90	87	0.6041666666666666	0.5672016350644565
chr19:581387	wtdmso	mtcsc	27	31	76	68	0.7792869269949066	0.44080712618618434
chr19:581393	wtdmso	mtcsc	37	29	81	89	1.4018731375053215	0.3100048495747843
chr19:582566	wtdmso	mtcsc	28	25	117	113	1.0817094017094018	0.879135703395863
chr19:582843	wtdmso	mtcsc	1	1	130	124	0.9538461538461539	1.0
chr19:583220	wtdmso	mtcsc	6	6	134	124	0.9253731343283582	1.0
chr19:583238	wtdmso	mtcsc	62	59	77	69	0.9416685009905349	0.9021055645695863
chr19:583345	wtdmso	mtcsc	21	10	117	119	2.135897435897436	0.08409228617300839
chr19:583363	wtdmso	mtcsc	10	15	123	105	0.5691056910569106	0.2097844380796619
chr19:583371	wtdmso	mtcsc	20	17	121	112	1.0889645114244044	0.860611502886822
chr19:583441	wtdmso	mtcsc	12	13	119	101	0.7834518422753717	0.6732262523032349
chr19:58387312	wtdmso	mtcsc	10	24	374	564	0.6283422459893048	0.28418333051467837
chr19:58388140	wtdmso	mtcsc	15	14	387	596	1.6500553709856036	0.18397870885178316
chr19:58388152	wtdmso	mtcsc	3	4	375	596	1.192	1.0
chr19:58388176	wtdmso	mtcsc	13	16	402	613	1.2389614427860696	0.569817503383354
chr19:58388183	wtdmso	mtcsc	30	49	383	568	0.9079767677305909	0.7214895966708285
chr19:58388231	wtdmso	mtcsc	3	14	403	595	0.3163771712158809	0.07872246306440236
chr19:58393087	wtdmso	mtcsc	4	20	459	698	0.30413943355119827	0.032312275822507563
chr19:58393131	wtdmso	mtcsc	22	25	409	637	1.370562347188264	0.2903068908523787
chr19:58393359	wtdmso	mtcsc	27	44	359	556	0.9503671815649531	0.8999344635770731
chr19:58393410	wtdmso	mtcsc	38	69	441	672	0.8391994478951	0.46832014575259895
chr19:58393436	wtdmso	mtcsc	139	167	337	559	1.3806393148421259	0.017783611812067536
chr19:58393482	wtdmso	mtcsc	64	89	412	643	1.1222864623104614	0.535883753679204
chr19:58394542	wtdmso	mtcsc	57	70	425	676	1.2951932773109243	0.17969346164630273
chr19:58394550	wtdmso	mtcsc	3	4	370	575	1.1655405405405406	1.0
chr19:58394691	wtdmso	mtcsc	118	204	355	518	0.844020988677161	0.23014390476607222
chr19:58545532	wtdmso	mtcsc	1	3	9	10	0.37037037037037035	0.603613777526821
chr19:58545875	wtdmso	mtcsc	1	1	9	9	1.0	1.0
chr19:58547625	wtdmso	mtcsc	1	3	9	10	0.37037037037037035	0.603613777526821
chr19:58548039	wtdmso	mtcsc	2	4	8	9	0.5625	0.660019614253024
chr19:58548372	wtdmso	mtcsc	2	1	9	14	3.111111111111111	0.5557692307692308
chr19:58549124	wtdmso	mtcsc	7	12	15	16	0.6222222222222222	0.5594777065131034
chr19:58549183	wtdmso	mtcsc	4	4	19	25	1.3157894736842106	1.0
chr19:58549198	wtdmso	mtcsc	4	1	18	28	6.222222222222222	0.15207104118243042
chr19:58549616	wtdmso	mtcsc	8	5	21	29	2.2095238095238097	0.2304069583806066
chr19:58549774	wtdmso	mtcsc	4	2	24	34	2.8333333333333335	0.39103548028574253
chr19:58549986	wtdmso	mtcsc	3	3	25	32	1.28	1.0
chr19:58550173	wtdmso	mtcsc	2	3	32	36	0.75	1.0
chr19:58550278	wtdmso	mtcsc	11	12	26	29	1.0224358974358974	1.0
chr19:58550377	wtdmso	mtcsc	1	2	29	32	0.5517241379310345	1.0
chr19:58550449	wtdmso	mtcsc	4	3	35	39	1.4857142857142858	0.7058198013894216
chr19:58550631	wtdmso	mtcsc	2	3	37	35	0.6306306306306306	0.6748265433196938
chr19:58550703	wtdmso	mtcsc	1	2	26	30	0.5769230769230769	1.0
chr19:58556212	wtdmso	mtcsc	3	3	24	29	1.2083333333333333	1.0
chr19:58556349	wtdmso	mtcsc	1	1	24	29	1.2083333333333333	1.0
chr19:58556373	wtdmso	mtcsc	1	5	29	11	0.07586206896551724	0.014844740781262028
chr19:58557141	wtdmso	mtcsc	8	3	18	9	1.3333333333333333	1.0
chr19:5894723	wtdmso	mtcsc	1	6	29	57	0.3275862068965517	0.4219794616716943
chr19:5896467	wtdmso	mtcsc	2	10	19	56	0.5894736842105263	0.7224461280776163
chr19:5896499	wtdmso	mtcsc	8	15	23	63	1.4608695652173913	0.4468185049128368
chr19:6368555	wtdmso	mtcsc	1	5	11	24	0.43636363636363634	0.6513721680602297
chr19:6368818	wtdmso	mtcsc	1	2	10	33	1.65	1.0
chr19:6372829	wtdmso	mtcsc	2	6	9	18	0.6666666666666666	1.0
chr19:6372972	wtdmso	mtcsc	2	5	10	19	0.76	1.0
chr19:6374553	wtdmso	mtcsc	1	3	11	27	0.8181818181818182	1.0
chr19:6374827	wtdmso	mtcsc	2	3	10	26	1.7333333333333334	0.619678728792978
chr19:6374951	wtdmso	mtcsc	3	2	8	24	4.5	0.14376561435384963
chr19:7682490	wtdmso	mtcsc	1	4	17	44	0.6470588235294118	1.0
chr19:7682560	wtdmso	mtcsc	2	4	9	21	1.1666666666666667	1.0
chr19:7682653	wtdmso	mtcsc	4	8	16	41	1.28125	0.7343100172212522
chr19:7682819	wtdmso	mtcsc	3	2	12	38	4.75	0.11857756252872786
chr19:808719	wtdmso	mtcsc	1	3	10	10	0.3333333333333333	0.5962732919254659
chr19:811010	wtdmso	mtcsc	2	2	12	14	1.1666666666666667	1.0
chr19:811029	wtdmso	mtcsc	7	9	7	8	0.8888888888888888	1.0
chr19:811210	wtdmso	mtcsc	4	1	19	17	3.5789473684210527	0.362940653698035
chr19:811484	wtdmso	mtcsc	1	1	11	10	0.9090909090909091	1.0
chr19:811537	wtdmso	mtcsc	2	2	24	17	0.7083333333333334	1.0
chr19:811649	wtdmso	mtcsc	3	2	26	19	1.0961538461538463	1.0
chr19:811826	wtdmso	mtcsc	1	2	27	27	0.5	1.0
chr19:811901	wtdmso	mtcsc	1	1	32	29	0.90625	1.0
chr19:812080	wtdmso	mtcsc	6	5	27	16	0.7111111111111111	0.7328933837202478
chr19:812145	wtdmso	mtcsc	6	4	26	28	1.6153846153846154	0.7322807637953657
chr19:812195	wtdmso	mtcsc	3	3	31	29	0.9354838709677419	1.0
chr19:812217	wtdmso	mtcsc	1	2	12	10	0.4166666666666667	0.5930434782608694
chr19:8311504	wtdmso	mtcsc	3	2	21	11	0.7857142857142857	1.0
chr19:8311560	wtdmso	mtcsc	1	3	23	20	0.2898550724637681	0.3475177304964539
chr19:8316643	wtdmso	mtcsc	4	6	19	16	0.5614035087719298	0.49076968674246046
chr19:8321320	wtdmso	mtcsc	1	3	21	18	0.2857142857142857	0.3448667044809983
chr19:8321534	wtdmso	mtcsc	3	7	165	520	1.3506493506493507	0.7109724642725936
chr19:8321676	wtdmso	mtcsc	17	44	167	527	1.2192433315187807	0.5341722645934057
chr19:8321690	wtdmso	mtcsc	2	7	174	517	0.8489326765188834	1.0
chr19:8322353	wtdmso	mtcsc	16	49	167	492	0.9619943785897592	1.0
chr19:8371501	wtdmso	mtcsc	2	1	11	9	1.6363636363636365	1.0
chr19:9828611	wtdmso	mtcsc	3	1	32	47	4.40625	0.3053406036068393
chr19:9828637	wtdmso	mtcsc	1	1	32	48	1.5	1.0
chr19:9828853	wtdmso	mtcsc	2	10	31	34	0.21935483870967742	0.059633776736311664
chr19:9828871	wtdmso	mtcsc	1	4	31	25	0.20161290322580644	0.18156602955011872
chr19:9829985	wtdmso	mtcsc	4	7	32	40	0.7142857142857143	0.7492244587281073
chr19:9830087	wtdmso	mtcsc	1	1	29	40	1.3793103448275863	1.0
chr19:9849283	wtdmso	mtcsc	3	1	13	10	2.3076923076923075	0.6239316239316239
chr19:9849604	wtdmso	mtcsc	6	5	9	6	0.8	1.0
chr19:985912	wtdmso	mtcsc	3	2	9	27	4.5	0.1394012260507768
chr19:989864	wtdmso	mtcsc	1	5	10	30	0.6	1.0
chr19:990350	wtdmso	mtcsc	1	1	20	36	1.8	1.0
chr19:990924	wtdmso	mtcsc	2	6	11	35	1.0606060606060606	1.0
chr19:991085	wtdmso	mtcsc	1	1	21	40	1.9047619047619047	1.0
chr19:991228	wtdmso	mtcsc	5	9	23	39	0.9420289855072463	1.0
chr19:991236	wtdmso	mtcsc	3	8	24	41	0.640625	0.7367709036425343
chr19:994041	wtdmso	mtcsc	1	1	26	45	1.7307692307692308	1.0
chr19:994231	wtdmso	mtcsc	7	4	21	45	3.75	0.08622902347926562
chr19:994297	wtdmso	mtcsc	1	2	32	53	0.828125	1.0
chr19:994439	wtdmso	mtcsc	21	40	11	15	0.7159090909090909	0.6276978465942682
chr19:994481	wtdmso	mtcsc	9	13	23	35	1.0535117056856187	1.0
chr19_GL949750v2_alt:182399	wtdmso	mtcsc	6	3	7	7	2.0	0.6692690806299637
chr19_GL949751v2_alt:176547	wtdmso	mtcsc	5	9	21	27	0.7142857142857143	0.7604167327733373
chr19_GL949751v2_alt:182399	wtdmso	mtcsc	13	16	16	29	1.47265625	0.4709857352851764
chr19_GL949752v1_alt:176476	wtdmso	mtcsc	2	3	42	69	1.0952380952380953	1.0
chr19_GL949752v1_alt:176537	wtdmso	mtcsc	2	7	41	67	0.46689895470383275	0.4824779083927754
chr19_GL949752v1_alt:176560	wtdmso	mtcsc	2	4	41	68	0.8292682926829268	1.0
chr19_GL949752v1_alt:182388	wtdmso	mtcsc	17	28	31	46	0.9009216589861752	0.8489931437233698
chr19_KI270938v1_alt:176547	wtdmso	mtcsc	2	2	9	35	3.888888888888889	0.22132284921369103
chr19_KI270938v1_alt:182399	wtdmso	mtcsc	2	14	10	26	0.37142857142857144	0.30101203396292137
chr1:10399669	wtdmso	mtcsc	2	9	9	11	0.2716049382716049	0.24091162500989843
chr1:10399681	wtdmso	mtcsc	1	4	9	15	0.4166666666666667	0.6328154604016673
chr1:10404173	wtdmso	mtcsc	1	2	9	15	0.8333333333333334	1.0
chr1:10408116	wtdmso	mtcsc	6	6	7	14	2.0	0.4649731585819994
chr1:10408135	wtdmso	mtcsc	2	2	10	16	1.6	1.0
chr1:10411478	wtdmso	mtcsc	1	2	9	17	0.9444444444444444	1.0
chr1:10413082	wtdmso	mtcsc	1	1	11	18	1.6363636363636365	1.0
chr1:10413092	wtdmso	mtcsc	3	2	10	19	2.85	0.347561238571675
chr1:10417453	wtdmso	mtcsc	1	1	10	19	1.9	1.0
chr1:10418870	wtdmso	mtcsc	5	9	8	10	0.6944444444444444	0.7248856217052764
chr1:10418917	wtdmso	mtcsc	2	1	10	19	3.8	0.5403225806451613
chr1:10419417	wtdmso	mtcsc	3	10	12	27	0.675	0.7325869050623657
chr1:10419664	wtdmso	mtcsc	3	7	9	15	0.7142857142857143	1.0
chr1:10419790	wtdmso	mtcsc	1	1	10	18	1.8	1.0
chr1:10419869	wtdmso	mtcsc	6	12	10	25	1.25	0.7591853392612768
chr1:10419983	wtdmso	mtcsc	2	4	11	16	0.7272727272727273	1.0
chr1:10420081	wtdmso	mtcsc	1	1	11	35	3.1818181818181817	0.4414893617021277
chr1:109214035	wtdmso	mtcsc	2	2	10	9	0.9	1.0
chr1:109224001	wtdmso	mtcsc	1	2	14	12	0.42857142857142855	0.5977011494252873
chr1:109228409	wtdmso	mtcsc	1	1	13	14	1.0769230769230769	1.0
chr1:109229516	wtdmso	mtcsc	1	1	13	15	1.1538461538461537	1.0
chr1:109230884	wtdmso	mtcsc	1	1	13	25	1.9230769230769231	1.0
chr1:109231650	wtdmso	mtcsc	1	2	15	24	0.8	1.0
chr1:109235240	wtdmso	mtcsc	1	1	12	26	2.1666666666666665	1.0
chr1:109235393	wtdmso	mtcsc	4	5	30	25	0.6666666666666666	0.723113876661646
chr1:109235981	wtdmso	mtcsc	3	2	31	38	1.8387096774193548	0.6559214598959922
chr1:109236423	wtdmso	mtcsc	4	6	43	41	0.6356589147286822	0.7397520171293189
chr1:109237313	wtdmso	mtcsc	1	1	53	46	0.8679245283018868	1.0
chr1:109237731	wtdmso	mtcsc	6	10	44	41	0.5590909090909091	0.4148252914381372
chr1:109237740	wtdmso	mtcsc	2	1	38	45	2.3684210526315788	0.5954660934141097
chr1:109237865	wtdmso	mtcsc	6	3	52	50	1.9230769230769231	0.4935164951455787
chr1:109237888	wtdmso	mtcsc	19	9	38	39	2.1666666666666665	0.12168813005658044
chr1:109237997	wtdmso	mtcsc	8	12	35	28	0.5333333333333333	0.30544065704732937
chr1:109238017	wtdmso	mtcsc	4	6	38	37	0.6491228070175439	0.7383161563875483
chr1:109238068	wtdmso	mtcsc	9	6	48	40	1.25	0.7833729219431957
chr1:109238082	wtdmso	mtcsc	22	20	34	29	0.9382352941176471	1.0
chr1:11054705	wtdmso	mtcsc	11	5	10	6	1.32	1.0
chr1:11054833	wtdmso	mtcsc	10	8	17	17	1.25	0.7756123128950603
chr1:11055076	wtdmso	mtcsc	7	3	22	10	1.0606060606060606	1.0
chr1:11056046	wtdmso	mtcsc	2	2	22	8	0.36363636363636365	0.5635673624288423
chr1:11056620	wtdmso	mtcsc	9	3	18	10	1.6666666666666667	0.7158769903877988
chr1:111454229	wtdmso	mtcsc	1	4	9	22	0.6111111111111112	1.0
chr1:111454303	wtdmso	mtcsc	1	2	19	24	0.631578947368421	1.0
chr1:111454343	wtdmso	mtcsc	1	5	21	22	0.20952380952380953	0.20435773754460151
chr1:111456102	wtdmso	mtcsc	5	10	18	17	0.4722222222222222	0.35454847069327944
chr1:111456239	wtdmso	mtcsc	1	2	20	24	0.6	1.0
chr1:111459556	wtdmso	mtcsc	2	1	20	16	1.6	1.0
chr1:111461035	wtdmso	mtcsc	3	2	21	22	1.5714285714285714	1.0
chr1:111461254	wtdmso	mtcsc	3	4	20	12	0.45	0.4150759475836875
chr1:111461316	wtdmso	mtcsc	1	1	9	10	1.1111111111111112	1.0
chr1:112701225	wtdmso	mtcsc	2	9	26	49	0.4188034188034188	0.49167979201612144
chr1:112701299	wtdmso	mtcsc	2	7	25	47	0.5371428571428571	0.7104331912861387
chr1:112701413	wtdmso	mtcsc	7	22	21	36	0.5454545454545454	0.33084316982918
chr1:112701675	wtdmso	mtcsc	6	14	26	49	0.8076923076923077	0.7941199855205785
chr1:112702611	wtdmso	mtcsc	2	6	27	54	0.6666666666666666	1.0
chr1:112703099	wtdmso	mtcsc	3	2	17	49	4.323529411764706	0.13180575993273072
chr1:112703677	wtdmso	mtcsc	1	4	22	46	0.5227272727272727	1.0
chr1:114717352	wtdmso	mtcsc	2	1	23	11	0.9565217391304348	1.0
chr1:114717495	wtdmso	mtcsc	1	3	23	11	0.15942028985507245	0.1319108582266477
chr1:116390339	wtdmso	mtcsc	1	3	9	9	0.3333333333333333	0.593984962406015
chr1:116393546	wtdmso	mtcsc	2	2	8	9	1.125	1.0
chr1:116395137	wtdmso	mtcsc	3	2	9	13	2.1666666666666665	0.6280193236714976
chr1:116396727	wtdmso	mtcsc	5	2	19	12	1.5789473684210527	1.0
chr1:116397933	wtdmso	mtcsc	1	1	11	13	1.1818181818181819	1.0
chr1:116397990	wtdmso	mtcsc	8	1	16	10	5.0	0.2172161411839485
chr1:116398638	wtdmso	mtcsc	4	2	23	14	1.2173913043478262	1.0
chr1:116398773	wtdmso	mtcsc	2	4	30	12	0.2	0.08560509902936164
chr1:116399045	wtdmso	mtcsc	7	2	27	12	1.5555555555555556	1.0
chr1:116399472	wtdmso	mtcsc	13	13	18	16	0.8888888888888888	1.0
chr1:116400953	wtdmso	mtcsc	10	7	30	26	1.2380952380952381	0.7852178113623053
chr1:116401225	wtdmso	mtcsc	3	1	40	34	2.55	0.6233345601766656
chr1:116401587	wtdmso	mtcsc	11	11	23	21	0.9130434782608695	1.0
chr1:116404535	wtdmso	mtcsc	16	10	30	24	1.28	0.6384499713272352
chr1:116404702	wtdmso	mtcsc	2	6	36	26	0.24074074074074073	0.13010379576016862
chr1:116404714	wtdmso	mtcsc	7	6	39	25	0.7478632478632479	0.7587144201056688
chr1:11648463	wtdmso	mtcsc	6	4	41	23	0.8414634146341463	1.0
chr1:11648468	wtdmso	mtcsc	23	13	18	11	1.0811965811965811	1.0
chr1:11648699	wtdmso	mtcsc	4	4	45	10	0.2222222222222222	0.06524200701757422
chr1:11648760	wtdmso	mtcsc	3	1	48	25	1.5625	1.0
chr1:11649781	wtdmso	mtcsc	8	5	39	9	0.36923076923076925	0.1524339823501714
chr1:11650070	wtdmso	mtcsc	7	1	37	12	2.27027027027027	0.6667863517469219
chr1:11650755	wtdmso	mtcsc	2	2	19	9	0.47368421052631576	0.5931590656284762
chr1:11654323	wtdmso	mtcsc	2	1	16	10	1.25	1.0
chr1:119723374	wtdmso	mtcsc	7	20	3	8	0.9333333333333333	1.0
chr1:119723389	wtdmso	mtcsc	1	2	11	16	0.7272727272727273	1.0
chr1:119723408	wtdmso	mtcsc	4	12	7	18	0.8571428571428571	1.0
chr1:119735348	wtdmso	mtcsc	5	21	6	14	0.5555555555555556	0.49354345837612995
chr1:119737126	wtdmso	mtcsc	2	1	8	25	6.25	0.180672268907563
chr1:119740496	wtdmso	mtcsc	1	3	10	37	1.2333333333333334	1.0
chr1:119741790	wtdmso	mtcsc	4	10	7	29	1.6571428571428573	0.4757739688429797
chr1:119741853	wtdmso	mtcsc	2	8	12	37	0.7708333333333334	1.0
chr1:119743017	wtdmso	mtcsc	1	4	10	35	0.875	1.0
chr1:119743926	wtdmso	mtcsc	2	1	9	43	9.555555555555555	0.09853249475890985
chr1:119744013	wtdmso	mtcsc	5	18	9	29	0.8950617283950617	1.0
chr1:11974984	wtdmso	mtcsc	1	1	9	19	2.111111111111111	1.0
chr1:11975066	wtdmso	mtcsc	9	8	1	3	3.375	0.5864661654135339
chr1:11975175	wtdmso	mtcsc	10	18	1	4	2.2222222222222223	0.6431219873934001
chr1:11975234	wtdmso	mtcsc	5	11	6	10	0.7575757575757576	1.0
chr1:11975261	wtdmso	mtcsc	4	4	6	19	3.1666666666666665	0.2054205527509198
chr1:11975274	wtdmso	mtcsc	1	4	9	7	0.19444444444444445	0.3107769423558897
chr1:11975300	wtdmso	mtcsc	7	9	3	2	0.5185185185185185	0.6351172047766475
chr1:11975503	wtdmso	mtcsc	4	4	8	16	2.0	0.43250905564587433
chr1:1216960	wtdmso	mtcsc	2	9	10	13	0.28888888888888886	0.25248566783605714
chr1:1217082	wtdmso	mtcsc	2	1	12	21	3.5	0.5470588235294116
chr1:1217109	wtdmso	mtcsc	9	9	6	15	2.5	0.20278587820300834
chr1:1217178	wtdmso	mtcsc	8	11	5	12	1.7454545454545454	0.5017871709306636
chr1:1217542	wtdmso	mtcsc	9	4	4	7	3.9375	0.21732640424590888
chr1:1217608	wtdmso	mtcsc	4	2	11	22	4.0	0.18034967570571284
chr1:1217614	wtdmso	mtcsc	2	2	13	19	1.4615384615384615	1.0
chr1:1218908	wtdmso	mtcsc	1	1	9	19	2.111111111111111	1.0
chr1:150574601	wtdmso	mtcsc	1	2	10	13	0.65	1.0
chr1:150574784	wtdmso	mtcsc	2	1	9	15	3.3333333333333335	0.5487179487179487
chr1:150574795	wtdmso	mtcsc	5	3	16	12	1.25	1.0
chr1:150574948	wtdmso	mtcsc	4	3	6	12	2.6666666666666665	0.37812565009361343
chr1:150965500	wtdmso	mtcsc	2	1	8	9	2.25	1.0
chr1:151399581	wtdmso	mtcsc	1	3	9	21	0.7777777777777778	1.0
chr1:151399616	wtdmso	mtcsc	4	5	25	35	1.12	1.0
chr1:151399643	wtdmso	mtcsc	4	3	29	42	1.9310344827586208	0.44812282750278415
chr1:151399722	wtdmso	mtcsc	3	1	29	30	3.103448275862069	0.6128024980483997
chr1:151399982	wtdmso	mtcsc	1	2	37	41	0.5540540540540541	1.0
chr1:151400048	wtdmso	mtcsc	7	3	32	51	3.71875	0.08824377809922632
chr1:151400505	wtdmso	mtcsc	1	3	41	57	0.4634146341463415	0.6413829618255943
chr1:151400539	wtdmso	mtcsc	8	15	41	53	0.6894308943089431	0.48796073013073626
chr1:151400551	wtdmso	mtcsc	2	4	39	51	0.6538461538461539	1.0
chr1:151401585	wtdmso	mtcsc	1	1	54	68	1.2592592592592593	1.0
chr1:151401850	wtdmso	mtcsc	18	22	37	52	1.1498771498771498	0.8475626975946542
chr1:151401878	wtdmso	mtcsc	14	22	39	41	0.668997668997669	0.4207624239586121
chr1:151401899	wtdmso	mtcsc	6	11	50	61	0.6654545454545454	0.6011820463098523
chr1:151983014	wtdmso	mtcsc	3	6	274	373	0.6806569343065694	0.7403810357405043
chr1:151983025	wtdmso	mtcsc	12	25	356	473	0.6377528089887641	0.2363696582641084
chr1:151983054	wtdmso	mtcsc	34	53	330	433	0.8417381360777587	0.49379720014896433
chr1:151983202	wtdmso	mtcsc	17	32	301	399	0.7042151162790697	0.2964894433361305
chr1:151983277	wtdmso	mtcsc	13	21	316	421	0.8247438215792646	0.7234050940302629
chr1:151983283	wtdmso	mtcsc	22	31	287	396	0.9792064740923907	1.0
chr1:151983298	wtdmso	mtcsc	4	9	267	364	0.6059092800665834	0.5725943110629466
chr1:151986141	wtdmso	mtcsc	34	48	295	395	0.9484463276836158	0.9060898039151786
chr1:151986212	wtdmso	mtcsc	24	45	235	334	0.7580141843971632	0.36364477546027313
chr1:151986240	wtdmso	mtcsc	10	12	274	396	1.2043795620437956	0.6664608492980573
chr1:152032511	wtdmso	mtcsc	2	2	100	152	1.52	0.6516775077028416
chr1:152032636	wtdmso	mtcsc	5	5	311	377	1.212218649517685	0.7614893326756138
chr1:152032658	wtdmso	mtcsc	16	21	287	372	0.9875559980089597	1.0
chr1:152032666	wtdmso	mtcsc	10	13	266	325	0.9398496240601504	1.0
chr1:152032701	wtdmso	mtcsc	25	24	275	352	1.3333333333333333	0.37147892165883
chr1:152032776	wtdmso	mtcsc	19	27	289	347	0.8449314366269384	0.6468607276566102
chr1:152032781	wtdmso	mtcsc	17	18	300	375	1.1805555555555556	0.727895939881069
chr1:152032797	wtdmso	mtcsc	9	13	309	378	0.8469006721433906	0.8287318988773843
chr1:152032812	wtdmso	mtcsc	14	23	307	377	0.7474861917575414	0.49757200959728365
chr1:152032821	wtdmso	mtcsc	17	30	242	311	0.728236914600551	0.35896604901439355
chr1:152033665	wtdmso	mtcsc	25	36	310	374	0.8378136200716846	0.5915695843643145
chr1:152033711	wtdmso	mtcsc	15	7	323	409	2.7134011499336577	0.02972368028172559
chr1:152036988	wtdmso	mtcsc	1	2	74	68	0.4594594594594595	0.609657583795515
chr1:153534673	wtdmso	mtcsc	9	7	2216	2620	1.5201134605466735	0.45716941124701865
chr1:153534762	wtdmso	mtcsc	309	373	2011	2376	0.9787775812121802	0.8043623739665174
chr1:153534774	wtdmso	mtcsc	81	94	2147	2554	1.0250522748218691	0.8774883963162953
chr1:153534780	wtdmso	mtcsc	44	43	2040	2450	1.2289101687186503	0.38477867854054804
chr1:153534786	wtdmso	mtcsc	114	126	2120	2508	1.0703504043126684	0.6420521641482252
chr1:153534792	wtdmso	mtcsc	25	17	2252	2678	1.7487723330895413	0.08677298532567346
chr1:153535197	wtdmso	mtcsc	27	37	7	18	1.8764478764478765	0.23681304900853434
chr1:153535265	wtdmso	mtcsc	222	238	1748	2077	1.1083350960521507	0.29897184477471295
chr1:153535944	wtdmso	mtcsc	13	28	1	6	2.7857142857142856	0.6560964940587599
chr1:153536005	wtdmso	mtcsc	13	8	81	82	1.6450617283950617	0.3567459163233629
chr1:153561244	wtdmso	mtcsc	1	4	14	33	0.5892857142857143	1.0
chr1:153561361	wtdmso	mtcsc	3	15	161	352	0.4372670807453416	0.2978502478384662
chr1:153561394	wtdmso	mtcsc	60	137	134	338	1.1046955005991939	0.6403322313598205
chr1:153561424	wtdmso	mtcsc	12	41	204	486	0.697274031563845	0.347023000095167
chr1:153561431	wtdmso	mtcsc	52	97	162	422	1.39646175385007	0.08739982062169979
chr1:153561448	wtdmso	mtcsc	2	1	201	485	4.825870646766169	0.20889564988739912
chr1:153561469	wtdmso	mtcsc	12	31	183	439	0.928609201480698	1.0
chr1:153561520	wtdmso	mtcsc	26	53	158	390	1.210890852639121	0.5087975244271241
chr1:153561532	wtdmso	mtcsc	12	19	200	492	1.5536842105263158	0.2337551868730986
chr1:153561538	wtdmso	mtcsc	2	5	200	488	0.976	1.0
chr1:153563524	wtdmso	mtcsc	8	5	22	24	1.7454545454545454	0.5320924727590531
chr1:153563766	wtdmso	mtcsc	18	25	205	522	1.8333658536585367	0.0588953336676592
chr1:153606904	wtdmso	mtcsc	1	3	59	92	0.519774011299435	1.0
chr1:153607039	wtdmso	mtcsc	18	11	27	26	1.5757575757575757	0.36264584425310786
chr1:153607091	wtdmso	mtcsc	12	12	137	218	1.5912408759124088	0.28618855672536464
chr1:153607185	wtdmso	mtcsc	4	11	144	224	0.5656565656565656	0.4232191435523613
chr1:153607277	wtdmso	mtcsc	21	22	107	166	1.4808836023789296	0.24553147826216137
chr1:153607393	wtdmso	mtcsc	62	108	82	119	0.833107497741644	0.4543042998144209
chr1:153607404	wtdmso	mtcsc	4	8	105	173	0.8238095238095238	1.0
chr1:153607415	wtdmso	mtcsc	1	6	126	186	0.24603174603174602	0.2502155072875993
chr1:153607530	wtdmso	mtcsc	4	7	114	187	0.9373433583959899	1.0
chr1:153607604	wtdmso	mtcsc	9	25	111	165	0.5351351351351351	0.13801537212399043
chr1:153607651	wtdmso	mtcsc	24	20	110	181	1.9745454545454546	0.04672587237534431
chr1:153607681	wtdmso	mtcsc	7	8	116	180	1.3577586206896552	0.5957348583046258
chr1:153607690	wtdmso	mtcsc	1	1	96	141	1.46875	1.0
chr1:153608011	wtdmso	mtcsc	12	15	113	167	1.1823008849557521	0.6866412728804452
chr1:153608098	wtdmso	mtcsc	1	2	124	182	0.7338709677419355	1.0
chr1:153608143	wtdmso	mtcsc	3	3	96	161	1.6770833333333333	0.6752609564617724
chr1:153612963	wtdmso	mtcsc	5	2	107	174	4.065420560747664	0.11364089497648111
chr1:153613070	wtdmso	mtcsc	2	3	48	90	1.25	1.0
chr1:153614334	wtdmso	mtcsc	12	21	136	212	0.8907563025210085	0.8527886638364184
chr1:153614349	wtdmso	mtcsc	5	4	167	254	1.901197604790419	0.49372753212689946
chr1:153614417	wtdmso	mtcsc	8	7	149	232	1.7794822627037392	0.2912976397893413
chr1:153614508	wtdmso	mtcsc	6	22	146	207	0.3866749688667497	0.044714877428179915
chr1:153614597	wtdmso	mtcsc	6	12	164	226	0.6890243902439024	0.626140891076526
chr1:153614671	wtdmso	mtcsc	37	59	128	184	0.9014830508474576	0.7218040451693137
chr1:153614825	wtdmso	mtcsc	14	11	161	244	1.9288537549407114	0.14127296216060745
chr1:153614845	wtdmso	mtcsc	37	50	110	172	1.1570909090909092	0.6166378547997948
chr1:153614881	wtdmso	mtcsc	37	55	125	200	1.0763636363636364	0.808825212270559
chr1:153614965	wtdmso	mtcsc	40	50	139	220	1.2661870503597121	0.3370981173017336
chr1:153614972	wtdmso	mtcsc	15	11	155	239	2.102639296187683	0.09706962332290739
chr1:153615268	wtdmso	mtcsc	21	20	119	195	1.7205882352941178	0.1257952436713104
chr1:153615287	wtdmso	mtcsc	3	1	165	255	4.636363636363637	0.30543991985539315
chr1:153615328	wtdmso	mtcsc	8	11	169	247	1.062937062937063	1.0
chr1:153615852	wtdmso	mtcsc	18	22	138	216	1.2806324110671936	0.49719975705891206
chr1:153615871	wtdmso	mtcsc	6	4	145	226	2.3379310344827586	0.20354272463766687
chr1:153615876	wtdmso	mtcsc	6	9	113	167	0.9852507374631269	1.0
chr1:153615890	wtdmso	mtcsc	58	74	117	201	1.3465003465003464	0.16822203842424133
chr1:153615898	wtdmso	mtcsc	23	41	135	203	0.8435411020776874	0.5794022102160419
chr1:153618839	wtdmso	mtcsc	1	2	11	17	0.7727272727272727	1.0
chr1:153618988	wtdmso	mtcsc	1	1	11	19	1.7272727272727273	1.0
chr1:153974632	wtdmso	mtcsc	1	1	10	9	0.9	1.0
chr1:153990794	wtdmso	mtcsc	18	51	102	513	1.7750865051903115	0.06468546036513557
chr1:153991161	wtdmso	mtcsc	4	7	163	648	2.271691498685364	0.24770132462115985
chr1:153992121	wtdmso	mtcsc	2	8	130	519	0.9980769230769231	1.0
chr1:153992134	wtdmso	mtcsc	4	7	109	476	2.4954128440366974	0.23380541771163377
chr1:1541705	wtdmso	mtcsc	2	5	22	29	0.5272727272727272	0.6878180470277173
chr1:1541948	wtdmso	mtcsc	3	12	7	18	0.6428571428571429	0.7148133102642242
chr1:154206761	wtdmso	mtcsc	4	5	8	12	1.2	1.0
chr1:154206949	wtdmso	mtcsc	3	1	11	14	3.8181818181818183	0.32950191570881227
chr1:154206991	wtdmso	mtcsc	8	3	6	14	6.222222222222222	0.03089960396146013
chr1:154207044	wtdmso	mtcsc	5	3	8	14	2.9166666666666665	0.24195235715475596
chr1:154207243	wtdmso	mtcsc	1	1	11	14	1.2727272727272727	1.0
chr1:154207255	wtdmso	mtcsc	3	3	8	13	1.625	0.6618357487922706
chr1:154207370	wtdmso	mtcsc	2	2	10	14	1.4	1.0
chr1:154207439	wtdmso	mtcsc	6	7	6	7	1.0	1.0
chr1:154962325	wtdmso	mtcsc	2	4	77	66	0.42857142857142855	0.4202364735984395
chr1:154962562	wtdmso	mtcsc	2	4	76	69	0.45394736842105265	0.4304187522019425
chr1:154962583	wtdmso	mtcsc	18	14	81	65	1.0317460317460319	1.0
chr1:154962592	wtdmso	mtcsc	29	31	52	49	0.8815136476426799	0.7458522347033388
chr1:154962625	wtdmso	mtcsc	3	4	88	73	0.6221590909090909	0.7039084907952797
chr1:154962652	wtdmso	mtcsc	20	18	79	67	0.9423347398030942	1.0
chr1:154962709	wtdmso	mtcsc	4	2	80	73	1.825	0.6845822069570531
chr1:154962793	wtdmso	mtcsc	3	2	65	46	1.0615384615384615	1.0
chr1:154962839	wtdmso	mtcsc	20	18	54	39	0.8024691358024691	0.6980705588469023
chr1:154962930	wtdmso	mtcsc	7	3	76	58	1.780701754385965	0.5182803623298311
chr1:154962957	wtdmso	mtcsc	8	7	69	61	1.010351966873706	1.0
chr1:154963133	wtdmso	mtcsc	5	7	58	51	0.6280788177339901	0.5484042372642061
chr1:154963271	wtdmso	mtcsc	8	8	55	47	0.8545454545454545	0.7937583333040557
chr1:154963319	wtdmso	mtcsc	6	2	52	58	3.3461538461538463	0.15933523128598154
chr1:154963330	wtdmso	mtcsc	2	2	63	56	0.8888888888888888	1.0
chr1:154963363	wtdmso	mtcsc	4	7	57	43	0.43107769423558895	0.21736751256757794
chr1:154963377	wtdmso	mtcsc	3	2	72	65	1.3541666666666667	1.0
chr1:154963444	wtdmso	mtcsc	1	1	59	58	0.9830508474576272	1.0
chr1:154963470	wtdmso	mtcsc	10	7	57	56	1.4035087719298245	0.6073411870890919
chr1:154963484	wtdmso	mtcsc	25	5	36	43	5.972222222222222	0.0004493813636075567
chr1:154963676	wtdmso	mtcsc	48	50	18	8	0.4266666666666667	0.07903241043909104
chr1:154963734	wtdmso	mtcsc	14	16	41	34	0.725609756097561	0.5198461796320332
chr1:154963743	wtdmso	mtcsc	3	1	62	59	2.8548387096774195	0.6201158246378868
chr1:154963808	wtdmso	mtcsc	2	4	59	53	0.4491525423728814	0.4276585328846808
chr1:154963838	wtdmso	mtcsc	32	25	30	32	1.3653333333333333	0.4638959089079906
chr1:154963872	wtdmso	mtcsc	9	12	23	18	0.5869565217391305	0.4226280985988783
chr1:154963924	wtdmso	mtcsc	10	8	48	50	1.3020833333333333	0.7982938767772254
chr1:154965645	wtdmso	mtcsc	4	3	45	49	1.451851851851852	0.7100029319263993
chr1:154965959	wtdmso	mtcsc	14	11	38	38	1.2727272727272727	0.6500623021433414
chr1:154966034	wtdmso	mtcsc	4	8	43	39	0.45348837209302323	0.3545312507458667
chr1:154966222	wtdmso	mtcsc	2	4	31	32	0.5161290322580645	0.6750361902860281
chr1:154966429	wtdmso	mtcsc	13	15	23	23	0.8666666666666667	0.8138227090599892
chr1:154966445	wtdmso	mtcsc	5	2	35	39	2.7857142857142856	0.26398158803222094
chr1:154966463	wtdmso	mtcsc	5	2	34	47	3.4558823529411766	0.23370042035838023
chr1:154967690	wtdmso	mtcsc	2	5	34	39	0.4588235294117647	0.4493055911443653
chr1:154967700	wtdmso	mtcsc	9	4	30	42	3.15	0.07804486790955976
chr1:154970055	wtdmso	mtcsc	3	4	22	35	1.1931818181818181	1.0
chr1:154970123	wtdmso	mtcsc	1	1	26	35	1.3461538461538463	1.0
chr1:154970162	wtdmso	mtcsc	3	6	26	32	0.6153846153846154	0.721181835098536
chr1:154970191	wtdmso	mtcsc	1	5	26	30	0.23076923076923078	0.21976233762805036
chr1:154970197	wtdmso	mtcsc	2	4	23	31	0.6739130434782609	1.0
chr1:154970224	wtdmso	mtcsc	2	4	14	31	1.1071428571428572	1.0
chr1:154970643	wtdmso	mtcsc	3	5	8	20	1.5	0.6781100278450275
chr1:154970652	wtdmso	mtcsc	3	4	18	12	0.5	0.43727883481204155
chr1:155059953	wtdmso	mtcsc	3	8	8	23	1.078125	1.0
chr1:155060325	wtdmso	mtcsc	4	4	22	32	1.4545454545454546	0.710100375083862
chr1:155060795	wtdmso	mtcsc	5	5	22	27	1.2272727272727273	1.0
chr1:155062501	wtdmso	mtcsc	4	2	18	32	3.5555555555555554	0.1976870090077637
chr1:155062534	wtdmso	mtcsc	3	7	8	28	1.5	0.682443861221714
chr1:155062582	wtdmso	mtcsc	2	6	23	30	0.43478260869565216	0.45252151274796193
chr1:155062598	wtdmso	mtcsc	4	2	23	36	3.130434782608696	0.22351490722392353
chr1:155062615	wtdmso	mtcsc	5	2	24	35	3.6458333333333335	0.22591672275371377
chr1:155062656	wtdmso	mtcsc	1	1	22	30	1.3636363636363635	1.0
chr1:155169439	wtdmso	mtcsc	2	2	48	57	1.1875	1.0
chr1:155169443	wtdmso	mtcsc	2	4	41	52	0.6341463414634146	0.694704517380312
chr1:155173241	wtdmso	mtcsc	5	2	37	45	3.0405405405405403	0.24773663394437567
chr1:156009130	wtdmso	mtcsc	17	37	6	12	0.918918918918919	1.0
chr1:156009195	wtdmso	mtcsc	1	1	19	38	2.0	1.0
chr1:156009203	wtdmso	mtcsc	12	40	10	18	0.54	0.2951152179758274
chr1:156009376	wtdmso	mtcsc	5	16	14	38	0.8482142857142857	1.0
chr1:156009467	wtdmso	mtcsc	1	6	20	46	0.38333333333333336	0.6650308006645296
chr1:156009543	wtdmso	mtcsc	3	2	18	50	4.166666666666667	0.13948751073045382
chr1:156009564	wtdmso	mtcsc	3	4	20	43	1.6125	0.6762639714324307
chr1:156009622	wtdmso	mtcsc	1	1	20	48	2.4	0.5130434782608695
chr1:156009645	wtdmso	mtcsc	4	6	18	51	1.8888888888888888	0.45243849319490964
chr1:156011863	wtdmso	mtcsc	1	2	20	44	1.1	1.0
chr1:156018281	wtdmso	mtcsc	1	1	19	50	2.6315789473684212	0.48692152917505027
chr1:156018349	wtdmso	mtcsc	1	12	19	41	0.17982456140350878	0.09704289001405124
chr1:156020046	wtdmso	mtcsc	1	6	19	45	0.39473684210526316	0.6643924208794285
chr1:156054880	wtdmso	mtcsc	3	5	7	6	0.5142857142857142	0.6594427244582044
chr1:156055417	wtdmso	mtcsc	4	5	6	5	0.6666666666666666	1.0
chr1:156058468	wtdmso	mtcsc	1	1	9	12	1.3333333333333333	1.0
chr1:156134905	wtdmso	mtcsc	4	6	6	25	2.7777777777777777	0.222065082920818
chr1:156135958	wtdmso	mtcsc	1	1	10	37	3.7	0.4022108843537415
chr1:156136977	wtdmso	mtcsc	5	6	5	28	4.666666666666667	0.08987571942463425
chr1:156137176	wtdmso	mtcsc	1	8	12	37	0.3854166666666667	0.667607075018481
chr1:156137194	wtdmso	mtcsc	1	5	13	38	0.5846153846153846	1.0
chr1:156137686	wtdmso	mtcsc	3	16	8	39	0.9140625	1.0
chr1:156137723	wtdmso	mtcsc	2	4	10	39	1.95	0.6015417213197456
chr1:156309126	wtdmso	mtcsc	2	3	9	10	0.7407407407407407	1.0
chr1:156310614	wtdmso	mtcsc	2	1	9	11	2.4444444444444446	0.5900621118012422
chr1:156592172	wtdmso	mtcsc	4	2	6	8	2.6666666666666665	0.628482972136223
chr1:156593424	wtdmso	mtcsc	6	5	5	6	1.44	1.0
chr1:156593484	wtdmso	mtcsc	2	1	9	11	2.4444444444444446	0.5900621118012422
chr1:156594037	wtdmso	mtcsc	5	3	5	7	2.3333333333333335	0.6499166468206716
chr1:156742154	wtdmso	mtcsc	5	2	40	39	2.4375	0.4369635404362548
chr1:156742183	wtdmso	mtcsc	7	1	34	35	7.205882352941177	0.06070757888339659
chr1:156742300	wtdmso	mtcsc	3	3	38	32	0.8421052631578947	1.0
chr1:156742352	wtdmso	mtcsc	5	1	24	12	2.5	0.6468445338791937
chr1:156742755	wtdmso	mtcsc	1	4	16	25	0.390625	0.6374666789226952
chr1:156742897	wtdmso	mtcsc	1	1	12	13	1.0833333333333333	1.0
chr1:15784871	wtdmso	mtcsc	5	4	9	6	0.8333333333333334	1.0
chr1:15784955	wtdmso	mtcsc	6	3	22	7	0.6363636363636364	0.6731411327436495
chr1:15785991	wtdmso	mtcsc	1	1	10	11	1.1	1.0
chr1:15786321	wtdmso	mtcsc	2	1	11	12	2.1818181818181817	1.0
chr1:15786383	wtdmso	mtcsc	3	4	12	10	0.625	0.6816591704147927
chr1:15786486	wtdmso	mtcsc	2	1	9	13	2.888888888888889	0.5647826086956521
chr1:159918295	wtdmso	mtcsc	21	18	69	165	2.789855072463768	0.005144961918305491
chr1:159918351	wtdmso	mtcsc	17	21	82	189	1.8658536585365855	0.09391862720485727
chr1:159918401	wtdmso	mtcsc	17	23	41	86	1.5503711558854718	0.25702577777098684
chr1:159918554	wtdmso	mtcsc	2	9	61	138	0.5027322404371585	0.5113031103291794
chr1:159918582	wtdmso	mtcsc	2	4	62	141	1.1370967741935485	1.0
chr1:159918587	wtdmso	mtcsc	13	11	76	167	2.59688995215311	0.03867218163549588
chr1:159918727	wtdmso	mtcsc	3	1	64	126	5.90625	0.11973868623610802
chr1:159918831	wtdmso	mtcsc	4	9	63	133	0.9382716049382716	1.0
chr1:159918917	wtdmso	mtcsc	18	25	53	131	1.779622641509434	0.1033254070446705
chr1:159919369	wtdmso	mtcsc	4	8	53	115	1.0849056603773586	1.0
chr1:159919671	wtdmso	mtcsc	2	2	46	81	1.7608695652173914	0.623587649701621
chr1:159919689	wtdmso	mtcsc	2	3	52	96	1.2307692307692308	1.0
chr1:159920348	wtdmso	mtcsc	15	22	46	85	1.2598814229249011	0.5656269274525113
chr1:159920357	wtdmso	mtcsc	11	7	48	96	3.142857142857143	0.03508661270350141
chr1:159920494	wtdmso	mtcsc	4	2	36	83	4.611111111111111	0.08229848236658416
chr1:165649886	wtdmso	mtcsc	2	7	21	64	0.8707482993197279	1.0
chr1:165651083	wtdmso	mtcsc	2	12	22	60	0.45454545454545453	0.5062647724640676
chr1:165655524	wtdmso	mtcsc	1	3	23	66	0.9565217391304348	1.0
chr1:167541058	wtdmso	mtcsc	9	11	25	27	0.8836363636363637	1.0
chr1:167541121	wtdmso	mtcsc	5	5	33	52	1.5757575757575757	0.5142000752471133
chr1:167541126	wtdmso	mtcsc	16	28	20	27	0.7714285714285715	0.668496076284189
chr1:167541138	wtdmso	mtcsc	4	11	33	42	0.4628099173553719	0.2602267828213644
chr1:167541305	wtdmso	mtcsc	6	7	31	48	1.327188940092166	0.7622997933838455
chr1:167541468	wtdmso	mtcsc	2	1	26	27	2.076923076923077	1.0
chr1:167541549	wtdmso	mtcsc	5	7	26	25	0.6868131868131868	0.7499603359975584
chr1:167541649	wtdmso	mtcsc	1	1	30	31	1.0333333333333334	1.0
chr1:167541689	wtdmso	mtcsc	10	7	22	22	1.4285714285714286	0.5795124698033918
chr1:167541781	wtdmso	mtcsc	2	3	22	23	0.696969696969697	1.0
chr1:167542127	wtdmso	mtcsc	1	3	33	37	0.37373737373737376	0.6197026662008336
chr1:167542291	wtdmso	mtcsc	2	2	36	46	1.2777777777777777	1.0
chr1:167546131	wtdmso	mtcsc	11	13	20	35	1.4807692307692308	0.46093350415741174
chr1:167546144	wtdmso	mtcsc	1	4	18	33	0.4583333333333333	0.652163873861987
chr1:167546157	wtdmso	mtcsc	6	12	32	32	0.5	0.28654617723508935
chr1:167548006	wtdmso	mtcsc	5	4	31	38	1.532258064516129	0.7252285277753154
chr1:167548012	wtdmso	mtcsc	4	6	34	37	0.7254901960784313	0.7427755971366166
chr1:167548093	wtdmso	mtcsc	2	1	27	39	2.888888888888889	0.5682711760888652
chr1:167553625	wtdmso	mtcsc	11	7	22	32	2.2857142857142856	0.17488814588029383
chr1:17022665	wtdmso	mtcsc	3	9	7	35	1.6666666666666667	0.6744772228616371
chr1:173477488	wtdmso	mtcsc	3	3	64	87	1.359375	0.7008198678877112
chr1:173481354	wtdmso	mtcsc	2	1	65	76	2.3384615384615386	0.5977338389310219
chr1:173481450	wtdmso	mtcsc	1	5	77	95	0.24675324675324675	0.2324969128956976
chr1:173481462	wtdmso	mtcsc	2	3	81	99	0.8148148148148148	1.0
chr1:173485495	wtdmso	mtcsc	16	23	72	79	0.7632850241545893	0.47745057261660745
chr1:173486321	wtdmso	mtcsc	10	17	79	90	0.6701414743112435	0.4083269880518776
chr1:173487787	wtdmso	mtcsc	9	9	79	96	1.2151898734177216	0.8051605589904254
chr1:173487938	wtdmso	mtcsc	5	9	82	88	0.5962059620596206	0.41572238125090066
chr1:173863972	wtdmso	mtcsc	1	1	118	125	1.0593220338983051	1.0
chr1:173864017	wtdmso	mtcsc	1	1	116	122	1.0517241379310345	1.0
chr1:173864292	wtdmso	mtcsc	2	2	116	131	1.1293103448275863	1.0
chr1:173864487	wtdmso	mtcsc	2	2	115	125	1.0869565217391304	1.0
chr1:173864702	wtdmso	mtcsc	10	16	89	89	0.625	0.29997918215124436
chr1:173865263	wtdmso	mtcsc	11	3	109	124	4.17125382262997	0.026658945295631432
chr1:173865502	wtdmso	mtcsc	1	2	67	71	0.5298507462686567	1.0
chr1:173865518	wtdmso	mtcsc	5	5	101	101	1.0	1.0
chr1:173865873	wtdmso	mtcsc	2	2	95	111	1.168421052631579	1.0
chr1:173866547	wtdmso	mtcsc	1	1	115	126	1.0956521739130434	1.0
chr1:1785330	wtdmso	mtcsc	4	5	26	28	0.8615384615384616	1.0
chr1:1785504	wtdmso	mtcsc	1	1	28	31	1.1071428571428572	1.0
chr1:1785515	wtdmso	mtcsc	1	1	25	32	1.28	1.0
chr1:1785596	wtdmso	mtcsc	1	1	28	30	1.0714285714285714	1.0
chr1:1785984	wtdmso	mtcsc	1	2	10	15	0.75	1.0
chr1:1786944	wtdmso	mtcsc	14	13	20	22	1.1846153846153846	0.8075248036925913
chr1:1787034	wtdmso	mtcsc	1	3	35	33	0.3142857142857143	0.614206981016534
chr1:1787334	wtdmso	mtcsc	5	7	29	31	0.7635467980295566	0.7583296092963583
chr1:1787392	wtdmso	mtcsc	7	9	26	28	0.8376068376068376	0.7838627636919019
chr1:1789181	wtdmso	mtcsc	3	5	19	21	0.6631578947368421	0.7101906941879909
chr1:1789195	wtdmso	mtcsc	1	1	31	34	1.096774193548387	1.0
chr1:1790410	wtdmso	mtcsc	3	2	25	17	1.02	1.0
chr1:1790502	wtdmso	mtcsc	1	3	29	18	0.20689655172413793	0.2932773109243698
chr1:1804425	wtdmso	mtcsc	3	2	27	17	0.9444444444444444	1.0
chr1:1815810	wtdmso	mtcsc	1	1	21	15	0.7142857142857143	1.0
chr1:183235617	wtdmso	mtcsc	1	1	26	9	0.34615384615384615	0.472972972972973
chr1:183236493	wtdmso	mtcsc	3	2	27	8	0.4444444444444444	0.5835157019367546
chr1:183237451	wtdmso	mtcsc	3	1	45	14	0.9333333333333333	1.0
chr1:183239381	wtdmso	mtcsc	5	1	54	25	2.314814814814815	0.6617931954183706
chr1:183239456	wtdmso	mtcsc	6	3	58	37	1.2758620689655173	1.0
chr1:183239559	wtdmso	mtcsc	38	31	61	44	0.884188260179799	0.7550613991980463
chr1:183240055	wtdmso	mtcsc	36	26	86	66	1.0626118067978534	0.8798970223060808
chr1:183240072	wtdmso	mtcsc	11	7	113	90	1.2515802781289507	0.8055532178701524
chr1:183240104	wtdmso	mtcsc	30	9	104	88	2.8205128205128207	0.012011050065776994
chr1:183240172	wtdmso	mtcsc	4	2	145	108	1.4896551724137932	1.0
chr1:183243211	wtdmso	mtcsc	1	1	168	106	0.6309523809523809	1.0
chr1:183243332	wtdmso	mtcsc	41	24	159	108	1.1603773584905661	0.6723944095815282
chr1:183243341	wtdmso	mtcsc	28	21	175	110	0.8380952380952381	0.6353526165645353
chr1:183243350	wtdmso	mtcsc	51	23	142	103	1.608389467238212	0.10404334276366692
chr1:183243487	wtdmso	mtcsc	22	24	188	114	0.5558510638297872	0.07509358671373975
chr1:183243495	wtdmso	mtcsc	15	12	202	130	0.8044554455445545	0.6831420107861974
chr1:183243526	wtdmso	mtcsc	15	11	85	54	0.8663101604278075	0.8277437253376099
chr1:183243531	wtdmso	mtcsc	20	12	183	116	1.0564663023679417	1.0
chr1:183243645	wtdmso	mtcsc	34	14	166	116	1.6970740103270223	0.15004654746207197
chr1:183243659	wtdmso	mtcsc	89	71	115	70	0.7630128597672995	0.22872361272341266
chr1:183243672	wtdmso	mtcsc	6	5	184	115	0.75	0.7551016063541568
chr1:183243676	wtdmso	mtcsc	12	8	213	140	0.9859154929577465	1.0
chr1:183243732	wtdmso	mtcsc	33	27	152	90	0.7236842105263158	0.30089517617150013
chr1:183243777	wtdmso	mtcsc	23	30	204	113	0.4246732026143791	0.005688902308425161
chr1:183243790	wtdmso	mtcsc	17	9	227	149	1.2398433675966716	0.6821284156557885
chr1:183243796	wtdmso	mtcsc	49	32	179	112	0.9581005586592178	0.8977390724214831
chr1:183243832	wtdmso	mtcsc	18	9	191	126	1.3193717277486912	0.5463866382622569
chr1:183243942	wtdmso	mtcsc	98	61	168	108	1.0327868852459017	0.9187855888342467
chr1:183243992	wtdmso	mtcsc	30	31	217	121	0.539616470938011	0.03153831051194337
chr1:183244056	wtdmso	mtcsc	36	35	174	103	0.6088669950738916	0.07686960573691592
chr1:183244067	wtdmso	mtcsc	12	6	252	162	1.2857142857142858	0.8058731938206778
chr1:183244258	wtdmso	mtcsc	118	69	111	66	1.0168429298864081	1.0
chr1:183244474	wtdmso	mtcsc	11	4	250	144	1.584	0.5870519104789638
chr1:183244526	wtdmso	mtcsc	12	5	230	122	1.2730434782608695	0.7966635676754266
chr1:183244553	wtdmso	mtcsc	10	6	153	91	0.9912854030501089	1.0
chr1:183244561	wtdmso	mtcsc	2	3	95	55	0.38596491228070173	0.3634045644048534
chr1:183244628	wtdmso	mtcsc	26	19	96	61	0.8695175438596491	0.7308860301917826
chr1:183244754	wtdmso	mtcsc	28	15	79	56	1.3232067510548524	0.479013346495025
chr1:183244795	wtdmso	mtcsc	4	3	114	76	0.8888888888888888	1.0
chr1:183244825	wtdmso	mtcsc	3	2	116	77	0.9956896551724138	1.0
chr1:183244888	wtdmso	mtcsc	10	2	88	66	3.75	0.1250468283585068
chr1:183626312	wtdmso	mtcsc	1	1	9	11	1.2222222222222223	1.0
chr1:183626324	wtdmso	mtcsc	3	3	7	9	1.2857142857142858	1.0
chr1:19304001	wtdmso	mtcsc	1	2	9	33	1.8333333333333333	0.5387596899224807
chr1:19304142	wtdmso	mtcsc	1	3	9	33	1.2222222222222223	1.0
chr1:19307089	wtdmso	mtcsc	1	3	9	30	1.1111111111111112	1.0
chr1:19307344	wtdmso	mtcsc	1	4	9	15	0.4166666666666667	0.6328154604016673
chr1:19311914	wtdmso	mtcsc	4	12	7	9	0.42857142857142855	0.45779368380325963
chr1:19339142	wtdmso	mtcsc	10	9	23	40	1.932367149758454	0.28643490372098324
chr1:19339146	wtdmso	mtcsc	11	18	18	27	0.9166666666666666	1.0
chr1:19339293	wtdmso	mtcsc	1	1	11	34	3.090909090909091	0.4495837187789084
chr1:19345226	wtdmso	mtcsc	5	9	22	36	0.9090909090909091	1.0
chr1:19345236	wtdmso	mtcsc	1	3	26	42	0.5384615384615384	1.0
chr1:19356659	wtdmso	mtcsc	4	9	19	36	0.8421052631578947	1.0
chr1:19385513	wtdmso	mtcsc	3	5	19	39	1.231578947368421	1.0
chr1:19657124	wtdmso	mtcsc	4	5	6	5	0.6666666666666666	1.0
chr1:19657733	wtdmso	mtcsc	2	2	28	10	0.35714285714285715	0.5647279549718575
chr1:19658093	wtdmso	mtcsc	3	4	31	21	0.5080645161290323	0.4426442656453853
chr1:19658103	wtdmso	mtcsc	3	4	34	22	0.4852941176470588	0.4335800876023663
chr1:19658127	wtdmso	mtcsc	16	9	23	18	1.391304347826087	0.6103500467832071
chr1:19658137	wtdmso	mtcsc	18	6	15	10	2.0	0.3635015934408894
chr1:19658225	wtdmso	mtcsc	1	1	37	26	0.7027027027027027	1.0
chr1:19658399	wtdmso	mtcsc	8	3	19	8	1.1228070175438596	1.0
chr1:19658415	wtdmso	mtcsc	4	1	20	11	2.2	0.645658263305322
chr1:201332176	wtdmso	mtcsc	3	1	9	10	3.3333333333333335	0.5900621118012421
chr1:201332302	wtdmso	mtcsc	3	1	21	10	1.4285714285714286	1.0
chr1:201332356	wtdmso	mtcsc	2	1	21	10	0.9523809523809523	1.0
chr1:201332412	wtdmso	mtcsc	1	4	12	8	0.16666666666666666	0.16024844720496895
chr1:201332442	wtdmso	mtcsc	1	2	23	9	0.1956521739130435	0.22689075630252095
chr1:201332597	wtdmso	mtcsc	5	1	22	9	2.0454545454545454	1.0
chr1:201332603	wtdmso	mtcsc	6	3	19	9	0.9473684210526315	1.0
chr1:201332698	wtdmso	mtcsc	1	3	26	8	0.10256410256410256	0.06482422271895956
chr1:201332718	wtdmso	mtcsc	1	1	25	11	0.44	0.5376955903271694
chr1:201332768	wtdmso	mtcsc	13	8	12	2	0.2708333333333333	0.25164323996359594
chr1:201332781	wtdmso	mtcsc	1	4	21	7	0.08333333333333333	0.032536151279199114
chr1:201332787	wtdmso	mtcsc	5	1	22	9	2.0454545454545454	1.0
chr1:201465661	wtdmso	mtcsc	3	3	22	39	1.7727272727272727	0.6635225631373922
chr1:201465737	wtdmso	mtcsc	21	33	6	8	0.8484848484848485	1.0
chr1:201465890	wtdmso	mtcsc	19	25	3	8	2.026666666666667	0.4950695668548686
chr1:201465998	wtdmso	mtcsc	8	14	4	16	2.2857142857142856	0.3147544186096507
chr1:201466007	wtdmso	mtcsc	14	12	12	24	2.3333333333333335	0.12487606536931946
chr1:201468422	wtdmso	mtcsc	1	4	11	20	0.45454545454545453	0.6456582633053222
chr1:201468449	wtdmso	mtcsc	1	2	10	12	0.6	1.0
chr1:201468466	wtdmso	mtcsc	1	2	9	14	0.7777777777777778	1.0
chr1:201483727	wtdmso	mtcsc	1	5	9	23	0.5111111111111111	1.0
chr1:203865059	wtdmso	mtcsc	4	5	18	5	0.2222222222222222	0.09600838538547102
chr1:20652868	wtdmso	mtcsc	1	1	12	28	2.3333333333333335	0.5284552845528455
chr1:20653633	wtdmso	mtcsc	6	4	22	25	1.7045454545454546	0.5044979262807407
chr1:20653664	wtdmso	mtcsc	3	2	19	25	1.9736842105263157	0.6456653891899035
chr1:20654348	wtdmso	mtcsc	3	1	18	27	4.5	0.3006475485661425
chr1:20655505	wtdmso	mtcsc	10	10	11	17	1.5454545454545454	0.5596432059532667
chr1:209428937	wtdmso	mtcsc	1	1	64	9	0.140625	0.25045045045045045
chr1:209429217	wtdmso	mtcsc	19	3	66	8	0.7676767676767676	0.7104942995652284
chr1:209429336	wtdmso	mtcsc	22	2	51	8	1.7254901960784315	0.7161216539739583
chr1:209429389	wtdmso	mtcsc	41	5	48	7	1.1958333333333333	1.0
chr1:209432343	wtdmso	mtcsc	27	3	63	10	1.4285714285714286	0.7514451175363067
chr1:209432357	wtdmso	mtcsc	20	2	52	10	1.9230769230769231	0.7235104811335884
chr1:209432460	wtdmso	mtcsc	11	2	64	10	0.859375	1.0
chr1:209432513	wtdmso	mtcsc	4	1	88	12	0.5454545454545454	0.49071252070952387
chr1:209614946	wtdmso	mtcsc	76	41	431	267	1.1483221096712126	0.5377244281486786
chr1:209614959	wtdmso	mtcsc	65	33	470	277	1.1608639587362992	0.5776204730096529
chr1:209615037	wtdmso	mtcsc	23	12	551	336	1.1687840290381126	0.7252340336749525
chr1:209615069	wtdmso	mtcsc	20	18	491	291	0.658520027155465	0.23139656142584858
chr1:209615073	wtdmso	mtcsc	7	1	544	333	4.2849264705882355	0.27053697979938607
chr1:209615086	wtdmso	mtcsc	229	169	171	98	0.7765666632063393	0.12634394504326768
chr1:209615148	wtdmso	mtcsc	43	38	447	258	0.6531261038502296	0.08948218646350886
chr1:209615177	wtdmso	mtcsc	139	95	420	249	0.8674436090225564	0.3897630965976079
chr1:209615313	wtdmso	mtcsc	9	10	508	314	0.5562992125984252	0.2355330320702052
chr1:209615342	wtdmso	mtcsc	202	143	224	135	0.8513361638361638	0.3164141555617156
chr1:209615347	wtdmso	mtcsc	2	1	482	286	1.1867219917012448	1.0
chr1:209615352	wtdmso	mtcsc	8	9	405	238	0.5223593964334705	0.2077588058436155
chr1:209616481	wtdmso	mtcsc	4	3	458	283	0.8238719068413392	1.0
chr1:209616497	wtdmso	mtcsc	2	2	436	289	0.6628440366972477	0.6532111880645358
chr1:209616524	wtdmso	mtcsc	5	3	429	262	1.017871017871018	1.0
chr1:209616583	wtdmso	mtcsc	22	9	353	228	1.578847969782814	0.34420007322721535
chr1:209617516	wtdmso	mtcsc	6	1	199	142	4.28140703517588	0.24711954565922734
chr1:209617524	wtdmso	mtcsc	11	7	183	134	1.150663544106167	0.8122069516526182
chr1:209617540	wtdmso	mtcsc	19	11	157	111	1.2211928199189346	0.697729941629184
chr1:209617549	wtdmso	mtcsc	11	17	162	101	0.4034132171387073	0.026409012651765693
chr1:209617919	wtdmso	mtcsc	7	6	138	97	0.8200483091787439	0.7773392640558703
chr1:209617961	wtdmso	mtcsc	19	17	134	92	0.7673397717295873	0.4721506212241921
chr1:209617986	wtdmso	mtcsc	10	8	147	104	0.8843537414965986	0.8092408508972244
chr1:209618000	wtdmso	mtcsc	21	14	128	92	1.078125	1.0
chr1:209618496	wtdmso	mtcsc	4	6	125	90	0.48	0.33163051769666785
chr1:209618506	wtdmso	mtcsc	3	3	137	96	0.7007299270072993	0.6939614806223465
chr1:209618523	wtdmso	mtcsc	3	4	132	98	0.5568181818181818	0.46748085136203593
chr1:209618589	wtdmso	mtcsc	2	1	119	95	1.596638655462185	1.0
chr1:209618658	wtdmso	mtcsc	3	3	118	84	0.711864406779661	0.6961049817174145
chr1:209622546	wtdmso	mtcsc	3	7	95	65	0.2932330827067669	0.09833503098530079
chr1:209622992	wtdmso	mtcsc	3	6	89	67	0.37640449438202245	0.18591835095861314
chr1:209623521	wtdmso	mtcsc	6	8	90	64	0.5333333333333333	0.27467723309513337
chr1:209623526	wtdmso	mtcsc	10	12	49	39	0.6632653061224489	0.47563116864795074
chr1:209623631	wtdmso	mtcsc	13	12	85	57	0.7264705882352941	0.5124430361132418
chr1:209623643	wtdmso	mtcsc	4	2	83	69	1.6626506024096386	0.6913637616459255
chr1:209623995	wtdmso	mtcsc	19	15	71	56	0.9990610328638497	1.0
chr1:209625773	wtdmso	mtcsc	9	3	74	66	2.675675675675676	0.22633698116905743
chr1:209625820	wtdmso	mtcsc	5	3	68	62	1.5196078431372548	0.7222453372775077
chr1:209625851	wtdmso	mtcsc	3	8	54	46	0.3194444444444444	0.11787165909447052
chr1:209625929	wtdmso	mtcsc	3	3	67	61	0.9104477611940298	1.0
chr1:209625945	wtdmso	mtcsc	1	4	56	49	0.21875	0.19403154411299828
chr1:209626002	wtdmso	mtcsc	3	4	64	53	0.62109375	0.7020636636478461
chr1:209626019	wtdmso	mtcsc	21	26	45	36	0.6461538461538462	0.2731827637679402
chr1:209626896	wtdmso	mtcsc	11	9	49	49	1.2222222222222223	0.8073965120816378
chr1:209627430	wtdmso	mtcsc	13	12	47	48	1.1063829787234043	1.0
chr1:209627479	wtdmso	mtcsc	3	2	59	53	1.347457627118644	1.0
chr1:209627545	wtdmso	mtcsc	2	2	52	52	1.0	1.0
chr1:209627572	wtdmso	mtcsc	6	11	51	41	0.4385026737967914	0.18599060317795552
chr1:209628065	wtdmso	mtcsc	4	4	52	48	0.9230769230769231	1.0
chr1:209628090	wtdmso	mtcsc	5	6	56	49	0.7291666666666666	0.7542694910836758
chr1:209628136	wtdmso	mtcsc	6	6	49	43	0.8775510204081632	1.0
chr1:209628144	wtdmso	mtcsc	8	4	52	47	1.8076923076923077	0.5413285970209503
chr1:209629745	wtdmso	mtcsc	2	2	54	45	0.8333333333333334	1.0
chr1:209629774	wtdmso	mtcsc	11	3	37	42	4.162162162162162	0.04115668740008442
chr1:209629807	wtdmso	mtcsc	19	14	37	32	1.1737451737451738	0.8320720279488314
chr1:209629825	wtdmso	mtcsc	5	8	40	24	0.375	0.13122244962893495
chr1:209629837	wtdmso	mtcsc	7	3	48	43	2.0902777777777777	0.3392958302739285
chr1:209629885	wtdmso	mtcsc	1	1	52	40	0.7692307692307693	1.0
chr1:209632757	wtdmso	mtcsc	1	1	45	34	0.7555555555555555	1.0
chr1:209637974	wtdmso	mtcsc	6	3	32	25	1.5625	0.7223421960701828
chr1:209638622	wtdmso	mtcsc	10	6	21	22	1.746031746031746	0.39340234729658585
chr1:209649986	wtdmso	mtcsc	4	1	25	14	2.24	0.6467153096478109
chr1:209649998	wtdmso	mtcsc	4	1	23	15	2.608695652173913	0.6353618021230046
chr1:209650002	wtdmso	mtcsc	4	2	27	25	1.8518518518518519	0.6751634661267232
chr1:209650034	wtdmso	mtcsc	3	3	27	22	0.8148148148148148	1.0
chr1:209650051	wtdmso	mtcsc	2	1	26	11	0.8461538461538461	1.0
chr1:209650938	wtdmso	mtcsc	3	1	30	15	1.5	1.0
chr1:209652379	wtdmso	mtcsc	5	2	21	10	1.1904761904761905	1.0
chr1:209675816	wtdmso	mtcsc	31	29	78	59	0.8085764809902741	0.5352070265996045
chr1:209675856	wtdmso	mtcsc	2	2	111	86	0.7747747747747747	1.0
chr1:209675946	wtdmso	mtcsc	24	16	77	57	1.1103896103896105	0.8559744871158391
chr1:209675998	wtdmso	mtcsc	78	54	68	59	1.2532679738562091	0.38289155098179806
chr1:209676008	wtdmso	mtcsc	1	4	142	105	0.18485915492957747	0.1691799734847985
chr1:209676037	wtdmso	mtcsc	3	1	142	114	2.408450704225352	0.6321603886530138
chr1:209676043	wtdmso	mtcsc	31	23	107	89	1.1210889882161723	0.7587500035059429
chr1:209676047	wtdmso	mtcsc	16	6	86	69	2.13953488372093	0.1672210550819197
chr1:209676067	wtdmso	mtcsc	16	13	99	75	0.9324009324009324	1.0
chr1:209676095	wtdmso	mtcsc	13	14	135	96	0.6603174603174603	0.3128204138720286
chr1:209676139	wtdmso	mtcsc	16	10	4	1	0.4	0.630983279481611
chr1:209676162	wtdmso	mtcsc	4	4	116	96	0.8275862068965517	1.0
chr1:209676171	wtdmso	mtcsc	67	52	52	40	0.9911242603550295	1.0
chr1:209676175	wtdmso	mtcsc	26	19	81	53	0.8953866146848602	0.8607135737708989
chr1:209676245	wtdmso	mtcsc	6	4	96	78	1.21875	1.0
chr1:209676346	wtdmso	mtcsc	18	12	75	76	1.52	0.3242344522146896
chr1:209676375	wtdmso	mtcsc	3	2	60	60	1.5	1.0
chr1:209785772	wtdmso	mtcsc	1	2	20	10	0.25	0.5381231671554252
chr1:209785786	wtdmso	mtcsc	2	3	20	9	0.3	0.3192599620493358
chr1:212444383	wtdmso	mtcsc	2	9	22	29	0.29292929292929293	0.17763828150433988
chr1:212444437	wtdmso	mtcsc	2	1	22	39	3.5454545454545454	0.5506912442396312
chr1:212445849	wtdmso	mtcsc	5	7	21	37	1.2585034013605443	0.7509489464717354
chr1:212445956	wtdmso	mtcsc	6	8	15	28	1.4	0.7510318305319439
chr1:212446051	wtdmso	mtcsc	3	1	24	41	5.125	0.2918793616201717
chr1:212446077	wtdmso	mtcsc	1	1	22	40	1.8181818181818181	1.0
chr1:223750955	wtdmso	mtcsc	1	1	9	12	1.3333333333333333	1.0
chr1:223752947	wtdmso	mtcsc	2	1	9	16	3.5555555555555554	0.5433455433455433
chr1:223755479	wtdmso	mtcsc	2	3	9	14	1.037037037037037	1.0
chr1:223759421	wtdmso	mtcsc	3	2	17	13	1.1470588235294117	1.0
chr1:223770471	wtdmso	mtcsc	1	1	25	34	1.36	1.0
chr1:223774864	wtdmso	mtcsc	2	4	28	38	0.6785714285714286	1.0
chr1:223774908	wtdmso	mtcsc	5	6	23	23	0.8333333333333334	1.0
chr1:223774942	wtdmso	mtcsc	3	6	18	16	0.4444444444444444	0.45655263012041225
chr1:223774959	wtdmso	mtcsc	2	1	26	29	2.230769230769231	0.6052631578947371
chr1:223775090	wtdmso	mtcsc	1	4	19	17	0.2236842105263158	0.3433395872420263
chr1:223775237	wtdmso	mtcsc	3	1	20	40	6.0	0.12821699277278334
chr1:223775348	wtdmso	mtcsc	1	1	36	51	1.4166666666666667	1.0
chr1:223775561	wtdmso	mtcsc	6	8	39	51	0.9807692307692307	1.0
chr1:223775612	wtdmso	mtcsc	6	10	34	39	0.6882352941176471	0.586498737718425
chr1:223775639	wtdmso	mtcsc	2	3	45	56	0.8296296296296296	1.0
chr1:223775648	wtdmso	mtcsc	18	17	25	40	1.6941176470588235	0.289746276558464
chr1:223775688	wtdmso	mtcsc	2	5	42	54	0.5142857142857142	0.6957787265770798
chr1:223775716	wtdmso	mtcsc	5	9	37	46	0.6906906906906907	0.5758502916124169
chr1:224375817	wtdmso	mtcsc	1	3	12	38	1.0555555555555556	1.0
chr1:224375882	wtdmso	mtcsc	3	1	11	41	11.181818181818182	0.044349151896321715
chr1:224375903	wtdmso	mtcsc	1	8	12	31	0.3229166666666667	0.42028280692480513
chr1:224375909	wtdmso	mtcsc	1	4	10	34	0.85	1.0
chr1:226064369	wtdmso	mtcsc	1	2	34	49	0.7205882352941176	1.0
chr1:226065706	wtdmso	mtcsc	13	25	29	35	0.6275862068965518	0.3038023527529006
chr1:226065759	wtdmso	mtcsc	4	8	34	51	0.75	0.7597874548805443
chr1:226071438	wtdmso	mtcsc	2	3	38	54	0.9473684210526315	1.0
chr1:226071629	wtdmso	mtcsc	4	4	36	57	1.5833333333333333	0.7091593557563383
chr1:226071733	wtdmso	mtcsc	7	5	36	55	2.138888888888889	0.23148344537373985
chr1:226071792	wtdmso	mtcsc	2	2	24	43	1.7916666666666667	0.6202895120081101
chr1:226071909	wtdmso	mtcsc	2	3	26	37	0.9487179487179487	1.0
chr1:228097121	wtdmso	mtcsc	2	2	25	51	2.04	0.6000821962847279
chr1:228097243	wtdmso	mtcsc	2	2	34	61	1.7941176470588236	0.6202302851787388
chr1:228097371	wtdmso	mtcsc	6	9	28	46	1.0952380952380953	1.0
chr1:228097443	wtdmso	mtcsc	8	19	28	44	0.6616541353383458	0.4846440757231681
chr1:228097608	wtdmso	mtcsc	2	1	33	54	3.272727272727273	0.5575842696629214
chr1:228097852	wtdmso	mtcsc	9	9	25	44	1.76	0.2946434527694799
chr1:228097921	wtdmso	mtcsc	11	21	32	49	0.8020833333333334	0.6714859026379901
chr1:228097973	wtdmso	mtcsc	13	16	25	50	1.625	0.3639941945420727
chr1:228097978	wtdmso	mtcsc	12	20	29	46	0.9517241379310345	1.0
chr1:228098002	wtdmso	mtcsc	2	4	44	61	0.6931818181818182	1.0
chr1:228098450	wtdmso	mtcsc	5	7	55	93	1.2077922077922079	0.7643271260007801
chr1:228098458	wtdmso	mtcsc	23	33	38	67	1.2288676236044658	0.6098125561589279
chr1:228098542	wtdmso	mtcsc	7	14	62	91	0.7338709677419355	0.6373137788565546
chr1:228098567	wtdmso	mtcsc	1	3	67	102	0.5074626865671642	1.0
chr1:228098987	wtdmso	mtcsc	2	4	74	108	0.7297297297297297	1.0
chr1:228099066	wtdmso	mtcsc	29	38	54	84	1.1871345029239766	0.6494127204213176
chr1:228146037	wtdmso	mtcsc	2	6	37	42	0.3783783783783784	0.2878845784133359
chr1:228146877	wtdmso	mtcsc	1	4	38	46	0.3026315789473684	0.3803821715528914
chr1:228147437	wtdmso	mtcsc	9	10	29	40	1.2413793103448276	0.7949912998577037
chr1:228147461	wtdmso	mtcsc	3	5	16	34	1.275	1.0
chr1:228148685	wtdmso	mtcsc	3	5	37	41	0.6648648648648648	0.7189337290927384
chr1:228148736	wtdmso	mtcsc	5	8	34	46	0.8455882352941176	1.0
chr1:228148838	wtdmso	mtcsc	3	3	32	42	1.3125	1.0
chr1:228148851	wtdmso	mtcsc	3	3	37	48	1.2972972972972974	1.0
chr1:228148903	wtdmso	mtcsc	3	5	23	34	0.8869565217391304	1.0
chr1:228148930	wtdmso	mtcsc	6	8	28	40	1.0714285714285714	1.0
chr1:228487847	wtdmso	mtcsc	1	5	10	26	0.52	1.0
chr1:228494092	wtdmso	mtcsc	8	9	18	24	1.1851851851851851	0.7805956538509009
chr1:228494100	wtdmso	mtcsc	6	15	25	26	0.416	0.12591436102134462
chr1:228494225	wtdmso	mtcsc	10	9	19	29	1.695906432748538	0.41515062012144616
chr1:228494353	wtdmso	mtcsc	10	15	24	30	0.8333333333333334	0.808916950864553
chr1:228494381	wtdmso	mtcsc	5	7	33	39	0.8441558441558441	1.0
chr1:228494807	wtdmso	mtcsc	1	3	39	46	0.39316239316239315	0.6243159271731215
chr1:235113790	wtdmso	mtcsc	3	2	27	56	3.111111111111111	0.33248352195000624
chr1:235119891	wtdmso	mtcsc	2	6	24	42	0.5833333333333334	0.7046081753685137
chr1:235128608	wtdmso	mtcsc	2	3	24	43	1.1944444444444444	1.0
chr1:235128623	wtdmso	mtcsc	5	6	24	47	1.6319444444444444	0.5072561948687855
chr1:23692630	wtdmso	mtcsc	13	8	334	397	1.9315119760479043	0.18294282118212699
chr1:23692643	wtdmso	mtcsc	83	95	282	328	1.016200074654722	0.9321274670684456
chr1:23692658	wtdmso	mtcsc	7	6	372	421	1.3203405017921146	0.7809720921137586
chr1:23692693	wtdmso	mtcsc	5	5	335	394	1.1761194029850746	1.0
chr1:23692697	wtdmso	mtcsc	2	5	332	376	0.4530120481927711	0.45794558744083147
chr1:23692740	wtdmso	mtcsc	3	1	390	446	3.4307692307692306	0.3450856272599086
chr1:23694684	wtdmso	mtcsc	1	5	394	441	0.22385786802030458	0.22225746394560464
chr1:23694705	wtdmso	mtcsc	16	23	371	414	0.7762803234501348	0.5123513220734209
chr1:23694727	wtdmso	mtcsc	27	41	382	429	0.739560720214532	0.256710906168245
chr1:23694753	wtdmso	mtcsc	22	26	359	410	0.9663595457467323	1.0
chr1:23694780	wtdmso	mtcsc	18	27	383	417	0.7258485639686684	0.35807500128373865
chr1:23695842	wtdmso	mtcsc	20	23	377	431	0.9941183254526583	1.0
chr1:23695862	wtdmso	mtcsc	15	11	384	429	1.5234375	0.3233156433157658
chr1:23795760	wtdmso	mtcsc	2	2	19	26	1.368421052631579	1.0
chr1:23795781	wtdmso	mtcsc	2	2	19	24	1.263157894736842	1.0
chr1:23795884	wtdmso	mtcsc	2	7	8	21	0.75	1.0
chr1:26170754	wtdmso	mtcsc	9	10	4	6	1.35	1.0
chr1:26170768	wtdmso	mtcsc	4	6	11	11	0.6666666666666666	0.7119528945204817
chr1:26280788	wtdmso	mtcsc	7	9	168	240	1.1111111111111112	1.0
chr1:26280831	wtdmso	mtcsc	3	4	175	235	1.0071428571428571	1.0
chr1:26280843	wtdmso	mtcsc	9	16	163	212	0.7315950920245399	0.535384267475647
chr1:26280918	wtdmso	mtcsc	12	12	158	209	1.3227848101265822	0.5299422884137519
chr1:26281058	wtdmso	mtcsc	10	15	191	259	0.9040139616055847	0.8389683211221127
chr1:26281086	wtdmso	mtcsc	16	11	196	280	2.0779220779220777	0.0729202189464078
chr1:26281091	wtdmso	mtcsc	6	7	211	281	1.1415030467163167	1.0
chr1:26281152	wtdmso	mtcsc	13	21	195	251	0.7968253968253968	0.593138672979337
chr1:26281196	wtdmso	mtcsc	23	35	188	259	0.9053191489361702	0.7783316522374648
chr1:26281204	wtdmso	mtcsc	12	11	184	243	1.4407114624505928	0.39799309257155047
chr1:26281483	wtdmso	mtcsc	7	17	200	275	0.5661764705882353	0.28849078101196574
chr1:26472540	wtdmso	mtcsc	5	10	60	45	0.375	0.10119277014418517
chr1:26473701	wtdmso	mtcsc	6	2	70	66	2.8285714285714287	0.2813716521162889
chr1:26475167	wtdmso	mtcsc	2	5	86	74	0.34418604651162793	0.25726934296049714
chr1:26475184	wtdmso	mtcsc	34	29	48	46	1.1235632183908046	0.7467592958833618
chr1:26475286	wtdmso	mtcsc	16	11	72	71	1.4343434343434343	0.41099809152035716
chr1:26475364	wtdmso	mtcsc	1	2	87	78	0.4482758620689655	0.6054706421923796
chr1:26475390	wtdmso	mtcsc	3	4	90	87	0.725	0.7189832437653662
chr1:26475425	wtdmso	mtcsc	13	8	77	84	1.7727272727272727	0.25297366189540427
chr1:26475523	wtdmso	mtcsc	3	1	67	69	3.08955223880597	0.6195452397206322
chr1:26475528	wtdmso	mtcsc	4	5	97	89	0.734020618556701	0.7406884637443856
chr1:26475544	wtdmso	mtcsc	2	3	83	83	0.6666666666666666	1.0
chr1:26475561	wtdmso	mtcsc	2	6	86	73	0.28294573643410853	0.15100244513522715
chr1:26475600	wtdmso	mtcsc	24	20	72	76	1.2666666666666666	0.6067892003748767
chr1:26475775	wtdmso	mtcsc	4	1	99	104	4.202020202020202	0.20974726051608342
chr1:26863479	wtdmso	mtcsc	1	5	42	68	0.3238095238095238	0.4100802558224406
chr1:26863522	wtdmso	mtcsc	4	7	47	57	0.6930091185410334	0.7524752536934449
chr1:26863588	wtdmso	mtcsc	2	4	55	75	0.6818181818181818	1.0
chr1:26863645	wtdmso	mtcsc	3	10	45	53	0.35333333333333333	0.1448806301492844
chr1:26863678	wtdmso	mtcsc	7	14	39	50	0.6410256410256411	0.46486625964765
chr1:26863735	wtdmso	mtcsc	26	42	38	44	0.7167919799498746	0.32621184566977224
chr1:26863843	wtdmso	mtcsc	10	23	57	59	0.4500381388253242	0.0738785836095671
chr1:26863855	wtdmso	mtcsc	3	8	59	84	0.5338983050847458	0.5268857321264947
chr1:26863893	wtdmso	mtcsc	2	3	69	90	0.8695652173913043	1.0
chr1:26864015	wtdmso	mtcsc	7	2	6	9	5.25	0.1049266388477588
chr1:26864089	wtdmso	mtcsc	50	61	21	25	0.975800156128025	1.0
chr1:26864211	wtdmso	mtcsc	7	14	73	80	0.547945205479452	0.24932234764937145
chr1:26864302	wtdmso	mtcsc	18	39	66	72	0.5034965034965035	0.04009855078579418
chr1:26864307	wtdmso	mtcsc	35	42	38	48	1.0526315789473684	0.8761422222733616
chr1:26864418	wtdmso	mtcsc	11	8	68	88	1.7794117647058822	0.3290902794326747
chr1:26864450	wtdmso	mtcsc	13	15	23	40	1.5072463768115942	0.48644982641030876
chr1:28237851	wtdmso	mtcsc	1	4	12	22	0.4583333333333333	0.6477680688207005
chr1:28237872	wtdmso	mtcsc	1	3	11	22	0.6666666666666666	1.0
chr1:31424848	wtdmso	mtcsc	6	15	59	141	0.9559322033898305	1.0
chr1:31425859	wtdmso	mtcsc	5	40	67	122	0.22761194029850745	0.0010962269537165643
chr1:31429397	wtdmso	mtcsc	11	34	60	127	0.6848039215686275	0.37066196140041724
chr1:31429440	wtdmso	mtcsc	1	1	74	182	2.4594594594594597	0.49769251651434254
chr1:31432995	wtdmso	mtcsc	29	69	54	135	1.0507246376811594	0.891180877538237
chr1:31434097	wtdmso	mtcsc	2	11	91	198	0.3956043956043956	0.35718686194643073
chr1:31434154	wtdmso	mtcsc	6	12	71	175	1.232394366197183	0.7886558439503284
chr1:31434258	wtdmso	mtcsc	28	57	46	102	1.0892448512585813	0.7720584850987472
chr1:31434326	wtdmso	mtcsc	9	38	87	171	0.46551724137931033	0.059646507083069
chr1:31434536	wtdmso	mtcsc	18	39	91	206	1.0448013524936601	0.8766811407168564
chr1:31434600	wtdmso	mtcsc	11	14	93	227	1.9178187403993856	0.17242192329747588
chr1:31434618	wtdmso	mtcsc	24	66	74	170	0.8353808353808354	0.5885717163779532
chr1:31434644	wtdmso	mtcsc	1	8	99	222	0.2803030303030303	0.28639611086886885
chr1:31434658	wtdmso	mtcsc	1	1	62	125	2.0161290322580645	1.0
chr1:31587163	wtdmso	mtcsc	7	19	6	37	2.2719298245614037	0.21415959776949783
chr1:31587261	wtdmso	mtcsc	3	10	10	41	1.23	0.7172208838688815
chr1:31587454	wtdmso	mtcsc	1	2	11	57	2.590909090909091	0.4312133671594786
chr1:32222601	wtdmso	mtcsc	1	1	43	52	1.2093023255813953	1.0
chr1:32222625	wtdmso	mtcsc	4	7	39	49	0.717948717948718	0.7520513994221696
chr1:32224118	wtdmso	mtcsc	2	8	49	52	0.2653061224489796	0.10504193554961178
chr1:32224412	wtdmso	mtcsc	2	3	44	56	0.8484848484848485	1.0
chr1:32224463	wtdmso	mtcsc	11	14	36	47	1.0257936507936507	1.0
chr1:32226193	wtdmso	mtcsc	3	6	47	60	0.6382978723404256	0.7300258605816797
chr1:32226224	wtdmso	mtcsc	1	3	54	68	0.41975308641975306	0.6313139260424863
chr1:32226438	wtdmso	mtcsc	2	4	54	62	0.5740740740740741	0.6861873396204828
chr1:32226466	wtdmso	mtcsc	3	3	53	69	1.3018867924528301	1.0
chr1:32228565	wtdmso	mtcsc	2	1	51	73	2.8627450980392157	0.5705946756655419
chr1:32228570	wtdmso	mtcsc	3	2	49	62	1.8979591836734695	0.6555480992619666
chr1:32228582	wtdmso	mtcsc	7	3	48	74	3.5972222222222223	0.0925958530952615
chr1:32228595	wtdmso	mtcsc	3	11	47	60	0.3481624758220503	0.15070033265183402
chr1:32228733	wtdmso	mtcsc	8	9	45	62	1.2246913580246914	0.7938434791622946
chr1:32228749	wtdmso	mtcsc	9	13	46	61	0.9180602006688964	1.0
chr1:32228768	wtdmso	mtcsc	1	2	40	65	0.8125	1.0
chr1:32228811	wtdmso	mtcsc	1	1	53	72	1.3584905660377358	1.0
chr1:32231300	wtdmso	mtcsc	2	3	44	64	0.9696969696969697	1.0
chr1:32231411	wtdmso	mtcsc	7	13	43	61	0.7638640429338104	0.6297848349245687
chr1:32231481	wtdmso	mtcsc	3	6	58	79	0.6810344827586207	0.7349925737955383
chr1:32231556	wtdmso	mtcsc	17	23	45	64	1.051207729468599	1.0
chr1:32774539	wtdmso	mtcsc	4	2	7	8	2.2857142857142856	0.6351172047766473
chr1:32774605	wtdmso	mtcsc	2	2	21	10	0.47619047619047616	0.5941176470588235
chr1:32774647	wtdmso	mtcsc	5	3	7	9	2.142857142857143	0.6668461434917217
chr1:32775552	wtdmso	mtcsc	2	3	12	10	0.5555555555555556	0.6483091787439613
chr1:32775585	wtdmso	mtcsc	5	2	8	12	3.75	0.20869565217391303
chr1:32775695	wtdmso	mtcsc	3	3	25	11	0.44	0.3825243728966451
chr1:32775846	wtdmso	mtcsc	2	2	13	8	0.6153846153846154	1.0
chr1:32775865	wtdmso	mtcsc	18	11	8	1	0.20454545454545456	0.22320577843398176
chr1:32775990	wtdmso	mtcsc	2	1	21	10	0.9523809523809523	1.0
chr1:34785285	wtdmso	mtcsc	8	7	2	3	1.7142857142857142	1.0
chr1:34785522	wtdmso	mtcsc	1	1	10	10	1.0	1.0
chr1:34785574	wtdmso	mtcsc	2	3	10	7	0.4666666666666667	0.6240601503759399
chr1:34785728	wtdmso	mtcsc	2	8	11	3	0.06818181818181818	0.011088302597927042
chr1:34785791	wtdmso	mtcsc	3	5	11	6	0.32727272727272727	0.3891685736079329
chr1:34785916	wtdmso	mtcsc	3	2	15	21	2.1	0.6384257764232092
chr1:34786121	wtdmso	mtcsc	4	3	31	28	1.2043010752688172	1.0
chr1:34786126	wtdmso	mtcsc	1	5	17	23	0.27058823529411763	0.38016406637087785
chr1:34786293	wtdmso	mtcsc	11	13	20	16	0.676923076923077	0.5989342162462152
chr1:34786316	wtdmso	mtcsc	2	5	13	21	0.6461538461538462	1.0
chr1:35603235	wtdmso	mtcsc	2	4	18	19	0.5277777777777778	0.6688337187486365
chr1:35605256	wtdmso	mtcsc	6	9	15	14	0.6222222222222222	0.5350356314358748
chr1:35609278	wtdmso	mtcsc	1	2	9	19	1.0555555555555556	1.0
chr1:35609391	wtdmso	mtcsc	7	1	14	10	5.0	0.20926813268303818
chr1:35609407	wtdmso	mtcsc	1	1	9	9	1.0	1.0
chr1:35631289	wtdmso	mtcsc	1	1	9	10	1.1111111111111112	1.0
chr1:37808547	wtdmso	mtcsc	3	2	10	24	3.6	0.310212468107205
chr1:37809096	wtdmso	mtcsc	2	3	15	32	1.4222222222222223	1.0
chr1:37809127	wtdmso	mtcsc	14	24	4	11	1.6041666666666667	0.5386392458013961
chr1:37809134	wtdmso	mtcsc	6	9	12	26	1.4444444444444444	0.7483486795280343
chr1:39028778	wtdmso	mtcsc	1	1	29	72	2.4827586206896552	0.49971444888635064
chr1:39028795	wtdmso	mtcsc	7	25	23	50	0.6086956521739131	0.35701724077657737
chr1:39034496	wtdmso	mtcsc	5	15	26	60	0.7692307692307693	0.7877355236970169
chr1:39560918	wtdmso	mtcsc	3	1	37	19	1.5405405405405406	1.0
chr1:39562373	wtdmso	mtcsc	2	1	30	14	0.9333333333333333	1.0
chr1:39563719	wtdmso	mtcsc	1	2	27	13	0.24074074074074073	0.2750992626205332
chr1:39563856	wtdmso	mtcsc	4	1	25	15	2.4	0.6411076161501573
chr1:39563891	wtdmso	mtcsc	2	4	23	10	0.21739130434782608	0.1625848282195031
chr1:42682456	wtdmso	mtcsc	3	4	34	50	1.1029411764705883	1.0
chr1:42682583	wtdmso	mtcsc	1	2	54	50	0.46296296296296297	0.6109529687381919
chr1:42682716	wtdmso	mtcsc	1	1	56	53	0.9464285714285714	1.0
chr1:42683419	wtdmso	mtcsc	2	6	68	64	0.3137254901960784	0.2746391438520332
chr1:42693494	wtdmso	mtcsc	4	3	69	68	1.3140096618357489	1.0
chr1:42696198	wtdmso	mtcsc	6	6	60	58	0.9666666666666667	1.0
chr1:42696255	wtdmso	mtcsc	2	3	87	83	0.6360153256704981	0.6785219310318182
chr1:42696886	wtdmso	mtcsc	2	3	106	107	0.6729559748427673	1.0
chr1:42697186	wtdmso	mtcsc	1	1	113	106	0.9380530973451328	1.0
chr1:42700798	wtdmso	mtcsc	1	2	115	101	0.4391304347826087	0.6021182982957359
chr1:42700850	wtdmso	mtcsc	1	1	127	110	0.8661417322834646	1.0
chr1:42700920	wtdmso	mtcsc	4	1	133	122	3.669172932330827	0.37382103231347646
chr1:42702029	wtdmso	mtcsc	23	6	134	120	3.4328358208955225	0.009328335079551038
chr1:42702091	wtdmso	mtcsc	39	30	130	103	1.03	1.0
chr1:42702255	wtdmso	mtcsc	12	3	155	125	3.225806451612903	0.06677854422026068
chr1:42926182	wtdmso	mtcsc	1	1	57	39	0.6842105263157895	1.0
chr1:42926229	wtdmso	mtcsc	5	7	42	38	0.6462585034013606	0.5471776992454592
chr1:42926252	wtdmso	mtcsc	4	3	79	61	1.029535864978903	1.0
chr1:42926320	wtdmso	mtcsc	4	6	86	68	0.5271317829457365	0.3489777789031092
chr1:42926618	wtdmso	mtcsc	32	36	45	29	0.5728395061728395	0.12924502972454543
chr1:42926625	wtdmso	mtcsc	37	42	43	18	0.3687707641196013	0.005983153389839575
chr1:42926638	wtdmso	mtcsc	27	22	28	18	0.788961038961039	0.6782828584636678
chr1:42926653	wtdmso	mtcsc	19	13	48	35	1.0657051282051282	1.0
chr1:42926691	wtdmso	mtcsc	10	11	68	52	0.6951871657754011	0.4821530876535369
chr1:42926707	wtdmso	mtcsc	7	5	64	58	1.26875	0.7690368696744678
chr1:42926825	wtdmso	mtcsc	6	8	49	42	0.6428571428571429	0.5681973557001111
chr1:42926847	wtdmso	mtcsc	36	22	31	24	1.2668621700879765	0.5700066406102826
chr1:42926880	wtdmso	mtcsc	45	35	6	5	1.0714285714285714	1.0
chr1:42926951	wtdmso	mtcsc	1	1	50	48	0.96	1.0
chr1:42926964	wtdmso	mtcsc	43	36	22	12	0.6515151515151515	0.40708699766402423
chr1:42927087	wtdmso	mtcsc	1	1	59	50	0.847457627118644	1.0
chr1:42927092	wtdmso	mtcsc	7	4	63	45	1.25	1.0
chr1:42927144	wtdmso	mtcsc	1	2	49	36	0.3673469387755102	0.5758001020631334
chr1:42927156	wtdmso	mtcsc	2	1	66	50	1.5151515151515151	1.0
chr1:42927645	wtdmso	mtcsc	1	1	56	46	0.8214285714285714	1.0
chr1:42927703	wtdmso	mtcsc	8	13	52	39	0.46153846153846156	0.14697222225425802
chr1:42929002	wtdmso	mtcsc	3	2	49	45	1.3775510204081634	1.0
chr1:42929740	wtdmso	mtcsc	6	3	35	42	2.4	0.29932387778963954
chr1:42929747	wtdmso	mtcsc	1	4	46	37	0.20108695652173914	0.17978026305659683
chr1:42929886	wtdmso	mtcsc	3	3	43	30	0.6976744186046512	0.690024292289449
chr1:42930000	wtdmso	mtcsc	5	3	38	39	1.7105263157894737	0.7129678638438921
chr1:42930021	wtdmso	mtcsc	2	2	41	42	1.024390243902439	1.0
chr1:42930735	wtdmso	mtcsc	3	1	38	38	3.0	0.6158145651816538
chr1:42930799	wtdmso	mtcsc	1	7	37	35	0.13513513513513514	0.05941039019936192
chr1:42930842	wtdmso	mtcsc	10	7	28	36	1.836734693877551	0.28926461366784645
chr1:42931181	wtdmso	mtcsc	1	1	36	28	0.7777777777777778	1.0
chr1:43622052	wtdmso	mtcsc	1	4	9	20	0.5555555555555556	1.0
chr1:43622179	wtdmso	mtcsc	4	3	6	21	4.666666666666667	0.15723352744879932
chr1:43622238	wtdmso	mtcsc	1	1	9	23	2.5555555555555554	0.5080213903743314
chr1:43622503	wtdmso	mtcsc	3	2	9	21	3.5	0.312618595825427
chr1:43622508	wtdmso	mtcsc	1	3	12	23	0.6388888888888888	1.0
chr1:43622778	wtdmso	mtcsc	1	1	12	27	2.25	0.5390243902439025
chr1:43622992	wtdmso	mtcsc	1	1	12	32	2.6666666666666665	0.48985507246376825
chr1:43623300	wtdmso	mtcsc	2	1	28	42	3.0	0.5644414431796256
chr1:43623308	wtdmso	mtcsc	10	15	17	25	0.9803921568627451	1.0
chr1:43976812	wtdmso	mtcsc	1	2	12	25	1.0416666666666667	1.0
chr1:43978203	wtdmso	mtcsc	2	2	11	27	2.4545454545454546	0.5756097560975609
chr1:44776045	wtdmso	mtcsc	9	11	283	397	1.1477674269193703	0.8199669474183455
chr1:44776717	wtdmso	mtcsc	1	2	390	513	0.6576923076923077	1.0
chr1:44777684	wtdmso	mtcsc	3	5	375	501	0.8016	1.0
chr1:44777999	wtdmso	mtcsc	52	59	355	468	1.1619002148484125	0.4765064461376756
chr1:44778597	wtdmso	mtcsc	10	8	337	443	1.6431750741839763	0.34067080348381734
chr1:45511237	wtdmso	mtcsc	2	5	33	67	0.8121212121212121	1.0
chr1:45511282	wtdmso	mtcsc	1	4	51	92	0.45098039215686275	0.6572055266973953
chr1:45514583	wtdmso	mtcsc	7	5	32	59	2.58125	0.20345441856600527
chr1:45514967	wtdmso	mtcsc	4	7	41	65	0.9059233449477352	1.0
chr1:45515773	wtdmso	mtcsc	3	8	25	52	0.78	1.0
chr1:45518945	wtdmso	mtcsc	10	18	27	50	1.02880658436214	1.0
chr1:45521831	wtdmso	mtcsc	2	5	35	63	0.72	1.0
chr1:46279499	wtdmso	mtcsc	2	2	20	9	0.45	0.586021505376344
chr1:46280267	wtdmso	mtcsc	1	1	9	9	1.0	1.0
chr1:46303711	wtdmso	mtcsc	3	8	16	20	0.46875	0.48498576417621575
chr1:46303753	wtdmso	mtcsc	27	13	33	50	3.1468531468531467	0.006649424745435635
chr1:46303771	wtdmso	mtcsc	26	21	24	37	1.9087301587301588	0.12092291971722677
chr1:46310308	wtdmso	mtcsc	2	1	60	65	2.1666666666666665	0.61042955568054
chr1:46316592	wtdmso	mtcsc	7	12	54	53	0.5725308641975309	0.32492539187655023
chr1:46316677	wtdmso	mtcsc	15	11	51	61	1.6310160427807487	0.28403195869181413
chr1:46316694	wtdmso	mtcsc	1	4	65	64	0.24615384615384617	0.36578086437467716
chr1:52020302	wtdmso	mtcsc	3	3	11	12	1.0909090909090908	1.0
chr1:52020319	wtdmso	mtcsc	7	8	6	7	1.0208333333333333	1.0
chr1:52020668	wtdmso	mtcsc	1	1	9	13	1.4444444444444444	1.0
chr1:52020729	wtdmso	mtcsc	3	1	7	13	5.571428571428571	0.27206851119894604
chr1:52024567	wtdmso	mtcsc	2	2	8	11	1.375	1.0
chr1:54032266	wtdmso	mtcsc	1	1	11	12	1.0909090909090908	1.0
chr1:54032285	wtdmso	mtcsc	1	1	11	10	0.9090909090909091	1.0
chr1:54036715	wtdmso	mtcsc	1	1	9	13	1.4444444444444444	1.0
chr1:54043416	wtdmso	mtcsc	1	3	10	9	0.3	0.5900621118012421
chr1:54043448	wtdmso	mtcsc	1	3	9	9	0.3333333333333333	0.593984962406015
chr1:54045706	wtdmso	mtcsc	4	7	7	5	0.40816326530612246	0.4136492125454301
chr1:54047287	wtdmso	mtcsc	4	3	9	15	2.2222222222222223	0.41303670745272525
chr1:54053121	wtdmso	mtcsc	1	1	10	11	1.1	1.0
chr1:54850167	wtdmso	mtcsc	1	1	11	15	1.3636363636363635	1.0
chr1:54850322	wtdmso	mtcsc	3	6	7	12	0.8571428571428571	1.0
chr1:58575581	wtdmso	mtcsc	2	5	14	33	0.9428571428571428	1.0
chr1:58575594	wtdmso	mtcsc	3	8	14	24	0.6428571428571429	0.7250562773651991
chr1:58575598	wtdmso	mtcsc	9	23	6	9	0.5869565217391305	0.5079288864789541
chr1:58575668	wtdmso	mtcsc	1	7	15	22	0.20952380952380953	0.22649246743941795
chr1:58575713	wtdmso	mtcsc	2	2	18	35	1.9444444444444444	0.6065922381711855
chr1:58575847	wtdmso	mtcsc	3	4	15	15	0.75	1.0
chr1:58575871	wtdmso	mtcsc	3	6	15	24	0.8	1.0
chr1:58575931	wtdmso	mtcsc	6	7	10	9	0.7714285714285715	1.0
chr1:6186246	wtdmso	mtcsc	2	1	30	17	1.1333333333333333	1.0
chr1:6186356	wtdmso	mtcsc	9	7	25	11	0.5657142857142857	0.36665168643698937
chr1:6186379	wtdmso	mtcsc	5	5	28	14	0.5	0.46696996396886686
chr1:6186435	wtdmso	mtcsc	16	5	19	12	2.0210526315789474	0.36869763145695134
chr1:6186445	wtdmso	mtcsc	1	4	34	13	0.09558823529411764	0.03443223443223443
chr1:6186511	wtdmso	mtcsc	1	1	31	15	0.4838709677419355	1.0
chr1:6186516	wtdmso	mtcsc	3	3	32	17	0.53125	0.6568295436219964
chr1:6186576	wtdmso	mtcsc	3	2	27	18	1.0	1.0
chr1:6186620	wtdmso	mtcsc	8	4	70	75	2.142857142857143	0.24624323643340296
chr1:6186628	wtdmso	mtcsc	2	1	126	141	2.238095238095238	0.6050084151732046
chr1:6186765	wtdmso	mtcsc	54	58	101	89	0.8204165244110618	0.4746764797851001
chr1:6192954	wtdmso	mtcsc	10	7	153	145	1.353874883286648	0.6231496608257314
chr1:6192987	wtdmso	mtcsc	5	3	156	154	1.6452991452991452	0.7232409746667521
chr1:6193007	wtdmso	mtcsc	50	41	96	107	1.3592479674796747	0.2566831108391848
chr1:6318571	wtdmso	mtcsc	4	17	9	15	0.39215686274509803	0.20490257699560024
chr1:6327324	wtdmso	mtcsc	1	2	10	28	1.4	1.0
chr1:6333553	wtdmso	mtcsc	2	1	10	17	3.4	0.547783251231527
chr1:6339443	wtdmso	mtcsc	1	1	11	17	1.5454545454545454	1.0
chr1:6349816	wtdmso	mtcsc	2	3	8	14	1.1666666666666667	1.0
chr1:63638796	wtdmso	mtcsc	2	2	8	19	2.375	0.5773081201334817
chr1:63648522	wtdmso	mtcsc	3	5	8	17	1.275	1.0
chr1:63648544	wtdmso	mtcsc	3	4	7	18	1.9285714285714286	0.6479261144861814
chr1:63651718	wtdmso	mtcsc	3	1	18	21	3.5	0.3448667044809983
chr1:63654458	wtdmso	mtcsc	1	4	21	20	0.23809523809523808	0.34883720930232553
chr1:63659783	wtdmso	mtcsc	11	10	10	13	1.43	0.7630449876941066
chr1:63659867	wtdmso	mtcsc	12	11	11	9	0.8925619834710744	1.0
chr1:68391605	wtdmso	mtcsc	5	8	48	31	0.4036458333333333	0.14499985195698997
chr1:68391638	wtdmso	mtcsc	6	4	50	35	1.05	1.0
chr1:68391682	wtdmso	mtcsc	5	4	52	34	0.8173076923076923	1.0
chr1:68391689	wtdmso	mtcsc	1	4	55	34	0.15454545454545454	0.1540397374302659
chr1:68391726	wtdmso	mtcsc	7	5	51	35	0.9607843137254902	1.0
chr1:68391792	wtdmso	mtcsc	3	5	54	33	0.36666666666666664	0.25964590065976867
chr1:68391829	wtdmso	mtcsc	10	5	48	31	1.2916666666666667	0.7768443952965716
chr1:68391891	wtdmso	mtcsc	5	5	50	29	0.58	0.49680717541730557
chr1:68391904	wtdmso	mtcsc	8	6	40	24	0.8	0.7665421757993274
chr1:7985062	wtdmso	mtcsc	13	16	12	26	1.7604166666666667	0.3139053534670152
chr1:84501903	wtdmso	mtcsc	4	2	46	40	1.7391304347826086	0.6844510093503573
chr1:84506025	wtdmso	mtcsc	8	12	40	33	0.55	0.3143509057498809
chr1:8861011	wtdmso	mtcsc	5	16	56	117	0.6529017857142857	0.6191369221140686
chr1:8861206	wtdmso	mtcsc	52	111	225	359	0.7474674674674675	0.14217624074025936
chr1:8861315	wtdmso	mtcsc	1	4	270	454	0.4203703703703704	0.6561162690012734
chr1:8861384	wtdmso	mtcsc	40	81	266	429	0.7964355332776385	0.3092520429880413
chr1:8863262	wtdmso	mtcsc	29	29	225	406	1.8044444444444445	0.033412366679178705
chr1:8863284	wtdmso	mtcsc	3	6	244	425	0.8709016393442623	1.0
chr1:8863906	wtdmso	mtcsc	7	20	238	432	0.6352941176470588	0.4114554532085784
chr1:8863990	wtdmso	mtcsc	9	28	219	396	0.5812133072407045	0.21365872784952808
chr1:8864058	wtdmso	mtcsc	10	10	221	421	1.9049773755656108	0.15912303119983306
chr1:8864067	wtdmso	mtcsc	8	7	231	434	2.1471861471861473	0.17143382767434015
chr1:8865292	wtdmso	mtcsc	10	37	190	329	0.46799431009957326	0.03829997623821617
chr1:8865316	wtdmso	mtcsc	9	13	207	366	1.2240802675585285	0.6563635980781232
chr1:8865328	wtdmso	mtcsc	32	45	144	292	1.4419753086419753	0.1536210163196777
chr1:8865352	wtdmso	mtcsc	16	38	212	367	0.7288977159880834	0.37423063290757685
chr1:8865370	wtdmso	mtcsc	10	30	202	351	0.5792079207920792	0.17231030599370084
chr1:8865376	wtdmso	mtcsc	4	13	207	371	0.5514678558156819	0.44106246567382845
chr1:8865464	wtdmso	mtcsc	4	16	196	341	0.43494897959183676	0.15834078572622662
chr1:8867153	wtdmso	mtcsc	17	29	164	274	0.979394449116905	1.0
chr1:8867999	wtdmso	mtcsc	3	2	154	265	2.581168831168831	0.3641116756010756
chr1:8868021	wtdmso	mtcsc	9	15	168	301	1.075	0.8314489484252353
chr1:8868025	wtdmso	mtcsc	1	2	162	285	0.8796296296296297	1.0
chr1:8868039	wtdmso	mtcsc	7	14	173	299	0.8641618497109826	0.8211806449550647
chr1:8868054	wtdmso	mtcsc	12	9	152	290	2.543859649122807	0.037976032879354284
chr1:8870477	wtdmso	mtcsc	4	2	164	293	3.573170731707317	0.196052140684566
chr1:8871908	wtdmso	mtcsc	8	7	163	297	2.0823838737949165	0.17663643834951373
chr1:8871919	wtdmso	mtcsc	6	5	147	276	2.253061224489796	0.20637128948474157
chr1:8874870	wtdmso	mtcsc	12	16	149	283	1.424496644295302	0.4149776484271236
chr1:8878591	wtdmso	mtcsc	1	4	137	217	0.395985401459854	0.6528360024726256
chr1:92833552	wtdmso	mtcsc	14	16	171	185	0.9466374269005848	1.0
chr1:92833636	wtdmso	mtcsc	18	9	171	198	2.3157894736842106	0.046909247876627314
chr1:92834834	wtdmso	mtcsc	87	90	99	113	1.1033670033670033	0.6836878350420534
chr1:92834865	wtdmso	mtcsc	2	3	179	193	0.7188081936685289	1.0
chr1:92836240	wtdmso	mtcsc	30	24	166	183	1.3780120481927711	0.30717725375515575
chr1:92836321	wtdmso	mtcsc	37	43	161	173	0.9245991622129135	0.803722472535244
chr1:92837613	wtdmso	mtcsc	12	4	206	225	3.2766990291262137	0.0409717893174985
chr1:92837621	wtdmso	mtcsc	2	6	225	244	0.36148148148148146	0.2895310817478993
chr1:92841770	wtdmso	mtcsc	21	22	197	214	1.0369173973234886	1.0
chr1:92841865	wtdmso	mtcsc	1	1	214	221	1.0327102803738317	1.0
chr1:92841906	wtdmso	mtcsc	6	2	161	189	3.5217391304347827	0.15287307187748442
chr1:92841914	wtdmso	mtcsc	54	44	100	123	1.5095454545454545	0.11459594237173835
chr1:93562019	wtdmso	mtcsc	1	1	9	11	1.2222222222222223	1.0
chr1:93562225	wtdmso	mtcsc	1	1	10	12	1.2	1.0
chr1:93562237	wtdmso	mtcsc	1	1	12	11	0.9166666666666666	1.0
chr1:93562293	wtdmso	mtcsc	3	1	9	12	4.0	0.3217391304347825
chr1:93562380	wtdmso	mtcsc	1	1	9	9	1.0	1.0
chr1:93567398	wtdmso	mtcsc	1	1	10	9	0.9	1.0
chr1:9729217	wtdmso	mtcsc	5	5	30	36	1.2	1.0
chr1:9729233	wtdmso	mtcsc	5	6	29	33	0.9482758620689655	1.0
chr1:9729583	wtdmso	mtcsc	3	3	26	32	1.2307692307692308	1.0
chr1:9729784	wtdmso	mtcsc	5	12	12	21	0.7291666666666666	0.7567667141094803
chr1:9729959	wtdmso	mtcsc	6	18	9	10	0.37037037037037035	0.1982003666988622
chr1:9730021	wtdmso	mtcsc	10	12	15	24	1.3333333333333333	0.6012933353559713
chr1:9730025	wtdmso	mtcsc	6	6	20	30	1.5	0.536374314083924
chr1:9730354	wtdmso	mtcsc	3	11	8	17	0.5795454545454546	0.7129089437536732
chr1:9730469	wtdmso	mtcsc	2	8	9	7	0.19444444444444445	0.10924754341095708
chr20:1118655	wtdmso	mtcsc	2	1	11	11	2.0	1.0
chr20:1118666	wtdmso	mtcsc	1	2	15	12	0.4	0.5862068965517242
chr20:1118897	wtdmso	mtcsc	1	1	17	15	0.8823529411764706	1.0
chr20:1125523	wtdmso	mtcsc	5	5	12	11	0.9166666666666666	1.0
chr20:1127462	wtdmso	mtcsc	5	2	15	15	2.5	0.4164619164619164
chr20:1127498	wtdmso	mtcsc	1	2	18	14	0.3888888888888889	0.5819709702062641
chr20:1135121	wtdmso	mtcsc	2	4	17	13	0.38235294117647056	0.39107666527021356
chr20:1135254	wtdmso	mtcsc	2	6	17	9	0.17647058823529413	0.10001853911753801
chr20:1164400	wtdmso	mtcsc	8	2	13	15	4.615384615384615	0.13649345573705968
chr20:1164462	wtdmso	mtcsc	3	3	14	11	0.7857142857142857	1.0
chr20:1165028	wtdmso	mtcsc	1	3	14	11	0.2619047619047619	0.32950191570881227
chr20:1165411	wtdmso	mtcsc	1	1	11	15	1.3636363636363635	1.0
chr20:1165442	wtdmso	mtcsc	2	1	15	16	2.1333333333333333	1.0
chr20:1369226	wtdmso	mtcsc	2	2	63	97	1.5396825396825398	0.6490590806148129
chr20:1369258	wtdmso	mtcsc	1	4	53	73	0.3443396226415094	0.6482637238291316
chr20:1369297	wtdmso	mtcsc	4	7	58	104	1.0246305418719213	1.0
chr20:1369332	wtdmso	mtcsc	8	16	62	99	0.7983870967741935	0.8219263780603012
chr20:1369358	wtdmso	mtcsc	6	9	41	67	1.089430894308943	1.0
chr20:1369416	wtdmso	mtcsc	3	9	67	107	0.5323383084577115	0.5396740010747794
chr20:1369610	wtdmso	mtcsc	9	17	37	84	1.2019077901430844	0.8159854779750741
chr20:1369888	wtdmso	mtcsc	2	2	44	101	2.2954545454545454	0.5874672622988202
chr20:1369971	wtdmso	mtcsc	10	20	33	77	1.1666666666666667	0.8237780829169612
chr20:1372212	wtdmso	mtcsc	6	9	40	92	1.5333333333333334	0.5574569533958441
chr20:1372216	wtdmso	mtcsc	2	2	42	97	2.3095238095238093	0.586786842165925
chr20:1375557	wtdmso	mtcsc	1	1	39	99	2.5384615384615383	0.4912641315519012
chr20:1375563	wtdmso	mtcsc	1	3	27	66	0.8148148148148148	1.0
chr20:17600783	wtdmso	mtcsc	1	1	82	81	0.9878048780487805	1.0
chr20:17600926	wtdmso	mtcsc	19	14	71	75	1.4336016096579476	0.4413566252273148
chr20:17604563	wtdmso	mtcsc	27	23	73	73	1.173913043478261	0.7433015527477377
chr20:17607064	wtdmso	mtcsc	2	2	70	69	0.9857142857142858	1.0
chr20:17607271	wtdmso	mtcsc	1	3	82	78	0.3170731707317073	0.3642876195556911
chr20:17607293	wtdmso	mtcsc	2	2	49	51	1.0408163265306123	1.0
chr20:17607788	wtdmso	mtcsc	3	3	58	60	1.0344827586206897	1.0
chr20:17607927	wtdmso	mtcsc	5	5	58	57	0.9827586206896551	1.0
chr20:17608189	wtdmso	mtcsc	5	7	20	16	0.5714285714285714	0.5112171045360363
chr20:18569275	wtdmso	mtcsc	6	7	16	25	1.3392857142857142	0.7500497333816272
chr20:18569378	wtdmso	mtcsc	15	13	7	16	2.6373626373626373	0.1552272352429904
chr20:18569404	wtdmso	mtcsc	4	4	18	24	1.3333333333333333	0.7180904846933289
chr20:18569431	wtdmso	mtcsc	11	7	9	19	3.3174603174603177	0.07161504938261995
chr20:23633786	wtdmso	mtcsc	4	6	59	92	1.03954802259887	1.0
chr20:23633841	wtdmso	mtcsc	32	55	36	59	0.9535353535353536	1.0
chr20:23635272	wtdmso	mtcsc	2	7	68	108	0.453781512605042	0.48654763620652
chr20:23635290	wtdmso	mtcsc	1	1	62	110	1.7741935483870968	1.0
chr20:23635321	wtdmso	mtcsc	3	9	77	119	0.5151515151515151	0.3779668651731505
chr20:23635350	wtdmso	mtcsc	7	18	71	107	0.5860719874804382	0.28107958114549214
chr20:23637701	wtdmso	mtcsc	24	23	54	96	1.855072463768116	0.08691363233637148
chr20:2461646	wtdmso	mtcsc	5	8	28	41	0.9151785714285714	1.0
chr20:2461673	wtdmso	mtcsc	3	6	75	88	0.5866666666666667	0.5138248218016854
chr20:2461754	wtdmso	mtcsc	15	11	67	85	1.7299864314789688	0.20963472029279495
chr20:2462689	wtdmso	mtcsc	6	7	80	96	1.0285714285714285	1.0
chr20:2463220	wtdmso	mtcsc	5	5	73	88	1.2054794520547945	1.0
chr20:2463788	wtdmso	mtcsc	12	10	67	83	1.4865671641791045	0.49297737728596436
chr20:2465722	wtdmso	mtcsc	8	6	73	83	1.5159817351598173	0.5792796755485596
chr20:2465810	wtdmso	mtcsc	17	15	63	68	1.2232804232804233	0.6945958418643823
chr20:2467630	wtdmso	mtcsc	30	25	50	63	1.512	0.2500218948792789
chr20:2467657	wtdmso	mtcsc	1	2	70	68	0.4857142857142857	0.6196234501760295
chr20:2470698	wtdmso	mtcsc	2	3	68	75	0.7352941176470589	1.0
chr20:24963060	wtdmso	mtcsc	13	14	27	20	0.6878306878306878	0.4757892490580309
chr20:24963082	wtdmso	mtcsc	4	1	36	36	4.0	0.36021872863978127
chr20:24963134	wtdmso	mtcsc	4	1	28	16	2.2857142857142856	0.646250112749386
chr20:24963168	wtdmso	mtcsc	2	1	36	35	1.9444444444444444	1.0
chr20:24963206	wtdmso	mtcsc	9	7	34	30	1.134453781512605	1.0
chr20:24963226	wtdmso	mtcsc	2	1	29	26	1.793103448275862	1.0
chr20:24963288	wtdmso	mtcsc	21	13	21	24	1.8461538461538463	0.255127855812004
chr20:24963491	wtdmso	mtcsc	2	1	31	30	1.935483870967742	1.0
chr20:24963543	wtdmso	mtcsc	2	2	29	28	0.9655172413793104	1.0
chr20:24963585	wtdmso	mtcsc	3	8	24	21	0.328125	0.18077564225208348
chr20:24963833	wtdmso	mtcsc	1	3	26	20	0.2564102564102564	0.32228397742075554
chr20:24963884	wtdmso	mtcsc	4	4	30	24	0.8	1.0
chr20:24963965	wtdmso	mtcsc	12	8	18	20	1.6666666666666667	0.41598505938126296
chr20:24969033	wtdmso	mtcsc	1	3	27	23	0.2839506172839506	0.3422123566407695
chr20:24970322	wtdmso	mtcsc	2	3	26	23	0.5897435897435898	0.663337032926378
chr20:24970360	wtdmso	mtcsc	2	1	23	24	2.0869565217391304	1.0
chr20:24973719	wtdmso	mtcsc	1	1	13	11	0.8461538461538461	1.0
chr20:25283200	wtdmso	mtcsc	1	1	11	9	0.8181818181818182	1.0
chr20:25284107	wtdmso	mtcsc	1	2	11	8	0.36363636363636365	0.5714285714285713
chr20:25292603	wtdmso	mtcsc	4	2	10	8	1.6	1.0
chr20:25294270	wtdmso	mtcsc	1	2	17	25	0.7352941176470589	1.0
chr20:25294288	wtdmso	mtcsc	1	1	18	25	1.3888888888888888	1.0
chr20:25296370	wtdmso	mtcsc	4	3	26	26	1.3333333333333333	1.0
chr20:25296403	wtdmso	mtcsc	4	1	31	30	3.870967741935484	0.36018842268842277
chr20:25296433	wtdmso	mtcsc	3	3	28	23	0.8214285714285714	1.0
chr20:25296438	wtdmso	mtcsc	1	1	19	9	0.47368421052631576	1.0
chr20:25296517	wtdmso	mtcsc	15	11	18	20	1.5151515151515151	0.45498263210664036
chr20:25296542	wtdmso	mtcsc	1	1	29	27	0.9310344827586207	1.0
chr20:25296568	wtdmso	mtcsc	9	12	22	17	0.5795454545454546	0.4183988066297735
chr20:25296834	wtdmso	mtcsc	4	7	34	30	0.5042016806722689	0.34593014522372245
chr20:25297116	wtdmso	mtcsc	1	2	29	34	0.5862068965517241	1.0
chr20:25297173	wtdmso	mtcsc	7	7	35	31	0.8857142857142857	1.0
chr20:25297183	wtdmso	mtcsc	5	3	40	34	1.4166666666666667	0.7239065971861992
chr20:25297193	wtdmso	mtcsc	2	3	45	40	0.5925925925925926	0.6668398436124123
chr20:25297254	wtdmso	mtcsc	3	5	25	27	0.648	0.7122352061506791
chr20:25297295	wtdmso	mtcsc	1	5	44	35	0.1590909090909091	0.09510337585911041
chr20:25297313	wtdmso	mtcsc	2	2	42	38	0.9047619047619048	1.0
chr20:25297425	wtdmso	mtcsc	3	3	39	33	0.8461538461538461	1.0
chr20:25297527	wtdmso	mtcsc	8	9	35	33	0.8380952380952381	0.7915817984721631
chr20:25297545	wtdmso	mtcsc	2	5	43	33	0.30697674418604654	0.23812253311819961
chr20:25297566	wtdmso	mtcsc	3	7	36	28	0.3333333333333333	0.1760730526832155
chr20:25297668	wtdmso	mtcsc	4	6	46	40	0.5797101449275363	0.5126366607385008
chr20:25297936	wtdmso	mtcsc	7	5	26	32	1.7230769230769232	0.5283022389075173
chr20:25297979	wtdmso	mtcsc	3	1	35	34	2.914285714285714	0.6156987587626213
chr20:31605456	wtdmso	mtcsc	2	1	89	84	1.8876404494382022	1.0
chr20:31605643	wtdmso	mtcsc	14	10	95	87	1.2821052631578946	0.6656774472031534
chr20:31605697	wtdmso	mtcsc	4	7	104	95	0.521978021978022	0.3634262166898729
chr20:31605715	wtdmso	mtcsc	20	18	92	86	1.038647342995169	1.0
chr20:31605735	wtdmso	mtcsc	43	28	59	63	1.6398305084745763	0.134626837250575
chr20:31606110	wtdmso	mtcsc	16	20	99	87	0.703030303030303	0.36616802990668235
chr20:31606197	wtdmso	mtcsc	3	3	117	111	0.9487179487179487	1.0
chr20:31606228	wtdmso	mtcsc	12	2	112	108	5.785714285714286	0.012466254162503042
chr20:31606308	wtdmso	mtcsc	55	43	66	68	1.317829457364341	0.35196303792421846
chr20:31606358	wtdmso	mtcsc	5	8	85	80	0.5882352941176471	0.40207336048201636
chr20:34077224	wtdmso	mtcsc	1	1	16	21	1.3125	1.0
chr20:34078506	wtdmso	mtcsc	4	8	12	16	0.6666666666666666	0.7294036298943712
chr20:34078517	wtdmso	mtcsc	3	2	14	20	2.142857142857143	0.6362354257091101
chr20:34080177	wtdmso	mtcsc	3	6	14	17	0.6071428571428571	0.707120582120582
chr20:34080232	wtdmso	mtcsc	3	1	15	23	4.6	0.2972393460198338
chr20:34280415	wtdmso	mtcsc	4	5	60	103	1.3733333333333333	0.7283292110089834
chr20:34280444	wtdmso	mtcsc	1	3	69	101	0.48792270531400966	0.6493700284800751
chr20:34280455	wtdmso	mtcsc	2	5	74	104	0.5621621621621622	0.7018750139579812
chr20:34280480	wtdmso	mtcsc	8	11	67	95	1.0312075983717774	1.0
chr20:34280589	wtdmso	mtcsc	23	33	48	81	1.1761363636363635	0.6255808897865465
chr20:34280676	wtdmso	mtcsc	16	33	22	32	0.7052341597796143	0.4207306889322424
chr20:34280772	wtdmso	mtcsc	5	10	46	82	0.8913043478260869	1.0
chr20:34280847	wtdmso	mtcsc	2	5	49	77	0.6285714285714286	0.7071962508124388
chr20:34281104	wtdmso	mtcsc	15	25	44	70	0.9545454545454546	1.0
chr20:34281113	wtdmso	mtcsc	1	1	50	82	1.64	1.0
chr20:34285629	wtdmso	mtcsc	1	2	42	67	0.7976190476190477	1.0
chr20:34290344	wtdmso	mtcsc	8	18	42	68	0.7195767195767195	0.6516014878854932
chr20:34290403	wtdmso	mtcsc	2	3	41	68	1.1056910569105691	1.0
chr20:34290762	wtdmso	mtcsc	4	1	41	73	7.121951219512195	0.06705854067367728
chr20:34294118	wtdmso	mtcsc	2	7	35	49	0.4	0.30896720531136196
chr20:34303258	wtdmso	mtcsc	3	1	29	57	5.896551724137931	0.12665985699693563
chr20:34303262	wtdmso	mtcsc	1	3	27	43	0.5308641975308642	1.0
chr20:34303317	wtdmso	mtcsc	1	3	29	49	0.5632183908045977	1.0
chr20:34526334	wtdmso	mtcsc	17	26	19	28	0.9635627530364372	1.0
chr20:34534651	wtdmso	mtcsc	2	1	29	43	2.9655172413793105	0.5657015920029618
chr20:34534723	wtdmso	mtcsc	8	15	25	40	0.8533333333333334	0.8069891041000639
chr20:34540699	wtdmso	mtcsc	14	23	24	34	0.8623188405797102	0.8309248323727234
chr20:34540723	wtdmso	mtcsc	4	1	37	61	6.594594594594595	0.08028373368461918
chr20:34540745	wtdmso	mtcsc	1	1	36	53	1.4722222222222223	1.0
chr20:34540785	wtdmso	mtcsc	1	1	35	54	1.542857142857143	1.0
chr20:34540889	wtdmso	mtcsc	1	3	33	57	0.5757575757575758	1.0
chr20:34540935	wtdmso	mtcsc	2	4	35	53	0.7571428571428571	1.0
chr20:34927459	wtdmso	mtcsc	2	1	18	13	1.4444444444444444	1.0
chr20:34927857	wtdmso	mtcsc	1	3	9	10	0.37037037037037035	0.603613777526821
chr20:34927862	wtdmso	mtcsc	1	1	10	12	1.2	1.0
chr20:35176890	wtdmso	mtcsc	2	3	9	22	1.6296296296296295	0.6308940242763771
chr20:35176993	wtdmso	mtcsc	2	11	9	17	0.3434343434343434	0.27601247921039085
chr20:35277360	wtdmso	mtcsc	3	4	11	10	0.6818181818181818	1.0
chr20:35277368	wtdmso	mtcsc	3	1	8	11	4.125	0.3167701863354037
chr20:35277471	wtdmso	mtcsc	1	1	16	12	0.75	1.0
chr20:35277491	wtdmso	mtcsc	5	3	11	12	1.8181818181818181	0.6850821900877518
chr20:35277561	wtdmso	mtcsc	2	4	14	13	0.4642857142857143	0.6561836383860855
chr20:35279081	wtdmso	mtcsc	22	31	24	33	0.9758064516129032	1.0
chr20:35279157	wtdmso	mtcsc	14	12	30	43	1.6722222222222223	0.35822674951726174
chr20:35279568	wtdmso	mtcsc	1	2	30	43	0.7166666666666667	1.0
chr20:35279733	wtdmso	mtcsc	4	8	45	59	0.6555555555555556	0.5560013497203194
chr20:35279740	wtdmso	mtcsc	14	16	32	46	1.2578125	0.6661628433869761
chr20:35280070	wtdmso	mtcsc	2	2	43	58	1.3488372093023255	1.0
chr20:35280663	wtdmso	mtcsc	2	2	44	61	1.3863636363636365	1.0
chr20:35280687	wtdmso	mtcsc	2	3	43	54	0.8372093023255814	1.0
chr20:35280825	wtdmso	mtcsc	1	6	43	54	0.20930232558139536	0.234102269779761
chr20:35284389	wtdmso	mtcsc	5	3	42	58	2.3015873015873014	0.2910487419398118
chr20:35284461	wtdmso	mtcsc	3	4	38	51	1.006578947368421	1.0
chr20:35542142	wtdmso	mtcsc	1	2	29	59	1.0172413793103448	1.0
chr20:35542152	wtdmso	mtcsc	4	12	27	49	0.6049382716049383	0.564111139406987
chr20:35542534	wtdmso	mtcsc	2	3	22	39	1.1818181818181819	1.0
chr20:35542553	wtdmso	mtcsc	2	3	35	73	1.3904761904761904	0.6618086184336083
chr20:35542855	wtdmso	mtcsc	4	3	33	79	3.191919191919192	0.20170931643717993
chr20:35542873	wtdmso	mtcsc	3	25	28	34	0.1457142857142857	0.001583837840134713
chr20:35547447	wtdmso	mtcsc	8	16	31	68	1.096774193548387	1.0
chr20:35548516	wtdmso	mtcsc	1	3	44	97	0.7348484848484849	1.0
chr20:35548570	wtdmso	mtcsc	2	7	41	86	0.5993031358885017	0.7189452885937809
chr20:35555049	wtdmso	mtcsc	4	4	38	95	2.5	0.23827242345433716
chr20:35555070	wtdmso	mtcsc	1	4	43	97	0.563953488372093	1.0
chr20:35556041	wtdmso	mtcsc	1	3	42	105	0.8333333333333334	1.0
chr20:35556075	wtdmso	mtcsc	4	4	44	102	2.3181818181818183	0.25683070844556716
chr20:35556093	wtdmso	mtcsc	9	22	38	86	0.9258373205741627	1.0
chr20:35556102	wtdmso	mtcsc	2	1	42	100	4.761904761904762	0.21861184792219276
chr20:35556981	wtdmso	mtcsc	5	7	53	113	1.522911051212938	0.5302409164716542
chr20:35556999	wtdmso	mtcsc	7	8	54	107	1.7337962962962963	0.3954993422043471
chr20:35557431	wtdmso	mtcsc	6	13	48	98	0.9423076923076923	1.0
chr20:35699658	wtdmso	mtcsc	12	15	24	50	1.6666666666666667	0.3481164375882162
chr20:35953663	wtdmso	mtcsc	5	7	33	44	0.9523809523809523	1.0
chr20:35953701	wtdmso	mtcsc	27	50	6	7	0.63	0.5373501792517058
chr20:35953981	wtdmso	mtcsc	11	24	30	34	0.5194444444444445	0.20007250018358597
chr20:35954183	wtdmso	mtcsc	7	9	32	48	1.1666666666666667	0.7872563677922897
chr20:35954221	wtdmso	mtcsc	9	9	30	41	1.3666666666666667	0.6020327906181646
chr20:35954311	wtdmso	mtcsc	1	2	15	39	1.3	1.0
chr20:36612046	wtdmso	mtcsc	2	3	21	8	0.25396825396825395	0.29988931056293483
chr20:36612091	wtdmso	mtcsc	4	4	20	7	0.35	0.22572980248829227
chr20:36612114	wtdmso	mtcsc	7	2	19	8	1.4736842105263157	1.0
chr20:36612130	wtdmso	mtcsc	1	1	23	9	0.391304347826087	0.5080213903743314
chr20:36612146	wtdmso	mtcsc	4	1	21	9	1.7142857142857142	1.0
chr20:36612170	wtdmso	mtcsc	4	4	17	7	0.4117647058823529	0.3970408716237416
chr20:36612224	wtdmso	mtcsc	4	2	21	9	0.8571428571428571	1.0
chr20:37228635	wtdmso	mtcsc	6	5	9	5	0.6666666666666666	0.6968299905774666
chr20:3753540	wtdmso	mtcsc	1	1	19	13	0.6842105263157895	1.0
chr20:3753738	wtdmso	mtcsc	8	3	9	9	2.6666666666666665	0.27317243633822186
chr20:3754061	wtdmso	mtcsc	1	2	20	14	0.35	0.5675675675675675
chr20:3758584	wtdmso	mtcsc	2	3	19	12	0.42105263157894735	0.6295677361853831
chr20:388135	wtdmso	mtcsc	12	1	57	14	2.9473684210526314	0.44677037282943527
chr20:391412	wtdmso	mtcsc	5	3	36	7	0.32407407407407407	0.1791214879695045
chr20:391569	wtdmso	mtcsc	2	1	74	19	0.5135135135135135	0.5079787234042553
chr20:396217	wtdmso	mtcsc	10	4	69	19	0.6884057971014492	0.5129277341156699
chr20:396226	wtdmso	mtcsc	6	1	73	23	1.8904109589041096	1.0
chr20:396240	wtdmso	mtcsc	3	4	74	15	0.15202702702702703	0.026821655958357345
chr20:396265	wtdmso	mtcsc	9	1	52	13	2.25	0.6767170099414337
chr20:396293	wtdmso	mtcsc	2	1	74	21	0.5675675675675675	0.5377919208920683
chr20:396400	wtdmso	mtcsc	23	6	51	16	1.2026143790849673	0.7976565813838955
chr20:396565	wtdmso	mtcsc	34	9	41	15	1.3821138211382114	0.637135625856851
chr20:396629	wtdmso	mtcsc	61	17	12	2	0.5980392156862745	0.7263191483233038
chr20:396664	wtdmso	mtcsc	2	2	86	38	0.4418604651162791	0.5885414323209599
chr20:396691	wtdmso	mtcsc	10	5	72	21	0.5833333333333334	0.3493946880338161
chr20:396766	wtdmso	mtcsc	58	21	25	7	0.7733333333333333	0.8096994874998608
chr20:396963	wtdmso	mtcsc	30	20	45	23	0.7666666666666667	0.5629410742054961
chr20:396981	wtdmso	mtcsc	1	1	80	40	0.5	1.0
chr20:396997	wtdmso	mtcsc	2	1	81	41	1.0123456790123457	1.0
chr20:397098	wtdmso	mtcsc	1	1	95	52	0.5473684210526316	1.0
chr20:397189	wtdmso	mtcsc	24	15	70	30	0.6857142857142857	0.4199728199107307
chr20:397213	wtdmso	mtcsc	28	16	74	37	0.875	0.7119709184280837
chr20:397331	wtdmso	mtcsc	29	18	60	26	0.6981481481481482	0.4408674297600339
chr20:397377	wtdmso	mtcsc	9	5	87	42	0.8689655172413793	0.773629109647039
chr20:397399	wtdmso	mtcsc	2	1	88	51	1.1590909090909092	1.0
chr20:397450	wtdmso	mtcsc	36	20	63	33	0.9428571428571428	0.8621010731805978
chr20:397462	wtdmso	mtcsc	13	7	90	46	0.9492063492063492	1.0
chr20:408424	wtdmso	mtcsc	11	6	21	22	1.9206349206349207	0.3899811207693178
chr20:409929	wtdmso	mtcsc	22	10	58	36	1.3655172413793104	0.5292705023529235
chr20:410018	wtdmso	mtcsc	1	1	75	46	0.6133333333333333	1.0
chr20:410551	wtdmso	mtcsc	10	6	53	28	0.8805031446540881	1.0
chr20:410557	wtdmso	mtcsc	29	14	44	31	1.4594155844155845	0.4316934124278503
chr20:410593	wtdmso	mtcsc	18	6	56	39	2.0892857142857144	0.1657951983280127
chr20:410684	wtdmso	mtcsc	10	1	62	42	6.774193548387097	0.051035517918637106
chr20:410703	wtdmso	mtcsc	3	1	67	41	1.835820895522388	1.0
chr20:430419	wtdmso	mtcsc	9	12	14	8	0.42857142857142855	0.227056448152681
chr20:430456	wtdmso	mtcsc	2	1	25	21	1.68	1.0
chr20:430705	wtdmso	mtcsc	4	4	21	7	0.3333333333333333	0.21366878230713865
chr20:430835	wtdmso	mtcsc	9	6	16	16	1.5	0.550076862684724
chr20:430868	wtdmso	mtcsc	8	4	20	17	1.7	0.5172810920870925
chr20:44908002	wtdmso	mtcsc	3	2	7	13	2.7857142857142856	0.35770750988142297
chr20:45253054	wtdmso	mtcsc	6	2	81	38	1.4074074074074074	1.0
chr20:45253121	wtdmso	mtcsc	5	2	87	40	1.1494252873563218	1.0
chr20:45253621	wtdmso	mtcsc	1	1	80	40	0.5	1.0
chr20:45253657	wtdmso	mtcsc	8	5	69	33	0.7652173913043478	0.7562719785507142
chr20:45254494	wtdmso	mtcsc	24	14	59	25	0.7263922518159807	0.530054142153269
chr20:45325492	wtdmso	mtcsc	3	7	101	99	0.4200848656294201	0.33197798102984655
chr20:45325579	wtdmso	mtcsc	6	3	83	93	2.2409638554216866	0.316416398109158
chr20:45325693	wtdmso	mtcsc	6	14	90	84	0.4	0.09682633566277335
chr20:45325698	wtdmso	mtcsc	4	4	87	86	0.9885057471264368	1.0
chr20:45325716	wtdmso	mtcsc	10	14	64	58	0.6473214285714286	0.37722409926845546
chr20:45325742	wtdmso	mtcsc	1	1	70	73	1.042857142857143	1.0
chr20:45325927	wtdmso	mtcsc	5	4	63	67	1.3293650793650793	0.7412311768448364
chr20:45326589	wtdmso	mtcsc	2	3	19	25	0.8771929824561403	1.0
chr20:45326710	wtdmso	mtcsc	4	3	17	26	2.0392156862745097	0.43407198721722295
chr20:45326817	wtdmso	mtcsc	3	5	17	24	0.8470588235294118	1.0
chr20:45327019	wtdmso	mtcsc	2	3	13	22	1.1282051282051282	1.0
chr20:45327116	wtdmso	mtcsc	1	4	16	23	0.359375	0.6337043557690182
chr20:45327164	wtdmso	mtcsc	1	5	18	12	0.13333333333333333	0.08064516129032258
chr20:45327197	wtdmso	mtcsc	4	6	14	18	0.8571428571428571	1.0
chr20:45327237	wtdmso	mtcsc	14	21	4	5	0.8333333333333334	1.0
chr20:45330504	wtdmso	mtcsc	4	3	13	15	1.5384615384615385	0.690565274547477
chr20:45335888	wtdmso	mtcsc	6	4	8	12	2.25	0.44214559386973173
chr20:45425635	wtdmso	mtcsc	7	3	7	9	3.0	0.24751648943330187
chr20:45425736	wtdmso	mtcsc	2	1	10	9	1.8	1.0
chr20:45425924	wtdmso	mtcsc	1	1	14	12	0.8571428571428571	1.0
chr20:4699227	wtdmso	mtcsc	6	6	28	11	0.39285714285714285	0.18111285352779735
chr20:4699272	wtdmso	mtcsc	4	1	16	15	3.75	0.3548934725405313
chr20:4699314	wtdmso	mtcsc	5	4	28	15	0.6696428571428571	0.7082871984629617
chr20:4699465	wtdmso	mtcsc	14	11	21	9	0.5454545454545454	0.3993293815967978
chr20:4699650	wtdmso	mtcsc	19	9	16	13	1.7152777777777777	0.41727444967355964
chr20:4699659	wtdmso	mtcsc	18	13	13	8	0.8520710059171598	1.0
chr20:4699737	wtdmso	mtcsc	2	3	37	19	0.34234234234234234	0.3409759415929713
chr20:4699809	wtdmso	mtcsc	10	4	30	15	1.25	1.0
chr20:4700253	wtdmso	mtcsc	15	6	25	11	1.1	1.0
chr20:4700265	wtdmso	mtcsc	9	6	26	17	0.9807692307692307	1.0
chr20:4700303	wtdmso	mtcsc	5	4	32	17	0.6640625	0.7096441619538563
chr20:4700552	wtdmso	mtcsc	8	6	43	23	0.7131782945736435	0.5592134374434359
chr20:4700631	wtdmso	mtcsc	8	6	41	25	0.8130081300813008	0.7685415278143368
chr20:4700646	wtdmso	mtcsc	3	1	42	27	1.9285714285714286	1.0
chr20:4700661	wtdmso	mtcsc	21	11	31	20	1.2316715542521994	0.8160692586890526
chr20:4700666	wtdmso	mtcsc	8	5	47	27	0.9191489361702128	1.0
chr20:4700672	wtdmso	mtcsc	1	1	53	30	0.5660377358490566	1.0
chr20:4700694	wtdmso	mtcsc	9	7	46	25	0.6987577639751553	0.5728159518545687
chr20:4700883	wtdmso	mtcsc	1	1	67	32	0.47761194029850745	0.548910891089109
chr20:4700967	wtdmso	mtcsc	20	7	46	26	1.6149068322981366	0.47326428677449073
chr20:4701291	wtdmso	mtcsc	6	4	56	32	0.8571428571428571	1.0
chr20:4701448	wtdmso	mtcsc	5	2	67	46	1.7164179104477613	0.7008794919165441
chr20:4701457	wtdmso	mtcsc	1	1	94	63	0.6702127659574468	1.0
chr20:4701503	wtdmso	mtcsc	7	3	77	46	1.393939393939394	0.7447652720372286
chr20:4701557	wtdmso	mtcsc	17	17	68	42	0.6176470588235294	0.23703290957542872
chr20:49094280	wtdmso	mtcsc	1	1	9	18	2.0	1.0
chr20:49094800	wtdmso	mtcsc	1	4	9	14	0.3888888888888889	0.6263736263736266
chr20:49096535	wtdmso	mtcsc	2	11	8	10	0.22727272727272727	0.12850026599603429
chr20:49279157	wtdmso	mtcsc	3	5	129	111	0.5162790697674419	0.4791599459310744
chr20:49280501	wtdmso	mtcsc	1	1	120	108	0.9	1.0
chr20:49280517	wtdmso	mtcsc	24	13	98	91	1.7142857142857142	0.1545539424058243
chr20:49289088	wtdmso	mtcsc	21	14	110	94	1.2818181818181817	0.5829807454026039
chr20:49289127	wtdmso	mtcsc	9	6	129	115	1.3372093023255813	0.7908251800926065
chr20:49289202	wtdmso	mtcsc	7	5	139	113	1.1381294964028776	1.0
chr20:49289217	wtdmso	mtcsc	13	8	126	112	1.4444444444444444	0.4982250806219676
chr20:49936431	wtdmso	mtcsc	3	3	10	13	1.3	1.0
chr20:50191421	wtdmso	mtcsc	12	8	12	19	2.375	0.16142056108385266
chr20:50191580	wtdmso	mtcsc	31	35	10	10	0.8857142857142857	1.0
chr20:50191835	wtdmso	mtcsc	6	11	57	37	0.35406698564593303	0.0650318626701347
chr20:50192018	wtdmso	mtcsc	26	22	56	52	1.0974025974025974	0.8626991707224986
chr20:50192111	wtdmso	mtcsc	28	25	58	52	1.0041379310344827	1.0
chr20:50192168	wtdmso	mtcsc	5	7	71	60	0.6036217303822937	0.5480236928016071
chr20:50192439	wtdmso	mtcsc	74	64	19	18	1.0953947368421053	0.8540525542436399
chr20:50192459	wtdmso	mtcsc	14	17	79	67	0.6984363365599404	0.43010996953460134
chr20:50192634	wtdmso	mtcsc	15	7	64	55	1.8415178571428572	0.24827633595945658
chr20:50192647	wtdmso	mtcsc	2	3	67	65	0.6467661691542289	0.680502960564428
chr20:5115239	wtdmso	mtcsc	2	3	9	20	1.4814814814814814	1.0
chr20:5115516	wtdmso	mtcsc	4	13	7	10	0.43956043956043955	0.4646397231491781
chr20:5115551	wtdmso	mtcsc	3	3	20	21	1.05	1.0
chr20:5117661	wtdmso	mtcsc	2	1	10	22	4.4	0.26554621848739496
chr20:5119586	wtdmso	mtcsc	4	4	8	16	2.0	0.43250905564587433
chr20:5119676	wtdmso	mtcsc	1	5	11	11	0.2	0.19647502256197907
chr20:5119736	wtdmso	mtcsc	5	2	7	16	5.714285714285714	0.08371352785145891
chr20:58891742	wtdmso	mtcsc	7	4	126	114	1.5833333333333333	0.5480128507800666
chr20:58891757	wtdmso	mtcsc	19	15	106	91	1.0874213836477988	0.8542508514172251
chr20:58891823	wtdmso	mtcsc	5	4	132	116	1.0984848484848484	1.0
chr20:58898954	wtdmso	mtcsc	2	8	13	34	0.6538461538461539	1.0
chr20:58903526	wtdmso	mtcsc	7	3	57	55	2.2514619883040936	0.32911222018889397
chr20:58903553	wtdmso	mtcsc	6	9	152	139	0.6096491228070176	0.43157450386459784
chr20:58903671	wtdmso	mtcsc	4	1	160	158	3.95	0.3714030651718331
chr20:58903729	wtdmso	mtcsc	3	5	158	143	0.5430379746835443	0.48670643950837983
chr20:58903774	wtdmso	mtcsc	30	18	126	125	1.6534391534391535	0.15539105888994942
chr20:58903780	wtdmso	mtcsc	6	6	95	90	0.9473684210526315	1.0
chr20:58905467	wtdmso	mtcsc	4	3	149	143	1.279642058165548	1.0
chr20:58909169	wtdmso	mtcsc	1	1	146	131	0.8972602739726028	1.0
chr20:58909196	wtdmso	mtcsc	26	19	151	140	1.2687347507842455	0.5225093005810084
chr20:58909350	wtdmso	mtcsc	15	9	162	156	1.6049382716049383	0.29741948628796805
chr20:58909373	wtdmso	mtcsc	12	5	160	144	2.16	0.21140460688409501
chr20:58909391	wtdmso	mtcsc	1	2	180	166	0.46111111111111114	0.6103744119781764
chr20:58909407	wtdmso	mtcsc	1	1	156	138	0.8846153846153846	1.0
chr20:58909688	wtdmso	mtcsc	28	15	150	142	1.767111111111111	0.10311998183315238
chr20:58909743	wtdmso	mtcsc	8	15	185	169	0.4872072072072072	0.13214012546264903
chr20:58909751	wtdmso	mtcsc	2	2	195	186	0.9538461538461539	1.0
chr20:58909776	wtdmso	mtcsc	13	22	192	174	0.5355113636363636	0.11038093375416136
chr20:58909797	wtdmso	mtcsc	7	6	192	184	1.1180555555555556	1.0
chr20:58910039	wtdmso	mtcsc	8	9	192	188	0.8703703703703703	0.8092797148331975
chr20:58910354	wtdmso	mtcsc	10	17	202	189	0.5503785672684915	0.1656736516198617
chr20:58910365	wtdmso	mtcsc	12	7	202	202	1.7142857142857142	0.3487874375300507
chr20:58910746	wtdmso	mtcsc	3	7	172	170	0.42358803986710963	0.3367393643165003
chr20:58910755	wtdmso	mtcsc	22	16	203	206	1.395320197044335	0.3971890473653378
chr20:58910785	wtdmso	mtcsc	19	17	182	197	1.2097608274078862	0.6051098088532667
chr20:58910836	wtdmso	mtcsc	16	20	199	196	0.7879396984924623	0.6020550831510102
chr20:58911085	wtdmso	mtcsc	2	4	238	227	0.47689075630252103	0.4419884159309235
chr20:58995359	wtdmso	mtcsc	10	6	9	4	0.7407407407407407	1.0
chr20:58995473	wtdmso	mtcsc	6	2	15	12	2.4	0.43073914569367033
chr20:58995521	wtdmso	mtcsc	3	2	17	10	0.8823529411764706	1.0
chr20:58995553	wtdmso	mtcsc	17	9	6	4	1.2592592592592593	1.0
chr20:58995606	wtdmso	mtcsc	2	1	19	10	1.0526315789473684	1.0
chr20:58996644	wtdmso	mtcsc	3	2	13	9	1.0384615384615385	1.0
chr20:58996679	wtdmso	mtcsc	1	1	15	9	0.6	1.0
chr20:58997689	wtdmso	mtcsc	6	2	8	8	3.0	0.3875353344999327
chr20:59006428	wtdmso	mtcsc	3	1	10	9	2.7	0.6036137775268209
chr20:59028718	wtdmso	mtcsc	7	9	160	133	0.6465277777777778	0.4468273081986469
chr20:59028834	wtdmso	mtcsc	38	38	160	135	0.84375	0.5217869363285481
chr20:59030349	wtdmso	mtcsc	2	2	194	170	0.8762886597938144	1.0
chr20:59030376	wtdmso	mtcsc	1	2	150	138	0.46	0.6099424692818931
chr20:59032224	wtdmso	mtcsc	12	5	191	171	2.14869109947644	0.21332216134021947
chr20:59032320	wtdmso	mtcsc	16	14	49	37	0.8629737609329446	0.8315151457946006
chr20:62137396	wtdmso	mtcsc	2	12	47	55	0.1950354609929078	0.04029010129580983
chr20:62138202	wtdmso	mtcsc	3	2	46	57	1.858695652173913	0.6570299936549274
chr20:62138237	wtdmso	mtcsc	4	1	51	67	5.254901960784314	0.17167764928660575
chr20:62139829	wtdmso	mtcsc	5	5	40	55	1.375	0.7414328119087473
chr20:62139839	wtdmso	mtcsc	5	8	44	52	0.7386363636363636	0.7690213924790579
chr20:62140868	wtdmso	mtcsc	3	1	45	53	3.533333333333333	0.3399904696351988
chr20:62140884	wtdmso	mtcsc	2	5	46	53	0.4608695652173913	0.452519602756296
chr20:62306198	wtdmso	mtcsc	2	7	8	29	1.0357142857142858	1.0
chr20:62306251	wtdmso	mtcsc	2	5	8	33	1.65	0.6250555758736169
chr20:62306303	wtdmso	mtcsc	8	13	12	27	1.3846153846153846	0.5794163703517226
chr20:62307387	wtdmso	mtcsc	2	6	19	31	0.543859649122807	0.6975460020352668
chr20:62308684	wtdmso	mtcsc	2	1	8	39	9.75	0.09795918367346941
chr20:62308756	wtdmso	mtcsc	1	10	9	26	0.28888888888888886	0.4102528851260405
chr20:62387366	wtdmso	mtcsc	9	13	200	338	1.17	0.8227048900838936
chr20:62387642	wtdmso	mtcsc	30	37	188	300	1.2938470385278895	0.3515785511630324
chr20:62388458	wtdmso	mtcsc	12	24	213	335	0.7863849765258216	0.597443387996551
chr20:62388465	wtdmso	mtcsc	26	45	188	310	0.9527186761229315	0.8964346174660013
chr20:62388515	wtdmso	mtcsc	1	2	66	116	0.8787878787878788	1.0
chr20:63521682	wtdmso	mtcsc	5	4	245	301	1.5357142857142858	0.7378640710139208
chr20:63521770	wtdmso	mtcsc	31	29	290	368	1.3564803804994054	0.279388247849129
chr20:63521795	wtdmso	mtcsc	9	14	265	356	0.8636118598382749	0.8317035575481313
chr20:63521878	wtdmso	mtcsc	30	40	279	336	0.9032258064516129	0.7058942584833189
chr20:63522023	wtdmso	mtcsc	2	3	299	381	0.8494983277591973	1.0
chr20:63522044	wtdmso	mtcsc	5	4	251	321	1.598605577689243	0.5167971566917583
chr20:63522053	wtdmso	mtcsc	2	1	327	416	2.54434250764526	0.5859254843759343
chr20:63522108	wtdmso	mtcsc	3	10	283	373	0.39540636042402827	0.16904603447241348
chr20:63522117	wtdmso	mtcsc	54	97	257	312	0.6758393838501344	0.04207009928827444
chr20:63522147	wtdmso	mtcsc	14	29	283	365	0.6226392104301206	0.202742679541527
chr20:63696893	wtdmso	mtcsc	1	1	9	25	2.7777777777777777	0.4841269841269842
chr20:63696960	wtdmso	mtcsc	1	1	12	27	2.25	0.5390243902439025
chr20:63697342	wtdmso	mtcsc	4	3	8	26	4.333333333333333	0.16540609929570133
chr20:63698327	wtdmso	mtcsc	1	6	12	20	0.2777777777777778	0.38842867635437306
chr20:63740496	wtdmso	mtcsc	1	6	11	24	0.36363636363636365	0.6513721680602297
chr20:63742373	wtdmso	mtcsc	1	10	9	27	0.3	0.41258271739880864
chr20:63742435	wtdmso	mtcsc	5	9	6	27	2.5	0.26280872534228317
chr20:63742601	wtdmso	mtcsc	2	1	9	25	5.555555555555555	0.20527670527670527
chr20:63742934	wtdmso	mtcsc	2	3	29	41	0.9425287356321839	1.0
chr20:63742985	wtdmso	mtcsc	2	3	29	35	0.8045977011494253	1.0
chr20:63743007	wtdmso	mtcsc	4	9	25	36	0.64	0.5494371792940329
chr20:63743069	wtdmso	mtcsc	5	2	23	34	3.6956521739130435	0.22463827858498575
chr20:63743144	wtdmso	mtcsc	6	5	27	41	1.8222222222222222	0.5116393731712119
chr20:63743366	wtdmso	mtcsc	5	10	27	30	0.5555555555555556	0.39180897465044
chr20:63743385	wtdmso	mtcsc	2	2	31	42	1.3548387096774193	1.0
chr21:25880853	wtdmso	mtcsc	1	1	40	16	0.4	0.5039322444041138
chr21:25881146	wtdmso	mtcsc	4	1	31	12	1.5483870967741935	1.0
chr21:25881319	wtdmso	mtcsc	2	2	31	22	0.7096774193548387	1.0
chr21:25881509	wtdmso	mtcsc	13	10	20	15	0.975	1.0
chr21:25881673	wtdmso	mtcsc	5	3	27	9	0.5555555555555556	0.6625414123100484
chr21:25911769	wtdmso	mtcsc	2	3	8	7	0.5833333333333334	1.0
chr21:31667282	wtdmso	mtcsc	2	5	9	33	1.4666666666666666	0.6464809715379818
chr21:33421556	wtdmso	mtcsc	1	1	10	17	1.7	1.0
chr21:33426885	wtdmso	mtcsc	2	5	9	22	0.9777777777777777	1.0
chr21:33426915	wtdmso	mtcsc	1	2	10	25	1.25	1.0
chr21:33432754	wtdmso	mtcsc	2	1	9	28	6.222222222222222	0.1781376518218624
chr21:33436900	wtdmso	mtcsc	2	9	9	20	0.49382716049382713	0.6936571139950496
chr21:33436962	wtdmso	mtcsc	2	1	9	26	5.777777777777778	0.19559032716927457
chr21:33437046	wtdmso	mtcsc	1	2	9	27	1.5	1.0
chr21:33437099	wtdmso	mtcsc	2	5	9	23	1.0222222222222221	1.0
chr21:33437120	wtdmso	mtcsc	2	2	10	23	2.3	0.5821031115148763
chr21:33437256	wtdmso	mtcsc	1	2	22	28	0.6363636363636364	1.0
chr21:33437323	wtdmso	mtcsc	4	13	24	27	0.34615384615384615	0.15359078417655084
chr21:33437381	wtdmso	mtcsc	1	8	22	26	0.14772727272727273	0.06947896384128474
chr21:33437478	wtdmso	mtcsc	3	2	22	34	2.3181818181818183	0.3924128954957744
chr21:33907351	wtdmso	mtcsc	6	4	41	35	1.2804878048780488	1.0
chr21:39342539	wtdmso	mtcsc	4	2	12	16	2.6666666666666665	0.38719789665284665
chr21:39342569	wtdmso	mtcsc	3	3	12	13	1.0833333333333333	1.0
chr21:39342857	wtdmso	mtcsc	3	5	12	13	0.65	0.6991606835878249
chr21:43734096	wtdmso	mtcsc	6	6	7	21	3.0	0.1536004242946425
chr21:43741738	wtdmso	mtcsc	4	6	20	21	0.7	0.7314583428621326
chr21:43741756	wtdmso	mtcsc	3	1	22	26	3.5454545454545454	0.34093637454981995
chr21:43743762	wtdmso	mtcsc	1	1	12	26	2.1666666666666665	1.0
chr21:43746099	wtdmso	mtcsc	1	1	13	23	1.7692307692307692	1.0
chr21:43749007	wtdmso	mtcsc	2	1	22	27	2.4545454545454546	0.5895022624434388
chr21:43753663	wtdmso	mtcsc	3	1	21	27	3.857142857142857	0.32421460892049125
chr21:43755745	wtdmso	mtcsc	6	7	25	26	0.8914285714285715	1.0
chr21:43756028	wtdmso	mtcsc	4	2	28	30	2.142857142857143	0.6718665237698302
chr21:43756084	wtdmso	mtcsc	4	4	24	29	1.2083333333333333	1.0
chr21:43774163	wtdmso	mtcsc	1	5	16	40	0.5	1.0
chr21:43774195	wtdmso	mtcsc	9	14	12	35	1.875	0.2756636183837833
chr21:43774212	wtdmso	mtcsc	1	5	18	37	0.4111111111111111	0.6552921788619445
chr21:43774257	wtdmso	mtcsc	3	2	18	45	3.75	0.1668603839093304
chr21:43774310	wtdmso	mtcsc	3	7	14	36	1.1020408163265305	1.0
chr21:43774670	wtdmso	mtcsc	1	1	17	50	2.9411764705882355	0.45652173913043487
chr21:44326848	wtdmso	mtcsc	1	1	9	28	3.111111111111111	0.4520917678812416
chr21:44327074	wtdmso	mtcsc	3	3	21	29	1.380952380952381	1.0
chr21:44327289	wtdmso	mtcsc	1	1	10	31	3.1	0.450719822812846
chr21:44327346	wtdmso	mtcsc	4	6	6	20	2.2222222222222223	0.41287925997243535
chr21:44806005	wtdmso	mtcsc	1	4	10	10	0.25	0.34057971014492755
chr21:44806772	wtdmso	mtcsc	3	3	19	10	0.5263157894736842	0.6484819734345351
chr21:44806889	wtdmso	mtcsc	1	1	21	12	0.5714285714285714	1.0
chr21:44807020	wtdmso	mtcsc	2	1	19	10	1.0526315789473684	1.0
chr21:8209921	wtdmso	mtcsc	3	2	9	20	3.3333333333333335	0.31925996204933577
chr21:8210165	wtdmso	mtcsc	1	3	11	23	0.696969696969697	1.0
chr21:8210504	wtdmso	mtcsc	2	3	9	22	1.6296296296296295	0.6308940242763771
chr21:8210533	wtdmso	mtcsc	5	4	8	22	3.4375	0.1293851776474367
chr21:8210601	wtdmso	mtcsc	1	3	9	22	0.8148148148148148	1.0
chr21:8210819	wtdmso	mtcsc	1	1	14	30	2.142857142857143	1.0
chr21:8211017	wtdmso	mtcsc	1	1	12	27	2.25	0.5390243902439025
chr22:19175618	wtdmso	mtcsc	2	3	9	33	2.4444444444444446	0.5775875051093948
chr22:19175674	wtdmso	mtcsc	2	1	15	38	5.066666666666666	0.21587301587301583
chr22:19175856	wtdmso	mtcsc	1	4	15	34	0.5666666666666667	1.0
chr22:19175891	wtdmso	mtcsc	1	2	16	32	1.0	1.0
chr22:19175951	wtdmso	mtcsc	1	6	19	31	0.2719298245614035	0.4019659585697321
chr22:19176668	wtdmso	mtcsc	1	10	14	23	0.16428571428571428	0.1359134512632705
chr22:19176869	wtdmso	mtcsc	2	2	8	24	3.0	0.30481283422459887
chr22:19176895	wtdmso	mtcsc	10	8	4	23	7.1875	0.007484186306170362
chr22:19177123	wtdmso	mtcsc	1	1	12	36	3.0	0.45632653061224493
chr22:19178037	wtdmso	mtcsc	1	1	13	32	2.4615384615384617	0.5115633672525439
chr22:19435787	wtdmso	mtcsc	1	3	10	9	0.3	0.5900621118012421
chr22:20314469	wtdmso	mtcsc	4	4	9	6	0.6666666666666666	0.6850181720285369
chr22:20314539	wtdmso	mtcsc	9	6	6	4	1.0	1.0
chr22:20314740	wtdmso	mtcsc	6	4	9	6	1.0	1.0
chr22:20314794	wtdmso	mtcsc	2	5	11	5	0.18181818181818182	0.1687979539641944
chr22:20314804	wtdmso	mtcsc	3	2	11	8	1.0909090909090908	1.0
chr22:23766204	wtdmso	mtcsc	4	3	10	8	1.0666666666666667	1.0
chr22:23801041	wtdmso	mtcsc	1	6	9	22	0.4074074074074074	0.6495633686036162
chr22:23801067	wtdmso	mtcsc	1	2	10	26	1.3	1.0
chr22:23803413	wtdmso	mtcsc	2	5	10	28	1.12	1.0
chr22:23816826	wtdmso	mtcsc	2	5	11	29	1.0545454545454545	1.0
chr22:23825228	wtdmso	mtcsc	8	10	15	29	1.5466666666666666	0.5642808454101658
chr22:23825291	wtdmso	mtcsc	2	5	22	36	0.6545454545454545	1.0
chr22:23833576	wtdmso	mtcsc	4	4	22	30	1.3636363636363635	0.717243920132293
chr22:23833609	wtdmso	mtcsc	2	6	25	33	0.44	0.455461825906349
chr22:23833647	wtdmso	mtcsc	1	1	26	38	1.4615384615384615	1.0
chr22:23833690	wtdmso	mtcsc	4	5	22	30	1.0909090909090908	1.0
chr22:23833696	wtdmso	mtcsc	4	4	27	40	1.4814814814814814	0.7106519818162691
chr22:23834268	wtdmso	mtcsc	6	3	21	38	3.619047619047619	0.14020897219139067
chr22:23894493	wtdmso	mtcsc	3	4	164	318	1.454268292682927	0.6949687062222025
chr22:23894796	wtdmso	mtcsc	8	7	151	324	2.4522232734153264	0.0947828953200238
chr22:23894880	wtdmso	mtcsc	33	65	162	320	1.002849002849003	1.0
chr22:23894940	wtdmso	mtcsc	7	8	111	242	1.9076576576576576	0.2596988621575132
chr22:23895117	wtdmso	mtcsc	30	72	139	281	0.842326139088729	0.555473927251259
chr22:23895149	wtdmso	mtcsc	4	13	176	331	0.5786713286713286	0.44099161306210466
chr22:23895219	wtdmso	mtcsc	2	4	78	187	1.1987179487179487	1.0
chr22:23971518	wtdmso	mtcsc	9	17	13	26	1.0588235294117647	1.0
chr22:23971561	wtdmso	mtcsc	6	3	16	41	5.125	0.05060248427107223
chr22:23973770	wtdmso	mtcsc	1	6	20	33	0.275	0.4036802862051255
chr22:28794588	wtdmso	mtcsc	2	5	11	23	0.8363636363636363	1.0
chr22:28794738	wtdmso	mtcsc	2	2	32	54	1.6875	0.6311507167764435
chr22:28794941	wtdmso	mtcsc	2	1	14	37	5.285714285714286	0.20641831962586676
chr22:28795026	wtdmso	mtcsc	2	2	39	42	1.0769230769230769	1.0
chr22:28795141	wtdmso	mtcsc	4	5	35	50	1.1428571428571428	1.0
chr22:28795201	wtdmso	mtcsc	17	30	22	24	0.6181818181818182	0.2969181587065237
chr22:28795217	wtdmso	mtcsc	11	15	27	36	0.9777777777777777	1.0
chr22:28795256	wtdmso	mtcsc	1	12	28	36	0.10714285714285714	0.0247627121100787
chr22:28795292	wtdmso	mtcsc	26	38	7	11	1.0751879699248121	1.0
chr22:28795393	wtdmso	mtcsc	2	1	31	48	3.096774193548387	0.5617886178861788
chr22:28795491	wtdmso	mtcsc	1	2	26	42	0.8076923076923077	1.0
chr22:28795549	wtdmso	mtcsc	8	20	22	28	0.509090909090909	0.22817186516322724
chr22:28795621	wtdmso	mtcsc	3	6	26	43	0.8269230769230769	1.0
chr22:28796062	wtdmso	mtcsc	4	6	26	40	1.0256410256410255	1.0
chr22:28796091	wtdmso	mtcsc	9	6	22	42	2.8636363636363638	0.08313936357243304
chr22:28797140	wtdmso	mtcsc	4	8	14	38	1.3571428571428572	0.7262662138247327
chr22:28797162	wtdmso	mtcsc	4	3	24	38	2.111111111111111	0.4299429670989392
chr22:28799083	wtdmso	mtcsc	5	7	23	35	1.0869565217391304	1.0
chr22:28800484	wtdmso	mtcsc	1	3	9	13	0.48148148148148145	1.0
chr22:28800498	wtdmso	mtcsc	4	3	6	14	3.111111111111111	0.36481875612310394
chr22:29767416	wtdmso	mtcsc	1	1	25	26	1.04	1.0
chr22:29767449	wtdmso	mtcsc	3	2	20	13	0.975	1.0
chr22:29769871	wtdmso	mtcsc	9	15	21	16	0.45714285714285713	0.1919174361920598
chr22:31105213	wtdmso	mtcsc	3	1	9	10	3.3333333333333335	0.5900621118012421
chr22:31105942	wtdmso	mtcsc	2	2	10	8	0.8	1.0
chr22:32387874	wtdmso	mtcsc	1	1	11	14	1.2727272727272727	1.0
chr22:32387911	wtdmso	mtcsc	4	10	7	4	0.22857142857142856	0.11599475030286714
chr22:32387935	wtdmso	mtcsc	4	9	7	4	0.25396825396825395	0.21732640424590885
chr22:32393908	wtdmso	mtcsc	1	2	10	14	0.7	1.0
chr22:32393923	wtdmso	mtcsc	1	1	10	15	1.5	1.0
chr22:32859498	wtdmso	mtcsc	4	2	8	8	2.0	0.6461742591773552
chr22:32859542	wtdmso	mtcsc	3	2	10	8	1.2	1.0
chr22:32859818	wtdmso	mtcsc	4	3	11	10	1.2121212121212122	1.0
chr22:32859871	wtdmso	mtcsc	2	3	14	10	0.47619047619047616	0.6321839080459768
chr22:32860110	wtdmso	mtcsc	1	2	23	11	0.2391304347826087	0.27773487773487776
chr22:32860174	wtdmso	mtcsc	2	3	25	11	0.29333333333333333	0.3169517399299171
chr22:32860429	wtdmso	mtcsc	6	3	14	7	1.0	1.0
chr22:35838355	wtdmso	mtcsc	9	13	20	29	1.0038461538461538	1.0
chr22:35838364	wtdmso	mtcsc	1	4	24	39	0.40625	0.6448336014292995
chr22:35838419	wtdmso	mtcsc	1	2	25	39	0.78	1.0
chr22:35838454	wtdmso	mtcsc	2	2	26	44	1.6923076923076923	0.6306010814982453
chr22:35838495	wtdmso	mtcsc	12	22	16	23	0.7840909090909091	0.6383339733157807
chr22:36510947	wtdmso	mtcsc	1	1	41	56	1.3658536585365855	1.0
chr22:36512567	wtdmso	mtcsc	4	1	31	51	6.580645161290323	0.15281011777663983
chr22:36516574	wtdmso	mtcsc	2	1	32	53	3.3125	0.5566268134431727
chr22:36517410	wtdmso	mtcsc	4	5	24	39	1.3	0.7282970526138086
chr22:36518767	wtdmso	mtcsc	2	3	21	31	0.9841269841269841	1.0
chr22:37029248	wtdmso	mtcsc	1	8	9	14	0.19444444444444445	0.2100132625994695
chr22:37029525	wtdmso	mtcsc	4	11	7	11	0.5714285714285714	0.7119528945204818
chr22:37029637	wtdmso	mtcsc	1	2	10	21	1.05	1.0
chr22:37029664	wtdmso	mtcsc	3	12	7	11	0.39285714285714285	0.2827990696733744
chr22:37225336	wtdmso	mtcsc	42	52	27	44	1.3162393162393162	0.4279808081945193
chr22:37225359	wtdmso	mtcsc	13	28	68	104	0.7100840336134454	0.3773506370771759
chr22:37225414	wtdmso	mtcsc	50	85	29	44	0.8924949290060852	0.7651883513000313
chr22:37225508	wtdmso	mtcsc	1	10	62	87	0.1403225806451613	0.051145685887118215
chr22:37225685	wtdmso	mtcsc	2	9	69	96	0.30917874396135264	0.20320089328846655
chr22:37225699	wtdmso	mtcsc	10	12	58	94	1.3505747126436782	0.6408578827429057
chr22:37225791	wtdmso	mtcsc	21	22	57	90	1.507177033492823	0.290709425979393
chr22:37226802	wtdmso	mtcsc	6	10	65	92	0.8492307692307692	1.0
chr22:37231294	wtdmso	mtcsc	3	3	69	102	1.4782608695652173	0.6883304615384482
chr22:37231307	wtdmso	mtcsc	1	5	73	97	0.26575342465753427	0.4030590524794503
chr22:37231325	wtdmso	mtcsc	2	3	68	104	1.0196078431372548	1.0
chr22:37232837	wtdmso	mtcsc	7	9	65	93	1.1128205128205129	1.0
chr22:37232855	wtdmso	mtcsc	1	1	62	97	1.564516129032258	1.0
chr22:37232870	wtdmso	mtcsc	10	14	64	92	1.0267857142857142	1.0
chr22:37232885	wtdmso	mtcsc	4	7	61	83	0.7775175644028103	0.7620929141716238
chr22:37232912	wtdmso	mtcsc	1	1	64	91	1.421875	1.0
chr22:37241644	wtdmso	mtcsc	5	12	55	73	0.553030303030303	0.4324541566438417
chr22:37244152	wtdmso	mtcsc	1	2	57	79	0.6929824561403509	1.0
chr22:37675682	wtdmso	mtcsc	33	116	230	586	0.7248125937031484	0.13449355867482962
chr22:37675694	wtdmso	mtcsc	9	29	244	672	0.8547201808931599	0.851455539481544
chr22:37677014	wtdmso	mtcsc	1	1	276	735	2.6630434782608696	0.472314457506955
chr22:37678493	wtdmso	mtcsc	55	163	194	514	0.8939978495983809	0.5423974371468221
chr22:37678505	wtdmso	mtcsc	4	9	263	695	1.1744824672581327	0.7600986197308858
chr22:37678603	wtdmso	mtcsc	12	22	209	642	1.6755110917790343	0.16042184920462768
chr22:37679632	wtdmso	mtcsc	14	20	236	693	2.0555084745762713	0.046676800375528835
chr22:37679717	wtdmso	mtcsc	23	75	274	697	0.7800973236009733	0.3457724561559404
chr22:37679744	wtdmso	mtcsc	46	140	239	609	0.8372384937238494	0.3657407332406448
chr22:37851294	wtdmso	mtcsc	1	3	18	26	0.48148148148148145	1.0
chr22:37851319	wtdmso	mtcsc	6	8	13	22	1.2692307692307692	0.7536263339838001
chr22:37851380	wtdmso	mtcsc	1	1	17	29	1.7058823529411764	1.0
chr22:37855577	wtdmso	mtcsc	1	1	18	30	1.6666666666666667	1.0
chr22:37863296	wtdmso	mtcsc	3	13	14	14	0.23076923076923078	0.056508327061601235
chr22:37874504	wtdmso	mtcsc	3	2	32	33	1.546875	1.0
chr22:37874511	wtdmso	mtcsc	18	19	16	16	0.9473684210526315	1.0
chr22:37874516	wtdmso	mtcsc	3	3	31	30	0.967741935483871	1.0
chr22:37875969	wtdmso	mtcsc	3	1	31	32	3.096774193548387	0.6135476463834674
chr22:37877809	wtdmso	mtcsc	2	3	32	31	0.6458333333333334	1.0
chr22:37877828	wtdmso	mtcsc	8	9	26	24	0.8205128205128205	0.78399203156008
chr22:37878034	wtdmso	mtcsc	6	7	26	27	0.8901098901098901	1.0
chr22:37878091	wtdmso	mtcsc	5	9	31	26	0.4659498207885305	0.24536130895373598
chr22:37878154	wtdmso	mtcsc	2	2	32	31	0.96875	1.0
chr22:37886783	wtdmso	mtcsc	4	1	32	35	4.375	0.35701163502755673
chr22:37888434	wtdmso	mtcsc	12	7	30	33	1.8857142857142857	0.2986578564126352
chr22:37888486	wtdmso	mtcsc	3	1	40	40	3.0	0.6162427487728692
chr22:37888584	wtdmso	mtcsc	1	5	32	27	0.16875	0.10483396385035729
chr22:38219357	wtdmso	mtcsc	5	3	6	20	5.555555555555555	0.07893483681941446
chr22:38219373	wtdmso	mtcsc	1	1	13	23	1.7692307692307692	1.0
chr22:38219419	wtdmso	mtcsc	2	6	8	15	0.625	1.0
chr22:38219597	wtdmso	mtcsc	1	1	14	24	1.7142857142857142	1.0
chr22:38219976	wtdmso	mtcsc	4	6	7	16	1.5238095238095237	0.6959869940960042
chr22:38220027	wtdmso	mtcsc	3	4	8	20	1.875	0.6523588300726297
chr22:39312930	wtdmso	mtcsc	14	8	546	768	2.4615384615384617	0.04864042913763249
chr22:39312967	wtdmso	mtcsc	4	1	652	894	5.484662576687117	0.16917706695685564
chr22:39312981	wtdmso	mtcsc	11	13	463	651	1.1897325137065957	0.6809432421825403
chr22:39313251	wtdmso	mtcsc	7	18	610	808	0.5151183970856102	0.15584952075790676
chr22:39313266	wtdmso	mtcsc	19	14	679	910	1.8188512518409425	0.10931785340808106
chr22:39313662	wtdmso	mtcsc	41	46	637	859	1.201931608763907	0.43599132415181485
chr22:39313694	wtdmso	mtcsc	27	35	653	876	1.0348720192518048	0.8965986023980042
chr22:39313701	wtdmso	mtcsc	6	18	645	846	0.4372093023255814	0.09536568985849483
chr22:39314125	wtdmso	mtcsc	5	5	562	729	1.2971530249110321	0.7548055338215316
chr22:39314134	wtdmso	mtcsc	70	83	544	738	1.1441353649893693	0.43787306631000655
chr22:39314140	wtdmso	mtcsc	103	123	545	748	1.1493100619079586	0.34408354734007945
chr22:39314155	wtdmso	mtcsc	24	35	621	837	0.924223602484472	0.7901652541615531
chr22:39314804	wtdmso	mtcsc	8	7	546	729	1.5259026687598116	0.44132860521586814
chr22:39315389	wtdmso	mtcsc	8	14	587	785	0.7641761985884643	0.6657731566259528
chr22:39315433	wtdmso	mtcsc	21	48	559	745	0.5830724508050089	0.04540748327401987
chr22:39315472	wtdmso	mtcsc	53	66	465	637	1.1000651678071034	0.6268218507130578
chr22:39316760	wtdmso	mtcsc	14	20	440	617	0.9815909090909091	1.0
chr22:39317515	wtdmso	mtcsc	10	18	357	515	0.8014316837846249	0.6972442685605703
chr22:39317524	wtdmso	mtcsc	26	29	348	510	1.3139120095124852	0.3264856771319682
chr22:39317596	wtdmso	mtcsc	33	40	342	507	1.2230263157894736	0.4567021316586873
chr22:39317622	wtdmso	mtcsc	29	29	361	539	1.4930747922437673	0.16750803777640433
chr22:39318435	wtdmso	mtcsc	20	21	318	464	1.3896376160527104	0.33054492501917765
chr22:39318488	wtdmso	mtcsc	37	43	310	445	1.2351837959489873	0.40427779715351553
chr22:39318565	wtdmso	mtcsc	1	2	270	372	0.6888888888888889	1.0
chr22:39521488	wtdmso	mtcsc	5	1	24	35	7.291666666666667	0.08109059105886181
chr22:39521789	wtdmso	mtcsc	2	5	21	24	0.45714285714285713	0.44373856744006923
chr22:39521877	wtdmso	mtcsc	1	2	25	30	0.6	1.0
chr22:39521885	wtdmso	mtcsc	7	3	19	29	3.56140350877193	0.09460911745758156
chr22:39521898	wtdmso	mtcsc	1	1	23	29	1.2608695652173914	1.0
chr22:39521933	wtdmso	mtcsc	5	9	26	26	0.5555555555555556	0.38232752781101886
chr22:39521961	wtdmso	mtcsc	4	6	22	30	0.9090909090909091	1.0
chr22:39522180	wtdmso	mtcsc	6	4	37	32	1.2972972972972974	0.7481108955488567
chr22:39522376	wtdmso	mtcsc	8	10	49	34	0.5551020408163265	0.30068820214439096
chr22:39522413	wtdmso	mtcsc	3	3	47	33	0.7021276595744681	0.6914018222970291
chr22:40953597	wtdmso	mtcsc	1	1	9	35	3.888888888888889	0.3913043478260869
chr22:40953615	wtdmso	mtcsc	1	2	9	36	2.0	0.5122571692876965
chr22:40972573	wtdmso	mtcsc	1	12	9	25	0.23148148148148148	0.24366358405023197
chr22:41674931	wtdmso	mtcsc	1	1	30	57	1.9	1.0
chr22:41680296	wtdmso	mtcsc	1	1	26	49	1.8846153846153846	1.0
chr22:41680363	wtdmso	mtcsc	5	7	20	40	1.4285714285714286	0.7410783245498482
chr22:42086302	wtdmso	mtcsc	2	7	9	11	0.3492063492063492	0.4118325452658286
chr22:42090610	wtdmso	mtcsc	1	5	9	13	0.28888888888888886	0.3745819397993311
chr22:42090673	wtdmso	mtcsc	1	1	9	14	1.5555555555555556	1.0
chr22:43159220	wtdmso	mtcsc	21	21	53	71	1.3396226415094339	0.47393414546299606
chr22:43161143	wtdmso	mtcsc	4	7	80	95	0.6785714285714286	0.7566632285753421
chr22:43162950	wtdmso	mtcsc	2	2	52	78	1.5	1.0
chr22:43163009	wtdmso	mtcsc	33	50	52	59	0.7488461538461538	0.380730653257207
chr22:43163070	wtdmso	mtcsc	1	2	73	96	0.6575342465753424	1.0
chr22:43163199	wtdmso	mtcsc	13	20	64	73	0.74140625	0.5596374188069276
chr22:45196275	wtdmso	mtcsc	3	11	8	14	0.4772727272727273	0.4672321097515758
chr22:45196451	wtdmso	mtcsc	1	5	10	18	0.36	0.6378737813256561
chr22:45196480	wtdmso	mtcsc	4	1	6	9	6.0	0.30340557275541796
chr22:45196637	wtdmso	mtcsc	2	3	9	7	0.5185185185185185	0.6351172047766475
chr22:50446837	wtdmso	mtcsc	1	1	10	10	1.0	1.0
chr22:50447347	wtdmso	mtcsc	3	4	8	6	0.5625	0.6594427244582043
chr22:50503189	wtdmso	mtcsc	9	15	3	12	2.4	0.30527692843664844
chr22:50503318	wtdmso	mtcsc	7	10	5	18	2.52	0.29597242489344827
chr22:50503323	wtdmso	mtcsc	2	6	9	18	0.6666666666666666	1.0
chr22:50503472	wtdmso	mtcsc	1	7	9	22	0.3492063492063492	0.6525585534873461
chr22:50503638	wtdmso	mtcsc	3	9	7	17	0.8095238095238095	1.0
chr22_KI270876v1_alt:159353	wtdmso	mtcsc	14	19	23	30	0.9610983981693364	1.0
chr22_KI270876v1_alt:159362	wtdmso	mtcsc	2	2	33	45	1.3636363636363635	1.0
chr22_KI270876v1_alt:159369	wtdmso	mtcsc	1	1	35	48	1.3714285714285714	1.0
chr22_KI270876v1_alt:159452	wtdmso	mtcsc	4	6	34	48	0.9411764705882353	1.0
chr22_KI270876v1_alt:159493	wtdmso	mtcsc	16	20	22	31	1.1272727272727272	0.8294178347998098
chr22_KI270879v1_alt:131158	wtdmso	mtcsc	2	2	47	87	1.851063829787234	0.6152526189078542
chr22_KI270879v1_alt:131242	wtdmso	mtcsc	8	14	49	91	1.0612244897959184	1.0
chr22_KI270879v1_alt:131302	wtdmso	mtcsc	1	4	42	74	0.44047619047619047	0.6544306474515845
chr22_KI270879v1_alt:131448	wtdmso	mtcsc	5	6	41	72	1.4634146341463414	0.5346013454943609
chr22_KI270879v1_alt:131511	wtdmso	mtcsc	3	5	35	71	1.217142857142857	1.0
chr2:101004224	wtdmso	mtcsc	115	120	469	573	1.1708422174840085	0.27796868582176487
chr2:101004243	wtdmso	mtcsc	1	2	571	669	0.5858143607705779	1.0
chr2:101006357	wtdmso	mtcsc	180	263	282	289	0.7013995631421406	0.006249867892994521
chr2:101006376	wtdmso	mtcsc	13	34	555	647	0.44573396926338105	0.016062918980686722
chr2:105360852	wtdmso	mtcsc	2	6	8	23	0.9583333333333334	1.0
chr2:105360947	wtdmso	mtcsc	2	10	10	20	0.4	0.45336344910952797
chr2:105361091	wtdmso	mtcsc	1	1	24	35	1.4583333333333333	1.0
chr2:105361432	wtdmso	mtcsc	2	2	8	25	3.125	0.29139223256870306
chr2:105367636	wtdmso	mtcsc	1	1	9	22	2.4444444444444446	0.5208333333333334
chr2:105367658	wtdmso	mtcsc	1	1	9	25	2.7777777777777777	0.4841269841269842
chr2:105386367	wtdmso	mtcsc	2	3	8	21	1.75	0.6181214421252371
chr2:10783867	wtdmso	mtcsc	4	1	26	19	2.923076923076923	0.6359191225056164
chr2:10783978	wtdmso	mtcsc	18	9	40	34	1.7	0.36335235802512034
chr2:10784099	wtdmso	mtcsc	33	27	39	27	0.8461538461538461	0.7194653421572055
chr2:10784167	wtdmso	mtcsc	5	3	57	46	1.345029239766082	1.0
chr2:10784187	wtdmso	mtcsc	14	10	46	35	1.065217391304348	1.0
chr2:10784279	wtdmso	mtcsc	1	8	65	44	0.08461538461538462	0.010106529740616687
chr2:10787405	wtdmso	mtcsc	3	3	49	37	0.7551020408163265	1.0
chr2:10788967	wtdmso	mtcsc	2	1	44	27	1.2272727272727273	1.0
chr2:10793193	wtdmso	mtcsc	17	9	16	4	0.4722222222222222	0.33607377736702754
chr2:112829854	wtdmso	mtcsc	4	6	50	42	0.56	0.5098494701857224
chr2:112829892	wtdmso	mtcsc	13	17	41	24	0.44763271162123386	0.07955954663505098
chr2:112830182	wtdmso	mtcsc	12	9	31	30	1.2903225806451613	0.8005084835185599
chr2:112830260	wtdmso	mtcsc	26	20	4	5	1.625	0.716485229177982
chr2:112830322	wtdmso	mtcsc	21	21	31	22	0.7096774193548387	0.533847539870027
chr2:112830388	wtdmso	mtcsc	12	7	37	32	1.4826254826254825	0.6033853190365379
chr2:112830392	wtdmso	mtcsc	5	1	51	46	4.509803921568627	0.2158548317914112
chr2:112830413	wtdmso	mtcsc	1	3	50	42	0.28	0.33792851208322794
chr2:112832704	wtdmso	mtcsc	13	8	40	34	1.38125	0.6218851868006362
chr2:112832744	wtdmso	mtcsc	6	4	40	38	1.425	0.7416609720779026
chr2:112832759	wtdmso	mtcsc	17	21	30	18	0.4857142857142857	0.12829638535019192
chr2:112832824	wtdmso	mtcsc	7	5	38	30	1.105263157894737	1.0
chr2:112833561	wtdmso	mtcsc	3	4	40	35	0.65625	0.7033361036525594
chr2:112835602	wtdmso	mtcsc	1	2	44	37	0.42045454545454547	0.5947903110700641
chr2:119372321	wtdmso	mtcsc	2	2	10	8	0.8	1.0
chr2:119372486	wtdmso	mtcsc	4	6	9	7	0.5185185185185185	0.6881679903082514
chr2:130182637	wtdmso	mtcsc	1	1	52	46	0.8846153846153846	1.0
chr2:130182727	wtdmso	mtcsc	11	8	43	39	1.247093023255814	0.7999512343851336
chr2:130190638	wtdmso	mtcsc	4	6	52	49	0.6282051282051282	0.5273323184625129
chr2:131484047	wtdmso	mtcsc	1	2	31	29	0.46774193548387094	0.6128024980483996
chr2:131491922	wtdmso	mtcsc	3	5	25	28	0.672	0.7154886238312821
chr2:169812504	wtdmso	mtcsc	2	2	8	8	1.0	1.0
chr2:169819598	wtdmso	mtcsc	2	2	8	8	1.0	1.0
chr2:172505324	wtdmso	mtcsc	7	4	31	7	0.3951612903225806	0.23685984355079148
chr2:172505490	wtdmso	mtcsc	2	1	41	10	0.4878048780487805	0.5024592807611675
chr2:172505693	wtdmso	mtcsc	5	2	37	11	0.7432432432432432	0.663943317750199
chr2:174075226	wtdmso	mtcsc	6	10	5	11	1.32	1.0
chr2:175178149	wtdmso	mtcsc	2	1	42	68	3.238095238095238	0.5591280281545769
chr2:175178211	wtdmso	mtcsc	10	13	112	168	1.1538461538461537	0.8259753172731656
chr2:175178220	wtdmso	mtcsc	17	23	102	152	1.1014492753623188	0.8627443250854167
chr2:175178272	wtdmso	mtcsc	1	2	125	175	0.7	1.0
chr2:175179090	wtdmso	mtcsc	10	9	111	165	1.6516516516516517	0.33796364826611375
chr2:175180105	wtdmso	mtcsc	13	35	107	146	0.5068090787716956	0.05430311359362511
chr2:197486973	wtdmso	mtcsc	1	1	11	17	1.5454545454545454	1.0
chr2:197487012	wtdmso	mtcsc	6	2	4	8	6.0	0.16980233388902116
chr2:197488351	wtdmso	mtcsc	1	2	10	8	0.4	0.5864661654135338
chr2:20032742	wtdmso	mtcsc	3	6	34	25	0.36764705882352944	0.28191703696352577
chr2:20032783	wtdmso	mtcsc	4	5	35	28	0.64	0.7231918153191392
chr2:20032827	wtdmso	mtcsc	6	4	27	23	1.2777777777777777	1.0
chr2:20032895	wtdmso	mtcsc	12	9	27	26	1.2839506172839505	0.7968437508700328
chr2:20033231	wtdmso	mtcsc	1	1	31	33	1.064516129032258	1.0
chr2:20034389	wtdmso	mtcsc	4	10	28	22	0.3142857142857143	0.12886248506629455
chr2:20034401	wtdmso	mtcsc	5	6	31	28	0.7526881720430108	0.7495267235291277
chr2:20040968	wtdmso	mtcsc	3	1	19	16	2.526315789473684	0.6180471969945655
chr2:20040980	wtdmso	mtcsc	2	3	20	22	0.7333333333333333	1.0
chr2:20051494	wtdmso	mtcsc	1	3	18	13	0.24074074074074073	0.3119938884644766
chr2:20200890	wtdmso	mtcsc	3	2	134	118	1.3208955223880596	1.0
chr2:20200918	wtdmso	mtcsc	85	83	60	46	0.785140562248996	0.3846166651585051
chr2:20200928	wtdmso	mtcsc	45	38	92	80	1.0297482837528604	1.0
chr2:20200975	wtdmso	mtcsc	6	7	144	122	0.7261904761904762	0.5842436766897753
chr2:20201128	wtdmso	mtcsc	48	40	54	38	0.8444444444444444	0.6521251789382523
chr2:20201137	wtdmso	mtcsc	3	3	132	97	0.7348484848484849	0.7013770707840938
chr2:20201188	wtdmso	mtcsc	5	4	138	112	1.0144927536231885	1.0
chr2:20201424	wtdmso	mtcsc	19	21	85	61	0.6492997198879552	0.2811724154412265
chr2:20201436	wtdmso	mtcsc	61	45	65	59	1.2304273504273504	0.5065745243269275
chr2:20201441	wtdmso	mtcsc	14	7	111	94	1.6936936936936937	0.35806809593660416
chr2:20201510	wtdmso	mtcsc	4	5	188	156	0.6638297872340425	0.7371205749859986
chr2:20201566	wtdmso	mtcsc	7	11	195	157	0.5123543123543124	0.22534280465719927
chr2:20201807	wtdmso	mtcsc	77	72	84	68	0.8657407407407407	0.5644048044738783
chr2:20201816	wtdmso	mtcsc	3	4	156	124	0.5961538461538461	0.703941354105323
chr2:20201829	wtdmso	mtcsc	62	68	108	75	0.6331699346405228	0.05107347783959092
chr2:20202004	wtdmso	mtcsc	90	81	64	53	0.9201388888888888	0.8099988906993898
chr2:20202085	wtdmso	mtcsc	3	8	152	135	0.33305921052631576	0.12613443499462107
chr2:20202094	wtdmso	mtcsc	2	2	126	113	0.8968253968253969	1.0
chr2:20202115	wtdmso	mtcsc	6	10	148	129	0.522972972972973	0.30348851278196975
chr2:20202135	wtdmso	mtcsc	5	10	123	115	0.46747967479674796	0.1920293184590583
chr2:20202307	wtdmso	mtcsc	1	2	142	125	0.44014084507042256	0.6025353406449784
chr2:20202346	wtdmso	mtcsc	10	14	109	95	0.6225425950196593	0.2894972960121332
chr2:20202424	wtdmso	mtcsc	71	60	32	30	1.109375	0.7592518523262795
chr2:20202483	wtdmso	mtcsc	13	11	90	78	1.0242424242424242	1.0
chr2:20202498	wtdmso	mtcsc	30	27	91	75	0.9157509157509157	0.8776660292782033
chr2:20202539	wtdmso	mtcsc	58	52	64	51	0.8888221153846154	0.689451373724078
chr2:20202569	wtdmso	mtcsc	79	62	37	48	1.6530078465562337	0.07535377352027817
chr2:20202583	wtdmso	mtcsc	25	24	67	61	0.9483830845771144	1.0
chr2:20202698	wtdmso	mtcsc	43	39	67	58	0.9544584768465365	0.887619444088998
chr2:20202786	wtdmso	mtcsc	1	1	115	110	0.9565217391304348	1.0
chr2:20203106	wtdmso	mtcsc	1	1	97	92	0.9484536082474226	1.0
chr2:20203157	wtdmso	mtcsc	13	8	79	72	1.481012658227848	0.4874949919389726
chr2:20203166	wtdmso	mtcsc	5	6	86	77	0.7461240310077519	0.7590132670439316
chr2:20203206	wtdmso	mtcsc	1	1	72	68	0.9444444444444444	1.0
chr2:20203220	wtdmso	mtcsc	7	12	76	72	0.5526315789473685	0.33007875750017335
chr2:20203918	wtdmso	mtcsc	2	6	63	68	0.35978835978835977	0.28312494184777875
chr2:20203932	wtdmso	mtcsc	9	7	55	62	1.4493506493506494	0.5966896769715178
chr2:20203949	wtdmso	mtcsc	3	3	53	61	1.150943396226415	1.0
chr2:20203972	wtdmso	mtcsc	2	10	55	52	0.1890909090909091	0.03125209328750796
chr2:20204202	wtdmso	mtcsc	16	15	43	51	1.2651162790697674	0.6790205088192839
chr2:20205371	wtdmso	mtcsc	2	2	61	71	1.1639344262295082	1.0
chr2:20224934	wtdmso	mtcsc	2	2	51	67	1.3137254901960784	1.0
chr2:20224980	wtdmso	mtcsc	7	4	44	56	2.227272727272727	0.3397110507802897
chr2:20225001	wtdmso	mtcsc	2	5	50	58	0.464	0.4541682167742798
chr2:20225015	wtdmso	mtcsc	2	4	49	51	0.5204081632653061	0.6797336567114514
chr2:206161398	wtdmso	mtcsc	1	4	182	192	0.26373626373626374	0.3731654074158676
chr2:206161446	wtdmso	mtcsc	4	4	182	197	1.0824175824175823	1.0
chr2:206162489	wtdmso	mtcsc	1	2	159	181	0.5691823899371069	1.0
chr2:206162531	wtdmso	mtcsc	2	1	182	187	2.0549450549450547	0.6199681813802326
chr2:206162732	wtdmso	mtcsc	3	3	198	211	1.0656565656565657	1.0
chr2:206162802	wtdmso	mtcsc	2	5	132	146	0.44242424242424244	0.4532487375439648
chr2:206162839	wtdmso	mtcsc	35	34	156	163	1.075603318250377	0.7922530211736962
chr2:215360894	wtdmso	mtcsc	4	5	479	355	0.592901878914405	0.5076659498847675
chr2:215360990	wtdmso	mtcsc	14	16	533	394	0.6468105065666041	0.26361209366862404
chr2:215361140	wtdmso	mtcsc	39	30	542	406	0.9738007380073801	1.0
chr2:215361185	wtdmso	mtcsc	2	2	610	453	0.7426229508196721	1.0
chr2:215361215	wtdmso	mtcsc	21	12	515	386	1.311650485436893	0.48080203991538956
chr2:215361480	wtdmso	mtcsc	60	46	392	313	1.0414818101153505	0.9165560336409864
chr2:215361499	wtdmso	mtcsc	45	49	451	337	0.6862301461604597	0.09871801367007928
chr2:215361531	wtdmso	mtcsc	17	21	445	338	0.6148742643124666	0.1798851034629721
chr2:215361972	wtdmso	mtcsc	4	2	445	352	1.5820224719101124	0.6993782370084259
chr2:215361976	wtdmso	mtcsc	7	6	424	333	0.9162735849056604	1.0
chr2:215362040	wtdmso	mtcsc	51	49	375	279	0.7743673469387755	0.23590962726386142
chr2:215362065	wtdmso	mtcsc	16	18	401	316	0.7004710446106955	0.377667215474064
chr2:215364938	wtdmso	mtcsc	27	11	377	296	1.927176272003858	0.09127230234089748
chr2:215364955	wtdmso	mtcsc	3	1	393	312	2.381679389312977	0.6342040811555232
chr2:215365509	wtdmso	mtcsc	19	11	392	312	1.3747680890538034	0.456794414013701
chr2:215365581	wtdmso	mtcsc	31	26	331	252	0.9077387868928655	0.7800836307634468
chr2:215365605	wtdmso	mtcsc	96	93	244	188	0.7953463775780011	0.21995328831886024
chr2:215365617	wtdmso	mtcsc	3	1	317	259	2.451104100946372	0.6317397743409328
chr2:215367917	wtdmso	mtcsc	18	17	272	229	0.8914359861591695	0.8610342950492547
chr2:215367984	wtdmso	mtcsc	5	4	220	201	1.1420454545454546	1.0
chr2:215367996	wtdmso	mtcsc	4	2	235	202	1.7191489361702128	0.6912728084695385
chr2:215368011	wtdmso	mtcsc	40	23	193	165	1.4868213561612975	0.17136931201613825
chr2:215370343	wtdmso	mtcsc	2	2	223	192	0.8609865470852018	1.0
chr2:215370416	wtdmso	mtcsc	28	13	190	181	2.051821862348178	0.04723183300908122
chr2:215371917	wtdmso	mtcsc	26	25	177	162	0.951864406779661	0.8816770605806181
chr2:215371966	wtdmso	mtcsc	12	12	193	170	0.8808290155440415	0.8342560723996288
chr2:215372013	wtdmso	mtcsc	19	18	148	112	0.7987987987987988	0.5962240320378664
chr2:215372037	wtdmso	mtcsc	11	5	7	5	1.5714285714285714	0.6979405034324944
chr2:215372127	wtdmso	mtcsc	13	12	150	137	0.9894444444444445	1.0
chr2:215372171	wtdmso	mtcsc	7	7	161	144	0.8944099378881988	1.0
chr2:215372187	wtdmso	mtcsc	1	2	176	144	0.4090909090909091	0.5913075467788431
chr2:215372291	wtdmso	mtcsc	4	2	139	118	1.6978417266187051	0.6911885889850617
chr2:215372328	wtdmso	mtcsc	10	3	99	90	3.0303030303030303	0.1480503089309577
chr2:215373324	wtdmso	mtcsc	6	12	164	132	0.4024390243902439	0.08805835948752196
chr2:215373396	wtdmso	mtcsc	22	14	158	138	1.3725135623869802	0.4790729035279251
chr2:215373403	wtdmso	mtcsc	34	28	132	118	1.0854978354978355	0.8870454196334997
chr2:215375699	wtdmso	mtcsc	22	18	133	113	1.0384294068504596	1.0
chr2:215376533	wtdmso	mtcsc	5	7	150	126	0.6	0.5561049974230816
chr2:215376548	wtdmso	mtcsc	5	5	119	113	0.9495798319327731	1.0
chr2:215376605	wtdmso	mtcsc	7	4	125	125	1.75	0.5402594397901047
chr2:215376629	wtdmso	mtcsc	3	4	141	129	0.6861702127659575	0.7137154248924227
chr2:215376644	wtdmso	mtcsc	15	20	125	111	0.666	0.28204669041451685
chr2:215378205	wtdmso	mtcsc	3	1	116	104	2.689655172413793	0.6245909586716762
chr2:215378221	wtdmso	mtcsc	10	14	116	111	0.6834975369458128	0.39973742354374653
chr2:215379135	wtdmso	mtcsc	14	19	121	113	0.6881252718573293	0.3558557291249362
chr2:215379160	wtdmso	mtcsc	6	6	119	111	0.9327731092436975	1.0
chr2:215379189	wtdmso	mtcsc	15	14	120	108	0.9642857142857143	1.0
chr2:215379194	wtdmso	mtcsc	4	2	126	114	1.8095238095238095	0.6867406742198718
chr2:215379209	wtdmso	mtcsc	10	11	122	115	0.856929955290611	0.8215289849239558
chr2:215379251	wtdmso	mtcsc	2	6	100	96	0.32	0.2792432054806271
chr2:215379298	wtdmso	mtcsc	10	5	106	108	2.0377358490566038	0.28591132629719285
chr2:215380822	wtdmso	mtcsc	10	20	73	72	0.4931506849315068	0.10920477417868439
chr2:215380917	wtdmso	mtcsc	2	1	81	92	2.271604938271605	0.6024697716077025
chr2:215380978	wtdmso	mtcsc	1	4	77	83	0.2694805194805195	0.3711129953835325
chr2:215381060	wtdmso	mtcsc	16	19	64	63	0.8289473684210527	0.7039444451206014
chr2:215382223	wtdmso	mtcsc	4	1	113	108	3.8230088495575223	0.371000549908443
chr2:215382310	wtdmso	mtcsc	2	2	104	100	0.9615384615384616	1.0
chr2:215383339	wtdmso	mtcsc	13	17	97	88	0.6937537901758641	0.4321429472041054
chr2:215383345	wtdmso	mtcsc	1	2	105	104	0.49523809523809526	1.0
chr2:215383355	wtdmso	mtcsc	12	8	92	94	1.5326086956521738	0.4815440980076445
chr2:215383361	wtdmso	mtcsc	1	2	85	89	0.5235294117647059	1.0
chr2:215383440	wtdmso	mtcsc	8	5	101	97	1.5366336633663367	0.5716212270550105
chr2:215383453	wtdmso	mtcsc	6	5	95	94	1.1873684210526316	1.0
chr2:215383476	wtdmso	mtcsc	2	1	94	93	1.9787234042553192	1.0
chr2:215384022	wtdmso	mtcsc	20	19	67	66	1.0369206598586018	1.0
chr2:215384063	wtdmso	mtcsc	41	39	43	43	1.0512820512820513	0.8779742957664691
chr2:215384862	wtdmso	mtcsc	1	1	37	42	1.135135135135135	1.0
chr2:215384957	wtdmso	mtcsc	2	3	84	79	0.626984126984127	0.676381082304176
chr2:215386827	wtdmso	mtcsc	2	2	70	70	1.0	1.0
chr2:215386933	wtdmso	mtcsc	16	16	54	57	1.0555555555555556	1.0
chr2:215388221	wtdmso	mtcsc	1	1	68	53	0.7794117647058824	1.0
chr2:215388251	wtdmso	mtcsc	2	6	69	67	0.32367149758454106	0.27544587128217013
chr2:215391795	wtdmso	mtcsc	3	5	49	56	0.6857142857142857	0.7239125228532902
chr2:215397180	wtdmso	mtcsc	1	1	53	65	1.2264150943396226	1.0
chr2:215397682	wtdmso	mtcsc	8	8	39	47	1.205128205128205	0.7891684147444114
chr2:215397719	wtdmso	mtcsc	1	1	16	25	1.5625	1.0
chr2:215397766	wtdmso	mtcsc	3	5	43	45	0.627906976744186	0.7165820705051167
chr2:215397802	wtdmso	mtcsc	10	12	40	44	0.9166666666666666	1.0
chr2:215399309	wtdmso	mtcsc	4	7	30	39	0.7428571428571429	0.7512450926246165
chr2:215404530	wtdmso	mtcsc	3	7	14	27	0.826530612244898	1.0
chr2:215404589	wtdmso	mtcsc	3	5	15	23	0.92	1.0
chr2:215406255	wtdmso	mtcsc	8	7	15	28	2.1333333333333333	0.2347102199497137
chr2:215406488	wtdmso	mtcsc	1	1	18	33	1.8333333333333333	1.0
chr2:215407233	wtdmso	mtcsc	5	1	14	30	10.714285714285714	0.02439162529026412
chr2:215407258	wtdmso	mtcsc	1	1	17	27	1.588235294117647	1.0
chr2:215407274	wtdmso	mtcsc	10	13	9	20	1.7094017094017093	0.3968794952182796
chr2:215408154	wtdmso	mtcsc	2	4	16	27	0.84375	1.0
chr2:215408178	wtdmso	mtcsc	2	2	9	18	2.0	0.6014619418401399
chr2:215408398	wtdmso	mtcsc	7	13	6	20	1.794871794871795	0.5114505154210203
chr2:215409676	wtdmso	mtcsc	1	4	10	23	0.575	1.0
chr2:215409968	wtdmso	mtcsc	1	5	9	21	0.4666666666666667	0.6546089110130856
chr2:215409978	wtdmso	mtcsc	2	7	10	22	0.6285714285714286	0.7017088068964531
chr2:215410064	wtdmso	mtcsc	1	2	11	26	1.1818181818181819	1.0
chr2:215414922	wtdmso	mtcsc	1	1	9	14	1.5555555555555556	1.0
chr2:215420722	wtdmso	mtcsc	5	7	6	14	1.6666666666666667	0.7025959724852213
chr2:216499311	wtdmso	mtcsc	3	22	338	639	0.257799892415277	0.018000699319345916
chr2:216499948	wtdmso	mtcsc	5	12	306	614	0.8360566448801743	1.0
chr2:216500002	wtdmso	mtcsc	1	4	313	614	0.4904153354632588	0.6681696502414003
chr2:216501379	wtdmso	mtcsc	18	19	249	557	2.1192136968928343	0.02951553231110027
chr2:216501396	wtdmso	mtcsc	1	2	315	650	1.0317460317460319	1.0
chr2:216501424	wtdmso	mtcsc	4	6	271	586	1.4415744157441575	0.7335291349670188
chr2:218217489	wtdmso	mtcsc	4	4	36	46	1.2777777777777777	1.0
chr2:218228825	wtdmso	mtcsc	6	2	34	48	4.235294117647059	0.13214582893039659
chr2:218238687	wtdmso	mtcsc	1	2	39	45	0.5769230769230769	1.0
chr2:218245522	wtdmso	mtcsc	3	7	44	56	0.5454545454545454	0.5116827405373415
chr2:218249857	wtdmso	mtcsc	3	12	37	39	0.2635135135135135	0.04933946805101416
chr2:218249875	wtdmso	mtcsc	9	12	39	45	0.8653846153846154	0.8110328605378132
chr2:218253959	wtdmso	mtcsc	5	3	52	67	2.1474358974358974	0.4655732496450392
chr2:218254087	wtdmso	mtcsc	9	15	34	43	0.7588235294117647	0.6406933451463532
chr2:218254289	wtdmso	mtcsc	1	1	27	22	0.8148148148148148	1.0
chr2:218274341	wtdmso	mtcsc	2	1	65	68	2.0923076923076924	0.6166666666666665
chr2:218274418	wtdmso	mtcsc	4	8	67	61	0.4552238805970149	0.24041133234734485
chr2:218274459	wtdmso	mtcsc	3	5	64	65	0.609375	0.7188081736444896
chr2:218274512	wtdmso	mtcsc	1	4	63	64	0.25396825396825395	0.36653015012681256
chr2:218274590	wtdmso	mtcsc	5	4	61	67	1.3729508196721312	0.7380553198289073
chr2:218274679	wtdmso	mtcsc	4	11	65	58	0.32447552447552447	0.09829065319784955
chr2:218274768	wtdmso	mtcsc	1	1	51	59	1.1568627450980393	1.0
chr2:218274857	wtdmso	mtcsc	2	9	50	40	0.17777777777777778	0.025268987613234567
chr2:218274892	wtdmso	mtcsc	1	2	45	44	0.4888888888888889	1.0
chr2:218275003	wtdmso	mtcsc	3	2	45	44	1.4666666666666666	1.0
chr2:218275067	wtdmso	mtcsc	2	3	45	41	0.6074074074074074	0.6701522679825664
chr2:218275115	wtdmso	mtcsc	4	8	50	39	0.39	0.21692921395984655
chr2:218275203	wtdmso	mtcsc	1	2	39	33	0.4230769230769231	0.5957052943354312
chr2:218275245	wtdmso	mtcsc	4	5	34	39	0.9176470588235294	1.0
chr2:218275273	wtdmso	mtcsc	9	8	30	34	1.275	0.786427686965606
chr2:218275277	wtdmso	mtcsc	2	4	35	39	0.5571428571428572	0.6809001458235301
chr2:218275407	wtdmso	mtcsc	11	7	23	30	2.049689440993789	0.27555005252099063
chr2:218275559	wtdmso	mtcsc	3	1	33	36	3.272727272727273	0.3575149527300791
chr2:218275586	wtdmso	mtcsc	6	5	28	32	1.3714285714285714	0.7473645280484618
chr2:218277041	wtdmso	mtcsc	6	7	26	25	0.8241758241758241	1.0
chr2:218277094	wtdmso	mtcsc	1	2	32	32	0.5	1.0
chr2:218277956	wtdmso	mtcsc	6	9	22	25	0.7575757575757576	0.7689732780314325
chr2:218278519	wtdmso	mtcsc	5	3	29	28	1.6091954022988506	0.7108954766637455
chr2:218281944	wtdmso	mtcsc	7	5	24	27	1.575	0.5356406239954659
chr2:219250523	wtdmso	mtcsc	6	4	48	43	1.34375	0.7475036040251595
chr2:219250598	wtdmso	mtcsc	5	5	52	54	1.0384615384615385	1.0
chr2:219250664	wtdmso	mtcsc	35	41	9	6	0.5691056910569106	0.40154920786405546
chr2:219250946	wtdmso	mtcsc	20	7	16	14	2.5	0.1687487930662167
chr2:219251066	wtdmso	mtcsc	2	3	45	39	0.5777777777777777	0.6636495274773739
chr2:219251084	wtdmso	mtcsc	1	1	35	19	0.5428571428571428	1.0
chr2:219251102	wtdmso	mtcsc	9	10	34	18	0.4764705882352941	0.18360534782957894
chr2:219251130	wtdmso	mtcsc	4	3	38	34	1.1929824561403508	1.0
chr2:219251219	wtdmso	mtcsc	9	2	45	41	4.1	0.10495682172956024
chr2:219251305	wtdmso	mtcsc	10	12	41	29	0.5894308943089431	0.3301586532055719
chr2:219252067	wtdmso	mtcsc	1	1	33	30	0.9090909090909091	1.0
chr2:219252117	wtdmso	mtcsc	3	1	26	19	2.1923076923076925	0.6359191225056164
chr2:219253864	wtdmso	mtcsc	2	1	22	15	1.3636363636363635	1.0
chr2:219538968	wtdmso	mtcsc	1	3	9	10	0.37037037037037035	0.603613777526821
chr2:219538997	wtdmso	mtcsc	2	6	8	26	1.0833333333333333	1.0
chr2:219539382	wtdmso	mtcsc	4	9	8	27	1.5	0.7101455669449264
chr2:219539406	wtdmso	mtcsc	1	9	10	22	0.24444444444444444	0.2451406541869428
chr2:219539432	wtdmso	mtcsc	7	14	17	21	0.6176470588235294	0.42289101262941453
chr2:219539482	wtdmso	mtcsc	2	24	11	8	0.06060606060606061	0.0004972449668989658
chr2:219539716	wtdmso	mtcsc	6	7	17	22	1.1092436974789917	1.0
chr2:219539833	wtdmso	mtcsc	3	12	8	17	0.53125	0.48612074573324937
chr2:219539945	wtdmso	mtcsc	3	15	8	10	0.25	0.1463530907357381
chr2:219540151	wtdmso	mtcsc	2	1	18	13	1.4444444444444444	1.0
chr2:219540409	wtdmso	mtcsc	2	5	18	10	0.2222222222222222	0.11221990565869386
chr2:219540526	wtdmso	mtcsc	4	6	6	9	1.0	1.0
chr2:231712846	wtdmso	mtcsc	1	2	39	37	0.47435897435897434	0.6153213874732861
chr2:231712851	wtdmso	mtcsc	5	7	37	32	0.6177606177606177	0.5383768530300155
chr2:231712897	wtdmso	mtcsc	3	2	32	39	1.828125	0.6566844421927334
chr2:231713225	wtdmso	mtcsc	14	9	28	38	2.111111111111111	0.15056256690066291
chr2:231713242	wtdmso	mtcsc	2	1	42	44	2.0952380952380953	0.6164277411855869
chr2:231713276	wtdmso	mtcsc	1	1	45	49	1.0888888888888888	1.0
chr2:231713336	wtdmso	mtcsc	2	3	37	44	0.7927927927927928	1.0
chr2:240130912	wtdmso	mtcsc	3	5	8	6	0.45	0.6594427244582042
chr2:240130984	wtdmso	mtcsc	1	1	9	10	1.1111111111111112	1.0
chr2:24067737	wtdmso	mtcsc	7	6	21	31	1.7222222222222223	0.5327277281999816
chr2:24068433	wtdmso	mtcsc	2	1	35	42	2.4	0.5933422590068159
chr2:24068442	wtdmso	mtcsc	3	3	31	40	1.2903225806451613	1.0
chr2:24068453	wtdmso	mtcsc	10	12	26	29	0.9294871794871795	1.0
chr2:24076200	wtdmso	mtcsc	10	11	26	29	1.013986013986014	1.0
chr2:24076247	wtdmso	mtcsc	6	9	27	27	0.6666666666666666	0.5675008525019869
chr2:241229227	wtdmso	mtcsc	4	3	11	32	3.878787878787879	0.17647240209682394
chr2:241229347	wtdmso	mtcsc	5	8	31	50	1.0080645161290323	1.0
chr2:241229388	wtdmso	mtcsc	1	1	36	58	1.6111111111111112	1.0
chr2:241229405	wtdmso	mtcsc	7	8	24	34	1.2395833333333333	0.774251150081853
chr2:241229514	wtdmso	mtcsc	5	7	28	41	1.0459183673469388	1.0
chr2:241229527	wtdmso	mtcsc	3	3	33	43	1.303030303030303	1.0
chr2:241229564	wtdmso	mtcsc	3	10	28	34	0.36428571428571427	0.21645354850682624
chr2:241229582	wtdmso	mtcsc	5	7	33	44	0.9523809523809523	1.0
chr2:241229587	wtdmso	mtcsc	3	5	26	33	0.7615384615384615	1.0
chr2:241229852	wtdmso	mtcsc	4	2	32	45	2.8125	0.39555762652099846
chr2:241229944	wtdmso	mtcsc	1	3	26	32	0.41025641025641024	0.6256218125106435
chr2:241230863	wtdmso	mtcsc	3	4	29	38	0.9827586206896551	1.0
chr2:241230906	wtdmso	mtcsc	9	4	22	32	3.272727272727273	0.11926214775117555
chr2:241230936	wtdmso	mtcsc	2	3	26	36	0.9230769230769231	1.0
chr2:241233853	wtdmso	mtcsc	7	10	22	30	0.9545454545454546	1.0
chr2:241235124	wtdmso	mtcsc	4	8	13	30	1.1538461538461537	1.0
chr2:241235165	wtdmso	mtcsc	9	10	17	22	1.1647058823529413	1.0
chr2:241235181	wtdmso	mtcsc	3	1	13	29	6.6923076923076925	0.11410362472040936
chr2:241235250	wtdmso	mtcsc	4	6	19	27	0.9473684210526315	1.0
chr2:241235553	wtdmso	mtcsc	2	4	19	27	0.7105263157894737	1.0
chr2:241236672	wtdmso	mtcsc	1	2	9	17	0.9444444444444444	1.0
chr2:241495351	wtdmso	mtcsc	3	3	10	7	0.7	1.0
chr2:26190902	wtdmso	mtcsc	3	2	30	33	1.65	0.668484500574053
chr2:26191071	wtdmso	mtcsc	4	4	32	38	1.1875	1.0
chr2:26191098	wtdmso	mtcsc	1	3	25	30	0.4	0.6229615535038648
chr2:26191286	wtdmso	mtcsc	1	5	27	30	0.2222222222222222	0.21383890779202355
chr2:26191349	wtdmso	mtcsc	2	3	28	18	0.42857142857142855	0.6370463078848561
chr2:26193610	wtdmso	mtcsc	3	9	19	27	0.47368421052631576	0.3423231401138073
chr2:27070492	wtdmso	mtcsc	3	4	13	27	1.5576923076923077	0.6758016532568256
chr2:27070711	wtdmso	mtcsc	3	5	37	46	0.745945945945946	1.0
chr2:27071608	wtdmso	mtcsc	3	9	35	37	0.3523809523809524	0.2098166166027728
chr2:27215334	wtdmso	mtcsc	4	7	30	27	0.5142857142857142	0.5117893763703337
chr2:27215747	wtdmso	mtcsc	4	4	28	26	0.9285714285714286	1.0
chr2:27216948	wtdmso	mtcsc	10	10	25	24	0.96	1.0
chr2:27216969	wtdmso	mtcsc	3	2	34	31	1.3676470588235294	1.0
chr2:27216986	wtdmso	mtcsc	6	15	26	18	0.27692307692307694	0.03322214162472768
chr2:3575838	wtdmso	mtcsc	26	45	353	357	0.5843248347497639	0.04570387551496226
chr2:3575844	wtdmso	mtcsc	17	24	337	358	0.7524727992087042	0.4236806296985187
chr2:3580147	wtdmso	mtcsc	31	27	362	380	1.2052383875588295	0.49940606219155614
chr2:3580193	wtdmso	mtcsc	4	5	407	428	0.8412776412776413	1.0
chr2:3580228	wtdmso	mtcsc	1	4	366	385	0.2629781420765027	0.3744048007068999
chr2:3580243	wtdmso	mtcsc	9	9	392	415	1.058673469387755	1.0
chr2:3580253	wtdmso	mtcsc	38	43	341	350	0.9070449430539453	0.725165108693906
chr2:3580810	wtdmso	mtcsc	4	8	385	409	0.5311688311688312	0.38761267222165763
chr2:3580882	wtdmso	mtcsc	1	2	359	376	0.5236768802228412	1.0
chr2:3580891	wtdmso	mtcsc	37	32	326	349	1.2378259202453987	0.4486761682722259
chr2:42350528	wtdmso	mtcsc	2	1	54	58	2.1481481481481484	0.6119317146270833
chr2:42350616	wtdmso	mtcsc	2	2	46	51	1.108695652173913	1.0
chr2:42350839	wtdmso	mtcsc	5	8	48	48	0.625	0.5582411233200997
chr2:42350907	wtdmso	mtcsc	18	17	41	44	1.1362984218077474	0.8415341950989602
chr2:42350916	wtdmso	mtcsc	5	16	49	41	0.2614795918367347	0.014900002287010699
chr2:42350949	wtdmso	mtcsc	17	23	39	34	0.6443701226309922	0.32652368460638037
chr2:42351202	wtdmso	mtcsc	39	36	12	13	1.1736111111111112	0.8188121625930148
chr2:42351271	wtdmso	mtcsc	2	2	45	47	1.0444444444444445	1.0
chr2:42351283	wtdmso	mtcsc	8	8	39	45	1.1538461538461537	1.0
chr2:42351298	wtdmso	mtcsc	1	2	36	41	0.5694444444444444	1.0
chr2:42351315	wtdmso	mtcsc	1	5	44	41	0.18636363636363637	0.20312639704348345
chr2:42353279	wtdmso	mtcsc	1	7	43	35	0.11627906976744186	0.027936283896236883
chr2:42353283	wtdmso	mtcsc	9	11	36	41	0.9318181818181818	1.0
chr2:42361172	wtdmso	mtcsc	7	7	31	36	1.1612903225806452	1.0
chr2:43222467	wtdmso	mtcsc	14	5	18	6	0.9333333333333333	1.0
chr2:43222550	wtdmso	mtcsc	7	2	24	9	1.3125	1.0
chr2:43222560	wtdmso	mtcsc	5	1	27	9	1.6666666666666667	1.0
chr2:47160396	wtdmso	mtcsc	6	14	10	15	0.6428571428571429	0.5443776896762094
chr2:47160403	wtdmso	mtcsc	10	2	32	37	5.78125	0.026723780247715608
chr2:47160414	wtdmso	mtcsc	2	1	41	40	1.951219512195122	1.0
chr2:47160450	wtdmso	mtcsc	16	10	25	32	2.048	0.1604036831615726
chr2:47160491	wtdmso	mtcsc	6	4	37	39	1.5810810810810811	0.7383161563875487
chr2:47160708	wtdmso	mtcsc	7	3	32	36	2.625	0.31002692749708505
chr2:47161828	wtdmso	mtcsc	10	5	31	32	2.064516129032258	0.26153827662265816
chr2:47162334	wtdmso	mtcsc	3	3	29	24	0.8275862068965517	1.0
chr2:47162376	wtdmso	mtcsc	2	2	31	25	0.8064516129032258	1.0
chr2:47162544	wtdmso	mtcsc	1	3	35	30	0.2857142857142857	0.34267282513264885
chr2:47162593	wtdmso	mtcsc	10	7	26	26	1.4285714285714286	0.5852020895900086
chr2:47162617	wtdmso	mtcsc	5	2	28	30	2.6785714285714284	0.42664985287936097
chr2:47170751	wtdmso	mtcsc	10	9	24	20	0.9259259259259259	1.0
chr2:47170759	wtdmso	mtcsc	1	2	26	23	0.4423076923076923	0.6029411764705883
chr2:54972228	wtdmso	mtcsc	16	5	13	10	2.4615384615384617	0.21310605337557192
chr2:54972253	wtdmso	mtcsc	7	3	24	12	1.1666666666666667	1.0
chr2:54972368	wtdmso	mtcsc	13	9	18	14	1.123456790123457	1.0
chr2:54972399	wtdmso	mtcsc	13	5	13	8	1.6	0.7342392448065419
chr2:54972429	wtdmso	mtcsc	7	4	17	7	0.7205882352941176	0.7091438594775634
chr2:54973072	wtdmso	mtcsc	1	2	13	20	0.7692307692307693	1.0
chr2:54973597	wtdmso	mtcsc	2	2	12	9	0.75	1.0
chr2:54982559	wtdmso	mtcsc	3	2	9	9	1.5	1.0
chr2:54982575	wtdmso	mtcsc	5	11	8	11	0.625	0.7266837548967452
chr2:55050049	wtdmso	mtcsc	2	2	8	9	1.125	1.0
chr2:55232842	wtdmso	mtcsc	2	2	373	378	1.0134048257372654	1.0
chr2:55233367	wtdmso	mtcsc	46	43	360	389	1.1559431524547803	0.5751968046041438
chr2:55234187	wtdmso	mtcsc	38	30	389	433	1.4099400171379606	0.2065529048117707
chr2:55234856	wtdmso	mtcsc	20	15	417	453	1.4484412470023982	0.3049818319990001
chr2:55235515	wtdmso	mtcsc	1	2	447	465	0.5201342281879194	1.0
chr2:55235519	wtdmso	mtcsc	2	4	380	388	0.5105263157894737	0.6864403548085527
chr2:55235544	wtdmso	mtcsc	78	45	322	372	2.0024844720496895	0.0005827963837582813
chr2:55235569	wtdmso	mtcsc	8	11	368	403	0.7964426877470355	0.6510295540031789
chr2:55235576	wtdmso	mtcsc	41	23	388	440	2.021515015688032	0.009164972962081052
chr2:55235596	wtdmso	mtcsc	9	9	225	260	1.1555555555555554	0.8130648985544106
chr2:55235602	wtdmso	mtcsc	49	47	100	128	1.334468085106383	0.2721986370706001
chr2:61868445	wtdmso	mtcsc	1	1	12	26	2.1666666666666665	1.0
chr2:61868678	wtdmso	mtcsc	8	4	33	47	2.8484848484848486	0.1250207735371861
chr2:61868682	wtdmso	mtcsc	3	5	38	51	0.8052631578947368	1.0
chr2:61869471	wtdmso	mtcsc	6	2	34	48	4.235294117647059	0.13214582893039659
chr2:61869486	wtdmso	mtcsc	4	9	35	42	0.5333333333333333	0.37850632061633627
chr2:61869526	wtdmso	mtcsc	5	8	32	45	0.87890625	1.0
chr2:61872135	wtdmso	mtcsc	3	8	35	44	0.4714285714285714	0.34456908245121404
chr2:61872248	wtdmso	mtcsc	6	11	31	35	0.6158357771260997	0.42602850909853857
chr2:61872263	wtdmso	mtcsc	2	5	37	47	0.5081081081081081	0.6943218712994266
chr2:61876193	wtdmso	mtcsc	2	1	24	33	2.75	0.5737580362361192
chr2:61876208	wtdmso	mtcsc	1	5	26	35	0.2692307692307692	0.38898276735301296
chr2:61877037	wtdmso	mtcsc	5	1	24	33	6.875	0.0862101565164244
chr2:61877449	wtdmso	mtcsc	1	5	25	26	0.208	0.20456694910518147
chr2:61878875	wtdmso	mtcsc	6	12	20	24	0.6	0.4124244940981364
chr2:61878922	wtdmso	mtcsc	9	13	17	18	0.7330316742081447	0.5976937627534911
chr2:61878941	wtdmso	mtcsc	3	2	21	33	2.357142857142857	0.38816943000399884
chr2:61878945	wtdmso	mtcsc	3	4	12	33	2.0625	0.3972327972674874
chr2:61885051	wtdmso	mtcsc	1	1	12	19	1.5833333333333333	1.0
chr2:63605358	wtdmso	mtcsc	1	1	9	40	4.444444444444445	0.3568627450980393
chr2:63606938	wtdmso	mtcsc	3	6	17	33	0.9705882352941176	1.0
chr2:63606986	wtdmso	mtcsc	1	6	10	18	0.3	0.391627952627102
chr2:63607043	wtdmso	mtcsc	2	4	18	34	0.9444444444444444	1.0
chr2:73239672	wtdmso	mtcsc	2	8	10	28	0.7	1.0
chr2:73244026	wtdmso	mtcsc	2	3	23	40	1.1594202898550725	1.0
chr2:73247797	wtdmso	mtcsc	1	4	34	49	0.3602941176470588	0.6442067021457558
chr2:73249126	wtdmso	mtcsc	1	3	34	55	0.5392156862745098	1.0
chr2:73249896	wtdmso	mtcsc	2	2	36	64	1.7777777777777777	0.6218285449333054
chr2:73251266	wtdmso	mtcsc	11	14	29	51	1.3817733990147782	0.49017035435005807
chr2:73251297	wtdmso	mtcsc	8	10	34	59	1.388235294117647	0.5990378783038031
chr2:73251373	wtdmso	mtcsc	3	3	36	58	1.6111111111111112	0.6756060765449574
chr2:73252661	wtdmso	mtcsc	1	1	43	66	1.5348837209302326	1.0
chr2:73252793	wtdmso	mtcsc	23	23	19	40	2.1052631578947367	0.07386160301281612
chr2:74361613	wtdmso	mtcsc	1	1	9	10	1.1111111111111112	1.0
chr2:74362085	wtdmso	mtcsc	5	7	6	6	0.7142857142857143	1.0
chr2:74365157	wtdmso	mtcsc	4	6	6	5	0.5555555555555556	0.6699214098594903
chr2:74365174	wtdmso	mtcsc	2	1	8	11	2.75	0.5714285714285713
chr2:74472074	wtdmso	mtcsc	3	13	8	16	0.46153846153846156	0.4732140109749218
chr2:84905710	wtdmso	mtcsc	7	51	65	592	1.2500754147812971	0.646957782007884
chr2:84906033	wtdmso	mtcsc	8	18	76	612	3.5789473684210527	0.00694346707233145
chr2:84906096	wtdmso	mtcsc	5	61	97	613	0.5179989859726213	0.18603824390465395
chr2:84906500	wtdmso	mtcsc	1	8	92	542	0.7364130434782609	1.0
chr2:84906525	wtdmso	mtcsc	45	271	67	433	1.0731398358759707	0.7546308176388672
chr2:84906573	wtdmso	mtcsc	13	86	110	633	0.8698731501057082	0.7626203020927818
chr2:84906589	wtdmso	mtcsc	44	274	64	370	0.9283759124087592	0.7531043846361459
chr2:85394902	wtdmso	mtcsc	6	23	11	39	0.924901185770751	1.0
chr2:85395544	wtdmso	mtcsc	7	19	30	66	0.8105263157894737	0.8113568482706327
chr2:85398069	wtdmso	mtcsc	4	6	33	64	1.292929292929293	0.7349124656279877
chr2:85398086	wtdmso	mtcsc	16	33	21	47	1.0851370851370852	0.8432371191639687
chr2:85398108	wtdmso	mtcsc	5	17	27	51	0.5555555555555556	0.43792569123709624
chr2:85398121	wtdmso	mtcsc	1	1	36	72	2.0	1.0
chr2:85398126	wtdmso	mtcsc	8	20	29	65	0.896551724137931	1.0
chr2:85398134	wtdmso	mtcsc	1	1	34	79	2.323529411764706	0.5179252479023646
chr2:85399205	wtdmso	mtcsc	1	4	25	53	0.53	1.0
chr2:85399226	wtdmso	mtcsc	1	4	33	71	0.5378787878787878	1.0
chr2:85399283	wtdmso	mtcsc	8	9	29	72	2.206896551724138	0.16039940178649936
chr2:85401174	wtdmso	mtcsc	2	2	33	70	2.121212121212121	0.5955129335485534
chr2:85401189	wtdmso	mtcsc	3	18	27	56	0.345679012345679	0.11427909367006893
chr2:85401207	wtdmso	mtcsc	2	7	28	68	0.6938775510204082	1.0
chr2:85401213	wtdmso	mtcsc	10	37	23	45	0.5287896592244419	0.20801361055964507
chr2:85401298	wtdmso	mtcsc	5	9	26	57	1.2179487179487178	0.7626218130931615
chr2:85401568	wtdmso	mtcsc	4	10	27	65	0.9629629629629629	1.0
chr2:85402149	wtdmso	mtcsc	1	4	10	49	1.225	1.0
chr2:85581726	wtdmso	mtcsc	2	2	8	34	4.25	0.20148910745472925
chr2:85595823	wtdmso	mtcsc	2	4	9	31	1.7222222222222223	0.6187657730975692
chr2:85596613	wtdmso	mtcsc	3	4	7	28	3.0	0.32820744117278133
chr2:9584089	wtdmso	mtcsc	3	7	13	22	0.7252747252747253	1.0
chr2:9584129	wtdmso	mtcsc	5	10	26	23	0.4423076923076923	0.24187514729107262
chr2:9584351	wtdmso	mtcsc	2	5	54	57	0.4222222222222222	0.44322682620944853
chr2:9584378	wtdmso	mtcsc	1	2	51	57	0.5588235294117647	1.0
chr2:9584459	wtdmso	mtcsc	2	1	61	75	2.459016393442623	0.5900581978086207
chr2:9584899	wtdmso	mtcsc	11	18	51	56	0.6710239651416122	0.4045026631818678
chr2:9584967	wtdmso	mtcsc	11	17	40	50	0.8088235294117647	0.6682469025184121
chr2:9584983	wtdmso	mtcsc	8	13	37	48	0.7983367983367984	0.8061649046477326
chr2:9585016	wtdmso	mtcsc	3	6	49	60	0.6122448979591837	0.7293930326313665
chr2:9587465	wtdmso	mtcsc	1	3	48	59	0.4097222222222222	0.6286835626285168
chr2:9587485	wtdmso	mtcsc	1	5	48	58	0.24166666666666667	0.22842114015054088
chr2:9630210	wtdmso	mtcsc	4	10	37	50	0.5405405405405406	0.3905024719594844
chr2:9630364	wtdmso	mtcsc	4	1	24	55	9.166666666666666	0.040323897214875774
chr2:9630442	wtdmso	mtcsc	4	5	21	45	1.7142857142857142	0.470412034686033
chr2:97647136	wtdmso	mtcsc	5	14	74	114	0.5501930501930502	0.32730149493389726
chr2:97647344	wtdmso	mtcsc	5	5	69	134	1.9420289855072463	0.32165879219341437
chr2:97647392	wtdmso	mtcsc	1	4	85	142	0.4176470588235294	0.6537397829454626
chr2:97648004	wtdmso	mtcsc	5	3	68	142	3.480392156862745	0.12136664347036027
chr3:100748515	wtdmso	mtcsc	2	1	8	14	3.5	0.5434782608695652
chr3:100748584	wtdmso	mtcsc	6	11	5	8	0.8727272727272727	1.0
chr3:100748689	wtdmso	mtcsc	1	1	9	11	1.2222222222222223	1.0
chr3:10126490	wtdmso	mtcsc	2	3	8	31	2.5833333333333335	0.31674904788915
chr3:10126586	wtdmso	mtcsc	1	5	9	29	0.6444444444444445	1.0
chr3:101681095	wtdmso	mtcsc	7	6	37	62	1.954954954954955	0.3654098689827008
chr3:101681133	wtdmso	mtcsc	27	41	198	239	0.79490022172949	0.43239444355868306
chr3:101682448	wtdmso	mtcsc	4	4	176	242	1.375	0.7264204634560018
chr3:101682781	wtdmso	mtcsc	2	6	205	262	0.42601626016260163	0.47530391205876626
chr3:101682885	wtdmso	mtcsc	23	34	192	234	0.8244485294117647	0.5710395636305892
chr3:101685823	wtdmso	mtcsc	40	60	157	210	0.89171974522293	0.6490135161252919
chr3:101685855	wtdmso	mtcsc	7	26	199	240	0.3247004252029378	0.009846423821497065
chr3:101686492	wtdmso	mtcsc	6	19	189	237	0.39598997493734334	0.060279849313725126
chr3:120601248	wtdmso	mtcsc	1	2	11	48	2.1818181818181817	0.481755684822845
chr3:120602249	wtdmso	mtcsc	4	17	19	37	0.4582043343653251	0.26879194235340975
chr3:122341494	wtdmso	mtcsc	2	4	44	109	1.2386363636363635	1.0
chr3:122341505	wtdmso	mtcsc	6	26	60	139	0.5346153846153846	0.21212648467935413
chr3:128070231	wtdmso	mtcsc	1	1	9	10	1.1111111111111112	1.0
chr3:128070320	wtdmso	mtcsc	1	3	10	8	0.26666666666666666	0.5864661654135339
chr3:128070508	wtdmso	mtcsc	1	3	10	8	0.26666666666666666	0.5864661654135339
chr3:128070527	wtdmso	mtcsc	3	2	7	10	2.142857142857143	0.6240601503759399
chr3:128070543	wtdmso	mtcsc	5	9	5	4	0.4444444444444444	0.4172836182527932
chr3:128070783	wtdmso	mtcsc	1	1	9	12	1.3333333333333333	1.0
chr3:128071046	wtdmso	mtcsc	1	1	9	12	1.3333333333333333	1.0
chr3:128071162	wtdmso	mtcsc	1	1	23	13	0.5652173913043478	1.0
chr3:128071633	wtdmso	mtcsc	8	1	18	12	5.333333333333333	0.22522342576272464
chr3:128071655	wtdmso	mtcsc	1	1	21	12	0.5714285714285714	1.0
chr3:12836052	wtdmso	mtcsc	13	23	139	325	1.3215514544885831	0.45465351918568364
chr3:12836181	wtdmso	mtcsc	30	74	258	441	0.6929604022627278	0.12506840229894264
chr3:12839430	wtdmso	mtcsc	2	2	283	500	1.7667844522968197	0.6234407668647319
chr3:12839501	wtdmso	mtcsc	2	8	253	474	0.4683794466403162	0.5071471873110179
chr3:12839515	wtdmso	mtcsc	1	2	233	447	0.9592274678111588	1.0
chr3:12839525	wtdmso	mtcsc	8	17	265	476	0.8452830188679246	0.832975208628717
chr3:12840160	wtdmso	mtcsc	1	1	218	417	1.9128440366972477	1.0
chr3:12840188	wtdmso	mtcsc	15	15	245	469	1.9142857142857144	0.0819704276419434
chr3:129169822	wtdmso	mtcsc	3	2	25	16	0.96	1.0
chr3:129169839	wtdmso	mtcsc	8	6	19	11	0.7719298245614035	0.7477111120232265
chr3:129169869	wtdmso	mtcsc	2	1	24	18	1.5	1.0
chr3:129169896	wtdmso	mtcsc	4	5	24	15	0.5	0.4599924784747141
chr3:129169983	wtdmso	mtcsc	5	2	21	13	1.5476190476190477	1.0
chr3:129170038	wtdmso	mtcsc	2	4	24	13	0.2708333333333333	0.19306206525957553
chr3:129170089	wtdmso	mtcsc	8	8	17	11	0.6470588235294118	0.5401425197751488
chr3:129170559	wtdmso	mtcsc	1	3	21	16	0.25396825396825395	0.3210131332082552
chr3:129171165	wtdmso	mtcsc	3	4	19	14	0.5526315789473685	0.6798336798336798
chr3:129171237	wtdmso	mtcsc	4	5	16	14	0.7	0.7164265551362325
chr3:150544344	wtdmso	mtcsc	1	7	39	23	0.08424908424908426	0.01739232062360665
chr3:150544408	wtdmso	mtcsc	20	14	23	20	1.2422360248447204	0.6527544811772599
chr3:150544448	wtdmso	mtcsc	2	1	48	37	1.5416666666666667	1.0
chr3:150544452	wtdmso	mtcsc	16	16	33	21	0.6363636363636364	0.3707801709077082
chr3:150545745	wtdmso	mtcsc	1	1	45	32	0.7111111111111111	1.0
chr3:150546085	wtdmso	mtcsc	5	3	40	31	1.2916666666666667	1.0
chr3:150546249	wtdmso	mtcsc	9	1	24	17	6.375	0.07709933014791012
chr3:156543235	wtdmso	mtcsc	7	8	41	26	0.5548780487804879	0.38744423420881313
chr3:156543266	wtdmso	mtcsc	9	12	38	27	0.5328947368421053	0.3133370691154807
chr3:156544322	wtdmso	mtcsc	3	2	41	32	1.170731707317073	1.0
chr3:156548962	wtdmso	mtcsc	5	4	39	32	1.0256410256410255	1.0
chr3:156555048	wtdmso	mtcsc	1	2	44	33	0.375	0.5782619279454722
chr3:179624000	wtdmso	mtcsc	1	2	9	10	0.5555555555555556	1.0
chr3:184180884	wtdmso	mtcsc	2	3	11	10	0.6060606060606061	1.0
chr3:184181760	wtdmso	mtcsc	1	1	11	23	2.090909090909091	1.0
chr3:184182172	wtdmso	mtcsc	3	7	9	17	0.8095238095238095	1.0
chr3:184182860	wtdmso	mtcsc	4	12	10	19	0.6333333333333333	0.7378486733477259
chr3:184183531	wtdmso	mtcsc	2	3	15	38	1.6888888888888889	0.6242805725564347
chr3:184183542	wtdmso	mtcsc	7	9	6	20	2.5925925925925926	0.1867568974220571
chr3:184183777	wtdmso	mtcsc	2	4	15	36	1.2	1.0
chr3:184183881	wtdmso	mtcsc	1	3	12	31	0.8611111111111112	1.0
chr3:184184050	wtdmso	mtcsc	1	5	9	23	0.5111111111111111	1.0
chr3:184306398	wtdmso	mtcsc	6	5	7	13	2.2285714285714286	0.44909941342692716
chr3:184307492	wtdmso	mtcsc	2	1	12	18	3.0	0.561217008797654
chr3:184307895	wtdmso	mtcsc	1	2	14	19	0.6785714285714286	1.0
chr3:184307975	wtdmso	mtcsc	1	3	12	10	0.2777777777777778	0.5930434782608694
chr3:184308870	wtdmso	mtcsc	1	1	29	34	1.1724137931034482	1.0
chr3:184308893	wtdmso	mtcsc	1	2	30	33	0.55	1.0
chr3:184308910	wtdmso	mtcsc	15	23	17	14	0.5370843989769821	0.23244238825133562
chr3:184308971	wtdmso	mtcsc	2	3	32	34	0.7083333333333334	1.0
chr3:184334897	wtdmso	mtcsc	1	1	12	11	0.9166666666666666	1.0
chr3:184334926	wtdmso	mtcsc	3	3	11	10	0.9090909090909091	1.0
chr3:184334971	wtdmso	mtcsc	8	10	4	2	0.4	0.6404053612291598
chr3:184335031	wtdmso	mtcsc	4	5	9	7	0.6222222222222222	0.6881679903082512
chr3:197950951	wtdmso	mtcsc	9	16	168	270	0.9040178571428571	1.0
chr3:197950964	wtdmso	mtcsc	16	17	163	282	1.6282930350054132	0.19396953199878736
chr3:197951205	wtdmso	mtcsc	1	1	187	301	1.6096256684491979	1.0
chr3:197954001	wtdmso	mtcsc	7	19	165	265	0.5917065390749602	0.30005158358508344
chr3:197954076	wtdmso	mtcsc	1	3	182	283	0.5183150183150184	1.0
chr3:197954131	wtdmso	mtcsc	3	12	115	203	0.44130434782608696	0.27317250833581125
chr3:197955773	wtdmso	mtcsc	2	6	189	284	0.5008818342151675	0.48702317999913847
chr3:23919325	wtdmso	mtcsc	34	43	499	856	1.3563871929906324	0.22537710782239675
chr3:23919378	wtdmso	mtcsc	7	10	528	887	1.1759469696969698	0.8028295522398557
chr3:23919545	wtdmso	mtcsc	80	126	209	411	1.2485759854180907	0.20590684725451175
chr3:23919584	wtdmso	mtcsc	2	4	110	150	0.6818181818181818	1.0
chr3:23919652	wtdmso	mtcsc	4	6	87	130	0.9961685823754789	1.0
chr3:23919742	wtdmso	mtcsc	6	3	96	126	2.625	0.18822092305334315
chr3:23919790	wtdmso	mtcsc	10	13	32	35	0.8413461538461539	0.810746014512213
chr3:23920465	wtdmso	mtcsc	3	2	29	25	1.293103448275862	1.0
chr3:23920489	wtdmso	mtcsc	1	1	39	34	0.8717948717948718	1.0
chr3:23920618	wtdmso	mtcsc	6	5	35	29	0.9942857142857143	1.0
chr3:23920627	wtdmso	mtcsc	4	3	32	28	1.1666666666666667	1.0
chr3:23920651	wtdmso	mtcsc	5	2	37	34	2.2972972972972974	0.44153510123228945
chr3:33114498	wtdmso	mtcsc	3	1	22	27	3.6818181818181817	0.3330487492529668
chr3:33120422	wtdmso	mtcsc	4	1	29	28	3.8620689655172415	0.35953535480285737
chr3:33124447	wtdmso	mtcsc	8	13	24	17	0.4358974358974359	0.18045174349613322
chr3:33124455	wtdmso	mtcsc	2	4	31	25	0.4032258064516129	0.4054488819993857
chr3:33124549	wtdmso	mtcsc	5	2	28	26	2.3214285714285716	0.4366674751859384
chr3:33129983	wtdmso	mtcsc	2	1	30	27	1.8	1.0
chr3:33134205	wtdmso	mtcsc	5	2	29	22	1.896551724137931	0.6878180470277173
chr3:33142429	wtdmso	mtcsc	10	9	31	26	0.931899641577061	1.0
chr3:33142466	wtdmso	mtcsc	4	1	28	29	4.142857142857143	0.3553764934704084
chr3:33142586	wtdmso	mtcsc	5	5	35	32	0.9142857142857143	1.0
chr3:33142875	wtdmso	mtcsc	2	5	42	37	0.3523809523809524	0.2600545974748668
chr3:33142882	wtdmso	mtcsc	3	4	39	33	0.6346153846153846	0.6999758566932963
chr3:39407632	wtdmso	mtcsc	41	52	557	737	1.0432605993647286	0.9137525784549448
chr3:39407719	wtdmso	mtcsc	12	24	573	732	0.6387434554973822	0.2355460967783009
chr3:39407744	wtdmso	mtcsc	55	62	456	608	1.1827956989247312	0.4318002910028458
chr3:39407757	wtdmso	mtcsc	63	84	476	600	0.9453781512605042	0.7907872032726244
chr3:39408631	wtdmso	mtcsc	113	120	512	709	1.3039876302083333	0.07095999742998985
chr3:39410819	wtdmso	mtcsc	28	33	604	827	1.16174994982942	0.5979543471729047
chr3:39410877	wtdmso	mtcsc	50	55	533	743	1.2672693160498039	0.25894961125263305
chr3:39410889	wtdmso	mtcsc	33	46	597	829	0.9961765348481538	1.0
chr3:39410973	wtdmso	mtcsc	6	8	635	807	0.9531496062992126	1.0
chr3:39411725	wtdmso	mtcsc	217	334	511	635	0.8073578869657945	0.046540370238350004
chr3:39411934	wtdmso	mtcsc	9	30	794	1068	0.4035264483627204	0.01401759836452928
chr3:39411961	wtdmso	mtcsc	90	124	640	852	0.9662298387096774	0.8251030003868554
chr3:39412007	wtdmso	mtcsc	7	9	731	952	1.0129198966408268	1.0
chr3:39412276	wtdmso	mtcsc	10	13	628	840	1.02890739833415	1.0
chr3:39412303	wtdmso	mtcsc	17	22	736	946	0.9932065217391305	1.0
chr3:39412357	wtdmso	mtcsc	267	381	530	677	0.8951567374832863	0.2791941613734581
chr3:39412422	wtdmso	mtcsc	6	11	633	881	0.7591555364067213	0.6315354816082344
chr3:40457939	wtdmso	mtcsc	10	16	249	240	0.6024096385542169	0.23336296984660723
chr3:40457986	wtdmso	mtcsc	6	10	241	242	0.6024896265560166	0.4473908131031445
chr3:40458676	wtdmso	mtcsc	1	1	260	271	1.0423076923076924	1.0
chr3:40461447	wtdmso	mtcsc	1	1	275	284	1.0327272727272727	1.0
chr3:40461942	wtdmso	mtcsc	3	6	273	286	0.5238095238095238	0.5059006726086205
chr3:40462267	wtdmso	mtcsc	10	4	213	235	2.7582159624413145	0.10342793965618033
chr3:45082896	wtdmso	mtcsc	3	3	7	20	2.857142857142857	0.33641546162402663
chr3:45083011	wtdmso	mtcsc	5	2	5	8	4.0	0.3498452012383901
chr3:47851640	wtdmso	mtcsc	3	5	7	16	1.3714285714285714	1.0
chr3:48468067	wtdmso	mtcsc	2	1	19	28	2.9473684210526314	0.565
chr3:48599027	wtdmso	mtcsc	9	23	38	79	0.8135011441647597	0.8302726784644429
chr3:48599065	wtdmso	mtcsc	1	4	63	116	0.4603174603174603	0.6597177016404954
chr3:48599170	wtdmso	mtcsc	1	1	63	127	2.015873015873016	1.0
chr3:48599660	wtdmso	mtcsc	1	5	65	127	0.39076923076923076	0.6656928211680198
chr3:48600109	wtdmso	mtcsc	6	16	57	102	0.6710526315789473	0.4836692593900379
chr3:48600129	wtdmso	mtcsc	4	9	54	98	0.8065843621399177	1.0
chr3:48600516	wtdmso	mtcsc	3	3	62	126	2.032258064516129	0.40437300441786256
chr3:48600706	wtdmso	mtcsc	1	1	55	116	2.109090909090909	0.5438903078370748
chr3:48600724	wtdmso	mtcsc	1	4	50	117	0.585	1.0
chr3:48600996	wtdmso	mtcsc	9	16	41	98	1.3445121951219512	0.6373422515182308
chr3:48601041	wtdmso	mtcsc	3	1	46	108	7.043478260869565	0.08883194632532071
chr3:48603625	wtdmso	mtcsc	1	1	36	89	2.4722222222222223	0.499437570303712
chr3:48604385	wtdmso	mtcsc	1	1	41	96	2.341463414634146	0.5145448858304661
chr3:48604400	wtdmso	mtcsc	15	22	25	78	2.1272727272727274	0.08841780768033813
chr3:48604776	wtdmso	mtcsc	2	1	31	77	4.967741935483871	0.2102653111827424
chr3:49023172	wtdmso	mtcsc	4	2	6	8	2.6666666666666665	0.628482972136223
chr3:49024668	wtdmso	mtcsc	4	4	32	51	1.59375	0.7077390230936271
chr3:49024751	wtdmso	mtcsc	7	12	35	46	0.7666666666666667	0.796930306038176
chr3:49024907	wtdmso	mtcsc	2	2	32	37	1.15625	1.0
chr3:49026394	wtdmso	mtcsc	2	4	31	37	0.5967741935483871	0.6860420338513435
chr3:49026723	wtdmso	mtcsc	2	3	31	38	0.8172043010752689	1.0
chr3:49026810	wtdmso	mtcsc	1	3	30	39	0.43333333333333335	0.6321628400540227
chr3:49027725	wtdmso	mtcsc	2	4	31	37	0.5967741935483871	0.6860420338513435
chr3:49027730	wtdmso	mtcsc	4	4	28	39	1.3928571428571428	0.7170013113688899
chr3:49027755	wtdmso	mtcsc	1	2	32	41	0.640625	1.0
chr3:49027907	wtdmso	mtcsc	8	6	24	35	1.9444444444444444	0.37033595221539184
chr3:49028513	wtdmso	mtcsc	4	1	22	38	6.909090909090909	0.14825709501145776
chr3:49028525	wtdmso	mtcsc	4	9	23	34	0.6570048309178744	0.7533691918195021
chr3:49029299	wtdmso	mtcsc	1	8	23	28	0.15217391304347827	0.07212413791317632
chr3:49095949	wtdmso	mtcsc	1	4	10	36	0.9	1.0
chr3:49096013	wtdmso	mtcsc	4	7	13	38	1.6703296703296704	0.47450437035249693
chr3:49096063	wtdmso	mtcsc	7	19	7	19	1.0	1.0
chr3:49098007	wtdmso	mtcsc	1	1	12	37	3.0833333333333335	0.44862745098039214
chr3:49098082	wtdmso	mtcsc	4	10	7	29	1.6571428571428573	0.4757739688429797
chr3:49098894	wtdmso	mtcsc	2	8	11	38	0.8636363636363636	1.0
chr3:49357220	wtdmso	mtcsc	2	2	199	260	1.306532663316583	1.0
chr3:49357288	wtdmso	mtcsc	22	25	240	293	1.0743333333333334	0.8788759028795785
chr3:49357303	wtdmso	mtcsc	1	4	278	336	0.302158273381295	0.38513097668990653
chr3:49357427	wtdmso	mtcsc	26	25	224	299	1.3882142857142856	0.30101948350978835
chr3:49357439	wtdmso	mtcsc	5	1	231	298	6.45021645021645	0.09210930912754392
chr3:49357446	wtdmso	mtcsc	3	4	269	325	0.9061338289962825	1.0
chr3:49357511	wtdmso	mtcsc	76	88	186	256	1.1886608015640274	0.35731227292371104
chr3:49357566	wtdmso	mtcsc	5	8	247	308	0.7793522267206477	0.7816360887197937
chr3:49358077	wtdmso	mtcsc	19	11	216	285	2.279040404040404	0.03699936725736497
chr3:49358114	wtdmso	mtcsc	15	25	235	295	0.7531914893617021	0.41524492602385854
chr3:49358288	wtdmso	mtcsc	18	19	195	256	1.2437246963562754	0.6057125821040075
chr3:49359209	wtdmso	mtcsc	7	9	65	87	1.041025641025641	1.0
chr3:49359325	wtdmso	mtcsc	6	7	51	78	1.3109243697478992	0.7684243119991133
chr3:49359870	wtdmso	mtcsc	6	8	96	141	1.1015625	1.0
chr3:49359881	wtdmso	mtcsc	1	1	102	146	1.4313725490196079	1.0
chr3:49359902	wtdmso	mtcsc	4	4	97	140	1.443298969072165	0.7205539822404939
chr3:49359971	wtdmso	mtcsc	9	6	54	82	2.2777777777777777	0.16939646029914632
chr3:49362605	wtdmso	mtcsc	4	2	34	70	4.117647058823529	0.17919567664172034
chr3:49375467	wtdmso	mtcsc	4	6	38	70	1.2280701754385965	0.7424713642597918
chr3:49375506	wtdmso	mtcsc	4	6	35	68	1.2952380952380953	0.7351146268759767
chr3:49375534	wtdmso	mtcsc	1	3	34	58	0.5686274509803921	1.0
chr3:49411838	wtdmso	mtcsc	1	2	25	61	1.22	1.0
chr3:49675693	wtdmso	mtcsc	3	3	7	8	1.1428571428571428	1.0
chr3:49678854	wtdmso	mtcsc	2	5	8	21	1.05	1.0
chr3:49679593	wtdmso	mtcsc	1	4	9	20	0.5555555555555556	1.0
chr3:49680582	wtdmso	mtcsc	1	2	9	14	0.7777777777777778	1.0
chr3:49681730	wtdmso	mtcsc	1	3	9	21	0.7777777777777778	1.0
chr3:49682350	wtdmso	mtcsc	1	6	11	20	0.30303030303030304	0.3953783504867096
chr3:49682380	wtdmso	mtcsc	2	1	9	16	3.5555555555555554	0.5433455433455433
chr3:49682556	wtdmso	mtcsc	4	4	6	23	3.8333333333333335	0.17404855260642738
chr3:49682574	wtdmso	mtcsc	1	4	11	22	0.5	1.0
chr3:49682877	wtdmso	mtcsc	2	4	9	20	1.1111111111111112	1.0
chr3:49683441	wtdmso	mtcsc	3	2	8	10	1.875	0.6404053612291598
chr3:50236399	wtdmso	mtcsc	2	1	11	24	4.363636363636363	0.26505452821242304
chr3:50256226	wtdmso	mtcsc	1	9	15	21	0.15555555555555556	0.13021812606330885
chr3:50256307	wtdmso	mtcsc	1	1	14	23	1.6428571428571428	1.0
chr3:50256823	wtdmso	mtcsc	1	2	15	30	1.0	1.0
chr3:50256937	wtdmso	mtcsc	4	8	13	25	0.9615384615384616	1.0
chr3:50257065	wtdmso	mtcsc	1	1	16	29	1.8125	1.0
chr3:50257550	wtdmso	mtcsc	5	4	22	30	1.7045454545454546	0.49156053261493254
chr3:50257673	wtdmso	mtcsc	1	9	14	25	0.1984126984126984	0.1450869865803099
chr3:50258699	wtdmso	mtcsc	1	2	13	36	1.3846153846153846	1.0
chr3:50258909	wtdmso	mtcsc	6	12	28	31	0.5535714285714286	0.41696560664213367
chr3:50258925	wtdmso	mtcsc	1	4	31	39	0.31451612903225806	0.38584063515570366
chr3:50258940	wtdmso	mtcsc	1	3	34	41	0.4019607843137255	0.6253779531594321
chr3:50258950	wtdmso	mtcsc	5	10	29	30	0.5172413793103449	0.38598861612706015
chr3:50258964	wtdmso	mtcsc	2	4	21	30	0.7142857142857143	1.0
chr3:50258999	wtdmso	mtcsc	2	4	31	41	0.6612903225806451	1.0
chr3:50259206	wtdmso	mtcsc	10	11	28	43	1.396103896103896	0.6153547636016181
chr3:50259275	wtdmso	mtcsc	10	14	23	36	1.1180124223602483	1.0
chr3:51388904	wtdmso	mtcsc	1	2	10	20	1.0	1.0
chr3:51389037	wtdmso	mtcsc	8	21	4	9	0.8571428571428571	1.0
chr3:51993719	wtdmso	mtcsc	210	420	232	370	0.7974137931034483	0.05760956175449798
chr3:51993727	wtdmso	mtcsc	113	183	281	453	0.9954495070299283	1.0
chr3:51993831	wtdmso	mtcsc	1	2	450	795	0.8833333333333333	1.0
chr3:51994103	wtdmso	mtcsc	22	31	362	665	1.3036891819639993	0.37850002059590626
chr3:51994121	wtdmso	mtcsc	9	23	274	497	0.7097746747064424	0.4537566717778605
chr3:51995444	wtdmso	mtcsc	11	26	361	650	0.7617728531855956	0.49043173318464717
chr3:51995462	wtdmso	mtcsc	3	3	309	606	1.9611650485436893	0.4129397001528208
chr3:52048959	wtdmso	mtcsc	2	2	9	10	1.1111111111111112	1.0
chr3:52049019	wtdmso	mtcsc	2	1	10	11	2.2	1.0
chr3:52049345	wtdmso	mtcsc	10	7	3	13	6.190476190476191	0.032361238735470976
chr3:52706669	wtdmso	mtcsc	6	2	30	27	2.7	0.28190645388814234
chr3:52706824	wtdmso	mtcsc	9	6	34	31	1.3676470588235294	0.7750210407101625
chr3:52706837	wtdmso	mtcsc	9	5	32	30	1.6875	0.5543598038797114
chr3:52707689	wtdmso	mtcsc	1	4	39	30	0.19230769230769232	0.17327859542792975
chr3:52708026	wtdmso	mtcsc	18	16	31	23	0.8346774193548387	0.8258556778206296
chr3:53226769	wtdmso	mtcsc	9	37	131	494	0.9172684134516196	1.0
chr3:53226822	wtdmso	mtcsc	11	32	147	560	1.3095238095238095	0.44396257187083055
chr3:53226829	wtdmso	mtcsc	3	23	149	500	0.43770061278085787	0.2322073549388479
chr3:53226853	wtdmso	mtcsc	3	12	150	551	0.9183333333333333	1.0
chr3:53228068	wtdmso	mtcsc	41	195	127	418	0.6920250353321219	0.0715497676077807
chr3:53228097	wtdmso	mtcsc	4	6	155	592	2.546236559139785	0.23095488424708385
chr3:53228118	wtdmso	mtcsc	2	31	151	549	0.23456526383251441	0.028587625824836205
chr3:53228126	wtdmso	mtcsc	1	3	159	587	1.230607966457023	1.0
chr3:53228284	wtdmso	mtcsc	7	27	104	413	1.0295584045584045	1.0
chr3:53228297	wtdmso	mtcsc	13	70	111	446	0.7462033462033462	0.45644754703954626
chr3:53228309	wtdmso	mtcsc	1	2	145	603	2.079310344827586	0.4776920847859285
chr3:53228340	wtdmso	mtcsc	4	25	66	277	0.6715151515151515	0.6232170457866371
chr3:53229024	wtdmso	mtcsc	31	123	107	442	1.0411062989134565	0.9086324726578363
chr3:53229350	wtdmso	mtcsc	3	14	116	440	0.812807881773399	1.0
chr3:53230460	wtdmso	mtcsc	26	127	90	386	0.8780402449693788	0.6335928118662804
chr3:53230493	wtdmso	mtcsc	2	12	102	426	0.696078431372549	1.0
chr3:53230541	wtdmso	mtcsc	7	36	81	380	0.9122085048010974	1.0
chr3:53230565	wtdmso	mtcsc	8	47	100	419	0.7131914893617022	0.47092158878531765
chr3:53231360	wtdmso	mtcsc	4	9	87	384	1.9616858237547892	0.27868288704068245
chr3:53231408	wtdmso	mtcsc	2	10	90	404	0.8977777777777778	1.0
chr3:53235012	wtdmso	mtcsc	1	2	63	295	2.3412698412698414	0.44413922946936324
chr3:53235039	wtdmso	mtcsc	7	37	78	371	0.8998613998613999	1.0
chr3:53235084	wtdmso	mtcsc	6	16	59	271	1.722457627118644	0.26317465293669723
chr3:53241174	wtdmso	mtcsc	7	40	79	335	0.7420886075949367	0.5589267727584393
chr3:53242164	wtdmso	mtcsc	6	39	70	287	0.6307692307692307	0.41914645667714906
chr3:53255892	wtdmso	mtcsc	6	16	70	303	1.6232142857142857	0.4004542920298906
chr3:53255919	wtdmso	mtcsc	4	24	64	267	0.6953125	0.6228278432581199
chr3:57571689	wtdmso	mtcsc	1	2	9	9	0.5	1.0
chr3:57572089	wtdmso	mtcsc	1	4	11	20	0.45454545454545453	0.6456582633053222
chr3:57572111	wtdmso	mtcsc	8	5	13	18	2.2153846153846155	0.3254673774739004
chr3:57572186	wtdmso	mtcsc	1	2	11	19	0.8636363636363636	1.0
chr3:57572242	wtdmso	mtcsc	1	1	10	9	0.9	1.0
chr3:57572247	wtdmso	mtcsc	3	4	9	20	1.6666666666666667	0.6639468690702086
chr3:57572264	wtdmso	mtcsc	5	5	6	19	3.1666666666666665	0.22663028589548245
chr3:57575549	wtdmso	mtcsc	2	11	8	13	0.29545454545454547	0.25077864293659624
chr3:58138343	wtdmso	mtcsc	3	1	7	13	5.571428571428571	0.27206851119894604
chr3:58148679	wtdmso	mtcsc	5	6	19	20	0.8771929824561403	1.0
chr3:58148809	wtdmso	mtcsc	2	1	22	23	2.090909090909091	1.0
chr3:58148825	wtdmso	mtcsc	3	3	19	21	1.105263157894737	1.0
chr3:58149909	wtdmso	mtcsc	1	3	24	21	0.2916666666666667	0.34867564046895344
chr3:58150206	wtdmso	mtcsc	1	4	28	29	0.25892857142857145	0.35953535480285737
chr3:58150212	wtdmso	mtcsc	6	6	21	21	1.0	1.0
chr3:58153427	wtdmso	mtcsc	5	6	28	34	1.0119047619047619	1.0
chr3:58153458	wtdmso	mtcsc	4	3	31	23	0.989247311827957	1.0
chr3:58154880	wtdmso	mtcsc	1	1	40	40	1.0	1.0
chr3:58163279	wtdmso	mtcsc	3	6	54	49	0.4537037037037037	0.31674259786666537
chr3:58163310	wtdmso	mtcsc	5	5	48	51	1.0625	1.0
chr3:58168486	wtdmso	mtcsc	2	2	60	59	0.9833333333333333	1.0
chr3:58168586	wtdmso	mtcsc	2	4	58	59	0.5086206896551724	0.6802115323049196
chr3:58168654	wtdmso	mtcsc	9	13	44	43	0.6765734265734266	0.4792478242052112
chr3:58169651	wtdmso	mtcsc	10	10	52	58	1.1153846153846154	1.0
chr3:58169669	wtdmso	mtcsc	1	1	60	67	1.1166666666666667	1.0
chr3:58169717	wtdmso	mtcsc	1	1	57	65	1.1403508771929824	1.0
chr3:58169778	wtdmso	mtcsc	8	7	44	46	1.1948051948051948	0.7869663493593996
chr3:58170722	wtdmso	mtcsc	8	9	57	60	0.935672514619883	1.0
chr3:58170763	wtdmso	mtcsc	1	1	43	47	1.0930232558139534	1.0
chr3:58170921	wtdmso	mtcsc	3	7	12	11	0.39285714285714285	0.28279906967337454
chr3:58170932	wtdmso	mtcsc	1	1	12	16	1.3333333333333333	1.0
chr3:58171010	wtdmso	mtcsc	6	5	10	24	2.88	0.16055088434704518
chr3:58171043	wtdmso	mtcsc	4	3	22	27	1.6363636363636365	0.6927656139642823
chr3:58171054	wtdmso	mtcsc	8	5	17	22	2.070588235294118	0.34251056778536226
chr3:58171064	wtdmso	mtcsc	8	6	8	20	3.3333333333333335	0.09803697922226257
chr3:58171086	wtdmso	mtcsc	1	1	13	17	1.3076923076923077	1.0
chr3:58171200	wtdmso	mtcsc	6	2	9	15	5.0	0.1057718452601656
chr3:58171358	wtdmso	mtcsc	1	1	26	33	1.2692307692307692	1.0
chr3:58171451	wtdmso	mtcsc	2	4	13	27	1.0384615384615385	1.0
chr3:58171696	wtdmso	mtcsc	2	2	16	36	2.25	0.5865719186473902
chr3:58171771	wtdmso	mtcsc	1	1	29	38	1.3103448275862069	1.0
chr3:58172124	wtdmso	mtcsc	5	4	17	35	2.573529411764706	0.2625260794086697
chr3:58172149	wtdmso	mtcsc	5	6	31	44	1.1827956989247312	1.0
chr3:58172171	wtdmso	mtcsc	2	3	21	40	1.2698412698412698	1.0
chr3:58172221	wtdmso	mtcsc	9	15	16	33	1.2375	0.7940954778592754
chr3:9780004	wtdmso	mtcsc	1	1	23	28	1.2173913043478262	1.0
chr3:9780113	wtdmso	mtcsc	3	4	22	28	0.9545454545454546	1.0
chr3:9780183	wtdmso	mtcsc	4	4	20	26	1.3	1.0
chr3:9780414	wtdmso	mtcsc	2	3	21	24	0.7619047619047619	1.0
chr3:9784123	wtdmso	mtcsc	2	2	12	26	2.1666666666666665	0.5902439024390245
chr3:9787068	wtdmso	mtcsc	4	1	6	10	6.666666666666667	0.1486068111455108
chr4:10075316	wtdmso	mtcsc	1	4	10	29	0.725	1.0
chr4:10075327	wtdmso	mtcsc	3	8	8	27	1.265625	1.0
chr4:10075338	wtdmso	mtcsc	6	7	5	26	4.457142857142857	0.05689669050874355
chr4:10077329	wtdmso	mtcsc	1	3	10	29	0.9666666666666667	1.0
chr4:10077382	wtdmso	mtcsc	3	17	7	14	0.35294117647058826	0.27715725276700887
chr4:10083120	wtdmso	mtcsc	3	6	7	27	1.9285714285714286	0.4128909265190127
chr4:10087860	wtdmso	mtcsc	3	3	7	24	3.4285714285714284	0.3130329527388351
chr4:10097740	wtdmso	mtcsc	1	1	9	13	1.4444444444444444	1.0
chr4:10097762	wtdmso	mtcsc	1	3	9	14	0.5185185185185185	1.0
chr4:102797098	wtdmso	mtcsc	1	1	11	11	1.0	1.0
chr4:102797208	wtdmso	mtcsc	1	1	10	10	1.0	1.0
chr4:108621974	wtdmso	mtcsc	9	18	366	557	0.7609289617486339	0.5554501002270522
chr4:108622016	wtdmso	mtcsc	13	14	329	513	1.4478940512375162	0.42384806226994176
chr4:108622111	wtdmso	mtcsc	18	24	367	562	1.1485013623978202	0.7474681767783868
chr4:108622528	wtdmso	mtcsc	6	12	371	567	0.7641509433962265	0.6370324069191613
chr4:108622556	wtdmso	mtcsc	1	1	405	599	1.4790123456790123	1.0
chr4:108622614	wtdmso	mtcsc	26	57	326	478	0.66881928748251	0.1251602932178876
chr4:108625221	wtdmso	mtcsc	6	12	365	565	0.773972602739726	0.8081750979205885
chr4:108655588	wtdmso	mtcsc	2	1	10	11	2.2	1.0
chr4:108655618	wtdmso	mtcsc	2	4	10	18	0.9	1.0
chr4:108657476	wtdmso	mtcsc	1	2	9	9	0.5	1.0
chr4:108667421	wtdmso	mtcsc	1	6	14	15	0.17857142857142858	0.20034428727502732
chr4:108667449	wtdmso	mtcsc	1	1	15	9	0.6	1.0
chr4:118278978	wtdmso	mtcsc	18	9	17	3	0.35294117647058826	0.19129789810809833
chr4:118279032	wtdmso	mtcsc	6	1	50	12	1.44	1.0
chr4:118279401	wtdmso	mtcsc	5	3	52	10	0.32051282051282054	0.1610575638431882
chr4:118279678	wtdmso	mtcsc	17	1	32	9	4.78125	0.15414094853901653
chr4:118279733	wtdmso	mtcsc	8	2	48	10	0.8333333333333334	1.0
chr4:121668102	wtdmso	mtcsc	11	11	17	53	3.1176470588235294	0.03296946447999932
chr4:121668274	wtdmso	mtcsc	2	2	26	54	2.076923076923077	0.5977405557188102
chr4:121668342	wtdmso	mtcsc	1	1	21	48	2.2857142857142856	0.5267605633802815
chr4:151099643	wtdmso	mtcsc	12	18	69	110	1.0628019323671498	1.0
chr4:151099668	wtdmso	mtcsc	2	4	208	507	1.21875	1.0
chr4:151100575	wtdmso	mtcsc	21	46	187	458	1.1181120669611717	0.6741415516233373
chr4:151100584	wtdmso	mtcsc	3	13	230	528	0.5297658862876254	0.41583300848221283
chr4:151101091	wtdmso	mtcsc	4	28	257	554	0.3079488604780434	0.01941353607394207
chr4:151101099	wtdmso	mtcsc	10	41	222	485	0.5328499230938255	0.08457843158951646
chr4:151101103	wtdmso	mtcsc	9	17	244	555	1.204194792671167	0.6683751977167347
chr4:151101130	wtdmso	mtcsc	10	24	235	510	0.9042553191489362	0.8526920204009452
chr4:151102900	wtdmso	mtcsc	4	5	264	551	1.6696969696969697	0.48266738243591395
chr4:151103032	wtdmso	mtcsc	6	5	280	605	2.592857142857143	0.11475543346103834
chr4:151103054	wtdmso	mtcsc	10	22	279	598	0.9742587161942	1.0
chr4:151104184	wtdmso	mtcsc	5	9	282	590	1.1623325453112687	0.7786522247783371
chr4:151104199	wtdmso	mtcsc	2	1	283	608	4.296819787985866	0.23982354775563836
chr4:151104568	wtdmso	mtcsc	24	66	268	558	0.757123473541384	0.28566943788897936
chr4:151104600	wtdmso	mtcsc	9	6	262	571	3.269083969465649	0.025271401301643376
chr4:15935625	wtdmso	mtcsc	2	6	10	4	0.13333333333333333	0.07430340557275542
chr4:15935833	wtdmso	mtcsc	5	7	6	8	0.9523809523809523	1.0
chr4:15935940	wtdmso	mtcsc	7	9	5	4	0.6222222222222222	0.6881679903082515
chr4:15935983	wtdmso	mtcsc	2	2	10	13	1.3	1.0
chr4:15936007	wtdmso	mtcsc	2	3	10	12	0.8	1.0
chr4:15936033	wtdmso	mtcsc	1	3	10	10	0.3333333333333333	0.5962732919254659
chr4:15936097	wtdmso	mtcsc	3	3	9	12	1.3333333333333333	1.0
chr4:15936159	wtdmso	mtcsc	1	3	11	12	0.36363636363636365	0.6051282051282052
chr4:15936258	wtdmso	mtcsc	2	2	10	12	1.2	1.0
chr4:15936366	wtdmso	mtcsc	3	10	7	3	0.12857142857142856	0.039680403053669974
chr4:15936510	wtdmso	mtcsc	4	7	6	6	0.5714285714285714	0.6801722977520529
chr4:15936518	wtdmso	mtcsc	1	2	11	11	0.5	1.0
chr4:2042062	wtdmso	mtcsc	8	7	19	25	1.5037593984962405	0.5577631147932224
chr4:2042750	wtdmso	mtcsc	4	2	23	33	2.869565217391304	0.38962539910235
chr4:2042789	wtdmso	mtcsc	5	3	23	21	1.5217391304347827	0.7108886107634543
chr4:2930764	wtdmso	mtcsc	3	2	31	13	0.6290322580645161	0.6351954287728043
chr4:2932633	wtdmso	mtcsc	1	1	34	12	0.35294117647058826	0.47251773049645396
chr4:2933142	wtdmso	mtcsc	8	6	26	11	0.5641025641025641	0.5075034391498521
chr4:2933819	wtdmso	mtcsc	1	1	27	11	0.4074074074074074	0.5153846153846153
chr4:39454136	wtdmso	mtcsc	5	18	90	137	0.4228395061728395	0.11551822940027949
chr4:39454150	wtdmso	mtcsc	18	32	430	672	0.8790697674418605	0.767266379095425
chr4:39454184	wtdmso	mtcsc	15	8	543	811	2.800414364640884	0.01819564754771783
chr4:39454193	wtdmso	mtcsc	10	23	608	879	0.6285755148741419	0.28267807098100406
chr4:39454565	wtdmso	mtcsc	157	272	470	657	0.8068601376720901	0.07297128605239467
chr4:39454615	wtdmso	mtcsc	1	2	543	804	0.7403314917127072	1.0
chr4:39454886	wtdmso	mtcsc	2	1	595	861	2.8941176470588235	0.5711221318163392
chr4:39456409	wtdmso	mtcsc	21	42	592	852	0.7195945945945946	0.24091484074904476
chr4:39457607	wtdmso	mtcsc	79	110	532	797	1.0759227614490772	0.6919529727132756
chr4:39457629	wtdmso	mtcsc	92	116	471	725	1.2208067940552016	0.19322782102292207
chr4:39457645	wtdmso	mtcsc	162	231	460	693	1.0565217391304347	0.6767861527478352
chr4:39457670	wtdmso	mtcsc	1	1	559	838	1.4991055456171736	1.0
chr4:39458223	wtdmso	mtcsc	230	336	343	530	1.0577190059697348	0.6201293471121392
chr4:39458245	wtdmso	mtcsc	73	97	535	779	1.0958088447827343	0.6191599527089444
chr4:39458258	wtdmso	mtcsc	14	17	565	850	1.238938053097345	0.5816073612310559
chr4:39458414	wtdmso	mtcsc	8	18	419	648	0.6873508353221957	0.4229818780674975
chr4:39458432	wtdmso	mtcsc	2	10	521	773	0.2967370441458733	0.13883464647885752
chr4:39458541	wtdmso	mtcsc	1	1	9	9	1.0	1.0
chr4:48885468	wtdmso	mtcsc	2	5	20	60	1.2	1.0
chr4:48885505	wtdmso	mtcsc	2	2	42	71	1.6904761904761905	0.6308695854501899
chr4:48899898	wtdmso	mtcsc	1	2	35	67	0.9571428571428572	1.0
chr4:48906688	wtdmso	mtcsc	2	1	17	57	6.705882352941177	0.14883116883116884
chr4:57031156	wtdmso	mtcsc	1	1	47	51	1.0851063829787233	1.0
chr4:57031268	wtdmso	mtcsc	4	7	48	55	0.6547619047619048	0.7517033062671787
chr4:57032489	wtdmso	mtcsc	1	2	40	46	0.575	1.0
chr4:57033208	wtdmso	mtcsc	2	3	45	51	0.7555555555555555	1.0
chr4:57033255	wtdmso	mtcsc	1	2	41	46	0.5609756097560976	1.0
chr4:57033275	wtdmso	mtcsc	6	13	45	44	0.4512820512820513	0.2050229921735079
chr4:57040827	wtdmso	mtcsc	4	5	44	48	0.8727272727272727	1.0
chr4:6641878	wtdmso	mtcsc	5	4	34	32	1.1764705882352942	1.0
chr4:6642073	wtdmso	mtcsc	15	16	35	35	0.9375	1.0
chr4:6642091	wtdmso	mtcsc	4	5	39	38	0.7794871794871795	1.0
chr4:6642100	wtdmso	mtcsc	1	1	42	40	0.9523809523809523	1.0
chr4:6642191	wtdmso	mtcsc	2	2	32	34	1.0625	1.0
chr4:6642196	wtdmso	mtcsc	3	2	40	46	1.725	0.6641550364913403
chr4:6642234	wtdmso	mtcsc	18	17	34	34	1.0588235294117647	1.0
chr4:6642288	wtdmso	mtcsc	22	20	29	33	1.2517241379310344	0.6897850099447391
chr4:6642307	wtdmso	mtcsc	1	1	49	49	1.0	1.0
chr4:6642394	wtdmso	mtcsc	4	8	44	33	0.375	0.2119527105353447
chr4:6642402	wtdmso	mtcsc	1	1	49	51	1.0408163265306123	1.0
chr4:6642424	wtdmso	mtcsc	8	9	40	43	0.9555555555555556	1.0
chr4:6642493	wtdmso	mtcsc	17	26	36	21	0.3814102564102564	0.026042681239169158
chr4:6642554	wtdmso	mtcsc	12	13	40	40	0.9230769230769231	1.0
chr4:6642568	wtdmso	mtcsc	6	6	42	46	1.0952380952380953	1.0
chr4:6642575	wtdmso	mtcsc	2	3	48	49	0.6805555555555556	1.0
chr4:6642580	wtdmso	mtcsc	6	7	44	43	0.8376623376623377	1.0
chr4:6642665	wtdmso	mtcsc	6	6	20	22	1.1	1.0
chr4:6642691	wtdmso	mtcsc	2	3	26	29	0.7435897435897436	1.0
chr4:672515	wtdmso	mtcsc	1	1	9	21	2.3333333333333335	0.5342741935483872
chr4:673333	wtdmso	mtcsc	6	9	4	22	3.6666666666666665	0.13019384539716033
chr4:74445178	wtdmso	mtcsc	6	5	146	111	0.9123287671232877	1.0
chr4:74445341	wtdmso	mtcsc	12	13	155	115	0.684863523573201	0.40308774378287116
chr4:74446554	wtdmso	mtcsc	6	5	135	112	0.9955555555555555	1.0
chr4:74446563	wtdmso	mtcsc	2	1	151	115	1.5231788079470199	1.0
chr4:74446585	wtdmso	mtcsc	10	7	157	121	1.1010009099181073	1.0
chr4:74446599	wtdmso	mtcsc	3	2	146	109	1.11986301369863	1.0
chr4:74446693	wtdmso	mtcsc	58	43	114	98	1.1595267237862097	0.6270789558930463
chr4:74446716	wtdmso	mtcsc	19	22	158	126	0.6887226697353279	0.314808037164044
chr4:74446741	wtdmso	mtcsc	36	27	154	135	1.1688311688311688	0.6758549970001682
chr4:74449050	wtdmso	mtcsc	43	36	158	119	0.8996132208157525	0.7009762866514437
chr4:74450428	wtdmso	mtcsc	8	5	228	186	1.305263157894737	0.780105864016182
chr4:74452552	wtdmso	mtcsc	8	6	221	183	1.1040723981900453	1.0
chr4:74452597	wtdmso	mtcsc	1	3	240	180	0.25	0.3196873357792729
chr4:74452636	wtdmso	mtcsc	33	45	215	152	0.5184496124031007	0.011735332870313489
chr4:74454831	wtdmso	mtcsc	3	3	217	181	0.8341013824884793	1.0
chr4:74454838	wtdmso	mtcsc	18	6	183	165	2.7049180327868854	0.0356044598636307
chr4:74454990	wtdmso	mtcsc	3	2	152	117	1.1546052631578947	1.0
chr4:77047204	wtdmso	mtcsc	54	76	106	120	0.8043694141012909	0.3761862545715703
chr4:77047256	wtdmso	mtcsc	13	12	137	178	1.4075425790754257	0.4127369956604072
chr4:77047298	wtdmso	mtcsc	68	76	80	97	1.0848684210526316	0.7366260362739712
chr4:77047348	wtdmso	mtcsc	23	36	145	168	0.7402298850574712	0.3209746464682932
chr4:77047358	wtdmso	mtcsc	1	3	166	191	0.38353413654618473	0.6271383899078582
chr4:77047399	wtdmso	mtcsc	1	4	137	160	0.291970802919708	0.3801805156186798
chr4:77047436	wtdmso	mtcsc	7	11	157	186	0.7539085118702953	0.6335115343462554
chr4:77047549	wtdmso	mtcsc	17	18	128	164	1.2100694444444444	0.5950806624684382
chr4:77047733	wtdmso	mtcsc	9	14	101	144	0.9165487977369166	1.0
chr4:77047742	wtdmso	mtcsc	21	26	94	128	1.099836333878887	0.8712512655263163
chr4:77047760	wtdmso	mtcsc	10	19	118	152	0.6779661016949152	0.43061732685659704
chr4:77047806	wtdmso	mtcsc	27	40	94	121	0.8688829787234043	0.6727407117998061
chr4:77047981	wtdmso	mtcsc	1	2	110	133	0.6045454545454545	1.0
chr4:77048027	wtdmso	mtcsc	2	1	91	104	2.2857142857142856	0.6014898806776978
chr4:77048081	wtdmso	mtcsc	8	11	106	123	0.8439108061749572	0.8132493222793882
chr4:77048161	wtdmso	mtcsc	11	24	93	108	0.532258064516129	0.13939676736375828
chr4:77048179	wtdmso	mtcsc	1	1	103	131	1.2718446601941749	1.0
chr4:77048189	wtdmso	mtcsc	3	1	102	126	3.7058823529411766	0.3309376474922523
chr4:77048263	wtdmso	mtcsc	1	4	85	115	0.3382352941176471	0.4014300504903308
chr4:77048357	wtdmso	mtcsc	16	27	89	108	0.7191011235955056	0.39775784069230624
chr4:77048477	wtdmso	mtcsc	14	14	67	92	1.373134328358209	0.5358022970181533
chr4:77048489	wtdmso	mtcsc	5	11	74	79	0.48525798525798525	0.29227415450290806
chr4:77048534	wtdmso	mtcsc	7	12	76	101	0.7752192982456141	0.8076576285868886
chr4:77048541	wtdmso	mtcsc	5	5	74	108	1.4594594594594594	0.7431943068285611
chr4:77055167	wtdmso	mtcsc	29	40	45	56	0.9022222222222223	0.7555471431832241
chr4:77075539	wtdmso	mtcsc	3	1	45	75	5.0	0.2976203280351416
chr4:77075701	wtdmso	mtcsc	1	3	18	54	1.0	1.0
chr4:77075713	wtdmso	mtcsc	6	8	15	45	2.25	0.20113807360381455
chr4:99072238	wtdmso	mtcsc	5	6	20	19	0.7916666666666666	1.0
chr4:99072433	wtdmso	mtcsc	13	12	14	19	1.4702380952380953	0.596437239164004
chr4:99072592	wtdmso	mtcsc	5	10	10	21	1.05	1.0
chr4:99072633	wtdmso	mtcsc	3	2	12	31	3.875	0.3069688559975332
chr4:99076328	wtdmso	mtcsc	2	5	13	24	0.7384615384615385	1.0
chr4:99076713	wtdmso	mtcsc	3	8	10	23	0.8625	1.0
chr4:99081386	wtdmso	mtcsc	1	1	9	16	1.7777777777777777	1.0
chr4:99081448	wtdmso	mtcsc	3	1	9	31	10.333333333333334	0.05550603678794262
chr4:99948153	wtdmso	mtcsc	1	2	45	70	0.7777777777777778	1.0
chr4:99948195	wtdmso	mtcsc	2	4	44	66	0.75	1.0
chr4:99948209	wtdmso	mtcsc	1	4	39	58	0.3717948717948718	0.6458277280309062
chr4:99948386	wtdmso	mtcsc	22	29	16	30	1.4224137931034482	0.41438790701398764
chr4:99948431	wtdmso	mtcsc	12	14	31	49	1.3548387096774193	0.6462197811697047
chr4:99948479	wtdmso	mtcsc	2	6	38	60	0.5263157894736842	0.7072187513569412
chr4:99948931	wtdmso	mtcsc	20	30	23	37	1.0724637681159421	1.0
chr4:99949717	wtdmso	mtcsc	6	8	35	56	1.2	0.7750499188805874
chr5:10254197	wtdmso	mtcsc	1	1	9	13	1.4444444444444444	1.0
chr5:10254785	wtdmso	mtcsc	2	6	8	8	0.3333333333333333	0.38753533449993277
chr5:10256060	wtdmso	mtcsc	2	6	8	7	0.2916666666666667	0.37878583927850307
chr5:10256104	wtdmso	mtcsc	3	4	7	10	1.0714285714285714	1.0
chr5:10258429	wtdmso	mtcsc	1	1	10	17	1.7	1.0
chr5:10260867	wtdmso	mtcsc	1	3	11	16	0.48484848484848486	1.0
chr5:10260898	wtdmso	mtcsc	2	1	10	20	4.0	0.5381231671554253
chr5:10261701	wtdmso	mtcsc	1	3	12	17	0.4722222222222222	1.0
chr5:10262532	wtdmso	mtcsc	1	3	25	20	0.26666666666666666	0.3296786799826314
chr5:10263272	wtdmso	mtcsc	2	5	25	20	0.32	0.24068031467906315
chr5:10679553	wtdmso	mtcsc	1	1	10	11	1.1	1.0
chr5:10679915	wtdmso	mtcsc	2	1	8	12	3.0	0.5595708639186899
chr5:112161037	wtdmso	mtcsc	2	2	47	28	0.5957446808510638	0.6321333563172338
chr5:112161185	wtdmso	mtcsc	16	9	32	22	1.2222222222222223	0.8059273753817555
chr5:112161189	wtdmso	mtcsc	20	14	25	16	0.9142857142857143	1.0
chr5:112878717	wtdmso	mtcsc	8	15	15	25	0.8888888888888888	1.0
chr5:112887061	wtdmso	mtcsc	2	2	14	34	2.4285714285714284	0.5780219780219781
chr5:112887132	wtdmso	mtcsc	9	20	6	18	1.35	0.762328655575789
chr5:112921245	wtdmso	mtcsc	3	1	8	32	12.0	0.04254112308564945
chr5:112922092	wtdmso	mtcsc	5	10	10	26	1.3	0.7428087937714536
chr5:112922128	wtdmso	mtcsc	1	2	12	29	1.2083333333333333	1.0
chr5:112922132	wtdmso	mtcsc	1	2	13	18	0.6923076923076923	1.0
chr5:112922140	wtdmso	mtcsc	1	3	12	28	0.7777777777777778	1.0
chr5:1254370	wtdmso	mtcsc	3	2	14	8	0.8571428571428571	1.0
chr5:1254415	wtdmso	mtcsc	9	4	8	8	2.25	0.45149831099487847
chr5:1260524	wtdmso	mtcsc	3	1	11	10	2.727272727272727	0.6043478260869566
chr5:1264529	wtdmso	mtcsc	1	2	9	8	0.4444444444444444	1.0
chr5:1264550	wtdmso	mtcsc	4	5	8	5	0.5	0.6656346749226008
chr5:126544849	wtdmso	mtcsc	4	4	26	25	0.9615384615384616	1.0
chr5:126544855	wtdmso	mtcsc	1	1	25	12	0.48	1.0
chr5:126544861	wtdmso	mtcsc	8	8	15	16	1.0666666666666667	1.0
chr5:126544948	wtdmso	mtcsc	15	19	22	12	0.430622009569378	0.14351299123781303
chr5:126550248	wtdmso	mtcsc	2	4	20	11	0.275	0.19829756226815048
chr5:126552094	wtdmso	mtcsc	3	6	23	19	0.41304347826086957	0.2913484047750719
chr5:126552107	wtdmso	mtcsc	4	2	22	27	2.4545454545454546	0.4060135203309454
chr5:126555941	wtdmso	mtcsc	4	2	19	25	2.6315789473684212	0.3945940078158924
chr5:126561107	wtdmso	mtcsc	1	2	11	17	0.7727272727272727	1.0
chr5:126568326	wtdmso	mtcsc	4	3	21	16	1.0158730158730158	1.0
chr5:126570803	wtdmso	mtcsc	2	1	21	16	1.5238095238095237	1.0
chr5:131159375	wtdmso	mtcsc	2	1	215	181	1.6837209302325582	1.0
chr5:131159512	wtdmso	mtcsc	30	33	122	87	0.6482861400894188	0.14880766518200003
chr5:131159602	wtdmso	mtcsc	4	6	213	164	0.513302034428795	0.34534289821499325
chr5:131165098	wtdmso	mtcsc	12	9	164	140	1.1382113821138211	0.824389906417172
chr5:1317965	wtdmso	mtcsc	23	18	8	10	1.5972222222222223	0.5720680288390232
chr5:1317991	wtdmso	mtcsc	1	1	35	27	0.7714285714285715	1.0
chr5:1318175	wtdmso	mtcsc	8	8	28	21	0.75	0.7732615233239507
chr5:1318252	wtdmso	mtcsc	6	12	6	5	0.4166666666666667	0.438437172391248
chr5:1318287	wtdmso	mtcsc	2	5	29	14	0.19310344827586207	0.08938407799416125
chr5:1318372	wtdmso	mtcsc	12	5	17	8	1.1294117647058823	1.0
chr5:1321770	wtdmso	mtcsc	1	1	31	26	0.8387096774193549	1.0
chr5:132192707	wtdmso	mtcsc	2	2	19	8	0.42105263157894735	0.5773081201334818
chr5:132194967	wtdmso	mtcsc	1	2	10	8	0.4	0.5864661654135338
chr5:132194975	wtdmso	mtcsc	2	2	9	8	0.8888888888888888	1.0
chr5:132257749	wtdmso	mtcsc	2	1	25	48	3.84	0.28625889046941677
chr5:132257798	wtdmso	mtcsc	5	6	40	49	1.0208333333333333	1.0
chr5:132262695	wtdmso	mtcsc	3	2	22	26	1.7727272727272727	0.657523386713176
chr5:132262714	wtdmso	mtcsc	7	8	37	49	1.1587837837837838	0.7865510190627145
chr5:132270956	wtdmso	mtcsc	10	7	38	54	2.030075187969925	0.19609443075967242
chr5:132270976	wtdmso	mtcsc	2	2	44	56	1.2727272727272727	1.0
chr5:132271000	wtdmso	mtcsc	1	5	24	36	0.3	0.39577653089022735
chr5:132271307	wtdmso	mtcsc	2	1	47	63	2.6808510638297873	0.578091365701985
chr5:132271337	wtdmso	mtcsc	8	8	45	56	1.2444444444444445	0.7891089370893238
chr5:132271820	wtdmso	mtcsc	8	5	57	74	2.07719298245614	0.251253558477721
chr5:132272047	wtdmso	mtcsc	2	6	53	65	0.4088050314465409	0.46416891307992936
chr5:132272083	wtdmso	mtcsc	10	7	57	70	1.7543859649122806	0.31023484873813223
chr5:132272095	wtdmso	mtcsc	14	21	48	61	0.8472222222222222	0.6998731374654967
chr5:132272219	wtdmso	mtcsc	15	28	51	57	0.5987394957983193	0.20437162025991332
chr5:132272235	wtdmso	mtcsc	8	8	50	71	1.42	0.5939360411360084
chr5:132866663	wtdmso	mtcsc	4	3	39	49	1.6752136752136753	0.6976478174405523
chr5:132867522	wtdmso	mtcsc	2	5	73	88	0.4821917808219178	0.4625391702989755
chr5:132867661	wtdmso	mtcsc	4	6	64	76	0.7916666666666666	1.0
chr5:1337910	wtdmso	mtcsc	1	2	22	11	0.25	0.5393557422969186
chr5:133972062	wtdmso	mtcsc	6	4	65	60	1.3846153846153846	0.7479246952120417
chr5:133972085	wtdmso	mtcsc	2	4	66	64	0.48484848484848486	0.6803969210558202
chr5:133972200	wtdmso	mtcsc	7	7	61	67	1.098360655737705	1.0
chr5:133972262	wtdmso	mtcsc	5	2	65	75	2.8846153846153846	0.2581157483789742
chr5:133972324	wtdmso	mtcsc	1	3	65	65	0.3333333333333333	0.6194685186248063
chr5:133972337	wtdmso	mtcsc	4	6	60	63	0.7	0.7460559315777922
chr5:133972347	wtdmso	mtcsc	9	2	49	60	5.510204081632653	0.02614343626949327
chr5:133972362	wtdmso	mtcsc	1	1	61	72	1.180327868852459	1.0
chr5:133972418	wtdmso	mtcsc	12	16	48	55	0.859375	0.8315539571758461
chr5:133972551	wtdmso	mtcsc	6	3	47	66	2.8085106382978724	0.17462818848422532
chr5:133972562	wtdmso	mtcsc	1	1	50	70	1.4	1.0
chr5:133972788	wtdmso	mtcsc	18	15	31	47	1.8193548387096774	0.20940546318953648
chr5:133972854	wtdmso	mtcsc	7	9	43	56	1.0129198966408268	1.0
chr5:133973802	wtdmso	mtcsc	2	2	47	61	1.297872340425532	1.0
chr5:133973837	wtdmso	mtcsc	4	5	47	59	1.004255319148936	1.0
chr5:133975976	wtdmso	mtcsc	3	3	38	56	1.4736842105263157	0.6869237291917705
chr5:133976010	wtdmso	mtcsc	1	2	30	43	0.7166666666666667	1.0
chr5:133980756	wtdmso	mtcsc	3	3	34	46	1.3529411764705883	1.0
chr5:133980786	wtdmso	mtcsc	2	1	36	50	2.7777777777777777	0.5733683209467789
chr5:133980804	wtdmso	mtcsc	1	1	37	48	1.2972972972972974	1.0
chr5:133990885	wtdmso	mtcsc	2	2	28	44	1.5714285714285714	0.6450437459810208
chr5:133990895	wtdmso	mtcsc	10	15	15	28	1.2444444444444445	0.7952887156477986
chr5:133991078	wtdmso	mtcsc	6	10	9	30	2.0	0.3262515777945816
chr5:133991120	wtdmso	mtcsc	1	2	29	43	0.7413793103448276	1.0
chr5:134157495	wtdmso	mtcsc	14	27	20	20	0.5185185185185185	0.18003231816326803
chr5:134157500	wtdmso	mtcsc	1	4	29	45	0.3879310344827586	0.6443955777733259
chr5:134157718	wtdmso	mtcsc	2	2	30	42	1.4	1.0
chr5:134157754	wtdmso	mtcsc	1	3	34	45	0.4411764705882353	0.6347667091128744
chr5:134160995	wtdmso	mtcsc	11	10	20	30	1.65	0.4334407168557127
chr5:134161006	wtdmso	mtcsc	3	2	32	40	1.875	0.6542836340961792
chr5:134161057	wtdmso	mtcsc	5	7	23	30	0.9316770186335404	1.0
chr5:134161098	wtdmso	mtcsc	2	2	32	38	1.1875	1.0
chr5:134173946	wtdmso	mtcsc	1	2	34	37	0.5441176470588235	1.0
chr5:134176858	wtdmso	mtcsc	6	17	9	17	0.6666666666666666	0.5522087823125104
chr5:1341858	wtdmso	mtcsc	1	1	12	13	1.0833333333333333	1.0
chr5:134197143	wtdmso	mtcsc	5	3	16	8	0.8333333333333334	1.0
chr5:134197175	wtdmso	mtcsc	7	9	15	3	0.15555555555555556	0.029943092969644203
chr5:134197180	wtdmso	mtcsc	1	2	19	9	0.23684210526315788	0.28142380422691887
chr5:134197362	wtdmso	mtcsc	5	2	16	10	1.5625	1.0
chr5:134197738	wtdmso	mtcsc	5	2	6	10	4.166666666666667	0.19302732534661465
chr5:134199111	wtdmso	mtcsc	5	2	5	9	4.5	0.1826625386996904
chr5:135027804	wtdmso	mtcsc	5	5	5	11	2.2	0.4249562525238929
chr5:135027944	wtdmso	mtcsc	4	4	6	10	1.6666666666666667	0.6733521783999642
chr5:135028025	wtdmso	mtcsc	1	4	9	21	0.5833333333333334	1.0
chr5:135028347	wtdmso	mtcsc	7	18	3	5	0.6481481481481481	0.6728202276033199
chr5:135334738	wtdmso	mtcsc	3	1	22	10	1.3636363636363635	1.0
chr5:135343335	wtdmso	mtcsc	1	1	12	9	0.75	1.0
chr5:136046860	wtdmso	mtcsc	4	7	61	63	0.5901639344262295	0.534607447850401
chr5:136046934	wtdmso	mtcsc	10	12	68	63	0.7720588235294118	0.6483086490077321
chr5:136046958	wtdmso	mtcsc	6	6	69	65	0.9420289855072463	1.0
chr5:136047279	wtdmso	mtcsc	13	25	66	58	0.45696969696969697	0.04355276087014817
chr5:136047286	wtdmso	mtcsc	25	19	52	59	1.492914979757085	0.28895333825258773
chr5:136047400	wtdmso	mtcsc	8	5	59	62	1.6813559322033897	0.5610145509465098
chr5:136047411	wtdmso	mtcsc	1	1	72	74	1.0277777777777777	1.0
chr5:136049540	wtdmso	mtcsc	3	1	78	85	3.269230769230769	0.35591942234196955
chr5:136049547	wtdmso	mtcsc	41	25	42	63	2.46	0.007334141935879782
chr5:136052915	wtdmso	mtcsc	7	7	75	72	0.96	1.0
chr5:136053017	wtdmso	mtcsc	1	2	84	81	0.48214285714285715	0.6182634730538922
chr5:136053113	wtdmso	mtcsc	8	10	83	71	0.6843373493975904	0.46642397080346293
chr5:136053947	wtdmso	mtcsc	5	6	81	80	0.823045267489712	1.0
chr5:136053993	wtdmso	mtcsc	5	7	96	87	0.6473214285714286	0.5577407605756403
chr5:136054003	wtdmso	mtcsc	2	4	100	95	0.475	0.44027233295045576
chr5:136054720	wtdmso	mtcsc	2	5	86	65	0.3023255813953488	0.24247992202346852
chr5:136054760	wtdmso	mtcsc	5	2	108	96	2.2222222222222223	0.45372969217314385
chr5:136054806	wtdmso	mtcsc	16	15	72	72	1.0666666666666667	1.0
chr5:136054810	wtdmso	mtcsc	4	2	72	72	2.0	0.6812529223677437
chr5:136054819	wtdmso	mtcsc	4	1	109	108	3.963302752293578	0.3697183318456485
chr5:136054836	wtdmso	mtcsc	5	4	117	108	1.1538461538461537	1.0
chr5:136055695	wtdmso	mtcsc	7	6	106	98	1.078616352201258	1.0
chr5:136055736	wtdmso	mtcsc	8	12	125	105	0.56	0.24834892010249418
chr5:136055752	wtdmso	mtcsc	3	2	97	83	1.2835051546391754	1.0
chr5:136055763	wtdmso	mtcsc	2	4	134	110	0.41044776119402987	0.4159836531000495
chr5:136055778	wtdmso	mtcsc	19	16	113	97	1.019358407079646	1.0
chr5:136055803	wtdmso	mtcsc	6	1	121	109	5.404958677685951	0.12621956844823723
chr5:136056694	wtdmso	mtcsc	16	8	124	113	1.8225806451612903	0.20290838232091873
chr5:136056704	wtdmso	mtcsc	2	2	138	116	0.8405797101449275	1.0
chr5:136056787	wtdmso	mtcsc	2	2	154	133	0.8636363636363636	1.0
chr5:136059102	wtdmso	mtcsc	29	31	131	107	0.7640975129278503	0.38632355369823834
chr5:136059194	wtdmso	mtcsc	15	13	131	106	0.9336465061655901	1.0
chr5:136060879	wtdmso	mtcsc	9	10	154	128	0.7480519480519481	0.6365458985278807
chr5:136061527	wtdmso	mtcsc	16	16	171	147	0.8596491228070176	0.7132271608168931
chr5:136063293	wtdmso	mtcsc	96	60	88	94	1.709090909090909	0.016272007031783157
chr5:136063313	wtdmso	mtcsc	1	2	204	176	0.43137254901960786	0.5993748836840831
chr5:136063423	wtdmso	mtcsc	3	1	220	188	2.5636363636363635	0.6283085777921394
chr5:136063452	wtdmso	mtcsc	2	3	217	173	0.5314900153609831	0.6596213068275399
chr5:136063471	wtdmso	mtcsc	8	8	187	148	0.7914438502673797	0.7978157449160912
chr5:136063490	wtdmso	mtcsc	43	26	162	130	1.3271604938271604	0.34510210848490663
chr5:136063512	wtdmso	mtcsc	31	28	199	162	0.9012921751615219	0.778261866896059
chr5:136063566	wtdmso	mtcsc	4	1	246	205	3.3333333333333335	0.38392988368574266
chr5:136063774	wtdmso	mtcsc	18	17	178	147	0.8744216787838731	0.7242034016337198
chr5:137752740	wtdmso	mtcsc	20	14	14	20	2.0408163265306123	0.22504450535963516
chr5:137752807	wtdmso	mtcsc	4	2	35	35	2.0	0.6751881149913178
chr5:137752878	wtdmso	mtcsc	19	11	8	4	0.8636363636363636	1.0
chr5:137752903	wtdmso	mtcsc	28	25	2	3	1.68	0.6650717703349283
chr5:137752946	wtdmso	mtcsc	20	11	9	3	0.6060606060606061	0.7198952171072148
chr5:137753202	wtdmso	mtcsc	19	22	4	6	1.2954545454545454	1.0
chr5:137753936	wtdmso	mtcsc	3	1	8	11	4.125	0.3167701863354037
chr5:137753962	wtdmso	mtcsc	9	11	1	3	2.4545454545454546	0.6146245059288538
chr5:137753972	wtdmso	mtcsc	9	14	1	0	0.0	0.41666666666666674
chr5:138468660	wtdmso	mtcsc	2	1	10	9	1.8	1.0
chr5:138469039	wtdmso	mtcsc	13	4	20	9	1.4625	0.7390117227117554
chr5:138469062	wtdmso	mtcsc	5	2	30	16	1.3333333333333333	1.0
chr5:138469148	wtdmso	mtcsc	4	8	29	11	0.1896551724137931	0.019396156654920033
chr5:138469211	wtdmso	mtcsc	11	4	22	13	1.625	0.5334723887018339
chr5:138555956	wtdmso	mtcsc	5	2	12	9	1.875	0.6683389074693423
chr5:138555979	wtdmso	mtcsc	1	2	15	8	0.26666666666666666	0.5384615384615384
chr5:138930838	wtdmso	mtcsc	1	1	20	20	1.0	1.0
chr5:138932650	wtdmso	mtcsc	11	5	14	19	2.9857142857142858	0.1283537950244845
chr5:138933838	wtdmso	mtcsc	1	2	24	25	0.5208333333333334	1.0
chr5:138934042	wtdmso	mtcsc	3	3	22	27	1.2272727272727273	1.0
chr5:138934207	wtdmso	mtcsc	3	8	9	22	0.9166666666666666	1.0
chr5:138934212	wtdmso	mtcsc	1	3	25	25	0.3333333333333333	0.611542730299667
chr5:138934240	wtdmso	mtcsc	4	5	24	27	0.9	1.0
chr5:138934475	wtdmso	mtcsc	2	3	13	26	1.3333333333333333	1.0
chr5:138934575	wtdmso	mtcsc	2	2	14	31	2.2142857142857144	0.5879854254375201
chr5:138934628	wtdmso	mtcsc	2	1	21	26	2.4761904761904763	0.5881122448979592
chr5:138934684	wtdmso	mtcsc	1	2	25	25	0.5	1.0
chr5:139561657	wtdmso	mtcsc	3	5	14	32	1.3714285714285714	0.6961258822358785
chr5:139600393	wtdmso	mtcsc	4	2	29	38	2.6206896551724137	0.39987705607454993
chr5:139614700	wtdmso	mtcsc	2	1	26	41	3.1538461538461537	0.5595907928388746
chr5:139626780	wtdmso	mtcsc	9	8	23	31	1.516304347826087	0.5782192582384645
chr5:139626844	wtdmso	mtcsc	4	3	9	21	3.111111111111111	0.21284852214643485
chr5:140332918	wtdmso	mtcsc	7	9	11	15	1.0606060606060606	1.0
chr5:140333049	wtdmso	mtcsc	4	5	12	16	1.0666666666666667	1.0
chr5:140333062	wtdmso	mtcsc	3	2	13	22	2.5384615384615383	0.37250610934821454
chr5:140333074	wtdmso	mtcsc	4	3	14	10	0.9523809523809523	1.0
chr5:140333124	wtdmso	mtcsc	2	3	16	8	0.3333333333333333	0.33863837312113176
chr5:140333209	wtdmso	mtcsc	4	6	9	15	1.1111111111111112	1.0
chr5:140645534	wtdmso	mtcsc	13	16	9	31	2.798611111111111	0.06800933024445888
chr5:140645647	wtdmso	mtcsc	3	2	22	51	3.477272727272727	0.32033708349497825
chr5:140647359	wtdmso	mtcsc	4	4	22	51	2.3181818181818183	0.26183445270720423
chr5:141515197	wtdmso	mtcsc	1	1	23	16	0.6956521739130435	1.0
chr5:141515266	wtdmso	mtcsc	4	3	18	11	0.8148148148148148	1.0
chr5:141515281	wtdmso	mtcsc	2	3	19	12	0.42105263157894735	0.6295677361853831
chr5:141515541	wtdmso	mtcsc	9	10	13	6	0.4153846153846154	0.3245440052423657
chr5:141515614	wtdmso	mtcsc	2	2	18	12	0.6666666666666666	1.0
chr5:141515626	wtdmso	mtcsc	2	2	19	10	0.5263157894736842	0.6099706744868034
chr5:141515631	wtdmso	mtcsc	3	1	17	14	2.4705882352941178	0.6189839572192513
chr5:141515694	wtdmso	mtcsc	3	2	18	13	1.0833333333333333	1.0
chr5:142132220	wtdmso	mtcsc	1	2	10	9	0.45	1.0
chr5:142135769	wtdmso	mtcsc	1	1	10	19	1.9	1.0
chr5:142137748	wtdmso	mtcsc	1	4	12	21	0.4375	0.6425881874798284
chr5:142144650	wtdmso	mtcsc	1	3	20	21	0.35	0.6109936575052854
chr5:142151817	wtdmso	mtcsc	3	3	21	19	0.9047619047619048	1.0
chr5:142152174	wtdmso	mtcsc	5	1	22	11	2.5	0.6449789019448462
chr5:142152243	wtdmso	mtcsc	6	3	19	10	1.0526315789473684	1.0
chr5:142152601	wtdmso	mtcsc	8	7	26	7	0.3076923076923077	0.09402993190575806
chr5:150444237	wtdmso	mtcsc	8	15	17	66	2.070588235294118	0.1714323180029306
chr5:150444284	wtdmso	mtcsc	59	114	368	733	1.0308686117467583	0.8627553813074742
chr5:150444328	wtdmso	mtcsc	9	16	402	818	1.1445895522388059	0.8303076198494302
chr5:150445669	wtdmso	mtcsc	1	2	367	729	0.9931880108991825	1.0
chr5:150445677	wtdmso	mtcsc	1	14	328	663	0.1443815331010453	0.0280193303358597
chr5:150445683	wtdmso	mtcsc	77	151	324	677	1.065509770255907	0.69591954924633
chr5:150446824	wtdmso	mtcsc	9	15	405	826	1.2237037037037037	0.6635164025360711
chr5:150446943	wtdmso	mtcsc	58	78	326	679	1.5487651407896807	0.020317288206054357
chr5:150446958	wtdmso	mtcsc	1	2	409	814	0.9951100244498777	1.0
chr5:150447617	wtdmso	mtcsc	6	12	396	810	1.0227272727272727	1.0
chr5:150447679	wtdmso	mtcsc	22	52	331	661	0.844875668138508	0.6088758855453416
chr5:150447697	wtdmso	mtcsc	37	64	352	739	1.2137340198863635	0.37627792695278295
chr5:151028171	wtdmso	mtcsc	2	13	8	15	0.28846153846153844	0.25880681767942126
chr5:151028449	wtdmso	mtcsc	2	5	9	25	1.1111111111111112	1.0
chr5:151028547	wtdmso	mtcsc	2	3	9	29	2.1481481481481484	0.5890704115321245
chr5:151028606	wtdmso	mtcsc	1	8	9	23	0.3194444444444444	0.41005168740576114
chr5:151029970	wtdmso	mtcsc	13	16	9	13	1.1736111111111112	1.0
chr5:151030054	wtdmso	mtcsc	7	9	54	46	0.6625514403292181	0.591146206418802
chr5:151030061	wtdmso	mtcsc	2	3	53	54	0.6792452830188679	1.0
chr5:151030211	wtdmso	mtcsc	7	4	47	42	1.5638297872340425	0.5408780754041775
chr5:151030438	wtdmso	mtcsc	2	2	42	35	0.8333333333333334	1.0
chr5:151030483	wtdmso	mtcsc	2	2	44	45	1.0227272727272727	1.0
chr5:151030493	wtdmso	mtcsc	12	16	31	20	0.4838709677419355	0.15897377099441248
chr5:151030543	wtdmso	mtcsc	28	20	15	10	0.9333333333333333	1.0
chr5:151030560	wtdmso	mtcsc	28	22	16	8	0.6363636363636364	0.4535368702121657
chr5:151032290	wtdmso	mtcsc	2	1	37	43	2.324324324324324	0.5984588761550266
chr5:151033689	wtdmso	mtcsc	11	9	20	17	1.038888888888889	1.0
chr5:151033760	wtdmso	mtcsc	3	1	31	27	2.6129032258064515	0.6198621480877307
chr5:151035022	wtdmso	mtcsc	2	1	30	22	1.4666666666666666	1.0
chr5:151035687	wtdmso	mtcsc	3	1	14	14	3.0	0.6028921023359288
chr5:151268586	wtdmso	mtcsc	3	2	11	10	1.3636363636363635	1.0
chr5:151268813	wtdmso	mtcsc	5	1	22	13	2.9545454545454546	0.644814904763557
chr5:151269123	wtdmso	mtcsc	1	4	26	12	0.11538461538461539	0.05558706749858195
chr5:151742920	wtdmso	mtcsc	7	7	23	44	1.9130434782608696	0.3627915022865177
chr5:151746350	wtdmso	mtcsc	4	2	26	50	3.8461538461538463	0.1847763941774439
chr5:151746385	wtdmso	mtcsc	2	4	30	49	0.8166666666666667	1.0
chr5:171387970	wtdmso	mtcsc	1	1	84	76	0.9047619047619048	1.0
chr5:171387994	wtdmso	mtcsc	13	17	82	81	0.7553802008608321	0.5534418703053057
chr5:171390057	wtdmso	mtcsc	9	16	85	80	0.5294117647058824	0.1978760113317335
chr5:171391785	wtdmso	mtcsc	7	1	116	147	8.870689655172415	0.02500033299878196
chr5:171392758	wtdmso	mtcsc	7	13	193	199	0.5552012754085293	0.2554973133217405
chr5:171392924	wtdmso	mtcsc	1	10	219	207	0.09452054794520548	0.00550390259934538
chr5:171405303	wtdmso	mtcsc	7	8	192	216	0.984375	1.0
chr5:171405321	wtdmso	mtcsc	1	1	228	234	1.0263157894736843	1.0
chr5:171405331	wtdmso	mtcsc	10	1	231	245	10.606060606060606	0.005413776334328749
chr5:171405351	wtdmso	mtcsc	9	15	209	210	0.6028708133971292	0.2954437510642678
chr5:171405368	wtdmso	mtcsc	8	7	243	241	1.133450911228689	1.0
chr5:171407762	wtdmso	mtcsc	22	26	214	197	0.7789360172537743	0.4477989457411734
chr5:171407766	wtdmso	mtcsc	3	8	215	209	0.36453488372093024	0.14042096658377123
chr5:171410661	wtdmso	mtcsc	22	31	224	201	0.6368087557603687	0.14529165035286695
chr5:171410750	wtdmso	mtcsc	46	32	142	132	1.3362676056338028	0.3038951351819258
chr5:171410798	wtdmso	mtcsc	2	4	247	235	0.4757085020242915	0.4414897725501871
chr5:171410820	wtdmso	mtcsc	2	3	232	210	0.603448275862069	0.672669752756107
chr5:171410839	wtdmso	mtcsc	2	4	240	220	0.4583333333333333	0.4340724575242877
chr5:171410863	wtdmso	mtcsc	19	14	191	185	1.3145100972326103	0.47396669897189747
chr5:172768137	wtdmso	mtcsc	2	2	28	10	0.35714285714285715	0.5647279549718575
chr5:172768508	wtdmso	mtcsc	19	4	13	7	2.5576923076923075	0.29466270419191576
chr5:172768565	wtdmso	mtcsc	4	1	10	9	3.6	0.35770750988142297
chr5:172768581	wtdmso	mtcsc	8	1	27	13	3.8518518518518516	0.4145594871483119
chr5:172768592	wtdmso	mtcsc	2	1	31	12	0.7741935483870968	1.0
chr5:172768605	wtdmso	mtcsc	4	2	27	12	0.8888888888888888	1.0
chr5:172926515	wtdmso	mtcsc	5	4	7	6	1.0714285714285714	1.0
chr5:172950754	wtdmso	mtcsc	2	2	11	8	0.7272727272727273	1.0
chr5:172951136	wtdmso	mtcsc	1	1	12	10	0.8333333333333334	1.0
chr5:172951281	wtdmso	mtcsc	1	1	13	13	1.0	1.0
chr5:172951384	wtdmso	mtcsc	5	5	10	7	0.7	0.7063310450038138
chr5:172951417	wtdmso	mtcsc	3	8	15	10	0.25	0.14635309073573813
chr5:172951499	wtdmso	mtcsc	4	6	13	12	0.6153846153846154	0.7111942562443117
chr5:172951569	wtdmso	mtcsc	2	3	15	14	0.6222222222222222	1.0
chr5:172951860	wtdmso	mtcsc	1	3	14	23	0.5476190476190477	1.0
chr5:172951875	wtdmso	mtcsc	5	11	10	18	0.8181818181818182	1.0
chr5:172952544	wtdmso	mtcsc	1	3	50	45	0.3	0.3524026292803907
chr5:172952584	wtdmso	mtcsc	1	2	44	47	0.5340909090909091	1.0
chr5:173020279	wtdmso	mtcsc	6	1	32	46	8.625	0.0415863272691344
chr5:173034459	wtdmso	mtcsc	8	12	39	41	0.7008547008547008	0.6178353981424142
chr5:173034586	wtdmso	mtcsc	36	36	17	17	1.0	1.0
chr5:173034732	wtdmso	mtcsc	15	12	39	46	1.4743589743589745	0.507731413317952
chr5:173034752	wtdmso	mtcsc	10	28	45	31	0.24603174603174602	0.0013344283207426203
chr5:173607924	wtdmso	mtcsc	3	1	7	9	3.857142857142857	0.5820433436532508
chr5:176388955	wtdmso	mtcsc	8	8	26	42	1.6153846153846154	0.4099487740498085
chr5:176389572	wtdmso	mtcsc	16	15	10	31	3.3066666666666666	0.02557481775242624
chr5:176389624	wtdmso	mtcsc	1	3	40	51	0.425	0.6314108957153111
chr5:176389636	wtdmso	mtcsc	11	16	29	38	0.9008620689655172	1.0
chr5:176392694	wtdmso	mtcsc	2	3	17	38	1.4901960784313726	0.6476928000890596
chr5:176397635	wtdmso	mtcsc	5	11	14	25	0.8116883116883117	1.0
chr5:176397666	wtdmso	mtcsc	1	1	18	33	1.8333333333333333	1.0
chr5:176397695	wtdmso	mtcsc	1	2	15	25	0.8333333333333334	1.0
chr5:177303864	wtdmso	mtcsc	7	11	50	60	0.7636363636363637	0.7988071971344239
chr5:177304031	wtdmso	mtcsc	1	2	51	78	0.7647058823529411	1.0
chr5:177304664	wtdmso	mtcsc	7	4	67	88	2.298507462686567	0.22055381777471117
chr5:177304671	wtdmso	mtcsc	1	6	61	77	0.2103825136612022	0.23900446371298206
chr5:177304700	wtdmso	mtcsc	1	7	48	61	0.18154761904761904	0.13643990529488162
chr5:177304706	wtdmso	mtcsc	2	5	53	67	0.5056603773584906	0.6979477588048995
chr5:177304779	wtdmso	mtcsc	5	9	56	75	0.7440476190476191	0.7778642617128486
chr5:177304791	wtdmso	mtcsc	3	1	56	66	3.5357142857142856	0.33966095937457064
chr5:177304811	wtdmso	mtcsc	3	12	58	68	0.29310344827586204	0.09541480943559397
chr5:177304827	wtdmso	mtcsc	10	13	62	73	0.9057071960297767	1.0
chr5:177305901	wtdmso	mtcsc	8	18	66	70	0.4713804713804714	0.13210518524689147
chr5:177305907	wtdmso	mtcsc	1	2	57	69	0.6052631578947368	1.0
chr5:177305921	wtdmso	mtcsc	2	3	48	73	1.0138888888888888	1.0
chr5:177306130	wtdmso	mtcsc	4	12	73	78	0.3561643835616438	0.11211215129123794
chr5:177306136	wtdmso	mtcsc	2	1	81	94	2.3209876543209877	0.5989995412129292
chr5:177306450	wtdmso	mtcsc	7	6	58	77	1.5488505747126438	0.5617210353805603
chr5:177306598	wtdmso	mtcsc	1	2	58	75	0.646551724137931	1.0
chr5:177331794	wtdmso	mtcsc	2	1	8	12	3.0	0.5595708639186899
chr5:177331984	wtdmso	mtcsc	15	11	37	46	1.6953316953316953	0.26799179739381185
chr5:177331997	wtdmso	mtcsc	1	2	43	53	0.6162790697674418	1.0
chr5:177332008	wtdmso	mtcsc	4	4	48	53	1.1041666666666667	1.0
chr5:177332037	wtdmso	mtcsc	21	21	29	33	1.1379310344827587	0.8420757992237577
chr5:177332221	wtdmso	mtcsc	6	9	41	40	0.6504065040650406	0.5766947738983978
chr5:177334325	wtdmso	mtcsc	1	2	44	43	0.48863636363636365	1.0
chr5:177337212	wtdmso	mtcsc	4	9	43	37	0.38242894056847543	0.14568106014750742
chr5:177337230	wtdmso	mtcsc	1	2	39	38	0.48717948717948717	1.0
chr5:177337243	wtdmso	mtcsc	2	6	39	37	0.3162393162393162	0.2658048123962414
chr5:177337423	wtdmso	mtcsc	6	3	30	30	2.0	0.48110617481156104
chr5:177337448	wtdmso	mtcsc	1	1	43	44	1.0232558139534884	1.0
chr5:177337492	wtdmso	mtcsc	5	6	42	40	0.7936507936507936	0.75856512432479
chr5:177337733	wtdmso	mtcsc	3	4	27	27	0.75	1.0
chr5:177337760	wtdmso	mtcsc	5	4	42	44	1.3095238095238095	0.7400705581120247
chr5:177338501	wtdmso	mtcsc	7	5	36	31	1.2055555555555555	1.0
chr5:177338540	wtdmso	mtcsc	3	2	44	41	1.3977272727272727	1.0
chr5:177351179	wtdmso	mtcsc	4	6	41	38	0.6178861788617886	0.5216260808669875
chr5:177351216	wtdmso	mtcsc	2	5	43	34	0.31627906976744186	0.24180766495021971
chr5:177351260	wtdmso	mtcsc	2	5	38	31	0.3263157894736842	0.245696168868077
chr5:177351491	wtdmso	mtcsc	6	4	39	40	1.5384615384615385	0.7390687713819932
chr5:177351508	wtdmso	mtcsc	7	6	38	35	1.0745614035087718	1.0
chr5:177351520	wtdmso	mtcsc	10	7	33	31	1.341991341991342	0.7853002313161033
chr5:177483921	wtdmso	mtcsc	5	3	31	36	1.935483870967742	0.46915585232658613
chr5:177483942	wtdmso	mtcsc	3	1	34	37	3.264705882352941	0.3579908675799086
chr5:177484113	wtdmso	mtcsc	3	3	31	33	1.064516129032258	1.0
chr5:177489551	wtdmso	mtcsc	1	1	25	27	1.08	1.0
chr5:177489818	wtdmso	mtcsc	1	3	31	35	0.3763440860215054	0.6197078182343669
chr5:177491063	wtdmso	mtcsc	4	8	24	31	0.6458333333333334	0.747932633487701
chr5:177491083	wtdmso	mtcsc	7	9	15	23	1.1925925925925926	0.7718194272305237
chr5:177491827	wtdmso	mtcsc	1	2	27	35	0.6481481481481481	1.0
chr5:177491905	wtdmso	mtcsc	2	1	10	27	5.4	0.20931174089068827
chr5:177496444	wtdmso	mtcsc	1	1	11	25	2.272727272727273	0.5376955903271694
chr5:177592259	wtdmso	mtcsc	8	8	74	62	0.8378378378378378	0.7949047781456371
chr5:177592283	wtdmso	mtcsc	2	1	76	64	1.6842105263157894	1.0
chr5:177592385	wtdmso	mtcsc	5	1	77	70	4.545454545454546	0.2168377473867143
chr5:177592598	wtdmso	mtcsc	5	1	60	63	5.25	0.20776414576084967
chr5:177592661	wtdmso	mtcsc	3	2	86	71	1.2383720930232558	1.0
chr5:177592670	wtdmso	mtcsc	2	5	68	61	0.3588235294117647	0.2643063975688718
chr5:177594151	wtdmso	mtcsc	3	1	89	74	2.49438202247191	0.6283611549641348
chr5:177594167	wtdmso	mtcsc	41	35	59	54	1.0721549636803873	0.8821732822197074
chr5:177594178	wtdmso	mtcsc	2	1	95	81	1.7052631578947368	1.0
chr5:177594245	wtdmso	mtcsc	4	5	102	84	0.6588235294117647	0.734365964137214
chr5:177594274	wtdmso	mtcsc	7	5	108	84	1.0888888888888888	1.0
chr5:177595338	wtdmso	mtcsc	2	1	110	80	1.4545454545454546	1.0
chr5:177595462	wtdmso	mtcsc	27	17	92	73	1.260230179028133	0.6077569179474612
chr5:177595472	wtdmso	mtcsc	46	28	75	59	1.2923809523809524	0.4631415653103583
chr5:177595476	wtdmso	mtcsc	33	18	89	73	1.50374531835206	0.2571511248518403
chr5:177595494	wtdmso	mtcsc	60	54	43	19	0.4909560723514212	0.037627249329700845
chr5:177595778	wtdmso	mtcsc	6	3	100	71	1.42	0.7386102516471402
chr5:177595838	wtdmso	mtcsc	4	8	113	78	0.34513274336283184	0.12920779129201743
chr5:177595865	wtdmso	mtcsc	2	2	94	59	0.6276595744680851	0.6422036972684187
chr5:177595941	wtdmso	mtcsc	3	2	127	88	1.0393700787401574	1.0
chr5:177595984	wtdmso	mtcsc	15	8	111	88	1.4864864864864864	0.5060142198919315
chr5:177595990	wtdmso	mtcsc	1	2	95	65	0.34210526315789475	0.5688162345937752
chr5:178149515	wtdmso	mtcsc	5	12	49	47	0.39965986394557823	0.11946343296274503
chr5:178149836	wtdmso	mtcsc	4	1	37	39	4.216216216216216	0.359274886701047
chr5:178150924	wtdmso	mtcsc	4	2	45	49	2.1777777777777776	0.43160032226771233
chr5:178150972	wtdmso	mtcsc	3	1	45	47	3.1333333333333333	0.6169779286926996
chr5:178153722	wtdmso	mtcsc	5	6	40	40	0.8333333333333334	1.0
chr5:178207173	wtdmso	mtcsc	1	1	12	16	1.3333333333333333	1.0
chr5:178209414	wtdmso	mtcsc	5	1	21	17	4.0476190476190474	0.3754189656061465
chr5:178210680	wtdmso	mtcsc	10	16	16	20	0.78125	0.794924808365288
chr5:178210924	wtdmso	mtcsc	1	1	20	35	1.75	1.0
chr5:179729207	wtdmso	mtcsc	8	2	31	10	1.2903225806451613	1.0
chr5:179729817	wtdmso	mtcsc	2	1	51	13	0.5098039215686274	0.5109905020352782
chr5:179729828	wtdmso	mtcsc	3	1	38	12	0.9473684210526315	1.0
chr5:179730385	wtdmso	mtcsc	5	2	64	31	1.2109375	1.0
chr5:179730761	wtdmso	mtcsc	3	4	46	10	0.16304347826086957	0.037860953233141835
chr5:179797632	wtdmso	mtcsc	28	10	36	46	3.577777777777778	0.0030422150689773187
chr5:179797730	wtdmso	mtcsc	29	24	39	36	1.1153846153846154	0.8576542749070291
chr5:179797807	wtdmso	mtcsc	39	20	27	34	2.4555555555555557	0.01818728918292409
chr5:179798192	wtdmso	mtcsc	3	2	42	41	1.4642857142857142	1.0
chr5:179798552	wtdmso	mtcsc	5	2	43	39	2.2674418604651163	0.44475477551820464
chr5:179798570	wtdmso	mtcsc	7	4	47	44	1.6382978723404256	0.533923661237504
chr5:179798969	wtdmso	mtcsc	5	2	49	45	2.295918367346939	0.44462847426127006
chr5:179799002	wtdmso	mtcsc	6	1	41	42	6.146341463414634	0.11287942671697258
chr5:179799077	wtdmso	mtcsc	5	6	47	43	0.7624113475177305	0.7557486587228377
chr5:179799113	wtdmso	mtcsc	4	2	48	42	1.75	0.6842749199398783
chr5:179799119	wtdmso	mtcsc	5	3	45	36	1.3333333333333333	1.0
chr5:179799299	wtdmso	mtcsc	10	4	39	36	2.3076923076923075	0.24537146115456682
chr5:179799572	wtdmso	mtcsc	2	4	30	30	0.5	0.6733321323485257
chr5:179799614	wtdmso	mtcsc	4	3	36	34	1.2592592592592593	1.0
chr5:179799991	wtdmso	mtcsc	4	7	36	32	0.5079365079365079	0.34820626930285203
chr5:179800018	wtdmso	mtcsc	5	2	42	43	2.5595238095238093	0.43531502399189337
chr5:179800241	wtdmso	mtcsc	1	4	45	36	0.2	0.17896536933493537
chr5:179800251	wtdmso	mtcsc	7	5	35	32	1.28	0.761855037918193
chr5:179800531	wtdmso	mtcsc	4	4	33	24	0.7272727272727273	0.7170813113641443
chr5:179800918	wtdmso	mtcsc	9	4	30	33	2.475	0.22478300371240623
chr5:179800948	wtdmso	mtcsc	10	10	29	23	0.7931034482758621	0.792851091795193
chr5:179800952	wtdmso	mtcsc	1	2	36	30	0.4166666666666667	0.5932358667022941
chr5:179801361	wtdmso	mtcsc	1	2	39	35	0.44871794871794873	0.6054682159945319
chr5:179801413	wtdmso	mtcsc	13	10	25	23	1.196	0.8022722212562693
chr5:179801690	wtdmso	mtcsc	2	3	36	34	0.6296296296296297	0.6744742427165733
chr5:179821061	wtdmso	mtcsc	2	5	33	79	0.9575757575757575	1.0
chr5:179823001	wtdmso	mtcsc	1	1	52	87	1.6730769230769231	1.0
chr5:179823967	wtdmso	mtcsc	5	9	48	83	0.9606481481481481	1.0
chr5:179824216	wtdmso	mtcsc	5	14	41	88	0.7665505226480837	0.79261742001413
chr5:179824222	wtdmso	mtcsc	2	1	53	88	3.3207547169811322	0.5580534488985194
chr5:179824263	wtdmso	mtcsc	9	12	50	88	1.32	0.6300745763159428
chr5:179833081	wtdmso	mtcsc	8	13	71	114	0.9880823401950163	1.0
chr5:179833151	wtdmso	mtcsc	8	9	69	125	1.6103059581320451	0.43172846561571443
chr5:179833588	wtdmso	mtcsc	2	2	88	135	1.5340909090909092	0.6497880895760123
chr5:179833605	wtdmso	mtcsc	4	3	96	152	2.111111111111111	0.43775664820085936
chr5:179833626	wtdmso	mtcsc	2	14	98	134	0.19533527696793002	0.018679634057680305
chr5:179833631	wtdmso	mtcsc	10	6	92	142	2.572463768115942	0.11193208430485733
chr5:179833656	wtdmso	mtcsc	3	3	79	122	1.5443037974683544	0.6831032618803528
chr5:179833672	wtdmso	mtcsc	44	70	51	79	0.9736694677871148	1.0
chr5:179833719	wtdmso	mtcsc	3	3	91	136	1.4945054945054945	0.6874630481287344
chr5:179833735	wtdmso	mtcsc	17	22	86	136	1.221987315010571	0.5969098263994124
chr5:179836441	wtdmso	mtcsc	9	11	92	122	1.0849802371541502	1.0
chr5:179836531	wtdmso	mtcsc	11	14	87	143	1.2914614121510672	0.6656818150523659
chr5:179836537	wtdmso	mtcsc	5	12	94	141	0.625	0.45043445204529775
chr5:179836555	wtdmso	mtcsc	7	4	83	142	2.9939759036144578	0.1095643600157364
chr5:179836592	wtdmso	mtcsc	8	7	88	156	2.0259740259740258	0.26960341090944306
chr5:179836749	wtdmso	mtcsc	10	19	90	148	0.8654970760233918	0.8400126202238005
chr5:179836940	wtdmso	mtcsc	7	10	101	168	1.1643564356435643	0.7996231604287465
chr5:179836955	wtdmso	mtcsc	1	2	105	162	0.7714285714285715	1.0
chr5:179836983	wtdmso	mtcsc	1	2	107	167	0.780373831775701	1.0
chr5:179837072	wtdmso	mtcsc	44	64	64	113	1.2138671875	0.45259920503741735
chr5:179862846	wtdmso	mtcsc	1	6	11	25	0.3787878787878788	0.6519958314447374
chr5:179862935	wtdmso	mtcsc	3	1	9	27	9.0	0.07281978334609915
chr5:179862943	wtdmso	mtcsc	6	11	6	16	1.4545454545454546	0.7301506178035653
chr5:179862951	wtdmso	mtcsc	6	8	4	20	3.75	0.12692225642545402
chr5:179862978	wtdmso	mtcsc	4	2	6	25	8.333333333333334	0.03472322589969649
chr5:179955630	wtdmso	mtcsc	2	4	9	9	0.5	0.6493952271984309
chr5:179966880	wtdmso	mtcsc	4	5	6	9	1.2	1.0
chr5:179966955	wtdmso	mtcsc	1	2	9	12	0.6666666666666666	1.0
chr5:1801451	wtdmso	mtcsc	4	4	8	14	1.75	0.6779456425633337
chr5:180790613	wtdmso	mtcsc	4	5	16	32	1.6	0.7054115695625129
chr5:180790640	wtdmso	mtcsc	7	12	20	32	0.9333333333333333	1.0
chr5:180790737	wtdmso	mtcsc	1	1	26	42	1.6153846153846154	1.0
chr5:180790789	wtdmso	mtcsc	1	1	23	39	1.6956521739130435	1.0
chr5:180790830	wtdmso	mtcsc	1	1	23	39	1.6956521739130435	1.0
chr5:180790897	wtdmso	mtcsc	2	4	22	37	0.8409090909090909	1.0
chr5:180790908	wtdmso	mtcsc	8	7	18	36	2.2857142857142856	0.22852298144023536
chr5:181236941	wtdmso	mtcsc	8	11	111	157	1.0286650286650287	1.0
chr5:181236993	wtdmso	mtcsc	44	68	853	995	0.7547755327218812	0.17182224135387286
chr5:181237019	wtdmso	mtcsc	20	19	677	843	1.3107362201663686	0.41898908805948204
chr5:181237041	wtdmso	mtcsc	10	10	798	952	1.1929824561403508	0.8222451795844584
chr5:181237650	wtdmso	mtcsc	24	29	910	1080	0.9821902235695339	1.0
chr5:181237689	wtdmso	mtcsc	411	519	469	527	0.8898406399053452	0.21654284107712157
chr5:181238174	wtdmso	mtcsc	7	6	779	932	1.3958065896448437	0.5864554708558491
chr5:181238200	wtdmso	mtcsc	17	22	791	961	0.9388001379151821	0.8723803188185553
chr5:181239107	wtdmso	mtcsc	222	276	617	723	0.9425340004228032	0.5984235593733896
chr5:181239115	wtdmso	mtcsc	164	198	635	770	1.0043744531933507	1.0
chr5:181239160	wtdmso	mtcsc	87	124	735	883	0.8428900592495062	0.26993685733187267
chr5:181239169	wtdmso	mtcsc	84	106	709	868	0.9701679218670995	0.8774416416833871
chr5:181239499	wtdmso	mtcsc	16	15	662	840	1.353474320241692	0.46628685184260743
chr5:181241538	wtdmso	mtcsc	7	4	706	871	2.1589943342776206	0.23661288187623575
chr5:181241573	wtdmso	mtcsc	20	25	651	775	0.9523809523809523	1.0
chr5:181242198	wtdmso	mtcsc	32	36	642	789	1.0924195223260644	0.8031780175874097
chr5:181242306	wtdmso	mtcsc	11	9	661	811	1.4995797613044208	0.3765820754056468
chr5:181242318	wtdmso	mtcsc	35	49	624	757	0.8665293040293041	0.5731037634637166
chr5:181242322	wtdmso	mtcsc	24	41	557	663	0.6967640232955292	0.2008622050506011
chr5:181242339	wtdmso	mtcsc	6	8	559	694	0.9311270125223614	1.0
chr5:181243714	wtdmso	mtcsc	12	14	581	708	1.044504548807475	1.0
chr5:181243784	wtdmso	mtcsc	14	22	649	798	0.7824625297660737	0.5027267863845324
chr5:181243796	wtdmso	mtcsc	36	44	557	677	0.9944507915782601	1.0
chr5:40832553	wtdmso	mtcsc	9	27	359	681	0.6323119777158774	0.2854582721646477
chr5:40834223	wtdmso	mtcsc	72	129	286	580	1.131891364449504	0.4563647906171103
chr5:40834261	wtdmso	mtcsc	23	44	338	658	1.017616998386229	1.0
chr5:60945373	wtdmso	mtcsc	3	8	17	14	0.3088235294117647	0.16579860482299505
chr5:73499152	wtdmso	mtcsc	22	20	143	132	1.0153846153846153	1.0
chr5:73499162	wtdmso	mtcsc	2	1	163	151	1.852760736196319	1.0
chr5:73499171	wtdmso	mtcsc	1	3	159	151	0.3165618448637317	0.36323298678921984
chr5:73502490	wtdmso	mtcsc	21	11	149	150	1.9219035997559488	0.09712889870785812
chr5:73502523	wtdmso	mtcsc	38	28	121	122	1.3683589138134593	0.2705233243269958
chr5:73502539	wtdmso	mtcsc	4	5	140	145	0.8285714285714286	1.0
chr5:73502939	wtdmso	mtcsc	11	21	147	138	0.49173955296404276	0.09216502268554402
chr5:73502988	wtdmso	mtcsc	81	80	94	87	0.9371010638297872	0.8285166768380818
chr5:73503054	wtdmso	mtcsc	3	2	183	170	1.3934426229508197	1.0
chr5:73503077	wtdmso	mtcsc	10	12	163	145	0.7413087934560327	0.5164185121983653
chr5:73503091	wtdmso	mtcsc	3	2	176	164	1.3977272727272727	1.0
chr5:73505233	wtdmso	mtcsc	4	1	156	155	3.9743589743589745	0.37121556661712224
chr5:73505262	wtdmso	mtcsc	3	2	176	170	1.4488636363636365	1.0
chr5:73505301	wtdmso	mtcsc	43	31	109	106	1.3489197987570287	0.2834496221958669
chr5:73505378	wtdmso	mtcsc	24	24	157	140	0.89171974522293	0.7567214241898477
chr5:74769306	wtdmso	mtcsc	1	1	9	12	1.3333333333333333	1.0
chr5:74770699	wtdmso	mtcsc	4	5	8	8	0.8	1.0
chr5:74773905	wtdmso	mtcsc	6	7	7	7	0.8571428571428571	1.0
chr5:74774035	wtdmso	mtcsc	5	3	6	7	1.9444444444444444	0.6594427244582044
chr5:77691349	wtdmso	mtcsc	1	2	16	21	0.65625	1.0
chr5:82276092	wtdmso	mtcsc	22	22	660	796	1.206060606060606	0.5433993884837512
chr5:82276120	wtdmso	mtcsc	5	5	738	922	1.2493224932249323	0.7586434571754261
chr5:82276407	wtdmso	mtcsc	162	181	595	759	1.1417243140350062	0.27457802296813494
chr5:82276502	wtdmso	mtcsc	11	17	738	894	0.7838354854136776	0.5710292879695092
chr5:82277781	wtdmso	mtcsc	2	5	732	874	0.47759562841530057	0.4653134809039401
chr5:82277800	wtdmso	mtcsc	16	9	576	692	2.1358024691358026	0.07068780291360875
chr5:82277838	wtdmso	mtcsc	11	8	707	845	1.6433875530410185	0.3556429188735204
chr5:86617965	wtdmso	mtcsc	4	6	201	292	0.9684908789386402	1.0
chr5:86619447	wtdmso	mtcsc	4	5	182	282	1.2395604395604396	0.7431189279112537
chr5:86620712	wtdmso	mtcsc	1	2	214	311	0.7266355140186916	1.0
chr5:86620718	wtdmso	mtcsc	68	78	141	220	1.360247317694126	0.1351480497476923
chr5:86620752	wtdmso	mtcsc	4	2	122	201	3.2950819672131146	0.2079939442938793
chr6:10724598	wtdmso	mtcsc	3	4	14	21	1.125	1.0
chr6:10724620	wtdmso	mtcsc	7	5	22	29	1.8454545454545455	0.5211734032928157
chr6:10730656	wtdmso	mtcsc	1	1	27	38	1.4074074074074074	1.0
chr6:10730767	wtdmso	mtcsc	4	1	26	28	4.3076923076923075	0.35325602140945583
chr6:10730795	wtdmso	mtcsc	1	1	29	30	1.0344827586206897	1.0
chr6:10731002	wtdmso	mtcsc	1	2	28	27	0.48214285714285715	1.0
chr6:10731068	wtdmso	mtcsc	1	1	27	33	1.2222222222222223	1.0
chr6:10731072	wtdmso	mtcsc	5	6	25	33	1.1	1.0
chr6:108211859	wtdmso	mtcsc	1	2	41	44	0.5365853658536586	1.0
chr6:108211994	wtdmso	mtcsc	3	5	29	25	0.5172413793103449	0.46672055368915605
chr6:108212120	wtdmso	mtcsc	4	2	26	24	1.8461538461538463	0.6748842475812509
chr6:108214545	wtdmso	mtcsc	1	2	32	26	0.40625	0.589219227563212
chr6:108222989	wtdmso	mtcsc	3	3	37	31	0.8378378378378378	1.0
chr6:108260871	wtdmso	mtcsc	5	3	28	21	1.25	1.0
chr6:132815026	wtdmso	mtcsc	2	7	177	456	0.7360774818401937	1.0
chr6:132815084	wtdmso	mtcsc	1	3	173	438	0.8439306358381503	1.0
chr6:132816541	wtdmso	mtcsc	22	68	190	418	0.711764705882353	0.21981535153533738
chr6:132816966	wtdmso	mtcsc	2	2	207	476	2.2995169082125604	0.5891039372431469
chr6:132816976	wtdmso	mtcsc	5	7	212	492	1.6576819407008085	0.3631227485716858
chr6:132817008	wtdmso	mtcsc	4	10	176	417	0.9477272727272728	1.0
chr6:132817480	wtdmso	mtcsc	15	34	201	475	1.0425812115891133	0.8727556674069477
chr6:138090991	wtdmso	mtcsc	1	1	103	91	0.883495145631068	1.0
chr6:138091132	wtdmso	mtcsc	4	9	100	96	0.4266666666666667	0.25148150983231765
chr6:138091224	wtdmso	mtcsc	4	5	79	69	0.6987341772151898	0.7357932865653762
chr6:138091244	wtdmso	mtcsc	11	6	48	35	1.3368055555555556	0.7875977910619782
chr6:138091261	wtdmso	mtcsc	2	1	79	80	2.0253164556962027	1.0
chr6:138091271	wtdmso	mtcsc	4	1	78	74	3.7948717948717947	0.3694563090494876
chr6:138091455	wtdmso	mtcsc	1	1	69	66	0.9565217391304348	1.0
chr6:138091555	wtdmso	mtcsc	15	17	48	34	0.625	0.2984210900064148
chr6:138091607	wtdmso	mtcsc	1	3	64	60	0.3125	0.361259842519685
chr6:138091663	wtdmso	mtcsc	4	7	40	37	0.5285714285714286	0.5209532624153236
chr6:138091960	wtdmso	mtcsc	3	7	60	63	0.45	0.33179980422714206
chr6:138091983	wtdmso	mtcsc	7	8	52	57	0.9591346153846154	1.0
chr6:138091998	wtdmso	mtcsc	25	32	26	26	0.78125	0.5675939525666651
chr6:138092041	wtdmso	mtcsc	3	2	58	71	1.8362068965517242	0.6590821254565613
chr6:138092087	wtdmso	mtcsc	1	2	57	71	0.6228070175438597	1.0
chr6:138092174	wtdmso	mtcsc	8	10	53	62	0.9358490566037736	1.0
chr6:138092217	wtdmso	mtcsc	1	4	55	68	0.3090909090909091	0.3850393700787402
chr6:138096405	wtdmso	mtcsc	2	3	52	54	0.6923076923076923	1.0
chr6:138406073	wtdmso	mtcsc	5	3	7	7	1.6666666666666667	0.6749226006191952
chr6:138413056	wtdmso	mtcsc	10	6	4	4	1.6666666666666667	0.6733521783999641
chr6:146544052	wtdmso	mtcsc	1	4	9	9	0.25	0.33935629587803495
chr6:146544112	wtdmso	mtcsc	1	1	9	12	1.3333333333333333	1.0
chr6:146549661	wtdmso	mtcsc	1	1	9	11	1.2222222222222223	1.0
chr6:146554569	wtdmso	mtcsc	2	1	21	11	1.0476190476190477	1.0
chr6:146554753	wtdmso	mtcsc	10	8	12	14	1.4583333333333333	0.7596704429215754
chr6:146554788	wtdmso	mtcsc	1	4	23	19	0.20652173913043478	0.18819066468744847
chr6:149793603	wtdmso	mtcsc	1	1	22	12	0.5454545454545454	1.0
chr6:158636751	wtdmso	mtcsc	3	5	7	8	0.6857142857142857	1.0
chr6:158636838	wtdmso	mtcsc	3	4	7	6	0.6428571428571429	1.0
chr6:159779704	wtdmso	mtcsc	1	5	14	12	0.17142857142857143	0.17794462983561984
chr6:159779910	wtdmso	mtcsc	1	2	15	10	0.3333333333333333	0.5604395604395604
chr6:170535164	wtdmso	mtcsc	15	24	21	26	0.7738095238095238	0.6619283401185374
chr6:170535223	wtdmso	mtcsc	10	18	28	29	0.5753968253968254	0.2579343918156335
chr6:170535242	wtdmso	mtcsc	5	5	34	49	1.4411764705882353	0.7370714873749625
chr6:170535266	wtdmso	mtcsc	1	2	37	49	0.6621621621621622	1.0
chr6:170535355	wtdmso	mtcsc	1	2	32	46	0.71875	1.0
chr6:170535391	wtdmso	mtcsc	4	5	35	49	1.12	1.0
chr6:170543613	wtdmso	mtcsc	2	1	32	48	3.0	0.564828419368531
chr6:170543699	wtdmso	mtcsc	1	2	29	41	0.7068965517241379	1.0
chr6:170546142	wtdmso	mtcsc	4	3	29	42	1.9310344827586208	0.44812282750278415
chr6:170553188	wtdmso	mtcsc	3	5	31	45	0.8709677419354839	1.0
chr6:170553201	wtdmso	mtcsc	1	6	34	45	0.22058823529411764	0.2325462434600063
chr6:2833597	wtdmso	mtcsc	9	19	4	10	1.1842105263157894	1.0
chr6:2833916	wtdmso	mtcsc	1	5	12	29	0.48333333333333334	1.0
chr6:2833972	wtdmso	mtcsc	4	6	7	20	1.9047619047619047	0.441730401988532
chr6:29942574	wtdmso	mtcsc	3	6	17	7	0.20588235294117646	0.10667913843664678
chr6:29942610	wtdmso	mtcsc	1	2	20	24	0.6	1.0
chr6:29942936	wtdmso	mtcsc	1	1	25	33	1.32	1.0
chr6:29942971	wtdmso	mtcsc	1	2	25	30	0.6	1.0
chr6:29942992	wtdmso	mtcsc	7	4	28	33	2.0625	0.33781874343952206
chr6:29943381	wtdmso	mtcsc	6	4	32	30	1.40625	0.7395276666739317
chr6:29944121	wtdmso	mtcsc	1	2	38	36	0.47368421052631576	0.6150649350649351
chr6:29944141	wtdmso	mtcsc	3	4	46	38	0.6195652173913043	0.6994885806749416
chr6:29944160	wtdmso	mtcsc	2	2	46	41	0.8913043478260869	1.0
chr6:29944219	wtdmso	mtcsc	7	4	47	42	1.5638297872340425	0.5408780754041775
chr6:29944241	wtdmso	mtcsc	5	4	52	40	0.9615384615384616	1.0
chr6:29944253	wtdmso	mtcsc	10	7	46	38	1.1801242236024845	0.7957697458141586
chr6:29944291	wtdmso	mtcsc	6	3	48	41	1.7083333333333333	0.508939158910555
chr6:29945239	wtdmso	mtcsc	7	6	60	47	0.9138888888888889	1.0
chr6:29945474	wtdmso	mtcsc	24	13	47	39	1.5319148936170213	0.3252237895983161
chr6:29945512	wtdmso	mtcsc	10	3	66	50	2.525252525252525	0.23666421320873904
chr6:29945521	wtdmso	mtcsc	3	1	69	49	2.130434782608696	0.6435203264343266
chr6:29945527	wtdmso	mtcsc	12	10	62	44	0.8516129032258064	0.814045790088352
chr6:29945595	wtdmso	mtcsc	2	1	75	52	1.3866666666666667	1.0
chr6:29945638	wtdmso	mtcsc	4	6	59	35	0.3954802259887006	0.18693165405968723
chr6:29945733	wtdmso	mtcsc	14	5	57	43	2.112280701754386	0.20914269628723742
chr6:29945760	wtdmso	mtcsc	8	8	57	35	0.6140350877192983	0.413935527619399
chr6:30491234	wtdmso	mtcsc	1	1	9	10	1.1111111111111112	1.0
chr6:30493006	wtdmso	mtcsc	1	2	11	8	0.36363636363636365	0.5714285714285713
chr6:30722559	wtdmso	mtcsc	2	8	13	46	0.8846153846153846	1.0
chr6:30722612	wtdmso	mtcsc	1	1	11	42	3.8181818181818183	0.3919191919191919
chr6:30722957	wtdmso	mtcsc	1	4	16	50	0.78125	1.0
chr6:30722971	wtdmso	mtcsc	2	3	12	47	2.611111111111111	0.2992390857277161
chr6:30723444	wtdmso	mtcsc	1	12	20	51	0.2125	0.16945938004593192
chr6:30723467	wtdmso	mtcsc	1	2	18	61	1.6944444444444444	0.5515921409214092
chr6:30723591	wtdmso	mtcsc	2	1	30	56	3.7333333333333334	0.2926279454756789
chr6:30723738	wtdmso	mtcsc	7	17	30	44	0.6039215686274509	0.34552418851866096
chr6:30723925	wtdmso	mtcsc	12	19	28	42	0.9473684210526315	1.0
chr6:30723954	wtdmso	mtcsc	3	6	38	64	0.8421052631578947	1.0
chr6:30723972	wtdmso	mtcsc	2	1	46	77	3.347826086956522	0.5571612903225805
chr6:30724071	wtdmso	mtcsc	2	6	43	65	0.5038759689922481	0.4813138383308394
chr6:30724125	wtdmso	mtcsc	7	10	41	61	1.0414634146341464	1.0
chr6:30724631	wtdmso	mtcsc	2	3	18	28	1.037037037037037	1.0
chr6:30724725	wtdmso	mtcsc	1	2	22	35	0.7954545454545454	1.0
chr6:30725170	wtdmso	mtcsc	14	13	30	33	1.1846153846153846	0.8190449198059924
chr6:30725179	wtdmso	mtcsc	5	6	45	41	0.7592592592592593	0.7549437401301351
chr6:30725239	wtdmso	mtcsc	2	5	50	41	0.328	0.2478237070362722
chr6:30725350	wtdmso	mtcsc	15	9	31	33	1.7741935483870968	0.33816583956899854
chr6:30743226	wtdmso	mtcsc	23	25	20	25	1.15	0.835843141135769
chr6:30743358	wtdmso	mtcsc	7	2	41	49	4.182926829268292	0.0857326735015636
chr6:30743368	wtdmso	mtcsc	5	1	44	55	6.25	0.0952175212249512
chr6:30743412	wtdmso	mtcsc	14	11	36	44	1.5555555555555556	0.36689476572360497
chr6:30743478	wtdmso	mtcsc	3	5	47	54	0.6893617021276596	0.7241035093576229
chr6:30743510	wtdmso	mtcsc	12	19	37	36	0.6145092460881935	0.29002828614255705
chr6:30743519	wtdmso	mtcsc	10	11	33	44	1.2121212121212122	0.8053261565792309
chr6:30743534	wtdmso	mtcsc	24	28	22	20	0.7792207792207793	0.6784558010299575
chr6:30743606	wtdmso	mtcsc	1	2	46	58	0.6304347826086957	1.0
chr6:30743764	wtdmso	mtcsc	5	6	39	50	1.0683760683760684	1.0
chr6:30743780	wtdmso	mtcsc	6	14	35	36	0.44081632653061226	0.13780989635153457
chr6:30743818	wtdmso	mtcsc	11	9	31	47	1.853046594982079	0.3112033999451717
chr6:30743825	wtdmso	mtcsc	18	25	23	29	0.9078260869565218	0.8381116361934327
chr6:30743843	wtdmso	mtcsc	10	19	8	6	0.39473684210526316	0.1977085405168036
chr6:30743897	wtdmso	mtcsc	1	1	44	51	1.1590909090909092	1.0
chr6:30743929	wtdmso	mtcsc	21	25	24	26	0.91	0.8404924138742251
chr6:30743935	wtdmso	mtcsc	8	7	41	50	1.3937282229965158	0.5870361095666392
chr6:30743975	wtdmso	mtcsc	3	6	26	40	0.7692307692307693	1.0
chr6:30743987	wtdmso	mtcsc	7	6	38	40	1.2280701754385965	0.7726148253152303
chr6:30744003	wtdmso	mtcsc	7	8	39	44	0.9871794871794872	1.0
chr6:30744164	wtdmso	mtcsc	25	22	22	36	1.859504132231405	0.16688142807003306
chr6:30744440	wtdmso	mtcsc	4	6	19	39	1.368421052631579	0.7235884849614631
chr6:30744484	wtdmso	mtcsc	1	2	26	47	0.9038461538461539	1.0
chr6:30897422	wtdmso	mtcsc	3	2	10	10	1.5	1.0
chr6:30897485	wtdmso	mtcsc	1	1	13	12	0.9230769230769231	1.0
chr6:30898167	wtdmso	mtcsc	1	4	14	21	0.375	0.6329831856147646
chr6:30898224	wtdmso	mtcsc	1	3	15	23	0.5111111111111111	1.0
chr6:30899348	wtdmso	mtcsc	6	2	21	30	4.285714285714286	0.12575332747279325
chr6:30899364	wtdmso	mtcsc	11	12	16	19	1.0885416666666667	1.0
chr6:30899426	wtdmso	mtcsc	6	8	22	27	0.9204545454545454	1.0
chr6:30899481	wtdmso	mtcsc	1	3	12	9	0.25	0.3217391304347825
chr6:30899616	wtdmso	mtcsc	3	3	21	32	1.5238095238095237	0.6792683051872813
chr6:30899656	wtdmso	mtcsc	4	7	27	32	0.6772486772486772	0.7438097068116296
chr6:30899718	wtdmso	mtcsc	3	5	27	32	0.7111111111111111	0.7224987899934822
chr6:30899751	wtdmso	mtcsc	5	2	30	42	3.5	0.23135212092345686
chr6:30899834	wtdmso	mtcsc	3	2	28	35	1.875	0.6533954686665397
chr6:30899841	wtdmso	mtcsc	4	2	30	38	2.533333333333333	0.4040958617039282
chr6:30899907	wtdmso	mtcsc	16	13	18	28	1.9145299145299146	0.23458611953783376
chr6:30899992	wtdmso	mtcsc	1	2	25	31	0.62	1.0
chr6:31268758	wtdmso	mtcsc	3	2	25	13	0.78	1.0
chr6:31268862	wtdmso	mtcsc	9	12	69	62	0.6739130434782609	0.483521429307466
chr6:31268984	wtdmso	mtcsc	4	6	70	54	0.5142857142857142	0.34210819889891986
chr6:31269002	wtdmso	mtcsc	8	4	75	70	1.8666666666666667	0.37866535808385804
chr6:31269027	wtdmso	mtcsc	4	5	80	73	0.73	0.7392734781661174
chr6:31269112	wtdmso	mtcsc	3	4	70	58	0.6214285714285714	0.7026389598441094
chr6:31269149	wtdmso	mtcsc	5	7	77	60	0.5565862708719852	0.3760258816449138
chr6:31269166	wtdmso	mtcsc	1	1	60	50	0.8333333333333334	1.0
chr6:31270314	wtdmso	mtcsc	11	4	48	44	2.5208333333333335	0.165392777785135
chr6:31270352	wtdmso	mtcsc	5	14	59	34	0.20581113801452786	0.004427489625581674
chr6:31270386	wtdmso	mtcsc	4	2	56	47	1.6785714285714286	0.6886607378422327
chr6:31270445	wtdmso	mtcsc	1	1	54	38	0.7037037037037037	1.0
chr6:31270464	wtdmso	mtcsc	3	6	50	35	0.35	0.17157247599289502
chr6:31270483	wtdmso	mtcsc	7	4	44	37	1.4715909090909092	0.7489173691965632
chr6:31271209	wtdmso	mtcsc	2	1	43	38	1.7674418604651163	1.0
chr6:31271219	wtdmso	mtcsc	4	1	38	32	3.3684210526315788	0.3766259410095027
chr6:31271233	wtdmso	mtcsc	5	5	39	29	0.7435897435897436	0.739834346108069
chr6:31271630	wtdmso	mtcsc	2	5	42	32	0.3047619047619048	0.2371005654350091
chr6:31271648	wtdmso	mtcsc	1	2	38	34	0.4473684210526316	0.6049463161791928
chr6:31354106	wtdmso	mtcsc	4	3	57	10	0.23391812865497075	0.09860360433710848
chr6:31354124	wtdmso	mtcsc	5	2	51	11	0.5392156862745098	0.608776768332252
chr6:31354149	wtdmso	mtcsc	5	1	56	11	0.9821428571428571	1.0
chr6:31354234	wtdmso	mtcsc	6	1	54	11	1.2222222222222223	1.0
chr6:31354271	wtdmso	mtcsc	15	3	35	7	1.0	1.0
chr6:31635985	wtdmso	mtcsc	3	2	8	14	2.625	0.3704942400594574
chr6:31636026	wtdmso	mtcsc	3	4	7	8	0.8571428571428571	1.0
chr6:31637055	wtdmso	mtcsc	5	3	19	14	1.2280701754385965	1.0
chr6:31637082	wtdmso	mtcsc	1	3	24	17	0.2361111111111111	0.30870163428302966
chr6:31637103	wtdmso	mtcsc	2	1	23	14	1.2173913043478262	1.0
chr6:31637119	wtdmso	mtcsc	1	4	26	12	0.11538461538461539	0.05558706749858195
chr6:31639097	wtdmso	mtcsc	3	7	9	19	0.9047619047619048	1.0
chr6:31639539	wtdmso	mtcsc	1	2	10	28	1.4	1.0
chr6:31640280	wtdmso	mtcsc	1	2	15	28	0.9333333333333333	1.0
chr6:31640408	wtdmso	mtcsc	1	3	25	29	0.38666666666666666	0.6200532679661537
chr6:31640435	wtdmso	mtcsc	4	10	10	23	0.92	1.0
chr6:31640500	wtdmso	mtcsc	4	2	20	29	2.9	0.3866016090211428
chr6:31667889	wtdmso	mtcsc	1	5	47	59	0.251063829787234	0.23524831215819816
chr6:31667908	wtdmso	mtcsc	4	5	49	56	0.9142857142857143	1.0
chr6:31667958	wtdmso	mtcsc	1	1	52	66	1.2692307692307692	1.0
chr6:31668545	wtdmso	mtcsc	6	6	50	62	1.24	0.7674614858174715
chr6:31668571	wtdmso	mtcsc	2	2	54	63	1.1666666666666667	1.0
chr6:31669151	wtdmso	mtcsc	2	2	48	59	1.2291666666666667	1.0
chr6:31669327	wtdmso	mtcsc	3	1	49	57	3.489795918367347	0.34240977900413716
chr6:31669484	wtdmso	mtcsc	3	2	53	66	1.8679245283018868	0.6572123838636588
chr6:31669956	wtdmso	mtcsc	3	7	52	65	0.5357142857142857	0.5124452637522955
chr6:31669989	wtdmso	mtcsc	5	7	44	59	0.9577922077922078	1.0
chr6:31730632	wtdmso	mtcsc	8	11	74	133	1.307125307125307	0.622301207641198
chr6:31730763	wtdmso	mtcsc	31	46	30	42	0.9434782608695652	0.869308112706952
chr6:31730828	wtdmso	mtcsc	34	58	43	80	1.090617481956696	0.7755091985495876
chr6:31732250	wtdmso	mtcsc	8	27	69	112	0.4809447128287708	0.12192495215788492
chr6:31732384	wtdmso	mtcsc	12	22	73	129	0.9638854296388543	1.0
chr6:31733621	wtdmso	mtcsc	2	4	75	125	0.8333333333333334	1.0
chr6:31733648	wtdmso	mtcsc	4	12	71	128	0.6009389671361502	0.5864648071895278
chr6:31733956	wtdmso	mtcsc	1	5	55	90	0.32727272727272727	0.41300574554898795
chr6:31734162	wtdmso	mtcsc	1	3	59	113	0.6384180790960452	1.0
chr6:31734234	wtdmso	mtcsc	22	32	47	95	1.389627659574468	0.32102793054584744
chr6:31736288	wtdmso	mtcsc	1	9	65	120	0.20512820512820512	0.16872540014670465
chr6:31736370	wtdmso	mtcsc	1	6	58	102	0.29310344827586204	0.4232677629560695
chr6:31736409	wtdmso	mtcsc	5	8	45	83	1.1527777777777777	0.7716543186873992
chr6:31779426	wtdmso	mtcsc	2	5	9	23	1.0222222222222221	1.0
chr6:31797868	wtdmso	mtcsc	3	4	8	8	0.75	1.0
chr6:31952319	wtdmso	mtcsc	1	1	12	20	1.6666666666666667	1.0
chr6:31952356	wtdmso	mtcsc	4	3	11	23	2.787878787878788	0.39021499034336016
chr6:31952364	wtdmso	mtcsc	1	3	13	20	0.5128205128205128	1.0
chr6:31952388	wtdmso	mtcsc	1	4	13	21	0.40384615384615385	0.6364785838470048
chr6:31953821	wtdmso	mtcsc	3	6	11	18	0.8181818181818182	1.0
chr6:31954712	wtdmso	mtcsc	5	5	6	19	3.1666666666666665	0.22663028589548245
chr6:33275839	wtdmso	mtcsc	1	6	464	633	0.2273706896551724	0.2493208378013414
chr6:33275845	wtdmso	mtcsc	23	23	457	644	1.4091903719912473	0.2863757295709632
chr6:33275867	wtdmso	mtcsc	80	115	421	573	0.9468140039244036	0.7515764043655191
chr6:33276016	wtdmso	mtcsc	11	10	430	601	1.5374418604651163	0.3746870306816995
chr6:33276028	wtdmso	mtcsc	111	164	332	447	0.9112731413458713	0.5234087343795409
chr6:33276032	wtdmso	mtcsc	2	1	471	659	2.798301486199575	0.5745262177599715
chr6:33276194	wtdmso	mtcsc	17	23	468	635	1.0028799702712745	1.0
chr6:33276212	wtdmso	mtcsc	5	1	464	611	6.584051724137931	0.09095365352754971
chr6:33276418	wtdmso	mtcsc	4	5	304	459	1.2078947368421054	0.7473767584257306
chr6:33416580	wtdmso	mtcsc	7	4	24	27	1.96875	0.5077344114951935
chr6:33416594	wtdmso	mtcsc	4	4	19	26	1.368421052631579	0.7152525562613646
chr6:33416719	wtdmso	mtcsc	6	3	28	30	2.142857142857143	0.4762831491972671
chr6:33416727	wtdmso	mtcsc	2	2	28	30	1.0714285714285714	1.0
chr6:33695763	wtdmso	mtcsc	3	2	7	8	1.7142857142857142	1.0
chr6:33695824	wtdmso	mtcsc	1	1	10	9	0.9	1.0
chr6:33695840	wtdmso	mtcsc	1	2	9	8	0.4444444444444444	1.0
chr6:33695988	wtdmso	mtcsc	4	4	7	7	1.0	1.0
chr6:33696006	wtdmso	mtcsc	9	8	2	2	1.125	1.0
chr6:33696053	wtdmso	mtcsc	2	2	8	11	1.375	1.0
chr6:33696075	wtdmso	mtcsc	2	1	10	11	2.2	1.0
chr6:33696079	wtdmso	mtcsc	1	2	9	8	0.4444444444444444	1.0
chr6:33696355	wtdmso	mtcsc	4	1	10	14	5.6	0.16858237547892724
chr6:33696384	wtdmso	mtcsc	2	3	9	8	0.5925925925925926	1.0
chr6:33696521	wtdmso	mtcsc	5	2	6	11	4.583333333333333	0.1819221967963387
chr6:34236916	wtdmso	mtcsc	2	3	19	57	2.0	0.6003240781721795
chr6:34240894	wtdmso	mtcsc	3	11	91	271	0.8121878121878122	1.0
chr6:34242743	wtdmso	mtcsc	1	2	127	371	1.4606299212598426	1.0
chr6:34242789	wtdmso	mtcsc	2	5	146	405	1.1095890410958904	1.0
chr6:34243470	wtdmso	mtcsc	1	1	148	420	2.8378378378378377	0.45481454074553695
chr6:34243505	wtdmso	mtcsc	3	8	134	382	1.0690298507462686	1.0
chr6:34243514	wtdmso	mtcsc	17	45	74	232	1.1843843843843844	0.6287734127387652
chr6:34244883	wtdmso	mtcsc	7	24	135	399	0.862037037037037	0.8340383321004625
chr6:34244932	wtdmso	mtcsc	35	88	98	267	1.083603896103896	0.7267257257845867
chr6:34244937	wtdmso	mtcsc	9	34	90	238	0.7	0.46396868080495596
chr6:34245157	wtdmso	mtcsc	2	8	117	305	0.6517094017094017	0.7339265747781403
chr6:34245223	wtdmso	mtcsc	2	3	155	390	1.6774193548387097	0.6268408655101745
chr6:34245433	wtdmso	mtcsc	6	34	182	459	0.44505494505494503	0.06988277992453751
chr6:34245504	wtdmso	mtcsc	29	54	110	283	1.3816498316498316	0.23191471013195802
chr6:34245842	wtdmso	mtcsc	2	13	203	502	0.38044713906782873	0.2539875429246037
chr6:34245853	wtdmso	mtcsc	37	97	166	425	0.976586759408769	1.0
chr6:34246017	wtdmso	mtcsc	9	26	255	635	0.8619909502262444	0.8492302168906276
chr6:34417474	wtdmso	mtcsc	5	8	239	512	1.3389121338912133	0.5654545441590138
chr6:34421781	wtdmso	mtcsc	12	24	358	676	0.9441340782122905	1.0
chr6:34424795	wtdmso	mtcsc	4	2	352	676	3.840909090909091	0.18954028524291233
chr6:34424810	wtdmso	mtcsc	18	35	335	639	0.9809808102345415	1.0
chr6:34425182	wtdmso	mtcsc	37	86	287	551	0.8259865489020338	0.4140598439768791
chr6:34425201	wtdmso	mtcsc	40	70	276	547	1.1325051759834368	0.59203194420051
chr6:34426047	wtdmso	mtcsc	16	25	186	398	1.3694623655913978	0.3880620191096726
chr6:35468854	wtdmso	mtcsc	10	16	276	313	0.708786231884058	0.4291357614172271
chr6:35468984	wtdmso	mtcsc	22	20	270	322	1.3118518518518518	0.42584257449207585
chr6:35469002	wtdmso	mtcsc	6	4	277	317	1.7166064981949458	0.5272225186387467
chr6:35469427	wtdmso	mtcsc	5	11	288	320	0.5050505050505051	0.31022590987470733
chr6:35469475	wtdmso	mtcsc	12	6	262	315	2.404580152671756	0.09330831393322332
chr6:35469494	wtdmso	mtcsc	12	7	302	352	1.9981078524124882	0.1657592164229097
chr6:35469512	wtdmso	mtcsc	51	53	231	276	1.14971820632198	0.5194720758719698
chr6:35470295	wtdmso	mtcsc	10	6	300	342	1.9	0.31067180770966696
chr6:35470618	wtdmso	mtcsc	1	1	301	338	1.1229235880398671	1.0
chr6:35470685	wtdmso	mtcsc	15	18	295	331	0.9350282485875706	1.0
chr6:36684109	wtdmso	mtcsc	5	6	21	32	1.2698412698412698	0.7462696376017681
chr6:36684132	wtdmso	mtcsc	1	1	24	34	1.4166666666666667	1.0
chr6:36684177	wtdmso	mtcsc	3	2	15	31	3.1	0.3310822201220915
chr6:36684249	wtdmso	mtcsc	6	4	24	34	2.125	0.31754833461640664
chr6:36684285	wtdmso	mtcsc	3	2	25	38	2.28	0.396250698379759
chr6:36684413	wtdmso	mtcsc	5	4	40	42	1.3125	0.7394184513989028
chr6:36684435	wtdmso	mtcsc	11	13	28	27	0.8159340659340659	0.8076105516654863
chr6:36684499	wtdmso	mtcsc	3	2	43	44	1.5348837209302326	1.0
chr6:36684507	wtdmso	mtcsc	3	4	48	45	0.703125	0.7123760666896857
chr6:36684533	wtdmso	mtcsc	6	6	38	34	0.8947368421052632	1.0
chr6:36684542	wtdmso	mtcsc	1	1	35	42	1.2	1.0
chr6:36686223	wtdmso	mtcsc	1	3	46	48	0.34782608695652173	0.6184473518110445
chr6:36686308	wtdmso	mtcsc	1	2	62	65	0.5241935483870968	1.0
chr6:36686349	wtdmso	mtcsc	2	7	71	62	0.24949698189134809	0.09064524742994853
chr6:36686385	wtdmso	mtcsc	5	7	65	61	0.6703296703296703	0.5590226839602561
chr6:36686459	wtdmso	mtcsc	4	1	72	72	4.0	0.3669878617146114
chr6:36686489	wtdmso	mtcsc	4	2	55	41	1.490909090909091	1.0
chr6:36686699	wtdmso	mtcsc	13	16	54	47	0.7071759259259259	0.5277454158974748
chr6:36686715	wtdmso	mtcsc	6	8	70	68	0.7285714285714285	0.7801952227589853
chr6:36687125	wtdmso	mtcsc	8	6	68	62	1.2156862745098038	0.784723808686426
chr6:36687132	wtdmso	mtcsc	9	5	79	75	1.7088607594936709	0.41148293563157046
chr6:36687165	wtdmso	mtcsc	28	31	46	42	0.8246844319775596	0.6156617147818806
chr6:36687240	wtdmso	mtcsc	4	2	85	74	1.7411764705882353	0.6877142030321088
chr6:36968177	wtdmso	mtcsc	3	2	29	45	2.3275862068965516	0.3898919202050447
chr6:36968693	wtdmso	mtcsc	3	3	30	41	1.3666666666666667	1.0
chr6:36968848	wtdmso	mtcsc	2	4	27	31	0.5740740740740741	0.6810185849115795
chr6:36970414	wtdmso	mtcsc	2	6	26	31	0.3974358974358974	0.4491658865195838
chr6:36977690	wtdmso	mtcsc	1	5	26	27	0.2076923076923077	0.2046877727766097
chr6:36978524	wtdmso	mtcsc	1	4	26	31	0.2980769230769231	0.37603635418440595
chr6:36981638	wtdmso	mtcsc	1	2	19	24	0.631578947368421	1.0
chr6:41787745	wtdmso	mtcsc	2	2	23	27	1.173913043478261	1.0
chr6:41789233	wtdmso	mtcsc	3	2	23	25	1.6304347826086956	0.6687354186957801
chr6:41789252	wtdmso	mtcsc	2	3	8	24	2.0	0.5973819503231268
chr6:41789588	wtdmso	mtcsc	3	5	22	13	0.35454545454545455	0.2472208855765593
chr6:43160867	wtdmso	mtcsc	2	1	18	9	1.0	1.0
chr6:43161074	wtdmso	mtcsc	1	1	10	9	0.9	1.0
chr6:43161140	wtdmso	mtcsc	2	1	22	9	0.8181818181818182	1.0
chr6:43161365	wtdmso	mtcsc	2	3	12	8	0.4444444444444444	0.6231884057971016
chr6:43161414	wtdmso	mtcsc	1	1	27	22	0.8148148148148148	1.0
chr6:44113790	wtdmso	mtcsc	1	2	22	22	0.5	1.0
chr6:44113815	wtdmso	mtcsc	16	16	6	6	1.0	1.0
chr6:44113852	wtdmso	mtcsc	14	14	8	11	1.375	0.7668291956856136
chr6:44113919	wtdmso	mtcsc	2	1	20	11	1.1	1.0
chr6:44113931	wtdmso	mtcsc	2	4	10	18	0.9	1.0
chr6:44113942	wtdmso	mtcsc	1	1	19	21	1.105263157894737	1.0
chr6:44114043	wtdmso	mtcsc	1	2	9	21	1.1666666666666667	1.0
chr6:44114137	wtdmso	mtcsc	3	1	19	10	1.5789473684210527	1.0
chr6:44252220	wtdmso	mtcsc	1	2	50	65	0.65	1.0
chr6:44253047	wtdmso	mtcsc	1	4	47	60	0.3191489361702128	0.38976173838559164
chr6:44253089	wtdmso	mtcsc	2	4	47	59	0.6276595744680851	0.6941844762302622
chr6:44253107	wtdmso	mtcsc	2	6	17	39	0.7647058823529411	1.0
chr6:44253150	wtdmso	mtcsc	1	2	48	69	0.71875	1.0
chr6:44253204	wtdmso	mtcsc	8	3	43	66	4.093023255813954	0.052206024241270015
chr6:44253270	wtdmso	mtcsc	15	13	48	67	1.6105769230769231	0.29270719972203557
chr6:44253519	wtdmso	mtcsc	3	3	75	93	1.24	1.0
chr6:44253747	wtdmso	mtcsc	2	1	79	98	2.481012658227848	0.5889241102253469
chr6:73517539	wtdmso	mtcsc	10	23	2835	2811	0.4311019093627789	0.02365169751952333
chr6:73517566	wtdmso	mtcsc	192	206	2357	2329	0.9209666722961144	0.43407197334049485
chr6:73517574	wtdmso	mtcsc	1	4	2892	2804	0.24239280774550484	0.2118036600772534
chr6:73517648	wtdmso	mtcsc	135	143	2387	2375	0.9393099569052649	0.6220507605592397
chr6:73517679	wtdmso	mtcsc	4	8	3114	3041	0.48827874116891457	0.2613330767283713
chr6:73517708	wtdmso	mtcsc	1820	1858	1274	1173	0.9018914347224358	0.05037982223372863
chr6:73517749	wtdmso	mtcsc	1746	1785	1483	1402	0.9247256016364739	0.1197908596170521
chr6:73517873	wtdmso	mtcsc	56	54	2720	2666	1.0164488017429194	1.0
chr6:73517904	wtdmso	mtcsc	79	69	2545	2489	1.1197346317018309	0.5059253300767476
chr6:73517908	wtdmso	mtcsc	33	23	2602	2573	1.4187915650168768	0.22703084090985623
chr6:73518043	wtdmso	mtcsc	23	22	2650	2603	1.0269125214408232	1.0
chr6:73518250	wtdmso	mtcsc	184	198	2407	2396	0.9250460567452674	0.4895866533103009
chr6:73518387	wtdmso	mtcsc	39	40	2401	2418	0.9819033735943357	1.0
chr6:73518399	wtdmso	mtcsc	410	388	2100	2163	1.08840206185567	0.2802290718101496
chr6:73518465	wtdmso	mtcsc	148	167	1911	1884	0.8737062766147454	0.26534406705728547
chr6:73518563	wtdmso	mtcsc	3	4	2358	2365	0.7522264631043257	1.0
chr6:73518577	wtdmso	mtcsc	27	35	2112	2069	0.7557224025974026	0.3069570222882377
chr6:73518741	wtdmso	mtcsc	105	101	1805	1807	1.0407558761416307	0.8299104270685895
chr6:73518771	wtdmso	mtcsc	257	243	1783	1844	1.0937962328253348	0.3647618867713218
chr6:73518793	wtdmso	mtcsc	146	130	1992	2041	1.15070281124498	0.26341560864004177
chr6:73518932	wtdmso	mtcsc	5	4	1792	1823	1.2716238839285714	0.7516584441638299
chr6:73518956	wtdmso	mtcsc	117	108	1758	1864	1.148653773227152	0.3360760363497859
chr6:73519114	wtdmso	mtcsc	4	5	1887	1965	0.8330683624801272	1.0
chr6:73519155	wtdmso	mtcsc	1	1	1614	1690	1.047087980173482	1.0
chr6:73519223	wtdmso	mtcsc	228	229	1552	1656	1.0623508756133795	0.5487798975359112
chr6:73519344	wtdmso	mtcsc	17	16	1703	1773	1.1061729301233119	0.8617005957787357
chr6:73519358	wtdmso	mtcsc	34	36	1563	1684	1.017558825620246	1.0
chr6:73519370	wtdmso	mtcsc	46	53	1755	1834	0.9069934956727409	0.6839130068444093
chr6:73519378	wtdmso	mtcsc	283	305	1350	1391	0.9560485731633273	0.6494573915718769
chr6:73519398	wtdmso	mtcsc	111	99	1650	1761	1.1966391184573002	0.22660657557552752
chr6:73519416	wtdmso	mtcsc	6	10	1591	1692	0.6380892520427404	0.45710698956730333
chr6:73519474	wtdmso	mtcsc	87	92	1554	1641	0.9985940909853953	1.0
chr6:73519914	wtdmso	mtcsc	145	139	1436	1534	1.1143564257229315	0.38521186222863246
chr6:73519984	wtdmso	mtcsc	31	37	1428	1547	0.9076576576576577	0.714382520056851
chr6:73520010	wtdmso	mtcsc	92	110	1488	1612	0.906060606060606	0.5136782157350045
chr6:73520044	wtdmso	mtcsc	6	17	1456	1614	0.3912411118293471	0.05719131905112469
chr6:73521004	wtdmso	mtcsc	279	354	975	1063	0.8592698826597132	0.10086390454860025
chr6:75237815	wtdmso	mtcsc	7	10	51	66	0.9058823529411765	1.0
chr6:75237825	wtdmso	mtcsc	3	6	76	119	0.7828947368421053	1.0
chr6:75237877	wtdmso	mtcsc	4	6	65	96	0.9846153846153847	1.0
chr6:75237929	wtdmso	mtcsc	8	10	77	118	1.225974025974026	0.80232077664648
chr6:75237985	wtdmso	mtcsc	1	3	76	117	0.5131578947368421	1.0
chr6:7882198	wtdmso	mtcsc	1	2	28	19	0.3392857142857143	0.5650000000000002
chr6:7882267	wtdmso	mtcsc	2	2	24	18	0.75	1.0
chr6:7882378	wtdmso	mtcsc	10	6	16	15	1.5625	0.5468232862785185
chr6:7882493	wtdmso	mtcsc	3	2	22	16	1.0909090909090908	1.0
chr6:7882526	wtdmso	mtcsc	1	2	13	14	0.5384615384615384	1.0
chr6:7882816	wtdmso	mtcsc	11	13	12	6	0.4230769230769231	0.22141320695378047
chr6:7882850	wtdmso	mtcsc	4	3	19	13	0.9122807017543859	1.0
chr6:7882887	wtdmso	mtcsc	1	3	9	12	0.4444444444444444	0.6264822134387351
chr6:7883034	wtdmso	mtcsc	2	4	9	13	0.7222222222222222	1.0
chr6:7883149	wtdmso	mtcsc	4	9	8	8	0.4444444444444444	0.45149831099487847
chr6:7883189	wtdmso	mtcsc	3	7	9	11	0.5238095238095238	0.6941529235382309
chr6:7884448	wtdmso	mtcsc	1	3	10	13	0.43333333333333335	0.623931623931624
chr6:7889557	wtdmso	mtcsc	3	5	9	7	0.4666666666666667	0.6668461434917217
chr6:7891647	wtdmso	mtcsc	2	2	10	12	1.2	1.0
chr6:7895201	wtdmso	mtcsc	1	3	10	11	0.36666666666666664	0.6043478260869565
chr6:7904627	wtdmso	mtcsc	1	4	11	8	0.18181818181818182	0.3167701863354037
chr6:85494794	wtdmso	mtcsc	4	7	6	7	0.6666666666666666	0.6968299905774669
chr6:85494805	wtdmso	mtcsc	1	1	9	14	1.5555555555555556	1.0
chr6:85494834	wtdmso	mtcsc	3	4	7	11	1.1785714285714286	1.0
chr6:85494842	wtdmso	mtcsc	1	3	10	12	0.4	0.6137123745819397
chr6:85495139	wtdmso	mtcsc	1	2	11	14	0.6363636363636364	1.0
chr6:85495290	wtdmso	mtcsc	1	1	11	12	1.0909090909090908	1.0
chr6:85495674	wtdmso	mtcsc	1	1	26	16	0.6153846153846154	1.0
chr6:85495729	wtdmso	mtcsc	2	1	27	17	1.2592592592592593	1.0
chr6:85677166	wtdmso	mtcsc	7	2	32	40	4.375	0.0808315511627459
chr6:85677817	wtdmso	mtcsc	5	11	35	30	0.38961038961038963	0.16229876055917586
chr6:85677871	wtdmso	mtcsc	6	8	33	33	0.75	0.7707172421641078
chr6:85677965	wtdmso	mtcsc	2	4	38	37	0.4868421052631579	0.6754768906667641
chr6:85678010	wtdmso	mtcsc	8	3	30	40	3.5555555555555554	0.10287684460039553
chr6:89083850	wtdmso	mtcsc	6	9	8	5	0.4166666666666667	0.44948176066765383
chr6:89083867	wtdmso	mtcsc	1	3	13	13	0.3333333333333333	0.6015325670498085
chr6:89083984	wtdmso	mtcsc	2	6	11	10	0.30303030303030304	0.237847742795269
chr6:89084022	wtdmso	mtcsc	3	6	11	10	0.45454545454545453	0.4397201399300349
chr6:89084190	wtdmso	mtcsc	3	5	9	8	0.5333333333333333	0.6727688787185354
chr6:89084246	wtdmso	mtcsc	9	9	2	3	1.5	1.0
chr6:89084595	wtdmso	mtcsc	2	7	9	8	0.25396825396825395	0.21670480549199087
chr6:89084694	wtdmso	mtcsc	2	6	8	8	0.3333333333333333	0.38753533449993277
chr6_GL000250v2_alt:3167772	wtdmso	mtcsc	7	4	18	6	0.5833333333333334	0.6889239138797472
chr6_GL000250v2_alt:3172206	wtdmso	mtcsc	12	2	15	9	3.6	0.15960814315108904
chr6_GL000251v2_alt:4687320	wtdmso	mtcsc	1	2	192	241	0.6276041666666666	1.0
chr6_GL000251v2_alt:4687326	wtdmso	mtcsc	6	9	201	246	0.8159203980099502	0.7957810252660578
chr6_GL000251v2_alt:4687348	wtdmso	mtcsc	42	42	165	222	1.3454545454545455	0.2272690197511817
chr6_GL000251v2_alt:4687497	wtdmso	mtcsc	1	4	172	222	0.3226744186046512	0.3939285213700508
chr6_GL000251v2_alt:4687509	wtdmso	mtcsc	44	61	143	170	0.8575031525851198	0.570836212644773
chr6_GL000251v2_alt:4687675	wtdmso	mtcsc	7	8	189	235	1.087962962962963	1.0
chr6_GL000251v2_alt:4687899	wtdmso	mtcsc	3	2	123	191	2.3292682926829267	0.38707063408517045
chr6_GL000252v2_alt:2526782	wtdmso	mtcsc	4	4	32	30	0.9375	1.0
chr6_GL000252v2_alt:2526800	wtdmso	mtcsc	1	2	37	33	0.44594594594594594	0.6043957810791691
chr6_GL000252v2_alt:2526825	wtdmso	mtcsc	1	3	36	33	0.3055555555555556	0.3575149527300791
chr6_GL000252v2_alt:2526910	wtdmso	mtcsc	1	4	33	30	0.22727272727272727	0.3559127439724456
chr6_GL000252v2_alt:2526947	wtdmso	mtcsc	9	6	26	28	1.6153846153846154	0.5612714409125091
chr6_GL000252v2_alt:2528108	wtdmso	mtcsc	1	4	18	26	0.3611111111111111	0.6359191225056164
chr6_GL000252v2_alt:2528146	wtdmso	mtcsc	4	6	25	23	0.6133333333333333	0.7297261416076768
chr6_GL000252v2_alt:2528158	wtdmso	mtcsc	1	1	30	30	1.0	1.0
chr6_GL000252v2_alt:2528180	wtdmso	mtcsc	2	2	29	30	1.0344827586206897	1.0
chr6_GL000252v2_alt:2528239	wtdmso	mtcsc	1	1	17	27	1.588235294117647	1.0
chr6_GL000252v2_alt:2528258	wtdmso	mtcsc	3	4	24	28	0.875	1.0
chr6_GL000252v2_alt:2529072	wtdmso	mtcsc	1	2	13	22	0.8461538461538461	1.0
chr6_GL000252v2_alt:4519353	wtdmso	mtcsc	1	1	165	227	1.3757575757575757	1.0
chr6_GL000252v2_alt:4519359	wtdmso	mtcsc	6	9	159	226	0.9475890985324947	1.0
chr6_GL000252v2_alt:4519381	wtdmso	mtcsc	39	36	136	204	1.625	0.07019866075378575
chr6_GL000252v2_alt:4519530	wtdmso	mtcsc	3	1	155	208	4.025806451612903	0.31876245273391735
chr6_GL000252v2_alt:4519542	wtdmso	mtcsc	38	55	112	154	0.95	0.9029429398349041
chr6_GL000252v2_alt:4519708	wtdmso	mtcsc	5	10	161	220	0.6832298136645962	0.5990890652248204
chr6_GL000252v2_alt:4519932	wtdmso	mtcsc	1	3	108	174	0.5370370370370371	1.0
chr6_GL000255v2_alt:4470265	wtdmso	mtcsc	4	9	201	224	0.4953012714206744	0.2726386686071616
chr6_GL000255v2_alt:4470287	wtdmso	mtcsc	49	43	161	206	1.4580384226491405	0.1279762395137072
chr6_GL000255v2_alt:4470436	wtdmso	mtcsc	2	5	196	219	0.44693877551020406	0.45550839138409854
chr6_GL000255v2_alt:4470448	wtdmso	mtcsc	51	72	134	162	0.8563432835820896	0.5174447987688774
chr6_GL000255v2_alt:4470614	wtdmso	mtcsc	8	7	195	230	1.347985347985348	0.6069626045507446
chr6_GL000255v2_alt:4470838	wtdmso	mtcsc	4	2	133	166	2.4962406015037595	0.4138713829272136
chr7:100089029	wtdmso	mtcsc	6	4	23	28	1.826086956521739	0.49613219223750427
chr7:100089318	wtdmso	mtcsc	1	2	34	34	0.5	1.0
chr7:100089665	wtdmso	mtcsc	9	16	28	23	0.46205357142857145	0.14731909376313185
chr7:100090631	wtdmso	mtcsc	2	4	33	36	0.5454545454545454	0.6788600292362592
chr7:100090639	wtdmso	mtcsc	4	4	30	28	0.9333333333333333	1.0
chr7:100091061	wtdmso	mtcsc	2	4	31	25	0.4032258064516129	0.4054488819993857
chr7:100091143	wtdmso	mtcsc	9	10	31	29	0.8419354838709677	0.7967569683090265
chr7:100091244	wtdmso	mtcsc	9	10	29	25	0.7758620689655172	0.7903180218193657
chr7:100091712	wtdmso	mtcsc	8	3	32	40	3.3333333333333335	0.10885138148107136
chr7:100091724	wtdmso	mtcsc	6	9	35	32	0.6095238095238096	0.5689690018236594
chr7:100091813	wtdmso	mtcsc	7	6	25	30	1.4	0.758848960182926
chr7:100673868	wtdmso	mtcsc	1	3	55	60	0.36363636363636365	0.6212423736747318
chr7:100676311	wtdmso	mtcsc	2	4	72	81	0.5625	0.6861208303377501
chr7:100676556	wtdmso	mtcsc	4	8	73	86	0.589041095890411	0.5504225911687056
chr7:100676567	wtdmso	mtcsc	2	1	61	80	2.622950819672131	0.581158278341377
chr7:100676708	wtdmso	mtcsc	3	5	73	80	0.6575342465753424	0.7231523175193697
chr7:100676734	wtdmso	mtcsc	6	6	67	82	1.2238805970149254	0.7708095141138647
chr7:100676743	wtdmso	mtcsc	3	4	79	91	0.8639240506329114	1.0
chr7:100676788	wtdmso	mtcsc	6	7	64	74	0.9910714285714286	1.0
chr7:100677395	wtdmso	mtcsc	1	2	66	78	0.5909090909090909	1.0
chr7:100677558	wtdmso	mtcsc	21	19	63	81	1.4210526315789473	0.37163673748089937
chr7:100677582	wtdmso	mtcsc	10	8	62	70	1.4112903225806452	0.6167716359641384
chr7:100677781	wtdmso	mtcsc	2	1	76	97	2.5526315789473686	0.5849373040752351
chr7:100678108	wtdmso	mtcsc	1	2	66	78	0.5909090909090909	1.0
chr7:100678775	wtdmso	mtcsc	14	42	86	80	0.31007751937984496	0.0005735755963320677
chr7:100678796	wtdmso	mtcsc	24	23	79	97	1.2812328013208585	0.5112048430708491
chr7:100679102	wtdmso	mtcsc	14	11	87	112	1.638453500522466	0.2889020105350626
chr7:101127210	wtdmso	mtcsc	15	5	95	42	1.3263157894736841	0.7948953962669132
chr7:101127237	wtdmso	mtcsc	13	5	86	37	1.1186046511627907	1.0
chr7:101128502	wtdmso	mtcsc	6	2	105	41	1.1714285714285715	1.0
chr7:101128547	wtdmso	mtcsc	9	4	95	41	0.9710526315789474	1.0
chr7:101130591	wtdmso	mtcsc	16	4	119	49	1.6470588235294117	0.5992277993421082
chr7:101130630	wtdmso	mtcsc	13	5	112	47	1.0910714285714285	1.0
chr7:101130641	wtdmso	mtcsc	4	3	139	52	0.4988009592326139	0.3995374200948755
chr7:101131910	wtdmso	mtcsc	8	3	121	43	0.9476584022038568	1.0
chr7:101131918	wtdmso	mtcsc	1	3	156	49	0.1047008547008547	0.048426714547218405
chr7:101133737	wtdmso	mtcsc	34	14	149	51	0.8312559923298178	0.5885898582504072
chr7:101133754	wtdmso	mtcsc	17	5	132	48	1.2363636363636363	0.8018387655303243
chr7:101133861	wtdmso	mtcsc	15	6	181	68	0.9392265193370166	1.0
chr7:101135537	wtdmso	mtcsc	2	2	215	78	0.3627906976744186	0.2942096840401925
chr7:101135548	wtdmso	mtcsc	2	3	212	76	0.2389937106918239	0.12343688670755171
chr7:101135562	wtdmso	mtcsc	5	1	199	78	1.9597989949748744	1.0
chr7:101135576	wtdmso	mtcsc	12	2	201	77	2.298507462686567	0.36517948946405815
chr7:101137045	wtdmso	mtcsc	6	3	206	77	0.7475728155339806	0.709243737151672
chr7:101137049	wtdmso	mtcsc	3	1	196	70	1.0714285714285714	1.0
chr7:101137406	wtdmso	mtcsc	13	6	220	77	0.7583333333333333	0.5949657549637821
chr7:101137435	wtdmso	mtcsc	4	1	231	84	1.4545454545454546	1.0
chr7:101137441	wtdmso	mtcsc	4	2	241	87	0.7219917012448133	0.6590668475172164
chr7:101137469	wtdmso	mtcsc	10	4	180	68	0.9444444444444444	1.0
chr7:101137474	wtdmso	mtcsc	7	4	235	83	0.6180851063829788	0.4898846189499758
chr7:101137530	wtdmso	mtcsc	119	49	130	42	0.7846153846153846	0.33018712461308986
chr7:101137552	wtdmso	mtcsc	38	22	202	69	0.59000900090009	0.08156575709598135
chr7:101137598	wtdmso	mtcsc	10	3	234	81	1.1538461538461537	1.0
chr7:101137619	wtdmso	mtcsc	52	23	179	58	0.7325722613553558	0.29326785773708386
chr7:101137632	wtdmso	mtcsc	11	4	250	87	0.957	1.0
chr7:101137720	wtdmso	mtcsc	16	5	230	81	1.1269565217391304	1.0
chr7:101137806	wtdmso	mtcsc	79	25	186	65	1.1043010752688172	0.7891429478299903
chr7:101137845	wtdmso	mtcsc	28	15	231	79	0.6383838383838384	0.20037963732618466
chr7:101137911	wtdmso	mtcsc	2	1	288	103	0.7152777777777778	1.0
chr7:101138100	wtdmso	mtcsc	13	12	292	95	0.3524543378995434	0.016450571565887737
chr7:101138270	wtdmso	mtcsc	49	20	247	80	0.7935222672064778	0.4474976187996934
chr7:101138297	wtdmso	mtcsc	5	4	118	47	0.4978813559322034	0.4515310471845599
chr7:101138471	wtdmso	mtcsc	1	1	45	9	0.2	0.3279220779220779
chr7:101138527	wtdmso	mtcsc	1	1	48	11	0.22916666666666666	0.3573770491803278
chr7:101138598	wtdmso	mtcsc	6	1	24	9	2.25	0.6560329679524726
chr7:101138608	wtdmso	mtcsc	3	1	45	10	0.6666666666666666	0.5724700412632986
chr7:101138613	wtdmso	mtcsc	10	2	55	23	2.090909090909091	0.4984515537078409
chr7:101138634	wtdmso	mtcsc	3	1	62	23	1.1129032258064515	1.0
chr7:101138653	wtdmso	mtcsc	7	3	63	19	0.7037037037037037	0.6975700934985267
chr7:101138698	wtdmso	mtcsc	3	2	63	20	0.47619047619047616	0.5952639275437521
chr7:101206152	wtdmso	mtcsc	4	8	7	9	0.6428571428571429	0.70465293668955
chr7:101206887	wtdmso	mtcsc	1	8	9	22	0.3055555555555556	0.4043860916925932
chr7:101208918	wtdmso	mtcsc	1	3	9	26	0.9629629629629629	1.0
chr7:101218210	wtdmso	mtcsc	1	2	21	37	0.8809523809523809	1.0
chr7:101222708	wtdmso	mtcsc	1	2	25	49	0.98	1.0
chr7:101222721	wtdmso	mtcsc	3	3	25	51	2.04	0.4057228662044964
chr7:101223673	wtdmso	mtcsc	2	4	26	53	1.0192307692307692	1.0
chr7:101223697	wtdmso	mtcsc	1	1	25	55	2.2	0.5362842517314063
chr7:101223719	wtdmso	mtcsc	1	1	25	52	2.08	1.0
chr7:101223825	wtdmso	mtcsc	3	6	22	40	0.9090909090909091	1.0
chr7:101223949	wtdmso	mtcsc	9	21	17	34	0.8571428571428571	0.8096064515148917
chr7:101224013	wtdmso	mtcsc	2	5	19	46	0.968421052631579	1.0
chr7:101224053	wtdmso	mtcsc	3	3	10	48	4.8	0.09249731855025438
chr7:101224086	wtdmso	mtcsc	5	5	22	51	2.3181818181818183	0.28185271153559704
chr7:101224129	wtdmso	mtcsc	5	8	19	47	1.5460526315789473	0.5197012078091572
chr7:101244966	wtdmso	mtcsc	1	1	10	9	0.9	1.0
chr7:10933466	wtdmso	mtcsc	12	12	33	42	1.2727272727272727	0.6437067437057797
chr7:10938113	wtdmso	mtcsc	3	4	57	76	1.0	1.0
chr7:10938117	wtdmso	mtcsc	2	3	63	85	0.8994708994708994	1.0
chr7:10938868	wtdmso	mtcsc	12	20	49	62	0.7591836734693878	0.5481192656733235
chr7:10940058	wtdmso	mtcsc	1	3	61	80	0.4371584699453552	0.6357413753479805
chr7:10940071	wtdmso	mtcsc	1	4	55	72	0.32727272727272727	0.39459321671286873
chr7:127589498	wtdmso	mtcsc	1	1	45	57	1.2666666666666666	1.0
chr7:127589514	wtdmso	mtcsc	13	12	34	45	1.4338235294117647	0.4931680113031006
chr7:127589550	wtdmso	mtcsc	4	2	43	57	2.6511627906976742	0.4025899491811368
chr7:127589586	wtdmso	mtcsc	4	5	40	55	1.1	1.0
chr7:127590124	wtdmso	mtcsc	7	2	41	61	5.2073170731707314	0.038178109458551816
chr7:127591017	wtdmso	mtcsc	1	2	45	50	0.5555555555555556	1.0
chr7:127591049	wtdmso	mtcsc	11	6	38	54	2.6052631578947367	0.11034886276928238
chr7:127591053	wtdmso	mtcsc	2	1	37	45	2.4324324324324325	0.5913232762984714
chr7:127591267	wtdmso	mtcsc	9	9	34	45	1.3235294117647058	0.6097059561014496
chr7:127591354	wtdmso	mtcsc	2	5	41	44	0.4292682926829268	0.4419910536599383
chr7:127591367	wtdmso	mtcsc	7	8	41	54	1.1524390243902438	1.0
chr7:127591515	wtdmso	mtcsc	2	13	43	36	0.12880143112701253	0.004156204218054941
chr7:128091996	wtdmso	mtcsc	5	6	32	54	1.40625	0.7435665481594689
chr7:128092014	wtdmso	mtcsc	2	7	37	56	0.43243243243243246	0.47647752551212186
chr7:128092224	wtdmso	mtcsc	1	2	41	61	0.7439024390243902	1.0
chr7:128092367	wtdmso	mtcsc	6	13	34	58	0.7873303167420814	0.7951430637575063
chr7:128092438	wtdmso	mtcsc	6	7	34	58	1.4621848739495797	0.5528740708356807
chr7:128862947	wtdmso	mtcsc	2	4	24	45	0.9375	1.0
chr7:128862955	wtdmso	mtcsc	4	10	23	40	0.6956521739130435	0.7592052016275455
chr7:128862995	wtdmso	mtcsc	4	7	23	46	1.1428571428571428	1.0
chr7:128865525	wtdmso	mtcsc	5	13	22	35	0.6118881118881119	0.574463238731578
chr7:128865581	wtdmso	mtcsc	7	20	22	32	0.509090909090909	0.2256861274743388
chr7:128865748	wtdmso	mtcsc	6	13	25	45	0.8307692307692308	0.7930064232723579
chr7:128865760	wtdmso	mtcsc	4	7	21	37	1.0068027210884354	1.0
chr7:134442410	wtdmso	mtcsc	9	19	27	33	0.5789473684210527	0.3522444154414405
chr7:134442420	wtdmso	mtcsc	3	3	38	50	1.3157894736842106	1.0
chr7:134442477	wtdmso	mtcsc	2	4	32	47	0.734375	1.0
chr7:134442625	wtdmso	mtcsc	8	6	11	29	3.515151515151515	0.05805294414601565
chr7:134442697	wtdmso	mtcsc	1	4	24	49	0.5104166666666666	1.0
chr7:134445261	wtdmso	mtcsc	10	23	17	34	0.8695652173913043	0.8151163120968934
chr7:134445286	wtdmso	mtcsc	3	5	34	50	0.8823529411764706	1.0
chr7:134445305	wtdmso	mtcsc	20	34	14	19	0.7983193277310925	0.6555920488077984
chr7:134445312	wtdmso	mtcsc	1	2	34	53	0.7794117647058824	1.0
chr7:134447304	wtdmso	mtcsc	1	1	33	53	1.606060606060606	1.0
chr7:134447326	wtdmso	mtcsc	7	10	16	40	1.75	0.377795990897344
chr7:134447352	wtdmso	mtcsc	5	4	34	48	1.7647058823529411	0.4898700282477175
chr7:134448423	wtdmso	mtcsc	1	2	30	48	0.8	1.0
chr7:134449744	wtdmso	mtcsc	5	11	18	37	0.9343434343434344	1.0
chr7:134450850	wtdmso	mtcsc	3	2	29	44	2.2758620689655173	0.39599518546886964
chr7:134451734	wtdmso	mtcsc	7	6	24	38	1.8472222222222223	0.3630747957274601
chr7:135674405	wtdmso	mtcsc	2	2	8	10	1.25	1.0
chr7:140696756	wtdmso	mtcsc	2	2	13	26	2.0	0.6018150879183211
chr7:140702955	wtdmso	mtcsc	3	11	11	19	0.47107438016528924	0.4892126368656009
chr7:140702993	wtdmso	mtcsc	1	1	15	31	2.066666666666667	1.0
chr7:140704929	wtdmso	mtcsc	1	1	15	30	2.0	1.0
chr7:140704942	wtdmso	mtcsc	1	2	16	32	1.0	1.0
chr7:143381357	wtdmso	mtcsc	1	1	9	19	2.111111111111111	1.0
chr7:143382653	wtdmso	mtcsc	1	2	13	62	2.3846153846153846	0.45233713654766294
chr7:143382658	wtdmso	mtcsc	1	1	26	63	2.423076923076923	0.5076923076923077
chr7:143383022	wtdmso	mtcsc	2	5	33	66	0.8	1.0
chr7:143383106	wtdmso	mtcsc	2	15	37	57	0.20540540540540542	0.029752621913507322
chr7:143383311	wtdmso	mtcsc	2	4	38	82	1.0789473684210527	1.0
chr7:143388248	wtdmso	mtcsc	6	11	34	70	1.1229946524064172	1.0
chr7:143388281	wtdmso	mtcsc	3	6	36	81	1.125	1.0
chr7:143388489	wtdmso	mtcsc	9	8	32	83	2.91796875	0.04949898711049306
chr7:143389948	wtdmso	mtcsc	11	20	34	72	1.1647058823529413	0.8282888390392945
chr7:143390578	wtdmso	mtcsc	4	7	45	89	1.1301587301587301	1.0
chr7:143390688	wtdmso	mtcsc	7	12	47	88	1.0921985815602837	1.0
chr7:143390727	wtdmso	mtcsc	7	9	40	84	1.6333333333333333	0.4040872274180427
chr7:143390742	wtdmso	mtcsc	1	1	55	105	1.9090909090909092	1.0
chr7:143390824	wtdmso	mtcsc	4	6	52	97	1.2435897435897436	0.7423777368879787
chr7:143390831	wtdmso	mtcsc	6	12	50	94	0.94	1.0
chr7:143391038	wtdmso	mtcsc	2	4	43	68	0.7906976744186046	1.0
chr7:151081098	wtdmso	mtcsc	7	12	45	46	0.5962962962962963	0.4493316706799559
chr7:151081117	wtdmso	mtcsc	1	5	58	63	0.21724137931034482	0.21471989705998418
chr7:151081201	wtdmso	mtcsc	6	3	40	49	2.45	0.29829325079852875
chr7:151081223	wtdmso	mtcsc	11	12	43	49	1.0445736434108528	1.0
chr7:151081337	wtdmso	mtcsc	4	2	53	53	2.0	0.67913660895741
chr7:151081396	wtdmso	mtcsc	19	19	18	15	0.8333333333333334	0.8128066124991856
chr7:151081405	wtdmso	mtcsc	28	38	36	35	0.716374269005848	0.39245192980799365
chr7:151081507	wtdmso	mtcsc	34	34	20	21	1.05	1.0
chr7:151081826	wtdmso	mtcsc	1	4	56	60	0.26785714285714285	0.36876972388619256
chr7:151081878	wtdmso	mtcsc	9	10	42	53	1.1357142857142857	0.8062852169185368
chr7:151081898	wtdmso	mtcsc	3	2	41	55	2.0121951219512195	0.6505441413066195
chr7:151082273	wtdmso	mtcsc	9	7	38	42	1.4210526315789473	0.5907582116018637
chr7:151082338	wtdmso	mtcsc	1	5	46	46	0.2	0.2065171420641489
chr7:151082352	wtdmso	mtcsc	1	1	47	54	1.148936170212766	1.0
chr7:151082427	wtdmso	mtcsc	8	10	42	41	0.780952380952381	0.7957286810702868
chr7:151082450	wtdmso	mtcsc	4	3	38	41	1.4385964912280702	0.7099640391631888
chr7:151082529	wtdmso	mtcsc	3	1	37	42	3.4054054054054053	0.3480806695617156
chr7:151082559	wtdmso	mtcsc	1	1	39	44	1.1282051282051282	1.0
chr7:22813023	wtdmso	mtcsc	2	4	12	28	1.1666666666666667	1.0
chr7:22813087	wtdmso	mtcsc	5	8	41	36	0.5487804878048781	0.3792384731105789
chr7:22813129	wtdmso	mtcsc	2	1	44	46	2.090909090909091	0.6168025522864232
chr7:22818013	wtdmso	mtcsc	2	3	50	49	0.6533333333333333	1.0
chr7:22822746	wtdmso	mtcsc	1	1	52	57	1.0961538461538463	1.0
chr7:2380328	wtdmso	mtcsc	2	3	8	23	1.9166666666666667	0.6034398607928018
chr7:2380368	wtdmso	mtcsc	4	8	6	18	1.5	0.7004452504027194
chr7:2380486	wtdmso	mtcsc	1	3	9	22	0.8148148148148148	1.0
chr7:2380598	wtdmso	mtcsc	1	14	9	11	0.0873015873015873	0.021951858911225527
chr7:2380713	wtdmso	mtcsc	2	6	10	19	0.6333333333333333	1.0
chr7:25122955	wtdmso	mtcsc	2	3	10	7	0.4666666666666667	0.6240601503759399
chr7:25123360	wtdmso	mtcsc	1	2	25	9	0.18	0.20527670527670527
chr7:25123551	wtdmso	mtcsc	6	1	18	10	3.3333333333333335	0.391627952627102
chr7:25123594	wtdmso	mtcsc	1	3	14	8	0.19047619047619047	0.27892976588628765
chr7:25123654	wtdmso	mtcsc	4	1	22	10	1.8181818181818181	1.0
chr7:25123737	wtdmso	mtcsc	1	1	25	11	0.44	0.5376955903271694
chr7:260614	wtdmso	mtcsc	5	8	5	3	0.375	0.3869969040247678
chr7:30601076	wtdmso	mtcsc	1	2	20	12	0.3	0.5508021390374331
chr7:30609591	wtdmso	mtcsc	1	1	21	13	0.6190476190476191	1.0
chr7:30609607	wtdmso	mtcsc	2	1	9	13	2.888888888888889	0.5647826086956521
chr7:30616054	wtdmso	mtcsc	14	7	14	11	1.5714285714285714	0.5510206910943976
chr7:30617246	wtdmso	mtcsc	3	5	20	9	0.27	0.21523382965508203
chr7:30622342	wtdmso	mtcsc	1	1	26	14	0.5384615384615384	1.0
chr7:30626249	wtdmso	mtcsc	5	1	32	20	3.125	0.40201764243814725
chr7:30628587	wtdmso	mtcsc	4	1	35	20	2.2857142857142856	0.6485973115137348
chr7:30628629	wtdmso	mtcsc	23	4	14	16	6.571428571428571	0.004796695986640918
chr7:30628659	wtdmso	mtcsc	7	2	29	20	2.413793103448276	0.45935164722275634
chr7:30628666	wtdmso	mtcsc	2	1	34	20	1.1764705882352942	1.0
chr7:30632257	wtdmso	mtcsc	5	6	31	13	0.34946236559139787	0.16069945193363416
chr7:30632323	wtdmso	mtcsc	14	7	25	12	0.96	1.0
chr7:30632360	wtdmso	mtcsc	7	5	30	17	0.7933333333333333	0.7477258359121552
chr7:30632366	wtdmso	mtcsc	4	1	28	17	2.4285714285714284	0.6418282391587531
chr7:30632375	wtdmso	mtcsc	5	5	35	18	0.5142857142857142	0.475714374167504
chr7:30632405	wtdmso	mtcsc	8	2	26	19	2.923076923076923	0.2865868520206747
chr7:30632411	wtdmso	mtcsc	5	2	29	21	1.8103448275862069	0.6893483507187579
chr7:30633762	wtdmso	mtcsc	4	5	29	18	0.496551724137931	0.4636839815752135
chr7:30633830	wtdmso	mtcsc	13	7	23	10	0.8074534161490683	0.7678190695139062
chr7:30633862	wtdmso	mtcsc	4	5	31	14	0.36129032258064514	0.25139971647572923
chr7:30633940	wtdmso	mtcsc	1	1	40	20	0.5	1.0
chr7:30633964	wtdmso	mtcsc	13	8	25	12	0.78	0.7757515710919575
chr7:43866569	wtdmso	mtcsc	1	1	14	36	2.5714285714285716	0.497737556561086
chr7:43866605	wtdmso	mtcsc	7	8	12	37	2.6979166666666665	0.11712643242253973
chr7:43866696	wtdmso	mtcsc	2	2	19	43	2.263157894736842	0.5865384615384616
chr7:43866781	wtdmso	mtcsc	1	1	29	43	1.4827586206896552	1.0
chr7:43866885	wtdmso	mtcsc	1	1	20	40	2.0	1.0
chr7:43866963	wtdmso	mtcsc	3	6	19	41	1.0789473684210527	1.0
chr7:43869039	wtdmso	mtcsc	2	2	18	33	1.8333333333333333	0.616190936945654
chr7:43869072	wtdmso	mtcsc	5	6	24	38	1.3194444444444444	0.7442314223421698
chr7:44799256	wtdmso	mtcsc	6	10	135	245	1.0888888888888888	1.0
chr7:44799708	wtdmso	mtcsc	8	6	284	515	2.4178403755868545	0.15671319986836552
chr7:44799771	wtdmso	mtcsc	19	41	272	475	0.8092718794835008	0.4885510457000378
chr7:44799823	wtdmso	mtcsc	8	17	266	479	0.8474126492702344	0.8330282180078914
chr7:44799866	wtdmso	mtcsc	2	4	222	427	0.9617117117117117	1.0
chr7:44801402	wtdmso	mtcsc	68	142	245	420	0.8209255533199196	0.2487634759956108
chr7:44801409	wtdmso	mtcsc	17	19	235	446	1.6980963045912654	0.15088803938479917
chr7:44801427	wtdmso	mtcsc	18	32	295	528	1.006779661016949	1.0
chr7:44801616	wtdmso	mtcsc	8	14	262	488	1.064340239912759	1.0
chr7:48090205	wtdmso	mtcsc	14	12	68	42	0.7205882352941176	0.5072872142315572
chr7:48090263	wtdmso	mtcsc	3	2	89	52	0.8764044943820225	1.0
chr7:48090280	wtdmso	mtcsc	10	4	80	47	1.46875	0.7704467213343038
chr7:48090293	wtdmso	mtcsc	12	9	78	42	0.717948717948718	0.6231609159537899
chr7:48099698	wtdmso	mtcsc	1	1	17	9	0.5294117647058824	1.0
chr7:48101934	wtdmso	mtcsc	3	2	7	8	1.7142857142857142	1.0
chr7:48106977	wtdmso	mtcsc	5	6	81	47	0.4835390946502058	0.3331762546479544
chr7:48106983	wtdmso	mtcsc	1	1	100	59	0.59	1.0
chr7:48107052	wtdmso	mtcsc	5	4	85	55	0.8088235294117647	0.7404065073665015
chr7:48107070	wtdmso	mtcsc	12	7	81	48	1.0158730158730158	1.0
chr7:48107405	wtdmso	mtcsc	1	3	89	49	0.18352059925093633	0.13919272561744261
chr7:48108244	wtdmso	mtcsc	17	10	69	43	1.0594202898550724	1.0
chr7:48108259	wtdmso	mtcsc	2	4	86	47	0.27325581395348836	0.1919089367923614
chr7:48108392	wtdmso	mtcsc	35	21	45	25	0.9259259259259259	0.8542707781099522
chr7:54752368	wtdmso	mtcsc	8	3	28	41	3.9047619047619047	0.05713166117458297
chr7:5527180	wtdmso	mtcsc	13	8	629	494	1.2762321144674087	0.6617244388989529
chr7:5527187	wtdmso	mtcsc	113	117	563	383	0.6570266126216393	0.004709206072012825
chr7:5527532	wtdmso	mtcsc	315	268	391	278	0.8356872924380654	0.12309039172285316
chr7:5527583	wtdmso	mtcsc	31	23	692	536	1.0439808997235487	1.0
chr7:5527601	wtdmso	mtcsc	80	79	625	460	0.7453164556962025	0.0870362488177689
chr7:5527616	wtdmso	mtcsc	34	33	570	410	0.7410951621477937	0.2513497308096889
chr7:5527700	wtdmso	mtcsc	32	24	622	454	0.9732047159699893	1.0
chr7:5527705	wtdmso	mtcsc	5	5	564	413	0.7322695035460993	0.7507967677385758
chr7:5527710	wtdmso	mtcsc	12	17	561	397	0.49952815350739227	0.08444641018533755
chr7:5527736	wtdmso	mtcsc	86	67	577	427	0.9498952378488839	0.7927151902437132
chr7:5527742	wtdmso	mtcsc	192	184	322	198	0.641641911963273	0.0012963068043363472
chr7:5528112	wtdmso	mtcsc	3	1	556	416	2.2446043165467624	0.6400017311937062
chr7:5528124	wtdmso	mtcsc	11	9	511	383	0.9160687105892585	1.0
chr7:5528158	wtdmso	mtcsc	3	2	554	411	1.1128158844765343	1.0
chr7:5528417	wtdmso	mtcsc	26	23	511	363	0.8030290138687994	0.46076673385978106
chr7:5528450	wtdmso	mtcsc	13	8	516	382	1.2030038759689923	0.8243330962123696
chr7:5528522	wtdmso	mtcsc	17	5	473	350	2.5158562367864694	0.07949209150737174
chr7:5528526	wtdmso	mtcsc	66	48	457	315	0.9477571115973742	0.8384765607637754
chr7:5528531	wtdmso	mtcsc	22	15	482	348	1.0589211618257262	1.0
chr7:5528546	wtdmso	mtcsc	16	13	470	338	0.8851063829787233	0.8485769813054733
chr7:5528621	wtdmso	mtcsc	204	161	284	194	0.865541072522089	0.32457351136789103
chr7:5528706	wtdmso	mtcsc	8	6	452	339	1.0	1.0
chr7:5529165	wtdmso	mtcsc	37	27	357	268	1.0287374208942837	1.0
chr7:5529191	wtdmso	mtcsc	10	9	464	336	0.8045977011494253	0.6460062571281331
chr7:5529207	wtdmso	mtcsc	24	22	455	320	0.7672327672327672	0.4420222048573448
chr7:5592856	wtdmso	mtcsc	5	3	51	71	2.320261437908497	0.28921911524844623
chr7:5592884	wtdmso	mtcsc	6	13	50	60	0.5538461538461539	0.3209981117199736
chr7:5593170	wtdmso	mtcsc	2	6	62	77	0.41397849462365593	0.46638677520009897
chr7:5593285	wtdmso	mtcsc	1	8	68	73	0.13419117647058823	0.03874964446432872
chr7:5593432	wtdmso	mtcsc	3	3	66	83	1.2575757575757576	1.0
chr7:5593483	wtdmso	mtcsc	7	15	53	64	0.5635220125786163	0.34832711141587847
chr7:5603262	wtdmso	mtcsc	1	1	75	81	1.08	1.0
chr7:5603300	wtdmso	mtcsc	3	3	85	102	1.2	1.0
chr7:5603515	wtdmso	mtcsc	2	2	81	104	1.2839506172839505	1.0
chr7:5603530	wtdmso	mtcsc	4	9	74	89	0.5345345345345346	0.39098019212273594
chr7:5603571	wtdmso	mtcsc	3	5	88	105	0.7159090909090909	0.7311076923660231
chr7:5603610	wtdmso	mtcsc	5	3	75	88	1.9555555555555555	0.4759087580641511
chr7:5603865	wtdmso	mtcsc	3	3	78	92	1.1794871794871795	1.0
chr7:5605271	wtdmso	mtcsc	1	1	97	98	1.0103092783505154	1.0
chr7:5605304	wtdmso	mtcsc	5	6	100	116	0.9666666666666667	1.0
chr7:5605340	wtdmso	mtcsc	22	22	81	86	1.0617283950617284	0.8672408634290243
chr7:5605441	wtdmso	mtcsc	1	1	110	124	1.1272727272727272	1.0
chr7:5605448	wtdmso	mtcsc	3	9	104	112	0.358974358974359	0.1445327156788061
chr7:5605590	wtdmso	mtcsc	8	10	102	122	0.9568627450980393	1.0
chr7:5605637	wtdmso	mtcsc	56	71	47	44	0.7383877734492059	0.2755045846543078
chr7:5605770	wtdmso	mtcsc	2	4	111	134	0.6036036036036037	0.6931746882933645
chr7:5605851	wtdmso	mtcsc	24	34	104	122	0.8280542986425339	0.5568711076594033
chr7:5605956	wtdmso	mtcsc	2	2	114	137	1.2017543859649122	1.0
chr7:5605994	wtdmso	mtcsc	14	20	110	138	0.8781818181818182	0.8541964823417227
chr7:5606202	wtdmso	mtcsc	19	35	98	104	0.5760932944606414	0.09174669602357846
chr7:5606219	wtdmso	mtcsc	3	13	114	141	0.2854251012145749	0.06568971075495247
chr7:5606585	wtdmso	mtcsc	6	7	131	173	1.1319520174482007	1.0
chr7:5606614	wtdmso	mtcsc	21	24	116	145	1.09375	0.8713201259547763
chr7:5606637	wtdmso	mtcsc	25	25	70	94	1.3428571428571427	0.41719279515880514
chr7:56101635	wtdmso	mtcsc	5	2	117	181	3.8675213675213675	0.12041000733888858
chr7:56101665	wtdmso	mtcsc	28	29	97	148	1.4731603270529683	0.23221494648787044
chr7:56101807	wtdmso	mtcsc	15	14	128	177	1.4815848214285714	0.33138908098112935
chr7:56102885	wtdmso	mtcsc	1	2	138	191	0.6920289855072463	1.0
chr7:56102922	wtdmso	mtcsc	1	3	127	185	0.48556430446194226	0.6494961644794766
chr7:56102931	wtdmso	mtcsc	14	25	125	174	0.77952	0.6041866679453591
chr7:56102954	wtdmso	mtcsc	1	2	129	189	0.7325581395348837	1.0
chr7:56102998	wtdmso	mtcsc	2	6	125	180	0.48	0.48040402282710626
chr7:56104238	wtdmso	mtcsc	3	8	101	133	0.4938118811881188	0.3630030548453582
chr7:6391995	wtdmso	mtcsc	4	1	10	17	6.8	0.14196329254727474
chr7:6401921	wtdmso	mtcsc	3	3	30	37	1.2333333333333334	1.0
chr7:6401926	wtdmso	mtcsc	2	2	32	40	1.25	1.0
chr7:6401962	wtdmso	mtcsc	1	2	29	36	0.6206896551724138	1.0
chr7:6401981	wtdmso	mtcsc	3	4	31	39	0.9435483870967742	1.0
chr7:6402483	wtdmso	mtcsc	2	2	26	40	1.5384615384615385	1.0
chr7:6402609	wtdmso	mtcsc	4	2	23	36	3.130434782608696	0.22351490722392353
chr7:6403082	wtdmso	mtcsc	7	7	5	16	3.2	0.1534186132740082
chr7:6403370	wtdmso	mtcsc	2	1	12	23	3.8333333333333335	0.5419630156472262
chr7:6403393	wtdmso	mtcsc	2	6	27	18	0.2222222222222222	0.12091456846457199
chr7:6403428	wtdmso	mtcsc	11	7	20	5	0.39285714285714285	0.30137777743533484
chr7:6403631	wtdmso	mtcsc	4	7	25	19	0.4342857142857143	0.31534476496339203
chr7:6403678	wtdmso	mtcsc	5	2	26	20	1.9230769230769231	0.6856420670976602
chr7:6403809	wtdmso	mtcsc	1	1	33	26	0.7878787878787878	1.0
chr7:6403835	wtdmso	mtcsc	2	1	30	25	1.6666666666666667	1.0
chr7:6403944	wtdmso	mtcsc	8	2	21	12	2.2857142857142856	0.45569289763414245
chr7:6461199	wtdmso	mtcsc	4	10	6	6	0.4	0.42164490510162866
chr7:6461234	wtdmso	mtcsc	2	2	8	15	1.875	0.6125356125356125
chr7:6461629	wtdmso	mtcsc	1	4	10	13	0.325	0.6194546194546195
chr7:6461990	wtdmso	mtcsc	3	5	14	14	0.6	0.6951494927023292
chr7:6462042	wtdmso	mtcsc	1	1	15	16	1.0666666666666667	1.0
chr7:6462315	wtdmso	mtcsc	3	6	9	12	0.6666666666666666	0.7035636028139777
chr7:6462434	wtdmso	mtcsc	4	2	7	12	3.4285714285714284	0.35
chr7:6462792	wtdmso	mtcsc	4	2	36	43	2.388888888888889	0.4137162162347553
chr7:6462907	wtdmso	mtcsc	4	1	34	42	4.9411764705882355	0.18104200066225384
chr7:6463038	wtdmso	mtcsc	3	3	51	55	1.0784313725490196	1.0
chr7:6463043	wtdmso	mtcsc	5	7	40	41	0.7321428571428571	0.7600647198258781
chr7:6463096	wtdmso	mtcsc	12	12	32	32	1.0	1.0
chr7:6463130	wtdmso	mtcsc	1	1	32	46	1.4375	1.0
chr7:6466096	wtdmso	mtcsc	2	3	46	49	0.7101449275362319	1.0
chr7:6484038	wtdmso	mtcsc	3	4	26	29	0.8365384615384616	1.0
chr7:6484052	wtdmso	mtcsc	7	3	35	41	2.7333333333333334	0.19060207073017807
chr7:74196407	wtdmso	mtcsc	1	1	11	15	1.3636363636363635	1.0
chr7:74196428	wtdmso	mtcsc	2	3	21	13	0.4126984126984127	0.6308859466754203
chr7:74196473	wtdmso	mtcsc	1	4	12	13	0.2708333333333333	0.35486225141397554
chr7:74196772	wtdmso	mtcsc	4	6	19	24	0.8421052631578947	1.0
chr7:74196858	wtdmso	mtcsc	1	1	11	17	1.5454545454545454	1.0
chr7:74196954	wtdmso	mtcsc	1	1	24	30	1.25	1.0
chr7:74196974	wtdmso	mtcsc	1	3	24	29	0.4027777777777778	0.6233006759322548
chr7:76054830	wtdmso	mtcsc	1	3	51	61	0.39869281045751637	0.6266585850065187
chr7:76054899	wtdmso	mtcsc	4	9	33	31	0.4175084175084175	0.2283544331781449
chr7:76054922	wtdmso	mtcsc	6	7	47	58	1.0577507598784195	1.0
chr7:76057419	wtdmso	mtcsc	2	1	49	56	2.2857142857142856	0.6013048845000881
chr7:76057425	wtdmso	mtcsc	20	21	37	41	1.0553410553410554	1.0
chr7:76057436	wtdmso	mtcsc	11	5	40	50	2.75	0.10317663748741346
chr7:76057973	wtdmso	mtcsc	1	2	66	77	0.5833333333333334	1.0
chr7:76064354	wtdmso	mtcsc	2	5	50	62	0.496	0.46608988101845605
chr7:76064366	wtdmso	mtcsc	7	2	61	76	4.360655737704918	0.08226659276049085
chr7:76066297	wtdmso	mtcsc	5	3	67	83	2.0646766169154227	0.4702621340110612
chr7:76066481	wtdmso	mtcsc	3	3	67	81	1.208955223880597	1.0
chr7:76066522	wtdmso	mtcsc	1	2	68	79	0.5808823529411765	1.0
chr7:76302715	wtdmso	mtcsc	1	5	188	122	0.12978723404255318	0.040365850741844705
chr7:76302761	wtdmso	mtcsc	11	10	185	119	0.7075675675675676	0.49274634574704057
chr7:76302989	wtdmso	mtcsc	2	3	174	113	0.4329501915708812	0.38924246217534114
chr7:76303048	wtdmso	mtcsc	1	1	153	104	0.6797385620915033	1.0
chr7:76304000	wtdmso	mtcsc	16	7	152	98	1.4736842105263157	0.504629513156392
chr7:76304158	wtdmso	mtcsc	12	15	169	107	0.506508875739645	0.1021645822532492
chr7:76326890	wtdmso	mtcsc	4	1	24	12	2.0	1.0
chr7:76326962	wtdmso	mtcsc	7	7	26	23	0.8846153846153846	1.0
chr7:76327136	wtdmso	mtcsc	1	1	24	16	0.6666666666666666	1.0
chr7:76327764	wtdmso	mtcsc	1	1	9	11	1.2222222222222223	1.0
chr7:87325404	wtdmso	mtcsc	2	1	11	27	4.909090909090909	0.23170731707317077
chr7:88210024	wtdmso	mtcsc	1	3	23	13	0.18840579710144928	0.28324762008972537
chr7:88210088	wtdmso	mtcsc	1	1	14	15	1.0714285714285714	1.0
chr7:93886112	wtdmso	mtcsc	1	3	10	48	1.6	0.5520261004400864
chr7:93886276	wtdmso	mtcsc	1	3	9	45	1.6666666666666667	0.5413769533551749
chr7:93886433	wtdmso	mtcsc	2	7	25	76	0.8685714285714285	1.0
chr7:93886446	wtdmso	mtcsc	13	22	26	70	1.5909090909090908	0.28572816435054
chr7:93886489	wtdmso	mtcsc	1	4	31	98	0.7903225806451613	1.0
chr7:93886505	wtdmso	mtcsc	10	20	32	98	1.53125	0.3601865281503207
chr7:93886554	wtdmso	mtcsc	7	16	49	109	0.9732142857142857	1.0
chr7:93886594	wtdmso	mtcsc	15	27	73	155	1.1796042617960427	0.7204797135097616
chr7:93886654	wtdmso	mtcsc	11	23	85	176	0.9902813299232737	1.0
chr7:93886745	wtdmso	mtcsc	2	4	93	189	1.0161290322580645	1.0
chr7:93887301	wtdmso	mtcsc	7	14	92	180	0.9782608695652174	1.0
chr7:93887347	wtdmso	mtcsc	8	7	87	179	2.3513957307060753	0.15753078637705542
chr7:93887377	wtdmso	mtcsc	13	22	80	158	1.1670454545454545	0.704720233094789
chr7:93887396	wtdmso	mtcsc	11	17	76	149	1.2685758513931888	0.6735235019522776
chr7:93889084	wtdmso	mtcsc	10	12	73	165	1.8835616438356164	0.15967580790117694
chr7:93889133	wtdmso	mtcsc	3	1	79	154	5.848101265822785	0.12075968328621627
chr7:93890673	wtdmso	mtcsc	4	3	50	122	3.2533333333333334	0.20063318581710818
chr7:97852205	wtdmso	mtcsc	3	6	24	7	0.14583333333333334	0.037828947368421045
chr7:97852307	wtdmso	mtcsc	1	2	17	27	0.7941176470588235	1.0
chr7:97852352	wtdmso	mtcsc	1	1	22	12	0.5454545454545454	1.0
chr7:97853065	wtdmso	mtcsc	7	4	8	10	2.1875	0.44972513743128434
chr7:97853379	wtdmso	mtcsc	7	4	9	7	1.3611111111111112	1.0
chr7:97854595	wtdmso	mtcsc	5	2	11	10	2.272727272727273	0.6618357487922706
chr7:98282394	wtdmso	mtcsc	3	1	63	53	2.5238095238095237	0.6263352798746618
chr7:98291127	wtdmso	mtcsc	10	10	73	56	0.7671232876712328	0.6334080297227757
chr7:98291248	wtdmso	mtcsc	6	6	71	51	0.7183098591549296	0.7610122640938931
chr7:98291333	wtdmso	mtcsc	34	24	45	39	1.2277777777777779	0.6080559526493272
chr7:98291356	wtdmso	mtcsc	14	15	57	47	0.7695906432748538	0.674276700811447
chr7:98291432	wtdmso	mtcsc	1	1	75	57	0.76	1.0
chr7:98293505	wtdmso	mtcsc	3	5	7	7	0.6	0.6749226006191951
chr7:98306454	wtdmso	mtcsc	1	3	9	9	0.3333333333333333	0.593984962406015
chr7:99385769	wtdmso	mtcsc	4	1	10	9	3.6	0.35770750988142297
chr7:99386785	wtdmso	mtcsc	3	1	11	9	2.4545454545454546	0.6146245059288539
chr7:99389957	wtdmso	mtcsc	3	6	11	7	0.3181818181818182	0.23646071700991617
chr7:99390970	wtdmso	mtcsc	5	1	12	26	10.833333333333334	0.02542154385603053
chr7:99391220	wtdmso	mtcsc	1	4	17	23	0.3382352941176471	0.6337043557690183
chr7:99392797	wtdmso	mtcsc	4	3	16	23	1.9166666666666667	0.6815861393286237
chr7:99392851	wtdmso	mtcsc	1	1	35	41	1.1714285714285715	1.0
chr7:99392866	wtdmso	mtcsc	6	5	30	36	1.44	0.746306242779676
chr7:99394472	wtdmso	mtcsc	1	5	21	34	0.3238095238095238	0.40434363951672403
chr7:99394630	wtdmso	mtcsc	4	9	26	26	0.4444444444444444	0.3513653936200417
chr7:99394740	wtdmso	mtcsc	12	20	8	19	1.425	0.5888592243176662
chr7:99417506	wtdmso	mtcsc	1	1	11	15	1.3636363636363635	1.0
chr7:99458266	wtdmso	mtcsc	1	12	10	31	0.25833333333333336	0.26111496617800134
chr7:99458320	wtdmso	mtcsc	1	8	10	30	0.375	0.6621420932568068
chr7:997329	wtdmso	mtcsc	2	2	31	9	0.2903225806451613	0.2564621991734867
chr7:997347	wtdmso	mtcsc	6	3	16	7	0.875	1.0
chr7:997406	wtdmso	mtcsc	6	2	16	9	1.6875	0.6870454350988278
chr8:100702979	wtdmso	mtcsc	22	45	190	189	0.4863157894736842	0.011338479077879035
chr8:100703102	wtdmso	mtcsc	1	5	168	198	0.2357142857142857	0.22675884673386
chr8:100703147	wtdmso	mtcsc	8	10	194	207	0.8536082474226804	0.8126791907232234
chr8:100703192	wtdmso	mtcsc	3	3	203	217	1.0689655172413792	1.0
chr8:100703226	wtdmso	mtcsc	11	10	185	204	1.212972972972973	0.8232041931111402
chr8:100703233	wtdmso	mtcsc	5	3	186	207	1.8548387096774193	0.48638782703522787
chr8:100703294	wtdmso	mtcsc	2	3	177	197	0.7419962335216572	1.0
chr8:100703347	wtdmso	mtcsc	7	5	172	199	1.619767441860465	0.5590008839980537
chr8:100704967	wtdmso	mtcsc	12	11	156	167	1.167832167832168	0.8299723252529914
chr8:100705639	wtdmso	mtcsc	6	8	148	164	0.831081081081081	0.7905862615671337
chr8:100705646	wtdmso	mtcsc	13	10	143	167	1.518181818181818	0.3896744270335708
chr8:100709139	wtdmso	mtcsc	2	5	113	126	0.44601769911504424	0.45345762734606276
chr8:100709156	wtdmso	mtcsc	31	41	88	101	0.8677937915742794	0.6772028825313328
chr8:100709215	wtdmso	mtcsc	12	27	109	119	0.48521916411824667	0.05602257073199531
chr8:100712684	wtdmso	mtcsc	6	11	81	100	0.6734006734006734	0.6107047993364508
chr8:100712702	wtdmso	mtcsc	23	43	88	95	0.577431289640592	0.08268093614131025
chr8:100715558	wtdmso	mtcsc	7	14	32	45	0.703125	0.6173977255729624
chr8:100718153	wtdmso	mtcsc	2	5	19	33	0.6947368421052632	1.0
chr8:100718264	wtdmso	mtcsc	1	2	26	44	0.8461538461538461	1.0
chr8:100721410	wtdmso	mtcsc	6	18	26	35	0.44871794871794873	0.1458201827813706
chr8:100721533	wtdmso	mtcsc	1	4	11	38	0.8636363636363636	1.0
chr8:100721578	wtdmso	mtcsc	3	4	15	45	2.25	0.3750784110165153
chr8:100721806	wtdmso	mtcsc	1	1	23	27	1.173913043478261	1.0
chr8:100721837	wtdmso	mtcsc	2	3	24	46	1.2777777777777777	1.0
chr8:100722031	wtdmso	mtcsc	4	9	14	22	0.6984126984126984	0.7426069168434876
chr8:100919526	wtdmso	mtcsc	5	5	32	21	0.65625	0.7280593245109861
chr8:100919699	wtdmso	mtcsc	4	3	31	22	0.946236559139785	1.0
chr8:100919746	wtdmso	mtcsc	3	1	35	26	2.2285714285714286	0.6355414746543779
chr8:100919770	wtdmso	mtcsc	5	2	33	28	2.121212121212121	0.4523896866960959
chr8:100919819	wtdmso	mtcsc	2	1	41	28	1.3658536585365855	1.0
chr8:100920137	wtdmso	mtcsc	1	4	34	24	0.17647058823529413	0.16212289156386528
chr8:100920175	wtdmso	mtcsc	2	2	28	26	0.9285714285714286	1.0
chr8:100920358	wtdmso	mtcsc	1	2	25	20	0.4	0.5866096207215541
chr8:100920384	wtdmso	mtcsc	1	1	26	23	0.8846153846153846	1.0
chr8:100920592	wtdmso	mtcsc	3	1	8	19	7.125	0.11536627999364374
chr8:100924168	wtdmso	mtcsc	3	4	19	15	0.5921052631578947	0.6847142639825565
chr8:100924923	wtdmso	mtcsc	1	1	10	19	1.9	1.0
chr8:100948801	wtdmso	mtcsc	2	6	11	13	0.3939393939393939	0.42034853540971445
chr8:108201915	wtdmso	mtcsc	2	1	8	17	4.25	0.28388278388278393
chr8:116644970	wtdmso	mtcsc	6	7	23	22	0.8198757763975155	1.0
chr8:116645078	wtdmso	mtcsc	8	3	21	27	3.4285714285714284	0.10416473660307206
chr8:116646552	wtdmso	mtcsc	11	10	14	16	1.2571428571428571	0.7793491166419249
chr8:116655911	wtdmso	mtcsc	3	3	24	24	1.0	1.0
chr8:116657263	wtdmso	mtcsc	8	2	19	13	2.736842105263158	0.2860481110877546
chr8:116657302	wtdmso	mtcsc	2	1	20	13	1.3	1.0
chr8:116658865	wtdmso	mtcsc	2	1	24	16	1.3333333333333333	1.0
chr8:116726126	wtdmso	mtcsc	5	3	21	13	1.0317460317460319	1.0
chr8:11802926	wtdmso	mtcsc	1	3	9	16	0.5925925925925926	1.0
chr8:11808794	wtdmso	mtcsc	5	6	15	36	2.0	0.3114231748686499
chr8:11821862	wtdmso	mtcsc	3	15	7	27	0.7714285714285715	1.0
chr8:11826168	wtdmso	mtcsc	2	2	20	36	1.8	0.6194038573933371
chr8:11830323	wtdmso	mtcsc	15	17	9	29	2.843137254901961	0.048212027454079084
chr8:11838558	wtdmso	mtcsc	3	4	26	45	1.2980769230769231	1.0
chr8:11838583	wtdmso	mtcsc	2	4	28	47	0.8392857142857143	1.0
chr8:11838594	wtdmso	mtcsc	8	11	17	23	0.983957219251337	1.0
chr8:11838602	wtdmso	mtcsc	7	8	24	42	1.53125	0.5591765020854205
chr8:11838769	wtdmso	mtcsc	2	1	8	19	4.75	0.25123152709359603
chr8:11844450	wtdmso	mtcsc	7	8	111	115	0.9065315315315315	1.0
chr8:11844525	wtdmso	mtcsc	4	6	114	129	0.7543859649122807	0.7547038486055488
chr8:11844535	wtdmso	mtcsc	24	23	98	106	1.1286601597160604	0.7478533195844412
chr8:11844853	wtdmso	mtcsc	31	33	65	68	0.9827505827505828	1.0
chr8:11844939	wtdmso	mtcsc	15	10	89	101	1.702247191011236	0.2874037026827827
chr8:11844980	wtdmso	mtcsc	2	1	100	101	2.02	1.0
chr8:11844997	wtdmso	mtcsc	2	2	90	93	1.0333333333333334	1.0
chr8:11845018	wtdmso	mtcsc	74	70	24	30	1.3214285714285714	0.42686017527277037
chr8:11845032	wtdmso	mtcsc	1	1	80	86	1.075	1.0
chr8:11845199	wtdmso	mtcsc	14	10	58	69	1.6655172413793105	0.2739030410157902
chr8:11845665	wtdmso	mtcsc	9	8	81	94	1.3055555555555556	0.6206731757425902
chr8:11845674	wtdmso	mtcsc	14	14	63	72	1.1428571428571428	0.8361894536073102
chr8:11845680	wtdmso	mtcsc	13	11	67	76	1.3405698778833106	0.5178906507313346
chr8:11847071	wtdmso	mtcsc	6	7	61	53	0.7447306791569087	0.7711030154665885
chr8:11847131	wtdmso	mtcsc	2	4	86	90	0.5232558139534884	0.6832911250198522
chr8:11847689	wtdmso	mtcsc	16	19	50	55	0.9263157894736842	1.0
chr8:11847814	wtdmso	mtcsc	4	1	60	73	4.866666666666666	0.1825312860467886
chr8:11848119	wtdmso	mtcsc	20	23	47	53	0.9805735430157262	1.0
chr8:11849081	wtdmso	mtcsc	12	12	71	76	1.0704225352112675	1.0
chr8:11849135	wtdmso	mtcsc	2	1	75	79	2.1066666666666665	0.615432030472096
chr8:11850962	wtdmso	mtcsc	3	8	62	60	0.3629032258064516	0.20796317294408107
chr8:123209507	wtdmso	mtcsc	1	2	18	8	0.2222222222222222	0.26683087027914615
chr8:123209550	wtdmso	mtcsc	2	2	14	10	0.7142857142857143	1.0
chr8:123209565	wtdmso	mtcsc	2	2	17	10	0.5882352941176471	0.6304465278881298
chr8:123209720	wtdmso	mtcsc	2	3	18	7	0.25925925925925924	0.30002947244326544
chr8:123209783	wtdmso	mtcsc	1	1	18	11	0.6111111111111112	1.0
chr8:123209885	wtdmso	mtcsc	3	6	19	17	0.4473684210526316	0.4590950739561064
chr8:124539216	wtdmso	mtcsc	2	9	17	35	0.45751633986928103	0.47990580626699214
chr8:124543235	wtdmso	mtcsc	2	7	19	38	0.5714285714285714	0.7073298932446868
chr8:124547085	wtdmso	mtcsc	1	2	18	48	1.3333333333333333	1.0
chr8:124549802	wtdmso	mtcsc	2	4	20	47	1.175	1.0
chr8:124549941	wtdmso	mtcsc	3	10	17	35	0.6176470588235294	0.738539603694004
chr8:133237181	wtdmso	mtcsc	2	2	70	60	0.8571428571428571	1.0
chr8:133237196	wtdmso	mtcsc	2	2	121	80	0.6611570247933884	1.0
chr8:133237257	wtdmso	mtcsc	4	2	150	100	1.3333333333333333	1.0
chr8:133237352	wtdmso	mtcsc	10	4	147	104	1.7687074829931972	0.4118399539015043
chr8:133237409	wtdmso	mtcsc	6	1	142	107	4.52112676056338	0.24415085648906076
chr8:133237426	wtdmso	mtcsc	20	15	133	95	0.9523809523809523	1.0
chr8:133237628	wtdmso	mtcsc	6	9	105	69	0.4380952380952381	0.17148674921152796
chr8:133237688	wtdmso	mtcsc	33	15	107	84	1.7271028037383178	0.14000065917031873
chr8:133237719	wtdmso	mtcsc	29	20	110	82	1.0809090909090908	0.8720876128076556
chr8:133237746	wtdmso	mtcsc	6	7	114	77	0.5789473684210527	0.38964968402796096
chr8:133237755	wtdmso	mtcsc	17	5	113	76	2.286725663716814	0.16349971932198074
chr8:133237768	wtdmso	mtcsc	45	38	89	56	0.7451212300413956	0.328537033107287
chr8:133238163	wtdmso	mtcsc	2	1	102	68	1.3333333333333333	1.0
chr8:133238313	wtdmso	mtcsc	2	1	112	77	1.375	1.0
chr8:133238393	wtdmso	mtcsc	5	3	91	61	1.1172161172161172	1.0
chr8:133238462	wtdmso	mtcsc	16	10	86	60	1.1162790697674418	0.8324362720377465
chr8:133238587	wtdmso	mtcsc	4	4	88	56	0.6363636363636364	0.7128123766318789
chr8:133238594	wtdmso	mtcsc	7	2	75	52	2.4266666666666667	0.3174209684802433
chr8:133238732	wtdmso	mtcsc	3	1	66	54	2.4545454545454546	0.6286412121368461
chr8:133238781	wtdmso	mtcsc	2	3	75	55	0.4888888888888889	0.6512349195498335
chr8:133238850	wtdmso	mtcsc	47	32	24	19	1.1627604166666667	0.7053114868116797
chr8:133238914	wtdmso	mtcsc	4	1	75	56	2.986666666666667	0.3988879133743049
chr8:133238944	wtdmso	mtcsc	5	8	70	49	0.4375	0.23786373253818957
chr8:133239101	wtdmso	mtcsc	2	2	65	51	0.7846153846153846	1.0
chr8:133244382	wtdmso	mtcsc	12	5	36	28	1.8666666666666667	0.40634975671366474
chr8:133246640	wtdmso	mtcsc	7	3	53	35	1.5408805031446542	0.7361441046421426
chr8:133248733	wtdmso	mtcsc	6	1	55	38	4.1454545454545455	0.24174804558605834
chr8:133250478	wtdmso	mtcsc	12	14	51	32	0.5378151260504201	0.18068855292959407
chr8:133254582	wtdmso	mtcsc	1	1	50	38	0.76	1.0
chr8:133256792	wtdmso	mtcsc	4	8	50	21	0.21	0.020437540902830145
chr8:133256816	wtdmso	mtcsc	10	6	43	35	1.3565891472868217	0.782904864521691
chr8:133258376	wtdmso	mtcsc	6	1	55	41	4.472727272727273	0.23580032286554237
chr8:133258400	wtdmso	mtcsc	4	4	57	35	0.6140350877192983	0.7078302452853327
chr8:133264548	wtdmso	mtcsc	7	9	44	24	0.42424242424242425	0.1578459361341822
chr8:133264560	wtdmso	mtcsc	2	1	40	19	0.95	1.0
chr8:133264600	wtdmso	mtcsc	4	1	47	20	1.702127659574468	1.0
chr8:133284312	wtdmso	mtcsc	4	1	44	17	1.5454545454545454	1.0
chr8:143579738	wtdmso	mtcsc	9	10	24	48	1.8	0.2907375432987918
chr8:143580052	wtdmso	mtcsc	3	6	42	80	0.9523809523809523	1.0
chr8:143580189	wtdmso	mtcsc	3	7	43	85	0.8471760797342193	1.0
chr8:143580629	wtdmso	mtcsc	1	6	44	87	0.32954545454545453	0.4267260002893939
chr8:143580644	wtdmso	mtcsc	4	5	54	97	1.4370370370370371	0.7241081763160433
chr8:143581245	wtdmso	mtcsc	3	3	52	97	1.8653846153846154	0.6665543402847822
chr8:143581290	wtdmso	mtcsc	2	3	52	89	1.141025641025641	1.0
chr8:143586240	wtdmso	mtcsc	4	16	48	78	0.40625	0.13761476241026982
chr8:143586261	wtdmso	mtcsc	1	6	46	72	0.2608695652173913	0.2535817337719044
chr8:143724189	wtdmso	mtcsc	10	9	16	6	0.4166666666666667	0.21147670364957868
chr8:143724332	wtdmso	mtcsc	4	2	22	11	1.0	1.0
chr8:143724931	wtdmso	mtcsc	1	1	9	10	1.1111111111111112	1.0
chr8:143724991	wtdmso	mtcsc	2	1	8	12	3.0	0.5595708639186899
chr8:143991205	wtdmso	mtcsc	1	1	11	10	0.9090909090909091	1.0
chr8:143991213	wtdmso	mtcsc	1	1	23	15	0.6521739130434783	1.0
chr8:143991567	wtdmso	mtcsc	1	1	12	24	2.0	1.0
chr8:143991748	wtdmso	mtcsc	1	3	23	27	0.391304347826087	0.6203648367910298
chr8:143991979	wtdmso	mtcsc	2	1	26	26	2.0	1.0
chr8:143992040	wtdmso	mtcsc	2	4	24	22	0.4583333333333333	0.667952287297898
chr8:143992064	wtdmso	mtcsc	5	9	22	23	0.5808080808080808	0.5411141967619084
chr8:143992253	wtdmso	mtcsc	2	1	25	30	2.4	0.5931099299974072
chr8:143992555	wtdmso	mtcsc	2	2	22	27	1.2272727272727273	1.0
chr8:143992725	wtdmso	mtcsc	1	1	30	33	1.1	1.0
chr8:143992773	wtdmso	mtcsc	2	3	24	32	0.8888888888888888	1.0
chr8:143992888	wtdmso	mtcsc	2	3	40	33	0.55	0.6574122889912364
chr8:143993012	wtdmso	mtcsc	6	3	22	17	1.5454545454545454	0.7160785196104168
chr8:143993141	wtdmso	mtcsc	17	22	26	20	0.5944055944055944	0.2796740976942903
chr8:144085050	wtdmso	mtcsc	6	5	4	7	2.1	0.6699214098594903
chr8:144086152	wtdmso	mtcsc	2	3	10	12	0.8	1.0
chr8:144086163	wtdmso	mtcsc	2	1	9	13	2.888888888888889	0.5647826086956521
chr8:144095959	wtdmso	mtcsc	4	4	24	50	2.0833333333333335	0.43540344869865033
chr8:144096019	wtdmso	mtcsc	1	1	15	47	3.1333333333333333	0.44047619047619047
chr8:144096179	wtdmso	mtcsc	1	9	27	41	0.16872427983539096	0.08566807192882317
chr8:144096469	wtdmso	mtcsc	5	3	24	55	3.8194444444444446	0.11057219658610642
chr8:144096597	wtdmso	mtcsc	2	3	30	61	1.3555555555555556	1.0
chr8:144097335	wtdmso	mtcsc	2	8	29	56	0.4827586206896552	0.4902059516371434
chr8:144097369	wtdmso	mtcsc	9	9	15	32	2.1333333333333333	0.2511452612533185
chr8:144097459	wtdmso	mtcsc	1	4	29	62	0.5344827586206896	1.0
chr8:144106571	wtdmso	mtcsc	4	3	6	16	3.5555555555555554	0.192903548225887
chr8:144107158	wtdmso	mtcsc	4	1	17	15	3.5294117647058822	0.36406995230524636
chr8:144107321	wtdmso	mtcsc	6	12	5	17	1.7	0.49772986385889617
chr8:144107386	wtdmso	mtcsc	4	5	19	26	1.0947368421052632	1.0
chr8:144107394	wtdmso	mtcsc	5	4	18	27	1.875	0.471878672724069
chr8:144309568	wtdmso	mtcsc	1	2	9	9	0.5	1.0
chr8:144312096	wtdmso	mtcsc	5	6	18	21	0.9722222222222222	1.0
chr8:144312118	wtdmso	mtcsc	6	8	19	18	0.7105263157894737	0.7553934017338004
chr8:144312240	wtdmso	mtcsc	1	1	21	23	1.0952380952380953	1.0
chr8:144313524	wtdmso	mtcsc	2	2	26	28	1.0769230769230769	1.0
chr8:144313542	wtdmso	mtcsc	1	1	25	25	1.0	1.0
chr8:144313596	wtdmso	mtcsc	3	1	24	25	3.125	0.6104328523862373
chr8:144314036	wtdmso	mtcsc	4	2	27	29	2.1481481481481484	0.6713268305523464
chr8:144314184	wtdmso	mtcsc	1	2	27	26	0.48148148148148145	1.0
chr8:144314265	wtdmso	mtcsc	2	4	27	24	0.4444444444444444	0.4227227588697301
chr8:144314313	wtdmso	mtcsc	5	3	25	27	1.8	0.7064691994252865
chr8:144314451	wtdmso	mtcsc	3	3	27	28	1.037037037037037	1.0
chr8:144314569	wtdmso	mtcsc	8	18	9	14	0.691358024691358	0.5639172626364601
chr8:144314680	wtdmso	mtcsc	4	2	24	28	2.3333333333333335	0.41545544822605407
chr8:144314685	wtdmso	mtcsc	1	1	29	29	1.0	1.0
chr8:144314707	wtdmso	mtcsc	3	6	12	23	0.9583333333333334	1.0
chr8:144789807	wtdmso	mtcsc	21	32	621	904	0.9553140096618358	1.0
chr8:144789826	wtdmso	mtcsc	20	33	646	919	0.8621821934515433	0.6715054481130234
chr8:144789832	wtdmso	mtcsc	28	34	664	976	1.2104890148830616	0.5107180247270595
chr8:144789850	wtdmso	mtcsc	100	153	442	660	0.9759559932570313	0.8870125784544414
chr8:144790388	wtdmso	mtcsc	100	143	597	846	0.9909688301648101	1.0
chr8:144790438	wtdmso	mtcsc	1	1	666	952	1.4294294294294294	1.0
chr8:144790442	wtdmso	mtcsc	5	6	665	971	1.2167919799498748	0.7657240948261613
chr8:144791348	wtdmso	mtcsc	3	4	607	903	1.1157331136738056	1.0
chr8:144791380	wtdmso	mtcsc	40	56	628	952	1.0828025477707006	0.7477317369988974
chr8:144791410	wtdmso	mtcsc	1	2	574	887	0.7726480836236934	1.0
chr8:144791912	wtdmso	mtcsc	20	17	490	771	1.851140456182473	0.08623831251807482
chr8:144792108	wtdmso	mtcsc	30	56	380	613	0.8641917293233082	0.5645343368653777
chr8:144792138	wtdmso	mtcsc	25	46	301	464	0.8377870865231836	0.5270693509003679
chr8:144792368	wtdmso	mtcsc	80	127	259	433	1.0531116042927067	0.7445800968275974
chr8:30785895	wtdmso	mtcsc	1	1	10	9	0.9	1.0
chr8:30785950	wtdmso	mtcsc	1	2	10	8	0.4	0.5864661654135338
chr8:38030670	wtdmso	mtcsc	3	3	46	53	1.1521739130434783	1.0
chr8:38057098	wtdmso	mtcsc	1	1	52	55	1.0576923076923077	1.0
chr8:38057125	wtdmso	mtcsc	12	13	37	41	1.022869022869023	1.0
chr8:38057136	wtdmso	mtcsc	3	3	49	51	1.0408163265306123	1.0
chr8:38059927	wtdmso	mtcsc	9	10	38	39	0.9236842105263158	1.0
chr8:38060053	wtdmso	mtcsc	7	5	33	36	1.5272727272727273	0.546801693346019
chr8:38060106	wtdmso	mtcsc	13	10	29	37	1.6586206896551725	0.3388298757925684
chr8:38060167	wtdmso	mtcsc	5	7	50	50	0.7142857142857143	0.7618276357174966
chr8:38060208	wtdmso	mtcsc	10	12	35	33	0.7857142857142857	0.806682226091576
chr8:38060218	wtdmso	mtcsc	11	24	42	33	0.3601190476190476	0.02373792521438752
chr8:48917883	wtdmso	mtcsc	4	1	13	9	2.769230769230769	0.620958751393534
chr8:48918227	wtdmso	mtcsc	1	1	20	9	0.45	1.0
chr8:56073064	wtdmso	mtcsc	10	18	166	281	0.9404283801874164	1.0
chr8:56073180	wtdmso	mtcsc	19	44	258	449	0.7514975334742776	0.34065680083928856
chr8:56073247	wtdmso	mtcsc	14	25	261	453	0.9719540229885058	1.0
chr8:56073715	wtdmso	mtcsc	6	14	263	457	0.7447039652362847	0.6426621776807044
chr8:56073758	wtdmso	mtcsc	14	20	265	482	1.2732075471698112	0.5834182024984689
chr8:56074137	wtdmso	mtcsc	9	17	226	419	0.9815200416449765	1.0
chr8:56074415	wtdmso	mtcsc	2	8	225	407	0.45222222222222225	0.5069463807529844
chr8:56074443	wtdmso	mtcsc	42	82	189	324	0.8780487804878049	0.602994122594586
chr8:73290663	wtdmso	mtcsc	7	4	315	283	1.5722222222222222	0.5526430381964814
chr8:73291047	wtdmso	mtcsc	156	134	272	244	1.0443371378402106	0.8254282974612616
chr8:73291077	wtdmso	mtcsc	13	32	389	337	0.35194408740359895	0.0018061813097227666
chr8:73291173	wtdmso	mtcsc	49	37	388	356	1.2151016996377821	0.42583395974329463
chr8:73291633	wtdmso	mtcsc	65	57	317	290	1.0432231999557253	0.8431992624730472
chr8:73291839	wtdmso	mtcsc	19	15	317	286	1.1427970557308096	0.7279426529764637
chr8:73292270	wtdmso	mtcsc	24	19	300	275	1.1578947368421053	0.7519939856828434
chr8:73292329	wtdmso	mtcsc	61	55	269	260	1.071983778303481	0.7590723373283148
chr8:73292762	wtdmso	mtcsc	2	2	244	240	0.9836065573770492	1.0
chr8:73293614	wtdmso	mtcsc	10	7	145	144	1.4187192118226601	0.6195260995503632
chr8:85214938	wtdmso	mtcsc	2	1	10	14	2.8	0.5692307692307693
chr8:85217501	wtdmso	mtcsc	3	2	9	14	2.3333333333333335	0.6239316239316239
chr8:96231114	wtdmso	mtcsc	13	9	53	60	1.6352201257861636	0.35466075745905934
chr8:96231787	wtdmso	mtcsc	1	1	68	69	1.0147058823529411	1.0
chr8:96231822	wtdmso	mtcsc	11	11	63	64	1.0158730158730158	1.0
chr8:96231870	wtdmso	mtcsc	2	3	65	62	0.6358974358974359	0.6778655541748032
chr8:96233159	wtdmso	mtcsc	2	1	68	66	1.9411764705882353	1.0
chr8:98041762	wtdmso	mtcsc	4	9	220	445	0.898989898989899	1.0
chr8:98041769	wtdmso	mtcsc	1	6	190	406	0.356140350877193	0.4410809662600239
chr8:98041814	wtdmso	mtcsc	7	18	131	346	1.0271416454622562	1.0
chr8:98041818	wtdmso	mtcsc	1	4	69	168	0.6086956521739131	1.0
chr8:98041840	wtdmso	mtcsc	6	8	189	419	1.6626984126984128	0.3859785669477097
chr8:98041846	wtdmso	mtcsc	22	85	194	368	0.4909642207398423	0.004662695908630903
chr8:98042702	wtdmso	mtcsc	34	82	163	325	0.8267245249139608	0.441318188827572
chr8:98042737	wtdmso	mtcsc	9	13	206	419	1.4081404032860343	0.49121462785132874
chr8:98045009	wtdmso	mtcsc	5	17	205	415	0.5954088952654233	0.36349751679764797
chr8:99878212	wtdmso	mtcsc	11	6	32	28	1.6041666666666667	0.5810068400955137
chr8:99878226	wtdmso	mtcsc	6	3	37	32	1.7297297297297298	0.503936343442015
chr9:110244047	wtdmso	mtcsc	17	15	116	140	1.367816091954023	0.4543937775177732
chr9:110244783	wtdmso	mtcsc	1	1	136	166	1.2205882352941178	1.0
chr9:110250826	wtdmso	mtcsc	1	3	152	186	0.40789473684210525	0.6311525186204032
chr9:110251409	wtdmso	mtcsc	9	5	136	174	2.302941176470588	0.1713936738895
chr9:110251461	wtdmso	mtcsc	1	1	134	166	1.2388059701492538	1.0
chr9:110256449	wtdmso	mtcsc	5	4	120	141	1.46875	0.7370999931429674
chr9:121327332	wtdmso	mtcsc	8	7	12	11	1.0476190476190477	1.0
chr9:121327358	wtdmso	mtcsc	3	6	21	11	0.2619047619047619	0.12797418728099086
chr9:121331441	wtdmso	mtcsc	1	2	30	33	0.55	1.0
chr9:121332565	wtdmso	mtcsc	1	1	28	30	1.0714285714285714	1.0
chr9:121332574	wtdmso	mtcsc	1	1	27	27	1.0	1.0
chr9:121332647	wtdmso	mtcsc	12	7	21	23	1.8775510204081634	0.2865557952251902
chr9:124353504	wtdmso	mtcsc	2	2	12	52	4.333333333333333	0.18526618245670046
chr9:124353535	wtdmso	mtcsc	2	4	15	50	1.6666666666666667	0.624612164758951
chr9:124353607	wtdmso	mtcsc	1	13	13	37	0.21893491124260356	0.1653542227311678
chr9:124356814	wtdmso	mtcsc	1	4	16	50	0.78125	1.0
chr9:124356835	wtdmso	mtcsc	1	1	15	57	3.8	0.3880044427989634
chr9:124412385	wtdmso	mtcsc	3	4	11	38	2.590909090909091	0.34954517427325416
chr9:124413943	wtdmso	mtcsc	4	11	14	36	0.935064935064935	1.0
chr9:124414873	wtdmso	mtcsc	1	3	13	35	0.8974358974358975	1.0
chr9:124857979	wtdmso	mtcsc	1	2	171	273	0.7982456140350878	1.0
chr9:124857987	wtdmso	mtcsc	30	34	147	240	1.440576230492197	0.2134410829651756
chr9:124858027	wtdmso	mtcsc	3	9	179	271	0.5046554934823091	0.37986835187055107
chr9:124858044	wtdmso	mtcsc	3	8	173	271	0.5874277456647399	0.5414829127459153
chr9:124860201	wtdmso	mtcsc	3	2	166	269	2.430722891566265	0.37681104276376726
chr9:124860214	wtdmso	mtcsc	2	8	155	236	0.38064516129032255	0.3275230068166963
chr9:124861449	wtdmso	mtcsc	8	7	170	265	1.781512605042017	0.29142370721503824
chr9:125236269	wtdmso	mtcsc	32	32	64	58	0.90625	0.7599572589136695
chr9:125236469	wtdmso	mtcsc	23	17	106	98	1.2508324084350722	0.6043234340716435
chr9:125236518	wtdmso	mtcsc	54	63	66	49	0.6363636363636364	0.08996309782226936
chr9:125236544	wtdmso	mtcsc	42	57	84	61	0.5350877192982456	0.019248896456423796
chr9:125236552	wtdmso	mtcsc	86	78	13	14	1.1873767258382644	0.684487027888788
chr9:125236590	wtdmso	mtcsc	12	13	113	106	0.8658951667801226	0.8336843368064157
chr9:125236657	wtdmso	mtcsc	6	3	111	111	2.0	0.49942816969883524
chr9:125236690	wtdmso	mtcsc	27	35	91	79	0.669701726844584	0.18561304991262462
chr9:125236712	wtdmso	mtcsc	7	8	109	91	0.7305045871559633	0.5998409022081261
chr9:125236779	wtdmso	mtcsc	2	1	99	102	2.0606060606060606	0.6194581280788176
chr9:125236801	wtdmso	mtcsc	5	1	92	97	5.271739130434782	0.11827014371299972
chr9:125236901	wtdmso	mtcsc	4	3	86	92	1.426356589147287	0.7149051794889378
chr9:125236956	wtdmso	mtcsc	5	2	73	81	2.7739726027397262	0.26545448391497695
chr9:125236970	wtdmso	mtcsc	9	6	74	63	1.277027027027027	0.787271217134929
chr9:125237012	wtdmso	mtcsc	5	1	75	76	5.066666666666666	0.21020099968358946
chr9:125237022	wtdmso	mtcsc	2	2	78	74	0.9487179487179487	1.0
chr9:125237103	wtdmso	mtcsc	9	7	67	69	1.32409381663113	0.7924288828061588
chr9:125237132	wtdmso	mtcsc	4	4	69	69	1.0	1.0
chr9:125237139	wtdmso	mtcsc	3	4	70	60	0.6428571428571429	0.7051527426484314
chr9:125238223	wtdmso	mtcsc	5	3	70	68	1.619047619047619	0.7196561125315408
chr9:125238237	wtdmso	mtcsc	5	8	58	49	0.5280172413793104	0.38053155359037777
chr9:125238242	wtdmso	mtcsc	5	7	72	65	0.6448412698412699	0.5543617842286808
chr9:125238260	wtdmso	mtcsc	7	8	73	61	0.7311643835616438	0.5958057815839328
chr9:125238304	wtdmso	mtcsc	3	1	78	67	2.576923076923077	0.6257241569105396
chr9:125238674	wtdmso	mtcsc	2	4	76	60	0.39473684210526316	0.4091181607767946
chr9:125238969	wtdmso	mtcsc	13	8	48	50	1.6927083333333333	0.34022898022140013
chr9:125239094	wtdmso	mtcsc	1	2	61	52	0.4262295081967213	0.5971198611220706
chr9:125239132	wtdmso	mtcsc	8	8	55	43	0.7818181818181819	0.7875204458582357
chr9:125239144	wtdmso	mtcsc	5	6	52	47	0.7532051282051282	0.7557458201931919
chr9:125239160	wtdmso	mtcsc	2	4	57	47	0.41228070175438597	0.4129912854584813
chr9:125239223	wtdmso	mtcsc	1	2	49	37	0.37755102040816324	0.5793121059490685
chr9:125239251	wtdmso	mtcsc	1	3	53	29	0.18238993710691823	0.1430619880342162
chr9:125239265	wtdmso	mtcsc	3	2	57	33	0.868421052631579	1.0
chr9:125239280	wtdmso	mtcsc	2	2	55	34	0.6181818181818182	0.6392275326356671
chr9:125239460	wtdmso	mtcsc	4	7	52	26	0.2857142857142857	0.09153023423068715
chr9:125240697	wtdmso	mtcsc	2	1	44	31	1.4090909090909092	1.0
chr9:125240760	wtdmso	mtcsc	4	3	40	25	0.8333333333333334	1.0
chr9:125240784	wtdmso	mtcsc	11	8	39	23	0.8108974358974359	0.7891948315900537
chr9:125241156	wtdmso	mtcsc	12	14	32	15	0.4017857142857143	0.08344685638241285
chr9:125241223	wtdmso	mtcsc	3	2	39	25	0.9615384615384616	1.0
chr9:127447684	wtdmso	mtcsc	3	3	259	348	1.3436293436293436	0.7043968377853067
chr9:127447707	wtdmso	mtcsc	2	2	521	621	1.1919385796545106	1.0
chr9:127447907	wtdmso	mtcsc	6	11	547	646	0.6441748379591158	0.46684920956045634
chr9:127447919	wtdmso	mtcsc	13	15	461	576	1.0828633405639914	0.8494454391316948
chr9:127447965	wtdmso	mtcsc	37	64	521	619	0.6868702015355086	0.09463476953558714
chr9:127447986	wtdmso	mtcsc	59	56	456	569	1.3146538220551378	0.167937619414318
chr9:127448343	wtdmso	mtcsc	78	75	449	567	1.3133184855233853	0.11774080050019888
chr9:127448418	wtdmso	mtcsc	15	12	559	688	1.5384615384615385	0.32907609426711826
chr9:127449300	wtdmso	mtcsc	1	3	547	643	0.3918342474101158	0.6294228981935912
chr9:127449311	wtdmso	mtcsc	12	10	545	669	1.4730275229357799	0.3938691171799109
chr9:127449618	wtdmso	mtcsc	11	13	497	594	1.0112985605943352	1.0
chr9:127449622	wtdmso	mtcsc	26	43	466	571	0.7408923046212197	0.26175311276211227
chr9:127449632	wtdmso	mtcsc	63	73	446	542	1.0487744947478346	0.8542887349965949
chr9:127449636	wtdmso	mtcsc	31	34	486	606	1.1368917937545389	0.7003602565482032
chr9:127449664	wtdmso	mtcsc	123	135	388	472	1.1083619702176404	0.47694258461481165
chr9:127449685	wtdmso	mtcsc	15	16	503	624	1.1630218687872764	0.7166707555608437
chr9:128163490	wtdmso	mtcsc	3	1	44	27	1.8409090909090908	1.0
chr9:128163637	wtdmso	mtcsc	22	16	26	11	0.5817307692307693	0.3378356950974917
chr9:128163722	wtdmso	mtcsc	6	5	45	29	0.7733333333333333	0.7483414250929217
chr9:129738392	wtdmso	mtcsc	3	1	10	19	5.7	0.27565982404692085
chr9:129738486	wtdmso	mtcsc	1	2	16	42	1.3125	1.0
chr9:129738522	wtdmso	mtcsc	3	9	24	38	0.5277777777777778	0.5171378350177414
chr9:129738539	wtdmso	mtcsc	1	2	22	42	0.9545454545454546	1.0
chr9:129738720	wtdmso	mtcsc	3	4	24	40	1.25	1.0
chr9:129738794	wtdmso	mtcsc	3	7	22	39	0.7597402597402597	1.0
chr9:129738929	wtdmso	mtcsc	4	14	20	29	0.4142857142857143	0.25037922548667535
chr9:129739207	wtdmso	mtcsc	3	1	8	35	13.125	0.03515263644773358
chr9:129739264	wtdmso	mtcsc	1	2	9	31	1.7222222222222223	0.5578964427518028
chr9:133349551	wtdmso	mtcsc	34	40	469	590	1.0692963752665245	0.8094492235593391
chr9:133349556	wtdmso	mtcsc	19	31	561	723	0.7898913230981542	0.4693586902132865
chr9:133349574	wtdmso	mtcsc	6	6	595	760	1.2773109243697478	0.7733688686890272
chr9:133349688	wtdmso	mtcsc	24	42	579	730	0.7204539847026894	0.2525111125270343
chr9:133349696	wtdmso	mtcsc	1	1	566	737	1.302120141342756	1.0
chr9:133349945	wtdmso	mtcsc	2	4	579	706	0.6096718480138169	0.6960890987168589
chr9:133349952	wtdmso	mtcsc	5	1	598	763	6.379598662207358	0.0931657757767281
chr9:133349975	wtdmso	mtcsc	6	6	623	813	1.304975922953451	0.7722258664145999
chr9:133350245	wtdmso	mtcsc	10	7	686	866	1.8034152436484798	0.32637924520802297
chr9:133350269	wtdmso	mtcsc	20	38	626	793	0.6667227173364721	0.17680266083014717
chr9:133350667	wtdmso	mtcsc	2	6	735	916	0.41541950113378684	0.31218926983080575
chr9:133350692	wtdmso	mtcsc	40	46	640	816	1.108695652173913	0.6562087376746197
chr9:133350723	wtdmso	mtcsc	119	181	556	671	0.7934436980802099	0.08024028119611282
chr9:133351006	wtdmso	mtcsc	5	5	684	863	1.2616959064327486	0.757564333655554
chr9:133351044	wtdmso	mtcsc	103	112	624	819	1.20703125	0.21069585894756554
chr9:133351057	wtdmso	mtcsc	16	6	583	737	3.3710691823899372	0.008905888864417146
chr9:133351344	wtdmso	mtcsc	139	194	608	751	0.8850125474769398	0.3557371198473368
chr9:133351356	wtdmso	mtcsc	69	74	632	824	1.2157030448169688	0.289435271634965
chr9:133361850	wtdmso	mtcsc	1	1	24	24	1.0	1.0
chr9:133361974	wtdmso	mtcsc	1	1	28	26	0.9285714285714286	1.0
chr9:133362060	wtdmso	mtcsc	18	16	8	9	1.265625	0.7712125543243751
chr9:133362215	wtdmso	mtcsc	1	1	24	21	0.875	1.0
chr9:133362246	wtdmso	mtcsc	9	10	16	13	0.73125	0.7685640975034287
chr9:136724756	wtdmso	mtcsc	7	3	22	29	3.0757575757575757	0.1703229330828081
chr9:136724766	wtdmso	mtcsc	19	14	12	16	1.8095238095238095	0.30867371821874356
chr9:136724785	wtdmso	mtcsc	1	4	33	29	0.2196969696969697	0.19744683177518998
chr9:136724854	wtdmso	mtcsc	10	7	20	25	1.7857142857142858	0.3970134830904944
chr9:136726331	wtdmso	mtcsc	1	4	13	26	0.5	1.0
chr9:136726340	wtdmso	mtcsc	4	1	31	34	4.387096774193548	0.3564784771793209
chr9:136726368	wtdmso	mtcsc	2	1	28	27	1.9285714285714286	1.0
chr9:136728057	wtdmso	mtcsc	6	5	24	23	1.15	1.0
chr9:136728141	wtdmso	mtcsc	1	4	9	9	0.25	0.33935629587803495
chr9:136791377	wtdmso	mtcsc	3	1	7	12	5.142857142857143	0.28063241106719367
chr9:136791712	wtdmso	mtcsc	1	3	9	10	0.37037037037037035	0.603613777526821
chr9:136849428	wtdmso	mtcsc	1	6	33	42	0.21212121212121213	0.23006949111497302
chr9:136849443	wtdmso	mtcsc	1	4	24	46	0.4791666666666667	0.6593158854397518
chr9:136862167	wtdmso	mtcsc	1	3	16	32	0.6666666666666666	1.0
chr9:136862282	wtdmso	mtcsc	2	8	16	28	0.4375	0.4662946185819836
chr9:136862323	wtdmso	mtcsc	1	6	16	28	0.2916666666666667	0.40074769099745977
chr9:136863297	wtdmso	mtcsc	4	3	14	32	3.0476190476190474	0.2110490071951333
chr9:136863393	wtdmso	mtcsc	2	3	13	25	1.2820512820512822	1.0
chr9:136863408	wtdmso	mtcsc	3	7	9	25	1.1904761904761905	1.0
chr9:136940810	wtdmso	mtcsc	4	4	6	13	2.1666666666666665	0.4146684233640755
chr9:136940886	wtdmso	mtcsc	6	4	7	15	3.2142857142857144	0.2439328722735406
chr9:136940897	wtdmso	mtcsc	1	3	11	12	0.36363636363636365	0.6051282051282052
chr9:136941159	wtdmso	mtcsc	1	2	9	13	0.7222222222222222	1.0
chr9:136941262	wtdmso	mtcsc	4	3	8	15	2.5	0.3915473032714412
chr9:136941353	wtdmso	mtcsc	1	2	9	15	0.8333333333333334	1.0
chr9:136941593	wtdmso	mtcsc	1	1	10	13	1.3	1.0
chr9:137241964	wtdmso	mtcsc	1	1	11	27	2.4545454545454546	0.5153846153846154
chr9:137242558	wtdmso	mtcsc	1	6	11	24	0.36363636363636365	0.6513721680602297
chr9:137242600	wtdmso	mtcsc	2	19	10	12	0.12631578947368421	0.015698057671965783
chr9:137242644	wtdmso	mtcsc	6	14	7	18	1.1020408163265305	1.0
chr9:137242711	wtdmso	mtcsc	3	10	9	21	0.7	0.7271706660135213
chr9:137242801	wtdmso	mtcsc	3	1	8	27	10.125	0.06018163912900756
chr9:137242812	wtdmso	mtcsc	1	1	10	21	2.1	1.0
chr9:137242857	wtdmso	mtcsc	2	1	12	29	4.833333333333333	0.23361522198731502
chr9:137242869	wtdmso	mtcsc	1	1	10	26	2.6	0.5007112375533429
chr9:137242888	wtdmso	mtcsc	2	4	11	24	1.0909090909090908	1.0
chr9:137242984	wtdmso	mtcsc	4	10	9	21	0.9333333333333333	1.0
chr9:137243110	wtdmso	mtcsc	4	9	9	23	1.1358024691358024	1.0
chr9:137243281	wtdmso	mtcsc	2	3	11	27	1.6363636363636365	0.6298922291548498
chr9:137243594	wtdmso	mtcsc	6	16	7	14	0.75	0.7469875049513863
chr9:137552127	wtdmso	mtcsc	3	1	10	12	3.6	0.5930434782608694
chr9:137552388	wtdmso	mtcsc	9	17	11	10	0.48128342245989303	0.25028153577368084
chr9:137552415	wtdmso	mtcsc	1	1	15	12	0.8	1.0
chr9:137552481	wtdmso	mtcsc	6	4	14	26	2.7857142857142856	0.17066881289489066
chr9:19376343	wtdmso	mtcsc	5	4	413	386	1.1682808716707023	1.0
chr9:19376364	wtdmso	mtcsc	17	14	541	540	1.212041193556905	0.7163046102720565
chr9:19376514	wtdmso	mtcsc	2	1	540	545	2.0185185185185186	0.6232776196751935
chr9:19376636	wtdmso	mtcsc	32	45	492	477	0.6894308943089431	0.12519267424600594
chr9:19378434	wtdmso	mtcsc	3	5	532	532	0.6	0.7255407885941181
chr9:19378490	wtdmso	mtcsc	62	48	414	421	1.3135064412238324	0.18860952284686755
chr9:19378494	wtdmso	mtcsc	189	187	312	323	1.0463286713286712	0.7451423544065092
chr9:19378791	wtdmso	mtcsc	99	81	429	445	1.2678062678062678	0.16411836600801577
chr9:19378801	wtdmso	mtcsc	3	3	488	491	1.0061475409836065	1.0
chr9:19378851	wtdmso	mtcsc	8	6	450	459	1.36	0.6019381421368897
chr9:19379555	wtdmso	mtcsc	21	8	476	480	2.6470588235294117	0.022267974858915837
chr9:19379582	wtdmso	mtcsc	5	8	493	489	0.6199290060851927	0.42061090708793847
chr9:19379613	wtdmso	mtcsc	90	66	349	387	1.5121125293045063	0.021861334103711643
chr9:21968241	wtdmso	mtcsc	1	1	40	59	1.475	1.0
chr9:21971011	wtdmso	mtcsc	3	1	42	64	4.571428571428571	0.30284582946848226
chr9:21971083	wtdmso	mtcsc	2	6	44	62	0.4696969696969697	0.4709923410294581
chr9:21974786	wtdmso	mtcsc	1	2	18	35	0.9722222222222222	1.0
chr9:21994332	wtdmso	mtcsc	4	3	7	24	4.571428571428571	0.1607135386160154
chr9:32572986	wtdmso	mtcsc	2	1	9	27	6.0	0.18656308129992344
chr9:33796766	wtdmso	mtcsc	5	3	10	18	3.0	0.23576403966379755
chr9:33797932	wtdmso	mtcsc	2	2	13	23	1.7692307692307692	0.6224969909180436
chr9:33797963	wtdmso	mtcsc	1	1	13	23	1.7692307692307692	1.0
chr9:33799031	wtdmso	mtcsc	2	4	13	21	0.8076923076923077	1.0
chr9:33799106	wtdmso	mtcsc	2	3	10	8	0.5333333333333333	0.6404053612291598
chr9:35056586	wtdmso	mtcsc	3	1	12	14	3.5	0.5977011494252873
chr9:35056763	wtdmso	mtcsc	5	1	12	17	7.083333333333333	0.087683284457478
chr9:35056825	wtdmso	mtcsc	4	6	14	13	0.6190476190476191	0.7139819564736138
chr9:35056969	wtdmso	mtcsc	3	1	18	29	4.833333333333333	0.29327731092436976
chr9:35057077	wtdmso	mtcsc	6	9	27	23	0.5679012345679012	0.3894339577195286
chr9:35057129	wtdmso	mtcsc	2	2	34	34	1.0	1.0
chr9:35057207	wtdmso	mtcsc	5	10	28	26	0.4642857142857143	0.2510467437565268
chr9:35057438	wtdmso	mtcsc	1	1	29	33	1.1379310344827587	1.0
chr9:35059211	wtdmso	mtcsc	4	2	12	25	4.166666666666667	0.1739985243881115
chr9:35059616	wtdmso	mtcsc	3	2	14	12	1.2857142857142858	1.0
chr9:35061021	wtdmso	mtcsc	1	1	12	15	1.25	1.0
chr9:35061045	wtdmso	mtcsc	6	2	9	13	4.333333333333333	0.21475928702315508
chr9:35061144	wtdmso	mtcsc	1	2	12	12	0.5	1.0
chr9:35061579	wtdmso	mtcsc	1	3	14	11	0.2619047619047619	0.32950191570881227
chr9:35061586	wtdmso	mtcsc	1	3	14	11	0.2619047619047619	0.32950191570881227
chr9:35061610	wtdmso	mtcsc	1	4	14	11	0.19642857142857142	0.32950191570881227
chr9:35062137	wtdmso	mtcsc	2	2	11	13	1.1818181818181819	1.0
chr9:35099930	wtdmso	mtcsc	4	5	6	10	1.3333333333333333	1.0
chr9:35100058	wtdmso	mtcsc	2	3	9	13	0.9629629629629629	1.0
chr9:35100126	wtdmso	mtcsc	1	4	10	13	0.325	0.6194546194546195
chr9:35100655	wtdmso	mtcsc	4	2	7	16	4.571428571428571	0.163849943160288
chr9:35100701	wtdmso	mtcsc	4	6	7	10	0.9523809523809523	1.0
chr9:36211682	wtdmso	mtcsc	1	9	13	22	0.18803418803418803	0.13728626840248775
chr9:36211870	wtdmso	mtcsc	3	8	9	17	0.7083333333333334	1.0
chr9:37436769	wtdmso	mtcsc	7	11	4	15	2.3863636363636362	0.29529593155844547
chr9:37436938	wtdmso	mtcsc	1	1	9	26	2.888888888888889	0.4729729729729729
chr9:37588722	wtdmso	mtcsc	1	2	16	8	0.25	0.535042735042735
chr9:37588744	wtdmso	mtcsc	2	1	15	10	1.3333333333333333	1.0
chr9:37588789	wtdmso	mtcsc	3	3	13	8	0.6153846153846154	0.6618357487922706
chr9:37588802	wtdmso	mtcsc	10	5	9	8	1.7777777777777777	0.4905289290838454
chr9:37592443	wtdmso	mtcsc	5	2	12	10	2.0833333333333335	0.6645267110034726
chr9:7798439	wtdmso	mtcsc	6	15	6	11	0.7333333333333333	0.734239244806542
chr9:7798486	wtdmso	mtcsc	6	16	5	8	0.6	0.7077387573494358
chr9:7799598	wtdmso	mtcsc	1	1	11	26	2.3636363636363638	0.5263157894736843
chr9:83968912	wtdmso	mtcsc	1	3	13	8	0.20512820512820512	0.28782608695652173
chr9:83969068	wtdmso	mtcsc	22	17	30	22	0.9490196078431372	1.0
chr9:83969336	wtdmso	mtcsc	10	6	43	35	1.3565891472868217	0.782904864521691
chr9:83969347	wtdmso	mtcsc	2	2	51	40	0.7843137254901961	1.0
chr9:83970164	wtdmso	mtcsc	5	2	25	20	2.0	0.6845398303062774
chr9:83970197	wtdmso	mtcsc	6	3	40	35	1.75	0.5026533092256934
chr9:83970204	wtdmso	mtcsc	1	1	42	32	0.7619047619047619	1.0
chr9:83970772	wtdmso	mtcsc	2	4	43	28	0.32558139534883723	0.22654989936893324
chr9:83971327	wtdmso	mtcsc	10	9	36	26	0.8024691358024691	0.7926572214592289
chr9:83971970	wtdmso	mtcsc	2	1	32	18	1.125	1.0
chr9:83972970	wtdmso	mtcsc	1	2	28	17	0.30357142857142855	0.5540009250693803
chr9:83973294	wtdmso	mtcsc	3	4	27	25	0.6944444444444444	0.7064691994252864
chr9:83973370	wtdmso	mtcsc	2	5	30	25	0.3333333333333333	0.24862169316038082
chr9:83973376	wtdmso	mtcsc	2	2	29	27	0.9310344827586207	1.0
chr9:83975479	wtdmso	mtcsc	1	3	12	14	0.3888888888888889	0.6129173508483854
chr9:83978240	wtdmso	mtcsc	4	4	7	7	1.0	1.0
chr9:83978375	wtdmso	mtcsc	1	2	11	13	0.5909090909090909	1.0
chr9:99230496	wtdmso	mtcsc	2	2	21	28	1.3333333333333333	1.0
chrX:101391524	wtdmso	mtcsc	22	43	162	246	0.7769164513350559	0.4126150836360742
chrX:101391769	wtdmso	mtcsc	1	1	191	309	1.617801047120419	1.0
chrX:101395340	wtdmso	mtcsc	2	9	212	314	0.32914046121593293	0.21365234011238932
chrX:101395432	wtdmso	mtcsc	84	133	122	179	0.9266609145815358	0.7161842323535381
chrX:101395769	wtdmso	mtcsc	7	6	142	232	1.9061032863849765	0.2600390190151581
chrX:103377730	wtdmso	mtcsc	1	1	14	32	2.2857142857142856	0.5319148936170214
chrX:103377826	wtdmso	mtcsc	3	1	13	30	6.923076923076923	0.10753230734729345
chrX:119468546	wtdmso	mtcsc	3	6	70	113	0.8071428571428572	1.0
chrX:119469715	wtdmso	mtcsc	16	20	63	102	1.2952380952380953	0.5727014481226453
chrX:119469859	wtdmso	mtcsc	9	9	71	115	1.619718309859155	0.3267312896209374
chrX:119469867	wtdmso	mtcsc	1	5	85	128	0.30117647058823527	0.4072732287837566
chrX:119470024	wtdmso	mtcsc	8	25	72	105	0.4666666666666667	0.08179583492336534
chrX:119470135	wtdmso	mtcsc	4	2	72	131	3.638888888888889	0.1931281985129415
chrX:119470393	wtdmso	mtcsc	3	2	87	142	2.4482758620689653	0.3754165222722789
chrX:119470452	wtdmso	mtcsc	2	4	75	126	0.84	1.0
chrX:119470899	wtdmso	mtcsc	7	13	90	146	0.8735042735042735	1.0
chrX:119470903	wtdmso	mtcsc	3	5	87	138	0.9517241379310345	1.0
chrX:119470927	wtdmso	mtcsc	8	8	83	139	1.6746987951807228	0.4248660886459338
chrX:119471087	wtdmso	mtcsc	39	77	38	57	0.7597402597402597	0.38908457933323626
chrX:119471132	wtdmso	mtcsc	1	3	80	131	0.5458333333333333	1.0
chrX:119471202	wtdmso	mtcsc	4	5	70	115	1.3142857142857143	0.7335002362376777
chrX:119471245	wtdmso	mtcsc	11	17	84	135	1.0399159663865547	1.0
chrX:119786554	wtdmso	mtcsc	15	58	180	363	0.521551724137931	0.031893372906987384
chrX:119786700	wtdmso	mtcsc	1	5	215	447	0.4158139534883721	0.6697236146049446
chrX:119789923	wtdmso	mtcsc	16	31	167	362	1.118794668727062	0.7449385894027725
chrX:119789998	wtdmso	mtcsc	6	5	181	398	2.6386740331491714	0.11137189387984692
chrX:119791590	wtdmso	mtcsc	29	44	167	375	1.4799945563418617	0.14116869859356682
chrX:119871934	wtdmso	mtcsc	1	3	31	38	0.40860215053763443	0.6263241549755152
chrX:119871970	wtdmso	mtcsc	3	10	12	21	0.525	0.4968041642844065
chrX:119876523	wtdmso	mtcsc	1	2	31	37	0.5967741935483871	1.0
chrX:12975138	wtdmso	mtcsc	14	9	56	73	2.0277777777777777	0.17245670541163133
chrX:12976268	wtdmso	mtcsc	5	4	108	139	1.6087962962962963	0.5136734187453202
chrX:12976311	wtdmso	mtcsc	5	3	115	156	2.260869565217391	0.2958330861517864
chrX:12976321	wtdmso	mtcsc	2	2	122	158	1.2950819672131149	1.0
chrX:12976783	wtdmso	mtcsc	24	24	109	145	1.3302752293577982	0.4284928365767227
chrX:12976886	wtdmso	mtcsc	3	3	133	174	1.3082706766917294	1.0
chrX:12976925	wtdmso	mtcsc	47	65	86	102	0.857602862254025	0.5496288509716826
chrX:12976952	wtdmso	mtcsc	5	5	127	169	1.330708661417323	0.750323857428953
chrX:12977022	wtdmso	mtcsc	5	6	138	169	1.0205314009661837	1.0
chrX:1386331	wtdmso	mtcsc	8	5	193	193	1.6	0.5747652455268255
chrX:1386347	wtdmso	mtcsc	48	28	165	186	1.9324675324675324	0.011506950319169842
chrX:1386381	wtdmso	mtcsc	39	34	168	186	1.2699579831932772	0.37037619381072884
chrX:1386525	wtdmso	mtcsc	39	26	130	122	1.4076923076923078	0.26510487841698394
chrX:1386551	wtdmso	mtcsc	4	8	242	215	0.44421487603305787	0.24361783766716497
chrX:1386560	wtdmso	mtcsc	13	6	226	208	1.9941002949852507	0.23997164075395944
chrX:1386755	wtdmso	mtcsc	1	2	185	161	0.43513513513513513	0.60073670546047
chrX:1387397	wtdmso	mtcsc	36	18	159	158	1.9874213836477987	0.027263829973000878
chrX:1389362	wtdmso	mtcsc	15	13	165	159	1.1118881118881119	0.8454519036358809
chrX:1389423	wtdmso	mtcsc	9	8	166	158	1.0707831325301205	1.0
chrX:1389527	wtdmso	mtcsc	16	17	114	127	1.0485036119711042	1.0
chrX:1389671	wtdmso	mtcsc	53	49	93	93	1.0816326530612246	0.8056698244429579
chrX:1391977	wtdmso	mtcsc	3	2	146	143	1.4691780821917808	1.0
chrX:1392000	wtdmso	mtcsc	8	15	116	104	0.4781609195402299	0.12596144873087134
chrX:152972712	wtdmso	mtcsc	4	3	11	10	1.2121212121212122	1.0
chrX:152973308	wtdmso	mtcsc	2	2	15	25	1.6666666666666667	0.6337043557690183
chrX:153700539	wtdmso	mtcsc	3	6	30	43	0.7166666666666667	0.733734388861865
chrX:153700622	wtdmso	mtcsc	3	9	31	40	0.43010752688172044	0.34307577309921894
chrX:153700754	wtdmso	mtcsc	3	8	38	46	0.45394736842105265	0.3403264767894104
chrX:153702105	wtdmso	mtcsc	2	1	14	42	6.0	0.17595127503152974
chrX:153702975	wtdmso	mtcsc	2	3	11	29	1.7575757575757576	0.6173713473770195
chrX:153702993	wtdmso	mtcsc	3	1	11	35	9.545454545454545	0.06124620060790276
chrX:153704074	wtdmso	mtcsc	1	4	12	26	0.5416666666666666	1.0
chrX:153715640	wtdmso	mtcsc	1	2	12	27	1.125	1.0
chrX:153723228	wtdmso	mtcsc	1	6	10	19	0.31666666666666665	0.3999051233396584
chrX:153796504	wtdmso	mtcsc	1	1	54	91	1.6851851851851851	1.0
chrX:153796541	wtdmso	mtcsc	3	3	48	97	2.0208333333333335	0.4063091931569495
chrX:153797458	wtdmso	mtcsc	11	10	53	111	2.3037735849056604	0.08812706958293144
chrX:153798089	wtdmso	mtcsc	3	6	57	96	0.8421052631578947	1.0
chrX:153798128	wtdmso	mtcsc	6	10	48	92	1.15	0.7875917428559067
chrX:153798481	wtdmso	mtcsc	3	10	41	72	0.526829268292683	0.5402941856624726
chrX:153798488	wtdmso	mtcsc	4	20	9	29	0.6444444444444445	0.749816603072168
chrX:154010734	wtdmso	mtcsc	1	1	24	34	1.4166666666666667	1.0
chrX:154010793	wtdmso	mtcsc	1	5	26	34	0.26153846153846155	0.3880428138757065
chrX:154010956	wtdmso	mtcsc	2	1	22	32	2.909090909090909	0.5669172932330826
chrX:154011305	wtdmso	mtcsc	1	3	11	24	0.7272727272727273	1.0
chrX:154011677	wtdmso	mtcsc	1	2	11	8	0.36363636363636365	0.5714285714285713
chrX:154011898	wtdmso	mtcsc	1	3	12	9	0.25	0.3217391304347825
chrX:154011903	wtdmso	mtcsc	1	3	11	7	0.21212121212121213	0.29323308270676696
chrX:154012676	wtdmso	mtcsc	4	2	8	8	2.0	0.6461742591773552
chrX:154013140	wtdmso	mtcsc	3	1	7	9	3.857142857142857	0.5820433436532508
chrX:154013159	wtdmso	mtcsc	1	1	10	10	1.0	1.0
chrX:154348679	wtdmso	mtcsc	4	10	185	200	0.43243243243243246	0.1804196169142272
chrX:154348927	wtdmso	mtcsc	12	19	139	153	0.6951912154486937	0.4494242211944407
chrX:154348997	wtdmso	mtcsc	16	16	152	182	1.1973684210526316	0.7113642232900117
chrX:154349375	wtdmso	mtcsc	17	17	157	194	1.2356687898089171	0.5914220858927242
chrX:154349502	wtdmso	mtcsc	16	22	120	151	0.9151515151515152	0.8625573639182276
chrX:154349510	wtdmso	mtcsc	3	11	143	166	0.3165924984106802	0.09792615329029196
chrX:154349807	wtdmso	mtcsc	1	1	126	160	1.2698412698412698	1.0
chrX:154349842	wtdmso	mtcsc	12	24	109	130	0.5963302752293578	0.20794728002750407
chrX:154349863	wtdmso	mtcsc	1	4	125	155	0.31	0.3874577837913723
chrX:154350080	wtdmso	mtcsc	5	8	113	150	0.8296460176991151	1.0
chrX:154350913	wtdmso	mtcsc	10	5	85	126	2.9647058823529413	0.058508221275563946
chrX:154351661	wtdmso	mtcsc	9	8	67	107	1.796641791044776	0.3015719621202819
chrX:154351692	wtdmso	mtcsc	2	3	83	127	1.0200803212851406	1.0
chrX:154351930	wtdmso	mtcsc	7	5	73	100	1.917808219178082	0.36851672953827275
chrX:154352003	wtdmso	mtcsc	4	7	56	82	0.8367346938775511	1.0
chrX:154352365	wtdmso	mtcsc	1	2	68	103	0.7573529411764706	1.0
chrX:154352414	wtdmso	mtcsc	2	6	62	94	0.5053763440860215	0.4842416287548823
chrX:154352426	wtdmso	mtcsc	4	7	60	83	0.7904761904761904	1.0
chrX:154352572	wtdmso	mtcsc	6	13	59	89	0.6962190352020861	0.6195193245822914
chrX:154352651	wtdmso	mtcsc	1	3	46	75	0.5434782608695652	1.0
chrX:154352863	wtdmso	mtcsc	10	20	45	72	0.8	0.6760401954275321
chrX:154353593	wtdmso	mtcsc	7	11	33	60	1.1570247933884297	0.7935574837556296
chrX:154353658	wtdmso	mtcsc	1	2	34	59	0.8676470588235294	1.0
chrX:154353672	wtdmso	mtcsc	1	3	27	61	0.7530864197530864	1.0
chrX:154353958	wtdmso	mtcsc	8	17	31	45	0.683111954459203	0.48549903301285857
chrX:154354222	wtdmso	mtcsc	2	3	34	57	1.1176470588235294	1.0
chrX:154354440	wtdmso	mtcsc	2	5	27	48	0.7111111111111111	1.0
chrX:154354697	wtdmso	mtcsc	5	9	18	25	0.7716049382716049	0.7618065034122843
chrX:154355017	wtdmso	mtcsc	5	12	22	38	0.7196969696969697	0.7745928003618129
chrX:154357541	wtdmso	mtcsc	1	4	9	32	0.8888888888888888	1.0
chrX:154381252	wtdmso	mtcsc	1	1	9	20	2.2222222222222223	1.0
chrX:154399354	wtdmso	mtcsc	8	20	685	1166	0.6808759124087591	0.4328211013623045
chrX:154399507	wtdmso	mtcsc	25	27	719	1214	1.563385360325555	0.11264680223807241
chrX:154399937	wtdmso	mtcsc	14	18	744	1318	1.3778375149342892	0.36156161941812426
chrX:154400470	wtdmso	mtcsc	10	20	739	1300	0.8795669824086604	0.8493464894725226
chrX:154400564	wtdmso	mtcsc	18	40	804	1364	0.7634328358208955	0.4087809661150371
chrX:154400756	wtdmso	mtcsc	12	23	804	1389	0.9013627514600908	0.8607055895632776
chrX:154400828	wtdmso	mtcsc	49	95	637	1127	0.9125506072874494	0.652298833549984
chrX:154436292	wtdmso	mtcsc	1	1	15	9	0.6	1.0
chrX:154436390	wtdmso	mtcsc	3	1	11	9	2.4545454545454546	0.6146245059288539
chrX:154442616	wtdmso	mtcsc	1	1	9	22	2.4444444444444446	0.5208333333333334
chrX:154442951	wtdmso	mtcsc	4	2	18	22	2.4444444444444446	0.4051805634335413
chrX:154531566	wtdmso	mtcsc	5	8	45	80	1.1111111111111112	1.0
chrX:154531913	wtdmso	mtcsc	3	7	41	81	0.8466898954703833	1.0
chrX:154531920	wtdmso	mtcsc	6	3	40	87	4.35	0.06111816224860041
chrX:154531928	wtdmso	mtcsc	12	16	37	74	1.5	0.38029337515341893
chrX:154532015	wtdmso	mtcsc	3	8	41	77	0.7042682926829268	0.7481300774076958
chrX:154532586	wtdmso	mtcsc	6	15	24	56	0.9333333333333333	1.0
chrX:154533060	wtdmso	mtcsc	5	21	6	29	1.1507936507936507	1.0
chrX:154534127	wtdmso	mtcsc	1	5	9	36	0.8	1.0
chrX:154534352	wtdmso	mtcsc	2	6	9	36	1.3333333333333333	0.6651765720862551
chrX:154534487	wtdmso	mtcsc	1	4	9	35	0.9722222222222222	1.0
chrX:154535194	wtdmso	mtcsc	1	4	10	38	0.95	1.0
chrX:23667705	wtdmso	mtcsc	3	1	27	16	1.7777777777777777	1.0
chrX:23671557	wtdmso	mtcsc	2	1	29	15	1.0344827586206897	1.0
chrX:23679191	wtdmso	mtcsc	2	1	11	10	1.8181818181818181	1.0
chrX:23679247	wtdmso	mtcsc	2	1	28	17	1.2142857142857142	1.0
chrX:23783248	wtdmso	mtcsc	22	18	112	73	0.7966269841269841	0.5947728242904811
chrX:23783284	wtdmso	mtcsc	2	2	149	95	0.6375838926174496	0.6453202654139693
chrX:23783397	wtdmso	mtcsc	6	5	145	92	0.7613793103448275	0.7552637421049274
chrX:23783686	wtdmso	mtcsc	4	2	151	94	1.2450331125827814	1.0
chrX:23783699	wtdmso	mtcsc	9	6	160	105	0.984375	1.0
chrX:23783873	wtdmso	mtcsc	8	1	154	113	5.87012987012987	0.08581540525360255
chrX:23785328	wtdmso	mtcsc	12	2	145	102	4.220689655172414	0.05145490357656555
chrX:23785369	wtdmso	mtcsc	1	1	151	102	0.6754966887417219	1.0
chrX:23785402	wtdmso	mtcsc	7	3	148	103	1.6238738738738738	0.7444715302388114
chrX:23785741	wtdmso	mtcsc	8	14	164	104	0.3623693379790941	0.039875514025424
chrX:23785804	wtdmso	mtcsc	22	12	163	112	1.2597137014314927	0.5831017434627618
chrX:23785874	wtdmso	mtcsc	4	2	151	101	1.3377483443708609	1.0
chrX:23786113	wtdmso	mtcsc	4	1	154	102	2.6493506493506493	0.6511391091254358
chrX:23786193	wtdmso	mtcsc	3	3	126	86	0.6825396825396826	0.6900182908137716
chrX:2720373	wtdmso	mtcsc	8	8	5	13	2.6	0.2905547226386807
chrX:2740877	wtdmso	mtcsc	3	2	9	10	1.6666666666666667	1.0
chrX:47142256	wtdmso	mtcsc	3	2	22	41	2.7954545454545454	0.34886160262038224
chrX:47142316	wtdmso	mtcsc	1	1	28	47	1.6785714285714286	1.0
chrX:47142619	wtdmso	mtcsc	6	1	33	45	8.181818181818182	0.044366500988122136
chrX:47142694	wtdmso	mtcsc	3	5	35	38	0.6514285714285715	0.7167815775410712
chrX:47142715	wtdmso	mtcsc	2	3	27	39	0.9629629629629629	1.0
chrX:47142736	wtdmso	mtcsc	4	6	35	35	0.6666666666666666	0.7379452099199227
chrX:47144499	wtdmso	mtcsc	6	9	23	36	1.0434782608695652	1.0
chrX:47144506	wtdmso	mtcsc	12	8	22	37	2.522727272727273	0.11611554522649083
chrX:47144529	wtdmso	mtcsc	6	3	29	44	3.0344827586206895	0.16083897687869028
chrX:47144573	wtdmso	mtcsc	9	5	17	17	1.8	0.5257306929188152
chrX:47203140	wtdmso	mtcsc	2	1	23	23	2.0	1.0
chrX:47203577	wtdmso	mtcsc	2	1	21	23	2.1904761904761907	0.6085106382978723
chrX:47203637	wtdmso	mtcsc	1	1	22	11	0.5	1.0
chrX:47206020	wtdmso	mtcsc	5	4	24	22	1.1458333333333333	1.0
chrX:47206373	wtdmso	mtcsc	12	4	14	21	4.5	0.033728811971893764
chrX:47209949	wtdmso	mtcsc	5	12	25	14	0.23333333333333334	0.02180111145887658
chrX:47210027	wtdmso	mtcsc	1	1	26	23	0.8846153846153846	1.0
chrX:47210037	wtdmso	mtcsc	3	1	25	21	2.52	0.6208510638297874
chrX:47210045	wtdmso	mtcsc	1	1	29	27	0.9310344827586207	1.0
chrX:47210082	wtdmso	mtcsc	5	8	26	20	0.4807692307692308	0.34827999558671785
chrX:47211048	wtdmso	mtcsc	3	1	28	25	2.6785714285714284	0.6174147489936964
chrX:47211108	wtdmso	mtcsc	7	5	26	24	1.2923076923076924	0.7564446030589753
chrX:47212468	wtdmso	mtcsc	1	1	25	25	1.0	1.0
chrX:47212501	wtdmso	mtcsc	4	1	37	30	3.2432432432432434	0.3822840424187638
chrX:47212831	wtdmso	mtcsc	1	3	43	29	0.2248062015503876	0.30394278922036677
chrX:47214398	wtdmso	mtcsc	1	6	50	29	0.09666666666666666	0.016657795232103815
chrX:47214406	wtdmso	mtcsc	1	2	49	32	0.32653061224489793	0.5628856890978549
chrX:47214536	wtdmso	mtcsc	1	2	48	30	0.3125	0.5589310829817159
chrX:47214928	wtdmso	mtcsc	3	1	51	31	1.8235294117647058	1.0
chrX:47215061	wtdmso	mtcsc	2	1	50	34	1.36	1.0
chrX:47583408	wtdmso	mtcsc	21	21	136	167	1.2279411764705883	0.6204634958423627
chrX:47584958	wtdmso	mtcsc	3	5	177	210	0.711864406779661	0.7324592647770429
chrX:47585546	wtdmso	mtcsc	7	8	179	200	0.9776536312849162	1.0
chrX:47585558	wtdmso	mtcsc	29	38	136	174	0.9763931888544891	1.0
chrX:47585599	wtdmso	mtcsc	14	16	185	213	1.0074324324324324	1.0
chrX:47585637	wtdmso	mtcsc	9	13	186	218	0.8114143920595533	0.6677045232870684
chrX:47586549	wtdmso	mtcsc	8	4	182	235	2.5824175824175826	0.14366623375265405
chrX:47586581	wtdmso	mtcsc	4	5	169	190	0.8994082840236687	1.0
chrX:47586760	wtdmso	mtcsc	16	20	159	191	0.9610062893081761	1.0
chrX:47651841	wtdmso	mtcsc	3	2	12	30	3.75	0.30883822629191904
chrX:47651883	wtdmso	mtcsc	1	5	17	41	0.4823529411764706	0.6669887900889009
chrX:47652120	wtdmso	mtcsc	3	14	15	30	0.42857142857142855	0.34840602813466137
chrX:47657592	wtdmso	mtcsc	4	9	22	38	0.7676767676767676	0.7602314347886268
chrX:47658835	wtdmso	mtcsc	1	4	28	42	0.375	0.6429143787816373
chrX:49171985	wtdmso	mtcsc	9	3	61	110	5.409836065573771	0.011256931774465982
chrX:49173240	wtdmso	mtcsc	4	10	58	88	0.6068965517241379	0.5685730837337011
chrX:49173399	wtdmso	mtcsc	13	18	66	101	1.1052188552188553	0.8431012829702704
chrX:49174671	wtdmso	mtcsc	2	5	69	98	0.5681159420289855	0.7019648566974162
chrX:49174698	wtdmso	mtcsc	21	42	62	82	0.6612903225806451	0.21889262121326997
chrX:49174731	wtdmso	mtcsc	9	8	70	114	1.832142857142857	0.299839850094339
chrX:49174748	wtdmso	mtcsc	7	15	72	101	0.6546296296296297	0.49083280733852347
chrX:49174932	wtdmso	mtcsc	6	19	62	91	0.4634974533106961	0.12672466380782083
chrX:49174937	wtdmso	mtcsc	10	11	70	118	1.5324675324675325	0.35547369666455747
chrX:49175010	wtdmso	mtcsc	6	11	73	110	0.821917808219178	0.7996731178821679
chrX:56729327	wtdmso	mtcsc	2	1	11	33	6.0	0.1811902559358619
chrX:56732083	wtdmso	mtcsc	1	2	14	35	1.25	1.0
chrX:56732176	wtdmso	mtcsc	1	3	13	32	0.8205128205128205	1.0
chrX:56817434	wtdmso	mtcsc	6	15	9	24	1.0666666666666667	1.0
chrX:56817488	wtdmso	mtcsc	3	9	12	30	0.8333333333333334	1.0
chrX:56817521	wtdmso	mtcsc	2	3	12	34	1.8888888888888888	0.6063829787234043
chrX:65740341	wtdmso	mtcsc	3	11	11	11	0.2727272727272727	0.1600489540176148
chrX:65740522	wtdmso	mtcsc	2	3	12	19	1.0555555555555556	1.0
chrX:65740818	wtdmso	mtcsc	2	2	15	21	1.4	1.0
chrX:65741054	wtdmso	mtcsc	2	2	11	17	1.5454545454545454	1.0
chrX:65741093	wtdmso	mtcsc	2	2	14	22	1.5714285714285714	1.0
chrX:65741661	wtdmso	mtcsc	1	6	37	46	0.2072072072072072	0.23143784783855784
chrX:72272653	wtdmso	mtcsc	11	7	547	507	1.4565160616348916	0.48375100912695923
chrX:72272685	wtdmso	mtcsc	1	1	555	519	0.9351351351351351	1.0
chrX:72272697	wtdmso	mtcsc	23	29	502	447	0.7062096441818931	0.2546622391399761
chrX:72273371	wtdmso	mtcsc	61	59	458	426	0.9616608689216194	0.8463157632917885
chrX:72273836	wtdmso	mtcsc	2	4	489	440	0.4498977505112474	0.4312442355936158
chrX:72273911	wtdmso	mtcsc	46	49	475	444	0.8775080558539206	0.5903146002511497
chrX:72275101	wtdmso	mtcsc	19	16	447	414	1.0998322147651007	0.8636776355695486
chrX:72275134	wtdmso	mtcsc	11	9	468	422	1.1020892687559354	1.0
chrX:72275573	wtdmso	mtcsc	115	108	378	364	1.0253772290809329	0.8788673367694375
chrX:72275656	wtdmso	mtcsc	13	14	359	313	0.8095901313171509	0.6950076367780118
chrX:72276167	wtdmso	mtcsc	8	7	434	410	1.0796576695194207	1.0
chrX:78104301	wtdmso	mtcsc	1	3	16	59	1.2291666666666667	1.0
chrX:78104368	wtdmso	mtcsc	1	2	16	52	1.625	0.5660222202781909
chrX:78109892	wtdmso	mtcsc	2	2	27	62	2.2962962962962963	0.5861761426978818
chrX:78113781	wtdmso	mtcsc	1	1	16	49	3.0625	0.4459520578923565
chrX:78113878	wtdmso	mtcsc	4	11	30	60	0.7272727272727273	0.7691709082901711
chrX:78114035	wtdmso	mtcsc	5	12	26	51	0.8173076923076923	1.0
chrX:78114104	wtdmso	mtcsc	3	4	33	63	1.4318181818181819	0.6929206000018536
chrX:78114155	wtdmso	mtcsc	1	3	35	68	0.6476190476190476	1.0
chrX:78118112	wtdmso	mtcsc	4	15	34	61	0.47843137254901963	0.2895016395966054
chrX:78122878	wtdmso	mtcsc	1	3	25	56	0.7466666666666667	1.0
chrX:78123240	wtdmso	mtcsc	6	14	44	73	0.711038961038961	0.6196005691781501
chrX:78123291	wtdmso	mtcsc	3	6	48	84	0.875	1.0
chrX:78124880	wtdmso	mtcsc	22	38	29	62	1.2377495462794919	0.599361520009922
chrX:78125362	wtdmso	mtcsc	3	4	46	83	1.3532608695652173	0.7022629200042655
chrX:78125960	wtdmso	mtcsc	4	10	52	92	0.7076923076923077	0.7715759400414508
chrX:78126051	wtdmso	mtcsc	1	5	49	91	0.37142857142857144	0.6643117505751983
