chrom:genomepos	wtdmso	mtdmso
HLA-B*38:01:01:1947-mod	1	1
HLA-B*38:01:01:1947-unmod	9	10
HLA-B*38:01:01:1969-mod	1	1
HLA-B*38:01:01:1969-unmod	9	10
chr10:100361831-mod	1	1
chr10:100361831-unmod	20	25
chr10:100362195-mod	10	9
chr10:100362195-unmod	17	27
chr10:100362220-mod	1	1
chr10:100362220-unmod	27	36
chr10:100362647-mod	1	3
chr10:100362647-unmod	39	42
chr10:100362752-mod	1	2
chr10:100362752-unmod	32	43
chr10:100362913-mod	4	6
chr10:100362913-unmod	32	43
chr10:100363046-mod	6	10
chr10:100363046-unmod	40	65
chr10:100363097-mod	22	28
chr10:100363097-unmod	34	62
chr10:100363150-mod	19	38
chr10:100363150-unmod	32	29
chr10:100363246-mod	2	3
chr10:100363246-unmod	54	82
chr10:100363253-mod	1	2
chr10:100363253-unmod	56	66
chr10:100363423-mod	4	10
chr10:100363423-unmod	63	87
chr10:100363743-mod	8	13
chr10:100363743-unmod	37	45
chr10:100363779-mod	6	9
chr10:100363779-unmod	41	52
chr10:100363945-mod	1	1
chr10:100363945-unmod	51	65
chr10:100364038-mod	2	1
chr10:100364038-unmod	60	67
chr10:100364310-mod	7	8
chr10:100364310-unmod	67	67
chr10:100364322-mod	3	2
chr10:100364322-unmod	76	84
chr10:100364341-mod	1	5
chr10:100364341-unmod	82	88
chr10:100364392-mod	1	1
chr10:100364392-unmod	39	23
chr10:100364422-mod	3	9
chr10:100364422-unmod	76	81
chr10:100364475-mod	3	3
chr10:100364475-unmod	85	96
chr10:100364512-mod	18	21
chr10:100364512-unmod	79	76
chr10:100364569-mod	8	14
chr10:100364569-unmod	70	71
chr10:100364601-mod	6	10
chr10:100364601-unmod	93	92
chr10:100364610-mod	1	1
chr10:100364610-unmod	85	90
chr10:100364650-mod	1	1
chr10:100364650-unmod	94	94
chr10:100364725-mod	7	12
chr10:100364725-unmod	86	85
chr10:100523800-mod	3	2
chr10:100523800-unmod	20	19
chr10:100523926-mod	3	2
chr10:100523926-unmod	19	15
chr10:100526522-mod	5	1
chr10:100526522-unmod	22	23
chr10:100526977-mod	4	4
chr10:100526977-unmod	22	20
chr10:100526987-mod	8	7
chr10:100526987-unmod	18	15
chr10:100529402-mod	5	6
chr10:100529402-unmod	21	16
chr10:100529494-mod	1	1
chr10:100529494-unmod	24	20
chr10:100529769-mod	1	2
chr10:100529769-unmod	20	14
chr10:103389058-mod	5	3
chr10:103389058-unmod	8	7
chr10:103392371-mod	19	8
chr10:103392371-unmod	22	17
chr10:104031404-mod	12	12
chr10:104031404-unmod	76	54
chr10:104031464-mod	8	9
chr10:104031464-unmod	64	46
chr10:104031516-mod	11	4
chr10:104031516-unmod	60	51
chr10:104031558-mod	25	12
chr10:104031558-unmod	50	46
chr10:104031722-mod	2	12
chr10:104031722-unmod	75	54
chr10:104031824-mod	9	2
chr10:104031824-unmod	60	62
chr10:104031963-mod	18	21
chr10:104031963-unmod	52	36
chr10:104031990-mod	9	7
chr10:104031990-unmod	44	37
chr10:104032023-mod	10	11
chr10:104032023-unmod	57	40
chr10:104032084-mod	7	3
chr10:104032084-unmod	57	43
chr10:104032126-mod	6	5
chr10:104032126-unmod	52	34
chr10:104032207-mod	12	1
chr10:104032207-unmod	71	45
chr10:104032218-mod	6	2
chr10:104032218-unmod	72	43
chr10:104032698-mod	12	6
chr10:104032698-unmod	77	31
chr10:104032912-mod	18	12
chr10:104032912-unmod	70	26
chr10:104032948-mod	3	4
chr10:104032948-unmod	76	32
chr10:104033237-mod	3	1
chr10:104033237-unmod	79	31
chr10:104033257-mod	8	2
chr10:104033257-unmod	65	28
chr10:104033264-mod	6	3
chr10:104033264-unmod	71	27
chr10:104034003-mod	6	2
chr10:104034003-unmod	68	26
chr10:104034017-mod	13	6
chr10:104034017-unmod	55	21
chr10:104034267-mod	10	6
chr10:104034267-unmod	44	17
chr10:104034278-mod	7	2
chr10:104034278-unmod	51	22
chr10:104034732-mod	7	5
chr10:104034732-unmod	46	16
chr10:104035282-mod	9	4
chr10:104035282-unmod	44	20
chr10:104036532-mod	2	2
chr10:104036532-unmod	45	17
chr10:104037635-mod	2	3
chr10:104037635-unmod	38	17
chr10:104037708-mod	7	2
chr10:104037708-unmod	35	15
chr10:104037769-mod	4	1
chr10:104037769-unmod	39	15
chr10:104039460-mod	4	2
chr10:104039460-unmod	33	14
chr10:104039487-mod	1	1
chr10:104039487-unmod	37	14
chr10:104039502-mod	5	3
chr10:104039502-unmod	27	9
chr10:104039979-mod	2	1
chr10:104039979-unmod	33	15
chr10:104041318-mod	2	2
chr10:104041318-unmod	29	11
chr10:104042426-mod	2	1
chr10:104042426-unmod	27	10
chr10:104043525-mod	1	1
chr10:104043525-unmod	30	14
chr10:104043830-mod	2	1
chr10:104043830-unmod	30	13
chr10:104043855-mod	3	3
chr10:104043855-unmod	28	10
chr10:104045791-mod	2	1
chr10:104045791-unmod	28	11
chr10:104046762-mod	1	2
chr10:104046762-unmod	27	11
chr10:104047763-mod	3	3
chr10:104047763-unmod	26	8
chr10:104050104-mod	1	2
chr10:104050104-unmod	24	8
chr10:104050627-mod	1	2
chr10:104050627-unmod	21	8
chr10:104050645-mod	1	1
chr10:104050645-unmod	11	9
chr10:104259748-mod	3	3
chr10:104259748-unmod	65	49
chr10:104266089-mod	17	22
chr10:104266089-unmod	57	33
chr10:104267278-mod	8	3
chr10:104267278-unmod	60	45
chr10:104267340-mod	9	7
chr10:104267340-unmod	63	44
chr10:104267373-mod	3	2
chr10:104267373-unmod	66	48
chr10:104267391-mod	9	6
chr10:104267391-unmod	52	28
chr10:11870608-mod	3	6
chr10:11870608-unmod	9	6
chr10:119500056-mod	4	1
chr10:119500056-unmod	8	9
chr10:119500186-mod	4	1
chr10:119500186-unmod	8	9
chr10:122488937-mod	1	4
chr10:122488937-unmod	54	61
chr10:122489487-mod	12	17
chr10:122489487-unmod	38	37
chr10:122489497-mod	3	2
chr10:122489497-unmod	57	64
chr10:122489515-mod	1	1
chr10:122489515-unmod	60	57
chr10:122489618-mod	5	5
chr10:122489618-unmod	58	57
chr10:122506856-mod	2	1
chr10:122506856-unmod	58	58
chr10:122506867-mod	1	3
chr10:122506867-unmod	65	61
chr10:122507376-mod	4	5
chr10:122507376-unmod	63	58
chr10:122508755-mod	4	1
chr10:122508755-unmod	61	62
chr10:122511989-mod	15	15
chr10:122511989-unmod	47	47
chr10:122512001-mod	3	1
chr10:122512001-unmod	24	26
chr10:122514232-mod	14	19
chr10:122514232-unmod	21	22
chr10:122514291-mod	13	10
chr10:122514291-unmod	73	87
chr10:122514376-mod	27	38
chr10:122514376-unmod	50	49
chr10:122514396-mod	41	39
chr10:122514396-unmod	45	46
chr10:122514421-mod	53	56
chr10:122514421-unmod	39	42
chr10:122514442-mod	19	34
chr10:122514442-unmod	69	60
chr10:122514451-mod	22	13
chr10:122514451-unmod	72	84
chr10:122514458-mod	19	19
chr10:122514458-unmod	70	73
chr10:122514484-mod	6	8
chr10:122514484-unmod	83	83
chr10:122514627-mod	32	46
chr10:122514627-unmod	27	34
chr10:122514653-mod	11	16
chr10:122514653-unmod	81	80
chr10:122514732-mod	49	55
chr10:122514732-unmod	36	37
chr10:122514787-mod	11	9
chr10:122514787-unmod	82	89
chr10:122514868-mod	9	17
chr10:122514868-unmod	80	78
chr10:17229515-mod	11	5
chr10:17229515-unmod	106	104
chr10:17229666-mod	19	27
chr10:17229666-unmod	103	101
chr10:17229675-mod	17	21
chr10:17229675-unmod	99	103
chr10:17229714-mod	6	6
chr10:17229714-unmod	98	96
chr10:17229756-mod	3	2
chr10:17229756-unmod	111	113
chr10:17229864-mod	12	14
chr10:17229864-unmod	138	122
chr10:17229906-mod	6	2
chr10:17229906-unmod	128	121
chr10:17229963-mod	4	4
chr10:17229963-unmod	153	141
chr10:17233593-mod	2	4
chr10:17233593-unmod	162	147
chr10:17233617-mod	2	8
chr10:17233617-unmod	175	151
chr10:17233669-mod	5	2
chr10:17233669-unmod	148	136
chr10:17233801-mod	24	31
chr10:17233801-unmod	182	144
chr10:17233839-mod	18	21
chr10:17233839-unmod	169	143
chr10:17233896-mod	11	9
chr10:17233896-unmod	198	169
chr10:17234699-mod	26	18
chr10:17234699-unmod	169	141
chr10:17234723-mod	5	2
chr10:17234723-unmod	235	203
chr10:17234815-mod	16	17
chr10:17234815-unmod	247	187
chr10:17235208-mod	14	20
chr10:17235208-unmod	245	182
chr10:17235229-mod	3	4
chr10:17235229-unmod	262	196
chr10:17235238-mod	6	1
chr10:17235238-unmod	242	196
chr10:17235340-mod	1	2
chr10:17235340-unmod	273	217
chr10:17235865-mod	5	4
chr10:17235865-unmod	256	212
chr10:17235880-mod	23	19
chr10:17235880-unmod	225	183
chr10:17236340-mod	13	15
chr10:17236340-unmod	274	202
chr10:17236364-mod	23	21
chr10:17236364-unmod	264	202
chr10:17236375-mod	6	5
chr10:17236375-unmod	216	172
chr10:17237241-mod	3	3
chr10:17237241-unmod	274	222
chr10:17237260-mod	8	4
chr10:17237260-unmod	270	204
chr10:17237524-mod	21	17
chr10:17237524-unmod	276	209
chr10:3105491-mod	2	1
chr10:3105491-unmod	11	19
chr10:3107214-mod	1	1
chr10:3107214-unmod	12	18
chr10:3108766-mod	1	1
chr10:3108766-unmod	14	19
chr10:3109439-mod	2	1
chr10:3109439-unmod	13	23
chr10:3112221-mod	1	1
chr10:3112221-unmod	15	20
chr10:3113138-mod	2	4
chr10:3113138-unmod	22	19
chr10:3119902-mod	1	1
chr10:3119902-unmod	30	24
chr10:3120030-mod	3	5
chr10:3120030-unmod	23	19
chr10:3129851-mod	2	3
chr10:3129851-unmod	31	23
chr10:3133222-mod	3	1
chr10:3133222-unmod	33	25
chr10:3136538-mod	2	2
chr10:3136538-unmod	31	18
chr10:3136554-mod	4	7
chr10:3136554-unmod	36	33
chr10:3136615-mod	13	15
chr10:3136615-unmod	27	12
chr10:32900620-mod	38	21
chr10:32900620-unmod	52	28
chr10:32900679-mod	6	1
chr10:32900679-unmod	82	48
chr10:32900870-mod	10	9
chr10:32900870-unmod	69	38
chr10:32900914-mod	5	2
chr10:32900914-unmod	72	39
chr10:32901079-mod	5	7
chr10:32901079-unmod	61	29
chr10:32901200-mod	4	3
chr10:32901200-unmod	65	39
chr10:32901307-mod	12	10
chr10:32901307-unmod	43	28
chr10:32901375-mod	11	5
chr10:32901375-unmod	54	36
chr10:32901386-mod	25	10
chr10:32901386-unmod	35	24
chr10:32908371-mod	1	2
chr10:32908371-unmod	45	30
chr10:32911566-mod	2	3
chr10:32911566-unmod	32	19
chr10:32911606-mod	14	8
chr10:32911606-unmod	22	17
chr10:32911991-mod	4	2
chr10:32911991-unmod	19	17
chr10:4963438-mod	3	2
chr10:4963438-unmod	19	45
chr10:4966014-mod	5	8
chr10:4966014-unmod	18	43
chr10:4967008-mod	2	1
chr10:4967008-unmod	21	55
chr10:4972232-mod	1	2
chr10:4972232-unmod	34	49
chr10:4972304-mod	1	5
chr10:4972304-unmod	43	57
chr10:4972594-mod	9	4
chr10:4972594-unmod	38	62
chr10:4972653-mod	10	20
chr10:4972653-unmod	34	42
chr10:4972736-mod	5	1
chr10:4972736-unmod	36	56
chr10:4975868-mod	4	3
chr10:4975868-unmod	45	65
chr10:4975922-mod	1	4
chr10:4975922-unmod	50	66
chr10:4977793-mod	4	4
chr10:4977793-unmod	45	60
chr10:4977819-mod	9	9
chr10:4977819-unmod	39	53
chr10:4977824-mod	4	3
chr10:4977824-unmod	36	40
chr10:4977903-mod	1	1
chr10:4977903-unmod	45	55
chr10:4989943-mod	1	1
chr10:4989943-unmod	14	21
chr10:4995472-mod	1	2
chr10:4995472-unmod	12	16
chr10:5765303-mod	2	1
chr10:5765303-unmod	21	29
chr10:5765384-mod	9	10
chr10:5765384-unmod	15	22
chr10:5765564-mod	2	1
chr10:5765564-unmod	21	21
chr10:5765784-mod	1	3
chr10:5765784-unmod	9	20
chr10:5766054-mod	2	1
chr10:5766054-unmod	8	24
chr10:5766498-mod	1	10
chr10:5766498-unmod	9	12
chr10:69392255-mod	2	5
chr10:69392255-unmod	9	14
chr10:69398662-mod	1	1
chr10:69398662-unmod	20	20
chr10:69398768-mod	3	3
chr10:69398768-unmod	23	16
chr10:69398787-mod	3	5
chr10:69398787-unmod	23	17
chr10:69398805-mod	2	1
chr10:69398805-unmod	20	30
chr10:69401023-mod	7	4
chr10:69401023-unmod	17	26
chr10:69401692-mod	3	2
chr10:69401692-unmod	30	42
chr10:69401712-mod	5	7
chr10:69401712-unmod	30	38
chr10:69401855-mod	7	3
chr10:69401855-unmod	24	34
chr10:70203024-mod	5	2
chr10:70203024-unmod	28	17
chr10:70203054-mod	11	5
chr10:70203054-unmod	21	15
chr10:70203158-mod	2	1
chr10:70203158-unmod	28	20
chr10:70209235-mod	2	1
chr10:70209235-unmod	22	14
chr10:70209288-mod	3	4
chr10:70209288-unmod	21	11
chr10:70209633-mod	3	1
chr10:70209633-unmod	18	14
chr10:70214556-mod	1	1
chr10:70214556-unmod	19	13
chr10:71816360-mod	38	24
chr10:71816360-unmod	130	91
chr10:71816382-mod	4	3
chr10:71816382-unmod	189	135
chr10:71816403-mod	3	4
chr10:71816403-unmod	198	136
chr10:71816574-mod	10	4
chr10:71816574-unmod	244	190
chr10:71816679-mod	4	7
chr10:71816679-unmod	223	169
chr10:71816859-mod	4	3
chr10:71816859-unmod	218	186
chr10:71816973-mod	3	2
chr10:71816973-unmod	206	168
chr10:71816986-mod	38	45
chr10:71816986-unmod	177	128
chr10:71817018-mod	27	39
chr10:71817018-unmod	201	140
chr10:71817078-mod	7	5
chr10:71817078-unmod	198	160
chr10:71817125-mod	8	9
chr10:71817125-unmod	196	159
chr10:71817351-mod	6	9
chr10:71817351-unmod	200	155
chr10:71817444-mod	30	25
chr10:71817444-unmod	153	121
chr10:71818633-mod	2	1
chr10:71818633-unmod	85	74
chr10:71818641-mod	23	30
chr10:71818641-unmod	155	124
chr10:71818681-mod	25	27
chr10:71818681-unmod	153	122
chr10:71819480-mod	6	3
chr10:71819480-unmod	145	121
chr10:71819613-mod	14	15
chr10:71819613-unmod	127	104
chr10:71819716-mod	14	9
chr10:71819716-unmod	111	87
chr10:71820244-mod	5	3
chr10:71820244-unmod	105	98
chr10:71820255-mod	5	6
chr10:71820255-unmod	114	82
chr10:71820268-mod	12	8
chr10:71820268-unmod	114	97
chr10:71821893-mod	37	35
chr10:71821893-unmod	88	72
chr10:71821943-mod	1	1
chr10:71821943-unmod	108	90
chr10:71825885-mod	11	9
chr10:71825885-unmod	96	85
chr10:71828041-mod	5	7
chr10:71828041-unmod	105	88
chr10:71828061-mod	3	7
chr10:71828061-unmod	105	81
chr10:71828093-mod	2	1
chr10:71828093-unmod	72	62
chr10:71828113-mod	2	2
chr10:71828113-unmod	87	72
chr10:71828117-mod	29	30
chr10:71828117-unmod	76	66
chr10:71828134-mod	18	20
chr10:71828134-unmod	88	78
chr10:71828959-mod	17	15
chr10:71828959-unmod	75	70
chr10:71831168-mod	7	5
chr10:71831168-unmod	86	85
chr10:71831198-mod	29	19
chr10:71831198-unmod	61	70
chr10:71831216-mod	30	39
chr10:71831216-unmod	55	37
chr10:71834384-mod	4	3
chr10:71834384-unmod	80	65
chr10:71834482-mod	18	12
chr10:71834482-unmod	63	59
chr10:72273954-mod	13	7
chr10:72273954-unmod	67	63
chr10:72274232-mod	12	8
chr10:72274232-unmod	71	60
chr10:72274282-mod	27	28
chr10:72274282-unmod	54	41
chr10:72274346-mod	1	1
chr10:72274346-unmod	79	69
chr10:72274373-mod	7	9
chr10:72274373-unmod	89	72
chr10:72274388-mod	4	4
chr10:72274388-unmod	91	71
chr10:72274745-mod	2	4
chr10:72274745-unmod	107	82
chr10:72274758-mod	25	28
chr10:72274758-unmod	84	65
chr10:72274878-mod	17	15
chr10:72274878-unmod	94	82
chr10:72275014-mod	4	3
chr10:72275014-unmod	107	91
chr10:72275033-mod	61	53
chr10:72275033-unmod	27	19
chr10:72275163-mod	9	9
chr10:72275163-unmod	101	82
chr10:72275188-mod	48	31
chr10:72275188-unmod	74	79
chr10:72275223-mod	10	10
chr10:72275223-unmod	96	89
chr10:72275237-mod	67	60
chr10:72275237-unmod	49	52
chr10:72275252-mod	3	4
chr10:72275252-unmod	111	112
chr10:72275273-mod	95	85
chr10:72275273-unmod	30	30
chr10:72275294-mod	7	10
chr10:72275294-unmod	100	85
chr10:72275381-mod	10	12
chr10:72275381-unmod	96	77
chr10:72275483-mod	7	6
chr10:72275483-unmod	91	84
chr10:72275501-mod	2	2
chr10:72275501-unmod	108	101
chr10:72275642-mod	1	1
chr10:72275642-unmod	111	103
chr10:72275701-mod	10	8
chr10:72275701-unmod	84	91
chr10:72275884-mod	1	6
chr10:72275884-unmod	116	106
chr10:72275926-mod	56	57
chr10:72275926-unmod	57	52
chr10:72275988-mod	1	1
chr10:72275988-unmod	92	95
chr10:72276019-mod	1	1
chr10:72276019-unmod	76	83
chr10:73916789-mod	3	2
chr10:73916789-unmod	7	8
chr10:73917181-mod	6	3
chr10:73917181-unmod	5	7
chr10:73917256-mod	3	4
chr10:73917256-unmod	9	6
chr10:75210928-mod	6	6
chr10:75210928-unmod	58	44
chr10:75212256-mod	1	1
chr10:75212256-unmod	68	51
chr10:75214036-mod	1	4
chr10:75214036-unmod	83	57
chr10:75214049-mod	1	1
chr10:75214049-unmod	82	62
chr10:75219113-mod	1	3
chr10:75219113-unmod	72	60
chr10:75219152-mod	9	6
chr10:75219152-unmod	72	57
chr10:75219171-mod	6	3
chr10:75219171-unmod	70	56
chr10:75219191-mod	2	2
chr10:75219191-unmod	70	54
chr10:75219320-mod	4	8
chr10:75219320-unmod	84	60
chr10:75220807-mod	4	4
chr10:75220807-unmod	83	65
chr10:75220941-mod	27	22
chr10:75220941-unmod	68	57
chr10:75220948-mod	11	13
chr10:75220948-unmod	80	57
chr10:75222261-mod	16	8
chr10:75222261-unmod	54	47
chr10:75222330-mod	3	3
chr10:75222330-unmod	89	70
chr10:75229688-mod	2	5
chr10:75229688-unmod	97	77
chr10:75231054-mod	12	12
chr10:75231054-unmod	66	52
chr10:75231135-mod	2	3
chr10:75231135-unmod	90	66
chr10:75231224-mod	11	15
chr10:75231224-unmod	107	77
chr10:75231271-mod	7	4
chr10:75231271-unmod	43	22
chr10:78035363-mod	1	1
chr10:78035363-unmod	282	256
chr10:78035387-mod	7	6
chr10:78035387-unmod	237	215
chr10:78035569-mod	6	3
chr10:78035569-unmod	274	259
chr10:78035624-mod	83	73
chr10:78035624-unmod	211	188
chr10:78035698-mod	78	71
chr10:78035698-unmod	209	189
chr10:78035704-mod	7	8
chr10:78035704-unmod	288	260
chr10:78035710-mod	58	53
chr10:78035710-unmod	220	206
chr10:78037248-mod	1	1
chr10:78037248-unmod	255	232
chr10:78037271-mod	30	29
chr10:78037271-unmod	283	252
chr10:78040674-mod	39	48
chr10:78040674-unmod	233	198
chr10:80155669-mod	6	4
chr10:80155669-unmod	11	9
chr10:80155686-mod	5	6
chr10:80155686-unmod	10	6
chr10:80155851-mod	3	2
chr10:80155851-unmod	15	9
chr10:80155856-mod	3	2
chr10:80155856-unmod	10	10
chr10:80157746-mod	4	3
chr10:80157746-unmod	12	9
chr10:84142696-mod	2	2
chr10:84142696-unmod	33	20
chr10:84144070-mod	6	7
chr10:84144070-unmod	24	17
chr10:84144990-mod	11	10
chr10:84144990-unmod	27	14
chr10:84148741-mod	1	2
chr10:84148741-unmod	35	23
chr10:84150189-mod	15	8
chr10:84150189-unmod	21	20
chr10:84152352-mod	3	1
chr10:84152352-unmod	36	29
chr10:84152819-mod	5	5
chr10:84152819-unmod	17	7
chr10:86968566-mod	3	1
chr10:86968566-unmod	9	11
chr10:86968589-mod	1	1
chr10:86968589-unmod	12	11
chr10:95237612-mod	3	7
chr10:95237612-unmod	70	90
chr10:95237636-mod	2	14
chr10:95237636-unmod	78	107
chr10:95237727-mod	9	7
chr10:95237727-unmod	82	121
chr10:95237771-mod	10	12
chr10:95237771-unmod	80	112
chr10:95237910-mod	3	8
chr10:95237910-unmod	72	108
chr10:95238051-mod	15	29
chr10:95238051-unmod	69	96
chr10:95238087-mod	9	11
chr10:95238087-unmod	65	93
chr10:95238588-mod	2	4
chr10:95238588-unmod	86	119
chr10:95263872-mod	18	24
chr10:95263872-unmod	35	58
chr10:95263897-mod	2	1
chr10:95263897-unmod	44	90
chr10:95268783-mod	5	5
chr10:95268783-unmod	51	96
chr10:95268855-mod	8	12
chr10:95268855-unmod	51	93
chr10:95271648-mod	8	7
chr10:95271648-unmod	50	90
chr10:95271677-mod	4	3
chr10:95271677-unmod	44	87
chr10:95271696-mod	8	9
chr10:95271696-unmod	45	84
chr10:95290847-mod	4	7
chr10:95290847-unmod	52	89
chr10:95290911-mod	4	4
chr10:95290911-unmod	47	80
chr10:96521448-mod	1	3
chr10:96521448-unmod	12	8
chr10:96522242-mod	2	5
chr10:96522242-unmod	8	5
chr10:97426356-mod	10	8
chr10:97426356-unmod	44	45
chr10:97426365-mod	8	7
chr10:97426365-unmod	55	55
chr10:97430396-mod	1	1
chr10:97430396-unmod	72	63
chr10:97430434-mod	1	1
chr10:97430434-unmod	68	65
chr10:97430443-mod	5	9
chr10:97430443-unmod	63	50
chr10:97430488-mod	11	12
chr10:97430488-unmod	61	54
chr10:97432384-mod	38	30
chr10:97432384-unmod	36	35
chr10:97432420-mod	4	3
chr10:97432420-unmod	58	56
chr10:97432426-mod	12	7
chr10:97432426-unmod	74	69
chr10:97432610-mod	7	10
chr10:97432610-unmod	68	53
chr10:97432623-mod	1	2
chr10:97432623-unmod	77	80
chr10:97432651-mod	6	8
chr10:97432651-unmod	75	62
chr10:97432799-mod	15	17
chr10:97432799-unmod	82	80
chr10:97432833-mod	44	47
chr10:97432833-unmod	47	45
chr10:97432846-mod	3	3
chr10:97432846-unmod	103	94
chr10:97432862-mod	4	6
chr10:97432862-unmod	85	84
chr10:97433003-mod	4	7
chr10:97433003-unmod	83	72
chr10:97433021-mod	5	3
chr10:97433021-unmod	86	87
chr10:97433217-mod	2	2
chr10:97433217-unmod	85	73
chr10:97433352-mod	1	3
chr10:97433352-unmod	97	82
chr10:97433388-mod	14	9
chr10:97433388-unmod	90	89
chr11:10797237-mod	1	1
chr11:10797237-unmod	28	28
chr11:10797381-mod	5	4
chr11:10797381-unmod	27	27
chr11:10797484-mod	4	1
chr11:10797484-unmod	23	22
chr11:10797528-mod	1	7
chr11:10797528-unmod	28	14
chr11:10797763-mod	1	3
chr11:10797763-unmod	20	18
chr11:10797811-mod	4	2
chr11:10797811-unmod	17	18
chr11:118401647-mod	3	2
chr11:118401647-unmod	50	43
chr11:118401662-mod	2	1
chr11:118401662-unmod	62	54
chr11:118406944-mod	2	3
chr11:118406944-unmod	63	52
chr11:118409151-mod	3	2
chr11:118409151-unmod	59	50
chr11:118409166-mod	3	1
chr11:118409166-unmod	45	27
chr11:119015726-mod	3	4
chr11:119015726-unmod	272	287
chr11:119015928-mod	9	5
chr11:119015928-unmod	377	406
chr11:119015937-mod	17	13
chr11:119015937-unmod	348	380
chr11:119017446-mod	4	1
chr11:119017446-unmod	381	404
chr11:119017473-mod	3	3
chr11:119017473-unmod	374	398
chr11:119017492-mod	1	6
chr11:119017492-unmod	365	370
chr11:119017507-mod	109	94
chr11:119017507-unmod	292	324
chr11:119017519-mod	9	6
chr11:119017519-unmod	352	385
chr11:119017985-mod	22	25
chr11:119017985-unmod	369	390
chr11:119017994-mod	10	11
chr11:119017994-unmod	374	397
chr11:119018000-mod	1	1
chr11:119018000-unmod	363	392
chr11:120111553-mod	1	2
chr11:120111553-unmod	11	22
chr11:120111739-mod	1	9
chr11:120111739-unmod	11	17
chr11:120111968-mod	4	2
chr11:120111968-unmod	8	9
chr11:120112201-mod	1	1
chr11:120112201-unmod	10	10
chr11:120118275-mod	3	6
chr11:120118275-unmod	8	15
chr11:123057512-mod	1	1
chr11:123057512-unmod	57	31
chr11:123057592-mod	10	10
chr11:123057592-unmod	54	26
chr11:123057680-mod	11	10
chr11:123057680-unmod	34	15
chr11:123057895-mod	26	10
chr11:123057895-unmod	55	28
chr11:123057918-mod	2	1
chr11:123057918-unmod	60	28
chr11:123058405-mod	3	3
chr11:123058405-unmod	48	17
chr11:123058636-mod	5	1
chr11:123058636-unmod	43	25
chr11:123058773-mod	16	8
chr11:123058773-unmod	40	13
chr11:123059083-mod	1	1
chr11:123059083-unmod	36	14
chr11:123059150-mod	6	2
chr11:123059150-unmod	36	13
chr11:123059168-mod	4	1
chr11:123059168-unmod	38	17
chr11:123059518-mod	11	4
chr11:123059518-unmod	41	14
chr11:123059612-mod	1	1
chr11:123059612-unmod	36	13
chr11:123059648-mod	1	2
chr11:123059648-unmod	38	12
chr11:123059669-mod	1	2
chr11:123059669-unmod	39	13
chr11:123059680-mod	19	7
chr11:123059680-unmod	23	9
chr11:130129171-mod	3	1
chr11:130129171-unmod	12	12
chr11:130133634-mod	2	3
chr11:130133634-unmod	13	11
chr11:130135621-mod	2	1
chr11:130135621-unmod	16	17
chr11:130140425-mod	3	2
chr11:130140425-unmod	14	19
chr11:130141509-mod	5	2
chr11:130141509-unmod	14	20
chr11:130143383-mod	8	4
chr11:130143383-unmod	25	18
chr11:130143395-mod	2	2
chr11:130143395-unmod	32	22
chr11:130143561-mod	5	4
chr11:130143561-unmod	25	15
chr11:130143570-mod	19	12
chr11:130143570-unmod	19	12
chr11:130143578-mod	16	12
chr11:130143578-unmod	18	12
chr11:130143601-mod	15	9
chr11:130143601-unmod	21	13
chr11:130143754-mod	7	3
chr11:130143754-unmod	26	15
chr11:130143805-mod	2	2
chr11:130143805-unmod	36	23
chr11:130143957-mod	16	5
chr11:130143957-unmod	35	16
chr11:130144010-mod	4	1
chr11:130144010-unmod	48	25
chr11:130144480-mod	3	1
chr11:130144480-unmod	50	28
chr11:130144493-mod	4	3
chr11:130144493-unmod	43	21
chr11:130144512-mod	6	2
chr11:130144512-unmod	52	26
chr11:130144649-mod	15	4
chr11:130144649-unmod	37	22
chr11:17074394-mod	7	10
chr11:17074394-unmod	131	131
chr11:17075127-mod	4	2
chr11:17075127-unmod	406	393
chr11:17075537-mod	6	3
chr11:17075537-unmod	363	354
chr11:17075575-mod	106	115
chr11:17075575-unmod	290	278
chr11:17077201-mod	1	2
chr11:17077201-unmod	391	387
chr11:17077233-mod	6	8
chr11:17077233-unmod	307	297
chr11:1752790-mod	2	2
chr11:1752790-unmod	89	102
chr11:1752832-mod	10	9
chr11:1752832-unmod	82	105
chr11:1752913-mod	25	33
chr11:1752913-unmod	76	87
chr11:1752953-mod	13	6
chr11:1752953-unmod	91	113
chr11:1753542-mod	4	8
chr11:1753542-unmod	60	81
chr11:1753620-mod	4	3
chr11:1753620-unmod	67	86
chr11:1753815-mod	1	1
chr11:1753815-unmod	74	109
chr11:1754081-mod	3	2
chr11:1754081-unmod	61	85
chr11:1754115-mod	2	4
chr11:1754115-unmod	68	90
chr11:1755025-mod	1	3
chr11:1755025-unmod	43	64
chr11:1757347-mod	3	9
chr11:1757347-unmod	54	77
chr11:1758978-mod	2	10
chr11:1758978-unmod	42	52
chr11:1759534-mod	2	3
chr11:1759534-unmod	48	61
chr11:1761318-mod	3	2
chr11:1761318-unmod	47	62
chr11:1761349-mod	1	2
chr11:1761349-unmod	38	52
chr11:1761402-mod	4	8
chr11:1761402-unmod	47	51
chr11:1761433-mod	1	2
chr11:1761433-unmod	36	51
chr11:18269278-mod	11	2
chr11:18269278-unmod	28	19
chr11:18269763-mod	5	1
chr11:18269763-unmod	33	10
chr11:18396889-mod	5	6
chr11:18396889-unmod	50	45
chr11:18399431-mod	6	2
chr11:18399431-unmod	81	91
chr11:18399444-mod	20	28
chr11:18399444-unmod	62	66
chr11:18399523-mod	7	7
chr11:18399523-unmod	57	77
chr11:18400847-mod	17	16
chr11:18400847-unmod	75	83
chr11:18400935-mod	22	20
chr11:18400935-unmod	68	81
chr11:18400980-mod	45	43
chr11:18400980-unmod	41	55
chr11:18402850-mod	5	5
chr11:18402850-unmod	84	94
chr11:18402996-mod	6	8
chr11:18402996-unmod	88	106
chr11:18403737-mod	2	1
chr11:18403737-unmod	96	109
chr11:18403758-mod	13	26
chr11:18403758-unmod	94	88
chr11:18403775-mod	5	5
chr11:18403775-unmod	97	115
chr11:18405466-mod	2	3
chr11:18405466-unmod	106	122
chr11:18405496-mod	12	16
chr11:18405496-unmod	87	99
chr11:18407169-mod	1	3
chr11:18407169-unmod	89	93
chr11:18407200-mod	5	8
chr11:18407200-unmod	112	119
chr11:18407206-mod	11	22
chr11:18407206-unmod	115	109
chr11:18407397-mod	36	41
chr11:18407397-unmod	23	23
chr11:18407604-mod	15	17
chr11:18407604-unmod	122	117
chr11:18407625-mod	37	41
chr11:18407625-unmod	90	90
chr11:18407733-mod	20	20
chr11:18407733-unmod	116	114
chr11:18407833-mod	1	1
chr11:18407833-unmod	91	94
chr11:18407840-mod	15	26
chr11:18407840-unmod	31	34
chr11:2377508-mod	8	5
chr11:2377508-unmod	66	39
chr11:2390496-mod	1	2
chr11:2390496-unmod	66	40
chr11:2395041-mod	5	4
chr11:2395041-unmod	63	22
chr11:2395443-mod	2	2
chr11:2395443-unmod	77	44
chr11:2395505-mod	4	3
chr11:2395505-unmod	86	46
chr11:2395872-mod	1	2
chr11:2395872-unmod	86	50
chr11:2395895-mod	12	8
chr11:2395895-unmod	69	41
chr11:2395904-mod	12	4
chr11:2395904-unmod	69	37
chr11:2395923-mod	5	1
chr11:2395923-unmod	89	51
chr11:2396631-mod	15	5
chr11:2396631-unmod	66	43
chr11:2396652-mod	7	3
chr11:2396652-unmod	86	52
chr11:2396849-mod	16	5
chr11:2396849-unmod	76	47
chr11:2396890-mod	6	5
chr11:2396890-unmod	72	46
chr11:2397019-mod	22	14
chr11:2397019-unmod	63	34
chr11:2397096-mod	10	7
chr11:2397096-unmod	90	48
chr11:2397183-mod	15	13
chr11:2397183-unmod	90	43
chr11:2397358-mod	14	13
chr11:2397358-unmod	60	32
chr11:2397382-mod	18	13
chr11:2397382-unmod	64	33
chr11:2929038-mod	4	3
chr11:2929038-unmod	20	9
chr11:2929188-mod	2	4
chr11:2929188-unmod	12	7
chr11:319798-mod	3	1
chr11:319798-unmod	39	44
chr11:319887-mod	1	1
chr11:319887-unmod	47	48
chr11:319919-mod	14	14
chr11:319919-unmod	37	35
chr11:319959-mod	1	2
chr11:319959-unmod	51	46
chr11:320607-mod	14	14
chr11:320607-unmod	29	25
chr11:32587066-mod	3	1
chr11:32587066-unmod	20	15
chr11:32594957-mod	2	1
chr11:32594957-unmod	29	18
chr11:32600701-mod	7	7
chr11:32600701-unmod	23	13
chr11:32601769-mod	2	1
chr11:32601769-unmod	34	20
chr11:32602358-mod	6	2
chr11:32602358-unmod	30	18
chr11:32602370-mod	2	2
chr11:32602370-unmod	36	21
chr11:33708935-mod	1	3
chr11:33708935-unmod	40	14
chr11:33709152-mod	2	1
chr11:33709152-unmod	38	14
chr11:33709237-mod	7	2
chr11:33709237-unmod	28	12
chr11:33709349-mod	15	5
chr11:33709349-unmod	17	11
chr11:33709366-mod	6	6
chr11:33709366-unmod	28	10
chr11:33709601-mod	10	3
chr11:33709601-unmod	44	18
chr11:33709696-mod	5	2
chr11:33709696-unmod	48	19
chr11:33709838-mod	1	1
chr11:33709838-unmod	36	16
chr11:33709889-mod	18	4
chr11:33709889-unmod	36	19
chr11:33709895-mod	7	1
chr11:33709895-unmod	45	22
chr11:33709966-mod	12	3
chr11:33709966-unmod	41	18
chr11:33710163-mod	14	10
chr11:33710163-unmod	83	58
chr11:33710199-mod	13	9
chr11:33710199-unmod	55	35
chr11:33710218-mod	29	25
chr11:33710218-unmod	68	44
chr11:33710228-mod	2	4
chr11:33710228-unmod	98	67
chr11:33710237-mod	17	10
chr11:33710237-unmod	69	51
chr11:33717428-mod	14	6
chr11:33717428-unmod	62	44
chr11:33722453-mod	4	3
chr11:33722453-unmod	61	39
chr11:35231699-mod	2	1
chr11:35231699-unmod	8	24
chr11:35231718-mod	1	1
chr11:35231718-unmod	9	23
chr11:35231752-mod	1	1
chr11:35231752-unmod	9	21
chr11:35231772-mod	1	2
chr11:35231772-unmod	10	22
chr11:3827023-mod	2	2
chr11:3827023-unmod	33	39
chr11:3827046-mod	6	5
chr11:3827046-unmod	34	40
chr11:3827050-mod	9	18
chr11:3827050-unmod	35	34
chr11:3827265-mod	4	9
chr11:3827265-unmod	36	38
chr11:3827315-mod	7	3
chr11:3827315-unmod	33	45
chr11:3827355-mod	11	16
chr11:3827355-unmod	29	31
chr11:3827475-mod	20	27
chr11:3827475-unmod	19	21
chr11:3827562-mod	4	4
chr11:3827562-unmod	33	38
chr11:3827767-mod	1	2
chr11:3827767-unmod	39	40
chr11:3827785-mod	22	25
chr11:3827785-unmod	17	23
chr11:3827968-mod	7	18
chr11:3827968-unmod	9	21
chr11:3827977-mod	10	15
chr11:3827977-unmod	28	35
chr11:3827983-mod	11	7
chr11:3827983-unmod	28	40
chr11:403123-mod	1	1
chr11:403123-unmod	11	20
chr11:403240-mod	2	1
chr11:403240-unmod	11	23
chr11:403689-mod	4	2
chr11:403689-unmod	8	12
chr11:403719-mod	1	4
chr11:403719-unmod	10	10
chr11:404077-mod	1	4
chr11:404077-unmod	10	19
chr11:404552-mod	1	4
chr11:404552-unmod	11	19
chr11:404615-mod	1	3
chr11:404615-unmod	10	8
chr11:494546-mod	1	8
chr11:494546-unmod	9	13
chr11:494742-mod	1	5
chr11:494742-unmod	27	25
chr11:498078-mod	5	6
chr11:498078-unmod	25	24
chr11:498482-mod	2	4
chr11:498482-unmod	26	24
chr11:498769-mod	2	2
chr11:498769-unmod	27	27
chr11:499863-mod	3	2
chr11:499863-unmod	9	12
chr11:499990-mod	5	5
chr11:499990-unmod	5	10
chr11:57551964-mod	1	2
chr11:57551964-unmod	9	8
chr11:61299616-mod	7	12
chr11:61299616-unmod	18	37
chr11:61299671-mod	1	3
chr11:61299671-unmod	22	48
chr11:61299970-mod	8	17
chr11:61299970-unmod	16	34
chr11:61300898-mod	2	3
chr11:61300898-unmod	20	41
chr11:61302350-mod	1	5
chr11:61302350-unmod	10	39
chr11:61313537-mod	1	5
chr11:61313537-unmod	9	16
chr11:61790541-mod	1	2
chr11:61790541-unmod	44	40
chr11:61790564-mod	5	7
chr11:61790564-unmod	40	35
chr11:61964622-mod	16	12
chr11:61964622-unmod	695	904
chr11:61964692-mod	29	25
chr11:61964692-unmod	665	895
chr11:61964745-mod	11	26
chr11:61964745-unmod	715	919
chr11:61964763-mod	16	28
chr11:61964763-unmod	654	817
chr11:61964818-mod	54	81
chr11:61964818-unmod	653	849
chr11:61964826-mod	11	19
chr11:61964826-unmod	731	923
chr11:61964872-mod	2	4
chr11:61964872-unmod	664	849
chr11:61964883-mod	22	38
chr11:61964883-unmod	671	871
chr11:61964993-mod	17	16
chr11:61964993-unmod	621	809
chr11:61965002-mod	5	8
chr11:61965002-unmod	607	788
chr11:61965013-mod	12	24
chr11:61965013-unmod	662	870
chr11:61965022-mod	162	228
chr11:61965022-unmod	462	586
chr11:61965095-mod	11	16
chr11:61965095-unmod	630	830
chr11:61965104-mod	10	14
chr11:61965104-unmod	502	685
chr11:61965405-mod	5	16
chr11:61965405-unmod	670	894
chr11:61965422-mod	12	12
chr11:61965422-unmod	569	787
chr11:61965434-mod	57	69
chr11:61965434-unmod	605	824
chr11:61965477-mod	24	29
chr11:61965477-unmod	595	833
chr11:61965501-mod	6	11
chr11:61965501-unmod	385	597
chr11:61967378-mod	38	52
chr11:61967378-unmod	496	691
chr11:61967390-mod	77	76
chr11:61967390-unmod	458	694
chr11:61967501-mod	92	101
chr11:61967501-unmod	379	579
chr11:61967574-mod	7	25
chr11:61967574-unmod	465	680
chr11:62515960-mod	4	3
chr11:62515960-unmod	49	19
chr11:62516062-mod	14	2
chr11:62516062-unmod	36	17
chr11:62516285-mod	4	2
chr11:62516285-unmod	31	15
chr11:62516362-mod	5	1
chr11:62516362-unmod	31	16
chr11:62516409-mod	7	4
chr11:62516409-unmod	25	14
chr11:62516470-mod	6	4
chr11:62516470-unmod	25	13
chr11:62516569-mod	2	2
chr11:62516569-unmod	33	14
chr11:62559607-mod	25	21
chr11:62559607-unmod	125	191
chr11:62559612-mod	61	88
chr11:62559612-unmod	316	388
chr11:62559677-mod	172	228
chr11:62559677-unmod	290	365
chr11:62559767-mod	10	5
chr11:62559767-unmod	419	546
chr11:62559789-mod	7	12
chr11:62559789-unmod	381	501
chr11:62559814-mod	10	11
chr11:62559814-unmod	407	513
chr11:62560130-mod	37	48
chr11:62560130-unmod	362	462
chr11:62560174-mod	7	13
chr11:62560174-unmod	314	415
chr11:62560308-mod	6	5
chr11:62560308-unmod	399	520
chr11:62560318-mod	66	97
chr11:62560318-unmod	346	438
chr11:62560409-mod	27	28
chr11:62560409-unmod	349	487
chr11:62566829-mod	16	23
chr11:62566829-unmod	360	477
chr11:62566976-mod	35	49
chr11:62566976-unmod	324	422
chr11:62566992-mod	9	6
chr11:62566992-unmod	375	498
chr11:62567426-mod	16	42
chr11:62567426-unmod	347	443
chr11:62571004-mod	19	13
chr11:62571004-unmod	277	360
chr11:62571014-mod	6	6
chr11:62571014-unmod	311	388
chr11:62571038-mod	21	26
chr11:62571038-unmod	275	341
chr11:62571542-mod	3	1
chr11:62571542-unmod	259	333
chr11:62572627-mod	2	2
chr11:62572627-unmod	266	320
chr11:62572719-mod	15	24
chr11:62572719-unmod	227	262
chr11:62572741-mod	8	7
chr11:62572741-unmod	194	261
chr11:62624872-mod	3	2
chr11:62624872-unmod	10	10
chr11:62625251-mod	4	5
chr11:62625251-unmod	18	23
chr11:62625289-mod	1	1
chr11:62625289-unmod	9	12
chr11:62625306-mod	1	1
chr11:62625306-unmod	19	15
chr11:62761620-mod	1	3
chr11:62761620-unmod	10	8
chr11:62766652-mod	1	2
chr11:62766652-unmod	9	8
chr11:62881033-mod	11	8
chr11:62881033-unmod	33	2
chr11:62881991-mod	17	10
chr11:62881991-unmod	60	41
chr11:62882952-mod	21	12
chr11:62882952-unmod	66	45
chr11:62884508-mod	2	1
chr11:62884508-unmod	73	50
chr11:62885192-mod	2	5
chr11:62885192-unmod	83	52
chr11:62885196-mod	1	3
chr11:62885196-unmod	93	59
chr11:62885255-mod	2	6
chr11:62885255-unmod	92	52
chr11:62885485-mod	14	6
chr11:62885485-unmod	35	17
chr11:62885548-mod	6	2
chr11:62885548-unmod	84	60
chr11:62888180-mod	2	1
chr11:62888180-unmod	84	40
chr11:62888209-mod	6	5
chr11:62888209-unmod	82	56
chr11:62888418-mod	3	2
chr11:62888418-unmod	73	36
chr11:62888446-mod	33	19
chr11:62888446-unmod	59	38
chr11:62888472-mod	8	3
chr11:62888472-unmod	61	28
chr11:62888530-mod	16	15
chr11:62888530-unmod	82	50
chr11:62888580-mod	8	5
chr11:62888580-unmod	87	57
chr11:62888644-mod	13	7
chr11:62888644-unmod	86	60
chr11:62888692-mod	9	2
chr11:62888692-unmod	32	19
chr11:62888703-mod	4	6
chr11:62888703-unmod	74	43
chr11:62888709-mod	22	7
chr11:62888709-unmod	46	21
chr11:62888784-mod	23	18
chr11:62888784-unmod	65	43
chr11:62888805-mod	17	7
chr11:62888805-unmod	68	46
chr11:63974633-mod	2	1
chr11:63974633-unmod	34	24
chr11:63976257-mod	2	2
chr11:63976257-unmod	76	83
chr11:63976299-mod	2	1
chr11:63976299-unmod	69	81
chr11:63976348-mod	9	14
chr11:63976348-unmod	59	59
chr11:63976353-mod	12	9
chr11:63976353-unmod	46	43
chr11:63976451-mod	4	2
chr11:63976451-unmod	63	69
chr11:63976537-mod	1	2
chr11:63976537-unmod	31	49
chr11:63988381-mod	4	1
chr11:63988381-unmod	6	14
chr11:63996530-mod	1	3
chr11:63996530-unmod	10	11
chr11:64235877-mod	3	9
chr11:64235877-unmod	8	19
chr11:64235928-mod	6	5
chr11:64235928-unmod	23	25
chr11:64236306-mod	6	10
chr11:64236306-unmod	22	21
chr11:64237186-mod	1	1
chr11:64237186-unmod	12	25
chr11:64237218-mod	3	3
chr11:64237218-unmod	8	24
chr11:64237645-mod	2	1
chr11:64237645-unmod	24	32
chr11:64238376-mod	3	8
chr11:64238376-unmod	27	27
chr11:64238405-mod	1	7
chr11:64238405-unmod	23	27
chr11:64238459-mod	2	1
chr11:64238459-unmod	31	35
chr11:64238505-mod	5	5
chr11:64238505-unmod	27	28
chr11:64238568-mod	7	7
chr11:64238568-unmod	23	28
chr11:64238586-mod	1	2
chr11:64238586-unmod	32	34
chr11:64238750-mod	19	14
chr11:64238750-unmod	11	18
chr11:64238756-mod	5	7
chr11:64238756-unmod	25	27
chr11:64244531-mod	4	1
chr11:64244531-unmod	18	31
chr11:64244552-mod	8	8
chr11:64244552-unmod	34	31
chr11:64244561-mod	7	9
chr11:64244561-unmod	27	32
chr11:64244672-mod	6	3
chr11:64244672-unmod	38	47
chr11:64244716-mod	2	9
chr11:64244716-unmod	47	41
chr11:64244948-mod	5	1
chr11:64244948-unmod	46	52
chr11:64245269-mod	27	19
chr11:64245269-unmod	26	32
chr11:64246491-mod	1	1
chr11:64246491-unmod	40	37
chr11:64246598-mod	4	7
chr11:64246598-unmod	29	32
chr11:64316369-mod	3	1
chr11:64316369-unmod	18	11
chr11:64316651-mod	6	2
chr11:64316651-unmod	5	10
chr11:64316765-mod	2	1
chr11:64316765-unmod	37	49
chr11:64316829-mod	7	6
chr11:64316829-unmod	29	44
chr11:64316871-mod	1	1
chr11:64316871-unmod	39	51
chr11:64317520-mod	1	2
chr11:64317520-unmod	16	25
chr11:64318220-mod	4	1
chr11:64318220-unmod	23	16
chr11:64319782-mod	2	1
chr11:64319782-unmod	62	72
chr11:64319791-mod	9	1
chr11:64319791-unmod	57	68
chr11:64320660-mod	1	3
chr11:64320660-unmod	63	63
chr11:64320753-mod	9	14
chr11:64320753-unmod	65	62
chr11:64321633-mod	2	3
chr11:64321633-unmod	67	70
chr11:64321791-mod	1	2
chr11:64321791-unmod	26	42
chr11:64765821-mod	3	1
chr11:64765821-unmod	13	10
chr11:65018581-mod	3	3
chr11:65018581-unmod	11	9
chr11:65018629-mod	2	2
chr11:65018629-unmod	12	9
chr11:65018695-mod	6	2
chr11:65018695-unmod	19	8
chr11:65020461-mod	3	1
chr11:65020461-unmod	8	9
chr11:65021850-mod	4	5
chr11:65021850-unmod	9	6
chr11:65021855-mod	2	3
chr11:65021855-unmod	14	9
chr11:65088055-mod	1	1
chr11:65088055-unmod	11	28
chr11:65120775-mod	1	1
chr11:65120775-unmod	176	193
chr11:65121532-mod	50	52
chr11:65121532-unmod	142	157
chr11:65121767-mod	3	9
chr11:65121767-unmod	157	174
chr11:65122100-mod	9	10
chr11:65122100-unmod	164	178
chr11:65208085-mod	1	2
chr11:65208085-unmod	9	28
chr11:65209336-mod	1	1
chr11:65209336-unmod	9	22
chr11:65210442-mod	1	2
chr11:65210442-unmod	11	32
chr11:65210824-mod	1	2
chr11:65210824-unmod	11	28
chr11:65211463-mod	5	19
chr11:65211463-unmod	7	19
chr11:65211505-mod	8	29
chr11:65211505-unmod	4	9
chr11:65211659-mod	2	12
chr11:65211659-unmod	9	27
chr11:65211885-mod	6	21
chr11:65211885-unmod	4	14
chr11:65211896-mod	5	23
chr11:65211896-unmod	7	15
chr11:65653624-mod	3	5
chr11:65653624-unmod	8	9
chr11:65653646-mod	2	6
chr11:65653646-unmod	11	7
chr11:65653771-mod	2	2
chr11:65653771-unmod	11	9
chr11:65654095-mod	4	2
chr11:65654095-unmod	8	13
chr11:65654411-mod	6	6
chr11:65654411-unmod	5	5
chr11:65654435-mod	1	5
chr11:65654435-unmod	13	5
chr11:65654597-mod	3	1
chr11:65654597-unmod	10	12
chr11:65854845-mod	9	14
chr11:65854845-unmod	114	135
chr11:65854856-mod	12	14
chr11:65854856-unmod	99	101
chr11:65854921-mod	6	3
chr11:65854921-unmod	129	150
chr11:65854973-mod	14	28
chr11:65854973-unmod	131	152
chr11:65855129-mod	9	9
chr11:65855129-unmod	139	168
chr11:65855189-mod	18	26
chr11:65855189-unmod	112	134
chr11:65855193-mod	3	5
chr11:65855193-unmod	102	109
chr11:65855253-mod	2	1
chr11:65855253-unmod	96	110
chr11:65855402-mod	6	6
chr11:65855402-unmod	127	154
chr11:65855423-mod	1	3
chr11:65855423-unmod	133	160
chr11:65855656-mod	2	1
chr11:65855656-unmod	130	149
chr11:65856009-mod	25	24
chr11:65856009-unmod	112	134
chr11:65856058-mod	4	4
chr11:65856058-unmod	123	149
chr11:65856108-mod	9	11
chr11:65856108-unmod	126	151
chr11:65856117-mod	4	5
chr11:65856117-unmod	108	137
chr11:65920627-mod	1	1
chr11:65920627-unmod	25	19
chr11:65920644-mod	1	1
chr11:65920644-unmod	21	16
chr11:65920648-mod	1	1
chr11:65920648-unmod	25	18
chr11:65920896-mod	2	1
chr11:65920896-unmod	34	19
chr11:66003830-mod	3	1
chr11:66003830-unmod	14	10
chr11:66004094-mod	5	4
chr11:66004094-unmod	9	6
chr11:6611009-mod	5	6
chr11:6611009-unmod	36	27
chr11:6611420-mod	4	10
chr11:6611420-unmod	35	21
chr11:6611436-mod	11	5
chr11:6611436-unmod	32	29
chr11:6611697-mod	1	2
chr11:6611697-unmod	37	28
chr11:6612003-mod	3	2
chr11:6612003-unmod	32	29
chr11:6612036-mod	2	2
chr11:6612036-unmod	24	27
chr11:66276257-mod	2	2
chr11:66276257-unmod	21	15
chr11:66276432-mod	3	3
chr11:66276432-unmod	21	25
chr11:66276614-mod	9	12
chr11:66276614-unmod	24	28
chr11:66276691-mod	6	9
chr11:66276691-unmod	20	33
chr11:66276717-mod	3	5
chr11:66276717-unmod	29	35
chr11:66276725-mod	8	5
chr11:66276725-unmod	25	36
chr11:66276926-mod	6	4
chr11:66276926-unmod	28	39
chr11:66277432-mod	8	3
chr11:66277432-unmod	27	45
chr11:66284636-mod	3	2
chr11:66284636-unmod	16	11
chr11:66284701-mod	3	5
chr11:66284701-unmod	14	9
chr11:66287674-mod	5	5
chr11:66287674-unmod	12	9
chr11:66288153-mod	1	1
chr11:66288153-unmod	14	10
chr11:6682014-mod	3	5
chr11:6682014-unmod	7	12
chr11:6682181-mod	5	7
chr11:6682181-unmod	5	12
chr11:67065974-mod	4	4
chr11:67065974-unmod	16	18
chr11:67066821-mod	4	12
chr11:67066821-unmod	28	31
chr11:67070484-mod	2	1
chr11:67070484-unmod	26	39
chr11:67070500-mod	1	1
chr11:67070500-unmod	11	31
chr11:67070515-mod	2	5
chr11:67070515-unmod	23	39
chr11:67070547-mod	3	6
chr11:67070547-unmod	24	37
chr11:67071498-mod	1	3
chr11:67071498-unmod	26	32
chr11:67071646-mod	1	2
chr11:67071646-unmod	31	44
chr11:67071691-mod	2	2
chr11:67071691-unmod	27	42
chr11:67071699-mod	9	19
chr11:67071699-unmod	23	26
chr11:67071757-mod	25	40
chr11:67071757-unmod	2	5
chr11:67071851-mod	1	2
chr11:67071851-unmod	27	40
chr11:67071922-mod	2	7
chr11:67071922-unmod	28	32
chr11:67071952-mod	9	20
chr11:67071952-unmod	23	24
chr11:67071989-mod	4	9
chr11:67071989-unmod	27	32
chr11:67351868-mod	4	1
chr11:67351868-unmod	6	11
chr11:67398331-mod	6	4
chr11:67398331-unmod	30	33
chr11:67398589-mod	5	4
chr11:67398589-unmod	28	26
chr11:67398810-mod	6	4
chr11:67398810-unmod	30	35
chr11:67399078-mod	4	2
chr11:67399078-unmod	27	28
chr11:67399096-mod	3	2
chr11:67399096-unmod	30	28
chr11:67399150-mod	3	1
chr11:67399150-unmod	22	27
chr11:67399622-mod	10	5
chr11:67399622-unmod	20	25
chr11:67399642-mod	2	1
chr11:67399642-unmod	30	27
chr11:67400756-mod	1	2
chr11:67400756-unmod	31	26
chr11:67400831-mod	1	3
chr11:67400831-unmod	27	20
chr11:67438149-mod	2	3
chr11:67438149-unmod	11	8
chr11:67438806-mod	3	1
chr11:67438806-unmod	10	9
chr11:67438944-mod	1	1
chr11:67438944-unmod	12	9
chr11:67440258-mod	1	1
chr11:67440258-unmod	11	10
chr11:67440406-mod	2	2
chr11:67440406-unmod	10	9
chr11:67441128-mod	4	1
chr11:67441128-unmod	6	9
chr11:67441438-mod	3	2
chr11:67441438-unmod	7	9
chr11:67584528-mod	14	21
chr11:67584528-unmod	188	225
chr11:67584718-mod	9	17
chr11:67584718-unmod	303	360
chr11:67585152-mod	8	6
chr11:67585152-unmod	333	413
chr11:67585176-mod	10	7
chr11:67585176-unmod	322	396
chr11:67585200-mod	31	28
chr11:67585200-unmod	304	388
chr11:67586119-mod	3	3
chr11:67586119-unmod	362	444
chr11:67586176-mod	9	11
chr11:67586176-unmod	358	435
chr11:67586190-mod	2	3
chr11:67586190-unmod	281	365
chr11:67586206-mod	5	6
chr11:67586206-unmod	268	324
chr11:67586401-mod	50	56
chr11:67586401-unmod	249	328
chr11:67586416-mod	20	16
chr11:67586416-unmod	295	384
chr11:67586545-mod	142	168
chr11:67586545-unmod	212	265
chr11:67586588-mod	66	67
chr11:67586588-unmod	241	291
chr11:67586628-mod	26	34
chr11:67586628-unmod	265	317
chr11:68032163-mod	1	4
chr11:68032163-unmod	17	23
chr11:68032286-mod	2	3
chr11:68032286-unmod	28	23
chr11:68032931-mod	6	10
chr11:68032931-unmod	24	21
chr11:68032966-mod	5	7
chr11:68032966-unmod	24	23
chr11:68032970-mod	2	2
chr11:68032970-unmod	29	29
chr11:68032996-mod	5	8
chr11:68032996-unmod	15	32
chr11:68033144-mod	6	7
chr11:68033144-unmod	13	21
chr11:68036297-mod	2	1
chr11:68036297-unmod	25	32
chr11:68036310-mod	2	1
chr11:68036310-unmod	26	31
chr11:68036537-mod	1	2
chr11:68036537-unmod	18	28
chr11:68036576-mod	2	2
chr11:68036576-unmod	29	41
chr11:72754865-mod	1	1
chr11:72754865-unmod	12	22
chr11:75400722-mod	150	203
chr11:75400722-unmod	298	389
chr11:75400798-mod	34	54
chr11:75400798-unmod	367	459
chr11:75401640-mod	105	157
chr11:75401640-unmod	338	431
chr11:75401681-mod	142	181
chr11:75401681-unmod	357	489
chr11:75401685-mod	97	115
chr11:75401685-unmod	399	564
chr11:75402419-mod	6	7
chr11:75402419-unmod	519	687
chr11:75404091-mod	30	20
chr11:75404091-unmod	540	713
chr11:75404100-mod	23	25
chr11:75404100-unmod	514	686
chr11:75404153-mod	4	4
chr11:75404153-unmod	547	701
chr11:75404162-mod	5	6
chr11:75404162-unmod	604	768
chr11:75404174-mod	4	2
chr11:75404174-unmod	468	631
chr11:75404202-mod	4	3
chr11:75404202-unmod	360	497
chr11:75404710-mod	58	69
chr11:75404710-unmod	457	596
chr11:75404749-mod	21	22
chr11:75404749-unmod	540	706
chr11:75404768-mod	56	66
chr11:75404768-unmod	494	641
chr11:75404807-mod	16	15
chr11:75404807-unmod	431	553
chr11:75405661-mod	2	13
chr11:75405661-unmod	472	597
chr11:758960-mod	4	2
chr11:758960-unmod	20	19
chr11:764862-mod	1	1
chr11:764862-unmod	30	21
chr11:78069882-mod	4	4
chr11:78069882-unmod	25	40
chr11:78069913-mod	2	2
chr11:78069913-unmod	28	44
chr11:78069927-mod	4	3
chr11:78069927-unmod	23	44
chr11:78073050-mod	3	1
chr11:78073050-unmod	23	46
chr11:78079668-mod	1	2
chr11:78079668-unmod	11	26
chr11:78079720-mod	4	2
chr11:78079720-unmod	22	40
chr11:7987706-mod	1	4
chr11:7987706-unmod	95	89
chr11:7991782-mod	15	14
chr11:7991782-unmod	88	90
chr11:7992121-mod	41	35
chr11:7992121-unmod	56	61
chr11:7992903-mod	4	3
chr11:7992903-unmod	87	83
chr11:7994450-mod	8	4
chr11:7994450-unmod	108	112
chr11:7994477-mod	5	2
chr11:7994477-unmod	103	98
chr11:7994984-mod	4	1
chr11:7994984-unmod	110	108
chr11:7995027-mod	9	13
chr11:7995027-unmod	111	102
chr11:7995038-mod	2	1
chr11:7995038-unmod	122	117
chr11:7995335-mod	2	2
chr11:7995335-unmod	113	115
chr11:7995945-mod	3	4
chr11:7995945-unmod	114	112
chr11:7995959-mod	7	7
chr11:7995959-unmod	83	86
chr11:7996006-mod	2	3
chr11:7996006-unmod	115	117
chr11:7996068-mod	19	21
chr11:7996068-unmod	97	94
chr11:7996136-mod	12	13
chr11:7996136-unmod	104	97
chr11:810005-mod	5	5
chr11:810005-unmod	442	411
chr11:810298-mod	4	4
chr11:810298-unmod	425	407
chr11:810316-mod	11	5
chr11:810316-unmod	429	410
chr11:811621-mod	1	1
chr11:811621-unmod	505	467
chr11:812810-mod	54	48
chr11:812810-unmod	432	389
chr11:833009-mod	2	4
chr11:833009-unmod	22	27
chr11:836385-mod	5	3
chr11:836385-unmod	29	36
chr11:836428-mod	1	2
chr11:836428-unmod	31	42
chr11:837253-mod	15	19
chr11:837253-unmod	16	28
chr11:837280-mod	2	9
chr11:837280-unmod	32	35
chr11:837288-mod	2	1
chr11:837288-unmod	31	43
chr11:837324-mod	1	2
chr11:837324-unmod	33	48
chr11:837337-mod	3	1
chr11:837337-unmod	26	32
chr11:837490-mod	10	20
chr11:837490-unmod	19	24
chr11:837965-mod	1	3
chr11:837965-unmod	31	47
chr11:838306-mod	3	8
chr11:838306-unmod	30	37
chr11:838533-mod	6	6
chr11:838533-unmod	46	61
chr11:840230-mod	1	1
chr11:840230-unmod	27	35
chr11:840339-mod	1	2
chr11:840339-unmod	33	44
chr11:840360-mod	3	6
chr11:840360-unmod	30	44
chr11:8683209-mod	61	70
chr11:8683209-unmod	601	555
chr11:8683219-mod	1	3
chr11:8683219-unmod	670	599
chr11:8683227-mod	36	32
chr11:8683227-unmod	671	609
chr11:8684770-mod	20	7
chr11:8684770-unmod	721	658
chr11:8684800-mod	36	22
chr11:8684800-unmod	674	625
chr11:8684811-mod	80	75
chr11:8684811-unmod	630	586
chr11:8684825-mod	157	149
chr11:8684825-unmod	466	407
chr11:8684856-mod	4	10
chr11:8684856-unmod	610	564
chr11:8685837-mod	16	15
chr11:8685837-unmod	355	352
chr12:103946921-mod	5	2
chr12:103946921-unmod	20	8
chr12:103947733-mod	1	1
chr12:103947733-unmod	23	12
chr12:103947866-mod	4	2
chr12:103947866-unmod	29	16
chr12:103947870-mod	4	3
chr12:103947870-unmod	21	12
chr12:104265561-mod	3	2
chr12:104265561-unmod	9	23
chr12:10699149-mod	13	12
chr12:10699149-unmod	57	44
chr12:10699322-mod	4	2
chr12:10699322-unmod	67	60
chr12:10699439-mod	3	1
chr12:10699439-unmod	57	56
chr12:10699462-mod	2	4
chr12:10699462-unmod	64	46
chr12:10699541-mod	31	21
chr12:10699541-unmod	37	34
chr12:10699557-mod	1	3
chr12:10699557-unmod	70	56
chr12:10699634-mod	2	1
chr12:10699634-unmod	66	57
chr12:10699650-mod	5	3
chr12:10699650-unmod	53	48
chr12:10701324-mod	4	4
chr12:10701324-unmod	49	37
chr12:10702127-mod	5	6
chr12:10702127-unmod	50	37
chr12:10704091-mod	9	3
chr12:10704091-unmod	44	37
chr12:10710064-mod	1	1
chr12:10710064-unmod	32	13
chr12:10713311-mod	10	9
chr12:10713311-unmod	31	22
chr12:10723025-mod	4	3
chr12:10723025-unmod	28	14
chr12:110346230-mod	1	1
chr12:110346230-unmod	11	11
chr12:110346316-mod	3	2
chr12:110346316-unmod	11	10
chr12:110346438-mod	1	4
chr12:110346438-unmod	13	7
chr12:110346469-mod	5	1
chr12:110346469-unmod	11	9
chr12:110346563-mod	1	5
chr12:110346563-unmod	11	5
chr12:110346618-mod	2	4
chr12:110346618-unmod	13	7
chr12:110346685-mod	1	1
chr12:110346685-unmod	15	12
chr12:110435026-mod	8	7
chr12:110435026-unmod	31	35
chr12:110435160-mod	1	1
chr12:110435160-unmod	30	17
chr12:110435166-mod	9	8
chr12:110435166-unmod	29	35
chr12:110435182-mod	4	4
chr12:110435182-unmod	40	42
chr12:110436154-mod	3	2
chr12:110436154-unmod	40	41
chr12:110436160-mod	7	9
chr12:110436160-unmod	35	34
chr12:110436165-mod	1	1
chr12:110436165-unmod	39	30
chr12:110437121-mod	1	2
chr12:110437121-unmod	40	31
chr12:110437136-mod	3	2
chr12:110437136-unmod	31	28
chr12:110445467-mod	2	9
chr12:110445467-unmod	13	9
chr12:112405194-mod	5	5
chr12:112405194-unmod	49	39
chr12:112405211-mod	22	16
chr12:112405211-unmod	242	176
chr12:112405329-mod	38	38
chr12:112405329-unmod	228	157
chr12:112406001-mod	75	62
chr12:112406001-unmod	200	127
chr12:112406035-mod	2	1
chr12:112406035-unmod	260	198
chr12:112406296-mod	37	23
chr12:112406296-unmod	247	179
chr12:112406784-mod	4	2
chr12:112406784-unmod	240	183
chr12:112408251-mod	4	2
chr12:112408251-unmod	276	207
chr12:112408279-mod	7	5
chr12:112408279-unmod	250	183
chr12:120196731-mod	5	5
chr12:120196731-unmod	613	803
chr12:120196776-mod	82	85
chr12:120196776-unmod	838	1034
chr12:120198576-mod	21	27
chr12:120198576-unmod	707	901
chr12:120198677-mod	294	403
chr12:120198677-unmod	480	512
chr12:120198710-mod	3	4
chr12:120198710-unmod	740	901
chr12:120198717-mod	13	8
chr12:120198717-unmod	683	878
chr12:120198915-mod	10	6
chr12:120198915-unmod	799	1001
chr12:120198938-mod	51	75
chr12:120198938-unmod	733	904
chr12:120199136-mod	12	9
chr12:120199136-unmod	717	940
chr12:120199154-mod	60	78
chr12:120199154-unmod	631	806
chr12:120199204-mod	9	7
chr12:120199204-unmod	675	862
chr12:120199327-mod	2	2
chr12:120199327-unmod	752	964
chr12:120199366-mod	37	63
chr12:120199366-unmod	598	765
chr12:120199441-mod	10	13
chr12:120199441-unmod	590	779
chr12:120200815-mod	9	7
chr12:120200815-unmod	537	778
chr12:120200828-mod	6	9
chr12:120200828-unmod	491	720
chr12:120200860-mod	4	3
chr12:120200860-unmod	78	58
chr12:120200883-mod	8	7
chr12:120200883-unmod	70	53
chr12:120210514-mod	1	1
chr12:120210514-unmod	44	46
chr12:120210591-mod	7	10
chr12:120210591-unmod	43	38
chr12:120210618-mod	5	4
chr12:120210618-unmod	46	33
chr12:120210773-mod	7	7
chr12:120210773-unmod	44	49
chr12:120210863-mod	3	1
chr12:120210863-unmod	44	49
chr12:120211026-mod	3	4
chr12:120211026-unmod	26	30
chr12:120211107-mod	2	4
chr12:120211107-unmod	15	27
chr12:120211116-mod	4	4
chr12:120211116-unmod	10	19
chr12:120211216-mod	2	5
chr12:120211216-unmod	16	26
chr12:120211328-mod	2	5
chr12:120211328-unmod	9	14
chr12:120211360-mod	10	15
chr12:120211360-unmod	13	7
chr12:120211378-mod	11	7
chr12:120211378-unmod	1	15
chr12:120438515-mod	20	4
chr12:120438515-unmod	107	102
chr12:120440587-mod	9	10
chr12:120440587-unmod	108	95
chr12:120440606-mod	8	6
chr12:120440606-unmod	84	90
chr12:120440625-mod	29	15
chr12:120440625-unmod	90	94
chr12:120440662-mod	22	17
chr12:120440662-unmod	102	99
chr12:120440719-mod	6	5
chr12:120440719-unmod	103	100
chr12:120461718-mod	4	6
chr12:120461718-unmod	7	16
chr12:120461979-mod	3	4
chr12:120461979-unmod	8	19
chr12:120463979-mod	1	1
chr12:120463979-unmod	10	23
chr12:120464120-mod	1	2
chr12:120464120-unmod	9	19
chr12:120496479-mod	11	9
chr12:120496479-unmod	26	36
chr12:120498121-mod	3	4
chr12:120498121-unmod	46	49
chr12:120498138-mod	10	4
chr12:120498138-unmod	38	49
chr12:120498218-mod	32	27
chr12:120498218-unmod	14	23
chr12:120498256-mod	20	26
chr12:120498256-unmod	23	28
chr12:120498284-mod	18	24
chr12:120498284-unmod	29	34
chr12:120498311-mod	4	11
chr12:120498311-unmod	42	47
chr12:120498327-mod	6	10
chr12:120498327-unmod	37	39
chr12:120563497-mod	2	1
chr12:120563497-unmod	19	18
chr12:120565136-mod	12	11
chr12:120565136-unmod	11	12
chr12:120571201-mod	2	1
chr12:120571201-unmod	21	18
chr12:120575797-mod	1	4
chr12:120575797-unmod	25	18
chr12:120576665-mod	3	7
chr12:120576665-unmod	22	18
chr12:120576768-mod	1	3
chr12:120576768-unmod	20	18
chr12:124911774-mod	53	51
chr12:124911774-unmod	331	430
chr12:124911885-mod	82	90
chr12:124911885-unmod	328	417
chr12:124911913-mod	4	6
chr12:124911913-unmod	316	408
chr12:124911922-mod	116	142
chr12:124911922-unmod	262	316
chr12:124911928-mod	3	5
chr12:124911928-unmod	377	455
chr12:124912002-mod	46	55
chr12:124912002-unmod	330	391
chr12:124912031-mod	1	2
chr12:124912031-unmod	342	431
chr12:124912059-mod	80	88
chr12:124912059-unmod	275	370
chr12:124912080-mod	3	4
chr12:124912080-unmod	353	453
chr12:124912113-mod	48	58
chr12:124912113-unmod	343	426
chr12:124912141-mod	1	2
chr12:124912141-unmod	356	419
chr12:124912150-mod	73	105
chr12:124912150-unmod	297	369
chr12:124912156-mod	1	4
chr12:124912156-unmod	378	486
chr12:124912230-mod	46	61
chr12:124912230-unmod	311	402
chr12:124912287-mod	62	95
chr12:124912287-unmod	292	359
chr12:124912308-mod	3	3
chr12:124912308-unmod	357	453
chr12:124912341-mod	45	68
chr12:124912341-unmod	329	427
chr12:124912369-mod	6	1
chr12:124912369-unmod	294	405
chr12:124912378-mod	64	78
chr12:124912378-unmod	263	342
chr12:124912384-mod	6	3
chr12:124912384-unmod	343	434
chr12:124912458-mod	27	59
chr12:124912458-unmod	288	373
chr12:124912515-mod	64	90
chr12:124912515-unmod	249	346
chr12:124912536-mod	1	1
chr12:124912536-unmod	306	418
chr12:124912569-mod	31	46
chr12:124912569-unmod	288	398
chr12:124912597-mod	4	2
chr12:124912597-unmod	256	351
chr12:124912606-mod	73	92
chr12:124912606-unmod	223	307
chr12:124912612-mod	3	3
chr12:124912612-unmod	313	415
chr12:124912686-mod	42	47
chr12:124912686-unmod	248	321
chr12:124912743-mod	65	70
chr12:124912743-unmod	205	272
chr12:124912764-mod	1	7
chr12:124912764-unmod	269	364
chr12:124912797-mod	40	42
chr12:124912797-unmod	244	345
chr12:124912834-mod	64	81
chr12:124912834-unmod	196	267
chr12:124912840-mod	4	3
chr12:124912840-unmod	274	370
chr12:124912914-mod	27	31
chr12:124912914-unmod	215	283
chr12:124912971-mod	42	62
chr12:124912971-unmod	180	248
chr12:124912992-mod	2	1
chr12:124912992-unmod	227	309
chr12:124913025-mod	47	66
chr12:124913025-unmod	201	287
chr12:124913053-mod	2	2
chr12:124913053-unmod	229	307
chr12:124913068-mod	6	7
chr12:124913068-unmod	237	317
chr12:124913142-mod	29	46
chr12:124913142-unmod	212	277
chr12:124913253-mod	31	52
chr12:124913253-unmod	197	277
chr12:124913281-mod	2	2
chr12:124913281-unmod	193	269
chr12:124913290-mod	51	83
chr12:124913290-unmod	172	226
chr12:124913296-mod	3	2
chr12:124913296-unmod	219	302
chr12:124913370-mod	21	33
chr12:124913370-unmod	190	249
chr12:124913427-mod	36	47
chr12:124913427-unmod	151	222
chr12:124913448-mod	21	28
chr12:124913448-unmod	180	249
chr12:124913481-mod	49	71
chr12:124913481-unmod	159	212
chr12:124913509-mod	4	1
chr12:124913509-unmod	162	238
chr12:124913524-mod	7	3
chr12:124913524-unmod	181	258
chr12:124913598-mod	13	21
chr12:124913598-unmod	181	242
chr12:124913655-mod	32	37
chr12:124913655-unmod	157	217
chr12:124913709-mod	49	73
chr12:124913709-unmod	148	192
chr12:124913746-mod	33	60
chr12:124913746-unmod	156	193
chr12:124913752-mod	1	6
chr12:124913752-unmod	190	261
chr12:130872834-mod	2	1
chr12:130872834-unmod	43	45
chr12:130872892-mod	3	3
chr12:130872892-unmod	43	33
chr12:130873051-mod	5	6
chr12:130873051-unmod	40	28
chr12:130873074-mod	4	4
chr12:130873074-unmod	26	25
chr12:130873102-mod	8	6
chr12:130873102-unmod	37	30
chr12:130874605-mod	4	5
chr12:130874605-unmod	56	45
chr12:130874680-mod	1	1
chr12:130874680-unmod	51	33
chr12:130875693-mod	1	1
chr12:130875693-unmod	58	38
chr12:130876032-mod	4	3
chr12:130876032-unmod	53	42
chr12:130876104-mod	10	13
chr12:130876104-unmod	56	41
chr12:130876118-mod	9	11
chr12:130876118-unmod	40	29
chr12:130876174-mod	21	22
chr12:130876174-unmod	32	26
chr12:16347676-mod	3	2
chr12:16347676-unmod	22	31
chr12:16354259-mod	2	1
chr12:16354259-unmod	35	46
chr12:16357670-mod	2	1
chr12:16357670-unmod	35	42
chr12:16363896-mod	2	2
chr12:16363896-unmod	41	46
chr12:16364151-mod	28	35
chr12:16364151-unmod	15	14
chr12:16364383-mod	1	2
chr12:16364383-unmod	35	43
chr12:21635367-mod	6	13
chr12:21635367-unmod	59	49
chr12:21635541-mod	10	11
chr12:21635541-unmod	57	56
chr12:21635557-mod	9	6
chr12:21635557-unmod	56	59
chr12:21635569-mod	3	4
chr12:21635569-unmod	46	51
chr12:21638400-mod	8	5
chr12:21638400-unmod	54	58
chr12:21638404-mod	18	21
chr12:21638404-unmod	46	40
chr12:21641967-mod	2	6
chr12:21641967-unmod	53	51
chr12:21642012-mod	5	6
chr12:21642012-unmod	34	47
chr12:21644069-mod	6	7
chr12:21644069-unmod	30	45
chr12:21644096-mod	14	13
chr12:21644096-unmod	8	12
chr12:21647001-mod	16	19
chr12:21647001-unmod	16	27
chr12:21654650-mod	4	5
chr12:21654650-unmod	29	40
chr12:21657804-mod	3	1
chr12:21657804-unmod	7	17
chr12:42458396-mod	4	4
chr12:42458396-unmod	25	21
chr12:42458476-mod	2	3
chr12:42458476-unmod	26	20
chr12:42458593-mod	1	1
chr12:42458593-unmod	31	25
chr12:42458682-mod	6	5
chr12:42458682-unmod	26	20
chr12:42458865-mod	2	1
chr12:42458865-unmod	38	32
chr12:42458916-mod	1	1
chr12:42458916-unmod	42	29
chr12:42459067-mod	15	14
chr12:42459067-unmod	25	14
chr12:42459085-mod	2	2
chr12:42459085-unmod	39	26
chr12:42459218-mod	1	3
chr12:42459218-unmod	35	24
chr12:42459234-mod	5	8
chr12:42459234-unmod	37	22
chr12:42459318-mod	7	10
chr12:42459318-unmod	35	19
chr12:42459367-mod	2	4
chr12:42459367-unmod	34	23
chr12:42459470-mod	6	4
chr12:42459470-unmod	32	23
chr12:42459508-mod	10	14
chr12:42459508-unmod	23	13
chr12:42459596-mod	2	1
chr12:42459596-unmod	33	24
chr12:42459684-mod	15	11
chr12:42459684-unmod	16	13
chr12:42459838-mod	13	11
chr12:42459838-unmod	2	5
chr12:42459864-mod	12	8
chr12:42459864-unmod	16	17
chr12:42459914-mod	3	4
chr12:42459914-unmod	29	20
chr12:42460045-mod	12	14
chr12:42460045-unmod	10	7
chr12:42460070-mod	1	3
chr12:42460070-unmod	19	18
chr12:42460181-mod	2	1
chr12:42460181-unmod	16	20
chr12:42460204-mod	3	5
chr12:42460204-unmod	7	10
chr12:42460338-mod	5	8
chr12:42460338-unmod	6	9
chr12:42460379-mod	1	7
chr12:42460379-unmod	10	10
chr12:46358214-mod	11	6
chr12:46358214-unmod	14	9
chr12:46358219-mod	4	1
chr12:46358219-unmod	25	17
chr12:46358790-mod	1	1
chr12:46358790-unmod	22	15
chr12:46359154-mod	5	1
chr12:46359154-unmod	6	13
chr12:46359217-mod	3	7
chr12:46359217-unmod	8	7
chr12:49127897-mod	2	1
chr12:49127897-unmod	11	19
chr12:49128126-mod	1	1
chr12:49128126-unmod	13	31
chr12:49128138-mod	1	4
chr12:49128138-unmod	14	29
chr12:49128396-mod	1	2
chr12:49128396-unmod	12	33
chr12:49128461-mod	1	2
chr12:49128461-unmod	10	22
chr12:49128561-mod	3	1
chr12:49128561-unmod	9	32
chr12:49128681-mod	1	1
chr12:49128681-unmod	11	26
chr12:49128880-mod	2	8
chr12:49128880-unmod	9	17
chr12:49131346-mod	1	3
chr12:49131346-unmod	10	20
chr12:49269959-mod	3	1
chr12:49269959-unmod	17	14
chr12:49272309-mod	8	6
chr12:49272309-unmod	13	10
chr12:49272628-mod	1	1
chr12:49272628-unmod	23	15
chr12:49272728-mod	2	3
chr12:49272728-unmod	10	15
chr12:49272793-mod	2	1
chr12:49272793-unmod	23	18
chr12:49273051-mod	1	1
chr12:49273051-unmod	27	18
chr12:49273147-mod	1	1
chr12:49273147-unmod	28	16
chr12:49752470-mod	3	7
chr12:49752470-unmod	38	50
chr12:49752490-mod	8	6
chr12:49752490-unmod	33	51
chr12:49752497-mod	13	25
chr12:49752497-unmod	28	29
chr12:49755706-mod	1	8
chr12:49755706-unmod	41	46
chr12:49755711-mod	7	18
chr12:49755711-unmod	36	40
chr12:49755726-mod	7	4
chr12:49755726-unmod	41	57
chr12:49759237-mod	6	11
chr12:49759237-unmod	40	57
chr12:49759297-mod	3	15
chr12:49759297-unmod	50	57
chr12:49761748-mod	1	4
chr12:49761748-unmod	50	63
chr12:49762900-mod	8	12
chr12:49762900-unmod	43	53
chr12:49763053-mod	1	2
chr12:49763053-unmod	19	27
chr12:49763183-mod	1	2
chr12:49763183-unmod	27	30
chr12:49763244-mod	1	3
chr12:49763244-unmod	30	31
chr12:49763250-mod	19	24
chr12:49763250-unmod	17	20
chr12:49763318-mod	2	5
chr12:49763318-unmod	35	36
chr12:49763368-mod	1	5
chr12:49763368-unmod	38	51
chr12:49763469-mod	2	3
chr12:49763469-unmod	40	41
chr12:49763570-mod	1	1
chr12:49763570-unmod	47	62
chr12:49763662-mod	1	3
chr12:49763662-unmod	53	66
chr12:49763803-mod	2	1
chr12:49763803-unmod	49	68
chr12:49763828-mod	2	1
chr12:49763828-unmod	50	54
chr12:49763840-mod	4	2
chr12:49763840-unmod	52	67
chr12:49764165-mod	6	6
chr12:49764165-unmod	40	59
chr12:49764318-mod	2	1
chr12:49764318-unmod	60	76
chr12:49764362-mod	2	3
chr12:49764362-unmod	68	73
chr12:49764450-mod	1	4
chr12:49764450-unmod	63	72
chr12:49764530-mod	24	26
chr12:49764530-unmod	54	61
chr12:49764635-mod	2	4
chr12:49764635-unmod	71	76
chr12:51243641-mod	2	1
chr12:51243641-unmod	8	10
chr12:52235176-mod	5	8
chr12:52235176-unmod	84	83
chr12:52235190-mod	1	2
chr12:52235190-unmod	60	77
chr12:52235245-mod	4	2
chr12:52235245-unmod	89	84
chr12:52235353-mod	23	27
chr12:52235353-unmod	95	85
chr12:52238760-mod	6	8
chr12:52238760-unmod	113	107
chr12:52241477-mod	1	1
chr12:52241477-unmod	130	114
chr12:52241526-mod	8	3
chr12:52241526-unmod	107	113
chr12:52241544-mod	8	4
chr12:52241544-unmod	118	133
chr12:52241630-mod	10	12
chr12:52241630-unmod	157	150
chr12:52243017-mod	5	3
chr12:52243017-unmod	154	147
chr12:52243087-mod	44	38
chr12:52243087-unmod	138	128
chr12:52243132-mod	22	30
chr12:52243132-unmod	173	161
chr12:52245557-mod	57	50
chr12:52245557-unmod	186	183
chr12:52245583-mod	4	3
chr12:52245583-unmod	221	212
chr12:52248640-mod	9	2
chr12:52248640-unmod	227	235
chr12:52248652-mod	67	58
chr12:52248652-unmod	143	147
chr12:52248724-mod	7	8
chr12:52248724-unmod	169	166
chr12:52248845-mod	4	5
chr12:52248845-unmod	235	227
chr12:52248853-mod	35	32
chr12:52248853-unmod	192	191
chr12:52487268-mod	92	59
chr12:52487268-unmod	297	213
chr12:52487304-mod	43	29
chr12:52487304-unmod	354	239
chr12:52487321-mod	24	26
chr12:52487321-unmod	385	252
chr12:52487329-mod	10	3
chr12:52487329-unmod	402	276
chr12:52487361-mod	17	10
chr12:52487361-unmod	382	258
chr12:52487409-mod	11	3
chr12:52487409-unmod	365	259
chr12:52488081-mod	13	8
chr12:52488081-unmod	296	200
chr12:52488432-mod	34	22
chr12:52488432-unmod	270	184
chr12:52490038-mod	1	2
chr12:52490038-unmod	145	113
chr12:52490653-mod	2	4
chr12:52490653-unmod	108	89
chr12:52490659-mod	3	1
chr12:52490659-unmod	101	90
chr12:52490677-mod	3	6
chr12:52490677-unmod	86	72
chr12:52490701-mod	4	2
chr12:52490701-unmod	84	80
chr12:52490714-mod	1	2
chr12:52490714-unmod	97	86
chr12:52490920-mod	43	42
chr12:52490920-unmod	54	39
chr12:52490930-mod	2	8
chr12:52490930-unmod	98	75
chr12:52491122-mod	11	8
chr12:52491122-unmod	87	75
chr12:52491524-mod	3	2
chr12:52491524-unmod	93	80
chr12:52491533-mod	6	2
chr12:52491533-unmod	84	78
chr12:52491545-mod	17	9
chr12:52491545-unmod	77	71
chr12:52491569-mod	4	5
chr12:52491569-unmod	86	75
chr12:52491599-mod	5	3
chr12:52491599-unmod	77	70
chr12:52491650-mod	3	1
chr12:52491650-unmod	71	65
chr12:52491690-mod	3	2
chr12:52491690-unmod	55	57
chr12:52491713-mod	2	6
chr12:52491713-unmod	63	59
chr12:52492693-mod	6	5
chr12:52492693-unmod	38	19
chr12:52492752-mod	4	7
chr12:52492752-unmod	53	44
chr12:52493190-mod	3	4
chr12:52493190-unmod	48	29
chr12:52514616-mod	16	32
chr12:52514616-unmod	280	366
chr12:52514657-mod	2	1
chr12:52514657-unmod	366	485
chr12:52514689-mod	6	13
chr12:52514689-unmod	138	161
chr12:52514697-mod	12	22
chr12:52514697-unmod	394	498
chr12:52514812-mod	54	50
chr12:52514812-unmod	367	489
chr12:52514829-mod	3	3
chr12:52514829-unmod	413	531
chr12:52514938-mod	36	51
chr12:52514938-unmod	330	421
chr12:52515810-mod	7	6
chr12:52515810-unmod	246	357
chr12:52515831-mod	10	9
chr12:52515831-unmod	250	390
chr12:52516702-mod	43	86
chr12:52516702-unmod	195	293
chr12:52516741-mod	4	4
chr12:52516741-unmod	232	375
chr12:52517122-mod	1	6
chr12:52517122-unmod	199	347
chr12:52517155-mod	36	71
chr12:52517155-unmod	148	263
chr12:52517191-mod	8	14
chr12:52517191-unmod	146	290
chr12:52517594-mod	3	3
chr12:52517594-unmod	135	262
chr12:52517680-mod	3	9
chr12:52517680-unmod	128	248
chr12:52517698-mod	8	7
chr12:52517698-unmod	95	196
chr12:52517722-mod	2	5
chr12:52517722-unmod	134	258
chr12:52517969-mod	10	21
chr12:52517969-unmod	124	249
chr12:52518948-mod	2	4
chr12:52518948-unmod	124	258
chr12:52518957-mod	1	4
chr12:52518957-unmod	124	257
chr12:52518969-mod	16	42
chr12:52518969-unmod	114	220
chr12:52518993-mod	4	18
chr12:52518993-unmod	125	236
chr12:52519023-mod	4	19
chr12:52519023-unmod	110	219
chr12:52519074-mod	8	11
chr12:52519074-unmod	99	226
chr12:52519087-mod	13	34
chr12:52519087-unmod	73	183
chr12:52519114-mod	3	10
chr12:52519114-unmod	90	215
chr12:52519125-mod	2	5
chr12:52519125-unmod	94	203
chr12:52519137-mod	4	3
chr12:52519137-unmod	106	250
chr12:52519776-mod	1	2
chr12:52519776-unmod	100	235
chr12:52519800-mod	7	10
chr12:52519800-unmod	96	215
chr12:52519845-mod	20	40
chr12:52519845-unmod	55	145
chr12:52520042-mod	16	49
chr12:52520042-unmod	89	184
chr12:52520305-mod	2	9
chr12:52520305-unmod	84	189
chr12:52897246-mod	1	1
chr12:52897246-unmod	145	171
chr12:52897276-mod	14	18
chr12:52897276-unmod	120	141
chr12:52897333-mod	3	1
chr12:52897333-unmod	151	176
chr12:52897340-mod	7	3
chr12:52897340-unmod	141	161
chr12:52897426-mod	45	54
chr12:52897426-unmod	105	114
chr12:52898498-mod	28	34
chr12:52898498-unmod	120	138
chr12:52898726-mod	4	3
chr12:52898726-unmod	128	158
chr12:52898783-mod	1	3
chr12:52898783-unmod	135	156
chr12:52899817-mod	7	12
chr12:52899817-unmod	105	122
chr12:52899823-mod	24	17
chr12:52899823-unmod	85	112
chr12:52899842-mod	6	11
chr12:52899842-unmod	88	108
chr12:52899859-mod	3	3
chr12:52899859-unmod	94	116
chr12:52899985-mod	1	3
chr12:52899985-unmod	76	93
chr12:52899991-mod	1	1
chr12:52899991-unmod	81	96
chr12:52900009-mod	6	4
chr12:52900009-unmod	72	88
chr12:52900033-mod	5	2
chr12:52900033-unmod	54	71
chr12:52900625-mod	1	1
chr12:52900625-unmod	68	87
chr12:52900660-mod	5	5
chr12:52900660-unmod	70	98
chr12:52901866-mod	1	2
chr12:52901866-unmod	65	97
chr12:52901875-mod	7	9
chr12:52901875-unmod	61	91
chr12:52901939-mod	2	1
chr12:52901939-unmod	64	90
chr12:52901986-mod	3	2
chr12:52901986-unmod	37	65
chr12:52902049-mod	1	4
chr12:52902049-unmod	50	73
chr12:52904739-mod	1	4
chr12:52904739-unmod	44	60
chr12:52904965-mod	4	3
chr12:52904965-unmod	32	58
chr12:52949459-mod	3	3
chr12:52949459-unmod	30	45
chr12:52949486-mod	3	7
chr12:52949486-unmod	29	45
chr12:52949532-mod	4	3
chr12:52949532-unmod	33	48
chr12:52949546-mod	1	1
chr12:52949546-unmod	31	42
chr12:52950346-mod	1	1
chr12:52950346-unmod	27	42
chr12:52950397-mod	5	4
chr12:52950397-unmod	28	42
chr12:52950820-mod	1	1
chr12:52950820-unmod	48	51
chr12:52950895-mod	1	2
chr12:52950895-unmod	46	56
chr12:52951553-mod	6	11
chr12:52951553-unmod	47	52
chr12:52951610-mod	9	11
chr12:52951610-unmod	50	53
chr12:52951839-mod	5	5
chr12:52951839-unmod	57	64
chr12:52952134-mod	7	16
chr12:52952134-unmod	57	56
chr12:52952237-mod	3	4
chr12:52952237-unmod	57	66
chr12:52952272-mod	7	9
chr12:52952272-unmod	58	64
chr12:52952335-mod	5	11
chr12:52952335-unmod	61	62
chr12:52952738-mod	14	19
chr12:52952738-unmod	45	43
chr12:52952812-mod	4	3
chr12:52952812-unmod	58	69
chr12:52952819-mod	4	2
chr12:52952819-unmod	53	66
chr12:53040861-mod	2	2
chr12:53040861-unmod	20	8
chr12:53040951-mod	1	1
chr12:53040951-unmod	23	15
chr12:53041119-mod	4	2
chr12:53041119-unmod	23	11
chr12:53041222-mod	3	2
chr12:53041222-unmod	25	15
chr12:53041308-mod	1	1
chr12:53041308-unmod	26	15
chr12:53041377-mod	2	2
chr12:53041377-unmod	32	19
chr12:53041552-mod	3	3
chr12:53041552-unmod	34	30
chr12:53041596-mod	1	1
chr12:53041596-unmod	39	34
chr12:53041641-mod	2	1
chr12:53041641-unmod	32	32
chr12:53041908-mod	1	1
chr12:53041908-unmod	23	17
chr12:53041985-mod	1	2
chr12:53041985-unmod	42	26
chr12:53097714-mod	3	3
chr12:53097714-unmod	11	8
chr12:53097946-mod	4	3
chr12:53097946-unmod	15	15
chr12:53097959-mod	8	4
chr12:53097959-unmod	13	14
chr12:53100774-mod	1	5
chr12:53100774-unmod	22	14
chr12:53101062-mod	4	4
chr12:53101062-unmod	17	14
chr12:53102205-mod	3	1
chr12:53102205-unmod	22	16
chr12:53295625-mod	5	8
chr12:53295625-unmod	51	73
chr12:53295634-mod	1	1
chr12:53295634-unmod	55	80
chr12:53295908-mod	8	13
chr12:53295908-unmod	49	73
chr12:53295926-mod	8	11
chr12:53295926-unmod	41	68
chr12:53297881-mod	3	5
chr12:53297881-unmod	55	80
chr12:53297903-mod	14	16
chr12:53297903-unmod	47	73
chr12:53298063-mod	3	5
chr12:53298063-unmod	58	81
chr12:53299372-mod	2	4
chr12:53299372-unmod	61	84
chr12:53454751-mod	5	6
chr12:53454751-unmod	56	83
chr12:53454758-mod	3	4
chr12:53454758-unmod	73	104
chr12:53454763-mod	3	4
chr12:53454763-unmod	66	96
chr12:53454788-mod	11	9
chr12:53454788-unmod	61	93
chr12:53454804-mod	5	4
chr12:53454804-unmod	58	78
chr12:53455946-mod	3	8
chr12:53455946-unmod	66	82
chr12:53455987-mod	9	13
chr12:53455987-unmod	74	98
chr12:53455991-mod	1	1
chr12:53455991-unmod	75	95
chr12:53459272-mod	2	5
chr12:53459272-unmod	82	108
chr12:53459289-mod	10	11
chr12:53459289-unmod	94	122
chr12:53462510-mod	8	5
chr12:53462510-unmod	124	147
chr12:53464760-mod	4	10
chr12:53464760-unmod	48	73
chr12:53464829-mod	6	8
chr12:53464829-unmod	60	87
chr12:53464839-mod	3	6
chr12:53464839-unmod	77	101
chr12:53465948-mod	14	12
chr12:53465948-unmod	107	125
chr12:53467223-mod	8	8
chr12:53467223-unmod	121	146
chr12:53468799-mod	1	1
chr12:53468799-unmod	82	104
chr12:53468813-mod	33	50
chr12:53468813-unmod	98	107
chr12:53471719-mod	21	32
chr12:53471719-unmod	100	113
chr12:53479443-mod	4	4
chr12:53479443-unmod	160	175
chr12:53479514-mod	23	37
chr12:53479514-unmod	90	82
chr12:53479789-mod	16	14
chr12:53479789-unmod	33	41
chr12:53665425-mod	2	5
chr12:53665425-unmod	67	78
chr12:53669181-mod	19	27
chr12:53669181-unmod	57	60
chr12:54281402-mod	10	25
chr12:54281402-unmod	44	69
chr12:54281494-mod	14	17
chr12:54281494-unmod	50	88
chr12:54281916-mod	2	3
chr12:54281916-unmod	73	120
chr12:54282116-mod	9	13
chr12:54282116-unmod	68	115
chr12:54282153-mod	5	4
chr12:54282153-unmod	70	115
chr12:54282163-mod	9	25
chr12:54282163-unmod	63	85
chr12:54282187-mod	4	18
chr12:54282187-unmod	67	101
chr12:54282221-mod	16	27
chr12:54282221-unmod	56	89
chr12:54282225-mod	3	5
chr12:54282225-unmod	66	101
chr12:54282279-mod	4	8
chr12:54282279-unmod	62	102
chr12:54282590-mod	5	8
chr12:54282590-unmod	81	129
chr12:54282650-mod	2	1
chr12:54282650-unmod	77	132
chr12:54283881-mod	4	4
chr12:54283881-unmod	65	106
chr12:54284586-mod	5	7
chr12:54284586-unmod	81	143
chr12:54284619-mod	17	35
chr12:54284619-unmod	84	144
chr12:54284703-mod	6	18
chr12:54284703-unmod	101	171
chr12:54284711-mod	29	86
chr12:54284711-unmod	48	56
chr12:54284723-mod	5	18
chr12:54284723-unmod	98	161
chr12:54285042-mod	17	24
chr12:54285042-unmod	20	38
chr12:54285061-mod	2	8
chr12:54285061-unmod	33	55
chr12:54342257-mod	2	1
chr12:54342257-unmod	10	11
chr12:54345481-mod	5	2
chr12:54345481-unmod	6	10
chr12:55725476-mod	1	3
chr12:55725476-unmod	18	28
chr12:55726199-mod	30	29
chr12:55726199-unmod	128	113
chr12:55726715-mod	5	3
chr12:55726715-unmod	121	124
chr12:55727169-mod	18	18
chr12:55727169-unmod	141	132
chr12:55727324-mod	34	29
chr12:55727324-unmod	86	89
chr12:56042424-mod	1	1
chr12:56042424-unmod	95	103
chr12:56042494-mod	21	20
chr12:56042494-unmod	79	87
chr12:56042518-mod	15	11
chr12:56042518-unmod	60	78
chr12:56042575-mod	2	2
chr12:56042575-unmod	98	104
chr12:56043461-mod	4	5
chr12:56043461-unmod	89	98
chr12:56043466-mod	44	58
chr12:56043466-unmod	52	50
chr12:56044179-mod	2	2
chr12:56044179-unmod	83	86
chr12:56111020-mod	2	6
chr12:56111020-unmod	9	10
chr12:56111265-mod	1	1
chr12:56111265-unmod	11	16
chr12:56112883-mod	1	1
chr12:56112883-unmod	9	12
chr12:56113063-mod	3	5
chr12:56113063-unmod	9	13
chr12:56117607-mod	31	158
chr12:56117607-unmod	69	273
chr12:56117648-mod	19	70
chr12:56117648-unmod	86	385
chr12:56117683-mod	1	7
chr12:56117683-unmod	94	407
chr12:56117731-mod	2	9
chr12:56117731-unmod	92	395
chr12:56117738-mod	4	18
chr12:56117738-unmod	95	397
chr12:56117747-mod	33	112
chr12:56117747-unmod	63	296
chr12:56158687-mod	3	14
chr12:56158687-unmod	19	29
chr12:56159618-mod	8	22
chr12:56159618-unmod	13	21
chr12:56159679-mod	1	3
chr12:56159679-unmod	32	43
chr12:56159715-mod	1	1
chr12:56159715-unmod	19	43
chr12:56159995-mod	6	3
chr12:56159995-unmod	15	53
chr12:56160024-mod	2	3
chr12:56160024-unmod	21	49
chr12:56160043-mod	3	3
chr12:56160043-unmod	29	55
chr12:56160074-mod	5	6
chr12:56160074-unmod	28	53
chr12:56160293-mod	4	10
chr12:56160293-unmod	16	38
chr12:56271768-mod	3	3
chr12:56271768-unmod	7	9
chr12:56272121-mod	2	1
chr12:56272121-unmod	8	10
chr12:56272186-mod	4	4
chr12:56272186-unmod	7	9
chr12:56272281-mod	3	3
chr12:56272281-unmod	7	9
chr12:56638214-mod	53	45
chr12:56638214-unmod	72	70
chr12:56638379-mod	13	19
chr12:56638379-unmod	128	114
chr12:56638400-mod	27	39
chr12:56638400-unmod	132	117
chr12:56638413-mod	6	6
chr12:56638413-unmod	158	153
chr12:56639135-mod	6	2
chr12:56639135-unmod	165	161
chr12:56639237-mod	2	1
chr12:56639237-unmod	131	134
chr12:56639259-mod	9	9
chr12:56639259-unmod	166	158
chr12:56639305-mod	21	17
chr12:56639305-unmod	116	125
chr12:56640061-mod	2	5
chr12:56640061-unmod	158	143
chr12:56640160-mod	5	8
chr12:56640160-unmod	139	134
chr12:56640164-mod	12	15
chr12:56640164-unmod	128	118
chr12:56640169-mod	24	17
chr12:56640169-unmod	133	136
chr12:56642518-mod	13	17
chr12:56642518-unmod	131	131
chr12:56642761-mod	13	12
chr12:56642761-unmod	130	134
chr12:56642770-mod	14	11
chr12:56642770-unmod	131	130
chr12:56642801-mod	19	15
chr12:56642801-unmod	139	143
chr12:56643476-mod	9	11
chr12:56643476-unmod	134	133
chr12:56643557-mod	9	3
chr12:56643557-unmod	125	141
chr12:56643890-mod	31	23
chr12:56643890-unmod	87	104
chr12:56644815-mod	3	4
chr12:56644815-unmod	122	123
chr12:56644937-mod	8	10
chr12:56644937-unmod	105	111
chr12:56645198-mod	1	2
chr12:56645198-unmod	109	122
chr12:56645246-mod	24	17
chr12:56645246-unmod	85	95
chr12:56645332-mod	1	1
chr12:56645332-unmod	106	115
chr12:56645346-mod	2	3
chr12:56645346-unmod	103	116
chr12:56645906-mod	2	3
chr12:56645906-unmod	100	109
chr12:56663946-mod	1	1
chr12:56663946-unmod	35	11
chr12:56664070-mod	1	1
chr12:56664070-unmod	30	10
chr12:56712497-mod	13	13
chr12:56712497-unmod	95	69
chr12:56712816-mod	2	1
chr12:56712816-unmod	110	84
chr12:56713104-mod	4	2
chr12:56713104-unmod	96	72
chr12:56713671-mod	1	1
chr12:56713671-unmod	103	75
chr12:56714409-mod	5	5
chr12:56714409-unmod	88	67
chr12:56714637-mod	2	4
chr12:56714637-unmod	86	65
chr12:56714678-mod	12	4
chr12:56714678-unmod	74	65
chr12:57230898-mod	3	4
chr12:57230898-unmod	14	15
chr12:57231526-mod	1	5
chr12:57231526-unmod	17	14
chr12:57232458-mod	4	3
chr12:57232458-unmod	12	12
chr12:57232471-mod	2	2
chr12:57232471-unmod	19	28
chr12:57232491-mod	5	1
chr12:57232491-unmod	15	19
chr12:57233259-mod	2	1
chr12:57233259-unmod	17	17
chr12:57234041-mod	2	1
chr12:57234041-unmod	15	18
chr12:57234059-mod	1	1
chr12:57234059-unmod	18	20
chr12:57234269-mod	2	5
chr12:57234269-unmod	18	24
chr12:57234387-mod	4	3
chr12:57234387-unmod	33	28
chr12:57234516-mod	4	5
chr12:57234516-unmod	40	33
chr12:57234590-mod	2	2
chr12:57234590-unmod	14	29
chr12:57530731-mod	1	2
chr12:57530731-unmod	19	13
chr12:57748607-mod	44	13
chr12:57748607-unmod	88	52
chr12:57749290-mod	38	26
chr12:57749290-unmod	99	65
chr12:57749453-mod	18	11
chr12:57749453-unmod	175	116
chr12:57749486-mod	18	20
chr12:57749486-unmod	170	95
chr12:57750700-mod	32	20
chr12:57750700-unmod	156	90
chr12:57750971-mod	26	20
chr12:57750971-unmod	177	112
chr12:57750987-mod	18	7
chr12:57750987-unmod	72	53
chr12:57750999-mod	15	9
chr12:57750999-unmod	161	105
chr12:57751010-mod	36	29
chr12:57751010-unmod	174	105
chr12:57751246-mod	27	20
chr12:57751246-unmod	164	102
chr12:57751256-mod	44	32
chr12:57751256-unmod	119	73
chr12:57751264-mod	34	30
chr12:57751264-unmod	140	84
chr12:57751270-mod	8	6
chr12:57751270-unmod	147	88
chr12:57751309-mod	18	12
chr12:57751309-unmod	168	107
chr12:57751313-mod	102	71
chr12:57751313-unmod	91	51
chr12:57751662-mod	83	57
chr12:57751662-unmod	77	41
chr12:6225454-mod	1	1
chr12:6225454-unmod	45	46
chr12:6232725-mod	11	19
chr12:6232725-unmod	37	26
chr12:6235259-mod	3	3
chr12:6235259-unmod	37	40
chr12:6235479-mod	12	17
chr12:6235479-unmod	38	35
chr12:6235507-mod	11	11
chr12:6235507-unmod	41	37
chr12:6237811-mod	12	10
chr12:6237811-unmod	49	56
chr12:6238015-mod	1	1
chr12:6238015-unmod	56	61
chr12:6238212-mod	3	5
chr12:6238212-unmod	61	62
chr12:6238225-mod	1	2
chr12:6238225-unmod	49	51
chr12:6328907-mod	3	1
chr12:6328907-unmod	20	9
chr12:6385057-mod	3	3
chr12:6385057-unmod	19	11
chr12:6385105-mod	6	1
chr12:6385105-unmod	16	14
chr12:6386354-mod	3	3
chr12:6386354-unmod	21	14
chr12:6388399-mod	3	4
chr12:6388399-unmod	24	14
chr12:6390311-mod	5	7
chr12:6390311-unmod	8	8
chr12:6390726-mod	1	1
chr12:6390726-unmod	9	14
chr12:6390777-mod	5	9
chr12:6390777-unmod	28	10
chr12:6390806-mod	1	2
chr12:6390806-unmod	23	14
chr12:6390914-mod	2	1
chr12:6390914-unmod	31	17
chr12:6390932-mod	5	11
chr12:6390932-unmod	6	5
chr12:6390936-mod	7	5
chr12:6390936-unmod	4	6
chr12:6391119-mod	20	12
chr12:6391119-unmod	9	5
chr12:6391368-mod	26	12
chr12:6391368-unmod	3	3
chr12:6534827-mod	6	11
chr12:6534827-unmod	573	753
chr12:6536534-mod	4	2
chr12:6536534-unmod	749	995
chr12:6536567-mod	15	8
chr12:6536567-unmod	541	722
chr12:6536579-mod	21	18
chr12:6536579-unmod	679	921
chr12:6537179-mod	88	105
chr12:6537179-unmod	739	987
chr12:6537194-mod	28	39
chr12:6537194-unmod	803	999
chr12:6537383-mod	41	50
chr12:6537383-unmod	856	1092
chr12:6537583-mod	88	108
chr12:6537583-unmod	731	958
chr12:6537616-mod	21	35
chr12:6537616-unmod	846	1076
chr12:6537639-mod	69	94
chr12:6537639-unmod	800	1027
chr12:6537671-mod	34	30
chr12:6537671-unmod	908	1163
chr12:6537788-mod	20	29
chr12:6537788-unmod	701	818
chr12:6537793-mod	188	262
chr12:6537793-unmod	671	777
chr12:6537810-mod	1	1
chr12:6537810-unmod	933	1161
chr12:6537827-mod	7	13
chr12:6537827-unmod	825	1026
chr12:6537911-mod	144	172
chr12:6537911-unmod	797	947
chr12:6538105-mod	13	10
chr12:6538105-unmod	929	1112
chr12:6538138-mod	55	58
chr12:6538138-unmod	969	1186
chr12:6538171-mod	8	14
chr12:6538171-unmod	993	1164
chr12:6538179-mod	28	26
chr12:6538179-unmod	990	1213
chr12:6538217-mod	6	2
chr12:6538217-unmod	846	1028
chr12:6538295-mod	3	5
chr12:6538295-unmod	896	1096
chr12:6748032-mod	1	2
chr12:6748032-unmod	27	30
chr12:6748119-mod	1	1
chr12:6748119-unmod	31	31
chr12:6748130-mod	4	3
chr12:6748130-unmod	27	27
chr12:6748340-mod	7	5
chr12:6748340-unmod	20	22
chr12:6748361-mod	3	7
chr12:6748361-unmod	21	23
chr12:6748422-mod	1	2
chr12:6748422-unmod	30	28
chr12:6748509-mod	2	2
chr12:6748509-unmod	29	26
chr12:6748801-mod	5	2
chr12:6748801-unmod	20	13
chr12:6748831-mod	2	1
chr12:6748831-unmod	28	29
chr12:6748839-mod	3	2
chr12:6748839-unmod	28	30
chr12:6749930-mod	1	1
chr12:6749930-unmod	23	23
chr12:6749965-mod	3	5
chr12:6749965-unmod	24	24
chr12:6749988-mod	3	3
chr12:6749988-unmod	26	28
chr12:6750302-mod	1	1
chr12:6750302-unmod	25	27
chr12:6753000-mod	1	1
chr12:6753000-unmod	14	13
chr12:6867600-mod	7	13
chr12:6867600-unmod	74	89
chr12:6868944-mod	24	19
chr12:6868944-unmod	62	91
chr12:6868958-mod	2	1
chr12:6868958-unmod	83	118
chr12:6869115-mod	6	3
chr12:6869115-unmod	90	126
chr12:6869295-mod	2	10
chr12:6869295-unmod	116	161
chr12:6869374-mod	1	4
chr12:6869374-unmod	100	139
chr12:6869699-mod	15	18
chr12:6869699-unmod	117	163
chr12:6869755-mod	4	5
chr12:6869755-unmod	128	173
chr12:6870272-mod	26	31
chr12:6870272-unmod	120	179
chr12:6870360-mod	4	7
chr12:6870360-unmod	109	149
chr12:6870422-mod	18	27
chr12:6870422-unmod	128	176
chr12:6870446-mod	6	10
chr12:6870446-unmod	118	167
chr12:6870509-mod	12	18
chr12:6870509-unmod	143	197
chr12:6870556-mod	4	7
chr12:6870556-unmod	133	155
chr12:6870595-mod	28	48
chr12:6870595-unmod	116	158
chr12:6870794-mod	15	25
chr12:6870794-unmod	124	171
chr12:6944100-mod	8	13
chr12:6944100-unmod	8	25
chr12:6945871-mod	1	1
chr12:6945871-unmod	14	34
chr12:69593000-mod	1	1
chr12:69593000-unmod	9	14
chr12:69597189-mod	5	5
chr12:69597189-unmod	5	12
chr12:69597742-mod	2	4
chr12:69597742-unmod	8	14
chr12:69597750-mod	2	1
chr12:69597750-unmod	8	15
chr12:69597999-mod	4	6
chr12:69597999-unmod	7	13
chr12:69598340-mod	1	1
chr12:69598340-unmod	9	17
chr12:6965462-mod	23	16
chr12:6965462-unmod	22	32
chr12:6965478-mod	3	5
chr12:6965478-unmod	45	43
chr12:6965529-mod	5	7
chr12:6965529-unmod	37	42
chr12:6965550-mod	8	6
chr12:6965550-unmod	32	40
chr12:6965668-mod	7	5
chr12:6965668-unmod	39	43
chr12:6965709-mod	7	4
chr12:6965709-unmod	37	45
chr12:6966447-mod	20	17
chr12:6966447-unmod	21	29
chr12:6966462-mod	1	1
chr12:6966462-unmod	34	39
chr12:6967726-mod	2	2
chr12:6967726-unmod	42	45
chr12:6967977-mod	2	5
chr12:6967977-unmod	36	41
chr12:6969544-mod	2	1
chr12:6969544-unmod	31	38
chr12:6970225-mod	5	5
chr12:6970225-unmod	29	34
chr12:6970523-mod	6	5
chr12:6970523-unmod	24	34
chr12:6970532-mod	4	9
chr12:6970532-unmod	27	31
chr12:6970573-mod	7	2
chr12:6970573-unmod	18	19
chr12:6970639-mod	5	3
chr12:6970639-unmod	9	15
chr12:89348234-mod	2	1
chr12:89348234-unmod	9	9
chr12:89348885-mod	4	6
chr12:89348885-unmod	17	4
chr12:89349054-mod	4	3
chr12:89349054-unmod	6	7
chr12:95861285-mod	3	3
chr12:95861285-unmod	7	13
chr12:96000922-mod	1	1
chr12:96000922-unmod	11	11
chr12:96001062-mod	3	2
chr12:96001062-unmod	7	12
chr12:96002994-mod	3	3
chr12:96002994-unmod	8	11
chr12:98594012-mod	13	17
chr12:98594012-unmod	87	101
chr12:98594060-mod	3	3
chr12:98594060-unmod	100	122
chr12:98597859-mod	6	4
chr12:98597859-unmod	93	104
chr12:98597974-mod	26	35
chr12:98597974-unmod	88	86
chr12:98601267-mod	1	1
chr12:98601267-unmod	123	128
chr12:98601380-mod	18	26
chr12:98601380-unmod	115	117
chr12:98601414-mod	38	25
chr12:98601414-unmod	97	100
chr12:98601439-mod	3	7
chr12:98601439-unmod	141	144
chr12:98601519-mod	3	1
chr12:98601519-unmod	142	156
chr12:98601548-mod	87	100
chr12:98601548-unmod	51	48
chr12:98601592-mod	14	10
chr12:98601592-unmod	135	142
chr12:98601607-mod	3	1
chr12:98601607-unmod	120	127
chr12:98601692-mod	1	3
chr12:98601692-unmod	80	80
chr13:113306580-mod	2	4
chr13:113306580-unmod	8	8
chr13:113309655-mod	1	2
chr13:113309655-unmod	10	15
chr13:113309709-mod	7	6
chr13:113309709-unmod	13	12
chr13:113309820-mod	2	3
chr13:113309820-unmod	21	15
chr13:113310731-mod	8	4
chr13:113310731-unmod	17	14
chr13:113319481-mod	6	2
chr13:113319481-unmod	19	15
chr13:113319627-mod	4	5
chr13:113319627-unmod	23	12
chr13:113320416-mod	2	4
chr13:113320416-unmod	23	14
chr13:113322610-mod	7	2
chr13:113322610-unmod	34	18
chr13:113322631-mod	2	3
chr13:113322631-unmod	38	17
chr13:113323029-mod	1	1
chr13:113323029-unmod	34	19
chr13:113323079-mod	10	3
chr13:113323079-unmod	36	21
chr13:20187841-mod	25	6
chr13:20187841-unmod	49	7
chr13:20187846-mod	19	1
chr13:20187846-unmod	50	13
chr13:20187901-mod	10	1
chr13:20187901-unmod	52	14
chr13:20187925-mod	1	1
chr13:20187925-unmod	64	14
chr13:20187986-mod	12	2
chr13:20187986-unmod	60	14
chr13:20188019-mod	4	2
chr13:20188019-unmod	58	15
chr13:20188051-mod	16	2
chr13:20188051-unmod	50	14
chr13:20188370-mod	5	2
chr13:20188370-unmod	62	14
chr13:20188465-mod	15	4
chr13:20188465-unmod	53	11
chr13:20188530-mod	12	2
chr13:20188530-unmod	44	12
chr13:20188560-mod	6	3
chr13:20188560-unmod	21	7
chr13:20189016-mod	35	10
chr13:20189016-unmod	15	2
chr13:21146825-mod	3	7
chr13:21146825-unmod	44	21
chr13:21147225-mod	3	3
chr13:21147225-unmod	36	10
chr13:21147280-mod	1	1
chr13:21147280-unmod	40	24
chr13:21177288-mod	18	5
chr13:21177288-unmod	18	5
chr13:21177296-mod	15	6
chr13:21177296-unmod	22	4
chr13:27253783-mod	170	155
chr13:27253783-unmod	229	196
chr13:27255292-mod	22	16
chr13:27255292-unmod	404	372
chr13:27256468-mod	29	20
chr13:27256468-unmod	350	330
chr13:27256497-mod	13	10
chr13:27256497-unmod	406	372
chr13:27256550-mod	26	31
chr13:27256550-unmod	190	186
chr13:27621930-mod	1	1
chr13:27621930-unmod	45	49
chr13:27622920-mod	2	2
chr13:27622920-unmod	47	48
chr13:27622958-mod	8	11
chr13:27622958-unmod	37	41
chr13:27622968-mod	4	6
chr13:27622968-unmod	46	48
chr13:27623032-mod	2	3
chr13:27623032-unmod	43	48
chr13:27623103-mod	14	27
chr13:27623103-unmod	33	29
chr13:27623206-mod	34	34
chr13:27623206-unmod	20	26
chr13:27623274-mod	33	32
chr13:27623274-unmod	13	13
chr13:27623311-mod	11	4
chr13:27623311-unmod	40	51
chr13:27623378-mod	4	4
chr13:27623378-unmod	46	54
chr13:27623409-mod	1	1
chr13:27623409-unmod	49	48
chr13:28662459-mod	4	3
chr13:28662459-unmod	21	10
chr13:28664529-mod	8	2
chr13:28664529-unmod	21	12
chr13:28672404-mod	1	2
chr13:28672404-unmod	28	10
chr13:45336883-mod	83	81
chr13:45336883-unmod	56	29
chr13:45336915-mod	25	17
chr13:45336915-unmod	177	152
chr13:45336989-mod	17	14
chr13:45336989-unmod	179	149
chr13:45337045-mod	106	89
chr13:45337045-unmod	71	68
chr13:45337057-mod	7	6
chr13:45337057-unmod	178	141
chr13:45337072-mod	6	8
chr13:45337072-unmod	197	158
chr13:45337180-mod	28	26
chr13:45337180-unmod	278	228
chr13:45337219-mod	17	5
chr13:45337219-unmod	591	458
chr13:45337260-mod	238	190
chr13:45337260-unmod	397	307
chr13:45337293-mod	339	313
chr13:45337293-unmod	292	186
chr13:45337302-mod	11	10
chr13:45337302-unmod	578	467
chr13:45337309-mod	124	115
chr13:45337309-unmod	443	333
chr13:45337343-mod	122	91
chr13:45337343-unmod	554	441
chr13:45338706-mod	17	21
chr13:45338706-unmod	658	510
chr13:45338726-mod	26	15
chr13:45338726-unmod	613	479
chr13:45338759-mod	2	3
chr13:45338759-unmod	583	454
chr13:45339503-mod	3	4
chr13:45339503-unmod	633	488
chr13:45339535-mod	4	5
chr13:45339535-unmod	669	529
chr13:45339549-mod	11	11
chr13:45339549-unmod	591	472
chr13:45339559-mod	1	1
chr13:45339559-unmod	666	529
chr13:45339580-mod	43	37
chr13:45339580-unmod	586	443
chr13:45339589-mod	5	2
chr13:45339589-unmod	594	478
chr13:45340062-mod	93	82
chr13:45340062-unmod	529	412
chr13:45340152-mod	13	12
chr13:45340152-unmod	594	468
chr13:45340161-mod	1	1
chr13:45340161-unmod	643	506
chr13:45340171-mod	12	11
chr13:45340171-unmod	611	476
chr13:45341052-mod	57	46
chr13:45341052-unmod	437	361
chr13:48233238-mod	3	1
chr13:48233238-unmod	29	25
chr13:48233469-mod	16	22
chr13:48233469-unmod	23	18
chr13:48253808-mod	1	2
chr13:48253808-unmod	44	44
chr13:48256372-mod	5	4
chr13:48256372-unmod	45	46
chr13:48258180-mod	12	5
chr13:48258180-unmod	38	42
chr13:48258802-mod	4	6
chr13:48258802-unmod	41	33
chr13:48258863-mod	1	1
chr13:48258863-unmod	52	48
chr13:48261224-mod	9	10
chr13:48261224-unmod	31	31
chr13:48261373-mod	1	1
chr13:48261373-unmod	47	44
chr13:48261432-mod	10	2
chr13:48261432-unmod	21	13
chr13:48261598-mod	3	2
chr13:48261598-unmod	31	13
chr13:48261803-mod	1	1
chr13:48261803-unmod	33	15
chr13:73077237-mod	2	1
chr13:73077237-unmod	10	9
chr13:75526505-mod	6	6
chr13:75526505-unmod	36	33
chr13:75526541-mod	6	1
chr13:75526541-unmod	8	13
chr13:75530245-mod	2	2
chr13:75530245-unmod	32	39
chr13:98019655-mod	1	1
chr13:98019655-unmod	9	9
chr13:98021753-mod	1	3
chr13:98021753-unmod	9	8
chr13:99562753-mod	2	1
chr13:99562753-unmod	8	11
chr14:102081307-mod	2	1
chr14:102081307-unmod	9	15
chr14:104759569-mod	6	11
chr14:104759569-unmod	4	10
chr14:104769517-mod	2	2
chr14:104769517-unmod	10	12
chr14:104769662-mod	3	2
chr14:104769662-unmod	9	13
chr14:104769738-mod	1	1
chr14:104769738-unmod	10	11
chr14:104770054-mod	7	3
chr14:104770054-unmod	3	11
chr14:104770328-mod	3	7
chr14:104770328-unmod	7	6
chr14:105250730-mod	3	2
chr14:105250730-unmod	7	10
chr14:105250801-mod	2	1
chr14:105250801-unmod	8	11
chr14:105479591-mod	3	1
chr14:105479591-unmod	9	10
chr14:105479627-mod	3	2
chr14:105479627-unmod	9	18
chr14:21210852-mod	3	2
chr14:21210852-unmod	28	10
chr14:21210966-mod	6	2
chr14:21210966-unmod	36	29
chr14:21211229-mod	1	2
chr14:21211229-unmod	39	30
chr14:21211448-mod	2	2
chr14:21211448-unmod	10	19
chr14:22771310-mod	1	2
chr14:22771310-unmod	9	16
chr14:22771557-mod	2	5
chr14:22771557-unmod	8	14
chr14:22771603-mod	5	9
chr14:22771603-unmod	5	7
chr14:22771621-mod	3	6
chr14:22771621-unmod	7	11
chr14:22771654-mod	8	6
chr14:22771654-unmod	3	12
chr14:22877089-mod	3	3
chr14:22877089-unmod	23	8
chr14:22877394-mod	3	1
chr14:22877394-unmod	22	13
chr14:22877415-mod	1	3
chr14:22877415-unmod	32	15
chr14:22877531-mod	2	2
chr14:22877531-unmod	29	13
chr14:22877647-mod	2	1
chr14:22877647-unmod	34	18
chr14:22877847-mod	8	5
chr14:22877847-unmod	16	9
chr14:23026023-mod	3	2
chr14:23026023-unmod	8	9
chr14:23026050-mod	8	4
chr14:23026050-unmod	2	6
chr14:23026134-mod	2	1
chr14:23026134-unmod	9	9
chr14:24137720-mod	11	4
chr14:24137720-unmod	18	8
chr14:24138372-mod	2	1
chr14:24138372-unmod	30	11
chr14:24138763-mod	3	1
chr14:24138763-unmod	32	11
chr14:24217055-mod	1	1
chr14:24217055-unmod	10	9
chr14:24218395-mod	9	1
chr14:24218395-unmod	19	10
chr14:35308940-mod	4	1
chr14:35308940-unmod	8	15
chr14:35308958-mod	1	2
chr14:35308958-unmod	12	15
chr14:35310784-mod	1	3
chr14:35310784-unmod	11	14
chr14:35314360-mod	4	1
chr14:35314360-unmod	9	16
chr14:35401691-mod	1	1
chr14:35401691-unmod	25	12
chr14:35401695-mod	15	3
chr14:35401695-unmod	15	12
chr14:35401726-mod	5	1
chr14:35401726-unmod	24	16
chr14:35401789-mod	3	3
chr14:35401789-unmod	13	12
chr14:35401832-mod	13	6
chr14:35401832-unmod	14	12
chr14:35401986-mod	13	15
chr14:35401986-unmod	5	2
chr14:35402430-mod	1	1
chr14:35402430-unmod	30	18
chr14:35402644-mod	1	2
chr14:35402644-unmod	27	15
chr14:35403206-mod	2	1
chr14:35403206-unmod	11	13
chr14:35403702-mod	1	2
chr14:35403702-unmod	16	15
chr14:35404540-mod	1	1
chr14:35404540-unmod	13	14
chr14:49583590-mod	2	2
chr14:49583590-unmod	56	246
chr14:49583670-mod	18	69
chr14:49583670-unmod	49	217
chr14:49618782-mod	3	5
chr14:49618782-unmod	32	22
chr14:49618828-mod	14	15
chr14:49618828-unmod	21	12
chr14:49618877-mod	1	7
chr14:49618877-unmod	32	22
chr14:49619034-mod	6	6
chr14:49619034-unmod	15	17
chr14:54427365-mod	1	1
chr14:54427365-unmod	24	14
chr14:54427461-mod	3	2
chr14:54427461-unmod	21	12
chr14:54427497-mod	4	3
chr14:54427497-unmod	21	10
chr14:54427533-mod	7	2
chr14:54427533-unmod	18	11
chr14:54427551-mod	2	2
chr14:54427551-unmod	13	12
chr14:54427644-mod	3	3
chr14:54427644-unmod	9	7
chr14:54427811-mod	1	1
chr14:54427811-unmod	24	11
chr14:54430391-mod	1	1
chr14:54430391-unmod	23	10
chr14:55138108-mod	3	9
chr14:55138108-unmod	32	34
chr14:55138304-mod	6	6
chr14:55138304-unmod	29	30
chr14:55142648-mod	1	1
chr14:55142648-unmod	34	44
chr14:55142690-mod	7	6
chr14:55142690-unmod	31	40
chr14:55145132-mod	2	4
chr14:55145132-unmod	36	42
chr14:55145137-mod	1	1
chr14:55145137-unmod	35	44
chr14:55145198-mod	2	3
chr14:55145198-unmod	35	41
chr14:55145216-mod	3	5
chr14:55145216-unmod	32	33
chr14:55145233-mod	3	1
chr14:55145233-unmod	31	40
chr14:61747661-mod	7	1
chr14:61747661-unmod	17	15
chr14:61747898-mod	3	2
chr14:61747898-unmod	27	15
chr14:61748212-mod	8	5
chr14:61748212-unmod	34	21
chr14:68787826-mod	17	6
chr14:68787826-unmod	50	17
chr14:68787894-mod	1	1
chr14:68787894-unmod	51	18
chr14:68787916-mod	7	5
chr14:68787916-unmod	38	14
chr14:68787989-mod	12	5
chr14:68787989-unmod	37	11
chr14:68788016-mod	7	5
chr14:68788016-unmod	42	14
chr14:68788060-mod	31	12
chr14:68788060-unmod	17	6
chr14:68788103-mod	8	2
chr14:68788103-unmod	31	15
chr14:68788168-mod	4	2
chr14:68788168-unmod	32	14
chr14:68788441-mod	1	2
chr14:68788441-unmod	27	11
chr14:68788689-mod	2	3
chr14:68788689-unmod	26	12
chr14:68788699-mod	4	2
chr14:68788699-unmod	22	11
chr14:68788756-mod	7	5
chr14:68788756-unmod	11	10
chr14:68789134-mod	1	1
chr14:68789134-unmod	16	11
chr14:68789345-mod	5	2
chr14:68789345-unmod	11	8
chr14:68789515-mod	2	2
chr14:68789515-unmod	13	8
chr14:68874645-mod	3	5
chr14:68874645-unmod	74	63
chr14:68874704-mod	28	35
chr14:68874704-unmod	46	29
chr14:68874865-mod	2	2
chr14:68874865-unmod	63	63
chr14:68874904-mod	8	12
chr14:68874904-unmod	55	54
chr14:68875015-mod	9	6
chr14:68875015-unmod	51	58
chr14:68877085-mod	2	1
chr14:68877085-unmod	57	52
chr14:68877143-mod	2	7
chr14:68877143-unmod	52	47
chr14:68877160-mod	1	4
chr14:68877160-unmod	58	56
chr14:68877179-mod	6	10
chr14:68877179-unmod	49	51
chr14:68877202-mod	2	1
chr14:68877202-unmod	49	55
chr14:68880062-mod	4	7
chr14:68880062-unmod	33	43
chr14:68880945-mod	6	3
chr14:68880945-unmod	38	39
chr14:68882566-mod	1	1
chr14:68882566-unmod	28	34
chr14:68882876-mod	2	1
chr14:68882876-unmod	22	29
chr14:68883048-mod	1	5
chr14:68883048-unmod	28	25
chr14:68883052-mod	8	12
chr14:68883052-unmod	23	18
chr14:68884201-mod	2	1
chr14:68884201-unmod	19	28
chr14:68884210-mod	2	2
chr14:68884210-unmod	18	27
chr14:68884304-mod	1	1
chr14:68884304-unmod	13	25
chr14:68884817-mod	3	5
chr14:68884817-unmod	10	9
chr14:68884826-mod	1	1
chr14:68884826-unmod	18	28
chr14:68885463-mod	2	2
chr14:68885463-unmod	12	17
chr14:68890144-mod	3	1
chr14:68890144-unmod	10	26
chr14:68892227-mod	2	1
chr14:68892227-unmod	11	12
chr14:68892242-mod	2	2
chr14:68892242-unmod	10	12
chr14:68902520-mod	1	2
chr14:68902520-unmod	10	14
chr14:68902550-mod	1	3
chr14:68902550-unmod	12	11
chr14:68909966-mod	3	5
chr14:68909966-unmod	10	9
chr14:68909997-mod	5	7
chr14:68909997-unmod	5	5
chr14:68925604-mod	5	1
chr14:68925604-unmod	7	10
chr14:68925616-mod	2	2
chr14:68925616-unmod	10	10
chr14:74479961-mod	1	4
chr14:74479961-unmod	28	40
chr14:74480129-mod	1	1
chr14:74480129-unmod	35	50
chr14:74480186-mod	3	6
chr14:74480186-unmod	41	50
chr14:74480773-mod	2	4
chr14:74480773-unmod	35	40
chr14:74484484-mod	4	7
chr14:74484484-unmod	40	55
chr14:74486362-mod	9	8
chr14:74486362-unmod	31	46
chr14:74493197-mod	1	6
chr14:74493197-unmod	39	50
chr14:74493214-mod	13	16
chr14:74493214-unmod	29	43
chr14:75134309-mod	11	8
chr14:75134309-unmod	12	10
chr14:75134333-mod	2	2
chr14:75134333-unmod	10	18
chr14:75134480-mod	1	1
chr14:75134480-unmod	9	17
chr14:75134558-mod	2	3
chr14:75134558-unmod	8	16
chr14:75134700-mod	6	9
chr14:75134700-unmod	5	10
chr14:75134762-mod	6	9
chr14:75134762-unmod	19	10
chr14:75134838-mod	4	8
chr14:75134838-unmod	7	11
chr14:75281755-mod	1	1
chr14:75281755-unmod	9	11
chr14:75281838-mod	2	2
chr14:75281838-unmod	8	10
chr14:77708195-mod	1	4
chr14:77708195-unmod	16	18
chr14:77710850-mod	7	3
chr14:77710850-unmod	12	17
chr14:77717590-mod	1	1
chr14:77717590-unmod	9	9
chr14:90272410-mod	3	3
chr14:90272410-unmod	7	13
chr14:90401351-mod	1	2
chr14:90401351-unmod	9	17
chr14:90404407-mod	1	3
chr14:90404407-unmod	11	21
chr14:90404705-mod	1	5
chr14:90404705-unmod	9	18
chr14:94127840-mod	2	3
chr14:94127840-unmod	9	17
chr15:100915755-mod	1	2
chr15:100915755-unmod	19	33
chr15:100915959-mod	4	1
chr15:100915959-unmod	9	33
chr15:100916119-mod	3	4
chr15:100916119-unmod	11	49
chr15:100916238-mod	3	4
chr15:100916238-unmod	26	49
chr15:22869506-mod	2	1
chr15:22869506-unmod	11	27
chr15:22869880-mod	1	2
chr15:22869880-unmod	9	12
chr15:22869952-mod	3	4
chr15:22869952-unmod	10	17
chr15:22874564-mod	1	1
chr15:22874564-unmod	9	12
chr15:34341778-mod	1	4
chr15:34341778-unmod	22	15
chr15:34341897-mod	5	10
chr15:34341897-unmod	6	5
chr15:34341906-mod	1	1
chr15:34341906-unmod	23	19
chr15:34341955-mod	2	4
chr15:34341955-unmod	22	16
chr15:40038382-mod	3	3
chr15:40038382-unmod	22	27
chr15:40844708-mod	2	5
chr15:40844708-unmod	8	6
chr15:40853231-mod	1	1
chr15:40853231-unmod	14	12
chr15:40853511-mod	6	2
chr15:40853511-unmod	10	12
chr15:40853520-mod	1	1
chr15:40853520-unmod	15	14
chr15:40853567-mod	2	2
chr15:40853567-unmod	16	13
chr15:40854683-mod	4	2
chr15:40854683-unmod	9	17
chr15:40855967-mod	14	8
chr15:40855967-unmod	18	9
chr15:40856011-mod	1	1
chr15:40856011-unmod	18	19
chr15:40856931-mod	4	3
chr15:40856931-unmod	25	18
chr15:40857045-mod	13	13
chr15:40857045-unmod	31	23
chr15:40857053-mod	3	6
chr15:40857053-unmod	32	26
chr15:40857058-mod	35	17
chr15:40857058-unmod	6	6
chr15:40857198-mod	3	3
chr15:40857198-unmod	33	20
chr15:40857207-mod	10	8
chr15:40857207-unmod	13	4
chr15:40857312-mod	1	1
chr15:40857312-unmod	48	36
chr15:40857382-mod	4	2
chr15:40857382-unmod	6	9
chr15:40857552-mod	1	2
chr15:40857552-unmod	47	34
chr15:43746625-mod	9	9
chr15:43746625-unmod	29	27
chr15:43753841-mod	1	1
chr15:43753841-unmod	40	34
chr15:43756759-mod	2	3
chr15:43756759-unmod	45	33
chr15:43761457-mod	11	4
chr15:43761457-unmod	36	33
chr15:43761479-mod	13	11
chr15:43761479-unmod	34	23
chr15:43763145-mod	2	3
chr15:43763145-unmod	41	34
chr15:43765496-mod	6	4
chr15:43765496-unmod	28	28
chr15:43765501-mod	2	2
chr15:43765501-unmod	45	34
chr15:43765528-mod	1	1
chr15:43765528-unmod	46	36
chr15:43765915-mod	1	1
chr15:43765915-unmod	47	48
chr15:43765942-mod	3	3
chr15:43765942-unmod	44	31
chr15:43765969-mod	1	4
chr15:43765969-unmod	46	39
chr15:43766811-mod	9	10
chr15:43766811-unmod	44	44
chr15:43766869-mod	23	21
chr15:43766869-unmod	40	37
chr15:43768563-mod	35	18
chr15:43768563-unmod	47	30
chr15:43769611-mod	1	1
chr15:43769611-unmod	85	69
chr15:43769633-mod	4	2
chr15:43769633-unmod	81	71
chr15:43771248-mod	45	35
chr15:43771248-unmod	55	43
chr15:43771271-mod	1	1
chr15:43771271-unmod	95	77
chr15:43771284-mod	8	10
chr15:43771284-unmod	104	72
chr15:43771290-mod	8	7
chr15:43771290-unmod	103	72
chr15:43771327-mod	6	7
chr15:43771327-unmod	99	73
chr15:43771368-mod	9	11
chr15:43771368-unmod	104	70
chr15:43771405-mod	10	4
chr15:43771405-unmod	87	72
chr15:43771511-mod	8	9
chr15:43771511-unmod	70	39
chr15:43771517-mod	18	8
chr15:43771517-unmod	74	69
chr15:43793711-mod	11	18
chr15:43793711-unmod	81	108
chr15:43793763-mod	6	10
chr15:43793763-unmod	82	103
chr15:44715527-mod	8	3
chr15:44715527-unmod	116	79
chr15:44715572-mod	2	2
chr15:44715572-unmod	117	82
chr15:44715590-mod	48	31
chr15:44715590-unmod	61	45
chr15:44715662-mod	32	18
chr15:44715662-unmod	102	69
chr15:44715670-mod	9	10
chr15:44715670-unmod	126	80
chr15:44716334-mod	1	1
chr15:44716334-unmod	136	92
chr15:44717730-mod	10	6
chr15:44717730-unmod	103	65
chr15:44717884-mod	21	13
chr15:44717884-unmod	125	87
chr15:44717996-mod	1	1
chr15:44717996-unmod	114	85
chr15:45669970-mod	1	1
chr15:45669970-unmod	9	10
chr15:45676206-mod	2	1
chr15:45676206-unmod	8	9
chr15:45691074-mod	4	2
chr15:45691074-unmod	6	11
chr15:45691117-mod	4	1
chr15:45691117-unmod	6	13
chr15:45691155-mod	2	2
chr15:45691155-unmod	18	13
chr15:45691185-mod	5	3
chr15:45691185-unmod	5	10
chr15:60347351-mod	15	13
chr15:60347351-unmod	149	210
chr15:60347393-mod	4	6
chr15:60347393-unmod	247	305
chr15:60347431-mod	68	87
chr15:60347431-unmod	171	215
chr15:60347563-mod	1	1
chr15:60347563-unmod	245	314
chr15:60347633-mod	8	21
chr15:60347633-unmod	239	297
chr15:60347684-mod	2	8
chr15:60347684-unmod	202	263
chr15:60351202-mod	14	18
chr15:60351202-unmod	230	286
chr15:60351235-mod	8	17
chr15:60351235-unmod	228	281
chr15:60351728-mod	23	37
chr15:60351728-unmod	174	225
chr15:60351785-mod	8	9
chr15:60351785-unmod	213	298
chr15:60352412-mod	2	10
chr15:60352412-unmod	203	242
chr15:60352442-mod	30	29
chr15:60352442-unmod	210	282
chr15:60354174-mod	63	101
chr15:60354174-unmod	146	172
chr15:60355949-mod	20	25
chr15:60355949-unmod	146	190
chr15:60355961-mod	11	12
chr15:60355961-unmod	99	142
chr15:60355973-mod	1	1
chr15:60355973-unmod	182	243
chr15:60355989-mod	4	7
chr15:60355989-unmod	189	265
chr15:60357187-mod	9	6
chr15:60357187-unmod	169	236
chr15:60357216-mod	16	16
chr15:60357216-unmod	167	233
chr15:60357226-mod	9	7
chr15:60357226-unmod	157	233
chr15:60360984-mod	1	2
chr15:60360984-unmod	147	215
chr15:60361051-mod	24	29
chr15:60361051-unmod	123	190
chr15:60364436-mod	16	7
chr15:60364436-unmod	133	211
chr15:60364490-mod	6	24
chr15:60364490-unmod	72	105
chr15:60382367-mod	9	10
chr15:60382367-unmod	137	203
chr15:60382394-mod	1	1
chr15:60382394-unmod	137	203
chr15:64155853-mod	12	12
chr15:64155853-unmod	36	22
chr15:64155886-mod	41	28
chr15:64155886-unmod	13	7
chr15:64155918-mod	6	3
chr15:64155918-unmod	53	16
chr15:64155995-mod	6	2
chr15:64155995-unmod	54	21
chr15:64156012-mod	14	11
chr15:64156012-unmod	57	26
chr15:64156777-mod	4	1
chr15:64156777-unmod	47	34
chr15:64156865-mod	3	2
chr15:64156865-unmod	67	35
chr15:64156872-mod	3	3
chr15:64156872-unmod	64	30
chr15:64160129-mod	3	2
chr15:64160129-unmod	62	36
chr15:64160150-mod	6	5
chr15:64160150-unmod	62	30
chr15:64160177-mod	1	2
chr15:64160177-unmod	69	39
chr15:64162087-mod	1	2
chr15:64162087-unmod	63	36
chr15:64162143-mod	6	1
chr15:64162143-unmod	64	39
chr15:64162899-mod	3	3
chr15:64162899-unmod	56	34
chr15:65877848-mod	2	3
chr15:65877848-unmod	10	14
chr15:65887832-mod	1	2
chr15:65887832-unmod	11	15
chr15:66499343-mod	8	8
chr15:66499343-unmod	263	284
chr15:66499363-mod	90	99
chr15:66499363-unmod	207	199
chr15:66499405-mod	29	44
chr15:66499405-unmod	338	353
chr15:66499472-mod	5	7
chr15:66499472-unmod	356	384
chr15:66500080-mod	29	34
chr15:66500080-unmod	306	335
chr15:66500093-mod	2	1
chr15:66500093-unmod	347	376
chr15:66500131-mod	2	3
chr15:66500131-unmod	340	372
chr15:66500143-mod	56	52
chr15:66500143-unmod	296	321
chr15:66500954-mod	20	20
chr15:66500954-unmod	292	316
chr15:66501024-mod	62	80
chr15:66501024-unmod	243	251
chr15:66501074-mod	58	69
chr15:66501074-unmod	258	278
chr15:66501814-mod	2	5
chr15:66501814-unmod	250	291
chr15:66501886-mod	120	124
chr15:66501886-unmod	173	206
chr15:66502685-mod	116	130
chr15:66502685-unmod	158	186
chr15:66503058-mod	2	1
chr15:66503058-unmod	263	308
chr15:66503089-mod	19	18
chr15:66503089-unmod	233	284
chr15:66503155-mod	1	2
chr15:66503155-unmod	199	223
chr15:66503385-mod	102	113
chr15:66503385-unmod	113	145
chr15:66503419-mod	36	40
chr15:66503419-unmod	205	257
chr15:69453011-mod	80	62
chr15:69453011-unmod	258	276
chr15:69455222-mod	7	1
chr15:69455222-unmod	275	313
chr15:69455481-mod	8	12
chr15:69455481-unmod	377	397
chr15:69455502-mod	21	17
chr15:69455502-unmod	338	354
chr15:69455519-mod	1	1
chr15:69455519-unmod	345	382
chr15:69455540-mod	56	55
chr15:69455540-unmod	93	119
chr15:72199129-mod	1	1
chr15:72199129-unmod	171	212
chr15:72199305-mod	37	36
chr15:72199305-unmod	159	187
chr15:72199366-mod	10	9
chr15:72199366-unmod	186	226
chr15:72199401-mod	54	71
chr15:72199401-unmod	130	145
chr15:72199467-mod	10	12
chr15:72199467-unmod	93	105
chr15:72199499-mod	3	1
chr15:72199499-unmod	159	197
chr15:72199531-mod	18	27
chr15:72199531-unmod	156	177
chr15:72199569-mod	69	94
chr15:72199569-unmod	104	114
chr15:72199645-mod	9	14
chr15:72199645-unmod	113	146
chr15:72199708-mod	2	6
chr15:72199708-unmod	155	189
chr15:72200490-mod	12	21
chr15:72200490-unmod	146	177
chr15:72200502-mod	5	10
chr15:72200502-unmod	130	165
chr15:72200535-mod	5	6
chr15:72200535-unmod	124	157
chr15:72200587-mod	2	1
chr15:72200587-unmod	147	182
chr15:72202569-mod	30	36
chr15:72202569-unmod	101	125
chr15:72206761-mod	3	11
chr15:72206761-unmod	115	157
chr15:72208665-mod	13	15
chr15:72208665-unmod	74	111
chr15:72208782-mod	3	7
chr15:72208782-unmod	52	86
chr15:72208806-mod	21	26
chr15:72208806-unmod	38	63
chr15:72208827-mod	9	17
chr15:72208827-unmod	51	79
chr15:72209749-mod	3	7
chr15:72209749-unmod	42	79
chr15:72209758-mod	7	6
chr15:72209758-unmod	33	72
chr15:72209773-mod	4	9
chr15:72209773-unmod	36	65
chr15:72210363-mod	24	37
chr15:72210363-unmod	20	46
chr15:72210376-mod	4	10
chr15:72210376-unmod	36	64
chr15:72210422-mod	1	3
chr15:72210422-unmod	37	73
chr15:72217416-mod	8	15
chr15:72217416-unmod	25	49
chr15:72217430-mod	14	17
chr15:72217430-unmod	28	62
chr15:72218966-mod	2	5
chr15:72218966-unmod	35	57
chr15:72218996-mod	1	1
chr15:72218996-unmod	34	64
chr15:72219054-mod	1	1
chr15:72219054-unmod	34	60
chr15:72219069-mod	7	6
chr15:72219069-unmod	27	60
chr15:72219108-mod	6	6
chr15:72219108-unmod	29	57
chr15:73714201-mod	4	1
chr15:73714201-unmod	16	9
chr15:73714274-mod	2	1
chr15:73714274-unmod	9	9
chr15:73714433-mod	5	8
chr15:73714433-unmod	7	2
chr15:74920280-mod	15	4
chr15:74920280-unmod	13	7
chr15:74920307-mod	6	7
chr15:74920307-unmod	34	25
chr15:74920313-mod	2	1
chr15:74920313-unmod	38	35
chr15:74920397-mod	10	11
chr15:74920397-unmod	26	11
chr15:74923666-mod	1	1
chr15:74923666-unmod	40	30
chr15:74923677-mod	6	7
chr15:74923677-unmod	34	23
chr15:74923701-mod	13	11
chr15:74923701-unmod	29	26
chr15:74923722-mod	2	1
chr15:74923722-unmod	42	39
chr15:74923758-mod	6	10
chr15:74923758-unmod	36	31
chr15:79313982-mod	2	3
chr15:79313982-unmod	16	21
chr15:79322026-mod	2	2
chr15:79322026-unmod	15	24
chr15:79322062-mod	3	2
chr15:79322062-unmod	12	12
chr15:79322442-mod	7	2
chr15:79322442-unmod	10	24
chr15:79322521-mod	5	8
chr15:79322521-unmod	13	27
chr15:79322689-mod	7	2
chr15:79322689-unmod	7	22
chr15:79322743-mod	1	5
chr15:79322743-unmod	15	21
chr15:79322754-mod	3	3
chr15:79322754-unmod	15	32
chr15:82536759-mod	6	34
chr15:82536759-unmod	18	95
chr15:82536809-mod	4	12
chr15:82536809-unmod	101	442
chr15:82536879-mod	2	3
chr15:82536879-unmod	104	494
chr15:82538330-mod	2	13
chr15:82538330-unmod	79	353
chr15:82540043-mod	8	28
chr15:82540043-unmod	96	461
chr15:82540437-mod	1	6
chr15:82540437-unmod	49	114
chr15:84669819-mod	3	3
chr15:84669819-unmod	17	7
chr15:84680778-mod	3	2
chr15:84680778-unmod	17	10
chr15:84691568-mod	2	2
chr15:84691568-unmod	20	11
chr15:88899078-mod	1	1
chr15:88899078-unmod	20	22
chr15:88899125-mod	2	3
chr15:88899125-unmod	12	29
chr15:88899669-mod	3	3
chr15:88899669-unmod	7	9
chr15:88899695-mod	2	4
chr15:88899695-unmod	8	8
chr15:90228629-mod	4	5
chr15:90228629-unmod	26	12
chr15:90228649-mod	3	1
chr15:90228649-unmod	26	16
chr15:90228944-mod	2	3
chr15:90228944-unmod	28	13
chr15:90229048-mod	3	3
chr15:90229048-unmod	25	13
chr15:90229217-mod	6	2
chr15:90229217-unmod	23	11
chr15:90229279-mod	22	9
chr15:90229279-unmod	12	7
chr15:90229318-mod	3	2
chr15:90229318-unmod	30	13
chr15:90229346-mod	5	4
chr15:90229346-unmod	27	12
chr15:90229382-mod	21	11
chr15:90229382-unmod	10	6
chr15:90229416-mod	2	1
chr15:90229416-unmod	28	15
chr15:90229462-mod	12	4
chr15:90229462-unmod	22	10
chr15:90229477-mod	9	4
chr15:90229477-unmod	23	11
chr15:90229481-mod	8	6
chr15:90229481-unmod	23	11
chr15_KI270850v1_alt:161432-mod	2	7
chr15_KI270850v1_alt:161432-unmod	8	17
chr16:11548159-mod	3	5
chr16:11548159-unmod	9	5
chr16:11548320-mod	4	3
chr16:11548320-unmod	6	7
chr16:11548403-mod	8	2
chr16:11548403-unmod	3	8
chr16:1314021-mod	6	10
chr16:1314021-unmod	4	29
chr16:1314028-mod	3	9
chr16:1314028-unmod	8	29
chr16:1314335-mod	2	7
chr16:1314335-unmod	8	31
chr16:1314344-mod	1	15
chr16:1314344-unmod	10	24
chr16:1315653-mod	3	11
chr16:1315653-unmod	8	29
chr16:1324841-mod	2	3
chr16:1324841-unmod	9	33
chr16:1349330-mod	6	5
chr16:1349330-unmod	9	5
chr16:1349376-mod	6	5
chr16:1349376-unmod	10	5
chr16:1349569-mod	1	2
chr16:1349569-unmod	14	9
chr16:1350173-mod	1	2
chr16:1350173-unmod	13	9
chr16:14895851-mod	6	7
chr16:14895851-unmod	4	4
chr16:1772173-mod	7	17
chr16:1772173-unmod	7	9
chr16:1772210-mod	1	1
chr16:1772210-unmod	13	27
chr16:1772280-mod	1	6
chr16:1772280-unmod	13	19
chr16:1772481-mod	6	13
chr16:1772481-unmod	7	13
chr16:1772638-mod	2	2
chr16:1772638-unmod	11	22
chr16:1772644-mod	1	3
chr16:1772644-unmod	13	22
chr16:1773009-mod	1	1
chr16:1773009-unmod	10	10
chr16:1773042-mod	2	3
chr16:1773042-unmod	12	10
chr16:1788583-mod	2	3
chr16:1788583-unmod	8	21
chr16:1788600-mod	1	2
chr16:1788600-unmod	9	22
chr16:1789138-mod	3	5
chr16:1789138-unmod	7	23
chr16:18782968-mod	4	13
chr16:18782968-unmod	13	19
chr16:18783044-mod	5	7
chr16:18783044-unmod	264	362
chr16:18783066-mod	12	12
chr16:18783066-unmod	243	359
chr16:18783088-mod	9	9
chr16:18783088-unmod	222	293
chr16:18784782-mod	1	2
chr16:18784782-unmod	237	328
chr16:18788084-mod	32	33
chr16:18788084-unmod	267	365
chr16:18788111-mod	10	13
chr16:18788111-unmod	276	369
chr16:1961630-mod	3	2
chr16:1961630-unmod	14	10
chr16:1961802-mod	4	1
chr16:1961802-unmod	16	12
chr16:1961943-mod	5	1
chr16:1961943-unmod	14	13
chr16:1962126-mod	40	82
chr16:1962126-unmod	1161	1375
chr16:1962153-mod	11	9
chr16:1962153-unmod	1282	1519
chr16:1962167-mod	19	28
chr16:1962167-unmod	1405	1640
chr16:1962204-mod	45	55
chr16:1962204-unmod	1377	1625
chr16:1962225-mod	41	45
chr16:1962225-unmod	1261	1492
chr16:1962240-mod	95	158
chr16:1962240-unmod	1146	1312
chr16:1962543-mod	223	303
chr16:1962543-unmod	1028	1274
chr16:1962652-mod	35	62
chr16:1962652-unmod	1263	1460
chr16:1962769-mod	18	37
chr16:1962769-unmod	1340	1579
chr16:1962889-mod	98	122
chr16:1962889-unmod	1203	1442
chr16:1963177-mod	9	13
chr16:1963177-unmod	1208	1431
chr16:1964327-mod	20	31
chr16:1964327-unmod	1138	1372
chr16:1964563-mod	130	198
chr16:1964563-unmod	916	1128
chr16:2175331-mod	5	13
chr16:2175331-unmod	6	12
chr16:2175840-mod	1	3
chr16:2175840-unmod	9	10
chr16:2175855-mod	2	4
chr16:2175855-unmod	8	22
chr16:2175908-mod	3	1
chr16:2175908-unmod	17	12
chr16:2176565-mod	7	7
chr16:2176565-unmod	15	20
chr16:2176606-mod	5	4
chr16:2176606-unmod	17	28
chr16:2176884-mod	2	3
chr16:2176884-unmod	10	27
chr16:21957310-mod	2	2
chr16:21957310-unmod	11	12
chr16:21957516-mod	3	1
chr16:21957516-unmod	12	17
chr16:21962828-mod	1	2
chr16:21962828-unmod	12	19
chr16:21968646-mod	1	3
chr16:21968646-unmod	13	17
chr16:21971558-mod	1	3
chr16:21971558-unmod	12	13
chr16:21973930-mod	5	4
chr16:21973930-unmod	23	17
chr16:21983143-mod	2	3
chr16:21983143-unmod	21	11
chr16:21983318-mod	2	2
chr16:21983318-unmod	24	16
chr16:2240060-mod	8	3
chr16:2240060-unmod	21	7
chr16:23581113-mod	5	3
chr16:23581113-unmod	18	17
chr16:23587223-mod	5	2
chr16:23587223-unmod	8	18
chr16:23596151-mod	1	1
chr16:23596151-unmod	12	19
chr16:2519810-mod	9	11
chr16:2519810-unmod	17	16
chr16:2519928-mod	6	5
chr16:2519928-unmod	18	18
chr16:2772004-mod	43	24
chr16:2772004-unmod	99	93
chr16:2772026-mod	12	15
chr16:2772026-unmod	125	100
chr16:2775528-mod	3	1
chr16:2775528-unmod	130	100
chr16:2775551-mod	4	1
chr16:2775551-unmod	115	97
chr16:2777052-mod	50	41
chr16:2777052-unmod	94	78
chr16:2777096-mod	2	1
chr16:2777096-unmod	114	102
chr16:28734541-mod	8	8
chr16:28734541-unmod	18	56
chr16:28734579-mod	3	6
chr16:28734579-unmod	22	57
chr16:28734636-mod	1	2
chr16:28734636-unmod	28	72
chr16:28734802-mod	1	2
chr16:28734802-unmod	26	65
chr16:28734833-mod	3	7
chr16:28734833-unmod	27	71
chr16:28735182-mod	2	2
chr16:28735182-unmod	28	73
chr16:28735236-mod	6	6
chr16:28735236-unmod	27	68
chr16:28735281-mod	1	3
chr16:28735281-unmod	32	78
chr16:28735430-mod	1	2
chr16:28735430-unmod	28	56
chr16:28842854-mod	5	2
chr16:28842854-unmod	21	10
chr16:28843006-mod	6	5
chr16:28843006-unmod	42	29
chr16:28843045-mod	7	9
chr16:28843045-unmod	43	28
chr16:28843125-mod	2	3
chr16:28843125-unmod	47	34
chr16:28843776-mod	7	3
chr16:28843776-unmod	44	31
chr16:28844016-mod	12	5
chr16:28844016-unmod	25	18
chr16:28844249-mod	8	4
chr16:28844249-unmod	40	32
chr16:28844260-mod	1	2
chr16:28844260-unmod	40	32
chr16:28844468-mod	2	1
chr16:28844468-unmod	39	31
chr16:28844543-mod	1	3
chr16:28844543-unmod	23	25
chr16:28844784-mod	13	7
chr16:28844784-unmod	29	28
chr16:28844793-mod	14	7
chr16:28844793-unmod	26	26
chr16:28844809-mod	20	9
chr16:28844809-unmod	21	24
chr16:28844830-mod	3	2
chr16:28844830-unmod	39	31
chr16:28845929-mod	5	1
chr16:28845929-unmod	35	18
chr16:29963278-mod	3	2
chr16:29963278-unmod	7	10
chr16:29963400-mod	5	2
chr16:29963400-unmod	9	13
chr16:29963456-mod	3	1
chr16:29963456-unmod	12	11
chr16:29963511-mod	4	5
chr16:29963511-unmod	25	12
chr16:29963546-mod	2	2
chr16:29963546-unmod	28	15
chr16:29968077-mod	8	8
chr16:29968077-unmod	22	22
chr16:29968086-mod	1	4
chr16:29968086-unmod	28	26
chr16:29971533-mod	3	6
chr16:29971533-unmod	14	20
chr16:30067235-mod	57	60
chr16:30067235-unmod	272	289
chr16:30067278-mod	8	15
chr16:30067278-unmod	316	352
chr16:30067488-mod	20	21
chr16:30067488-unmod	309	343
chr16:30067500-mod	166	172
chr16:30067500-unmod	194	249
chr16:30067529-mod	2	5
chr16:30067529-unmod	345	387
chr16:30067548-mod	224	245
chr16:30067548-unmod	130	146
chr16:30068649-mod	3	3
chr16:30068649-unmod	377	430
chr16:30068675-mod	41	57
chr16:30068675-unmod	376	428
chr16:30068687-mod	8	8
chr16:30068687-unmod	399	474
chr16:30068868-mod	43	60
chr16:30068868-unmod	370	437
chr16:30068905-mod	47	52
chr16:30068905-unmod	378	416
chr16:30069351-mod	7	2
chr16:30069351-unmod	381	454
chr16:30069357-mod	43	53
chr16:30069357-unmod	385	452
chr16:30069380-mod	22	17
chr16:30069380-unmod	381	432
chr16:30069529-mod	20	23
chr16:30069529-unmod	461	527
chr16:30069924-mod	43	52
chr16:30069924-unmod	464	521
chr16:30069988-mod	89	76
chr16:30069988-unmod	449	526
chr16:30070330-mod	48	59
chr16:30070330-unmod	441	476
chr16:30070396-mod	12	10
chr16:30070396-unmod	362	419
chr16:3021271-mod	12	11
chr16:3021271-unmod	86	28
chr16:3021619-mod	8	2
chr16:3021619-unmod	112	51
chr16:3021989-mod	32	15
chr16:3021989-unmod	116	53
chr16:3022029-mod	1	1
chr16:3022029-unmod	56	27
chr16:3022069-mod	4	1
chr16:3022069-unmod	128	49
chr16:3022075-mod	21	17
chr16:3022075-unmod	122	52
chr16:3022083-mod	45	17
chr16:3022083-unmod	108	54
chr16:3022146-mod	19	3
chr16:3022146-unmod	131	70
chr16:3022230-mod	8	3
chr16:3022230-unmod	141	69
chr16:3022241-mod	1	2
chr16:3022241-unmod	69	25
chr16:3022651-mod	8	5
chr16:3022651-unmod	32	10
chr16:3022725-mod	19	3
chr16:3022725-unmod	22	11
chr16:3022788-mod	2	3
chr16:3022788-unmod	33	20
chr16:3022851-mod	12	6
chr16:3022851-unmod	18	8
chr16:3022878-mod	3	1
chr16:3022878-unmod	34	24
chr16:3023260-mod	1	1
chr16:3023260-unmod	37	14
chr16:3023325-mod	6	3
chr16:3023325-unmod	32	22
chr16:3023865-mod	2	1
chr16:3023865-unmod	24	15
chr16:31111921-mod	2	2
chr16:31111921-unmod	10	9
chr16:31112015-mod	1	2
chr16:31112015-unmod	9	12
chr16:31112264-mod	2	1
chr16:31112264-unmod	8	11
chr16:31112319-mod	2	2
chr16:31112319-unmod	11	13
chr16:31112381-mod	1	2
chr16:31112381-unmod	11	13
chr16:31112456-mod	1	2
chr16:31112456-unmod	11	11
chr16:31112523-mod	2	1
chr16:31112523-unmod	9	10
chr16:3658108-mod	2	8
chr16:3658108-unmod	11	25
chr16:3658200-mod	3	2
chr16:3658200-unmod	11	30
chr16:3665993-mod	2	1
chr16:3665993-unmod	9	18
chr16:3671760-mod	3	3
chr16:3671760-unmod	7	17
chr16:56434790-mod	1	1
chr16:56434790-unmod	14	10
chr16:56446676-mod	3	5
chr16:56446676-unmod	9	5
chr16:56447870-mod	3	2
chr16:56447870-unmod	8	8
chr16:56608609-mod	30	24
chr16:56608609-unmod	233	198
chr16:56608994-mod	21	13
chr16:56608994-unmod	218	185
chr16:56609361-mod	70	65
chr16:56609361-unmod	74	54
chr16:56609427-mod	18	15
chr16:56609427-unmod	232	203
chr16:56609433-mod	15	19
chr16:56609433-unmod	263	235
chr16:56609491-mod	16	13
chr16:56609491-unmod	65	72
chr16:56625801-mod	21	33
chr16:56625801-unmod	117	194
chr16:56625855-mod	3	3
chr16:56625855-unmod	142	224
chr16:56626978-mod	11	8
chr16:56626978-unmod	143	231
chr16:56627005-mod	8	14
chr16:56627005-unmod	143	236
chr16:56627083-mod	33	48
chr16:56627083-unmod	102	173
chr16:56627087-mod	6	7
chr16:56627087-unmod	118	214
chr16:56627096-mod	1	1
chr16:56627096-unmod	127	218
chr16:56627105-mod	7	26
chr16:56627105-unmod	71	123
chr16:56682516-mod	25	28
chr16:56682516-unmod	194	107
chr16:56682544-mod	8	3
chr16:56682544-unmod	208	127
chr16:56684056-mod	5	3
chr16:56684056-unmod	213	124
chr16:56684096-mod	1	4
chr16:56684096-unmod	212	126
chr16:56684134-mod	10	5
chr16:56684134-unmod	169	106
chr16:56684192-mod	2	2
chr16:56684192-unmod	79	52
chr16:58707179-mod	3	10
chr16:58707179-unmod	37	71
chr16:58707343-mod	4	7
chr16:58707343-unmod	8	32
chr16:58707419-mod	11	33
chr16:58707419-unmod	31	46
chr16:58707482-mod	1	4
chr16:58707482-unmod	41	67
chr16:58707735-mod	1	2
chr16:58707735-unmod	36	60
chr16:58707842-mod	5	11
chr16:58707842-unmod	36	61
chr16:58707954-mod	4	10
chr16:58707954-unmod	31	55
chr16:58708001-mod	7	15
chr16:58708001-unmod	29	49
chr16:58708011-mod	6	12
chr16:58708011-unmod	32	58
chr16:58708100-mod	5	7
chr16:58708100-unmod	27	46
chr16:58708145-mod	7	12
chr16:58708145-unmod	31	55
chr16:58709419-mod	21	30
chr16:58709419-unmod	14	35
chr16:58709520-mod	1	1
chr16:58709520-unmod	28	51
chr16:58716037-mod	9	13
chr16:58716037-unmod	17	37
chr16:58716676-mod	4	5
chr16:58716676-unmod	28	55
chr16:58716717-mod	14	32
chr16:58716717-unmod	16	26
chr16:58718225-mod	6	5
chr16:58718225-unmod	24	49
chr16:58718238-mod	3	3
chr16:58718238-unmod	21	34
chr16:58718554-mod	3	1
chr16:58718554-unmod	23	47
chr16:58718575-mod	1	1
chr16:58718575-unmod	29	46
chr16:58719227-mod	8	13
chr16:58719227-unmod	20	33
chr16:58722174-mod	3	6
chr16:58722174-unmod	22	44
chr16:58722191-mod	2	17
chr16:58722191-unmod	21	31
chr16:58722221-mod	3	6
chr16:58722221-unmod	22	35
chr16:58722246-mod	1	3
chr16:58722246-unmod	23	42
chr16:58723830-mod	1	4
chr16:58723830-unmod	22	42
chr16:58723874-mod	1	1
chr16:58723874-unmod	10	44
chr16:635319-mod	1	1
chr16:635319-unmod	9	11
chr16:66932251-mod	2	1
chr16:66932251-unmod	14	10
chr16:66932296-mod	1	1
chr16:66932296-unmod	16	13
chr16:682171-mod	1	3
chr16:682171-unmod	27	28
chr16:682379-mod	1	1
chr16:682379-unmod	26	32
chr16:682387-mod	3	4
chr16:682387-unmod	25	25
chr16:682402-mod	4	3
chr16:682402-unmod	21	29
chr16:682410-mod	2	3
chr16:682410-unmod	28	31
chr16:682481-mod	5	9
chr16:682481-unmod	24	26
chr16:682607-mod	17	27
chr16:682607-unmod	9	4
chr16:682614-mod	21	20
chr16:682614-unmod	6	11
chr16:68680988-mod	1	1
chr16:68680988-unmod	9	9
chr16:68687537-mod	2	1
chr16:68687537-unmod	39	20
chr16:68687568-mod	2	1
chr16:68687568-unmod	27	14
chr16:68687637-mod	16	7
chr16:68687637-unmod	21	11
chr16:68687646-mod	3	4
chr16:68687646-unmod	23	27
chr16:68687652-mod	4	3
chr16:68687652-unmod	34	16
chr16:68687697-mod	2	1
chr16:68687697-unmod	34	33
chr16:68691722-mod	6	2
chr16:68691722-unmod	35	32
chr16:68691870-mod	4	2
chr16:68691870-unmod	30	21
chr16:68695338-mod	5	6
chr16:68695338-unmod	40	31
chr16:68695380-mod	8	6
chr16:68695380-unmod	44	36
chr16:68695777-mod	2	5
chr16:68695777-unmod	50	35
chr16:68698191-mod	4	3
chr16:68698191-unmod	50	37
chr16:68698212-mod	1	1
chr16:68698212-unmod	57	41
chr16:68698423-mod	8	10
chr16:68698423-unmod	45	35
chr16:68698481-mod	28	26
chr16:68698481-unmod	31	18
chr16:68698524-mod	2	4
chr16:68698524-unmod	60	44
chr16:68698595-mod	3	5
chr16:68698595-unmod	51	39
chr16:68698713-mod	41	34
chr16:68698713-unmod	13	12
chr16:68698717-mod	12	6
chr16:68698717-unmod	42	34
chr16:68698728-mod	36	31
chr16:68698728-unmod	26	22
chr16:68698747-mod	3	7
chr16:68698747-unmod	56	33
chr16:68698988-mod	12	7
chr16:68698988-unmod	47	33
chr16:68699010-mod	13	7
chr16:68699010-unmod	47	41
chr16:68699027-mod	2	2
chr16:68699027-unmod	13	9
chr16:69710909-mod	12	10
chr16:69710909-unmod	46	63
chr16:69711000-mod	13	10
chr16:69711000-unmod	48	60
chr16:69711105-mod	3	4
chr16:69711105-unmod	60	69
chr16:69711111-mod	5	4
chr16:69711111-unmod	49	58
chr16:69711145-mod	1	2
chr16:69711145-unmod	51	69
chr16:69711232-mod	2	1
chr16:69711232-unmod	59	70
chr16:69711242-mod	5	6
chr16:69711242-unmod	51	60
chr16:69713055-mod	5	1
chr16:69713055-unmod	55	70
chr16:69714972-mod	4	5
chr16:69714972-unmod	47	60
chr16:69714979-mod	1	1
chr16:69714979-unmod	45	53
chr16:69718161-mod	4	2
chr16:69718161-unmod	48	64
chr16:69718231-mod	4	8
chr16:69718231-unmod	52	66
chr16:69718240-mod	5	7
chr16:69718240-unmod	49	67
chr16:69718248-mod	7	7
chr16:69718248-unmod	44	57
chr16:69718404-mod	14	13
chr16:69718404-unmod	38	53
chr16:69718419-mod	5	3
chr16:69718419-unmod	45	63
chr16:69726452-mod	9	14
chr16:69726452-unmod	35	47
chr16:70252401-mod	9	11
chr16:70252401-unmod	8	5
chr16:70252518-mod	2	1
chr16:70252518-unmod	32	22
chr16:70252599-mod	7	4
chr16:70252599-unmod	26	18
chr16:70252605-mod	8	10
chr16:70252605-unmod	21	11
chr16:70252637-mod	12	12
chr16:70252637-unmod	5	10
chr16:70252724-mod	4	10
chr16:70252724-unmod	28	12
chr16:70253949-mod	1	1
chr16:70253949-unmod	11	14
chr16:70253955-mod	1	1
chr16:70253955-unmod	12	17
chr16:70253986-mod	2	3
chr16:70253986-unmod	9	15
chr16:715891-mod	4	1
chr16:715891-unmod	21	22
chr16:717193-mod	6	6
chr16:717193-unmod	18	24
chr16:717204-mod	4	4
chr16:717204-unmod	23	24
chr16:717452-mod	4	9
chr16:717452-unmod	22	20
chr16:717465-mod	11	3
chr16:717465-unmod	9	13
chr16:75577352-mod	1	4
chr16:75577352-unmod	9	8
chr16:75577765-mod	1	2
chr16:75577765-unmod	9	9
chr16:75577807-mod	2	1
chr16:75577807-unmod	8	9
chr16:83809352-mod	1	1
chr16:83809352-unmod	12	13
chr16:83809380-mod	6	4
chr16:83809380-unmod	9	23
chr16:83811588-mod	3	2
chr16:83811588-unmod	13	24
chr16:83811610-mod	1	3
chr16:83811610-unmod	11	21
chr16:84565635-mod	7	1
chr16:84565635-unmod	37	23
chr16:84565651-mod	7	3
chr16:84565651-unmod	40	20
chr16:84565979-mod	4	4
chr16:84565979-unmod	39	16
chr16:84566783-mod	2	1
chr16:84566783-unmod	15	11
chr16:85799710-mod	2	2
chr16:85799710-unmod	45	34
chr16:85804990-mod	5	5
chr16:85804990-unmod	96	93
chr16:85805771-mod	27	17
chr16:85805771-unmod	70	83
chr16:85806803-mod	5	6
chr16:85806803-unmod	99	94
chr16:85806815-mod	13	13
chr16:85806815-unmod	87	81
chr16:85806845-mod	11	10
chr16:85806845-unmod	92	96
chr16:85806961-mod	5	3
chr16:85806961-unmod	97	92
chr16:85806986-mod	4	2
chr16:85806986-unmod	26	29
chr16:87830037-mod	5	3
chr16:87830037-unmod	207	157
chr16:87830132-mod	9	3
chr16:87830132-unmod	229	174
chr16:87830167-mod	9	11
chr16:87830167-unmod	183	144
chr16:87830435-mod	8	6
chr16:87830435-unmod	137	120
chr16:87830473-mod	31	25
chr16:87830473-unmod	186	141
chr16:87830486-mod	105	86
chr16:87830486-unmod	105	83
chr16:87830505-mod	14	11
chr16:87830505-unmod	191	159
chr16:87830556-mod	40	24
chr16:87830556-unmod	150	133
chr16:87830596-mod	9	7
chr16:87830596-unmod	174	137
chr16:87830863-mod	24	28
chr16:87830863-unmod	78	67
chr16:87831037-mod	40	31
chr16:87831037-unmod	113	88
chr16:87831095-mod	87	73
chr16:87831095-unmod	60	50
chr16:87831136-mod	7	7
chr16:87831136-unmod	128	104
chr16:87831151-mod	74	84
chr16:87831151-unmod	60	33
chr16:87831155-mod	115	92
chr16:87831155-unmod	13	16
chr16:87831174-mod	12	19
chr16:87831174-unmod	120	100
chr16:87831199-mod	50	37
chr16:87831199-unmod	61	46
chr16:87831240-mod	35	23
chr16:87831240-unmod	93	81
chr16:87831263-mod	5	3
chr16:87831263-unmod	87	66
chr16:87831267-mod	39	51
chr16:87831267-unmod	61	30
chr16:87831309-mod	3	2
chr16:87831309-unmod	123	107
chr16:87831344-mod	8	7
chr16:87831344-unmod	107	96
chr16:87831351-mod	68	66
chr16:87831351-unmod	55	33
chr16:87831362-mod	65	54
chr16:87831362-unmod	61	59
chr16:87831401-mod	18	14
chr16:87831401-unmod	89	82
chr16:87831488-mod	1	2
chr16:87831488-unmod	93	80
chr16:87831684-mod	21	17
chr16:87831684-unmod	85	78
chr16:87831805-mod	5	6
chr16:87831805-unmod	87	84
chr16:87831893-mod	1	1
chr16:87831893-unmod	85	80
chr16:87832119-mod	1	2
chr16:87832119-unmod	68	68
chr16:87832132-mod	1	3
chr16:87832132-unmod	67	70
chr16:87832288-mod	4	3
chr16:87832288-unmod	58	67
chr16:87832328-mod	3	7
chr16:87832328-unmod	46	52
chr16:87832335-mod	33	42
chr16:87832335-unmod	24	21
chr16:87832422-mod	4	9
chr16:87832422-unmod	51	54
chr16:87832482-mod	12	11
chr16:87832482-unmod	44	51
chr16:87832509-mod	10	9
chr16:87832509-unmod	34	45
chr16:87832526-mod	11	21
chr16:87832526-unmod	33	24
chr16:87832544-mod	2	6
chr16:87832544-unmod	51	56
chr16:87832551-mod	13	9
chr16:87832551-unmod	45	51
chr16:87832771-mod	10	11
chr16:87832771-unmod	42	48
chr16:87832810-mod	6	10
chr16:87832810-unmod	47	49
chr16:87832902-mod	16	19
chr16:87832902-unmod	31	38
chr16:87834586-mod	7	16
chr16:87834586-unmod	26	28
chr16:87836612-mod	3	1
chr16:87836612-unmod	29	32
chr16:87838815-mod	6	8
chr16:87838815-unmod	29	33
chr16:87839766-mod	5	6
chr16:87839766-unmod	25	27
chr16:87841108-mod	3	4
chr16:87841108-unmod	32	36
chr16:87851830-mod	9	15
chr16:87851830-unmod	16	23
chr16:87869238-mod	2	2
chr16:87869238-unmod	13	15
chr16:88809514-mod	5	3
chr16:88809514-unmod	41	44
chr16:88809599-mod	2	5
chr16:88809599-unmod	51	50
chr16:88809626-mod	3	1
chr16:88809626-unmod	42	50
chr16:88809762-mod	3	2
chr16:88809762-unmod	31	38
chr16:88809837-mod	1	4
chr16:88809837-unmod	39	42
chr16:88810109-mod	2	1
chr16:88810109-unmod	48	47
chr16:88810503-mod	5	3
chr16:88810503-unmod	41	44
chr16:88811632-mod	2	1
chr16:88811632-unmod	43	45
chr16:89561008-mod	182	187
chr16:89561008-unmod	818	874
chr16:89561607-mod	29	38
chr16:89561607-unmod	1073	1193
chr16:89561641-mod	70	76
chr16:89561641-unmod	1131	1218
chr16:89561699-mod	8	5
chr16:89561699-unmod	1262	1378
chr16:89561743-mod	94	80
chr16:89561743-unmod	1176	1296
chr16:89562342-mod	251	299
chr16:89562342-unmod	962	1025
chr16:89562348-mod	52	48
chr16:89562348-unmod	1131	1246
chr16:89562364-mod	66	68
chr16:89562364-unmod	1090	1182
chr16:89562369-mod	46	53
chr16:89562369-unmod	1030	1101
chr16:89563017-mod	189	194
chr16:89563017-unmod	1025	1118
chr16:89563055-mod	272	314
chr16:89563055-unmod	694	745
chr16:89563109-mod	2	3
chr16:89563109-unmod	46	59
chr16:89563143-mod	10	8
chr16:89563143-unmod	32	47
chr16:89563246-mod	18	22
chr16:89563246-unmod	26	35
chr16:89563289-mod	9	14
chr16:89563289-unmod	22	34
chr17:1344573-mod	3	2
chr17:1344573-unmod	25	15
chr17:1344669-mod	3	1
chr17:1344669-unmod	23	15
chr17:1344941-mod	1	4
chr17:1344941-unmod	12	11
chr17:1345013-mod	1	1
chr17:1345013-unmod	11	14
chr17:1345349-mod	6	2
chr17:1345349-unmod	7	11
chr17:1354310-mod	4	5
chr17:1354310-unmod	9	7
chr17:1364921-mod	2	2
chr17:1364921-unmod	9	10
chr17:16381968-mod	7	13
chr17:16381968-unmod	84	135
chr17:16382079-mod	10	18
chr17:16382079-unmod	71	127
chr17:16382153-mod	1	1
chr17:16382153-unmod	85	140
chr17:16382159-mod	4	4
chr17:16382159-unmod	78	120
chr17:16382196-mod	15	17
chr17:16382196-unmod	78	134
chr17:16382307-mod	4	18
chr17:16382307-unmod	90	126
chr17:16382387-mod	6	6
chr17:16382387-unmod	87	130
chr17:16382396-mod	1	2
chr17:16382396-unmod	69	126
chr17:16382424-mod	10	21
chr17:16382424-unmod	95	133
chr17:16382535-mod	11	13
chr17:16382535-unmod	90	135
chr17:16382701-mod	8	24
chr17:16382701-unmod	85	114
chr17:16439365-mod	8	16
chr17:16439365-unmod	170	143
chr17:16439399-mod	2	2
chr17:16439399-unmod	206	191
chr17:16439409-mod	27	21
chr17:16439409-unmod	181	168
chr17:16439612-mod	3	1
chr17:16439612-unmod	47	25
chr17:16441082-mod	5	4
chr17:16441082-unmod	195	177
chr17:16441398-mod	10	11
chr17:16441398-unmod	215	184
chr17:16441434-mod	38	28
chr17:16441434-unmod	185	170
chr17:16441484-mod	13	9
chr17:16441484-unmod	186	164
chr17:16441596-mod	7	16
chr17:16441596-unmod	155	127
chr17:16441699-mod	9	5
chr17:16441699-unmod	222	195
chr17:16441890-mod	17	27
chr17:16441890-unmod	213	169
chr17:16441982-mod	49	41
chr17:16441982-unmod	167	149
chr17:18245053-mod	4	2
chr17:18245053-unmod	11	8
chr17:20999960-mod	6	2
chr17:20999960-unmod	17	8
chr17:28720848-mod	1	3
chr17:28720848-unmod	309	315
chr17:28722727-mod	19	16
chr17:28722727-unmod	268	295
chr17:28722756-mod	7	5
chr17:28722756-unmod	320	326
chr17:28722842-mod	1	2
chr17:28722842-unmod	361	370
chr17:28722865-mod	4	5
chr17:28722865-unmod	321	337
chr17:28723881-mod	15	11
chr17:28723881-unmod	270	293
chr17:28879351-mod	4	2
chr17:28879351-unmod	9	14
chr17:38753198-mod	7	6
chr17:38753198-unmod	21	29
chr17:38753258-mod	1	4
chr17:38753258-unmod	24	28
chr17:38755908-mod	4	4
chr17:38755908-unmod	25	30
chr17:38760471-mod	1	1
chr17:38760471-unmod	26	31
chr17:38760530-mod	5	4
chr17:38760530-unmod	23	19
chr17:38760537-mod	1	2
chr17:38760537-unmod	25	31
chr17:38764143-mod	2	5
chr17:38764143-unmod	26	26
chr17:38764162-mod	2	1
chr17:38764162-unmod	23	31
chr17:38850091-mod	2	3
chr17:38850091-unmod	222	250
chr17:38850096-mod	5	4
chr17:38850096-unmod	186	241
chr17:38850174-mod	3	1
chr17:38850174-unmod	340	379
chr17:38850197-mod	16	22
chr17:38850197-unmod	335	371
chr17:38850381-mod	23	23
chr17:38850381-unmod	371	409
chr17:38852653-mod	26	11
chr17:38852653-unmod	355	411
chr17:38852680-mod	23	32
chr17:38852680-unmod	230	254
chr17:38852722-mod	5	14
chr17:38852722-unmod	325	359
chr17:38853029-mod	19	11
chr17:38853029-unmod	302	338
chr17:38921712-mod	1	4
chr17:38921712-unmod	9	28
chr17:39201291-mod	4	1
chr17:39201291-unmod	197	220
chr17:39202400-mod	44	56
chr17:39202400-unmod	137	136
chr17:39204139-mod	16	11
chr17:39204139-unmod	190	202
chr17:39204526-mod	2	2
chr17:39204526-unmod	228	230
chr17:39204552-mod	1	1
chr17:39204552-unmod	226	226
chr17:39204615-mod	4	4
chr17:39204615-unmod	191	218
chr17:39204636-mod	1	2
chr17:39204636-unmod	221	230
chr17:39204649-mod	12	4
chr17:39204649-unmod	183	197
chr17:39997363-mod	4	1
chr17:39997363-unmod	28	9
chr17:39997520-mod	2	1
chr17:39997520-unmod	28	20
chr17:39997528-mod	2	2
chr17:39997528-unmod	27	19
chr17:39997761-mod	5	2
chr17:39997761-unmod	27	18
chr17:40019226-mod	10	6
chr17:40019226-unmod	34	37
chr17:40019372-mod	5	12
chr17:40019372-unmod	34	22
chr17:40019379-mod	3	3
chr17:40019379-unmod	44	35
chr17:40019495-mod	15	16
chr17:40019495-unmod	27	27
chr17:40019583-mod	12	11
chr17:40019583-unmod	28	22
chr17:40019636-mod	13	8
chr17:40019636-unmod	29	31
chr17:40019839-mod	7	6
chr17:40019839-unmod	34	32
chr17:40020283-mod	1	3
chr17:40020283-unmod	40	40
chr17:40020292-mod	7	5
chr17:40020292-unmod	35	37
chr17:40022695-mod	5	9
chr17:40022695-unmod	34	29
chr17:40023206-mod	5	6
chr17:40023206-unmod	19	21
chr17:40023302-mod	1	4
chr17:40023302-unmod	9	19
chr17:40476003-mod	1	3
chr17:40476003-unmod	39	59
chr17:40476208-mod	4	3
chr17:40476208-unmod	31	56
chr17:40476659-mod	2	1
chr17:40476659-unmod	10	35
chr17:41523646-mod	43	104
chr17:41523646-unmod	69	225
chr17:41523671-mod	14	41
chr17:41523671-unmod	180	531
chr17:41523787-mod	6	34
chr17:41523787-unmod	172	479
chr17:41523842-mod	4	20
chr17:41523842-unmod	170	498
chr17:41523980-mod	2	17
chr17:41523980-unmod	169	450
chr17:41524197-mod	9	33
chr17:41524197-unmod	156	447
chr17:41524254-mod	28	81
chr17:41524254-unmod	134	421
chr17:41524267-mod	17	49
chr17:41524267-unmod	122	356
chr17:41524412-mod	42	79
chr17:41524412-unmod	132	426
chr17:41524448-mod	5	8
chr17:41524448-unmod	157	458
chr17:41524852-mod	4	16
chr17:41524852-unmod	143	415
chr17:41524910-mod	26	60
chr17:41524910-unmod	116	338
chr17:41524922-mod	1	6
chr17:41524922-unmod	135	381
chr17:41524986-mod	9	16
chr17:41524986-unmod	119	349
chr17:41525194-mod	7	17
chr17:41525194-unmod	127	355
chr17:41525202-mod	18	42
chr17:41525202-unmod	102	275
chr17:41525250-mod	22	62
chr17:41525250-unmod	93	249
chr17:41527831-mod	3	19
chr17:41527831-unmod	90	221
chr17:41527840-mod	28	78
chr17:41527840-unmod	71	211
chr17:41527960-mod	5	11
chr17:41527960-unmod	95	267
chr17:41527990-mod	7	24
chr17:41527990-unmod	103	263
chr17:41528243-mod	9	36
chr17:41528243-unmod	68	161
chr17:41582339-mod	21	31
chr17:41582339-unmod	489	435
chr17:41582391-mod	5	6
chr17:41582391-unmod	236	255
chr17:41582438-mod	92	104
chr17:41582438-unmod	469	437
chr17:41582529-mod	76	88
chr17:41582529-unmod	444	399
chr17:41583324-mod	25	17
chr17:41583324-unmod	567	538
chr17:41583424-mod	3	2
chr17:41583424-unmod	529	514
chr17:41583438-mod	51	52
chr17:41583438-unmod	459	445
chr17:41583584-mod	138	141
chr17:41583584-unmod	299	300
chr17:41583662-mod	55	71
chr17:41583662-unmod	335	349
chr17:41583675-mod	3	2
chr17:41583675-unmod	339	376
chr17:41583793-mod	51	63
chr17:41583793-unmod	324	358
chr17:41583820-mod	25	25
chr17:41583820-unmod	313	350
chr17:41583850-mod	18	14
chr17:41583850-unmod	307	362
chr17:41584266-mod	17	18
chr17:41584266-unmod	299	337
chr17:41584320-mod	6	10
chr17:41584320-unmod	267	314
chr17:41584336-mod	7	8
chr17:41584336-unmod	255	310
chr17:41584340-mod	91	133
chr17:41584340-unmod	174	193
chr17:41584395-mod	78	99
chr17:41584395-unmod	156	184
chr17:41584405-mod	1	2
chr17:41584405-unmod	185	235
chr17:41584986-mod	23	30
chr17:41584986-unmod	160	229
chr17:41585010-mod	4	2
chr17:41585010-unmod	181	242
chr17:41585037-mod	7	11
chr17:41585037-unmod	169	210
chr17:41586322-mod	16	24
chr17:41586322-unmod	155	213
chr17:41586332-mod	4	6
chr17:41586332-unmod	168	221
chr17:41586352-mod	1	2
chr17:41586352-unmod	170	203
chr17:41586388-mod	51	60
chr17:41586388-unmod	125	167
chr17:41586442-mod	6	7
chr17:41586442-unmod	171	215
chr17:41586463-mod	2	7
chr17:41586463-unmod	158	201
chr17:41586472-mod	16	21
chr17:41586472-unmod	170	223
chr17:41586482-mod	2	4
chr17:41586482-unmod	186	238
chr17:41586830-mod	8	19
chr17:41586830-unmod	84	97
chr17:41619449-mod	40	31
chr17:41619449-unmod	140	101
chr17:41619465-mod	34	20
chr17:41619465-unmod	368	297
chr17:41619590-mod	42	44
chr17:41619590-unmod	373	303
chr17:41619604-mod	15	3
chr17:41619604-unmod	424	365
chr17:41619682-mod	63	30
chr17:41619682-unmod	369	323
chr17:41620536-mod	85	79
chr17:41620536-unmod	337	263
chr17:41620553-mod	87	88
chr17:41620553-unmod	334	265
chr17:41620748-mod	7	9
chr17:41620748-unmod	408	350
chr17:41620841-mod	76	60
chr17:41620841-unmod	324	272
chr17:41620848-mod	2	1
chr17:41620848-unmod	363	282
chr17:41621077-mod	52	44
chr17:41621077-unmod	263	232
chr17:41621082-mod	67	71
chr17:41621082-unmod	254	203
chr17:41621090-mod	1	5
chr17:41621090-unmod	288	229
chr17:41621626-mod	87	74
chr17:41621626-unmod	202	181
chr17:41621653-mod	27	24
chr17:41621653-unmod	224	210
chr17:41621683-mod	2	2
chr17:41621683-unmod	236	204
chr17:41622364-mod	21	13
chr17:41622364-unmod	215	192
chr17:41622397-mod	11	2
chr17:41622397-unmod	193	189
chr17:41622961-mod	25	29
chr17:41622961-unmod	114	117
chr17:41623012-mod	7	10
chr17:41623012-unmod	107	112
chr17:41624081-mod	3	8
chr17:41624081-unmod	134	141
chr17:41624100-mod	5	6
chr17:41624100-unmod	115	125
chr17:41624120-mod	34	24
chr17:41624120-unmod	95	108
chr17:41624156-mod	43	55
chr17:41624156-unmod	76	73
chr17:41624210-mod	5	7
chr17:41624210-unmod	105	124
chr17:41624231-mod	5	3
chr17:41624231-unmod	111	136
chr17:41624240-mod	26	15
chr17:41624240-unmod	97	122
chr17:41624505-mod	9	10
chr17:41624505-unmod	56	49
chr17:41689054-mod	37	33
chr17:41689054-unmod	249	136
chr17:41689807-mod	22	14
chr17:41689807-unmod	263	155
chr17:41690166-mod	53	30
chr17:41690166-unmod	277	157
chr17:41690786-mod	24	17
chr17:41690786-unmod	263	141
chr17:41690959-mod	32	8
chr17:41690959-unmod	236	147
chr17:41690968-mod	4	3
chr17:41690968-unmod	316	184
chr17:41690985-mod	17	5
chr17:41690985-unmod	236	151
chr17:41691137-mod	6	5
chr17:41691137-unmod	69	53
chr17:41691194-mod	20	16
chr17:41691194-unmod	61	45
chr17:41691300-mod	13	17
chr17:41691300-unmod	73	46
chr17:41691309-mod	2	1
chr17:41691309-unmod	68	49
chr17:41691352-mod	4	2
chr17:41691352-unmod	83	66
chr17:41691456-mod	3	1
chr17:41691456-unmod	76	56
chr17:41691464-mod	6	3
chr17:41691464-unmod	80	68
chr17:41691475-mod	4	2
chr17:41691475-unmod	84	67
chr17:41754815-mod	2	6
chr17:41754815-unmod	62	78
chr17:41754861-mod	4	3
chr17:41754861-unmod	55	76
chr17:41754983-mod	5	8
chr17:41754983-unmod	40	61
chr17:41755027-mod	6	5
chr17:41755027-unmod	52	78
chr17:41755081-mod	26	32
chr17:41755081-unmod	23	33
chr17:41755202-mod	3	9
chr17:41755202-unmod	37	49
chr17:41755246-mod	5	10
chr17:41755246-unmod	37	57
chr17:41755348-mod	4	11
chr17:41755348-unmod	49	73
chr17:41755689-mod	1	2
chr17:41755689-unmod	12	14
chr17:41755813-mod	4	6
chr17:41755813-unmod	42	66
chr17:41755825-mod	2	1
chr17:41755825-unmod	31	60
chr17:41755846-mod	1	1
chr17:41755846-unmod	38	67
chr17:41757490-mod	7	4
chr17:41757490-unmod	37	59
chr17:41757496-mod	2	4
chr17:41757496-unmod	21	39
chr17:41757761-mod	1	3
chr17:41757761-unmod	33	53
chr17:41758453-mod	1	3
chr17:41758453-unmod	31	51
chr17:41763058-mod	4	9
chr17:41763058-unmod	29	44
chr17:41763139-mod	2	1
chr17:41763139-unmod	23	45
chr17:41763184-mod	3	5
chr17:41763184-unmod	28	45
chr17:41763191-mod	1	5
chr17:41763191-unmod	24	38
chr17:41763224-mod	1	4
chr17:41763224-unmod	24	29
chr17:41764758-mod	8	17
chr17:41764758-unmod	20	27
chr17:41764786-mod	6	5
chr17:41764786-unmod	21	32
chr17:41769175-mod	5	5
chr17:41769175-unmod	21	35
chr17:41769197-mod	1	2
chr17:41769197-unmod	25	37
chr17:41769421-mod	1	3
chr17:41769421-unmod	11	32
chr17:41769438-mod	1	2
chr17:41769438-unmod	24	36
chr17:41771682-mod	1	1
chr17:41771682-unmod	24	25
chr17:41771814-mod	6	15
chr17:41771814-unmod	18	25
chr17:41771840-mod	4	5
chr17:41771840-unmod	21	35
chr17:41822459-mod	6	2
chr17:41822459-unmod	4	8
chr17:41822477-mod	3	1
chr17:41822477-unmod	19	12
chr17:41822546-mod	1	1
chr17:41822546-unmod	10	13
chr17:41822763-mod	2	1
chr17:41822763-unmod	22	13
chr17:41822822-mod	3	1
chr17:41822822-unmod	7	13
chr17:41822862-mod	5	4
chr17:41822862-unmod	18	8
chr17:41822979-mod	1	1
chr17:41822979-unmod	22	11
chr17:41823164-mod	3	3
chr17:41823164-unmod	22	12
chr17:42125132-mod	2	1
chr17:42125132-unmod	15	10
chr17:42125195-mod	7	6
chr17:42125195-unmod	20	12
chr17:42125331-mod	1	1
chr17:42125331-unmod	12	16
chr17:42125396-mod	3	2
chr17:42125396-unmod	14	12
chr17:42125403-mod	5	3
chr17:42125403-unmod	24	15
chr17:42125737-mod	2	1
chr17:42125737-unmod	20	18
chr17:42125819-mod	3	1
chr17:42125819-unmod	31	19
chr17:42125831-mod	4	1
chr17:42125831-unmod	27	14
chr17:42128360-mod	2	7
chr17:42128360-unmod	12	6
chr17:42128661-mod	1	1
chr17:42128661-unmod	13	10
chr17:42128739-mod	1	1
chr17:42128739-unmod	14	10
chr17:42402711-mod	1	1
chr17:42402711-unmod	10	9
chr17:42402934-mod	5	4
chr17:42402934-unmod	7	6
chr17:42403289-mod	2	2
chr17:42403289-unmod	14	11
chr17:42403856-mod	1	1
chr17:42403856-unmod	10	9
chr17:42998767-mod	3	1
chr17:42998767-unmod	167	238
chr17:42999933-mod	11	21
chr17:42999933-unmod	161	214
chr17:42999990-mod	5	5
chr17:42999990-unmod	161	228
chr17:43000010-mod	9	11
chr17:43000010-unmod	159	225
chr17:43000077-mod	6	7
chr17:43000077-unmod	180	243
chr17:43002695-mod	6	10
chr17:43002695-unmod	164	232
chr17:43002700-mod	3	8
chr17:43002700-unmod	157	213
chr17:43002878-mod	1	3
chr17:43002878-unmod	172	235
chr17:43002888-mod	2	2
chr17:43002888-unmod	183	240
chr17:43002907-mod	3	5
chr17:43002907-unmod	151	223
chr17:43014735-mod	2	1
chr17:43014735-unmod	43	54
chr17:43014825-mod	3	6
chr17:43014825-unmod	42	46
chr17:43014852-mod	2	6
chr17:43014852-unmod	46	51
chr17:43014921-mod	2	7
chr17:43014921-unmod	36	46
chr17:43015004-mod	3	4
chr17:43015004-unmod	21	35
chr17:43015563-mod	4	3
chr17:43015563-unmod	26	35
chr17:43015586-mod	1	2
chr17:43015586-unmod	26	38
chr17:43015893-mod	2	5
chr17:43015893-unmod	23	31
chr17:43016064-mod	5	4
chr17:43016064-unmod	21	35
chr17:44319699-mod	1	2
chr17:44319699-unmod	10	37
chr17:44319941-mod	1	1
chr17:44319941-unmod	10	37
chr17:44320205-mod	3	1
chr17:44320205-unmod	8	37
chr17:44320272-mod	2	7
chr17:44320272-unmod	8	29
chr17:44320670-mod	1	1
chr17:44320670-unmod	9	34
chr17:44349524-mod	4	4
chr17:44349524-unmod	30	20
chr17:44350230-mod	1	1
chr17:44350230-unmod	40	36
chr17:44350564-mod	1	4
chr17:44350564-unmod	47	35
chr17:44351088-mod	4	2
chr17:44351088-unmod	41	39
chr17:44351565-mod	3	4
chr17:44351565-unmod	52	42
chr17:44351601-mod	8	5
chr17:44351601-unmod	49	43
chr17:44351623-mod	6	4
chr17:44351623-unmod	63	46
chr17:44351682-mod	2	2
chr17:44351682-unmod	54	44
chr17:44352030-mod	6	5
chr17:44352030-unmod	44	34
chr17:44352109-mod	32	20
chr17:44352109-unmod	38	30
chr17:44352168-mod	4	3
chr17:44352168-unmod	75	51
chr17:44352498-mod	3	4
chr17:44352498-unmod	79	59
chr17:44352772-mod	6	4
chr17:44352772-unmod	84	58
chr17:44352785-mod	2	1
chr17:44352785-unmod	82	53
chr17:44352801-mod	20	19
chr17:44352801-unmod	69	44
chr17:44352813-mod	3	4
chr17:44352813-unmod	88	57
chr17:44352830-mod	8	4
chr17:44352830-unmod	78	58
chr17:44352897-mod	1	3
chr17:44352897-unmod	84	55
chr17:44353018-mod	5	6
chr17:44353018-unmod	75	52
chr17:47823640-mod	6	4
chr17:47823640-unmod	17	8
chr17:47823646-mod	3	2
chr17:47823646-unmod	10	11
chr17:47823652-mod	1	6
chr17:47823652-unmod	11	9
chr17:47824124-mod	3	2
chr17:47824124-unmod	8	13
chr17:4796267-mod	2	4
chr17:4796267-unmod	27	23
chr17:4796727-mod	1	1
chr17:4796727-unmod	28	32
chr17:4796776-mod	1	1
chr17:4796776-unmod	29	22
chr17:4796784-mod	2	2
chr17:4796784-unmod	33	38
chr17:4797459-mod	6	5
chr17:4797459-unmod	26	33
chr17:4797687-mod	14	14
chr17:4797687-unmod	23	29
chr17:4797791-mod	2	3
chr17:4797791-unmod	36	40
chr17:48928652-mod	4	2
chr17:48928652-unmod	6	14
chr17:48928743-mod	1	3
chr17:48928743-unmod	9	12
chr17:48928916-mod	1	3
chr17:48928916-unmod	9	14
chr17:4945703-mod	30	31
chr17:4945703-unmod	294	277
chr17:4945745-mod	1	1
chr17:4945745-unmod	276	262
chr17:4945749-mod	6	9
chr17:4945749-unmod	268	259
chr17:4945780-mod	1	3
chr17:4945780-unmod	255	232
chr17:4945899-mod	23	22
chr17:4945899-unmod	272	251
chr17:4946632-mod	2	4
chr17:4946632-unmod	264	242
chr17:4946636-mod	1	2
chr17:4946636-unmod	271	253
chr17:4946725-mod	30	34
chr17:4946725-unmod	268	252
chr17:4946788-mod	1	1
chr17:4946788-unmod	302	270
chr17:4948314-mod	26	25
chr17:4948314-unmod	270	246
chr17:4948348-mod	14	12
chr17:4948348-unmod	249	230
chr17:50072158-mod	2	3
chr17:50072158-unmod	13	7
chr17:50074225-mod	4	1
chr17:50074225-unmod	25	9
chr17:50075502-mod	1	1
chr17:50075502-unmod	27	10
chr17:50075628-mod	2	2
chr17:50075628-unmod	25	9
chr17:50076326-mod	3	1
chr17:50076326-unmod	20	9
chr17:50076338-mod	3	2
chr17:50076338-unmod	11	8
chr17:50076368-mod	10	4
chr17:50076368-unmod	19	8
chr17:50076611-mod	1	1
chr17:50076611-unmod	31	13
chr17:50077026-mod	2	3
chr17:50077026-unmod	33	15
chr17:50077034-mod	2	1
chr17:50077034-unmod	29	18
chr17:50077424-mod	5	2
chr17:50077424-unmod	27	15
chr17:50078097-mod	1	1
chr17:50078097-unmod	38	15
chr17:50078220-mod	10	1
chr17:50078220-unmod	26	18
chr17:50078884-mod	3	3
chr17:50078884-unmod	42	18
chr17:50079111-mod	3	3
chr17:50079111-unmod	46	19
chr17:50079435-mod	1	1
chr17:50079435-unmod	42	19
chr17:50079444-mod	5	2
chr17:50079444-unmod	32	16
chr17:50079548-mod	5	1
chr17:50079548-unmod	51	21
chr17:50080336-mod	10	6
chr17:50080336-unmod	47	23
chr17:50080358-mod	11	4
chr17:50080358-unmod	41	20
chr17:50081366-mod	15	4
chr17:50081366-unmod	44	21
chr17:50087759-mod	3	3
chr17:50087759-unmod	61	22
chr17:50089113-mod	17	5
chr17:50089113-unmod	69	37
chr17:50089232-mod	5	2
chr17:50089232-unmod	85	48
chr17:50089244-mod	2	1
chr17:50089244-unmod	83	32
chr17:50089251-mod	3	3
chr17:50089251-unmod	71	25
chr17:50089459-mod	43	29
chr17:50089459-unmod	49	18
chr17:50089524-mod	82	45
chr17:50089524-unmod	13	5
chr17:50089644-mod	13	4
chr17:50089644-unmod	81	32
chr17:50089695-mod	58	25
chr17:50089695-unmod	60	34
chr17:50089709-mod	3	2
chr17:50089709-unmod	122	56
chr17:50089716-mod	7	2
chr17:50089716-unmod	108	54
chr17:50089818-mod	35	21
chr17:50089818-unmod	94	40
chr17:50089849-mod	12	6
chr17:50089849-unmod	121	55
chr17:50089862-mod	22	12
chr17:50089862-unmod	111	46
chr17:50089917-mod	57	26
chr17:50089917-unmod	71	36
chr17:50089922-mod	56	28
chr17:50089922-unmod	89	36
chr17:50089948-mod	5	2
chr17:50089948-unmod	147	67
chr17:50089954-mod	23	13
chr17:50089954-unmod	127	56
chr17:50090025-mod	33	15
chr17:50090025-unmod	107	56
chr17:50090036-mod	72	34
chr17:50090036-unmod	80	37
chr17:50090040-mod	12	7
chr17:50090040-unmod	108	45
chr17:50090117-mod	6	2
chr17:50090117-unmod	147	63
chr17:50090127-mod	7	4
chr17:50090127-unmod	149	60
chr17:50090193-mod	1	1
chr17:50090193-unmod	147	64
chr17:50090204-mod	7	4
chr17:50090204-unmod	142	58
chr17:50090343-mod	1	2
chr17:50090343-unmod	123	54
chr17:5024502-mod	2	1
chr17:5024502-unmod	8	9
chr17:50381553-mod	6	5
chr17:50381553-unmod	9	8
chr17:50381577-mod	1	3
chr17:50381577-unmod	15	11
chr17:50381590-mod	6	3
chr17:50381590-unmod	7	9
chr17:50381689-mod	1	1
chr17:50381689-unmod	14	13
chr17:50381908-mod	3	3
chr17:50381908-unmod	12	11
chr17:50382001-mod	2	2
chr17:50382001-unmod	14	12
chr17:50382082-mod	1	2
chr17:50382082-unmod	13	10
chr17:50382233-mod	1	1
chr17:50382233-unmod	11	13
chr17:50382272-mod	6	5
chr17:50382272-unmod	10	8
chr17:50382347-mod	1	1
chr17:50382347-unmod	14	12
chr17:50382440-mod	1	2
chr17:50382440-unmod	13	12
chr17:50382495-mod	1	1
chr17:50382495-unmod	11	10
chr17:50382572-mod	2	2
chr17:50382572-unmod	13	12
chr17:50382837-mod	7	9
chr17:50382837-unmod	4	8
chr17:50383069-mod	1	4
chr17:50383069-unmod	11	11
chr17:50385235-mod	1	5
chr17:50385235-unmod	10	10
chr17:51155651-mod	1	1
chr17:51155651-unmod	11	16
chr17:51160002-mod	1	1
chr17:51160002-unmod	19	14
chr17:51161729-mod	5	2
chr17:51161729-unmod	18	17
chr17:51161799-mod	7	3
chr17:51161799-unmod	15	16
chr17:51161828-mod	3	7
chr17:51161828-unmod	9	12
chr17:51161937-mod	1	4
chr17:51161937-unmod	9	15
chr17:51166827-mod	6	1
chr17:51166827-unmod	127	120
chr17:51168252-mod	13	12
chr17:51168252-unmod	166	140
chr17:51168320-mod	53	55
chr17:51168320-unmod	149	107
chr17:51169963-mod	10	6
chr17:51169963-unmod	188	158
chr17:51169987-mod	2	3
chr17:51169987-unmod	198	156
chr17:51170027-mod	9	11
chr17:51170027-unmod	190	162
chr17:51171488-mod	6	4
chr17:51171488-unmod	207	173
chr17:51171558-mod	30	33
chr17:51171558-unmod	179	142
chr17:51171566-mod	3	2
chr17:51171566-unmod	208	173
chr17:51171587-mod	45	23
chr17:51171587-unmod	151	139
chr17:51171611-mod	10	7
chr17:51171611-unmod	130	119
chr17:51171654-mod	11	8
chr17:51171654-unmod	145	125
chr17:51171675-mod	15	10
chr17:51171675-unmod	161	144
chr17:5432963-mod	5	3
chr17:5432963-unmod	45	41
chr17:5433042-mod	2	2
chr17:5433042-unmod	47	35
chr17:5433153-mod	2	3
chr17:5433153-unmod	48	41
chr17:5433296-mod	9	8
chr17:5433296-unmod	36	31
chr17:5433690-mod	12	7
chr17:5433690-unmod	35	36
chr17:5433757-mod	2	2
chr17:5433757-unmod	45	39
chr17:5433761-mod	21	22
chr17:5433761-unmod	27	18
chr17:5434878-mod	1	3
chr17:5434878-unmod	49	40
chr17:5434905-mod	3	1
chr17:5434905-unmod	47	45
chr17:5438159-mod	2	4
chr17:5438159-unmod	44	41
chr17:5438169-mod	16	18
chr17:5438169-unmod	28	27
chr17:64499818-mod	4	1
chr17:64499818-unmod	25	17
chr17:64500001-mod	2	1
chr17:64500001-unmod	28	15
chr17:64500089-mod	6	3
chr17:64500089-unmod	23	12
chr17:64500179-mod	2	1
chr17:64500179-unmod	26	15
chr17:64500238-mod	1	1
chr17:64500238-unmod	25	14
chr17:64500695-mod	3	3
chr17:64500695-unmod	20	10
chr17:64500739-mod	1	2
chr17:64500739-unmod	21	11
chr17:64502196-mod	1	2
chr17:64502196-unmod	22	12
chr17:64502990-mod	2	1
chr17:64502990-unmod	8	11
chr17:64503544-mod	3	1
chr17:64503544-unmod	7	10
chr17:7014158-mod	6	3
chr17:7014158-unmod	40	47
chr17:7014330-mod	8	9
chr17:7014330-unmod	32	37
chr17:7014387-mod	16	18
chr17:7014387-unmod	22	27
chr17:7014408-mod	14	20
chr17:7014408-unmod	32	28
chr17:7222016-mod	1	4
chr17:7222016-unmod	9	14
chr17:7224356-mod	3	5
chr17:7224356-unmod	14	15
chr17:7224645-mod	1	3
chr17:7224645-unmod	14	22
chr17:7224867-mod	4	2
chr17:7224867-unmod	13	22
chr17:7224999-mod	1	3
chr17:7224999-unmod	14	19
chr17:7240477-mod	10	9
chr17:7240477-unmod	45	62
chr17:7240531-mod	12	19
chr17:7240531-unmod	29	39
chr17:7240550-mod	7	12
chr17:7240550-unmod	35	52
chr17:7240611-mod	1	1
chr17:7240611-unmod	57	70
chr17:7240667-mod	1	4
chr17:7240667-unmod	60	71
chr17:7240743-mod	6	9
chr17:7240743-unmod	44	51
chr17:7240787-mod	4	4
chr17:7240787-unmod	44	64
chr17:7240916-mod	4	4
chr17:7240916-unmod	43	62
chr17:7242250-mod	2	3
chr17:7242250-unmod	42	57
chr17:7243807-mod	2	8
chr17:7243807-unmod	20	32
chr17:7243877-mod	1	1
chr17:7243877-unmod	29	45
chr17:7243881-mod	4	3
chr17:7243881-unmod	29	45
chr17:7243894-mod	14	17
chr17:7243894-unmod	12	23
chr17:7243944-mod	6	6
chr17:7243944-unmod	25	40
chr17:7243950-mod	3	3
chr17:7243950-unmod	26	41
chr17:7244019-mod	13	12
chr17:7244019-unmod	14	25
chr17:7244094-mod	8	20
chr17:7244094-unmod	21	26
chr17:7244184-mod	2	3
chr17:7244184-unmod	23	33
chr17:7244209-mod	1	1
chr17:7244209-unmod	27	49
chr17:7244601-mod	2	5
chr17:7244601-unmod	26	45
chr17:7246102-mod	6	3
chr17:7246102-unmod	20	40
chr17:7246293-mod	4	1
chr17:7246293-unmod	22	44
chr17:7246298-mod	3	1
chr17:7246298-unmod	21	42
chr17:7247076-mod	3	8
chr17:7247076-unmod	8	31
chr17:7247327-mod	1	6
chr17:7247327-unmod	21	30
chr17:7309645-mod	3	2
chr17:7309645-unmod	39	37
chr17:7309651-mod	3	4
chr17:7309651-unmod	39	35
chr17:7311114-mod	1	4
chr17:7311114-unmod	35	23
chr17:7311389-mod	1	2
chr17:7311389-unmod	40	44
chr17:7311410-mod	7	5
chr17:7311410-unmod	37	35
chr17:7311431-mod	1	1
chr17:7311431-unmod	44	33
chr17:7311852-mod	1	6
chr17:7311852-unmod	42	40
chr17:7311908-mod	13	10
chr17:7311908-unmod	33	33
chr17:7312256-mod	1	1
chr17:7312256-unmod	37	43
chr17:7312331-mod	1	2
chr17:7312331-unmod	32	25
chr17:7312436-mod	2	1
chr17:7312436-unmod	29	47
chr17:74204154-mod	9	12
chr17:74204154-unmod	267	311
chr17:74209210-mod	9	11
chr17:74209210-unmod	249	297
chr17:74209267-mod	6	9
chr17:74209267-unmod	281	319
chr17:74209286-mod	12	12
chr17:74209286-unmod	277	326
chr17:74209819-mod	27	23
chr17:74209819-unmod	262	319
chr17:74209829-mod	22	37
chr17:74209829-unmod	268	297
chr17:74209848-mod	71	66
chr17:74209848-unmod	199	248
chr17:75038884-mod	2	3
chr17:75038884-unmod	14	16
chr17:75039046-mod	1	2
chr17:75039046-unmod	29	32
chr17:75042582-mod	2	3
chr17:75042582-unmod	24	15
chr17:75042615-mod	2	1
chr17:75042615-unmod	18	16
chr17:75136030-mod	3	8
chr17:75136030-unmod	12	14
chr17:75136049-mod	10	17
chr17:75136049-unmod	4	5
chr17:75136095-mod	4	2
chr17:75136095-unmod	12	23
chr17:75147595-mod	3	3
chr17:75147595-unmod	14	24
chr17:75147609-mod	3	9
chr17:75147609-unmod	13	17
chr17:75148593-mod	1	1
chr17:75148593-unmod	15	23
chr17:75154393-mod	1	2
chr17:75154393-unmod	14	19
chr17:75168241-mod	6	6
chr17:75168241-unmod	21	26
chr17:75168268-mod	1	1
chr17:75168268-unmod	30	23
chr17:75168310-mod	7	2
chr17:75168310-unmod	26	32
chr17:75168330-mod	5	4
chr17:75168330-unmod	29	34
chr17:75181168-mod	1	1
chr17:75181168-unmod	29	36
chr17:75182884-mod	1	1
chr17:75182884-unmod	12	21
chr17:75736113-mod	3	10
chr17:75736113-unmod	7	24
chr17:75736586-mod	6	7
chr17:75736586-unmod	19	32
chr17:75737537-mod	1	3
chr17:75737537-unmod	24	33
chr17:75739972-mod	1	2
chr17:75739972-unmod	27	33
chr17:75740459-mod	1	4
chr17:75740459-unmod	34	39
chr17:75742345-mod	4	6
chr17:75742345-unmod	31	38
chr17:75742360-mod	1	1
chr17:75742360-unmod	26	38
chr17:75742427-mod	2	3
chr17:75742427-unmod	30	37
chr17:75742483-mod	1	1
chr17:75742483-unmod	34	48
chr17:75743763-mod	3	3
chr17:75743763-unmod	41	50
chr17:7574549-mod	16	13
chr17:7574549-unmod	66	57
chr17:7574585-mod	5	6
chr17:7574585-unmod	64	46
chr17:75748841-mod	3	1
chr17:75748841-unmod	41	56
chr17:75748931-mod	2	1
chr17:75748931-unmod	39	55
chr17:75749039-mod	7	10
chr17:75749039-unmod	30	40
chr17:75750114-mod	19	26
chr17:75750114-unmod	25	25
chr17:75750119-mod	1	1
chr17:75750119-unmod	42	48
chr17:75750188-mod	2	1
chr17:75750188-unmod	43	54
chr17:75750701-mod	6	5
chr17:75750701-unmod	41	52
chr17:75750819-mod	9	6
chr17:75750819-unmod	43	57
chr17:75751023-mod	2	3
chr17:75751023-unmod	46	57
chr17:75751105-mod	4	2
chr17:75751105-unmod	49	65
chr17:7575150-mod	21	23
chr17:7575150-unmod	51	47
chr17:75752206-mod	3	3
chr17:75752206-unmod	52	61
chr17:75752218-mod	4	4
chr17:75752218-unmod	54	58
chr17:75752460-mod	5	6
chr17:75752460-unmod	49	52
chr17:75752493-mod	3	2
chr17:75752493-unmod	67	80
chr17:75752571-mod	1	1
chr17:75752571-unmod	61	66
chr17:75754599-mod	8	7
chr17:75754599-unmod	55	64
chr17:75754640-mod	4	5
chr17:75754640-unmod	63	71
chr17:75754728-mod	4	4
chr17:75754728-unmod	57	70
chr17:75754742-mod	8	5
chr17:75754742-unmod	53	57
chr17:75754753-mod	13	19
chr17:75754753-unmod	62	64
chr17:75754782-mod	2	3
chr17:75754782-unmod	61	69
chr17:75755711-mod	14	6
chr17:75755711-unmod	60	66
chr17:75756485-mod	1	3
chr17:75756485-unmod	84	91
chr17:75756769-mod	3	1
chr17:75756769-unmod	91	101
chr17:75756834-mod	2	3
chr17:75756834-unmod	109	106
chr17:75756972-mod	4	3
chr17:75756972-unmod	115	111
chr17:75757046-mod	47	36
chr17:75757046-unmod	80	83
chr17:75757200-mod	10	2
chr17:75757200-unmod	107	107
chr17:75757423-mod	5	9
chr17:75757423-unmod	96	101
chr17:75757474-mod	5	7
chr17:75757474-unmod	129	109
chr17:75757495-mod	3	6
chr17:75757495-unmod	88	85
chr17:75757501-mod	12	9
chr17:75757501-unmod	115	110
chr17:75757513-mod	10	13
chr17:75757513-unmod	106	105
chr17:75757532-mod	21	21
chr17:75757532-unmod	85	83
chr17:75757549-mod	4	4
chr17:75757549-unmod	119	120
chr17:75757554-mod	6	9
chr17:75757554-unmod	102	88
chr17:75757773-mod	39	32
chr17:75757773-unmod	63	73
chr17:7576615-mod	1	2
chr17:7576615-unmod	83	75
chr17:7577121-mod	5	1
chr17:7577121-unmod	63	60
chr17:7577388-mod	1	1
chr17:7577388-unmod	95	79
chr17:7577407-mod	2	4
chr17:7577407-unmod	89	73
chr17:7577581-mod	4	4
chr17:7577581-unmod	65	41
chr17:7577593-mod	10	12
chr17:7577593-unmod	86	70
chr17:7577604-mod	2	3
chr17:7577604-unmod	85	71
chr17:7577610-mod	9	6
chr17:7577610-unmod	58	53
chr17:7577656-mod	23	15
chr17:7577656-unmod	73	63
chr17:75777488-mod	12	9
chr17:75777488-unmod	28	32
chr17:75777619-mod	7	6
chr17:75777619-unmod	37	38
chr17:75777659-mod	1	1
chr17:75777659-unmod	27	25
chr17:75777734-mod	2	1
chr17:75777734-unmod	43	48
chr17:75777779-mod	10	16
chr17:75777779-unmod	23	25
chr17:75777792-mod	2	2
chr17:75777792-unmod	41	45
chr17:75777855-mod	6	11
chr17:75777855-unmod	28	31
chr17:75778146-mod	4	3
chr17:75778146-unmod	45	46
chr17:75778214-mod	5	6
chr17:75778214-unmod	36	36
chr17:75778254-mod	7	5
chr17:75778254-unmod	44	52
chr17:75778264-mod	7	9
chr17:75778264-unmod	52	52
chr17:75778328-mod	5	3
chr17:75778328-unmod	80	69
chr17:75778401-mod	2	2
chr17:75778401-unmod	82	70
chr17:75778446-mod	33	25
chr17:75778446-unmod	52	48
chr17:75778531-mod	8	8
chr17:75778531-unmod	77	63
chr17:75778955-mod	3	6
chr17:75778955-unmod	63	56
chr17:7577908-mod	6	8
chr17:7577908-unmod	89	71
chr17:75779155-mod	1	2
chr17:75779155-unmod	64	65
chr17:75779164-mod	9	17
chr17:75779164-unmod	62	54
chr17:7578210-mod	7	7
chr17:7578210-unmod	51	56
chr17:7578231-mod	7	7
chr17:7578231-unmod	94	86
chr17:7578411-mod	10	9
chr17:7578411-unmod	97	87
chr17:7578577-mod	5	3
chr17:7578577-unmod	86	81
chr17:7578633-mod	6	6
chr17:7578633-unmod	35	16
chr17:7578640-mod	5	2
chr17:7578640-unmod	40	19
chr17:7578803-mod	8	2
chr17:7578803-unmod	36	18
chr17:7578830-mod	1	1
chr17:7578830-unmod	13	12
chr17:7578970-mod	2	4
chr17:7578970-unmod	38	16
chr17:7578992-mod	2	1
chr17:7578992-unmod	35	16
chr17:7580068-mod	6	3
chr17:7580068-unmod	16	9
chr17:7580235-mod	1	2
chr17:7580235-unmod	21	11
chr17:7580487-mod	2	2
chr17:7580487-unmod	11	10
chr17:7580711-mod	3	2
chr17:7580711-unmod	21	11
chr17:7581395-mod	6	4
chr17:7581395-unmod	10	9
chr17:7581598-mod	2	2
chr17:7581598-unmod	25	9
chr17:7581629-mod	5	2
chr17:7581629-unmod	14	10
chr17:7581836-mod	6	2
chr17:7581836-unmod	25	12
chr17:7581845-mod	5	3
chr17:7581845-unmod	20	8
chr17:7581933-mod	4	1
chr17:7581933-unmod	28	13
chr17:76039273-mod	3	3
chr17:76039273-unmod	9	7
chr17:76039322-mod	9	8
chr17:76039322-unmod	4	3
chr17:76039671-mod	4	5
chr17:76039671-unmod	10	6
chr17:76679856-mod	12	4
chr17:76679856-unmod	30	9
chr17:76680080-mod	1	1
chr17:76680080-unmod	41	14
chr17:76680268-mod	2	2
chr17:76680268-unmod	32	8
chr17:76680290-mod	3	2
chr17:76680290-unmod	33	13
chr17:76680361-mod	2	1
chr17:76680361-unmod	10	9
chr17:76680448-mod	2	1
chr17:76680448-unmod	32	15
chr17:76680683-mod	1	1
chr17:76680683-unmod	11	10
chr17:76680713-mod	13	5
chr17:76680713-unmod	9	7
chr17:76680877-mod	5	5
chr17:76680877-unmod	17	8
chr17:77492690-mod	1	1
chr17:77492690-unmod	10	9
chr17:77498536-mod	7	2
chr17:77498536-unmod	16	9
chr17:77498914-mod	1	2
chr17:77498914-unmod	27	30
chr17:77499210-mod	5	3
chr17:77499210-unmod	28	32
chr17:77499458-mod	2	2
chr17:77499458-unmod	34	41
chr17:77499706-mod	5	6
chr17:77499706-unmod	37	37
chr17:77499817-mod	3	6
chr17:77499817-unmod	38	45
chr17:77499871-mod	10	15
chr17:77499871-unmod	38	41
chr17:77499978-mod	5	10
chr17:77499978-unmod	38	42
chr17:77500076-mod	9	9
chr17:77500076-unmod	41	52
chr17:77500211-mod	3	9
chr17:77500211-unmod	41	46
chr17:77500238-mod	2	4
chr17:77500238-unmod	49	58
chr17:77500263-mod	4	5
chr17:77500263-unmod	39	44
chr17:77500449-mod	3	3
chr17:77500449-unmod	40	43
chr17:77500539-mod	2	1
chr17:77500539-unmod	48	53
chr17:78172327-mod	6	4
chr17:78172327-unmod	5	6
chr17:7857061-mod	3	4
chr17:7857061-unmod	8	6
chr17:7930551-mod	2	1
chr17:7930551-unmod	8	12
chr17:799416-mod	3	2
chr17:799416-unmod	7	9
chr17:80119801-mod	12	5
chr17:80119801-unmod	23	6
chr17:81510029-mod	45	52
chr17:81510029-unmod	330	408
chr17:81510063-mod	9	11
chr17:81510063-unmod	322	391
chr17:81510184-mod	28	39
chr17:81510184-unmod	313	361
chr17:81510221-mod	44	56
chr17:81510221-unmod	307	381
chr17:81510274-mod	84	92
chr17:81510274-unmod	305	376
chr17:81510381-mod	4	1
chr17:81510381-unmod	325	408
chr17:81510490-mod	52	68
chr17:81510490-unmod	281	344
chr17:81510507-mod	26	30
chr17:81510507-unmod	279	349
chr17:81510524-mod	67	79
chr17:81510524-unmod	240	296
chr17:81510592-mod	47	56
chr17:81510592-unmod	257	302
chr17:81510684-mod	163	194
chr17:81510684-unmod	55	65
chr17:81511035-mod	4	3
chr17:81511035-unmod	216	282
chr17:81511047-mod	6	10
chr17:81511047-unmod	196	245
chr17:81511081-mod	1	1
chr17:81511081-unmod	229	285
chr17:81511324-mod	6	11
chr17:81511324-unmod	186	248
chr17:81511433-mod	2	5
chr17:81511433-unmod	189	240
chr17:81511438-mod	4	11
chr17:81511438-unmod	180	220
chr17:81511453-mod	6	7
chr17:81511453-unmod	168	219
chr17:81511528-mod	154	206
chr17:81511528-unmod	14	23
chr17:81511613-mod	6	3
chr17:81511613-unmod	160	227
chr17:81511907-mod	13	22
chr17:81511907-unmod	154	199
chr17:81511933-mod	9	11
chr17:81511933-unmod	160	216
chr17:81511949-mod	10	12
chr17:81511949-unmod	159	217
chr17:81512069-mod	6	8
chr17:81512069-unmod	146	196
chr17:81512113-mod	17	13
chr17:81512113-unmod	150	199
chr17:81512237-mod	2	4
chr17:81512237-unmod	151	193
chr17:81512322-mod	1	2
chr17:81512322-unmod	151	194
chr17:81707011-mod	2	1
chr17:81707011-unmod	17	11
chr17:81707395-mod	2	5
chr17:81707395-unmod	10	5
chr17:81843194-mod	38	28
chr17:81843194-unmod	56	44
chr17:81843282-mod	28	22
chr17:81843282-unmod	87	71
chr17:81843295-mod	21	14
chr17:81843295-unmod	97	79
chr17:81843341-mod	4	6
chr17:81843341-unmod	114	87
chr17:81843476-mod	23	12
chr17:81843476-unmod	89	67
chr17:81843512-mod	9	4
chr17:81843512-unmod	91	75
chr17:81843548-mod	30	22
chr17:81843548-unmod	74	54
chr17:81843553-mod	84	61
chr17:81843553-unmod	18	14
chr17:81843639-mod	9	9
chr17:81843639-unmod	83	56
chr17:81843877-mod	12	9
chr17:81843877-unmod	61	38
chr17:81843891-mod	8	6
chr17:81843891-unmod	73	51
chr17:81844017-mod	56	36
chr17:81844017-unmod	22	14
chr17:81844081-mod	8	4
chr17:81844081-unmod	64	39
chr17:81845642-mod	7	4
chr17:81845642-unmod	15	10
chr17:81845663-mod	5	1
chr17:81845663-unmod	41	27
chr17:81845672-mod	13	1
chr17:81845672-unmod	28	12
chr17:81845920-mod	1	2
chr17:81845920-unmod	42	27
chr17:81845959-mod	8	4
chr17:81845959-unmod	33	21
chr17:81847001-mod	9	3
chr17:81847001-unmod	15	7
chr17:81847291-mod	1	1
chr17:81847291-unmod	21	9
chr17:81855558-mod	8	1
chr17:81855558-unmod	15	9
chr17:81867859-mod	11	3
chr17:81867859-unmod	25	21
chr17:81867870-mod	2	1
chr17:81867870-unmod	34	22
chr17:81868140-mod	1	2
chr17:81868140-unmod	17	18
chr17:81868258-mod	1	2
chr17:81868258-unmod	31	20
chr17:81868266-mod	1	3
chr17:81868266-unmod	28	19
chr17:81868274-mod	5	9
chr17:81868274-unmod	26	11
chr17:81868327-mod	2	1
chr17:81868327-unmod	29	24
chr17:81868849-mod	1	2
chr17:81868849-unmod	22	15
chr17:81868879-mod	14	6
chr17:81868879-unmod	8	8
chr17:81868888-mod	12	6
chr17:81868888-unmod	10	9
chr17:81894541-mod	9	2
chr17:81894541-unmod	6	11
chr17:81894583-mod	3	1
chr17:81894583-unmod	11	10
chr17:81900101-mod	2	3
chr17:81900101-unmod	12	10
chr17:81900231-mod	2	1
chr17:81900231-unmod	12	10
chr17:82236227-mod	1	1
chr17:82236227-unmod	49	37
chr17:82236752-mod	14	8
chr17:82236752-unmod	44	35
chr17:82237182-mod	10	8
chr17:82237182-unmod	45	33
chr17:82237284-mod	2	7
chr17:82237284-unmod	53	38
chr17:82237443-mod	13	19
chr17:82237443-unmod	48	28
chr17:82237533-mod	37	26
chr17:82237533-unmod	25	21
chr17:82237695-mod	5	12
chr17:82237695-unmod	54	36
chr17:82238705-mod	1	2
chr17:82238705-unmod	94	62
chr17:82238881-mod	39	33
chr17:82238881-unmod	52	24
chr17:82238893-mod	54	38
chr17:82238893-unmod	31	15
chr17:82239047-mod	42	31
chr17:82239047-unmod	59	27
chr17:82239052-mod	72	46
chr17:82239052-unmod	17	3
chr17:82239146-mod	7	4
chr17:82239146-unmod	115	71
chr17:82239263-mod	20	27
chr17:82239263-unmod	50	25
chr17:82239293-mod	35	24
chr17:82239293-unmod	81	50
chr17:82239322-mod	1	1
chr17:82239322-unmod	111	70
chr17:82239420-mod	13	5
chr17:82239420-unmod	84	52
chr17:82244562-mod	3	11
chr17:82244562-unmod	9	14
chr17:82244751-mod	1	1
chr17:82244751-unmod	9	10
chr17:82244777-mod	1	5
chr17:82244777-unmod	10	8
chr17:8377526-mod	1	1
chr17:8377526-unmod	94	112
chr17:8377533-mod	5	2
chr17:8377533-unmod	262	314
chr17:8377666-mod	4	12
chr17:8377666-unmod	326	382
chr17:8377671-mod	26	22
chr17:8377671-unmod	344	435
chr17:8379924-mod	7	11
chr17:8379924-unmod	365	436
chr17:8382193-mod	5	1
chr17:8382193-unmod	327	405
chr17:8382288-mod	10	18
chr17:8382288-unmod	301	379
chr18:23899401-mod	2	1
chr18:23899401-unmod	9	9
chr18:23904620-mod	5	2
chr18:23904620-unmod	10	13
chr18:23905521-mod	1	1
chr18:23905521-unmod	24	16
chr18:23905580-mod	2	1
chr18:23905580-unmod	22	13
chr18:23907596-mod	3	2
chr18:23907596-unmod	14	11
chr18:23907850-mod	1	1
chr18:23907850-unmod	33	20
chr18:23907872-mod	2	3
chr18:23907872-unmod	35	17
chr18:23907886-mod	5	1
chr18:23907886-unmod	29	20
chr18:23907899-mod	4	1
chr18:23907899-unmod	33	20
chr18:23907916-mod	7	3
chr18:23907916-unmod	30	18
chr18:23909239-mod	1	1
chr18:23909239-unmod	30	14
chr18:23909261-mod	3	1
chr18:23909261-unmod	33	23
chr18:23914476-mod	3	1
chr18:23914476-unmod	41	19
chr18:23914489-mod	20	13
chr18:23914489-unmod	31	12
chr18:23914500-mod	2	1
chr18:23914500-unmod	37	17
chr18:23914511-mod	3	1
chr18:23914511-unmod	48	24
chr18:23914523-mod	2	1
chr18:23914523-unmod	49	24
chr18:23915340-mod	3	2
chr18:23915340-unmod	49	22
chr18:23916640-mod	5	2
chr18:23916640-unmod	49	23
chr18:23921471-mod	4	1
chr18:23921471-unmod	71	30
chr18:23928656-mod	6	4
chr18:23928656-unmod	77	28
chr18:23928694-mod	8	1
chr18:23928694-unmod	72	27
chr18:23931068-mod	12	5
chr18:23931068-unmod	77	26
chr18:23932179-mod	3	1
chr18:23932179-unmod	79	38
chr18:23932210-mod	5	3
chr18:23932210-unmod	95	37
chr18:23933812-mod	2	2
chr18:23933812-unmod	106	42
chr18:23933819-mod	2	2
chr18:23933819-unmod	101	41
chr18:23939232-mod	9	1
chr18:23939232-unmod	101	37
chr18:23939297-mod	1	1
chr18:23939297-unmod	113	40
chr18:23939331-mod	2	1
chr18:23939331-unmod	93	40
chr18:23943829-mod	21	13
chr18:23943829-unmod	101	36
chr18:23943855-mod	28	8
chr18:23943855-unmod	105	40
chr18:23943908-mod	6	2
chr18:23943908-unmod	103	36
chr18:23946190-mod	62	18
chr18:23946190-unmod	94	35
chr18:23946222-mod	7	4
chr18:23946222-unmod	150	54
chr18:23949801-mod	35	10
chr18:23949801-unmod	138	51
chr18:23951699-mod	4	3
chr18:23951699-unmod	73	34
chr18:23951716-mod	1	3
chr18:23951716-unmod	208	65
chr18:23953020-mod	91	34
chr18:23953020-unmod	118	34
chr18:23953050-mod	19	2
chr18:23953050-unmod	156	53
chr18:23954640-mod	11	7
chr18:23954640-unmod	194	60
chr18:23954742-mod	37	12
chr18:23954742-unmod	138	46
chr18:23954753-mod	25	9
chr18:23954753-unmod	182	71
chr18:23954787-mod	16	7
chr18:23954787-unmod	207	76
chr18:3255913-mod	2	5
chr18:3255913-unmod	37	16
chr18:3255922-mod	1	2
chr18:3255922-unmod	38	22
chr18:3256064-mod	6	4
chr18:3256064-unmod	30	15
chr18:3256076-mod	10	7
chr18:3256076-unmod	23	9
chr18:3256146-mod	5	3
chr18:3256146-unmod	26	19
chr18:3272925-mod	1	3
chr18:3272925-unmod	44	42
chr18:3277329-mod	4	2
chr18:3277329-unmod	41	35
chr18:3277863-mod	3	1
chr18:3277863-unmod	50	48
chr18:3277923-mod	2	1
chr18:3277923-unmod	47	48
chr18:3277932-mod	9	8
chr18:3277932-unmod	53	46
chr18:3277941-mod	15	10
chr18:3277941-unmod	46	46
chr18:3278015-mod	1	4
chr18:3278015-unmod	53	47
chr18:46084280-mod	3	2
chr18:46084280-unmod	58	45
chr18:46084341-mod	6	5
chr18:46084341-unmod	57	47
chr18:46084634-mod	1	1
chr18:46084634-unmod	59	50
chr18:46086119-mod	2	6
chr18:46086119-unmod	59	40
chr18:46086139-mod	8	4
chr18:46086139-unmod	56	46
chr18:46086186-mod	3	1
chr18:46086186-unmod	58	44
chr18:46087376-mod	3	5
chr18:46087376-unmod	48	34
chr18:46088121-mod	7	4
chr18:46088121-unmod	46	38
chr18:46088236-mod	1	2
chr18:46088236-unmod	42	36
chr18:46089577-mod	1	1
chr18:46089577-unmod	40	32
chr18:46089591-mod	11	10
chr18:46089591-unmod	33	26
chr18:46089654-mod	3	1
chr18:46089654-unmod	39	36
chr18:46089970-mod	3	1
chr18:46089970-unmod	29	25
chr18:46089975-mod	9	2
chr18:46089975-unmod	28	23
chr18:46089982-mod	6	1
chr18:46089982-unmod	31	25
chr18:46091779-mod	2	1
chr18:46091779-unmod	31	22
chr18:46091848-mod	4	1
chr18:46091848-unmod	24	15
chr18:46095087-mod	6	3
chr18:46095087-unmod	29	20
chr18:46098174-mod	3	3
chr18:46098174-unmod	21	13
chr18:46098239-mod	1	2
chr18:46098239-unmod	33	20
chr18:47156082-mod	1	1
chr18:47156082-unmod	25	9
chr18:47156154-mod	2	2
chr18:47156154-unmod	28	9
chr18:47157467-mod	2	1
chr18:47157467-unmod	28	9
chr18:47176188-mod	10	3
chr18:47176188-unmod	20	8
chr18:49488536-mod	14	6
chr18:49488536-unmod	534	416
chr18:49488551-mod	6	10
chr18:49488551-unmod	514	390
chr18:49489403-mod	5	1
chr18:49489403-unmod	454	366
chr18:49489480-mod	16	13
chr18:49489480-unmod	438	348
chr18:49489506-mod	88	63
chr18:49489506-unmod	462	375
chr18:49490459-mod	79	46
chr18:49490459-unmod	478	396
chr18:49490533-mod	29	19
chr18:49490533-unmod	424	324
chr18:49490843-mod	1	2
chr18:49490843-unmod	481	377
chr18:49490914-mod	16	13
chr18:49490914-unmod	492	385
chr18:49490925-mod	52	53
chr18:49490925-unmod	400	308
chr18:49491542-mod	13	14
chr18:49491542-unmod	472	377
chr18:49491551-mod	13	4
chr18:49491551-unmod	474	357
chr18:49491705-mod	3	3
chr18:49491705-unmod	13	29
chr18:49491827-mod	3	5
chr18:49491827-unmod	27	26
chr18:63477038-mod	2	1
chr18:63477038-unmod	44	23
chr18:63484573-mod	6	2
chr18:63484573-unmod	44	23
chr18:63484592-mod	2	1
chr18:63484592-unmod	42	19
chr18:63487013-mod	2	1
chr18:63487013-unmod	45	23
chr18:63487037-mod	1	1
chr18:63487037-unmod	36	14
chr18:63492964-mod	3	1
chr18:63492964-unmod	49	26
chr18:63492976-mod	1	1
chr18:63492976-unmod	46	23
chr18:63499147-mod	7	3
chr18:63499147-unmod	55	30
chr18:63503368-mod	25	7
chr18:63503368-unmod	34	20
chr18:63503492-mod	1	2
chr18:63503492-unmod	72	30
chr18:63503521-mod	13	9
chr18:63503521-unmod	63	26
chr18:63503572-mod	16	6
chr18:63503572-unmod	44	26
chr18:63503645-mod	8	2
chr18:63503645-unmod	46	23
chr18:63503680-mod	7	6
chr18:63503680-unmod	72	28
chr18:63503751-mod	15	2
chr18:63503751-unmod	51	28
chr18:63503930-mod	1	1
chr18:63503930-unmod	44	22
chr18:63504138-mod	5	2
chr18:63504138-unmod	49	27
chr18:63504162-mod	5	2
chr18:63504162-unmod	59	29
chr18:63504324-mod	6	3
chr18:63504324-unmod	64	36
chr18:63504420-mod	6	3
chr18:63504420-unmod	73	41
chr18:63504666-mod	7	2
chr18:63504666-unmod	92	46
chr18:63504717-mod	2	3
chr18:63504717-unmod	99	47
chr18:63504866-mod	15	9
chr18:63504866-unmod	85	40
chr18:63504971-mod	7	6
chr18:63504971-unmod	83	39
chr18:63504997-mod	1	2
chr18:63504997-unmod	77	42
chr18:63505079-mod	2	3
chr18:63505079-unmod	9	7
chr18:9954372-mod	1	1
chr18:9954372-unmod	24	22
chr18:9954403-mod	2	3
chr18:9954403-unmod	20	9
chr18:9954801-mod	4	4
chr18:9954801-unmod	6	7
chr19:10115083-mod	1	3
chr19:10115083-unmod	17	48
chr19:10115700-mod	1	4
chr19:10115700-unmod	28	47
chr19:10115705-mod	1	2
chr19:10115705-unmod	18	41
chr19:10115777-mod	4	2
chr19:10115777-unmod	26	50
chr19:10116898-mod	2	4
chr19:10116898-unmod	17	43
chr19:10116981-mod	8	15
chr19:10116981-unmod	9	26
chr19:10116987-mod	4	8
chr19:10116987-unmod	10	33
chr19:10117168-mod	2	6
chr19:10117168-unmod	16	38
chr19:10117186-mod	4	10
chr19:10117186-unmod	14	34
chr19:10119119-mod	3	2
chr19:10119119-unmod	10	20
chr19:1036545-mod	2	1
chr19:1036545-unmod	9	10
chr19:1037645-mod	2	1
chr19:1037645-unmod	8	9
chr19:1037691-mod	1	1
chr19:1037691-unmod	9	10
chr19:1038709-mod	1	4
chr19:1038709-unmod	18	28
chr19:1038793-mod	6	3
chr19:1038793-unmod	12	31
chr19:1038979-mod	2	7
chr19:1038979-unmod	26	31
chr19:10572882-mod	1	2
chr19:10572882-unmod	33	48
chr19:10572953-mod	10	10
chr19:10572953-unmod	35	47
chr19:10573040-mod	7	5
chr19:10573040-unmod	34	45
chr19:10579749-mod	2	2
chr19:10579749-unmod	20	24
chr19:10579788-mod	1	1
chr19:10579788-unmod	18	19
chr19:10581789-mod	4	2
chr19:10581789-unmod	14	23
chr19:1089920-mod	1	1
chr19:1089920-unmod	9	10
chr19:1106255-mod	26	29
chr19:1106255-unmod	63	66
chr19:1106552-mod	3	13
chr19:1106552-unmod	54	49
chr19:1106770-mod	2	4
chr19:1106770-unmod	72	80
chr19:11450862-mod	11	4
chr19:11450862-unmod	13	8
chr19:1241882-mod	4	1
chr19:1241882-unmod	33	38
chr19:1242503-mod	1	1
chr19:1242503-unmod	35	31
chr19:1244168-mod	1	2
chr19:1244168-unmod	40	40
chr19:1244177-mod	2	2
chr19:1244177-unmod	40	44
chr19:1244327-mod	5	5
chr19:1244327-unmod	42	40
chr19:1244754-mod	3	4
chr19:1244754-unmod	45	42
chr19:1244783-mod	13	18
chr19:1244783-unmod	20	15
chr19:1244811-mod	2	1
chr19:1244811-unmod	40	43
chr19:12668198-mod	5	2
chr19:12668198-unmod	30	17
chr19:12668218-mod	17	8
chr19:12668218-unmod	19	11
chr19:12668265-mod	4	4
chr19:12668265-unmod	30	27
chr19:12668330-mod	1	1
chr19:12668330-unmod	35	30
chr19:12669170-mod	3	1
chr19:12669170-unmod	36	32
chr19:12669365-mod	1	3
chr19:12669365-unmod	40	30
chr19:12669380-mod	6	1
chr19:12669380-unmod	30	23
chr19:1278821-mod	1	1
chr19:1278821-unmod	20	16
chr19:1278932-mod	1	1
chr19:1278932-unmod	21	13
chr19:1279044-mod	4	2
chr19:1279044-unmod	20	15
chr19:1279087-mod	17	11
chr19:1279087-unmod	8	4
chr19:1279093-mod	12	9
chr19:1279093-unmod	14	8
chr19:1279122-mod	4	4
chr19:1279122-unmod	20	12
chr19:1279168-mod	3	1
chr19:1279168-unmod	20	14
chr19:1279180-mod	2	1
chr19:1279180-unmod	20	14
chr19:12796947-mod	4	6
chr19:12796947-unmod	28	28
chr19:12796992-mod	1	2
chr19:12796992-unmod	35	38
chr19:12800234-mod	1	2
chr19:12800234-unmod	30	36
chr19:12800257-mod	4	3
chr19:12800257-unmod	20	32
chr19:12800939-mod	12	9
chr19:12800939-unmod	23	30
chr19:12800981-mod	6	3
chr19:12800981-unmod	27	34
chr19:12801166-mod	1	3
chr19:12801166-unmod	31	35
chr19:12801220-mod	3	6
chr19:12801220-unmod	32	35
chr19:12943734-mod	1	3
chr19:12943734-unmod	14	37
chr19:12943809-mod	4	7
chr19:12943809-unmod	48	58
chr19:12943827-mod	4	7
chr19:12943827-unmod	54	63
chr19:12943857-mod	3	3
chr19:12943857-unmod	54	68
chr19:12943935-mod	44	53
chr19:12943935-unmod	14	20
chr19:12943993-mod	15	16
chr19:12943993-unmod	60	70
chr19:12944001-mod	12	17
chr19:12944001-unmod	57	72
chr19:12944109-mod	5	6
chr19:12944109-unmod	49	70
chr19:12944389-mod	20	16
chr19:12944389-unmod	69	71
chr19:12944449-mod	19	19
chr19:12944449-unmod	72	67
chr19:13778052-mod	1	2
chr19:13778052-unmod	24	12
chr19:13778083-mod	10	2
chr19:13778083-unmod	19	13
chr19:13778249-mod	10	2
chr19:13778249-unmod	13	12
chr19:13778290-mod	1	1
chr19:13778290-unmod	26	14
chr19:13778322-mod	9	6
chr19:13778322-unmod	17	10
chr19:13778350-mod	3	1
chr19:13778350-unmod	22	15
chr19:1438833-mod	2	7
chr19:1438833-unmod	191	208
chr19:1438864-mod	2	2
chr19:1438864-unmod	199	229
chr19:1440065-mod	43	52
chr19:1440065-unmod	204	236
chr19:1440173-mod	2	1
chr19:1440173-unmod	221	259
chr19:1440229-mod	1	3
chr19:1440229-unmod	191	239
chr19:1440488-mod	9	10
chr19:1440488-unmod	26	46
chr19:14471755-mod	1	6
chr19:14471755-unmod	9	17
chr19:14477783-mod	4	4
chr19:14477783-unmod	6	6
chr19:14477899-mod	1	2
chr19:14477899-unmod	10	8
chr19:14478044-mod	1	1
chr19:14478044-unmod	9	10
chr19:14564786-mod	1	1
chr19:14564786-unmod	9	10
chr19:14565108-mod	1	1
chr19:14565108-unmod	10	9
chr19:1598144-mod	3	2
chr19:1598144-unmod	37	47
chr19:1599482-mod	5	1
chr19:1599482-unmod	42	54
chr19:1605362-mod	6	4
chr19:1605362-unmod	39	52
chr19:17516189-mod	5	2
chr19:17516189-unmod	40	49
chr19:17517300-mod	3	2
chr19:17517300-unmod	35	46
chr19:17517740-mod	2	9
chr19:17517740-unmod	40	41
chr19:17517769-mod	13	7
chr19:17517769-unmod	41	50
chr19:17517802-mod	23	21
chr19:17517802-unmod	30	34
chr19:17520956-mod	5	2
chr19:17520956-unmod	45	45
chr19:17521008-mod	4	3
chr19:17521008-unmod	46	47
chr19:17521048-mod	1	7
chr19:17521048-unmod	49	43
chr19:17521107-mod	1	5
chr19:17521107-unmod	37	42
chr19:17521256-mod	11	13
chr19:17521256-unmod	29	27
chr19:17862124-mod	20	39
chr19:17862124-unmod	586	705
chr19:17862148-mod	49	39
chr19:17862148-unmod	507	662
chr19:17862190-mod	15	16
chr19:17862190-unmod	588	713
chr19:17862195-mod	22	21
chr19:17862195-unmod	566	693
chr19:17862923-mod	3	1
chr19:17862923-unmod	307	441
chr19:17863297-mod	20	25
chr19:17863297-unmod	400	500
chr19:18306992-mod	8	5
chr19:18306992-unmod	32	16
chr19:18307072-mod	21	9
chr19:18307072-unmod	16	6
chr19:18307337-mod	13	3
chr19:18307337-unmod	29	28
chr19:18307481-mod	1	1
chr19:18307481-unmod	38	30
chr19:18532009-mod	18	20
chr19:18532009-unmod	54	51
chr19:18532130-mod	6	2
chr19:18532130-unmod	51	50
chr19:18532168-mod	1	2
chr19:18532168-unmod	67	55
chr19:18532172-mod	15	10
chr19:18532172-unmod	59	58
chr19:18533281-mod	4	4
chr19:18533281-unmod	60	61
chr19:18537715-mod	5	1
chr19:18537715-unmod	58	60
chr19:18538277-mod	4	1
chr19:18538277-unmod	39	42
chr19:18538361-mod	4	3
chr19:18538361-unmod	55	53
chr19:18538389-mod	4	1
chr19:18538389-unmod	54	50
chr19:18539566-mod	13	14
chr19:18539566-unmod	36	27
chr19:18541686-mod	2	1
chr19:18541686-unmod	38	33
chr19:18541793-mod	2	3
chr19:18541793-unmod	18	23
chr19:18541902-mod	2	1
chr19:18541902-unmod	16	23
chr19:18541952-mod	4	5
chr19:18541952-unmod	12	17
chr19:18543512-mod	3	1
chr19:18543512-unmod	15	21
chr19:18573298-mod	2	2
chr19:18573298-unmod	318	376
chr19:18573361-mod	59	91
chr19:18573361-unmod	262	285
chr19:18573394-mod	2	4
chr19:18573394-unmod	300	344
chr19:18573673-mod	85	92
chr19:18573673-unmod	240	275
chr19:18575228-mod	43	49
chr19:18575228-unmod	195	215
chr19:18899642-mod	2	4
chr19:18899642-unmod	50	31
chr19:18899656-mod	9	7
chr19:18899656-unmod	35	28
chr19:18899943-mod	5	4
chr19:18899943-unmod	31	28
chr19:18904828-mod	10	4
chr19:18904828-unmod	32	31
chr19:18905593-mod	2	1
chr19:18905593-unmod	31	24
chr19:18905618-mod	3	5
chr19:18905618-unmod	40	32
chr19:18906971-mod	5	5
chr19:18906971-unmod	26	20
chr19:18907007-mod	7	2
chr19:18907007-unmod	26	25
chr19:18907059-mod	1	2
chr19:18907059-unmod	40	33
chr19:18910994-mod	8	3
chr19:18910994-unmod	28	24
chr19:19516308-mod	7	8
chr19:19516308-unmod	40	37
chr19:19516324-mod	9	9
chr19:19516324-unmod	36	43
chr19:19526210-mod	6	7
chr19:19526210-unmod	38	44
chr19:19526247-mod	8	8
chr19:19526247-unmod	41	45
chr19:19527297-mod	2	2
chr19:19527297-unmod	47	50
chr19:19527701-mod	7	2
chr19:19527701-unmod	41	52
chr19:1985546-mod	6	5
chr19:1985546-unmod	28	26
chr19:1985747-mod	10	11
chr19:1985747-unmod	20	16
chr19:1986003-mod	3	4
chr19:1986003-unmod	30	24
chr19:1986195-mod	4	5
chr19:1986195-unmod	21	19
chr19:1986229-mod	3	1
chr19:1986229-unmod	29	32
chr19:1986236-mod	15	5
chr19:1986236-unmod	12	8
chr19:1986249-mod	5	6
chr19:1986249-unmod	20	29
chr19:1986606-mod	3	2
chr19:1986606-unmod	18	24
chr19:1987508-mod	3	3
chr19:1987508-unmod	7	21
chr19:2037565-mod	11	7
chr19:2037565-unmod	26	6
chr19:2037758-mod	8	1
chr19:2037758-unmod	29	15
chr19:2037768-mod	6	5
chr19:2037768-unmod	23	9
chr19:2271807-mod	4	2
chr19:2271807-unmod	61	96
chr19:2271875-mod	10	14
chr19:2271875-unmod	55	84
chr19:2271883-mod	11	21
chr19:2271883-unmod	51	74
chr19:2271950-mod	3	5
chr19:2271950-unmod	54	70
chr19:2272805-mod	13	17
chr19:2272805-unmod	47	74
chr19:2272814-mod	2	3
chr19:2272814-unmod	56	81
chr19:2272985-mod	10	21
chr19:2272985-unmod	51	72
chr19:2273170-mod	5	11
chr19:2273170-unmod	57	84
chr19:2426947-mod	1	1
chr19:2426947-unmod	9	16
chr19:29207493-mod	4	11
chr19:29207493-unmod	27	23
chr19:29207537-mod	21	15
chr19:29207537-unmod	6	8
chr19:29207543-mod	15	13
chr19:29207543-unmod	16	21
chr19:29207782-mod	10	9
chr19:29207782-unmod	6	9
chr19:29207881-mod	2	3
chr19:29207881-unmod	13	28
chr19:29208020-mod	5	6
chr19:29208020-unmod	8	17
chr19:29208112-mod	3	5
chr19:29208112-unmod	7	16
chr19:3053303-mod	4	1
chr19:3053303-unmod	39	41
chr19:3053474-mod	8	11
chr19:3053474-unmod	31	34
chr19:3053516-mod	2	1
chr19:3053516-unmod	35	43
chr19:3053737-mod	1	4
chr19:3053737-unmod	38	35
chr19:3053784-mod	2	4
chr19:3053784-unmod	32	35
chr19:3053855-mod	4	2
chr19:3053855-unmod	21	32
chr19:3054132-mod	7	2
chr19:3054132-unmod	9	9
chr19:3163313-mod	14	4
chr19:3163313-unmod	16	6
chr19:3163448-mod	20	5
chr19:3163448-unmod	12	5
chr19:3163516-mod	4	1
chr19:3163516-unmod	29	9
chr19:34365285-mod	1	2
chr19:34365285-unmod	21	16
chr19:34365339-mod	2	7
chr19:34365339-unmod	9	14
chr19:34365369-mod	3	1
chr19:34365369-unmod	18	21
chr19:34366394-mod	1	2
chr19:34366394-unmod	22	22
chr19:34377518-mod	2	5
chr19:34377518-unmod	24	20
chr19:34377736-mod	7	4
chr19:34377736-unmod	20	23
chr19:34377749-mod	5	4
chr19:34377749-unmod	23	24
chr19:34377815-mod	2	4
chr19:34377815-unmod	20	22
chr19:34393285-mod	10	3
chr19:34393285-unmod	22	26
chr19:34394006-mod	1	1
chr19:34394006-unmod	27	33
chr19:34396352-mod	3	1
chr19:34396352-unmod	28	31
chr19:34396390-mod	1	1
chr19:34396390-unmod	35	39
chr19:34396601-mod	5	2
chr19:34396601-unmod	27	26
chr19:34399233-mod	2	1
chr19:34399233-unmod	29	33
chr19:34399309-mod	9	9
chr19:34399309-unmod	28	36
chr19:34399760-mod	1	2
chr19:34399760-unmod	44	43
chr19:34399775-mod	5	2
chr19:34399775-unmod	40	42
chr19:34399964-mod	2	2
chr19:34399964-unmod	42	42
chr19:34400065-mod	15	14
chr19:34400065-unmod	22	24
chr19:34400120-mod	3	3
chr19:34400120-unmod	28	31
chr19:34400155-mod	4	4
chr19:34400155-unmod	34	40
chr19:34400264-mod	3	3
chr19:34400264-unmod	40	31
chr19:34400273-mod	1	1
chr19:34400273-unmod	39	29
chr19:35116350-mod	2	2
chr19:35116350-unmod	38	87
chr19:35119374-mod	2	3
chr19:35119374-unmod	41	85
chr19:35122764-mod	8	5
chr19:35122764-unmod	37	89
chr19:35123286-mod	1	2
chr19:35123286-unmod	47	102
chr19:35123462-mod	6	4
chr19:35123462-unmod	40	89
chr19:35123488-mod	1	2
chr19:35123488-unmod	43	93
chr19:35123531-mod	20	30
chr19:35123531-unmod	28	68
chr19:35123564-mod	6	14
chr19:35123564-unmod	34	83
chr19:35158359-mod	7	8
chr19:35158359-unmod	36	38
chr19:35160731-mod	7	1
chr19:35160731-unmod	43	34
chr19:35160767-mod	2	2
chr19:35160767-unmod	46	27
chr19:35166156-mod	1	1
chr19:35166156-unmod	39	19
chr19:35166254-mod	24	18
chr19:35166254-unmod	20	21
chr19:35169636-mod	1	2
chr19:35169636-unmod	47	40
chr19:35169853-mod	2	3
chr19:35169853-unmod	33	22
chr19:35545761-mod	9	6
chr19:35545761-unmod	23	4
chr19:35546985-mod	1	1
chr19:35546985-unmod	36	22
chr19:35651274-mod	9	7
chr19:35651274-unmod	38	66
chr19:35651316-mod	5	9
chr19:35651316-unmod	46	71
chr19:35651340-mod	5	12
chr19:35651340-unmod	48	65
chr19:35654570-mod	1	1
chr19:35654570-unmod	39	66
chr19:35658647-mod	15	12
chr19:35658647-unmod	38	65
chr19:35658747-mod	7	6
chr19:35658747-unmod	22	40
chr19:35658765-mod	1	1
chr19:35658765-unmod	28	50
chr19:36140138-mod	6	3
chr19:36140138-unmod	7	10
chr19:36141024-mod	2	2
chr19:36141024-unmod	14	21
chr19:36142716-mod	1	1
chr19:36142716-unmod	67	59
chr19:36142931-mod	20	18
chr19:36142931-unmod	48	46
chr19:36142939-mod	3	5
chr19:36142939-unmod	65	61
chr19:36142959-mod	10	17
chr19:36142959-unmod	42	33
chr19:36143077-mod	2	1
chr19:36143077-unmod	62	62
chr19:36143096-mod	1	1
chr19:36143096-unmod	75	66
chr19:36145854-mod	4	1
chr19:36145854-unmod	73	60
chr19:36146011-mod	2	1
chr19:36146011-unmod	80	68
chr19:36146028-mod	7	9
chr19:36146028-unmod	79	64
chr19:36146258-mod	4	2
chr19:36146258-unmod	82	72
chr19:36146270-mod	1	1
chr19:36146270-unmod	81	71
chr19:36149611-mod	2	2
chr19:36149611-unmod	80	72
chr19:36149625-mod	22	21
chr19:36149625-unmod	67	58
chr19:36149824-mod	9	6
chr19:36149824-unmod	82	72
chr19:36149839-mod	42	37
chr19:36149839-unmod	41	36
chr19:36149852-mod	1	1
chr19:36149852-unmod	67	64
chr19:36149949-mod	5	2
chr19:36149949-unmod	68	64
chr19:36150042-mod	25	27
chr19:36150042-unmod	61	48
chr19:36150254-mod	1	1
chr19:36150254-unmod	98	77
chr19:36150264-mod	4	4
chr19:36150264-unmod	82	71
chr19:38264763-mod	5	2
chr19:38264763-unmod	58	29
chr19:38283757-mod	8	2
chr19:38283757-unmod	64	46
chr19:38287890-mod	4	2
chr19:38287890-unmod	74	52
chr19:38290193-mod	15	7
chr19:38290193-unmod	69	49
chr19:38290205-mod	5	2
chr19:38290205-unmod	79	52
chr19:38290238-mod	2	2
chr19:38290238-unmod	78	48
chr19:38291926-mod	3	1
chr19:38291926-unmod	90	60
chr19:38291989-mod	8	6
chr19:38291989-unmod	74	52
chr19:38292005-mod	22	9
chr19:38292005-unmod	50	32
chr19:38292025-mod	44	22
chr19:38292025-unmod	37	21
chr19:38292044-mod	2	1
chr19:38292044-unmod	95	62
chr19:38292078-mod	17	7
chr19:38292078-unmod	80	49
chr19:38304628-mod	5	1
chr19:38304628-unmod	52	38
chr19:38304988-mod	5	1
chr19:38304988-unmod	35	26
chr19:38374908-mod	5	2
chr19:38374908-unmod	40	17
chr19:38376198-mod	1	1
chr19:38376198-unmod	41	30
chr19:38376207-mod	1	2
chr19:38376207-unmod	42	19
chr19:38376354-mod	1	3
chr19:38376354-unmod	40	27
chr19:38379310-mod	16	7
chr19:38379310-unmod	32	26
chr19:38380977-mod	1	1
chr19:38380977-unmod	44	31
chr19:38383338-mod	10	10
chr19:38383338-unmod	31	23
chr19:38383468-mod	19	9
chr19:38383468-unmod	13	5
chr19:38620350-mod	3	4
chr19:38620350-unmod	12	44
chr19:38632451-mod	1	2
chr19:38632451-unmod	14	45
chr19:38632468-mod	2	4
chr19:38632468-unmod	26	50
chr19:38632481-mod	1	1
chr19:38632481-unmod	24	49
chr19:38634992-mod	9	23
chr19:38634992-unmod	8	25
chr19:38635091-mod	2	3
chr19:38635091-unmod	26	49
chr19:38635109-mod	1	3
chr19:38635109-unmod	27	50
chr19:38729274-mod	1	1
chr19:38729274-unmod	13	11
chr19:38729842-mod	1	6
chr19:38729842-unmod	20	19
chr19:38729900-mod	3	2
chr19:38729900-unmod	15	14
chr19:38730005-mod	3	6
chr19:38730005-unmod	16	21
chr19:38730020-mod	4	4
chr19:38730020-unmod	17	25
chr19:38730087-mod	2	1
chr19:38730087-unmod	32	28
chr19:38730111-mod	3	1
chr19:38730111-unmod	29	27
chr19:38730127-mod	1	1
chr19:38730127-unmod	30	30
chr19:38730160-mod	1	1
chr19:38730160-unmod	32	31
chr19:38730184-mod	2	1
chr19:38730184-unmod	31	34
chr19:38730214-mod	1	5
chr19:38730214-unmod	33	23
chr19:39433237-mod	6	6
chr19:39433237-unmod	408	466
chr19:39433254-mod	35	38
chr19:39433254-unmod	491	545
chr19:39433261-mod	108	109
chr19:39433261-unmod	403	457
chr19:39433345-mod	24	23
chr19:39433345-unmod	518	573
chr19:39433361-mod	16	14
chr19:39433361-unmod	456	519
chr19:39433366-mod	37	37
chr19:39433366-unmod	453	487
chr19:39433384-mod	1	3
chr19:39433384-unmod	511	569
chr19:39433711-mod	1	2
chr19:39433711-unmod	544	599
chr19:39435704-mod	4	2
chr19:39435704-unmod	500	572
chr19:39488570-mod	1	2
chr19:39488570-unmod	9	8
chr19:39489820-mod	5	5
chr19:39489820-unmod	5	7
chr19:39489879-mod	1	1
chr19:39489879-unmod	9	11
chr19:3976162-mod	76	97
chr19:3976162-unmod	519	689
chr19:3976241-mod	5	6
chr19:3976241-unmod	595	784
chr19:3976255-mod	25	31
chr19:3976255-unmod	492	654
chr19:3976289-mod	38	45
chr19:3976289-unmod	497	662
chr19:3976327-mod	342	456
chr19:3976327-unmod	230	285
chr19:3976346-mod	3	6
chr19:3976346-unmod	500	647
chr19:3976467-mod	195	319
chr19:3976467-unmod	304	363
chr19:3976519-mod	153	289
chr19:3976519-unmod	342	384
chr19:3976563-mod	48	86
chr19:3976563-unmod	407	561
chr19:3976575-mod	21	69
chr19:3976575-unmod	422	532
chr19:3976618-mod	7	6
chr19:3976618-unmod	502	696
chr19:3976662-mod	4	3
chr19:3976662-unmod	490	686
chr19:3976686-mod	7	5
chr19:3976686-unmod	465	660
chr19:3976734-mod	27	28
chr19:3976734-unmod	344	516
chr19:3977306-mod	71	113
chr19:3977306-unmod	363	511
chr19:3977474-mod	29	43
chr19:3977474-unmod	328	441
chr19:3977590-mod	38	72
chr19:3977590-unmod	363	520
chr19:3977855-mod	49	56
chr19:3977855-unmod	295	451
chr19:3978038-mod	7	12
chr19:3978038-unmod	275	449
chr19:3978164-mod	27	43
chr19:3978164-unmod	289	443
chr19:3979350-mod	14	31
chr19:3979350-unmod	318	493
chr19:3979362-mod	22	22
chr19:3979362-unmod	283	476
chr19:3979865-mod	22	50
chr19:3979865-unmod	250	392
chr19:3979874-mod	19	33
chr19:3979874-unmod	274	432
chr19:3979985-mod	17	16
chr19:3979985-unmod	241	404
chr19:3980009-mod	38	56
chr19:3980009-unmod	258	416
chr19:3980064-mod	33	53
chr19:3980064-unmod	239	408
chr19:3980537-mod	38	47
chr19:3980537-unmod	230	405
chr19:3980693-mod	67	127
chr19:3980693-unmod	175	295
chr19:3981363-mod	25	35
chr19:3981363-unmod	197	364
chr19:3981369-mod	15	31
chr19:3981369-unmod	192	333
chr19:3981378-mod	10	9
chr19:3981378-unmod	197	373
chr19:3981383-mod	23	32
chr19:3981383-unmod	203	381
chr19:3981390-mod	6	15
chr19:3981390-unmod	192	345
chr19:3981395-mod	4	4
chr19:3981395-unmod	208	384
chr19:3981407-mod	9	18
chr19:3981407-unmod	210	398
chr19:3981415-mod	14	28
chr19:3981415-unmod	189	367
chr19:3981959-mod	3	4
chr19:3981959-unmod	192	349
chr19:3982043-mod	8	8
chr19:3982043-unmod	168	349
chr19:3982248-mod	6	9
chr19:3982248-unmod	195	378
chr19:3982272-mod	8	7
chr19:3982272-unmod	184	377
chr19:3982889-mod	2	2
chr19:3982889-unmod	180	347
chr19:3982936-mod	2	7
chr19:3982936-unmod	147	286
chr19:3982945-mod	18	26
chr19:3982945-unmod	166	332
chr19:3983120-mod	21	27
chr19:3983120-unmod	160	316
chr19:3983163-mod	24	23
chr19:3983163-unmod	152	313
chr19:3983198-mod	31	49
chr19:3983198-unmod	127	256
chr19:3983249-mod	24	51
chr19:3983249-unmod	139	293
chr19:3983255-mod	8	11
chr19:3983255-unmod	150	316
chr19:39834467-mod	4	1
chr19:39834467-unmod	11	13
chr19:39834541-mod	7	3
chr19:39834541-unmod	13	33
chr19:39834739-mod	5	5
chr19:39834739-unmod	16	30
chr19:39834799-mod	2	3
chr19:39834799-unmod	18	31
chr19:39837770-mod	4	6
chr19:39837770-unmod	16	29
chr19:39840281-mod	3	1
chr19:39840281-unmod	15	32
chr19:3984243-mod	3	2
chr19:3984243-unmod	145	303
chr19:3984267-mod	5	12
chr19:3984267-unmod	132	263
chr19:3984345-mod	57	108
chr19:3984345-unmod	84	195
chr19:40422547-mod	1	3
chr19:40422547-unmod	9	10
chr19:40422607-mod	9	6
chr19:40422607-unmod	4	4
chr19:40422712-mod	2	4
chr19:40422712-unmod	10	9
chr19:40422764-mod	2	1
chr19:40422764-unmod	9	10
chr19:40422801-mod	7	9
chr19:40422801-unmod	5	4
chr19:40422899-mod	7	8
chr19:40422899-unmod	4	5
chr19:40423406-mod	1	2
chr19:40423406-unmod	9	10
chr19:40447970-mod	2	3
chr19:40447970-unmod	30	35
chr19:40448031-mod	9	9
chr19:40448031-unmod	24	37
chr19:40451441-mod	10	12
chr19:40451441-unmod	20	31
chr19:40451476-mod	3	2
chr19:40451476-unmod	26	37
chr19:40458210-mod	3	5
chr19:40458210-unmod	29	40
chr19:40458439-mod	2	4
chr19:40458439-unmod	29	39
chr19:40458517-mod	4	3
chr19:40458517-unmod	27	35
chr19:4090339-mod	3	3
chr19:4090339-unmod	67	79
chr19:4090521-mod	8	4
chr19:4090521-unmod	66	85
chr19:4090565-mod	3	6
chr19:4090565-unmod	65	74
chr19:4090597-mod	8	5
chr19:4090597-unmod	77	89
chr19:4090631-mod	9	20
chr19:4090631-unmod	65	72
chr19:4094486-mod	8	10
chr19:4094486-unmod	62	73
chr19:4097294-mod	3	2
chr19:4097294-unmod	68	83
chr19:4097302-mod	14	19
chr19:4097302-unmod	66	70
chr19:4099373-mod	2	2
chr19:4099373-unmod	51	72
chr19:4101088-mod	5	7
chr19:4101088-unmod	58	63
chr19:4101115-mod	16	17
chr19:4101115-unmod	52	61
chr19:4102436-mod	4	3
chr19:4102436-unmod	61	72
chr19:4110514-mod	6	7
chr19:4110514-unmod	51	58
chr19:4110620-mod	6	5
chr19:4110620-unmod	47	64
chr19:4117509-mod	3	1
chr19:4117509-unmod	47	67
chr19:4117523-mod	25	31
chr19:4117523-unmod	32	43
chr19:4117586-mod	5	7
chr19:4117586-unmod	51	63
chr19:41330962-mod	5	4
chr19:41330962-unmod	42	56
chr19:41332143-mod	2	5
chr19:41332143-unmod	40	55
chr19:41332227-mod	5	4
chr19:41332227-unmod	40	48
chr19:41332266-mod	2	5
chr19:41332266-unmod	43	56
chr19:41341900-mod	1	5
chr19:41341900-unmod	35	45
chr19:41341981-mod	12	16
chr19:41341981-unmod	26	33
chr19:41342005-mod	2	3
chr19:41342005-unmod	40	52
chr19:41342177-mod	5	4
chr19:41342177-unmod	33	43
chr19:41342204-mod	3	6
chr19:41342204-unmod	34	51
chr19:41348372-mod	2	6
chr19:41348372-unmod	32	46
chr19:41352762-mod	4	7
chr19:41352762-unmod	32	41
chr19:41352941-mod	4	6
chr19:41352941-unmod	11	29
chr19:41352957-mod	15	25
chr19:41352957-unmod	14	16
chr19:41353171-mod	3	6
chr19:41353171-unmod	13	30
chr19:41353419-mod	12	25
chr19:41353419-unmod	5	15
chr19:41353543-mod	2	7
chr19:41353543-unmod	11	27
chr19:41353551-mod	10	19
chr19:41353551-unmod	6	16
chr19:41353587-mod	1	3
chr19:41353587-unmod	14	32
chr19:41353623-mod	9	13
chr19:41353623-unmod	4	8
chr19:41353632-mod	3	6
chr19:41353632-unmod	12	30
chr19:41860802-mod	23	48
chr19:41860802-unmod	220	291
chr19:41861191-mod	48	77
chr19:41861191-unmod	214	272
chr19:41869083-mod	12	10
chr19:41869083-unmod	241	336
chr19:41869204-mod	18	15
chr19:41869204-unmod	279	377
chr19:41869707-mod	8	16
chr19:41869707-unmod	284	375
chr19:41869711-mod	10	11
chr19:41869711-unmod	280	377
chr19:41869722-mod	3	9
chr19:41869722-unmod	260	342
chr19:41869749-mod	8	8
chr19:41869749-unmod	253	329
chr19:41871378-mod	5	8
chr19:41871378-unmod	263	344
chr19:41871382-mod	2	2
chr19:41871382-unmod	269	360
chr19:41956831-mod	3	2
chr19:41956831-unmod	40	41
chr19:41956854-mod	1	4
chr19:41956854-unmod	35	35
chr19:41958855-mod	2	1
chr19:41958855-unmod	35	37
chr19:41959275-mod	4	3
chr19:41959275-unmod	33	33
chr19:44812515-mod	1	1
chr19:44812515-unmod	11	9
chr19:44812534-mod	2	2
chr19:44812534-unmod	13	8
chr19:44814220-mod	1	1
chr19:44814220-unmod	16	10
chr19:44814663-mod	1	2
chr19:44814663-unmod	17	11
chr19:44818590-mod	12	6
chr19:44818590-unmod	8	7
chr19:44819072-mod	1	2
chr19:44819072-unmod	19	13
chr19:44820756-mod	2	1
chr19:44820756-unmod	21	32
chr19:44820928-mod	1	6
chr19:44820928-unmod	21	26
chr19:44820950-mod	2	2
chr19:44820950-unmod	21	25
chr19:44820974-mod	3	3
chr19:44820974-unmod	21	30
chr19:44821153-mod	7	8
chr19:44821153-unmod	13	24
chr19:44821182-mod	1	6
chr19:44821182-unmod	22	29
chr19:44821207-mod	4	3
chr19:44821207-unmod	19	26
chr19:44821378-mod	3	7
chr19:44821378-unmod	14	22
chr19:45687529-mod	19	13
chr19:45687529-unmod	29	46
chr19:45687574-mod	5	3
chr19:45687574-unmod	48	59
chr19:45687598-mod	3	2
chr19:45687598-unmod	49	60
chr19:45687686-mod	20	14
chr19:45687686-unmod	33	46
chr19:45691893-mod	2	5
chr19:45691893-unmod	51	59
chr19:4657557-mod	3	1
chr19:4657557-unmod	13	11
chr19:4657601-mod	12	11
chr19:4657601-unmod	24	13
chr19:4657617-mod	9	4
chr19:4657617-unmod	28	19
chr19:4657643-mod	15	8
chr19:4657643-unmod	25	17
chr19:4657718-mod	13	8
chr19:4657718-unmod	28	15
chr19:4657757-mod	22	10
chr19:4657757-unmod	19	13
chr19:4657826-mod	7	2
chr19:4657826-unmod	34	24
chr19:4657904-mod	32	20
chr19:4657904-unmod	9	8
chr19:4658004-mod	2	4
chr19:4658004-unmod	38	20
chr19:4659960-mod	2	3
chr19:4659960-unmod	36	23
chr19:46609857-mod	1	4
chr19:46609857-unmod	9	18
chr19:46610373-mod	1	3
chr19:46610373-unmod	10	35
chr19:46610536-mod	3	2
chr19:46610536-unmod	24	32
chr19:46610619-mod	6	1
chr19:46610619-unmod	20	39
chr19:46610666-mod	1	3
chr19:46610666-unmod	26	34
chr19:4675556-mod	2	1
chr19:4675556-unmod	8	9
chr19:46774921-mod	6	7
chr19:46774921-unmod	82	81
chr19:46774947-mod	14	10
chr19:46774947-unmod	73	70
chr19:46774967-mod	22	31
chr19:46774967-unmod	67	60
chr19:46774979-mod	1	4
chr19:46774979-unmod	91	82
chr19:46775045-mod	4	7
chr19:46775045-unmod	86	79
chr19:46775224-mod	2	3
chr19:46775224-unmod	77	73
chr19:46775308-mod	1	1
chr19:46775308-unmod	79	77
chr19:46775369-mod	20	13
chr19:46775369-unmod	55	62
chr19:46775464-mod	48	58
chr19:46775464-unmod	18	23
chr19:46775496-mod	7	6
chr19:46775496-unmod	64	67
chr19:46775569-mod	2	3
chr19:46775569-unmod	72	77
chr19:46775675-mod	11	6
chr19:46775675-unmod	50	52
chr19:46775695-mod	10	7
chr19:46775695-unmod	68	65
chr19:46776983-mod	19	25
chr19:46776983-unmod	46	36
chr19:46777234-mod	3	3
chr19:46777234-unmod	62	59
chr19:46778737-mod	1	2
chr19:46778737-unmod	50	52
chr19:46782517-mod	11	6
chr19:46782517-unmod	41	49
chr19:46784107-mod	17	17
chr19:46784107-unmod	35	39
chr19:46787606-mod	6	6
chr19:46787606-unmod	37	40
chr19:46787758-mod	30	30
chr19:46787758-unmod	11	12
chr19:46787837-mod	6	6
chr19:46787837-unmod	31	36
chr19:46787876-mod	6	4
chr19:46787876-unmod	31	33
chr19:46787942-mod	12	8
chr19:46787942-unmod	24	29
chr19:46788107-mod	14	17
chr19:46788107-unmod	16	17
chr19:46788122-mod	7	12
chr19:46788122-unmod	24	25
chr19:46788205-mod	1	5
chr19:46788205-unmod	12	17
chr19:46788220-mod	11	11
chr19:46788220-unmod	18	22
chr19:46788235-mod	1	2
chr19:46788235-unmod	9	15
chr19:46788267-mod	3	3
chr19:46788267-unmod	22	28
chr19:46788346-mod	5	6
chr19:46788346-unmod	21	15
chr19:46788487-mod	2	2
chr19:46788487-unmod	9	14
chr19:46838300-mod	14	5
chr19:46838300-unmod	61	106
chr19:46838331-mod	4	8
chr19:46838331-unmod	66	98
chr19:46838407-mod	8	17
chr19:46838407-unmod	51	78
chr19:46838761-mod	3	2
chr19:46838761-unmod	60	84
chr19:46838766-mod	39	51
chr19:46838766-unmod	27	43
chr19:46839570-mod	5	8
chr19:46839570-unmod	66	96
chr19:46846010-mod	2	6
chr19:46846010-unmod	62	97
chr19:46846119-mod	13	16
chr19:46846119-unmod	52	82
chr19:46850798-mod	3	2
chr19:46850798-unmod	25	30
chr19:47045934-mod	3	8
chr19:47045934-unmod	8	2
chr19:47045940-mod	7	10
chr19:47045940-unmod	8	1
chr19:47046175-mod	2	1
chr19:47046175-unmod	21	23
chr19:47741077-mod	15	2
chr19:47741077-unmod	18	9
chr19:47741138-mod	1	3
chr19:47741138-unmod	39	12
chr19:47741145-mod	16	7
chr19:47741145-unmod	15	6
chr19:47741219-mod	5	2
chr19:47741219-unmod	26	12
chr19:47741234-mod	5	3
chr19:47741234-unmod	37	11
chr19:47741286-mod	9	3
chr19:47741286-unmod	24	12
chr19:47741544-mod	13	3
chr19:47741544-unmod	26	11
chr19:47741574-mod	2	2
chr19:47741574-unmod	38	14
chr19:47741601-mod	7	1
chr19:47741601-unmod	41	17
chr19:47741613-mod	5	5
chr19:47741613-unmod	37	13
chr19:47741791-mod	2	1
chr19:47741791-unmod	42	19
chr19:47741921-mod	11	3
chr19:47741921-unmod	37	20
chr19:47741937-mod	4	7
chr19:47741937-unmod	47	16
chr19:47742408-mod	4	4
chr19:47742408-unmod	54	35
chr19:47742493-mod	10	12
chr19:47742493-unmod	51	31
chr19:47742692-mod	21	12
chr19:47742692-unmod	32	29
chr19:47742746-mod	37	26
chr19:47742746-unmod	23	17
chr19:47742968-mod	6	1
chr19:47742968-unmod	57	42
chr19:47743092-mod	10	6
chr19:47743092-unmod	58	36
chr19:47745650-mod	1	1
chr19:47745650-unmod	11	10
chr19:47750194-mod	1	1
chr19:47750194-unmod	13	15
chr19:47750243-mod	1	2
chr19:47750243-unmod	14	14
chr19:47750258-mod	6	6
chr19:47750258-unmod	5	6
chr19:47751065-mod	5	7
chr19:47751065-unmod	11	10
chr19:47780912-mod	1	1
chr19:47780912-unmod	23	47
chr19:47781119-mod	7	7
chr19:47781119-unmod	23	42
chr19:47784296-mod	3	3
chr19:47784296-unmod	28	47
chr19:47784302-mod	2	1
chr19:47784302-unmod	12	30
chr19:47784340-mod	7	4
chr19:47784340-unmod	22	42
chr19:47784357-mod	1	6
chr19:47784357-unmod	25	38
chr19:47784561-mod	1	2
chr19:47784561-unmod	28	48
chr19:48382622-mod	35	21
chr19:48382622-unmod	70	57
chr19:48382839-mod	32	17
chr19:48382839-unmod	59	56
chr19:48383035-mod	2	4
chr19:48383035-unmod	90	60
chr19:48383080-mod	1	1
chr19:48383080-unmod	52	35
chr19:48383112-mod	16	21
chr19:48383112-unmod	88	53
chr19:48383145-mod	8	5
chr19:48383145-unmod	88	62
chr19:48383193-mod	18	16
chr19:48383193-unmod	68	48
chr19:48383205-mod	11	7
chr19:48383205-unmod	80	61
chr19:48384271-mod	46	43
chr19:48384271-unmod	13	13
chr19:48384472-mod	2	1
chr19:48384472-unmod	72	52
chr19:48389568-mod	3	1
chr19:48389568-unmod	67	47
chr19:48389637-mod	12	8
chr19:48389637-unmod	55	39
chr19:48390466-mod	2	2
chr19:48390466-unmod	69	44
chr19:48615375-mod	7	4
chr19:48615375-unmod	415	400
chr19:48615895-mod	14	13
chr19:48615895-unmod	474	469
chr19:48616113-mod	10	6
chr19:48616113-unmod	457	465
chr19:48616183-mod	33	43
chr19:48616183-unmod	418	385
chr19:48616731-mod	16	20
chr19:48616731-unmod	422	411
chr19:48616763-mod	36	35
chr19:48616763-unmod	420	411
chr19:48616769-mod	5	12
chr19:48616769-unmod	445	433
chr19:48616792-mod	2	1
chr19:48616792-unmod	467	465
chr19:48617398-mod	22	24
chr19:48617398-unmod	398	385
chr19:48617851-mod	16	15
chr19:48617851-unmod	324	303
chr19:48617869-mod	6	12
chr19:48617869-unmod	399	367
chr19:48965361-mod	8	4
chr19:48965361-unmod	215	224
chr19:48965373-mod	14	23
chr19:48965373-unmod	329	359
chr19:48965429-mod	10	8
chr19:48965429-unmod	291	319
chr19:48965460-mod	10	11
chr19:48965460-unmod	293	326
chr19:48965908-mod	9	13
chr19:48965908-unmod	353	384
chr19:48966307-mod	7	1
chr19:48966307-unmod	395	437
chr19:48966353-mod	90	78
chr19:48966353-unmod	285	334
chr19:48966398-mod	11	9
chr19:48966398-unmod	304	330
chr19:48966589-mod	23	23
chr19:48966589-unmod	355	371
chr19:48966600-mod	1	6
chr19:48966600-unmod	353	388
chr19:48966646-mod	20	35
chr19:48966646-unmod	404	444
chr19:48966654-mod	66	72
chr19:48966654-unmod	319	361
chr19:48966830-mod	12	14
chr19:48966830-unmod	394	446
chr19:48966850-mod	14	9
chr19:48966850-unmod	295	362
chr19:49490507-mod	145	204
chr19:49490507-unmod	226	325
chr19:49490566-mod	9	8
chr19:49490566-unmod	316	475
chr19:49490820-mod	11	13
chr19:49490820-unmod	396	572
chr19:49491478-mod	98	140
chr19:49491478-unmod	325	454
chr19:49491537-mod	2	1
chr19:49491537-unmod	440	630
chr19:49491771-mod	4	4
chr19:49491771-unmod	411	592
chr19:49491802-mod	27	29
chr19:49491802-unmod	385	563
chr19:49491826-mod	139	190
chr19:49491826-unmod	243	361
chr19:49491885-mod	16	16
chr19:49491885-unmod	90	122
chr19:49491928-mod	2	5
chr19:49491928-unmod	115	152
chr19:49492024-mod	4	5
chr19:49492024-unmod	121	155
chr19:49492072-mod	7	12
chr19:49492072-unmod	100	115
chr19:49492114-mod	27	32
chr19:49492114-unmod	45	47
chr19:49492168-mod	6	5
chr19:49492168-unmod	95	143
chr19:49492218-mod	5	3
chr19:49492218-unmod	127	161
chr19:49496463-mod	3	15
chr19:49496463-unmod	308	433
chr19:49497193-mod	6	3
chr19:49497193-unmod	270	414
chr19:49497233-mod	4	1
chr19:49497233-unmod	332	482
chr19:49497259-mod	28	52
chr19:49497259-unmod	296	398
chr19:49497293-mod	28	28
chr19:49497293-unmod	307	459
chr19:49497541-mod	9	8
chr19:49497541-unmod	348	495
chr19:49497924-mod	2	13
chr19:49497924-unmod	331	470
chr19:49497945-mod	33	41
chr19:49497945-unmod	346	476
chr19:49497964-mod	5	12
chr19:49497964-unmod	360	509
chr19:49498015-mod	69	78
chr19:49498015-unmod	316	458
chr19:49499528-mod	13	18
chr19:49499528-unmod	172	245
chr19:49499566-mod	8	13
chr19:49499566-unmod	366	496
chr19:49499641-mod	11	12
chr19:49499641-unmod	331	451
chr19:49635331-mod	13	15
chr19:49635331-unmod	27	23
chr19:49635460-mod	8	9
chr19:49635460-unmod	30	23
chr19:49635508-mod	3	2
chr19:49635508-unmod	36	34
chr19:49635536-mod	1	4
chr19:49635536-unmod	38	33
chr19:49636646-mod	1	2
chr19:49636646-unmod	37	29
chr19:49637092-mod	3	6
chr19:49637092-unmod	30	29
chr19:49637113-mod	4	1
chr19:49637113-unmod	23	29
chr19:49640030-mod	2	2
chr19:49640030-unmod	18	29
chr19:49640044-mod	6	2
chr19:49640044-unmod	27	29
chr19:49677302-mod	4	10
chr19:49677302-unmod	7	10
chr19:49684999-mod	1	1
chr19:49684999-unmod	12	17
chr19:49686123-mod	1	1
chr19:49686123-unmod	11	16
chr19:49686128-mod	2	1
chr19:49686128-unmod	12	18
chr19:49686655-mod	1	1
chr19:49686655-unmod	13	15
chr19:49686721-mod	1	1
chr19:49686721-unmod	23	15
chr19:49688165-mod	2	4
chr19:49688165-unmod	12	12
chr19:49688189-mod	1	1
chr19:49688189-unmod	21	17
chr19:49688383-mod	5	3
chr19:49688383-unmod	18	15
chr19:49806170-mod	3	2
chr19:49806170-unmod	7	17
chr19:49806692-mod	1	2
chr19:49806692-unmod	11	15
chr19:49806765-mod	3	3
chr19:49806765-unmod	9	15
chr19:49806808-mod	9	9
chr19:49806808-unmod	4	8
chr19:49806834-mod	1	1
chr19:49806834-unmod	13	14
chr19:49858573-mod	2	5
chr19:49858573-unmod	8	9
chr19:50382456-mod	3	2
chr19:50382456-unmod	8	10
chr19:52211356-mod	1	1
chr19:52211356-unmod	12	11
chr19:52211483-mod	3	2
chr19:52211483-unmod	10	12
chr19:52219709-mod	4	3
chr19:52219709-unmod	11	13
chr19:52219727-mod	1	6
chr19:52219727-unmod	15	10
chr19:52221112-mod	7	3
chr19:52221112-unmod	14	15
chr19:52222234-mod	2	1
chr19:52222234-unmod	35	26
chr19:52225756-mod	6	1
chr19:52225756-unmod	35	29
chr19:52225763-mod	3	2
chr19:52225763-unmod	34	31
chr19:52225804-mod	4	1
chr19:52225804-unmod	32	33
chr19:52226093-mod	1	2
chr19:52226093-unmod	37	32
chr19:52226202-mod	1	3
chr19:52226202-unmod	37	36
chr19:52226286-mod	2	4
chr19:52226286-unmod	33	32
chr19:54106831-mod	1	1
chr19:54106831-unmod	9	13
chr19:54106895-mod	1	1
chr19:54106895-unmod	9	13
chr19:54201217-mod	9	2
chr19:54201217-unmod	159	161
chr19:54201504-mod	6	6
chr19:54201504-unmod	172	168
chr19:54201565-mod	16	8
chr19:54201565-unmod	170	169
chr19:54201588-mod	4	14
chr19:54201588-unmod	177	153
chr19:54207417-mod	79	71
chr19:54207417-unmod	110	111
chr19:55386391-mod	46	36
chr19:55386391-unmod	491	445
chr19:55386426-mod	2	2
chr19:55386426-unmod	476	410
chr19:55386579-mod	44	45
chr19:55386579-unmod	510	451
chr19:55386613-mod	90	79
chr19:55386613-unmod	341	302
chr19:55386629-mod	5	3
chr19:55386629-unmod	470	429
chr19:55387961-mod	9	6
chr19:55387961-unmod	475	426
chr19:55388005-mod	7	4
chr19:55388005-unmod	510	431
chr19:55388022-mod	34	9
chr19:55388022-unmod	542	498
chr19:55388308-mod	11	13
chr19:55388308-unmod	497	435
chr19:55644666-mod	2	1
chr19:55644666-unmod	8	10
chr19:55645197-mod	10	7
chr19:55645197-unmod	1	5
chr19:55645215-mod	1	3
chr19:55645215-unmod	10	7
chr19:55645434-mod	5	3
chr19:55645434-unmod	5	8
chr19:55645551-mod	6	2
chr19:55645551-unmod	5	8
chr19:55645589-mod	10	10
chr19:55645589-unmod	1	2
chr19:55695534-mod	1	1
chr19:55695534-unmod	9	11
chr19:5678477-mod	1	2
chr19:5678477-unmod	15	20
chr19:5678498-mod	3	1
chr19:5678498-unmod	14	22
chr19:5690558-mod	12	5
chr19:5690558-unmod	188	240
chr19:5691324-mod	3	7
chr19:5691324-unmod	190	223
chr19:5691329-mod	4	4
chr19:5691329-unmod	224	262
chr19:5691616-mod	16	33
chr19:5691616-unmod	202	214
chr19:5691653-mod	31	38
chr19:5691653-unmod	136	169
chr19:572614-mod	8	1
chr19:572614-unmod	57	57
chr19:580383-mod	9	9
chr19:580383-unmod	98	87
chr19:580679-mod	15	18
chr19:580679-unmod	90	78
chr19:580744-mod	26	18
chr19:580744-unmod	72	74
chr19:580768-mod	12	13
chr19:580768-unmod	90	85
chr19:580777-mod	5	7
chr19:580777-unmod	90	79
chr19:581387-mod	27	29
chr19:581387-unmod	76	60
chr19:581393-mod	37	25
chr19:581393-unmod	81	79
chr19:582566-mod	28	18
chr19:582566-unmod	117	98
chr19:583220-mod	6	3
chr19:583220-unmod	134	105
chr19:583238-mod	62	53
chr19:583238-unmod	77	51
chr19:583345-mod	21	13
chr19:583345-unmod	117	95
chr19:583363-mod	10	14
chr19:583363-unmod	123	91
chr19:583371-mod	20	15
chr19:583371-unmod	121	97
chr19:583441-mod	12	9
chr19:583441-unmod	119	87
chr19:58387312-mod	10	11
chr19:58387312-unmod	374	422
chr19:58388140-mod	15	16
chr19:58388140-unmod	387	427
chr19:58388152-mod	3	3
chr19:58388152-unmod	375	434
chr19:58388176-mod	13	13
chr19:58388176-unmod	402	441
chr19:58388183-mod	30	29
chr19:58388183-unmod	383	423
chr19:58388231-mod	3	5
chr19:58388231-unmod	403	438
chr19:58393087-mod	4	13
chr19:58393087-unmod	459	513
chr19:58393131-mod	22	16
chr19:58393131-unmod	409	461
chr19:58393359-mod	27	28
chr19:58393359-unmod	359	405
chr19:58393410-mod	38	56
chr19:58393410-unmod	441	477
chr19:58393436-mod	139	125
chr19:58393436-unmod	337	387
chr19:58393482-mod	64	56
chr19:58393482-unmod	412	461
chr19:58394542-mod	57	56
chr19:58394542-unmod	425	465
chr19:58394550-mod	3	2
chr19:58394550-unmod	370	374
chr19:58394691-mod	118	125
chr19:58394691-unmod	355	380
chr19:58545532-mod	1	3
chr19:58545532-unmod	9	10
chr19:58545875-mod	1	1
chr19:58545875-unmod	9	9
chr19:58547625-mod	1	3
chr19:58547625-unmod	9	10
chr19:58548039-mod	2	4
chr19:58548039-unmod	8	9
chr19:58548372-mod	2	2
chr19:58548372-unmod	9	23
chr19:58549124-mod	7	10
chr19:58549124-unmod	15	19
chr19:58549183-mod	4	3
chr19:58549183-unmod	19	26
chr19:58549198-mod	4	1
chr19:58549198-unmod	18	29
chr19:58549616-mod	8	8
chr19:58549616-unmod	21	21
chr19:58549774-mod	4	2
chr19:58549774-unmod	24	32
chr19:58549986-mod	3	4
chr19:58549986-unmod	25	29
chr19:58550173-mod	2	2
chr19:58550173-unmod	32	36
chr19:58550278-mod	11	9
chr19:58550278-unmod	26	32
chr19:58550377-mod	1	3
chr19:58550377-unmod	29	31
chr19:58550449-mod	4	3
chr19:58550449-unmod	35	40
chr19:58550631-mod	2	2
chr19:58550631-unmod	37	36
chr19:58556212-mod	3	2
chr19:58556212-unmod	24	20
chr19:58556349-mod	1	1
chr19:58556349-unmod	24	20
chr19:5894723-mod	1	5
chr19:5894723-unmod	29	37
chr19:5896467-mod	2	2
chr19:5896467-unmod	19	42
chr19:5896499-mod	8	10
chr19:5896499-unmod	23	40
chr19:6368818-mod	1	1
chr19:6368818-unmod	10	9
chr19:6372829-mod	2	3
chr19:6372829-unmod	9	7
chr19:6372972-mod	2	3
chr19:6372972-unmod	10	7
chr19:6374553-mod	1	1
chr19:6374553-unmod	11	10
chr19:6374827-mod	2	1
chr19:6374827-unmod	10	9
chr19:7682490-mod	1	3
chr19:7682490-unmod	17	19
chr19:7682560-mod	2	2
chr19:7682560-unmod	9	8
chr19:7682653-mod	4	2
chr19:7682653-unmod	16	17
chr19:7682819-mod	3	1
chr19:7682819-unmod	12	18
chr19:808719-mod	1	3
chr19:808719-unmod	10	10
chr19:811010-mod	2	2
chr19:811010-unmod	12	14
chr19:811029-mod	7	9
chr19:811029-unmod	7	8
chr19:811210-mod	4	1
chr19:811210-unmod	19	17
chr19:811484-mod	1	1
chr19:811484-unmod	11	10
chr19:811537-mod	2	2
chr19:811537-unmod	24	17
chr19:811649-mod	3	2
chr19:811649-unmod	26	19
chr19:811826-mod	1	1
chr19:811826-unmod	27	18
chr19:811901-mod	1	1
chr19:811901-unmod	32	19
chr19:812080-mod	6	5
chr19:812080-unmod	27	16
chr19:812145-mod	6	2
chr19:812145-unmod	26	19
chr19:812195-mod	3	1
chr19:812195-unmod	31	21
chr19:812217-mod	1	2
chr19:812217-unmod	12	10
chr19:8311504-mod	3	2
chr19:8311504-unmod	21	11
chr19:8311560-mod	1	3
chr19:8311560-unmod	23	10
chr19:8316643-mod	4	2
chr19:8316643-unmod	19	10
chr19:8321320-mod	1	1
chr19:8321320-unmod	21	10
chr19:8321534-mod	3	6
chr19:8321534-unmod	165	414
chr19:8321676-mod	17	33
chr19:8321676-unmod	167	415
chr19:8321690-mod	2	6
chr19:8321690-unmod	174	401
chr19:8322353-mod	16	43
chr19:8322353-unmod	167	388
chr19:8371501-mod	2	1
chr19:8371501-unmod	11	9
chr19:9828611-mod	3	2
chr19:9828611-unmod	32	33
chr19:9828637-mod	1	1
chr19:9828637-unmod	32	37
chr19:9828853-mod	2	4
chr19:9828853-unmod	31	28
chr19:9828871-mod	1	3
chr19:9828871-unmod	31	24
chr19:9829985-mod	4	2
chr19:9829985-unmod	32	34
chr19:9830087-mod	1	1
chr19:9830087-unmod	29	32
chr19:985912-mod	3	1
chr19:985912-unmod	9	15
chr19:989864-mod	1	2
chr19:989864-unmod	10	17
chr19:990350-mod	1	2
chr19:990350-unmod	20	27
chr19:990924-mod	2	5
chr19:990924-unmod	11	26
chr19:991228-mod	5	7
chr19:991228-unmod	23	32
chr19:991236-mod	3	3
chr19:991236-unmod	24	36
chr19:994041-mod	1	3
chr19:994041-unmod	26	32
chr19:994231-mod	7	4
chr19:994231-unmod	21	30
chr19:994297-mod	1	2
chr19:994297-unmod	32	41
chr19:994439-mod	21	29
chr19:994439-unmod	11	15
chr19:994481-mod	9	10
chr19:994481-unmod	23	26
chr19_GL949750v2_alt:182399-mod	6	8
chr19_GL949750v2_alt:182399-unmod	7	13
chr19_GL949751v2_alt:176208-mod	1	1
chr19_GL949751v2_alt:176208-unmod	22	25
chr19_GL949751v2_alt:176547-mod	5	1
chr19_GL949751v2_alt:176547-unmod	21	16
chr19_GL949751v2_alt:182399-mod	13	16
chr19_GL949751v2_alt:182399-unmod	16	14
chr19_GL949752v1_alt:176476-mod	2	2
chr19_GL949752v1_alt:176476-unmod	42	40
chr19_GL949752v1_alt:176537-mod	2	8
chr19_GL949752v1_alt:176537-unmod	41	35
chr19_GL949752v1_alt:176560-mod	2	4
chr19_GL949752v1_alt:176560-unmod	41	38
chr19_GL949752v1_alt:182388-mod	17	26
chr19_GL949752v1_alt:182388-unmod	31	22
chr19_KI270938v1_alt:182399-mod	2	6
chr19_KI270938v1_alt:182399-unmod	10	20
chr1:10419417-mod	3	5
chr1:10419417-unmod	12	6
chr1:10419869-mod	6	3
chr1:10419869-unmod	10	9
chr1:109214035-mod	2	2
chr1:109214035-unmod	10	9
chr1:109224001-mod	1	2
chr1:109224001-unmod	14	12
chr1:109228409-mod	1	1
chr1:109228409-unmod	13	14
chr1:109229516-mod	1	1
chr1:109229516-unmod	13	15
chr1:109231650-mod	1	1
chr1:109231650-unmod	15	15
chr1:109235393-mod	4	1
chr1:109235393-unmod	30	16
chr1:109235981-mod	3	1
chr1:109235981-unmod	31	20
chr1:109236423-mod	4	2
chr1:109236423-unmod	43	21
chr1:109237731-mod	6	7
chr1:109237731-unmod	44	31
chr1:109237740-mod	2	3
chr1:109237740-unmod	38	33
chr1:109237865-mod	6	3
chr1:109237865-unmod	52	37
chr1:109237888-mod	19	9
chr1:109237888-unmod	38	26
chr1:109237997-mod	8	16
chr1:109237997-unmod	35	18
chr1:109238017-mod	4	4
chr1:109238017-unmod	38	28
chr1:109238068-mod	9	6
chr1:109238068-unmod	48	28
chr1:109238082-mod	22	15
chr1:109238082-unmod	34	22
chr1:11054705-mod	11	5
chr1:11054705-unmod	10	6
chr1:11054833-mod	10	4
chr1:11054833-unmod	17	11
chr1:11055076-mod	7	3
chr1:11055076-unmod	22	10
chr1:11056046-mod	2	2
chr1:11056046-unmod	22	8
chr1:11056620-mod	9	3
chr1:11056620-unmod	18	10
chr1:111454229-mod	1	2
chr1:111454229-unmod	9	14
chr1:111454303-mod	1	2
chr1:111454303-unmod	19	14
chr1:111454343-mod	1	3
chr1:111454343-unmod	21	13
chr1:111456102-mod	5	5
chr1:111456102-unmod	18	12
chr1:111456239-mod	1	1
chr1:111456239-unmod	20	15
chr1:111459556-mod	2	1
chr1:111459556-unmod	20	16
chr1:111461254-mod	3	4
chr1:111461254-unmod	20	12
chr1:111461316-mod	1	1
chr1:111461316-unmod	9	10
chr1:112701225-mod	2	3
chr1:112701225-unmod	26	22
chr1:112701299-mod	2	1
chr1:112701299-unmod	25	22
chr1:112701413-mod	7	10
chr1:112701413-unmod	21	15
chr1:112701675-mod	6	5
chr1:112701675-unmod	26	21
chr1:112702611-mod	2	4
chr1:112702611-unmod	27	21
chr1:112703099-mod	3	2
chr1:112703099-unmod	17	19
chr1:114717352-mod	2	1
chr1:114717352-unmod	23	11
chr1:114717495-mod	1	3
chr1:114717495-unmod	23	11
chr1:116390339-mod	1	3
chr1:116390339-unmod	9	9
chr1:116393546-mod	2	2
chr1:116393546-unmod	8	9
chr1:116395137-mod	3	2
chr1:116395137-unmod	9	13
chr1:116396727-mod	5	2
chr1:116396727-unmod	19	12
chr1:116397933-mod	1	1
chr1:116397933-unmod	11	13
chr1:116397990-mod	8	1
chr1:116397990-unmod	16	10
chr1:116398638-mod	4	2
chr1:116398638-unmod	23	14
chr1:116398773-mod	2	4
chr1:116398773-unmod	30	22
chr1:116399045-mod	7	2
chr1:116399045-unmod	27	12
chr1:116399067-mod	3	2
chr1:116399067-unmod	32	26
chr1:116399472-mod	13	8
chr1:116399472-unmod	18	10
chr1:116400953-mod	10	8
chr1:116400953-unmod	30	22
chr1:116401225-mod	3	2
chr1:116401225-unmod	40	29
chr1:116401587-mod	11	6
chr1:116401587-unmod	23	12
chr1:116404535-mod	16	10
chr1:116404535-unmod	30	22
chr1:116404702-mod	2	5
chr1:116404702-unmod	36	27
chr1:116404714-mod	7	6
chr1:116404714-unmod	39	24
chr1:11648463-mod	6	2
chr1:11648463-unmod	41	20
chr1:11648468-mod	23	13
chr1:11648468-unmod	18	8
chr1:11648627-mod	2	2
chr1:11648627-unmod	48	21
chr1:119723374-mod	7	16
chr1:119723374-unmod	3	2
chr1:119723389-mod	1	2
chr1:119723389-unmod	11	16
chr1:119723408-mod	4	9
chr1:119723408-unmod	7	11
chr1:119735348-mod	5	15
chr1:119735348-unmod	6	9
chr1:119740496-mod	1	2
chr1:119740496-unmod	10	22
chr1:119741790-mod	4	6
chr1:119741790-unmod	7	17
chr1:119741853-mod	2	5
chr1:119741853-unmod	12	21
chr1:119743017-mod	1	2
chr1:119743017-unmod	10	19
chr1:119743926-mod	2	1
chr1:119743926-unmod	9	25
chr1:119744013-mod	5	11
chr1:119744013-unmod	9	15
chr1:11975175-mod	10	8
chr1:11975175-unmod	1	3
chr1:11975234-mod	5	5
chr1:11975234-unmod	6	5
chr1:11975261-mod	4	3
chr1:11975261-unmod	6	8
chr1:11975503-mod	4	1
chr1:11975503-unmod	8	9
chr1:1216960-mod	2	4
chr1:1216960-unmod	10	7
chr1:1217082-mod	2	1
chr1:1217082-unmod	12	11
chr1:1217109-mod	9	2
chr1:1217109-unmod	6	12
chr1:1217178-mod	8	4
chr1:1217178-unmod	5	9
chr1:1217542-mod	9	4
chr1:1217542-unmod	4	7
chr1:1217608-mod	4	2
chr1:1217608-unmod	11	9
chr1:1217614-mod	2	2
chr1:1217614-unmod	13	8
chr1:150574601-mod	1	2
chr1:150574601-unmod	10	13
chr1:150574784-mod	2	1
chr1:150574784-unmod	9	15
chr1:150574795-mod	5	3
chr1:150574795-unmod	16	12
chr1:150574948-mod	4	3
chr1:150574948-unmod	6	12
chr1:150965500-mod	2	1
chr1:150965500-unmod	8	9
chr1:151399616-mod	4	4
chr1:151399616-unmod	25	28
chr1:151399643-mod	4	4
chr1:151399643-unmod	29	34
chr1:151400048-mod	7	1
chr1:151400048-unmod	32	40
chr1:151400505-mod	1	2
chr1:151400505-unmod	41	44
chr1:151400539-mod	8	14
chr1:151400539-unmod	41	37
chr1:151400551-mod	2	4
chr1:151400551-unmod	39	36
chr1:151401850-mod	18	17
chr1:151401850-unmod	37	37
chr1:151401878-mod	14	14
chr1:151401878-unmod	39	37
chr1:151401899-mod	6	9
chr1:151401899-unmod	50	40
chr1:151983014-mod	3	5
chr1:151983014-unmod	274	317
chr1:151983025-mod	12	16
chr1:151983025-unmod	356	397
chr1:151983054-mod	34	47
chr1:151983054-unmod	330	359
chr1:151983202-mod	17	29
chr1:151983202-unmod	301	329
chr1:151983277-mod	13	21
chr1:151983277-unmod	316	349
chr1:151983283-mod	22	29
chr1:151983283-unmod	287	340
chr1:151983298-mod	4	8
chr1:151983298-unmod	267	305
chr1:151983313-mod	1	1
chr1:151983313-unmod	301	360
chr1:151986141-mod	34	34
chr1:151986141-unmod	295	335
chr1:151986212-mod	24	37
chr1:151986212-unmod	235	281
chr1:151986240-mod	10	9
chr1:151986240-unmod	274	341
chr1:152032511-mod	2	1
chr1:152032511-unmod	100	77
chr1:152032636-mod	5	3
chr1:152032636-unmod	311	235
chr1:152032658-mod	16	13
chr1:152032658-unmod	287	229
chr1:152032666-mod	10	3
chr1:152032666-unmod	266	203
chr1:152032701-mod	25	15
chr1:152032701-unmod	275	220
chr1:152032776-mod	19	15
chr1:152032776-unmod	289	220
chr1:152032781-mod	17	14
chr1:152032781-unmod	300	228
chr1:152032797-mod	9	9
chr1:152032797-unmod	309	228
chr1:152032812-mod	14	12
chr1:152032812-unmod	307	237
chr1:152032821-mod	17	13
chr1:152032821-unmod	242	198
chr1:152033665-mod	25	20
chr1:152033665-unmod	310	230
chr1:152033711-mod	15	5
chr1:152033711-unmod	323	251
chr1:152036988-mod	1	1
chr1:152036988-unmod	74	45
chr1:153534673-mod	9	7
chr1:153534673-unmod	2216	1985
chr1:153534762-mod	309	258
chr1:153534762-unmod	2011	1807
chr1:153534774-mod	81	74
chr1:153534774-unmod	2147	1914
chr1:153534780-mod	44	30
chr1:153534780-unmod	2040	1834
chr1:153534786-mod	114	92
chr1:153534786-unmod	2120	1882
chr1:153534792-mod	25	18
chr1:153534792-unmod	2252	1981
chr1:153535197-mod	27	22
chr1:153535197-unmod	7	10
chr1:153535265-mod	222	169
chr1:153535265-unmod	1748	1544
chr1:153535944-mod	13	13
chr1:153535944-unmod	1	5
chr1:153536005-mod	13	8
chr1:153536005-unmod	81	70
chr1:153561244-mod	1	4
chr1:153561244-unmod	14	23
chr1:153561361-mod	3	7
chr1:153561361-unmod	161	229
chr1:153561394-mod	60	78
chr1:153561394-unmod	134	231
chr1:153561424-mod	12	27
chr1:153561424-unmod	204	314
chr1:153561431-mod	52	68
chr1:153561431-unmod	162	280
chr1:153561448-mod	2	1
chr1:153561448-unmod	201	325
chr1:153561469-mod	12	15
chr1:153561469-unmod	183	290
chr1:153561520-mod	26	41
chr1:153561520-unmod	158	243
chr1:153561532-mod	12	11
chr1:153561532-unmod	200	327
chr1:153561538-mod	2	5
chr1:153561538-unmod	200	317
chr1:153563471-mod	3	4
chr1:153563471-unmod	27	17
chr1:153563524-mod	8	5
chr1:153563524-unmod	22	16
chr1:153563766-mod	18	17
chr1:153563766-unmod	205	339
chr1:153607039-mod	18	3
chr1:153607039-unmod	27	14
chr1:153607091-mod	12	6
chr1:153607091-unmod	137	120
chr1:153607185-mod	4	4
chr1:153607185-unmod	144	129
chr1:153607277-mod	21	4
chr1:153607277-unmod	107	99
chr1:153607393-mod	62	57
chr1:153607393-unmod	82	69
chr1:153607404-mod	4	6
chr1:153607404-unmod	105	100
chr1:153607415-mod	1	5
chr1:153607415-unmod	126	105
chr1:153607530-mod	4	7
chr1:153607530-unmod	114	105
chr1:153607604-mod	9	7
chr1:153607604-unmod	111	99
chr1:153607651-mod	24	12
chr1:153607651-unmod	110	101
chr1:153607681-mod	7	5
chr1:153607681-unmod	116	102
chr1:153607690-mod	1	2
chr1:153607690-unmod	96	79
chr1:153608011-mod	12	7
chr1:153608011-unmod	113	96
chr1:153608098-mod	1	2
chr1:153608098-unmod	124	102
chr1:153608143-mod	3	1
chr1:153608143-unmod	96	94
chr1:153612963-mod	5	1
chr1:153612963-unmod	107	100
chr1:153613070-mod	2	1
chr1:153613070-unmod	48	36
chr1:153614334-mod	12	12
chr1:153614334-unmod	136	168
chr1:153614349-mod	5	2
chr1:153614349-unmod	167	200
chr1:153614417-mod	8	7
chr1:153614417-unmod	149	178
chr1:153614508-mod	6	18
chr1:153614508-unmod	146	157
chr1:153614597-mod	6	5
chr1:153614597-unmod	164	182
chr1:153614671-mod	37	46
chr1:153614671-unmod	128	144
chr1:153614825-mod	14	9
chr1:153614825-unmod	161	183
chr1:153614845-mod	37	39
chr1:153614845-unmod	110	125
chr1:153614881-mod	37	38
chr1:153614881-unmod	125	154
chr1:153614965-mod	40	45
chr1:153614965-unmod	139	163
chr1:153614972-mod	15	13
chr1:153614972-unmod	155	186
chr1:153615268-mod	21	15
chr1:153615268-unmod	119	160
chr1:153615287-mod	3	1
chr1:153615287-unmod	165	198
chr1:153615328-mod	8	9
chr1:153615328-unmod	169	190
chr1:153615852-mod	18	19
chr1:153615852-unmod	138	153
chr1:153615871-mod	6	3
chr1:153615871-unmod	145	182
chr1:153615876-mod	6	11
chr1:153615876-unmod	113	131
chr1:153615890-mod	58	57
chr1:153615890-unmod	117	154
chr1:153615898-mod	23	31
chr1:153615898-unmod	135	160
chr1:153974632-mod	1	1
chr1:153974632-unmod	10	9
chr1:153990794-mod	18	37
chr1:153990794-unmod	102	363
chr1:153991161-mod	4	7
chr1:153991161-unmod	163	454
chr1:153992121-mod	2	6
chr1:153992121-unmod	130	366
chr1:153992134-mod	4	5
chr1:153992134-unmod	109	329
chr1:1541705-mod	2	1
chr1:1541705-unmod	22	12
chr1:1541948-mod	3	5
chr1:1541948-unmod	7	7
chr1:154206761-mod	4	5
chr1:154206761-unmod	8	12
chr1:154206949-mod	3	3
chr1:154206949-unmod	11	22
chr1:154206991-mod	8	6
chr1:154206991-unmod	6	21
chr1:154207044-mod	5	3
chr1:154207044-unmod	8	24
chr1:154207243-mod	1	2
chr1:154207243-unmod	11	24
chr1:154207255-mod	3	3
chr1:154207255-unmod	8	13
chr1:154207370-mod	2	5
chr1:154207370-unmod	10	22
chr1:154207439-mod	6	15
chr1:154207439-unmod	6	10
chr1:154962325-mod	2	4
chr1:154962325-unmod	77	54
chr1:154962562-mod	2	3
chr1:154962562-unmod	76	53
chr1:154962583-mod	18	7
chr1:154962583-unmod	81	55
chr1:154962592-mod	29	25
chr1:154962592-unmod	52	34
chr1:154962625-mod	3	3
chr1:154962625-unmod	88	58
chr1:154962652-mod	20	12
chr1:154962652-unmod	79	55
chr1:154962709-mod	4	3
chr1:154962709-unmod	80	50
chr1:154962793-mod	3	2
chr1:154962793-unmod	65	38
chr1:154962839-mod	20	20
chr1:154962839-unmod	54	32
chr1:154962885-mod	2	1
chr1:154962885-unmod	81	60
chr1:154962930-mod	7	2
chr1:154962930-unmod	76	57
chr1:154962957-mod	8	5
chr1:154962957-unmod	69	54
chr1:154963133-mod	5	6
chr1:154963133-unmod	58	48
chr1:154963271-mod	8	6
chr1:154963271-unmod	55	44
chr1:154963319-mod	6	2
chr1:154963319-unmod	52	54
chr1:154963330-mod	2	2
chr1:154963330-unmod	63	54
chr1:154963363-mod	4	5
chr1:154963363-unmod	57	40
chr1:154963377-mod	3	2
chr1:154963377-unmod	72	57
chr1:154963470-mod	10	7
chr1:154963470-unmod	57	50
chr1:154963484-mod	25	9
chr1:154963484-unmod	36	35
chr1:154963676-mod	48	43
chr1:154963676-unmod	18	9
chr1:154963734-mod	14	14
chr1:154963734-unmod	41	28
chr1:154963743-mod	3	1
chr1:154963743-unmod	62	52
chr1:154963808-mod	2	4
chr1:154963808-unmod	59	50
chr1:154963838-mod	32	20
chr1:154963838-unmod	30	29
chr1:154963872-mod	9	5
chr1:154963872-unmod	23	10
chr1:154963924-mod	10	8
chr1:154963924-unmod	48	45
chr1:154965645-mod	4	1
chr1:154965645-unmod	45	45
chr1:154965959-mod	14	9
chr1:154965959-unmod	38	33
chr1:154966034-mod	4	7
chr1:154966034-unmod	43	37
chr1:154966222-mod	2	2
chr1:154966222-unmod	31	35
chr1:154966429-mod	13	13
chr1:154966429-unmod	23	23
chr1:154966445-mod	5	1
chr1:154966445-unmod	35	38
chr1:154966463-mod	5	1
chr1:154966463-unmod	34	46
chr1:154967690-mod	2	2
chr1:154967690-unmod	34	40
chr1:154967700-mod	9	4
chr1:154967700-unmod	30	40
chr1:154970055-mod	3	2
chr1:154970055-unmod	22	33
chr1:154970123-mod	1	2
chr1:154970123-unmod	26	33
chr1:154970162-mod	3	6
chr1:154970162-unmod	26	27
chr1:154970191-mod	1	6
chr1:154970191-unmod	26	27
chr1:154970197-mod	2	5
chr1:154970197-unmod	23	28
chr1:154970224-mod	2	3
chr1:154970224-unmod	14	17
chr1:154970643-mod	3	2
chr1:154970643-unmod	8	12
chr1:154970652-mod	3	4
chr1:154970652-unmod	18	12
chr1:155059953-mod	3	5
chr1:155059953-unmod	8	11
chr1:155060325-mod	4	1
chr1:155060325-unmod	22	16
chr1:155060795-mod	5	3
chr1:155060795-unmod	22	12
chr1:155062534-mod	3	2
chr1:155062534-unmod	8	15
chr1:155062582-mod	2	3
chr1:155062582-unmod	23	14
chr1:155062598-mod	4	1
chr1:155062598-unmod	23	17
chr1:155062615-mod	5	2
chr1:155062615-unmod	24	15
chr1:155169439-mod	2	2
chr1:155169439-unmod	48	38
chr1:155169443-mod	2	1
chr1:155169443-unmod	41	35
chr1:155173241-mod	5	2
chr1:155173241-unmod	37	32
chr1:156009130-mod	17	28
chr1:156009130-unmod	6	14
chr1:156009195-mod	1	1
chr1:156009195-unmod	19	29
chr1:156009203-mod	12	28
chr1:156009203-unmod	10	17
chr1:156009376-mod	5	11
chr1:156009376-unmod	14	32
chr1:156009467-mod	1	6
chr1:156009467-unmod	20	39
chr1:156009543-mod	3	1
chr1:156009543-unmod	18	40
chr1:156009564-mod	3	4
chr1:156009564-unmod	20	33
chr1:156009622-mod	1	1
chr1:156009622-unmod	20	37
chr1:156009645-mod	4	4
chr1:156009645-unmod	18	41
chr1:156011863-mod	1	1
chr1:156011863-unmod	20	35
chr1:156018281-mod	1	1
chr1:156018281-unmod	19	39
chr1:156018349-mod	1	9
chr1:156018349-unmod	19	33
chr1:156020046-mod	1	5
chr1:156020046-unmod	19	37
chr1:156134905-mod	4	3
chr1:156134905-unmod	6	9
chr1:156135958-mod	1	1
chr1:156135958-unmod	10	28
chr1:156136977-mod	5	6
chr1:156136977-unmod	5	17
chr1:156137176-mod	1	7
chr1:156137176-unmod	12	27
chr1:156137194-mod	1	4
chr1:156137194-unmod	13	28
chr1:156137686-mod	3	13
chr1:156137686-unmod	8	30
chr1:156137723-mod	2	4
chr1:156137723-unmod	10	28
chr1:156742154-mod	5	3
chr1:156742154-unmod	40	30
chr1:156742183-mod	7	1
chr1:156742183-unmod	34	18
chr1:156742300-mod	3	2
chr1:156742300-unmod	38	16
chr1:156742755-mod	1	1
chr1:156742755-unmod	16	18
chr1:156742897-mod	1	1
chr1:156742897-unmod	12	13
chr1:15784955-mod	6	3
chr1:15784955-unmod	22	7
chr1:15785991-mod	1	1
chr1:15785991-unmod	10	11
chr1:15786321-mod	2	1
chr1:15786321-unmod	11	12
chr1:15786383-mod	3	4
chr1:15786383-unmod	12	10
chr1:15786486-mod	2	1
chr1:15786486-unmod	9	13
chr1:159918295-mod	21	17
chr1:159918295-unmod	69	119
chr1:159918351-mod	17	16
chr1:159918351-unmod	82	143
chr1:159918401-mod	17	20
chr1:159918401-unmod	41	76
chr1:159918554-mod	2	5
chr1:159918554-unmod	61	107
chr1:159918582-mod	2	2
chr1:159918582-unmod	62	103
chr1:159918587-mod	13	11
chr1:159918587-unmod	76	131
chr1:159918727-mod	3	3
chr1:159918727-unmod	64	90
chr1:159918831-mod	4	11
chr1:159918831-unmod	63	103
chr1:159918917-mod	18	20
chr1:159918917-unmod	53	99
chr1:159919369-mod	4	5
chr1:159919369-unmod	53	88
chr1:159919671-mod	2	2
chr1:159919671-unmod	46	57
chr1:159919689-mod	2	5
chr1:159919689-unmod	52	71
chr1:159920348-mod	15	17
chr1:159920348-unmod	46	66
chr1:159920357-mod	11	5
chr1:159920357-unmod	48	75
chr1:159920494-mod	4	1
chr1:159920494-unmod	36	65
chr1:165649886-mod	2	5
chr1:165649886-unmod	21	42
chr1:165651083-mod	2	6
chr1:165651083-unmod	22	42
chr1:165655524-mod	1	1
chr1:165655524-unmod	23	42
chr1:167541058-mod	9	10
chr1:167541058-unmod	25	17
chr1:167541121-mod	5	5
chr1:167541121-unmod	33	36
chr1:167541126-mod	16	21
chr1:167541126-unmod	20	18
chr1:167541138-mod	4	8
chr1:167541138-unmod	33	29
chr1:167541305-mod	6	6
chr1:167541305-unmod	31	35
chr1:167541468-mod	2	1
chr1:167541468-unmod	26	27
chr1:167541549-mod	5	7
chr1:167541549-unmod	26	25
chr1:167541649-mod	1	1
chr1:167541649-unmod	30	31
chr1:167541689-mod	10	7
chr1:167541689-unmod	22	22
chr1:167541781-mod	2	3
chr1:167541781-unmod	22	23
chr1:167542127-mod	1	1
chr1:167542127-unmod	33	29
chr1:167542291-mod	2	1
chr1:167542291-unmod	36	34
chr1:167546131-mod	11	11
chr1:167546131-unmod	20	25
chr1:167546144-mod	1	4
chr1:167546144-unmod	18	22
chr1:167546157-mod	6	9
chr1:167546157-unmod	32	24
chr1:167548006-mod	5	4
chr1:167548006-unmod	31	27
chr1:167548012-mod	4	5
chr1:167548012-unmod	34	26
chr1:167553625-mod	11	7
chr1:167553625-unmod	22	21
chr1:17022665-mod	3	3
chr1:17022665-unmod	7	15
chr1:173477488-mod	3	2
chr1:173477488-unmod	64	71
chr1:173481354-mod	2	2
chr1:173481354-unmod	65	56
chr1:173481450-mod	1	4
chr1:173481450-unmod	77	72
chr1:173481462-mod	2	4
chr1:173481462-unmod	81	79
chr1:173485495-mod	16	19
chr1:173485495-unmod	72	68
chr1:173486321-mod	10	14
chr1:173486321-unmod	79	76
chr1:173486362-mod	2	1
chr1:173486362-unmod	77	79
chr1:173487787-mod	9	6
chr1:173487787-unmod	79	81
chr1:173487938-mod	5	6
chr1:173487938-unmod	82	77
chr1:173863972-mod	1	3
chr1:173863972-unmod	118	94
chr1:173864017-mod	1	1
chr1:173864017-unmod	116	93
chr1:173864702-mod	10	14
chr1:173864702-unmod	89	69
chr1:173865263-mod	11	10
chr1:173865263-unmod	109	86
chr1:173865502-mod	1	2
chr1:173865502-unmod	67	51
chr1:173865518-mod	5	1
chr1:173865518-unmod	101	80
chr1:173865873-mod	2	3
chr1:173865873-unmod	95	85
chr1:173866547-mod	1	1
chr1:173866547-unmod	115	92
chr1:1785330-mod	4	5
chr1:1785330-unmod	26	28
chr1:1785504-mod	1	1
chr1:1785504-unmod	28	31
chr1:1785515-mod	1	1
chr1:1785515-unmod	25	32
chr1:1785596-mod	1	1
chr1:1785596-unmod	28	30
chr1:1785984-mod	1	2
chr1:1785984-unmod	10	15
chr1:1786944-mod	14	7
chr1:1786944-unmod	20	16
chr1:1787034-mod	1	3
chr1:1787034-unmod	35	21
chr1:1787334-mod	5	4
chr1:1787334-unmod	29	21
chr1:1787392-mod	7	5
chr1:1787392-unmod	26	19
chr1:1789181-mod	3	2
chr1:1789181-unmod	19	14
chr1:1789195-mod	1	1
chr1:1789195-unmod	31	23
chr1:1790410-mod	3	2
chr1:1790410-unmod	25	17
chr1:1790502-mod	1	3
chr1:1790502-unmod	29	18
chr1:1804425-mod	3	2
chr1:1804425-unmod	27	17
chr1:1815810-mod	1	1
chr1:1815810-unmod	21	15
chr1:182382932-mod	5	5
chr1:182382932-unmod	7	15
chr1:182383182-mod	2	1
chr1:182383182-unmod	11	27
chr1:182383720-mod	1	1
chr1:182383720-unmod	11	25
chr1:182383865-mod	2	9
chr1:182383865-unmod	9	15
chr1:182384318-mod	2	6
chr1:182384318-unmod	12	27
chr1:182384625-mod	1	2
chr1:182384625-unmod	9	31
chr1:183235617-mod	1	1
chr1:183235617-unmod	26	9
chr1:183236493-mod	3	2
chr1:183236493-unmod	27	8
chr1:183237451-mod	3	1
chr1:183237451-unmod	45	14
chr1:183239381-mod	5	1
chr1:183239381-unmod	54	14
chr1:183239456-mod	6	2
chr1:183239456-unmod	58	23
chr1:183239559-mod	38	20
chr1:183239559-unmod	61	24
chr1:183240055-mod	36	22
chr1:183240055-unmod	86	47
chr1:183240072-mod	11	3
chr1:183240072-unmod	113	72
chr1:183240104-mod	30	11
chr1:183240104-unmod	104	68
chr1:183240172-mod	4	1
chr1:183240172-unmod	145	87
chr1:183243332-mod	41	18
chr1:183243332-unmod	159	85
chr1:183243341-mod	28	19
chr1:183243341-unmod	175	85
chr1:183243350-mod	51	16
chr1:183243350-unmod	142	83
chr1:183243487-mod	22	14
chr1:183243487-unmod	188	90
chr1:183243495-mod	15	5
chr1:183243495-unmod	202	104
chr1:183243526-mod	15	3
chr1:183243526-unmod	85	34
chr1:183243531-mod	20	8
chr1:183243531-unmod	183	86
chr1:183243645-mod	34	12
chr1:183243645-unmod	166	84
chr1:183243659-mod	89	56
chr1:183243659-unmod	115	47
chr1:183243672-mod	6	4
chr1:183243672-unmod	184	87
chr1:183243676-mod	12	6
chr1:183243676-unmod	213	102
chr1:183243732-mod	33	20
chr1:183243732-unmod	152	70
chr1:183243777-mod	23	25
chr1:183243777-unmod	204	81
chr1:183243790-mod	17	8
chr1:183243790-unmod	227	108
chr1:183243796-mod	49	26
chr1:183243796-unmod	179	82
chr1:183243832-mod	18	6
chr1:183243832-unmod	191	96
chr1:183243942-mod	98	43
chr1:183243942-unmod	168	79
chr1:183243992-mod	30	28
chr1:183243992-unmod	217	84
chr1:183244056-mod	36	23
chr1:183244056-unmod	174	75
chr1:183244067-mod	12	4
chr1:183244067-unmod	252	119
chr1:183244258-mod	118	49
chr1:183244258-unmod	111	55
chr1:183244474-mod	11	2
chr1:183244474-unmod	250	115
chr1:183244526-mod	12	1
chr1:183244526-unmod	230	101
chr1:183244553-mod	10	5
chr1:183244553-unmod	153	73
chr1:183244561-mod	2	3
chr1:183244561-unmod	95	36
chr1:183244628-mod	26	13
chr1:183244628-unmod	96	38
chr1:183244754-mod	28	10
chr1:183244754-unmod	79	32
chr1:183244795-mod	4	2
chr1:183244795-unmod	114	44
chr1:183244825-mod	3	1
chr1:183244825-unmod	116	46
chr1:183244888-mod	10	2
chr1:183244888-unmod	88	40
chr1:183626312-mod	1	1
chr1:183626312-unmod	9	11
chr1:183626324-mod	3	3
chr1:183626324-unmod	7	9
chr1:19304001-mod	1	1
chr1:19304001-unmod	9	23
chr1:19307089-mod	1	3
chr1:19307089-unmod	9	19
chr1:19307344-mod	1	4
chr1:19307344-unmod	9	15
chr1:19311914-mod	4	12
chr1:19311914-unmod	7	9
chr1:19339114-mod	3	4
chr1:19339114-unmod	23	27
chr1:19339142-mod	10	8
chr1:19339142-unmod	23	30
chr1:19339146-mod	11	12
chr1:19339146-unmod	18	22
chr1:19339293-mod	1	1
chr1:19339293-unmod	11	19
chr1:19345226-mod	5	4
chr1:19345226-unmod	22	31
chr1:19345236-mod	1	1
chr1:19345236-unmod	26	35
chr1:19356659-mod	4	8
chr1:19356659-unmod	19	28
chr1:19385513-mod	3	3
chr1:19385513-unmod	19	31
chr1:19658093-mod	3	3
chr1:19658093-unmod	31	17
chr1:19658103-mod	3	2
chr1:19658103-unmod	34	9
chr1:19658127-mod	16	6
chr1:19658127-unmod	23	15
chr1:19658137-mod	18	3
chr1:19658137-unmod	15	7
chr1:201331873-mod	1	4
chr1:201331873-unmod	10	18
chr1:201332176-mod	3	1
chr1:201332176-unmod	9	23
chr1:201332302-mod	3	3
chr1:201332302-unmod	21	22
chr1:201332338-mod	1	1
chr1:201332338-unmod	13	26
chr1:201332356-mod	2	2
chr1:201332356-unmod	21	23
chr1:201332412-mod	1	5
chr1:201332412-unmod	12	18
chr1:201332442-mod	1	3
chr1:201332442-unmod	23	23
chr1:201332597-mod	5	8
chr1:201332597-unmod	22	19
chr1:201332603-mod	6	7
chr1:201332603-unmod	19	17
chr1:201332680-mod	1	2
chr1:201332680-unmod	23	26
chr1:201332698-mod	1	8
chr1:201332698-unmod	26	21
chr1:201332718-mod	1	2
chr1:201332718-unmod	25	28
chr1:201332768-mod	13	16
chr1:201332768-unmod	12	10
chr1:201332781-mod	1	8
chr1:201332781-unmod	21	21
chr1:201332787-mod	5	4
chr1:201332787-unmod	22	22
chr1:201465661-mod	3	4
chr1:201465661-unmod	22	40
chr1:201465737-mod	21	36
chr1:201465737-unmod	6	8
chr1:201465890-mod	19	24
chr1:201465890-unmod	3	11
chr1:201465998-mod	8	15
chr1:201465998-unmod	4	18
chr1:201466007-mod	14	12
chr1:201466007-unmod	12	26
chr1:201468422-mod	1	3
chr1:201468422-unmod	11	23
chr1:201468449-mod	1	4
chr1:201468449-unmod	10	21
chr1:201468466-mod	1	4
chr1:201468466-unmod	9	24
chr1:201483727-mod	1	2
chr1:201483727-unmod	9	9
chr1:203865059-mod	4	5
chr1:203865059-unmod	18	5
chr1:20652868-mod	1	1
chr1:20652868-unmod	12	26
chr1:20653633-mod	6	3
chr1:20653633-unmod	22	22
chr1:20653664-mod	3	1
chr1:20653664-unmod	19	24
chr1:20653763-mod	1	1
chr1:20653763-unmod	29	26
chr1:20654348-mod	3	1
chr1:20654348-unmod	18	27
chr1:20655505-mod	10	8
chr1:20655505-unmod	11	18
chr1:209428937-mod	1	1
chr1:209428937-unmod	64	9
chr1:209429217-mod	19	7
chr1:209429217-unmod	66	19
chr1:209429336-mod	22	8
chr1:209429336-unmod	51	15
chr1:209429389-mod	41	11
chr1:209429389-unmod	48	17
chr1:209430424-mod	5	1
chr1:209430424-unmod	56	24
chr1:209431786-mod	8	1
chr1:209431786-unmod	75	26
chr1:209432337-mod	3	1
chr1:209432337-unmod	87	27
chr1:209432343-mod	27	14
chr1:209432343-unmod	63	16
chr1:209432357-mod	20	7
chr1:209432357-unmod	52	18
chr1:209432460-mod	11	4
chr1:209432460-unmod	64	19
chr1:209432513-mod	4	1
chr1:209432513-unmod	88	29
chr1:209614946-mod	76	40
chr1:209614946-unmod	431	209
chr1:209614959-mod	65	33
chr1:209614959-unmod	470	217
chr1:209615037-mod	23	11
chr1:209615037-unmod	551	262
chr1:209615069-mod	20	14
chr1:209615069-unmod	491	233
chr1:209615073-mod	7	2
chr1:209615073-unmod	544	265
chr1:209615086-mod	229	136
chr1:209615086-unmod	171	63
chr1:209615148-mod	43	31
chr1:209615148-unmod	447	218
chr1:209615177-mod	139	73
chr1:209615177-unmod	420	195
chr1:209615313-mod	9	5
chr1:209615313-unmod	508	257
chr1:209615342-mod	202	118
chr1:209615342-unmod	224	105
chr1:209615352-mod	8	5
chr1:209615352-unmod	405	201
chr1:209616481-mod	4	2
chr1:209616481-unmod	458	241
chr1:209616497-mod	2	2
chr1:209616497-unmod	436	241
chr1:209616524-mod	5	5
chr1:209616524-unmod	429	220
chr1:209616583-mod	22	9
chr1:209616583-unmod	353	190
chr1:209617524-mod	11	8
chr1:209617524-unmod	183	107
chr1:209617540-mod	19	8
chr1:209617540-unmod	157	95
chr1:209617549-mod	11	13
chr1:209617549-unmod	162	85
chr1:209617919-mod	7	3
chr1:209617919-unmod	138	77
chr1:209617961-mod	19	13
chr1:209617961-unmod	134	78
chr1:209617986-mod	10	9
chr1:209617986-unmod	147	83
chr1:209618000-mod	21	12
chr1:209618000-unmod	128	74
chr1:209618496-mod	4	4
chr1:209618496-unmod	125	79
chr1:209618506-mod	3	2
chr1:209618506-unmod	137	84
chr1:209618523-mod	3	5
chr1:209618523-unmod	132	85
chr1:209618589-mod	2	1
chr1:209618589-unmod	119	87
chr1:209618658-mod	3	2
chr1:209618658-unmod	118	72
chr1:209622546-mod	3	7
chr1:209622546-unmod	95	58
chr1:209622992-mod	3	3
chr1:209622992-unmod	89	60
chr1:209623521-mod	6	8
chr1:209623521-unmod	90	51
chr1:209623526-mod	10	13
chr1:209623526-unmod	49	36
chr1:209623631-mod	13	6
chr1:209623631-unmod	85	54
chr1:209623643-mod	4	2
chr1:209623643-unmod	83	53
chr1:209623995-mod	19	15
chr1:209623995-unmod	71	44
chr1:209625773-mod	9	5
chr1:209625773-unmod	74	54
chr1:209625820-mod	5	2
chr1:209625820-unmod	68	54
chr1:209625851-mod	3	5
chr1:209625851-unmod	54	41
chr1:209625929-mod	3	2
chr1:209625929-unmod	67	52
chr1:209625945-mod	1	5
chr1:209625945-unmod	56	37
chr1:209626002-mod	3	4
chr1:209626002-unmod	64	46
chr1:209626019-mod	21	25
chr1:209626019-unmod	45	28
chr1:209626896-mod	11	10
chr1:209626896-unmod	49	38
chr1:209626901-mod	2	1
chr1:209626901-unmod	53	49
chr1:209627430-mod	13	14
chr1:209627430-unmod	47	38
chr1:209627479-mod	3	2
chr1:209627479-unmod	59	46
chr1:209627545-mod	2	2
chr1:209627545-unmod	52	43
chr1:209627572-mod	6	5
chr1:209627572-unmod	51	36
chr1:209628065-mod	4	4
chr1:209628065-unmod	52	39
chr1:209628090-mod	5	6
chr1:209628090-unmod	56	41
chr1:209628136-mod	6	4
chr1:209628136-unmod	49	38
chr1:209628144-mod	8	5
chr1:209628144-unmod	52	37
chr1:209629745-mod	2	5
chr1:209629745-unmod	54	37
chr1:209629774-mod	11	3
chr1:209629774-unmod	37	35
chr1:209629807-mod	19	11
chr1:209629807-unmod	37	30
chr1:209629825-mod	5	6
chr1:209629825-unmod	40	26
chr1:209629837-mod	7	2
chr1:209629837-unmod	48	39
chr1:209634586-mod	1	1
chr1:209634586-unmod	36	29
chr1:209637974-mod	6	5
chr1:209637974-unmod	32	24
chr1:209638622-mod	10	7
chr1:209638622-unmod	21	23
chr1:209649986-mod	4	1
chr1:209649986-unmod	25	14
chr1:209649998-mod	4	1
chr1:209649998-unmod	23	15
chr1:209650002-mod	4	2
chr1:209650002-unmod	27	14
chr1:209650034-mod	3	4
chr1:209650034-unmod	27	21
chr1:209650051-mod	2	1
chr1:209650051-unmod	26	11
chr1:209650938-mod	3	2
chr1:209650938-unmod	30	25
chr1:209652379-mod	5	6
chr1:209652379-unmod	21	16
chr1:209675816-mod	31	19
chr1:209675816-unmod	78	37
chr1:209675856-mod	2	1
chr1:209675856-unmod	111	46
chr1:209675946-mod	24	9
chr1:209675946-unmod	77	28
chr1:209675998-mod	78	38
chr1:209675998-unmod	68	36
chr1:209676008-mod	1	2
chr1:209676008-unmod	142	67
chr1:209676037-mod	3	1
chr1:209676037-unmod	142	72
chr1:209676043-mod	31	20
chr1:209676043-unmod	107	52
chr1:209676047-mod	16	4
chr1:209676047-unmod	86	36
chr1:209676067-mod	16	9
chr1:209676067-unmod	99	53
chr1:209676095-mod	13	8
chr1:209676095-unmod	135	63
chr1:209676139-mod	16	10
chr1:209676139-unmod	4	1
chr1:209676162-mod	4	3
chr1:209676162-unmod	116	60
chr1:209676171-mod	67	29
chr1:209676171-unmod	52	23
chr1:209676175-mod	26	11
chr1:209676175-unmod	81	27
chr1:209676245-mod	6	3
chr1:209676245-unmod	96	40
chr1:209676346-mod	18	9
chr1:209676346-unmod	75	49
chr1:209676375-mod	3	1
chr1:209676375-unmod	60	31
chr1:212444383-mod	2	6
chr1:212444383-unmod	22	28
chr1:212444437-mod	2	1
chr1:212444437-unmod	22	34
chr1:212445849-mod	5	5
chr1:212445849-unmod	21	34
chr1:212445956-mod	6	8
chr1:212445956-unmod	15	26
chr1:212445971-mod	1	2
chr1:212445971-unmod	19	27
chr1:212446077-mod	1	3
chr1:212446077-unmod	22	32
chr1:223750955-mod	1	1
chr1:223750955-unmod	9	12
chr1:223752947-mod	2	1
chr1:223752947-unmod	9	16
chr1:223755479-mod	2	3
chr1:223755479-unmod	9	14
chr1:223759421-mod	3	2
chr1:223759421-unmod	17	13
chr1:223770471-mod	1	1
chr1:223770471-unmod	25	24
chr1:223774864-mod	2	2
chr1:223774864-unmod	28	28
chr1:223774908-mod	5	6
chr1:223774908-unmod	23	23
chr1:223774942-mod	3	6
chr1:223774942-unmod	18	16
chr1:223774959-mod	2	1
chr1:223774959-unmod	26	29
chr1:223775090-mod	1	4
chr1:223775090-unmod	19	17
chr1:223775348-mod	1	1
chr1:223775348-unmod	36	35
chr1:223775561-mod	6	8
chr1:223775561-unmod	39	43
chr1:223775612-mod	6	6
chr1:223775612-unmod	34	26
chr1:223775639-mod	2	3
chr1:223775639-unmod	45	48
chr1:223775648-mod	18	12
chr1:223775648-unmod	25	27
chr1:223775688-mod	2	3
chr1:223775688-unmod	42	47
chr1:223775716-mod	5	7
chr1:223775716-unmod	37	27
chr1:224375817-mod	1	1
chr1:224375817-unmod	12	17
chr1:224375882-mod	3	1
chr1:224375882-unmod	11	16
chr1:224375903-mod	1	2
chr1:224375903-unmod	12	15
chr1:224375909-mod	1	3
chr1:224375909-unmod	10	12
chr1:226065706-mod	13	18
chr1:226065706-unmod	29	26
chr1:226065759-mod	4	8
chr1:226065759-unmod	34	37
chr1:226071387-mod	2	1
chr1:226071387-unmod	36	47
chr1:226071438-mod	2	2
chr1:226071438-unmod	38	44
chr1:226071629-mod	4	3
chr1:226071629-unmod	36	45
chr1:226071733-mod	7	2
chr1:226071733-unmod	36	43
chr1:226071792-mod	2	2
chr1:226071792-unmod	24	26
chr1:228097121-mod	2	1
chr1:228097121-unmod	25	27
chr1:228097243-mod	2	1
chr1:228097243-unmod	34	43
chr1:228097371-mod	6	8
chr1:228097371-unmod	28	32
chr1:228097443-mod	8	11
chr1:228097443-unmod	28	37
chr1:228097608-mod	2	1
chr1:228097608-unmod	33	39
chr1:228097852-mod	9	8
chr1:228097852-unmod	25	29
chr1:228097921-mod	11	19
chr1:228097921-unmod	32	34
chr1:228097973-mod	13	10
chr1:228097973-unmod	25	38
chr1:228097978-mod	12	16
chr1:228097978-unmod	29	37
chr1:228098002-mod	2	1
chr1:228098002-unmod	44	47
chr1:228098408-mod	1	1
chr1:228098408-unmod	60	67
chr1:228098450-mod	5	4
chr1:228098450-unmod	55	65
chr1:228098458-mod	23	27
chr1:228098458-unmod	38	46
chr1:228098542-mod	7	10
chr1:228098542-unmod	62	66
chr1:228098567-mod	1	3
chr1:228098567-unmod	67	72
chr1:228098987-mod	2	2
chr1:228098987-unmod	74	76
chr1:228099066-mod	29	22
chr1:228099066-unmod	54	62
chr1:228146037-mod	2	1
chr1:228146037-unmod	37	36
chr1:228146877-mod	1	4
chr1:228146877-unmod	38	32
chr1:228147437-mod	9	8
chr1:228147437-unmod	29	27
chr1:228147461-mod	3	2
chr1:228147461-unmod	16	17
chr1:228148685-mod	3	3
chr1:228148685-unmod	37	32
chr1:228148736-mod	5	6
chr1:228148736-unmod	34	30
chr1:228148838-mod	3	3
chr1:228148838-unmod	32	34
chr1:228148851-mod	3	4
chr1:228148851-unmod	37	35
chr1:228148903-mod	3	2
chr1:228148903-unmod	23	17
chr1:228148914-mod	3	1
chr1:228148914-unmod	31	30
chr1:228148930-mod	6	6
chr1:228148930-unmod	28	28
chr1:228487847-mod	1	1
chr1:228487847-unmod	10	12
chr1:228494092-mod	8	4
chr1:228494092-unmod	18	10
chr1:228494100-mod	6	8
chr1:228494100-unmod	25	12
chr1:228494225-mod	10	5
chr1:228494225-unmod	19	15
chr1:228494353-mod	10	12
chr1:228494353-unmod	24	19
chr1:228494381-mod	5	2
chr1:228494381-unmod	33	31
chr1:228494807-mod	1	1
chr1:228494807-unmod	39	32
chr1:235113790-mod	3	3
chr1:235113790-unmod	27	45
chr1:235119891-mod	2	5
chr1:235119891-unmod	24	36
chr1:235128608-mod	2	5
chr1:235128608-unmod	24	36
chr1:235128623-mod	5	4
chr1:235128623-unmod	24	41
chr1:23692630-mod	13	13
chr1:23692630-unmod	334	300
chr1:23692643-mod	83	76
chr1:23692643-unmod	282	252
chr1:23692658-mod	7	8
chr1:23692658-unmod	372	320
chr1:23692693-mod	5	3
chr1:23692693-unmod	335	315
chr1:23692697-mod	2	2
chr1:23692697-unmod	332	300
chr1:23694684-mod	1	2
chr1:23694684-unmod	394	357
chr1:23694705-mod	16	19
chr1:23694705-unmod	371	332
chr1:23694727-mod	27	27
chr1:23694727-unmod	382	345
chr1:23694753-mod	22	22
chr1:23694753-unmod	359	328
chr1:23694780-mod	18	18
chr1:23694780-unmod	383	343
chr1:23695842-mod	20	19
chr1:23695842-unmod	377	347
chr1:23695862-mod	15	11
chr1:23695862-unmod	384	348
chr1:23795884-mod	2	3
chr1:23795884-unmod	8	10
chr1:26280788-mod	7	5
chr1:26280788-unmod	168	152
chr1:26280831-mod	3	1
chr1:26280831-unmod	175	147
chr1:26280843-mod	9	12
chr1:26280843-unmod	163	133
chr1:26280918-mod	12	12
chr1:26280918-unmod	158	125
chr1:26281058-mod	10	11
chr1:26281058-unmod	191	156
chr1:26281086-mod	16	5
chr1:26281086-unmod	196	171
chr1:26281091-mod	6	4
chr1:26281091-unmod	211	173
chr1:26281152-mod	13	15
chr1:26281152-unmod	195	159
chr1:26281196-mod	23	27
chr1:26281196-unmod	188	149
chr1:26281204-mod	12	9
chr1:26281204-unmod	184	146
chr1:26281483-mod	7	9
chr1:26281483-unmod	200	169
chr1:26472540-mod	5	10
chr1:26472540-unmod	60	53
chr1:26473701-mod	6	2
chr1:26473701-unmod	70	70
chr1:26475167-mod	2	3
chr1:26475167-unmod	86	77
chr1:26475184-mod	34	25
chr1:26475184-unmod	48	49
chr1:26475286-mod	16	9
chr1:26475286-unmod	72	72
chr1:26475364-mod	1	1
chr1:26475364-unmod	87	77
chr1:26475390-mod	3	4
chr1:26475390-unmod	90	86
chr1:26475425-mod	13	7
chr1:26475425-unmod	77	87
chr1:26475523-mod	3	3
chr1:26475523-unmod	67	66
chr1:26475528-mod	4	6
chr1:26475528-unmod	97	92
chr1:26475544-mod	2	3
chr1:26475544-unmod	83	84
chr1:26475561-mod	2	8
chr1:26475561-unmod	86	73
chr1:26475600-mod	24	23
chr1:26475600-unmod	72	77
chr1:26475775-mod	4	2
chr1:26475775-unmod	99	110
chr1:26475804-mod	3	1
chr1:26475804-unmod	96	89
chr1:26863479-mod	1	5
chr1:26863479-unmod	42	53
chr1:26863522-mod	4	2
chr1:26863522-unmod	47	33
chr1:26863588-mod	2	2
chr1:26863588-unmod	55	58
chr1:26863645-mod	3	8
chr1:26863645-unmod	45	42
chr1:26863678-mod	7	8
chr1:26863678-unmod	39	38
chr1:26863735-mod	26	33
chr1:26863735-unmod	38	31
chr1:26863843-mod	10	19
chr1:26863843-unmod	57	43
chr1:26863855-mod	3	8
chr1:26863855-unmod	59	64
chr1:26863893-mod	2	1
chr1:26863893-unmod	69	70
chr1:26864089-mod	50	38
chr1:26864089-unmod	21	24
chr1:26864211-mod	7	7
chr1:26864211-unmod	73	58
chr1:26864302-mod	18	23
chr1:26864302-unmod	66	60
chr1:26864307-mod	35	31
chr1:26864307-unmod	38	34
chr1:26864418-mod	11	8
chr1:26864418-unmod	68	67
chr1:26864450-mod	13	8
chr1:26864450-unmod	23	20
chr1:28237872-mod	1	3
chr1:28237872-unmod	11	7
chr1:31424848-mod	6	6
chr1:31424848-unmod	59	89
chr1:31425859-mod	5	20
chr1:31425859-unmod	67	79
chr1:31429397-mod	11	16
chr1:31429397-unmod	60	83
chr1:31432995-mod	29	46
chr1:31432995-unmod	54	81
chr1:31434097-mod	2	7
chr1:31434097-unmod	91	121
chr1:31434154-mod	6	7
chr1:31434154-unmod	71	111
chr1:31434258-mod	28	36
chr1:31434258-unmod	46	62
chr1:31434326-mod	9	17
chr1:31434326-unmod	87	108
chr1:31434536-mod	18	19
chr1:31434536-unmod	91	133
chr1:31434600-mod	11	14
chr1:31434600-unmod	93	139
chr1:31434618-mod	24	43
chr1:31434618-unmod	74	106
chr1:31434644-mod	1	4
chr1:31434644-unmod	99	144
chr1:31434658-mod	1	2
chr1:31434658-unmod	62	72
chr1:31587163-mod	7	15
chr1:31587163-unmod	6	28
chr1:31587261-mod	3	8
chr1:31587261-unmod	10	30
chr1:31587454-mod	1	2
chr1:31587454-unmod	11	40
chr1:32222601-mod	1	1
chr1:32222601-unmod	43	37
chr1:32222625-mod	4	7
chr1:32222625-unmod	39	35
chr1:32224118-mod	2	5
chr1:32224118-unmod	49	36
chr1:32224412-mod	2	3
chr1:32224412-unmod	44	39
chr1:32224463-mod	11	14
chr1:32224463-unmod	36	29
chr1:32226193-mod	3	2
chr1:32226193-unmod	47	47
chr1:32226224-mod	1	2
chr1:32226224-unmod	54	50
chr1:32226438-mod	2	2
chr1:32226438-unmod	54	46
chr1:32226466-mod	3	2
chr1:32226466-unmod	53	50
chr1:32228565-mod	2	1
chr1:32228565-unmod	51	56
chr1:32228570-mod	3	1
chr1:32228570-unmod	49	52
chr1:32228582-mod	7	1
chr1:32228582-unmod	48	58
chr1:32228595-mod	3	7
chr1:32228595-unmod	47	46
chr1:32228733-mod	8	5
chr1:32228733-unmod	45	46
chr1:32228749-mod	9	10
chr1:32228749-unmod	46	47
chr1:32228768-mod	1	2
chr1:32228768-unmod	40	49
chr1:32231300-mod	2	3
chr1:32231300-unmod	44	49
chr1:32231411-mod	7	11
chr1:32231411-unmod	43	41
chr1:32231481-mod	3	3
chr1:32231481-unmod	58	60
chr1:32231556-mod	17	21
chr1:32231556-unmod	45	44
chr1:32774539-mod	4	2
chr1:32774539-unmod	7	8
chr1:32774605-mod	2	2
chr1:32774605-unmod	21	10
chr1:32774647-mod	5	3
chr1:32774647-unmod	7	9
chr1:32775552-mod	2	3
chr1:32775552-unmod	12	10
chr1:32775585-mod	5	2
chr1:32775585-unmod	8	12
chr1:32775695-mod	3	3
chr1:32775695-unmod	25	11
chr1:32775846-mod	2	2
chr1:32775846-unmod	13	8
chr1:32775865-mod	18	11
chr1:32775865-unmod	8	1
chr1:32775990-mod	2	1
chr1:32775990-unmod	21	10
chr1:34785285-mod	8	7
chr1:34785285-unmod	2	3
chr1:34785522-mod	1	1
chr1:34785522-unmod	10	10
chr1:34785574-mod	2	3
chr1:34785574-unmod	10	7
chr1:34785728-mod	2	8
chr1:34785728-unmod	11	3
chr1:34785791-mod	3	5
chr1:34785791-unmod	11	6
chr1:34785916-mod	3	1
chr1:34785916-unmod	15	12
chr1:34786121-mod	4	2
chr1:34786121-unmod	31	13
chr1:34786126-mod	1	3
chr1:34786126-unmod	17	12
chr1:34786293-mod	11	5
chr1:34786293-unmod	20	9
chr1:34786316-mod	2	3
chr1:34786316-unmod	13	11
chr1:35603235-mod	2	3
chr1:35603235-unmod	18	10
chr1:35605256-mod	6	4
chr1:35605256-unmod	15	9
chr1:35609278-mod	1	1
chr1:35609278-unmod	9	10
chr1:35609391-mod	7	1
chr1:35609391-unmod	14	10
chr1:35631289-mod	1	1
chr1:35631289-unmod	9	10
chr1:37809096-mod	2	1
chr1:37809096-unmod	15	13
chr1:37809127-mod	14	11
chr1:37809127-unmod	4	13
chr1:37809134-mod	6	1
chr1:37809134-unmod	12	22
chr1:39028778-mod	1	1
chr1:39028778-unmod	29	58
chr1:39028795-mod	7	20
chr1:39028795-unmod	23	40
chr1:39034496-mod	5	17
chr1:39034496-unmod	26	39
chr1:39560918-mod	3	1
chr1:39560918-unmod	37	19
chr1:39562373-mod	2	1
chr1:39562373-unmod	30	14
chr1:39563719-mod	1	2
chr1:39563719-unmod	27	13
chr1:39563856-mod	4	1
chr1:39563856-unmod	25	15
chr1:39563891-mod	2	4
chr1:39563891-unmod	23	10
chr1:42682716-mod	1	1
chr1:42682716-unmod	56	43
chr1:42683419-mod	2	2
chr1:42683419-unmod	68	53
chr1:42693494-mod	4	3
chr1:42693494-unmod	69	53
chr1:42696198-mod	6	5
chr1:42696198-unmod	60	43
chr1:42696255-mod	2	4
chr1:42696255-unmod	87	62
chr1:42697186-mod	1	2
chr1:42697186-unmod	113	78
chr1:42700798-mod	1	3
chr1:42700798-unmod	115	76
chr1:42700850-mod	1	1
chr1:42700850-unmod	127	91
chr1:42700920-mod	4	1
chr1:42700920-unmod	133	96
chr1:42702029-mod	23	7
chr1:42702029-unmod	134	94
chr1:42702091-mod	39	19
chr1:42702091-unmod	130	85
chr1:42702255-mod	12	5
chr1:42702255-unmod	155	99
chr1:42926182-mod	1	1
chr1:42926182-unmod	57	40
chr1:42926229-mod	5	6
chr1:42926229-unmod	42	38
chr1:42926252-mod	4	3
chr1:42926252-unmod	79	56
chr1:42926320-mod	4	4
chr1:42926320-unmod	86	65
chr1:42926618-mod	32	28
chr1:42926618-unmod	45	34
chr1:42926625-mod	37	36
chr1:42926625-unmod	43	18
chr1:42926638-mod	27	23
chr1:42926638-unmod	28	19
chr1:42926653-mod	19	16
chr1:42926653-unmod	48	36
chr1:42926691-mod	10	11
chr1:42926691-unmod	68	50
chr1:42926707-mod	7	5
chr1:42926707-unmod	64	54
chr1:42926825-mod	6	7
chr1:42926825-unmod	49	44
chr1:42926847-mod	36	25
chr1:42926847-unmod	31	23
chr1:42926880-mod	45	26
chr1:42926880-unmod	6	3
chr1:42926951-mod	1	1
chr1:42926951-unmod	50	33
chr1:42926964-mod	43	36
chr1:42926964-unmod	22	13
chr1:42927087-mod	1	2
chr1:42927087-unmod	59	49
chr1:42927092-mod	7	4
chr1:42927092-unmod	63	46
chr1:42927144-mod	1	1
chr1:42927144-unmod	49	36
chr1:42927156-mod	2	1
chr1:42927156-unmod	66	47
chr1:42927645-mod	1	1
chr1:42927645-unmod	56	48
chr1:42927703-mod	8	16
chr1:42927703-unmod	52	35
chr1:42928951-mod	1	2
chr1:42928951-unmod	53	46
chr1:42929002-mod	3	2
chr1:42929002-unmod	49	43
chr1:42929740-mod	6	3
chr1:42929740-unmod	35	41
chr1:42929747-mod	1	4
chr1:42929747-unmod	46	36
chr1:42929886-mod	3	3
chr1:42929886-unmod	43	40
chr1:42930000-mod	5	2
chr1:42930000-unmod	38	39
chr1:42930021-mod	2	1
chr1:42930021-unmod	41	41
chr1:42930799-mod	1	5
chr1:42930799-unmod	37	26
chr1:42930842-mod	10	5
chr1:42930842-unmod	28	27
chr1:42931181-mod	1	1
chr1:42931181-unmod	36	28
chr1:43622052-mod	1	2
chr1:43622052-unmod	9	10
chr1:43622179-mod	4	1
chr1:43622179-unmod	6	11
chr1:43622503-mod	3	1
chr1:43622503-unmod	9	11
chr1:43622508-mod	1	1
chr1:43622508-unmod	12	12
chr1:43622778-mod	1	1
chr1:43622778-unmod	12	13
chr1:43623300-mod	2	1
chr1:43623300-unmod	28	23
chr1:43623308-mod	10	14
chr1:43623308-unmod	17	17
chr1:43976812-mod	1	2
chr1:43976812-unmod	12	29
chr1:43978002-mod	1	1
chr1:43978002-unmod	11	34
chr1:43978203-mod	2	6
chr1:43978203-unmod	11	27
chr1:44776045-mod	9	11
chr1:44776045-unmod	283	279
chr1:44777684-mod	3	4
chr1:44777684-unmod	375	367
chr1:44777999-mod	52	38
chr1:44777999-unmod	355	353
chr1:44778597-mod	10	8
chr1:44778597-unmod	337	327
chr1:45511237-mod	2	4
chr1:45511237-unmod	33	72
chr1:45511244-mod	1	1
chr1:45511244-unmod	37	73
chr1:45511282-mod	1	3
chr1:45511282-unmod	51	99
chr1:45514583-mod	7	6
chr1:45514583-unmod	32	64
chr1:45514967-mod	4	4
chr1:45514967-unmod	41	77
chr1:45515773-mod	3	12
chr1:45515773-unmod	25	56
chr1:45518945-mod	10	22
chr1:45518945-unmod	27	54
chr1:45521831-mod	2	5
chr1:45521831-unmod	35	68
chr1:46279499-mod	2	2
chr1:46279499-unmod	20	9
chr1:46280267-mod	1	1
chr1:46280267-unmod	9	9
chr1:46303711-mod	3	3
chr1:46303711-unmod	16	7
chr1:46303753-mod	27	10
chr1:46303753-unmod	33	31
chr1:46303771-mod	26	19
chr1:46303771-unmod	24	18
chr1:46310290-mod	4	1
chr1:46310290-unmod	66	48
chr1:46316592-mod	7	8
chr1:46316592-unmod	54	37
chr1:46316677-mod	15	4
chr1:46316677-unmod	51	42
chr1:46316694-mod	1	2
chr1:46316694-unmod	65	44
chr1:52020302-mod	3	3
chr1:52020302-unmod	11	12
chr1:52020319-mod	7	8
chr1:52020319-unmod	6	7
chr1:52020668-mod	1	1
chr1:52020668-unmod	9	13
chr1:52020729-mod	3	1
chr1:52020729-unmod	7	13
chr1:52024567-mod	2	2
chr1:52024567-unmod	8	11
chr1:54032266-mod	1	1
chr1:54032266-unmod	11	12
chr1:54032285-mod	1	1
chr1:54032285-unmod	11	10
chr1:54036715-mod	1	1
chr1:54036715-unmod	9	13
chr1:54043416-mod	1	3
chr1:54043416-unmod	10	9
chr1:54043448-mod	1	3
chr1:54043448-unmod	9	9
chr1:54045706-mod	4	7
chr1:54045706-unmod	7	5
chr1:54047287-mod	4	3
chr1:54047287-unmod	9	15
chr1:54053121-mod	1	1
chr1:54053121-unmod	10	11
chr1:54850167-mod	1	1
chr1:54850167-unmod	11	15
chr1:54850322-mod	3	6
chr1:54850322-unmod	7	12
chr1:58575461-mod	1	1
chr1:58575461-unmod	14	32
chr1:58575581-mod	2	4
chr1:58575581-unmod	14	35
chr1:58575594-mod	3	11
chr1:58575594-unmod	14	23
chr1:58575598-mod	9	24
chr1:58575598-unmod	6	8
chr1:58575668-mod	1	8
chr1:58575668-unmod	15	24
chr1:58575713-mod	2	4
chr1:58575713-unmod	18	35
chr1:58575847-mod	3	7
chr1:58575847-unmod	15	25
chr1:58575871-mod	3	5
chr1:58575871-unmod	15	25
chr1:58575931-mod	6	10
chr1:58575931-unmod	10	16
chr1:6186246-mod	2	1
chr1:6186246-unmod	30	17
chr1:6186356-mod	9	7
chr1:6186356-unmod	25	11
chr1:6186379-mod	5	5
chr1:6186379-unmod	28	14
chr1:6186435-mod	16	5
chr1:6186435-unmod	19	12
chr1:6186445-mod	1	4
chr1:6186445-unmod	34	13
chr1:6186511-mod	1	1
chr1:6186511-unmod	31	15
chr1:6186516-mod	3	3
chr1:6186516-unmod	32	17
chr1:6186576-mod	3	2
chr1:6186576-unmod	27	18
chr1:6186620-mod	8	1
chr1:6186620-unmod	70	65
chr1:6186628-mod	2	1
chr1:6186628-unmod	126	107
chr1:6186765-mod	54	52
chr1:6186765-unmod	101	64
chr1:6192954-mod	10	6
chr1:6192954-unmod	153	121
chr1:6192987-mod	5	2
chr1:6192987-unmod	156	126
chr1:6193007-mod	50	42
chr1:6193007-unmod	96	77
chr1:6318571-mod	4	10
chr1:6318571-unmod	9	10
chr1:6327324-mod	1	1
chr1:6327324-unmod	10	19
chr1:6333553-mod	2	1
chr1:6333553-unmod	10	17
chr1:6339443-mod	1	1
chr1:6339443-unmod	11	17
chr1:6349816-mod	2	3
chr1:6349816-unmod	8	14
chr1:63638796-mod	2	2
chr1:63638796-unmod	8	19
chr1:63648522-mod	3	5
chr1:63648522-unmod	8	17
chr1:63648544-mod	3	4
chr1:63648544-unmod	7	18
chr1:63651718-mod	3	1
chr1:63651718-unmod	18	21
chr1:63654458-mod	1	4
chr1:63654458-unmod	21	20
chr1:63659783-mod	11	10
chr1:63659783-unmod	10	13
chr1:63659867-mod	12	11
chr1:63659867-unmod	11	9
chr1:68391605-mod	5	7
chr1:68391605-unmod	48	16
chr1:68391638-mod	6	3
chr1:68391638-unmod	50	21
chr1:68391682-mod	5	3
chr1:68391682-unmod	52	21
chr1:68391689-mod	1	3
chr1:68391689-unmod	55	19
chr1:68391726-mod	7	4
chr1:68391726-unmod	51	21
chr1:68391792-mod	3	4
chr1:68391792-unmod	54	19
chr1:68391829-mod	10	4
chr1:68391829-unmod	48	16
chr1:68391891-mod	5	3
chr1:68391891-unmod	50	17
chr1:68391904-mod	8	2
chr1:68391904-unmod	40	15
chr1:7985062-mod	13	9
chr1:7985062-unmod	12	17
chr1:84501903-mod	4	3
chr1:84501903-unmod	46	37
chr1:84506025-mod	8	10
chr1:84506025-unmod	40	34
chr1:8861011-mod	5	13
chr1:8861011-unmod	56	70
chr1:8861206-mod	52	85
chr1:8861206-unmod	225	276
chr1:8861315-mod	1	3
chr1:8861315-unmod	270	348
chr1:8861375-mod	4	1
chr1:8861375-unmod	271	363
chr1:8861384-mod	40	74
chr1:8861384-unmod	266	317
chr1:8863262-mod	29	22
chr1:8863262-unmod	225	316
chr1:8863284-mod	3	7
chr1:8863284-unmod	244	335
chr1:8863906-mod	7	12
chr1:8863906-unmod	238	341
chr1:8863990-mod	9	20
chr1:8863990-unmod	219	311
chr1:8864058-mod	10	10
chr1:8864058-unmod	221	332
chr1:8864067-mod	8	6
chr1:8864067-unmod	231	351
chr1:8865292-mod	10	28
chr1:8865292-unmod	190	264
chr1:8865316-mod	9	13
chr1:8865316-unmod	207	291
chr1:8865328-mod	32	24
chr1:8865328-unmod	144	229
chr1:8865352-mod	16	22
chr1:8865352-unmod	212	293
chr1:8865370-mod	10	19
chr1:8865370-unmod	202	279
chr1:8865376-mod	4	12
chr1:8865376-unmod	207	299
chr1:8865464-mod	4	17
chr1:8865464-unmod	196	266
chr1:8866415-mod	1	2
chr1:8866415-unmod	197	262
chr1:8867153-mod	17	23
chr1:8867153-unmod	164	212
chr1:8867999-mod	3	2
chr1:8867999-unmod	154	206
chr1:8868021-mod	9	9
chr1:8868021-unmod	168	238
chr1:8868025-mod	1	1
chr1:8868025-unmod	162	221
chr1:8868039-mod	7	7
chr1:8868039-unmod	173	235
chr1:8868054-mod	12	5
chr1:8868054-unmod	152	226
chr1:8870477-mod	4	2
chr1:8870477-unmod	164	227
chr1:8871908-mod	8	9
chr1:8871908-unmod	163	228
chr1:8871919-mod	6	4
chr1:8871919-unmod	147	220
chr1:8874870-mod	12	12
chr1:8874870-unmod	149	222
chr1:8878591-mod	1	2
chr1:8878591-unmod	137	175
chr1:92833552-mod	14	15
chr1:92833552-unmod	171	176
chr1:92833636-mod	18	9
chr1:92833636-unmod	171	187
chr1:92834834-mod	87	95
chr1:92834834-unmod	99	100
chr1:92834865-mod	2	2
chr1:92834865-unmod	179	185
chr1:92836240-mod	30	32
chr1:92836240-unmod	166	162
chr1:92836321-mod	37	35
chr1:92836321-unmod	161	176
chr1:92837613-mod	12	3
chr1:92837613-unmod	206	214
chr1:92837621-mod	2	6
chr1:92837621-unmod	225	227
chr1:92841770-mod	21	20
chr1:92841770-unmod	197	203
chr1:92841906-mod	6	2
chr1:92841906-unmod	161	176
chr1:92841914-mod	54	43
chr1:92841914-unmod	100	120
chr1:93562019-mod	1	1
chr1:93562019-unmod	9	11
chr1:93562225-mod	1	1
chr1:93562225-unmod	10	12
chr1:93562237-mod	1	1
chr1:93562237-unmod	12	11
chr1:93562293-mod	3	1
chr1:93562293-unmod	9	12
chr1:93562380-mod	1	1
chr1:93562380-unmod	9	9
chr1:93567398-mod	1	1
chr1:93567398-unmod	10	9
chr1:9729217-mod	5	5
chr1:9729217-unmod	30	27
chr1:9729233-mod	5	3
chr1:9729233-unmod	29	18
chr1:9729457-mod	1	1
chr1:9729457-unmod	28	29
chr1:9729583-mod	3	5
chr1:9729583-unmod	26	28
chr1:9729784-mod	5	15
chr1:9729784-unmod	12	16
chr1:9729959-mod	6	20
chr1:9729959-unmod	9	9
chr1:9730021-mod	10	9
chr1:9730021-unmod	15	23
chr1:9730025-mod	6	4
chr1:9730025-unmod	20	18
chr1:9730354-mod	3	9
chr1:9730354-unmod	8	9
chr1:9730469-mod	2	8
chr1:9730469-unmod	9	7
chr20:1118655-mod	2	1
chr20:1118655-unmod	11	11
chr20:1118666-mod	1	2
chr20:1118666-unmod	15	12
chr20:1118897-mod	1	1
chr20:1118897-unmod	17	15
chr20:1125523-mod	5	5
chr20:1125523-unmod	12	11
chr20:1127462-mod	5	2
chr20:1127462-unmod	15	15
chr20:1127498-mod	1	2
chr20:1127498-unmod	18	14
chr20:1135121-mod	2	4
chr20:1135121-unmod	17	13
chr20:1135254-mod	2	6
chr20:1135254-unmod	17	9
chr20:1164400-mod	8	2
chr20:1164400-unmod	13	15
chr20:1164462-mod	3	3
chr20:1164462-unmod	14	11
chr20:1165028-mod	1	3
chr20:1165028-unmod	14	11
chr20:1165411-mod	1	1
chr20:1165411-unmod	11	15
chr20:1165442-mod	2	1
chr20:1165442-unmod	15	16
chr20:1369226-mod	2	2
chr20:1369226-unmod	63	70
chr20:1369258-mod	1	4
chr20:1369258-unmod	53	65
chr20:1369297-mod	4	5
chr20:1369297-unmod	58	92
chr20:1369332-mod	8	13
chr20:1369332-unmod	62	88
chr20:1369358-mod	6	6
chr20:1369358-unmod	41	62
chr20:1369416-mod	3	9
chr20:1369416-unmod	67	93
chr20:1369610-mod	9	14
chr20:1369610-unmod	37	65
chr20:1369888-mod	2	2
chr20:1369888-unmod	44	90
chr20:1369971-mod	10	15
chr20:1369971-unmod	33	70
chr20:1372212-mod	6	10
chr20:1372212-unmod	40	78
chr20:1372216-mod	2	2
chr20:1372216-unmod	42	72
chr20:1375557-mod	1	1
chr20:1375557-unmod	39	89
chr20:1375563-mod	1	1
chr20:1375563-unmod	27	53
chr20:17600783-mod	1	1
chr20:17600783-unmod	82	78
chr20:17600926-mod	19	12
chr20:17600926-unmod	71	74
chr20:17604563-mod	27	27
chr20:17604563-unmod	73	67
chr20:17607064-mod	2	2
chr20:17607064-unmod	70	66
chr20:17607271-mod	1	3
chr20:17607271-unmod	82	78
chr20:17607293-mod	2	2
chr20:17607293-unmod	49	54
chr20:17607788-mod	3	2
chr20:17607788-unmod	58	58
chr20:17607927-mod	5	3
chr20:17607927-unmod	58	57
chr20:17608189-mod	5	7
chr20:17608189-unmod	20	16
chr20:18569275-mod	6	5
chr20:18569275-unmod	16	11
chr20:18569378-mod	15	6
chr20:18569378-unmod	7	8
chr20:18569404-mod	4	2
chr20:18569404-unmod	18	12
chr20:18569431-mod	11	4
chr20:18569431-unmod	9	9
chr20:23633786-mod	4	4
chr20:23633786-unmod	59	71
chr20:23633841-mod	32	42
chr20:23633841-unmod	36	42
chr20:23633947-mod	1	2
chr20:23633947-unmod	68	77
chr20:23635272-mod	2	6
chr20:23635272-unmod	68	73
chr20:23635290-mod	1	1
chr20:23635290-unmod	62	85
chr20:23635321-mod	3	5
chr20:23635321-unmod	77	91
chr20:23635350-mod	7	12
chr20:23635350-unmod	71	83
chr20:23637701-mod	24	16
chr20:23637701-unmod	54	73
chr20:2461646-mod	5	3
chr20:2461646-unmod	28	29
chr20:2461673-mod	3	6
chr20:2461673-unmod	75	73
chr20:2461754-mod	15	7
chr20:2461754-unmod	67	69
chr20:2462689-mod	6	4
chr20:2462689-unmod	80	83
chr20:2463220-mod	5	3
chr20:2463220-unmod	73	75
chr20:2463788-mod	12	7
chr20:2463788-unmod	67	72
chr20:2465722-mod	8	6
chr20:2465722-unmod	73	69
chr20:2465810-mod	17	12
chr20:2465810-unmod	63	60
chr20:2467630-mod	30	17
chr20:2467630-unmod	50	56
chr20:2467657-mod	1	1
chr20:2467657-unmod	70	64
chr20:2470698-mod	2	2
chr20:2470698-unmod	68	68
chr20:24963060-mod	13	9
chr20:24963060-unmod	27	11
chr20:24963134-mod	4	1
chr20:24963134-unmod	28	16
chr20:24963206-mod	9	6
chr20:24963206-unmod	34	14
chr20:24963226-mod	2	1
chr20:24963226-unmod	29	16
chr20:24963288-mod	21	8
chr20:24963288-unmod	21	12
chr20:24963543-mod	2	2
chr20:24963543-unmod	29	15
chr20:24963585-mod	3	4
chr20:24963585-unmod	24	12
chr20:24963833-mod	1	2
chr20:24963833-unmod	26	11
chr20:24963884-mod	4	2
chr20:24963884-unmod	30	15
chr20:24963965-mod	12	7
chr20:24963965-unmod	18	10
chr20:24969033-mod	1	1
chr20:24969033-unmod	27	13
chr20:24970322-mod	2	2
chr20:24970322-unmod	26	12
chr20:24973719-mod	1	1
chr20:24973719-unmod	13	11
chr20:25292603-mod	4	2
chr20:25292603-unmod	10	8
chr20:25294270-mod	1	1
chr20:25294270-unmod	17	14
chr20:25296370-mod	4	3
chr20:25296370-unmod	26	12
chr20:25296403-mod	4	1
chr20:25296403-unmod	31	15
chr20:25296433-mod	3	1
chr20:25296433-unmod	28	13
chr20:25296438-mod	1	1
chr20:25296438-unmod	19	9
chr20:25296517-mod	15	6
chr20:25296517-unmod	18	10
chr20:25296542-mod	1	1
chr20:25296542-unmod	29	15
chr20:25296568-mod	9	5
chr20:25296568-unmod	22	10
chr20:25296834-mod	4	3
chr20:25296834-unmod	34	16
chr20:25297173-mod	7	5
chr20:25297173-unmod	35	14
chr20:25297193-mod	2	1
chr20:25297193-unmod	45	21
chr20:25297254-mod	3	2
chr20:25297254-unmod	25	14
chr20:25297295-mod	1	2
chr20:25297295-unmod	44	17
chr20:25297313-mod	2	1
chr20:25297313-unmod	42	20
chr20:25297425-mod	3	3
chr20:25297425-unmod	39	16
chr20:25297527-mod	8	6
chr20:25297527-unmod	35	26
chr20:25297545-mod	2	5
chr20:25297545-unmod	43	24
chr20:25297566-mod	3	3
chr20:25297566-unmod	36	16
chr20:25297668-mod	4	6
chr20:25297668-unmod	46	30
chr20:25297936-mod	7	5
chr20:25297936-unmod	26	28
chr20:31605643-mod	14	7
chr20:31605643-unmod	95	58
chr20:31605697-mod	4	4
chr20:31605697-unmod	104	62
chr20:31605715-mod	20	8
chr20:31605715-unmod	92	60
chr20:31605735-mod	43	22
chr20:31605735-unmod	59	38
chr20:31606110-mod	16	12
chr20:31606110-unmod	99	56
chr20:31606118-mod	2	1
chr20:31606118-unmod	108	60
chr20:31606197-mod	3	2
chr20:31606197-unmod	117	69
chr20:31606228-mod	12	3
chr20:31606228-unmod	112	68
chr20:31606308-mod	55	20
chr20:31606308-unmod	66	48
chr20:31606358-mod	5	4
chr20:31606358-unmod	85	43
chr20:34078506-mod	4	3
chr20:34078506-unmod	12	8
chr20:34078517-mod	3	1
chr20:34078517-unmod	14	10
chr20:34080177-mod	3	1
chr20:34080177-unmod	14	9
chr20:34280415-mod	4	3
chr20:34280415-unmod	60	85
chr20:34280444-mod	1	3
chr20:34280444-unmod	69	82
chr20:34280455-mod	2	3
chr20:34280455-unmod	74	87
chr20:34280480-mod	8	12
chr20:34280480-unmod	67	80
chr20:34280589-mod	23	22
chr20:34280589-unmod	48	72
chr20:34280626-mod	1	1
chr20:34280626-unmod	46	57
chr20:34280676-mod	16	27
chr20:34280676-unmod	22	24
chr20:34280772-mod	5	8
chr20:34280772-unmod	46	66
chr20:34280847-mod	2	4
chr20:34280847-unmod	49	61
chr20:34281104-mod	15	20
chr20:34281104-unmod	44	54
chr20:34281113-mod	1	2
chr20:34281113-unmod	50	66
chr20:34285629-mod	1	4
chr20:34285629-unmod	42	52
chr20:34290344-mod	8	14
chr20:34290344-unmod	42	52
chr20:34290403-mod	2	2
chr20:34290403-unmod	41	57
chr20:34292453-mod	1	1
chr20:34292453-unmod	35	48
chr20:34294118-mod	2	3
chr20:34294118-unmod	35	39
chr20:34303258-mod	3	1
chr20:34303258-unmod	29	41
chr20:34303262-mod	1	3
chr20:34303262-unmod	27	36
chr20:34303317-mod	1	2
chr20:34303317-unmod	29	43
chr20:34526334-mod	17	26
chr20:34526334-unmod	19	23
chr20:34534723-mod	8	13
chr20:34534723-unmod	25	36
chr20:34540699-mod	14	20
chr20:34540699-unmod	24	30
chr20:34540723-mod	4	3
chr20:34540723-unmod	37	49
chr20:34540785-mod	1	1
chr20:34540785-unmod	35	51
chr20:34540889-mod	1	2
chr20:34540889-unmod	33	48
chr20:34927459-mod	2	1
chr20:34927459-unmod	18	13
chr20:34927857-mod	1	3
chr20:34927857-unmod	9	10
chr20:34927862-mod	1	1
chr20:34927862-unmod	10	12
chr20:35176890-mod	2	1
chr20:35176890-unmod	9	14
chr20:35176993-mod	2	6
chr20:35176993-unmod	9	11
chr20:35277360-mod	3	4
chr20:35277360-unmod	11	10
chr20:35277368-mod	3	1
chr20:35277368-unmod	8	11
chr20:35277471-mod	1	1
chr20:35277471-unmod	16	12
chr20:35277491-mod	5	3
chr20:35277491-unmod	11	12
chr20:35277561-mod	2	4
chr20:35277561-unmod	14	13
chr20:35279081-mod	22	25
chr20:35279081-unmod	24	25
chr20:35279157-mod	14	11
chr20:35279157-unmod	30	32
chr20:35279733-mod	4	10
chr20:35279733-unmod	45	42
chr20:35279740-mod	14	13
chr20:35279740-unmod	32	35
chr20:35280663-mod	2	3
chr20:35280663-unmod	44	47
chr20:35280825-mod	1	2
chr20:35280825-unmod	43	46
chr20:35284389-mod	5	2
chr20:35284389-unmod	42	44
chr20:35284461-mod	3	3
chr20:35284461-unmod	38	36
chr20:35542142-mod	1	1
chr20:35542142-unmod	29	38
chr20:35542152-mod	4	8
chr20:35542152-unmod	27	32
chr20:35542534-mod	2	1
chr20:35542534-unmod	22	18
chr20:35542553-mod	2	2
chr20:35542553-unmod	35	48
chr20:35542855-mod	4	3
chr20:35542855-unmod	33	48
chr20:35542873-mod	3	19
chr20:35542873-unmod	28	21
chr20:35547447-mod	8	11
chr20:35547447-unmod	31	45
chr20:35548516-mod	1	1
chr20:35548516-unmod	44	73
chr20:35548570-mod	2	6
chr20:35548570-unmod	41	61
chr20:35555049-mod	4	3
chr20:35555049-unmod	38	61
chr20:35555070-mod	1	2
chr20:35555070-unmod	43	67
chr20:35556041-mod	1	3
chr20:35556041-unmod	42	70
chr20:35556075-mod	4	3
chr20:35556075-unmod	44	71
chr20:35556093-mod	9	17
chr20:35556093-unmod	38	59
chr20:35556981-mod	5	7
chr20:35556981-unmod	53	79
chr20:35556999-mod	7	8
chr20:35556999-unmod	54	71
chr20:35557431-mod	6	7
chr20:35557431-unmod	48	65
chr20:35699658-mod	12	13
chr20:35699658-unmod	24	26
chr20:35953663-mod	5	2
chr20:35953663-unmod	33	29
chr20:35953701-mod	27	27
chr20:35953701-unmod	6	4
chr20:35953981-mod	11	11
chr20:35953981-unmod	30	23
chr20:35954183-mod	7	6
chr20:35954183-unmod	32	27
chr20:35954221-mod	9	3
chr20:35954221-unmod	30	23
chr20:35954311-mod	1	1
chr20:35954311-unmod	15	24
chr20:37228635-mod	6	5
chr20:37228635-unmod	9	5
chr20:3753540-mod	1	1
chr20:3753540-unmod	19	13
chr20:3753738-mod	8	3
chr20:3753738-unmod	9	9
chr20:3754061-mod	1	2
chr20:3754061-unmod	20	14
chr20:3758584-mod	2	3
chr20:3758584-unmod	19	12
chr20:388135-mod	12	1
chr20:388135-unmod	57	14
chr20:391412-mod	5	3
chr20:391412-unmod	36	7
chr20:391569-mod	2	1
chr20:391569-unmod	74	19
chr20:396217-mod	10	4
chr20:396217-unmod	69	19
chr20:396226-mod	6	1
chr20:396226-unmod	73	23
chr20:396240-mod	3	4
chr20:396240-unmod	74	15
chr20:396265-mod	9	1
chr20:396265-unmod	52	13
chr20:396293-mod	2	1
chr20:396293-unmod	74	21
chr20:396400-mod	23	6
chr20:396400-unmod	51	16
chr20:396565-mod	34	9
chr20:396565-unmod	41	15
chr20:396629-mod	61	17
chr20:396629-unmod	12	2
chr20:396664-mod	2	2
chr20:396664-unmod	86	28
chr20:396691-mod	10	5
chr20:396691-unmod	72	21
chr20:396766-mod	58	21
chr20:396766-unmod	25	7
chr20:396963-mod	30	12
chr20:396963-unmod	45	19
chr20:396981-mod	1	1
chr20:396981-unmod	80	28
chr20:397098-mod	1	1
chr20:397098-unmod	95	36
chr20:397189-mod	24	11
chr20:397189-unmod	70	20
chr20:397213-mod	28	12
chr20:397213-unmod	74	25
chr20:397331-mod	29	13
chr20:397331-unmod	60	17
chr20:397377-mod	9	2
chr20:397377-unmod	87	28
chr20:397399-mod	2	1
chr20:397399-unmod	88	33
chr20:397450-mod	36	17
chr20:397450-unmod	63	19
chr20:397462-mod	13	5
chr20:397462-unmod	90	31
chr20:408424-mod	11	3
chr20:408424-unmod	21	13
chr20:409929-mod	22	12
chr20:409929-unmod	58	27
chr20:410018-mod	1	1
chr20:410018-unmod	75	39
chr20:410551-mod	10	5
chr20:410551-unmod	53	25
chr20:410557-mod	29	16
chr20:410557-unmod	44	23
chr20:410593-mod	18	8
chr20:410593-unmod	56	31
chr20:410690-mod	1	1
chr20:410690-unmod	73	38
chr20:410703-mod	3	2
chr20:410703-unmod	67	33
chr20:430419-mod	9	4
chr20:430419-unmod	14	6
chr20:430456-mod	2	1
chr20:430456-unmod	25	9
chr20:430835-mod	9	4
chr20:430835-unmod	16	6
chr20:430868-mod	8	1
chr20:430868-unmod	20	9
chr20:44908002-mod	3	2
chr20:44908002-unmod	7	13
chr20:45253121-mod	5	1
chr20:45253121-unmod	87	15
chr20:45253657-mod	8	2
chr20:45253657-unmod	69	13
chr20:45254494-mod	24	5
chr20:45254494-unmod	59	12
chr20:45325492-mod	3	1
chr20:45325492-unmod	101	71
chr20:45325579-mod	6	4
chr20:45325579-unmod	83	65
chr20:45325693-mod	6	9
chr20:45325693-unmod	90	60
chr20:45325698-mod	4	3
chr20:45325698-unmod	87	61
chr20:45325716-mod	10	9
chr20:45325716-unmod	64	44
chr20:45325742-mod	1	2
chr20:45325742-unmod	70	51
chr20:45325927-mod	5	6
chr20:45325927-unmod	63	44
chr20:45326589-mod	2	2
chr20:45326589-unmod	19	16
chr20:45326710-mod	4	1
chr20:45326710-unmod	17	17
chr20:45326817-mod	3	3
chr20:45326817-unmod	17	16
chr20:45327019-mod	2	2
chr20:45327019-unmod	13	13
chr20:45327116-mod	1	3
chr20:45327116-unmod	16	14
chr20:45327164-mod	1	5
chr20:45327164-unmod	18	12
chr20:45327197-mod	4	2
chr20:45327197-unmod	14	12
chr20:45327237-mod	14	12
chr20:45327237-unmod	4	4
chr20:45330504-mod	4	3
chr20:45330504-unmod	13	15
chr20:45335888-mod	6	4
chr20:45335888-unmod	8	12
chr20:45425635-mod	7	3
chr20:45425635-unmod	7	9
chr20:45425736-mod	2	1
chr20:45425736-unmod	10	9
chr20:45425924-mod	1	1
chr20:45425924-unmod	14	12
chr20:4699227-mod	6	6
chr20:4699227-unmod	28	11
chr20:4699272-mod	4	1
chr20:4699272-unmod	16	15
chr20:4699314-mod	5	4
chr20:4699314-unmod	28	15
chr20:4699465-mod	14	11
chr20:4699465-unmod	21	9
chr20:4699650-mod	19	9
chr20:4699650-unmod	16	13
chr20:4699659-mod	18	13
chr20:4699659-unmod	13	8
chr20:4699737-mod	2	3
chr20:4699737-unmod	37	19
chr20:4699809-mod	10	4
chr20:4699809-unmod	30	15
chr20:4700253-mod	15	6
chr20:4700253-unmod	25	11
chr20:4700265-mod	9	6
chr20:4700265-unmod	26	17
chr20:4700303-mod	5	4
chr20:4700303-unmod	32	17
chr20:4700552-mod	8	6
chr20:4700552-unmod	43	23
chr20:4700631-mod	8	6
chr20:4700631-unmod	41	25
chr20:4700646-mod	3	1
chr20:4700646-unmod	42	27
chr20:4700661-mod	21	11
chr20:4700661-unmod	31	20
chr20:4700666-mod	8	5
chr20:4700666-unmod	47	27
chr20:4700672-mod	1	1
chr20:4700672-unmod	53	30
chr20:4700694-mod	9	7
chr20:4700694-unmod	46	25
chr20:4700883-mod	1	1
chr20:4700883-unmod	67	32
chr20:4700967-mod	20	7
chr20:4700967-unmod	46	26
chr20:4701291-mod	6	4
chr20:4701291-unmod	56	32
chr20:4701448-mod	5	2
chr20:4701448-unmod	67	34
chr20:4701457-mod	1	1
chr20:4701457-unmod	94	46
chr20:4701503-mod	7	3
chr20:4701503-unmod	77	33
chr20:4701557-mod	17	14
chr20:4701557-unmod	68	30
chr20:49094280-mod	1	1
chr20:49094280-unmod	9	18
chr20:49094800-mod	1	4
chr20:49094800-unmod	9	14
chr20:49096535-mod	2	11
chr20:49096535-unmod	8	10
chr20:49279157-mod	3	3
chr20:49279157-unmod	129	96
chr20:49280517-mod	24	11
chr20:49280517-unmod	98	78
chr20:49289088-mod	21	11
chr20:49289088-unmod	110	78
chr20:49289127-mod	9	6
chr20:49289127-unmod	129	90
chr20:49289202-mod	7	4
chr20:49289202-unmod	139	95
chr20:49289217-mod	13	5
chr20:49289217-unmod	126	92
chr20:50191421-mod	12	8
chr20:50191421-unmod	12	19
chr20:50191580-mod	31	28
chr20:50191580-unmod	10	5
chr20:50191835-mod	6	9
chr20:50191835-unmod	57	21
chr20:50192018-mod	26	16
chr20:50192018-unmod	56	48
chr20:50192111-mod	28	24
chr20:50192111-unmod	58	39
chr20:50192168-mod	5	7
chr20:50192168-unmod	71	46
chr20:50192439-mod	74	47
chr20:50192439-unmod	19	15
chr20:50192459-mod	14	15
chr20:50192459-unmod	79	48
chr20:50192634-mod	15	4
chr20:50192634-unmod	64	34
chr20:50192647-mod	2	4
chr20:50192647-unmod	67	47
chr20:5115239-mod	2	3
chr20:5115239-unmod	9	20
chr20:5115516-mod	4	13
chr20:5115516-unmod	7	10
chr20:5115551-mod	3	3
chr20:5115551-unmod	20	21
chr20:5117661-mod	2	1
chr20:5117661-unmod	10	22
chr20:5119586-mod	4	4
chr20:5119586-unmod	8	16
chr20:5119676-mod	1	5
chr20:5119676-unmod	11	11
chr20:5119736-mod	5	2
chr20:5119736-unmod	7	16
chr20:58891742-mod	7	6
chr20:58891742-unmod	126	112
chr20:58891757-mod	19	14
chr20:58891757-unmod	106	92
chr20:58891823-mod	5	3
chr20:58891823-unmod	132	111
chr20:58898954-mod	2	3
chr20:58898954-unmod	13	25
chr20:58903526-mod	7	6
chr20:58903526-unmod	57	48
chr20:58903553-mod	6	9
chr20:58903553-unmod	152	141
chr20:58903671-mod	4	2
chr20:58903671-unmod	160	159
chr20:58903729-mod	3	5
chr20:58903729-unmod	158	146
chr20:58903774-mod	30	22
chr20:58903774-unmod	126	123
chr20:58903780-mod	6	8
chr20:58903780-unmod	95	95
chr20:58905467-mod	4	6
chr20:58905467-unmod	149	140
chr20:58909196-mod	26	16
chr20:58909196-unmod	151	139
chr20:58909350-mod	15	11
chr20:58909350-unmod	162	153
chr20:58909373-mod	12	6
chr20:58909373-unmod	160	144
chr20:58909391-mod	1	1
chr20:58909391-unmod	180	158
chr20:58909407-mod	1	1
chr20:58909407-unmod	156	134
chr20:58909688-mod	28	16
chr20:58909688-unmod	150	141
chr20:58909743-mod	8	11
chr20:58909743-unmod	185	168
chr20:58909751-mod	2	2
chr20:58909751-unmod	195	177
chr20:58909776-mod	13	20
chr20:58909776-unmod	192	161
chr20:58909797-mod	7	5
chr20:58909797-unmod	192	171
chr20:58910039-mod	8	6
chr20:58910039-unmod	192	179
chr20:58910354-mod	10	11
chr20:58910354-unmod	202	184
chr20:58910365-mod	12	9
chr20:58910365-unmod	202	187
chr20:58910746-mod	3	9
chr20:58910746-unmod	172	153
chr20:58910755-mod	22	12
chr20:58910755-unmod	203	195
chr20:58910785-mod	19	17
chr20:58910785-unmod	182	179
chr20:58910836-mod	16	15
chr20:58910836-unmod	199	186
chr20:58911085-mod	2	4
chr20:58911085-unmod	238	209
chr20:58995359-mod	10	6
chr20:58995359-unmod	9	4
chr20:58995473-mod	6	2
chr20:58995473-unmod	15	12
chr20:58995521-mod	3	2
chr20:58995521-unmod	17	10
chr20:58995553-mod	17	9
chr20:58995553-unmod	6	4
chr20:58995606-mod	2	1
chr20:58995606-unmod	19	10
chr20:58996644-mod	3	2
chr20:58996644-unmod	13	9
chr20:58996679-mod	1	1
chr20:58996679-unmod	15	9
chr20:58997689-mod	6	2
chr20:58997689-unmod	8	8
chr20:59006428-mod	3	1
chr20:59006428-unmod	10	9
chr20:59028718-mod	7	5
chr20:59028718-unmod	160	116
chr20:59028834-mod	38	35
chr20:59028834-unmod	160	115
chr20:59030349-mod	2	1
chr20:59030349-unmod	194	149
chr20:59030376-mod	1	1
chr20:59030376-unmod	150	117
chr20:59032224-mod	12	6
chr20:59032224-unmod	191	149
chr20:59032320-mod	16	9
chr20:59032320-unmod	49	33
chr20:62137396-mod	2	11
chr20:62137396-unmod	47	48
chr20:62138202-mod	3	2
chr20:62138202-unmod	46	54
chr20:62138237-mod	4	2
chr20:62138237-unmod	51	59
chr20:62139829-mod	5	1
chr20:62139829-unmod	40	54
chr20:62139839-mod	5	7
chr20:62139839-unmod	44	48
chr20:62140868-mod	3	1
chr20:62140868-unmod	45	48
chr20:62140884-mod	2	6
chr20:62140884-unmod	46	48
chr20:62306198-mod	2	4
chr20:62306198-unmod	8	20
chr20:62306251-mod	2	4
chr20:62306251-unmod	8	13
chr20:62306303-mod	8	9
chr20:62306303-unmod	12	19
chr20:62307387-mod	2	3
chr20:62307387-unmod	19	16
chr20:62308684-mod	2	1
chr20:62308684-unmod	8	29
chr20:62308756-mod	1	5
chr20:62308756-unmod	9	10
chr20:62387366-mod	9	7
chr20:62387366-unmod	200	236
chr20:62387642-mod	30	24
chr20:62387642-unmod	188	216
chr20:62388458-mod	12	11
chr20:62388458-unmod	213	240
chr20:62388465-mod	26	24
chr20:62388465-unmod	188	222
chr20:63521682-mod	5	2
chr20:63521682-unmod	245	244
chr20:63521770-mod	31	25
chr20:63521770-unmod	290	291
chr20:63521795-mod	9	14
chr20:63521795-unmod	265	276
chr20:63521878-mod	30	30
chr20:63521878-unmod	279	268
chr20:63522044-mod	5	2
chr20:63522044-unmod	251	253
chr20:63522108-mod	3	6
chr20:63522108-unmod	283	292
chr20:63522117-mod	54	80
chr20:63522117-unmod	257	239
chr20:63522147-mod	14	17
chr20:63522147-unmod	283	292
chr20:63697342-mod	4	2
chr20:63697342-unmod	8	15
chr20:63698327-mod	1	4
chr20:63698327-unmod	12	10
chr20:63740496-mod	1	4
chr20:63740496-unmod	11	17
chr20:63742373-mod	1	2
chr20:63742373-unmod	9	23
chr20:63742435-mod	5	8
chr20:63742435-unmod	6	17
chr20:63742934-mod	2	1
chr20:63742934-unmod	29	26
chr20:63742985-mod	2	3
chr20:63742985-unmod	29	22
chr20:63743007-mod	4	7
chr20:63743007-unmod	25	19
chr20:63743144-mod	6	3
chr20:63743144-unmod	27	26
chr20:63743366-mod	5	5
chr20:63743366-unmod	27	21
chr20:63743385-mod	2	5
chr20:63743385-unmod	31	22
chr21:25880853-mod	1	1
chr21:25880853-unmod	40	16
chr21:25881032-mod	5	1
chr21:25881032-unmod	47	34
chr21:25881146-mod	4	1
chr21:25881146-unmod	31	12
chr21:25881319-mod	2	1
chr21:25881319-unmod	31	24
chr21:25881509-mod	13	14
chr21:25881509-unmod	20	11
chr21:25881673-mod	5	3
chr21:25881673-unmod	27	9
chr21:25911769-mod	2	3
chr21:25911769-unmod	8	7
chr21:31667282-mod	2	3
chr21:31667282-unmod	9	20
chr21:33421556-mod	1	1
chr21:33421556-unmod	10	17
chr21:33426885-mod	2	2
chr21:33426885-unmod	9	15
chr21:33426915-mod	1	1
chr21:33426915-unmod	10	15
chr21:33436900-mod	2	7
chr21:33436900-unmod	9	9
chr21:33437046-mod	1	2
chr21:33437046-unmod	9	15
chr21:33437099-mod	2	3
chr21:33437099-unmod	9	13
chr21:33437120-mod	2	1
chr21:33437120-unmod	10	13
chr21:33437256-mod	1	1
chr21:33437256-unmod	22	16
chr21:33437323-mod	4	6
chr21:33437323-unmod	24	17
chr21:33437381-mod	1	7
chr21:33437381-unmod	22	11
chr21:33437478-mod	3	2
chr21:33437478-unmod	22	19
chr21:33907351-mod	6	3
chr21:33907351-unmod	41	23
chr21:39342539-mod	4	2
chr21:39342539-unmod	12	16
chr21:39342569-mod	3	3
chr21:39342569-unmod	12	13
chr21:39342857-mod	3	5
chr21:39342857-unmod	12	13
chr21:43734096-mod	6	4
chr21:43734096-unmod	7	10
chr21:43741738-mod	4	4
chr21:43741738-unmod	20	11
chr21:43743762-mod	1	1
chr21:43743762-unmod	12	13
chr21:43746099-mod	1	1
chr21:43746099-unmod	13	10
chr21:43749007-mod	2	1
chr21:43749007-unmod	22	14
chr21:43753663-mod	3	1
chr21:43753663-unmod	21	13
chr21:43755745-mod	6	3
chr21:43755745-unmod	25	13
chr21:43756028-mod	4	1
chr21:43756028-unmod	28	16
chr21:43756084-mod	4	4
chr21:43756084-unmod	24	12
chr21:43774163-mod	1	4
chr21:43774163-unmod	16	34
chr21:43774195-mod	9	7
chr21:43774195-unmod	12	30
chr21:43774212-mod	1	3
chr21:43774212-unmod	18	29
chr21:43774257-mod	3	1
chr21:43774257-unmod	18	37
chr21:43774310-mod	3	7
chr21:43774310-unmod	14	30
chr21:43774670-mod	1	1
chr21:43774670-unmod	17	39
chr21:44327074-mod	3	1
chr21:44327074-unmod	21	17
chr21:44327346-mod	4	2
chr21:44327346-unmod	6	14
chr21:8209921-mod	3	2
chr21:8209921-unmod	9	9
chr21:8210165-mod	1	2
chr21:8210165-unmod	11	12
chr21:8210504-mod	2	1
chr21:8210504-unmod	9	10
chr21:8210533-mod	5	1
chr21:8210533-unmod	8	11
chr21:8210601-mod	1	1
chr21:8210601-unmod	9	13
chr21:8211017-mod	1	1
chr21:8211017-unmod	12	24
chr22:19175618-mod	2	1
chr22:19175618-unmod	9	28
chr22:19175674-mod	2	1
chr22:19175674-unmod	15	31
chr22:19175856-mod	1	2
chr22:19175856-unmod	15	27
chr22:19175891-mod	1	3
chr22:19175891-unmod	16	25
chr22:19175951-mod	1	5
chr22:19175951-unmod	19	27
chr22:19176107-mod	3	1
chr22:19176107-unmod	12	25
chr22:19176468-mod	2	1
chr22:19176468-unmod	12	30
chr22:19176668-mod	1	9
chr22:19176668-unmod	14	20
chr22:19176869-mod	2	1
chr22:19176869-unmod	8	12
chr22:19176895-mod	10	6
chr22:19176895-unmod	4	23
chr22:19177123-mod	1	1
chr22:19177123-unmod	12	20
chr22:19435787-mod	1	3
chr22:19435787-unmod	10	9
chr22:23766204-mod	4	8
chr22:23766204-unmod	10	13
chr22:23801041-mod	1	2
chr22:23801041-unmod	9	16
chr22:23801067-mod	1	1
chr22:23801067-unmod	10	17
chr22:23803413-mod	2	4
chr22:23803413-unmod	10	17
chr22:23816826-mod	2	4
chr22:23816826-unmod	11	19
chr22:23825228-mod	8	7
chr22:23825228-unmod	15	17
chr22:23825291-mod	2	2
chr22:23825291-unmod	22	22
chr22:23833576-mod	4	2
chr22:23833576-unmod	22	21
chr22:23833609-mod	2	5
chr22:23833609-unmod	25	18
chr22:23833647-mod	1	1
chr22:23833647-unmod	26	24
chr22:23833690-mod	4	3
chr22:23833690-unmod	22	18
chr22:23833696-mod	4	4
chr22:23833696-unmod	27	24
chr22:23834268-mod	6	1
chr22:23834268-unmod	21	23
chr22:23894493-mod	3	1
chr22:23894493-unmod	164	233
chr22:23894796-mod	8	4
chr22:23894796-unmod	151	236
chr22:23894880-mod	33	59
chr22:23894880-unmod	162	222
chr22:23894940-mod	7	9
chr22:23894940-unmod	111	182
chr22:23895117-mod	30	40
chr22:23895117-unmod	139	205
chr22:23895149-mod	4	10
chr22:23895149-unmod	176	248
chr22:23895219-mod	2	1
chr22:23895219-unmod	78	126
chr22:23971518-mod	9	15
chr22:23971518-unmod	13	23
chr22:23971561-mod	6	5
chr22:23971561-unmod	16	33
chr22:23973770-mod	1	9
chr22:23973770-unmod	20	29
chr22:23973833-mod	3	1
chr22:23973833-unmod	19	38
chr22:28794588-mod	2	3
chr22:28794588-unmod	11	12
chr22:28794738-mod	2	2
chr22:28794738-unmod	32	23
chr22:28795026-mod	2	1
chr22:28795026-unmod	39	23
chr22:28795141-mod	4	4
chr22:28795141-unmod	35	27
chr22:28795201-mod	17	16
chr22:28795201-unmod	22	15
chr22:28795217-mod	11	6
chr22:28795217-unmod	27	22
chr22:28795256-mod	1	8
chr22:28795256-unmod	28	18
chr22:28795292-mod	26	22
chr22:28795292-unmod	7	5
chr22:28795491-mod	1	2
chr22:28795491-unmod	26	22
chr22:28795549-mod	8	14
chr22:28795549-unmod	22	13
chr22:28795621-mod	3	5
chr22:28795621-unmod	26	22
chr22:28796062-mod	4	2
chr22:28796062-unmod	26	23
chr22:28796091-mod	9	3
chr22:28796091-unmod	22	23
chr22:28797140-mod	4	5
chr22:28797140-unmod	14	22
chr22:28797162-mod	4	1
chr22:28797162-unmod	24	24
chr22:28799083-mod	5	4
chr22:28799083-unmod	23	20
chr22:28800484-mod	1	3
chr22:28800484-unmod	9	13
chr22:28800498-mod	4	3
chr22:28800498-unmod	6	14
chr22:29767416-mod	1	1
chr22:29767416-unmod	25	16
chr22:29767449-mod	3	2
chr22:29767449-unmod	20	13
chr22:29769871-mod	9	11
chr22:29769871-unmod	21	10
chr22:32387874-mod	1	1
chr22:32387874-unmod	11	14
chr22:32387911-mod	4	10
chr22:32387911-unmod	7	4
chr22:32387935-mod	4	9
chr22:32387935-unmod	7	4
chr22:32393908-mod	1	2
chr22:32393908-unmod	10	14
chr22:32393923-mod	1	1
chr22:32393923-unmod	10	15
chr22:32859498-mod	4	2
chr22:32859498-unmod	8	8
chr22:32859542-mod	3	2
chr22:32859542-unmod	10	8
chr22:32859818-mod	4	3
chr22:32859818-unmod	11	10
chr22:32859871-mod	2	3
chr22:32859871-unmod	14	10
chr22:32860110-mod	1	2
chr22:32860110-unmod	23	11
chr22:32860174-mod	2	3
chr22:32860174-unmod	25	11
chr22:32860429-mod	6	3
chr22:32860429-unmod	14	7
chr22:35838355-mod	9	13
chr22:35838355-unmod	20	21
chr22:35838454-mod	2	3
chr22:35838454-unmod	26	33
chr22:35838495-mod	12	16
chr22:35838495-unmod	16	20
chr22:36511603-mod	2	2
chr22:36511603-unmod	24	34
chr22:36511759-mod	1	1
chr22:36511759-unmod	40	51
chr22:36512567-mod	4	3
chr22:36512567-unmod	31	48
chr22:36516574-mod	2	1
chr22:36516574-unmod	32	49
chr22:36517410-mod	4	3
chr22:36517410-unmod	24	39
chr22:36518767-mod	2	2
chr22:36518767-unmod	21	21
chr22:37029248-mod	1	3
chr22:37029248-unmod	9	7
chr22:37029525-mod	4	6
chr22:37029525-unmod	7	4
chr22:37029637-mod	1	1
chr22:37029637-unmod	10	10
chr22:37029664-mod	3	7
chr22:37029664-unmod	7	4
chr22:37225336-mod	42	40
chr22:37225336-unmod	27	32
chr22:37225359-mod	13	16
chr22:37225359-unmod	68	84
chr22:37225414-mod	50	68
chr22:37225414-unmod	29	29
chr22:37225508-mod	1	9
chr22:37225508-unmod	62	63
chr22:37225685-mod	2	6
chr22:37225685-unmod	69	73
chr22:37225699-mod	10	8
chr22:37225699-unmod	58	73
chr22:37225791-mod	21	18
chr22:37225791-unmod	57	68
chr22:37226802-mod	6	9
chr22:37226802-unmod	65	68
chr22:37231294-mod	3	2
chr22:37231294-unmod	69	78
chr22:37231307-mod	1	4
chr22:37231307-unmod	73	78
chr22:37231325-mod	2	3
chr22:37231325-unmod	68	80
chr22:37232837-mod	7	6
chr22:37232837-unmod	65	77
chr22:37232870-mod	10	7
chr22:37232870-unmod	64	73
chr22:37232885-mod	4	6
chr22:37232885-unmod	61	67
chr22:37232912-mod	1	1
chr22:37232912-unmod	64	68
chr22:37241644-mod	5	6
chr22:37241644-unmod	55	58
chr22:37244152-mod	1	1
chr22:37244152-unmod	57	63
chr22:37675682-mod	33	75
chr22:37675682-unmod	230	352
chr22:37675694-mod	9	15
chr22:37675694-unmod	244	401
chr22:37677014-mod	1	1
chr22:37677014-unmod	276	457
chr22:37678493-mod	55	97
chr22:37678493-unmod	194	307
chr22:37678505-mod	4	6
chr22:37678505-unmod	263	422
chr22:37678603-mod	12	19
chr22:37678603-unmod	209	375
chr22:37679632-mod	14	12
chr22:37679632-unmod	236	419
chr22:37679717-mod	23	50
chr22:37679717-unmod	274	423
chr22:37679744-mod	46	78
chr22:37679744-unmod	239	379
chr22:37851294-mod	1	1
chr22:37851294-unmod	18	18
chr22:37851319-mod	6	7
chr22:37851319-unmod	13	12
chr22:37851380-mod	1	1
chr22:37851380-unmod	17	17
chr22:37855577-mod	1	1
chr22:37855577-unmod	18	18
chr22:37863296-mod	3	7
chr22:37863296-unmod	14	9
chr22:37874504-mod	3	1
chr22:37874504-unmod	32	19
chr22:37874511-mod	18	10
chr22:37874511-unmod	16	10
chr22:37874516-mod	3	2
chr22:37874516-unmod	31	17
chr22:37875969-mod	3	1
chr22:37875969-unmod	31	18
chr22:37877809-mod	2	3
chr22:37877809-unmod	32	15
chr22:37877828-mod	8	3
chr22:37877828-unmod	26	14
chr22:37878034-mod	6	4
chr22:37878034-unmod	26	26
chr22:37878091-mod	5	6
chr22:37878091-unmod	31	23
chr22:37878154-mod	2	1
chr22:37878154-unmod	32	27
chr22:37886783-mod	4	1
chr22:37886783-unmod	32	33
chr22:37888434-mod	12	5
chr22:37888434-unmod	30	30
chr22:37888457-mod	1	1
chr22:37888457-unmod	45	35
chr22:37888486-mod	3	1
chr22:37888486-unmod	40	34
chr22:37888584-mod	1	1
chr22:37888584-unmod	32	14
chr22:38219357-mod	5	2
chr22:38219357-unmod	6	8
chr22:38219419-mod	2	3
chr22:38219419-unmod	8	8
chr22:38219597-mod	1	1
chr22:38219597-unmod	14	12
chr22:38219976-mod	4	4
chr22:38219976-unmod	7	6
chr22:38220027-mod	3	1
chr22:38220027-unmod	8	11
chr22:39312930-mod	14	10
chr22:39312930-unmod	546	613
chr22:39312967-mod	4	1
chr22:39312967-unmod	652	715
chr22:39312981-mod	11	10
chr22:39312981-unmod	463	521
chr22:39313216-mod	2	2
chr22:39313216-unmod	651	715
chr22:39313251-mod	7	18
chr22:39313251-unmod	610	640
chr22:39313266-mod	19	13
chr22:39313266-unmod	679	735
chr22:39313662-mod	41	45
chr22:39313662-unmod	637	689
chr22:39313694-mod	27	23
chr22:39313694-unmod	653	706
chr22:39313701-mod	6	11
chr22:39313701-unmod	645	686
chr22:39314125-mod	5	4
chr22:39314125-unmod	562	585
chr22:39314134-mod	70	71
chr22:39314134-unmod	544	590
chr22:39314140-mod	103	99
chr22:39314140-unmod	545	606
chr22:39314155-mod	24	35
chr22:39314155-unmod	621	670
chr22:39314804-mod	8	10
chr22:39314804-unmod	546	597
chr22:39315389-mod	8	16
chr22:39315389-unmod	587	643
chr22:39315433-mod	21	34
chr22:39315433-unmod	559	617
chr22:39315472-mod	53	65
chr22:39315472-unmod	465	516
chr22:39316760-mod	14	18
chr22:39316760-unmod	440	510
chr22:39317515-mod	10	14
chr22:39317515-unmod	357	416
chr22:39317524-mod	26	23
chr22:39317524-unmod	348	416
chr22:39317596-mod	33	35
chr22:39317596-unmod	342	404
chr22:39317622-mod	29	35
chr22:39317622-unmod	361	429
chr22:39318435-mod	20	17
chr22:39318435-unmod	318	382
chr22:39318488-mod	37	36
chr22:39318488-unmod	310	368
chr22:39318565-mod	1	2
chr22:39318565-unmod	270	316
chr22:39521789-mod	2	3
chr22:39521789-unmod	21	13
chr22:39521877-mod	1	1
chr22:39521877-unmod	25	13
chr22:39521885-mod	7	2
chr22:39521885-unmod	19	15
chr22:39521898-mod	1	1
chr22:39521898-unmod	23	14
chr22:39521933-mod	5	5
chr22:39521933-unmod	26	13
chr22:39521961-mod	4	1
chr22:39521961-unmod	22	17
chr22:39522180-mod	6	4
chr22:39522180-unmod	37	25
chr22:39522376-mod	8	6
chr22:39522376-unmod	49	30
chr22:40953615-mod	1	1
chr22:40953615-unmod	9	20
chr22:40972573-mod	1	7
chr22:40972573-unmod	9	12
chr22:41674931-mod	1	1
chr22:41674931-unmod	30	40
chr22:41680296-mod	1	1
chr22:41680296-unmod	26	36
chr22:41680363-mod	5	2
chr22:41680363-unmod	20	22
chr22:42086302-mod	2	7
chr22:42086302-unmod	9	11
chr22:42090610-mod	1	5
chr22:42090610-unmod	9	13
chr22:42090673-mod	1	1
chr22:42090673-unmod	9	14
chr22:43159220-mod	21	10
chr22:43159220-unmod	53	60
chr22:43161143-mod	4	6
chr22:43161143-unmod	80	73
chr22:43162950-mod	2	1
chr22:43162950-unmod	52	62
chr22:43163009-mod	33	34
chr22:43163009-unmod	52	45
chr22:43163070-mod	1	2
chr22:43163070-unmod	73	74
chr22:43163199-mod	13	9
chr22:43163199-unmod	64	67
chr22:45196275-mod	3	7
chr22:45196275-unmod	8	7
chr22:45196451-mod	1	1
chr22:45196451-unmod	10	12
chr22:45196480-mod	4	1
chr22:45196480-unmod	6	9
chr22:45196637-mod	2	3
chr22:45196637-unmod	9	7
chr22:50503189-mod	9	10
chr22:50503189-unmod	3	3
chr22:50503318-mod	7	6
chr22:50503318-unmod	5	8
chr22:50503323-mod	2	2
chr22:50503323-unmod	9	9
chr22:50503472-mod	1	4
chr22:50503472-unmod	9	10
chr22:50503638-mod	3	4
chr22:50503638-unmod	7	9
chr22_KI270876v1_alt:159353-mod	14	13
chr22_KI270876v1_alt:159353-unmod	23	23
chr22_KI270876v1_alt:159362-mod	2	1
chr22_KI270876v1_alt:159362-unmod	33	38
chr22_KI270876v1_alt:159369-mod	1	1
chr22_KI270876v1_alt:159369-unmod	35	38
chr22_KI270876v1_alt:159452-mod	4	4
chr22_KI270876v1_alt:159452-unmod	34	38
chr22_KI270876v1_alt:159493-mod	16	17
chr22_KI270876v1_alt:159493-unmod	22	23
chr22_KI270879v1_alt:131158-mod	2	1
chr22_KI270879v1_alt:131158-unmod	47	71
chr22_KI270879v1_alt:131242-mod	8	13
chr22_KI270879v1_alt:131242-unmod	49	74
chr22_KI270879v1_alt:131302-mod	1	3
chr22_KI270879v1_alt:131302-unmod	42	64
chr22_KI270879v1_alt:131448-mod	5	5
chr22_KI270879v1_alt:131448-unmod	41	59
chr22_KI270879v1_alt:131511-mod	3	2
chr22_KI270879v1_alt:131511-unmod	35	54
chr2:101004224-mod	115	108
chr2:101004224-unmod	469	455
chr2:101004243-mod	1	4
chr2:101004243-unmod	571	543
chr2:101006357-mod	180	197
chr2:101006357-unmod	282	244
chr2:101006376-mod	13	34
chr2:101006376-unmod	555	512
chr2:105360852-mod	2	2
chr2:105360852-unmod	8	13
chr2:105360947-mod	2	12
chr2:105360947-unmod	10	16
chr2:105361091-mod	1	1
chr2:105361091-unmod	24	31
chr2:105361432-mod	2	2
chr2:105361432-unmod	8	24
chr2:105367636-mod	1	1
chr2:105367636-unmod	9	22
chr2:105386367-mod	2	6
chr2:105386367-unmod	8	16
chr2:10783867-mod	4	1
chr2:10783867-unmod	26	19
chr2:10783978-mod	18	6
chr2:10783978-unmod	40	23
chr2:10784099-mod	33	27
chr2:10784099-unmod	39	22
chr2:10784167-mod	5	2
chr2:10784167-unmod	57	32
chr2:10784187-mod	14	9
chr2:10784187-unmod	46	22
chr2:10784279-mod	1	6
chr2:10784279-unmod	65	41
chr2:10787405-mod	3	2
chr2:10787405-unmod	49	28
chr2:10788967-mod	2	1
chr2:10788967-unmod	44	27
chr2:10793193-mod	17	9
chr2:10793193-unmod	16	4
chr2:112829854-mod	4	3
chr2:112829854-unmod	50	25
chr2:112829892-mod	13	11
chr2:112829892-unmod	41	15
chr2:112830182-mod	12	4
chr2:112830182-unmod	31	18
chr2:112830260-mod	26	10
chr2:112830260-unmod	4	3
chr2:112830322-mod	21	14
chr2:112830322-unmod	31	11
chr2:112830388-mod	12	3
chr2:112830388-unmod	37	18
chr2:112830392-mod	5	1
chr2:112830392-unmod	51	26
chr2:112830413-mod	1	1
chr2:112830413-unmod	50	25
chr2:112832704-mod	13	3
chr2:112832704-unmod	40	22
chr2:112832744-mod	6	4
chr2:112832744-unmod	40	21
chr2:112832759-mod	17	12
chr2:112832759-unmod	30	12
chr2:112832824-mod	7	3
chr2:112832824-unmod	38	21
chr2:112833561-mod	3	3
chr2:112833561-unmod	40	21
chr2:112835602-mod	1	2
chr2:112835602-unmod	44	21
chr2:130182637-mod	1	2
chr2:130182637-unmod	52	28
chr2:130182727-mod	11	6
chr2:130182727-unmod	43	28
chr2:130190638-mod	4	3
chr2:130190638-unmod	52	33
chr2:131484047-mod	1	2
chr2:131484047-unmod	31	24
chr2:131491881-mod	1	2
chr2:131491881-unmod	30	25
chr2:131491922-mod	3	4
chr2:131491922-unmod	25	21
chr2:169812504-mod	2	2
chr2:169812504-unmod	8	8
chr2:169819598-mod	2	2
chr2:169819598-unmod	8	8
chr2:172505324-mod	7	4
chr2:172505324-unmod	31	7
chr2:172505490-mod	2	1
chr2:172505490-unmod	41	10
chr2:172505693-mod	5	2
chr2:172505693-unmod	37	11
chr2:174075226-mod	6	10
chr2:174075226-unmod	5	11
chr2:175178211-mod	10	11
chr2:175178211-unmod	112	117
chr2:175178220-mod	17	15
chr2:175178220-unmod	102	117
chr2:175178272-mod	1	2
chr2:175178272-unmod	125	123
chr2:175179090-mod	10	8
chr2:175179090-unmod	111	124
chr2:175180105-mod	13	23
chr2:175180105-unmod	107	107
chr2:197486973-mod	1	1
chr2:197486973-unmod	11	17
chr2:197487012-mod	6	2
chr2:197487012-unmod	4	8
chr2:197488351-mod	1	2
chr2:197488351-unmod	10	8
chr2:20032742-mod	3	1
chr2:20032742-unmod	34	15
chr2:20032783-mod	4	4
chr2:20032783-unmod	35	13
chr2:20032827-mod	6	1
chr2:20032827-unmod	27	15
chr2:20032895-mod	12	5
chr2:20032895-unmod	27	14
chr2:20034389-mod	4	5
chr2:20034389-unmod	28	14
chr2:20034401-mod	5	1
chr2:20034401-unmod	31	18
chr2:20040968-mod	3	1
chr2:20040968-unmod	19	16
chr2:20051494-mod	1	3
chr2:20051494-unmod	18	13
chr2:20200890-mod	3	1
chr2:20200890-unmod	134	72
chr2:20200918-mod	85	52
chr2:20200918-unmod	60	26
chr2:20200928-mod	45	22
chr2:20200928-unmod	92	50
chr2:20200975-mod	6	5
chr2:20200975-unmod	144	77
chr2:20201055-mod	4	1
chr2:20201055-unmod	125	67
chr2:20201128-mod	48	29
chr2:20201128-unmod	54	21
chr2:20201137-mod	3	3
chr2:20201137-unmod	132	63
chr2:20201188-mod	5	4
chr2:20201188-unmod	138	69
chr2:20201424-mod	19	12
chr2:20201424-unmod	85	38
chr2:20201436-mod	61	32
chr2:20201436-unmod	65	33
chr2:20201441-mod	14	4
chr2:20201441-unmod	111	45
chr2:20201510-mod	4	2
chr2:20201510-unmod	188	100
chr2:20201566-mod	7	6
chr2:20201566-unmod	195	104
chr2:20201807-mod	77	44
chr2:20201807-unmod	84	49
chr2:20201816-mod	3	4
chr2:20201816-unmod	156	82
chr2:20201829-mod	62	44
chr2:20201829-unmod	108	53
chr2:20202004-mod	90	58
chr2:20202004-unmod	64	32
chr2:20202085-mod	3	3
chr2:20202085-unmod	152	91
chr2:20202094-mod	2	1
chr2:20202094-unmod	126	75
chr2:20202115-mod	6	8
chr2:20202115-unmod	148	87
chr2:20202135-mod	5	6
chr2:20202135-unmod	123	75
chr2:20202307-mod	1	3
chr2:20202307-unmod	142	86
chr2:20202346-mod	10	12
chr2:20202346-unmod	109	59
chr2:20202424-mod	71	43
chr2:20202424-unmod	32	21
chr2:20202483-mod	13	8
chr2:20202483-unmod	90	41
chr2:20202498-mod	30	19
chr2:20202498-unmod	91	55
chr2:20202539-mod	58	35
chr2:20202539-unmod	64	36
chr2:20202569-mod	79	45
chr2:20202569-unmod	37	32
chr2:20202583-mod	25	12
chr2:20202583-unmod	67	42
chr2:20202698-mod	43	32
chr2:20202698-unmod	67	40
chr2:20202786-mod	1	1
chr2:20202786-unmod	115	75
chr2:20203157-mod	13	5
chr2:20203157-unmod	79	51
chr2:20203166-mod	5	6
chr2:20203166-unmod	86	57
chr2:20203220-mod	7	8
chr2:20203220-unmod	76	47
chr2:20203918-mod	2	3
chr2:20203918-unmod	63	38
chr2:20203932-mod	9	1
chr2:20203932-unmod	55	36
chr2:20203949-mod	3	2
chr2:20203949-unmod	53	35
chr2:20203972-mod	2	5
chr2:20203972-unmod	55	31
chr2:20204202-mod	16	10
chr2:20204202-unmod	43	29
chr2:20224934-mod	2	1
chr2:20224934-unmod	51	39
chr2:20224980-mod	7	3
chr2:20224980-unmod	44	35
chr2:20225001-mod	2	4
chr2:20225001-unmod	50	33
chr2:20225015-mod	2	2
chr2:20225015-unmod	49	29
chr2:206161398-mod	1	3
chr2:206161398-unmod	182	135
chr2:206161446-mod	4	3
chr2:206161446-unmod	182	144
chr2:206162531-mod	2	2
chr2:206162531-unmod	182	135
chr2:206162732-mod	3	1
chr2:206162732-unmod	198	152
chr2:206162802-mod	2	1
chr2:206162802-unmod	132	102
chr2:206162839-mod	35	36
chr2:206162839-unmod	156	110
chr2:215360894-mod	4	6
chr2:215360894-unmod	479	362
chr2:215360990-mod	14	15
chr2:215360990-unmod	533	407
chr2:215361140-mod	39	30
chr2:215361140-unmod	542	418
chr2:215361185-mod	2	4
chr2:215361185-unmod	610	458
chr2:215361215-mod	21	17
chr2:215361215-unmod	515	385
chr2:215361480-mod	60	51
chr2:215361480-unmod	392	322
chr2:215361499-mod	45	49
chr2:215361499-unmod	451	359
chr2:215361531-mod	17	22
chr2:215361531-unmod	445	359
chr2:215361972-mod	4	2
chr2:215361972-unmod	445	369
chr2:215361976-mod	7	7
chr2:215361976-unmod	424	349
chr2:215362040-mod	51	52
chr2:215362040-unmod	375	295
chr2:215362065-mod	16	18
chr2:215362065-unmod	401	325
chr2:215364938-mod	27	19
chr2:215364938-unmod	377	305
chr2:215365509-mod	19	11
chr2:215365509-unmod	392	320
chr2:215365581-mod	31	25
chr2:215365581-unmod	331	257
chr2:215365605-mod	96	100
chr2:215365605-unmod	244	192
chr2:215367917-mod	18	18
chr2:215367917-unmod	272	237
chr2:215367984-mod	5	5
chr2:215367984-unmod	220	208
chr2:215367996-mod	4	3
chr2:215367996-unmod	235	209
chr2:215368011-mod	40	28
chr2:215368011-unmod	193	167
chr2:215370343-mod	2	1
chr2:215370343-unmod	223	204
chr2:215370416-mod	28	14
chr2:215370416-unmod	190	190
chr2:215371917-mod	26	30
chr2:215371917-unmod	177	161
chr2:215371966-mod	12	14
chr2:215371966-unmod	193	173
chr2:215371994-mod	1	1
chr2:215371994-unmod	180	164
chr2:215372013-mod	19	17
chr2:215372013-unmod	148	118
chr2:215372037-mod	11	5
chr2:215372037-unmod	7	5
chr2:215372127-mod	13	9
chr2:215372127-unmod	150	138
chr2:215372171-mod	7	6
chr2:215372171-unmod	161	143
chr2:215372187-mod	1	2
chr2:215372187-unmod	176	144
chr2:215372291-mod	4	2
chr2:215372291-unmod	139	123
chr2:215372328-mod	10	3
chr2:215372328-unmod	99	93
chr2:215373324-mod	6	13
chr2:215373324-unmod	164	140
chr2:215373396-mod	22	16
chr2:215373396-unmod	158	146
chr2:215373403-mod	34	31
chr2:215373403-unmod	132	125
chr2:215375699-mod	22	20
chr2:215375699-unmod	133	119
chr2:215376533-mod	5	10
chr2:215376533-unmod	150	136
chr2:215376548-mod	5	3
chr2:215376548-unmod	119	125
chr2:215376605-mod	7	5
chr2:215376605-unmod	125	135
chr2:215376629-mod	3	4
chr2:215376629-unmod	141	140
chr2:215376644-mod	15	18
chr2:215376644-unmod	125	121
chr2:215378205-mod	3	1
chr2:215378205-unmod	116	111
chr2:215378221-mod	10	18
chr2:215378221-unmod	116	115
chr2:215379135-mod	14	18
chr2:215379135-unmod	121	124
chr2:215379160-mod	6	7
chr2:215379160-unmod	119	117
chr2:215379189-mod	15	13
chr2:215379189-unmod	120	119
chr2:215379194-mod	4	3
chr2:215379194-unmod	126	120
chr2:215379209-mod	10	15
chr2:215379209-unmod	122	118
chr2:215379251-mod	2	8
chr2:215379251-unmod	100	100
chr2:215379298-mod	10	8
chr2:215379298-unmod	106	112
chr2:215380822-mod	10	20
chr2:215380822-unmod	73	80
chr2:215380917-mod	2	3
chr2:215380917-unmod	81	99
chr2:215380978-mod	1	5
chr2:215380978-unmod	77	90
chr2:215381060-mod	16	19
chr2:215381060-unmod	64	72
chr2:215382310-mod	2	2
chr2:215382310-unmod	104	104
chr2:215383339-mod	13	18
chr2:215383339-unmod	97	90
chr2:215383345-mod	1	2
chr2:215383345-unmod	105	106
chr2:215383355-mod	12	9
chr2:215383355-unmod	92	97
chr2:215383361-mod	1	2
chr2:215383361-unmod	85	91
chr2:215383440-mod	8	6
chr2:215383440-unmod	101	98
chr2:215383453-mod	6	6
chr2:215383453-unmod	95	100
chr2:215383476-mod	2	1
chr2:215383476-unmod	94	92
chr2:215384022-mod	20	18
chr2:215384022-unmod	67	68
chr2:215384063-mod	41	38
chr2:215384063-unmod	43	47
chr2:215384862-mod	1	1
chr2:215384862-unmod	37	53
chr2:215384957-mod	2	3
chr2:215384957-unmod	84	83
chr2:215386827-mod	2	2
chr2:215386827-unmod	70	75
chr2:215386933-mod	16	17
chr2:215386933-unmod	54	63
chr2:215388221-mod	1	2
chr2:215388221-unmod	68	55
chr2:215388251-mod	2	6
chr2:215388251-unmod	69	70
chr2:215391795-mod	3	4
chr2:215391795-unmod	49	46
chr2:215394565-mod	4	2
chr2:215394565-unmod	51	60
chr2:215397180-mod	1	2
chr2:215397180-unmod	53	65
chr2:215397682-mod	8	8
chr2:215397682-unmod	39	50
chr2:215397719-mod	1	1
chr2:215397719-unmod	16	25
chr2:215397766-mod	3	3
chr2:215397766-unmod	43	47
chr2:215397802-mod	10	13
chr2:215397802-unmod	40	46
chr2:215399309-mod	4	8
chr2:215399309-unmod	30	42
chr2:215404530-mod	3	8
chr2:215404530-unmod	14	37
chr2:215404589-mod	3	9
chr2:215404589-unmod	15	30
chr2:215406255-mod	8	7
chr2:215406255-unmod	15	28
chr2:215406488-mod	1	1
chr2:215406488-unmod	18	33
chr2:215407233-mod	5	3
chr2:215407233-unmod	14	38
chr2:215407258-mod	1	1
chr2:215407258-unmod	17	37
chr2:215407274-mod	10	20
chr2:215407274-unmod	9	24
chr2:215408154-mod	2	4
chr2:215408154-unmod	16	37
chr2:215408178-mod	2	2
chr2:215408178-unmod	9	18
chr2:215408398-mod	7	17
chr2:215408398-unmod	6	27
chr2:215409676-mod	1	4
chr2:215409676-unmod	10	23
chr2:215409968-mod	1	5
chr2:215409968-unmod	9	21
chr2:215409978-mod	2	8
chr2:215409978-unmod	10	32
chr2:215410064-mod	1	3
chr2:215410064-unmod	11	36
chr2:215414922-mod	1	1
chr2:215414922-unmod	9	14
chr2:215420722-mod	5	7
chr2:215420722-unmod	6	14
chr2:216499311-mod	3	16
chr2:216499311-unmod	338	426
chr2:216499948-mod	5	10
chr2:216499948-unmod	306	401
chr2:216500002-mod	1	4
chr2:216500002-unmod	313	407
chr2:216501379-mod	18	20
chr2:216501379-unmod	249	363
chr2:216501396-mod	1	2
chr2:216501396-unmod	315	426
chr2:216501424-mod	4	7
chr2:216501424-unmod	271	371
chr2:218217489-mod	4	3
chr2:218217489-unmod	36	40
chr2:218228825-mod	6	1
chr2:218228825-unmod	34	45
chr2:218238687-mod	1	2
chr2:218238687-unmod	39	28
chr2:218245522-mod	3	6
chr2:218245522-unmod	44	48
chr2:218249857-mod	3	9
chr2:218249857-unmod	37	36
chr2:218249875-mod	9	13
chr2:218249875-unmod	39	35
chr2:218253959-mod	5	4
chr2:218253959-unmod	52	54
chr2:218254087-mod	9	10
chr2:218254087-unmod	34	39
chr2:218254289-mod	1	1
chr2:218254289-unmod	27	22
chr2:218274341-mod	2	3
chr2:218274341-unmod	65	66
chr2:218274418-mod	4	6
chr2:218274418-unmod	67	62
chr2:218274459-mod	3	3
chr2:218274459-unmod	64	62
chr2:218274512-mod	1	3
chr2:218274512-unmod	63	62
chr2:218274590-mod	5	4
chr2:218274590-unmod	61	66
chr2:218274679-mod	4	9
chr2:218274679-unmod	65	58
chr2:218274768-mod	1	1
chr2:218274768-unmod	51	58
chr2:218274857-mod	2	7
chr2:218274857-unmod	50	41
chr2:218274892-mod	1	4
chr2:218274892-unmod	45	39
chr2:218275003-mod	3	1
chr2:218275003-unmod	45	39
chr2:218275067-mod	2	4
chr2:218275067-unmod	45	37
chr2:218275115-mod	4	4
chr2:218275115-unmod	50	36
chr2:218275203-mod	1	2
chr2:218275203-unmod	39	21
chr2:218275245-mod	4	3
chr2:218275245-unmod	34	25
chr2:218275273-mod	9	4
chr2:218275273-unmod	30	23
chr2:218275277-mod	2	1
chr2:218275277-unmod	35	27
chr2:218275407-mod	11	4
chr2:218275407-unmod	23	18
chr2:218275586-mod	6	3
chr2:218275586-unmod	28	19
chr2:218277041-mod	6	5
chr2:218277041-unmod	26	14
chr2:218277094-mod	1	1
chr2:218277094-unmod	32	21
chr2:218277956-mod	6	7
chr2:218277956-unmod	22	14
chr2:218278519-mod	5	2
chr2:218278519-unmod	29	16
chr2:218281944-mod	7	3
chr2:218281944-unmod	24	16
chr2:219250523-mod	6	8
chr2:219250523-unmod	48	46
chr2:219250598-mod	5	5
chr2:219250598-unmod	52	56
chr2:219250664-mod	35	47
chr2:219250664-unmod	9	6
chr2:219250946-mod	20	16
chr2:219250946-unmod	16	17
chr2:219251066-mod	2	2
chr2:219251066-unmod	45	47
chr2:219251084-mod	1	1
chr2:219251084-unmod	35	33
chr2:219251102-mod	9	12
chr2:219251102-unmod	34	34
chr2:219251130-mod	4	4
chr2:219251130-unmod	38	38
chr2:219251219-mod	9	2
chr2:219251219-unmod	45	49
chr2:219251305-mod	10	8
chr2:219251305-unmod	41	41
chr2:219252067-mod	1	2
chr2:219252067-unmod	33	35
chr2:219252117-mod	3	1
chr2:219252117-unmod	26	33
chr2:219252152-mod	5	2
chr2:219252152-unmod	36	40
chr2:219253864-mod	2	1
chr2:219253864-unmod	22	29
chr2:219538968-mod	1	3
chr2:219538968-unmod	9	10
chr2:219538997-mod	2	4
chr2:219538997-unmod	8	15
chr2:219539382-mod	4	3
chr2:219539382-unmod	8	17
chr2:219539406-mod	1	4
chr2:219539406-unmod	10	13
chr2:219539432-mod	7	8
chr2:219539432-unmod	17	13
chr2:219539482-mod	2	15
chr2:219539482-unmod	11	3
chr2:219539716-mod	6	4
chr2:219539716-unmod	17	13
chr2:219539833-mod	3	7
chr2:219539833-unmod	8	12
chr2:219539945-mod	3	7
chr2:219539945-unmod	8	8
chr2:219540151-mod	2	1
chr2:219540151-unmod	18	13
chr2:219540409-mod	2	5
chr2:219540409-unmod	18	10
chr2:219540526-mod	4	6
chr2:219540526-unmod	6	9
chr2:231712846-mod	1	3
chr2:231712846-unmod	39	39
chr2:231712851-mod	5	9
chr2:231712851-unmod	37	31
chr2:231712897-mod	3	2
chr2:231712897-unmod	32	39
chr2:231713225-mod	14	9
chr2:231713225-unmod	28	40
chr2:231713242-mod	2	1
chr2:231713242-unmod	42	46
chr2:231713276-mod	1	1
chr2:231713276-unmod	45	51
chr2:231713336-mod	2	3
chr2:231713336-unmod	37	46
chr2:24067737-mod	7	4
chr2:24067737-unmod	21	16
chr2:24068433-mod	2	1
chr2:24068433-unmod	35	25
chr2:24068442-mod	3	2
chr2:24068442-unmod	31	23
chr2:24068453-mod	10	5
chr2:24068453-unmod	26	19
chr2:24076200-mod	10	8
chr2:24076200-unmod	26	16
chr2:24076247-mod	6	6
chr2:24076247-unmod	27	16
chr2:241229227-mod	4	1
chr2:241229227-unmod	11	21
chr2:241229347-mod	5	7
chr2:241229347-unmod	31	37
chr2:241229388-mod	1	1
chr2:241229388-unmod	36	44
chr2:241229405-mod	7	7
chr2:241229405-unmod	24	29
chr2:241229514-mod	5	2
chr2:241229514-unmod	28	36
chr2:241229527-mod	3	1
chr2:241229527-unmod	33	24
chr2:241229564-mod	3	6
chr2:241229564-unmod	28	18
chr2:241229582-mod	5	7
chr2:241229582-unmod	33	32
chr2:241229587-mod	3	2
chr2:241229587-unmod	26	20
chr2:241229944-mod	1	2
chr2:241229944-unmod	26	18
chr2:241230863-mod	3	3
chr2:241230863-unmod	29	20
chr2:241230906-mod	9	4
chr2:241230906-unmod	22	17
chr2:241230936-mod	2	3
chr2:241230936-unmod	26	20
chr2:241233853-mod	7	4
chr2:241233853-unmod	22	20
chr2:241235124-mod	4	5
chr2:241235124-unmod	13	18
chr2:241235165-mod	9	5
chr2:241235165-unmod	17	14
chr2:241235181-mod	3	1
chr2:241235181-unmod	13	17
chr2:241235250-mod	4	5
chr2:241235250-unmod	19	17
chr2:241235553-mod	2	2
chr2:241235553-unmod	19	19
chr2:241236672-mod	1	2
chr2:241236672-unmod	9	17
chr2:241495351-mod	3	3
chr2:241495351-unmod	10	7
chr2:26190902-mod	3	2
chr2:26190902-unmod	30	21
chr2:26191071-mod	4	3
chr2:26191071-unmod	32	25
chr2:26191098-mod	1	2
chr2:26191098-unmod	25	18
chr2:26191286-mod	1	4
chr2:26191286-unmod	27	20
chr2:26191349-mod	2	3
chr2:26191349-unmod	28	18
chr2:26193610-mod	3	7
chr2:26193610-unmod	19	18
chr2:27070492-mod	3	2
chr2:27070492-unmod	13	13
chr2:27070711-mod	3	2
chr2:27070711-unmod	37	41
chr2:27071608-mod	3	9
chr2:27071608-unmod	35	28
chr2:27215334-mod	4	7
chr2:27215334-unmod	30	20
chr2:27215726-mod	4	1
chr2:27215726-unmod	30	28
chr2:27215747-mod	4	2
chr2:27215747-unmod	28	24
chr2:27216948-mod	10	10
chr2:27216948-unmod	25	20
chr2:27216969-mod	3	3
chr2:27216969-unmod	34	23
chr2:27216986-mod	6	9
chr2:27216986-unmod	26	21
chr2:3575838-mod	26	36
chr2:3575838-unmod	353	283
chr2:3575844-mod	17	21
chr2:3575844-unmod	337	283
chr2:3580147-mod	31	21
chr2:3580147-unmod	362	298
chr2:3580193-mod	4	2
chr2:3580193-unmod	407	335
chr2:3580228-mod	1	6
chr2:3580228-unmod	366	292
chr2:3580243-mod	9	7
chr2:3580243-unmod	392	326
chr2:3580253-mod	38	39
chr2:3580253-unmod	341	274
chr2:3580810-mod	4	4
chr2:3580810-unmod	385	319
chr2:3580891-mod	37	30
chr2:3580891-unmod	326	275
chr2:42350528-mod	2	3
chr2:42350528-unmod	54	31
chr2:42350616-mod	2	1
chr2:42350616-unmod	46	30
chr2:42350839-mod	5	5
chr2:42350839-unmod	48	26
chr2:42350907-mod	18	7
chr2:42350907-unmod	41	30
chr2:42350916-mod	5	7
chr2:42350916-unmod	49	27
chr2:42350949-mod	17	9
chr2:42350949-unmod	39	26
chr2:42351202-mod	39	21
chr2:42351202-unmod	12	9
chr2:42351271-mod	2	1
chr2:42351271-unmod	45	29
chr2:42351283-mod	8	2
chr2:42351283-unmod	39	29
chr2:42351298-mod	1	1
chr2:42351298-unmod	36	29
chr2:42351315-mod	1	2
chr2:42351315-unmod	44	26
chr2:42353279-mod	1	6
chr2:42353279-unmod	43	22
chr2:42353283-mod	9	5
chr2:42353283-unmod	36	26
chr2:42361172-mod	7	5
chr2:42361172-unmod	31	22
chr2:47160396-mod	6	5
chr2:47160396-unmod	10	11
chr2:47160403-mod	10	1
chr2:47160403-unmod	32	24
chr2:47160414-mod	2	1
chr2:47160414-unmod	41	24
chr2:47160450-mod	16	5
chr2:47160450-unmod	25	21
chr2:47160491-mod	6	2
chr2:47160491-unmod	37	24
chr2:47160708-mod	7	2
chr2:47160708-unmod	32	23
chr2:47161828-mod	10	3
chr2:47161828-unmod	31	20
chr2:47162334-mod	3	2
chr2:47162334-unmod	29	13
chr2:47162376-mod	2	2
chr2:47162376-unmod	31	15
chr2:47162544-mod	1	3
chr2:47162544-unmod	35	16
chr2:47162593-mod	10	5
chr2:47162593-unmod	26	15
chr2:47162617-mod	5	2
chr2:47162617-unmod	28	18
chr2:47170751-mod	10	5
chr2:47170751-unmod	24	13
chr2:47170759-mod	1	2
chr2:47170759-unmod	26	13
chr2:54972228-mod	16	5
chr2:54972228-unmod	13	10
chr2:54972253-mod	7	3
chr2:54972253-unmod	24	12
chr2:54972368-mod	13	6
chr2:54972368-unmod	18	7
chr2:54972399-mod	13	5
chr2:54972399-unmod	13	8
chr2:54972429-mod	7	4
chr2:54972429-unmod	17	7
chr2:54973072-mod	1	2
chr2:54973072-unmod	13	10
chr2:54973597-mod	2	2
chr2:54973597-unmod	12	9
chr2:54982559-mod	3	2
chr2:54982559-unmod	9	9
chr2:54982575-mod	5	3
chr2:54982575-unmod	8	9
chr2:55050049-mod	2	2
chr2:55050049-unmod	8	9
chr2:55232842-mod	2	2
chr2:55232842-unmod	373	363
chr2:55233367-mod	46	33
chr2:55233367-unmod	360	362
chr2:55234187-mod	38	31
chr2:55234187-unmod	389	406
chr2:55234856-mod	20	11
chr2:55234856-unmod	417	425
chr2:55235515-mod	1	2
chr2:55235515-unmod	447	438
chr2:55235519-mod	2	5
chr2:55235519-unmod	380	367
chr2:55235544-mod	78	54
chr2:55235544-unmod	322	339
chr2:55235569-mod	8	6
chr2:55235569-unmod	368	381
chr2:55235576-mod	41	24
chr2:55235576-unmod	388	398
chr2:55235596-mod	9	13
chr2:55235596-unmod	225	240
chr2:55235602-mod	49	48
chr2:55235602-unmod	100	114
chr2:61868445-mod	1	1
chr2:61868445-unmod	12	16
chr2:61868678-mod	8	7
chr2:61868678-unmod	33	37
chr2:61868682-mod	3	5
chr2:61868682-unmod	38	44
chr2:61869471-mod	6	2
chr2:61869471-unmod	34	42
chr2:61869486-mod	4	8
chr2:61869486-unmod	35	37
chr2:61869526-mod	5	10
chr2:61869526-unmod	32	39
chr2:61872104-mod	2	1
chr2:61872104-unmod	39	46
chr2:61872135-mod	3	8
chr2:61872135-unmod	35	39
chr2:61872248-mod	6	11
chr2:61872248-unmod	31	32
chr2:61872263-mod	2	1
chr2:61872263-unmod	37	45
chr2:61876193-mod	2	1
chr2:61876193-unmod	24	21
chr2:61876208-mod	1	4
chr2:61876208-unmod	26	23
chr2:61877037-mod	5	1
chr2:61877037-unmod	24	23
chr2:61877449-mod	1	3
chr2:61877449-unmod	25	17
chr2:61878875-mod	6	11
chr2:61878875-unmod	20	14
chr2:61878922-mod	9	11
chr2:61878922-unmod	17	10
chr2:61878941-mod	3	1
chr2:61878941-unmod	21	21
chr2:61878945-mod	3	1
chr2:61878945-unmod	12	23
chr2:61885051-mod	1	1
chr2:61885051-unmod	12	19
chr2:63606938-mod	3	4
chr2:63606938-unmod	17	20
chr2:63606986-mod	1	5
chr2:63606986-unmod	10	8
chr2:63607043-mod	2	4
chr2:63607043-unmod	18	20
chr2:73239672-mod	2	7
chr2:73239672-unmod	10	12
chr2:73244026-mod	2	1
chr2:73244026-unmod	23	17
chr2:73247797-mod	1	2
chr2:73247797-unmod	34	23
chr2:73249126-mod	1	1
chr2:73249126-unmod	34	40
chr2:73251266-mod	11	7
chr2:73251266-unmod	29	34
chr2:73251297-mod	8	7
chr2:73251297-unmod	34	37
chr2:73251373-mod	3	4
chr2:73251373-unmod	36	30
chr2:73252661-mod	1	1
chr2:73252661-unmod	43	42
chr2:73252793-mod	23	12
chr2:73252793-unmod	19	24
chr2:74361613-mod	1	1
chr2:74361613-unmod	9	10
chr2:74362085-mod	5	7
chr2:74362085-unmod	6	6
chr2:74365157-mod	4	6
chr2:74365157-unmod	6	5
chr2:74365174-mod	2	1
chr2:74365174-unmod	8	11
chr2:74472074-mod	3	11
chr2:74472074-unmod	8	16
chr2:84905710-mod	7	25
chr2:84905710-unmod	65	395
chr2:84906033-mod	8	9
chr2:84906033-unmod	76	403
chr2:84906096-mod	5	38
chr2:84906096-unmod	97	394
chr2:84906500-mod	1	5
chr2:84906500-unmod	92	348
chr2:84906525-mod	45	182
chr2:84906525-unmod	67	274
chr2:84906573-mod	13	41
chr2:84906573-unmod	110	427
chr2:84906589-mod	44	165
chr2:84906589-unmod	64	262
chr2:85394902-mod	6	14
chr2:85394902-unmod	11	28
chr2:85395544-mod	7	14
chr2:85395544-unmod	30	47
chr2:85398069-mod	4	5
chr2:85398069-unmod	33	44
chr2:85398086-mod	16	24
chr2:85398086-unmod	21	32
chr2:85398108-mod	5	9
chr2:85398108-unmod	27	42
chr2:85398126-mod	8	14
chr2:85398126-unmod	29	46
chr2:85398134-mod	1	1
chr2:85398134-unmod	34	54
chr2:85399205-mod	1	2
chr2:85399205-unmod	25	42
chr2:85399226-mod	1	6
chr2:85399226-unmod	33	46
chr2:85399283-mod	8	8
chr2:85399283-unmod	29	49
chr2:85401174-mod	2	1
chr2:85401174-unmod	33	45
chr2:85401189-mod	3	10
chr2:85401189-unmod	27	41
chr2:85401207-mod	2	3
chr2:85401207-unmod	28	47
chr2:85401213-mod	10	28
chr2:85401213-unmod	23	26
chr2:85401298-mod	5	7
chr2:85401298-unmod	26	38
chr2:85401568-mod	4	6
chr2:85401568-unmod	27	46
chr2:85595823-mod	2	3
chr2:85595823-unmod	9	22
chr2:85596613-mod	3	5
chr2:85596613-unmod	7	18
chr2:9584089-mod	3	5
chr2:9584089-unmod	13	13
chr2:9584129-mod	5	6
chr2:9584129-unmod	26	14
chr2:9584351-mod	2	3
chr2:9584351-unmod	54	37
chr2:9584378-mod	1	1
chr2:9584378-unmod	51	39
chr2:9584459-mod	2	1
chr2:9584459-unmod	61	48
chr2:9584899-mod	11	12
chr2:9584899-unmod	51	39
chr2:9584967-mod	11	11
chr2:9584967-unmod	40	36
chr2:9584983-mod	8	7
chr2:9584983-unmod	37	35
chr2:9585016-mod	3	5
chr2:9585016-unmod	49	39
chr2:9587465-mod	1	3
chr2:9587465-unmod	48	40
chr2:9587485-mod	1	3
chr2:9587485-unmod	48	40
chr2:9630210-mod	4	6
chr2:9630210-unmod	37	37
chr2:9630364-mod	4	1
chr2:9630364-unmod	24	40
chr2:9630442-mod	4	1
chr2:9630442-unmod	21	35
chr2:97647136-mod	5	8
chr2:97647136-unmod	74	82
chr2:97647344-mod	5	4
chr2:97647344-unmod	69	92
chr2:97648004-mod	5	2
chr2:97648004-unmod	68	92
chr3:100748515-mod	2	1
chr3:100748515-unmod	8	14
chr3:100748584-mod	6	11
chr3:100748584-unmod	5	8
chr3:100748689-mod	1	1
chr3:100748689-unmod	9	11
chr3:10126490-mod	2	1
chr3:10126490-unmod	8	14
chr3:10126586-mod	1	4
chr3:10126586-unmod	9	13
chr3:101681095-mod	7	5
chr3:101681095-unmod	37	57
chr3:101681133-mod	27	31
chr3:101681133-unmod	198	205
chr3:101682448-mod	4	6
chr3:101682448-unmod	176	203
chr3:101682781-mod	2	5
chr3:101682781-unmod	205	210
chr3:101682885-mod	23	23
chr3:101682885-unmod	192	192
chr3:101685823-mod	40	41
chr3:101685823-unmod	157	176
chr3:101685855-mod	7	19
chr3:101685855-unmod	199	194
chr3:101686492-mod	6	12
chr3:101686492-unmod	189	195
chr3:120601186-mod	1	2
chr3:120601186-unmod	22	36
chr3:120601248-mod	1	2
chr3:120601248-unmod	11	35
chr3:120602249-mod	4	11
chr3:120602249-unmod	19	30
chr3:122341494-mod	2	2
chr3:122341494-unmod	44	77
chr3:122341505-mod	6	17
chr3:122341505-unmod	60	98
chr3:128070231-mod	1	1
chr3:128070231-unmod	9	10
chr3:128070320-mod	1	3
chr3:128070320-unmod	10	8
chr3:128070508-mod	1	3
chr3:128070508-unmod	10	8
chr3:128070527-mod	3	2
chr3:128070527-unmod	7	10
chr3:128070543-mod	5	9
chr3:128070543-unmod	5	4
chr3:128070783-mod	1	1
chr3:128070783-unmod	9	12
chr3:128071046-mod	1	1
chr3:128071046-unmod	9	12
chr3:128071162-mod	1	1
chr3:128071162-unmod	23	13
chr3:128071633-mod	8	1
chr3:128071633-unmod	18	12
chr3:128071655-mod	1	1
chr3:128071655-unmod	21	12
chr3:12836052-mod	13	18
chr3:12836052-unmod	139	221
chr3:12836181-mod	30	57
chr3:12836181-unmod	258	300
chr3:12839430-mod	2	1
chr3:12839430-unmod	283	355
chr3:12839501-mod	2	6
chr3:12839501-unmod	253	342
chr3:12839515-mod	1	1
chr3:12839515-unmod	233	319
chr3:12839525-mod	8	9
chr3:12839525-unmod	265	352
chr3:12840160-mod	1	1
chr3:12840160-unmod	218	294
chr3:12840188-mod	15	14
chr3:12840188-unmod	245	337
chr3:129169822-mod	3	2
chr3:129169822-unmod	25	16
chr3:129169839-mod	8	6
chr3:129169839-unmod	19	11
chr3:129169869-mod	2	1
chr3:129169869-unmod	24	18
chr3:129169896-mod	4	5
chr3:129169896-unmod	24	15
chr3:129169983-mod	5	2
chr3:129169983-unmod	21	13
chr3:129170038-mod	2	4
chr3:129170038-unmod	24	13
chr3:129170089-mod	8	8
chr3:129170089-unmod	17	11
chr3:129170559-mod	1	3
chr3:129170559-unmod	21	16
chr3:129171165-mod	3	4
chr3:129171165-unmod	19	14
chr3:129171237-mod	4	5
chr3:129171237-unmod	16	14
chr3:150544344-mod	1	6
chr3:150544344-unmod	39	13
chr3:150544408-mod	20	9
chr3:150544408-unmod	23	11
chr3:150544448-mod	2	2
chr3:150544448-unmod	48	31
chr3:150544452-mod	16	11
chr3:150544452-unmod	33	21
chr3:150546085-mod	5	3
chr3:150546085-unmod	40	28
chr3:150546249-mod	9	1
chr3:150546249-unmod	24	17
chr3:156543235-mod	7	8
chr3:156543235-unmod	41	22
chr3:156543266-mod	9	10
chr3:156543266-unmod	38	24
chr3:156544322-mod	3	1
chr3:156544322-unmod	41	20
chr3:156548962-mod	5	3
chr3:156548962-unmod	39	31
chr3:156555048-mod	1	2
chr3:156555048-unmod	44	29
chr3:179624000-mod	1	2
chr3:179624000-unmod	9	10
chr3:184180884-mod	2	3
chr3:184180884-unmod	11	10
chr3:184181760-mod	1	1
chr3:184181760-unmod	11	13
chr3:184182172-mod	3	3
chr3:184182172-unmod	9	10
chr3:184182860-mod	4	9
chr3:184182860-unmod	10	17
chr3:184183531-mod	2	2
chr3:184183531-unmod	15	33
chr3:184183542-mod	7	6
chr3:184183542-unmod	6	10
chr3:184183777-mod	2	3
chr3:184183777-unmod	15	30
chr3:184183881-mod	1	3
chr3:184183881-unmod	12	15
chr3:184184050-mod	1	2
chr3:184184050-unmod	9	15
chr3:184306398-mod	6	5
chr3:184306398-unmod	7	13
chr3:184307492-mod	2	1
chr3:184307492-unmod	12	18
chr3:184307895-mod	1	2
chr3:184307895-unmod	14	19
chr3:184307975-mod	1	3
chr3:184307975-unmod	12	10
chr3:184308870-mod	1	1
chr3:184308870-unmod	29	22
chr3:184308893-mod	1	1
chr3:184308893-unmod	30	24
chr3:184308910-mod	15	14
chr3:184308910-unmod	17	11
chr3:184308971-mod	2	2
chr3:184308971-unmod	32	23
chr3:184334897-mod	1	1
chr3:184334897-unmod	12	11
chr3:184334926-mod	3	3
chr3:184334926-unmod	11	10
chr3:184334971-mod	8	10
chr3:184334971-unmod	4	2
chr3:184335031-mod	4	5
chr3:184335031-unmod	9	7
chr3:197950951-mod	9	10
chr3:197950951-unmod	168	217
chr3:197950964-mod	16	15
chr3:197950964-unmod	163	220
chr3:197951205-mod	1	1
chr3:197951205-unmod	187	236
chr3:197954001-mod	7	11
chr3:197954001-unmod	165	216
chr3:197954076-mod	1	2
chr3:197954076-unmod	182	222
chr3:197954131-mod	3	5
chr3:197954131-unmod	115	174
chr3:197955773-mod	2	4
chr3:197955773-unmod	189	227
chr3:23919325-mod	34	33
chr3:23919325-unmod	499	592
chr3:23919378-mod	7	7
chr3:23919378-unmod	528	610
chr3:23919545-mod	80	87
chr3:23919545-unmod	209	272
chr3:23919584-mod	2	5
chr3:23919584-unmod	110	111
chr3:23919652-mod	4	7
chr3:23919652-unmod	87	99
chr3:23919742-mod	6	2
chr3:23919742-unmod	96	97
chr3:23919790-mod	10	8
chr3:23919790-unmod	32	36
chr3:23920465-mod	3	2
chr3:23920465-unmod	29	25
chr3:23920489-mod	1	1
chr3:23920489-unmod	39	34
chr3:23920618-mod	6	5
chr3:23920618-unmod	35	29
chr3:23920627-mod	4	3
chr3:23920627-unmod	32	28
chr3:23920651-mod	5	2
chr3:23920651-unmod	37	34
chr3:33114498-mod	3	3
chr3:33114498-unmod	22	23
chr3:33124447-mod	8	10
chr3:33124447-unmod	24	20
chr3:33124455-mod	2	1
chr3:33124455-unmod	31	29
chr3:33124549-mod	5	1
chr3:33124549-unmod	28	28
chr3:33134205-mod	5	3
chr3:33134205-unmod	29	23
chr3:33134230-mod	1	2
chr3:33134230-unmod	41	34
chr3:33142429-mod	10	11
chr3:33142429-unmod	31	25
chr3:33142466-mod	4	1
chr3:33142466-unmod	28	17
chr3:33142586-mod	5	3
chr3:33142586-unmod	35	35
chr3:33142875-mod	2	5
chr3:33142875-unmod	42	37
chr3:33142882-mod	3	2
chr3:33142882-unmod	39	35
chr3:39407632-mod	41	48
chr3:39407632-unmod	557	570
chr3:39407719-mod	12	17
chr3:39407719-unmod	573	578
chr3:39407744-mod	55	50
chr3:39407744-unmod	456	489
chr3:39407757-mod	63	55
chr3:39407757-unmod	476	479
chr3:39408631-mod	113	89
chr3:39408631-unmod	512	558
chr3:39410819-mod	28	28
chr3:39410819-unmod	604	614
chr3:39410877-mod	50	50
chr3:39410877-unmod	533	571
chr3:39410889-mod	33	40
chr3:39410889-unmod	597	620
chr3:39410973-mod	6	6
chr3:39410973-unmod	635	636
chr3:39411725-mod	217	257
chr3:39411725-unmod	511	462
chr3:39411934-mod	9	19
chr3:39411934-unmod	794	813
chr3:39411961-mod	90	88
chr3:39411961-unmod	640	662
chr3:39412007-mod	7	6
chr3:39412007-unmod	731	730
chr3:39412276-mod	10	12
chr3:39412276-unmod	628	638
chr3:39412303-mod	17	11
chr3:39412303-unmod	736	731
chr3:39412357-mod	267	287
chr3:39412357-unmod	530	501
chr3:39412422-mod	6	8
chr3:39412422-unmod	633	651
chr3:40457939-mod	10	16
chr3:40457939-unmod	249	181
chr3:40457986-mod	6	3
chr3:40457986-unmod	241	182
chr3:40458655-mod	4	2
chr3:40458655-unmod	199	163
chr3:40458676-mod	1	1
chr3:40458676-unmod	260	210
chr3:40461447-mod	1	1
chr3:40461447-unmod	275	220
chr3:40461619-mod	1	1
chr3:40461619-unmod	265	225
chr3:40461942-mod	3	5
chr3:40461942-unmod	273	219
chr3:47851640-mod	3	4
chr3:47851640-unmod	7	7
chr3:48468067-mod	2	1
chr3:48468067-unmod	19	17
chr3:48599027-mod	9	19
chr3:48599027-unmod	38	44
chr3:48599065-mod	1	3
chr3:48599065-unmod	63	78
chr3:48599170-mod	1	1
chr3:48599170-unmod	63	83
chr3:48599660-mod	1	1
chr3:48599660-unmod	65	87
chr3:48600109-mod	6	11
chr3:48600109-unmod	57	68
chr3:48600129-mod	4	7
chr3:48600129-unmod	54	67
chr3:48600516-mod	3	4
chr3:48600516-unmod	62	83
chr3:48600724-mod	1	3
chr3:48600724-unmod	50	73
chr3:48600996-mod	9	11
chr3:48600996-unmod	41	69
chr3:48601041-mod	3	1
chr3:48601041-unmod	46	70
chr3:48604385-mod	1	2
chr3:48604385-unmod	41	67
chr3:48604400-mod	15	15
chr3:48604400-unmod	25	56
chr3:49024668-mod	4	3
chr3:49024668-unmod	32	43
chr3:49024751-mod	7	10
chr3:49024751-unmod	35	34
chr3:49024907-mod	2	1
chr3:49024907-unmod	32	19
chr3:49026394-mod	2	2
chr3:49026394-unmod	31	20
chr3:49026723-mod	2	1
chr3:49026723-unmod	31	21
chr3:49026810-mod	1	1
chr3:49026810-unmod	30	22
chr3:49027725-mod	2	2
chr3:49027725-unmod	31	19
chr3:49027730-mod	4	2
chr3:49027730-unmod	28	20
chr3:49027755-mod	1	1
chr3:49027755-unmod	32	31
chr3:49027907-mod	8	7
chr3:49027907-unmod	24	24
chr3:49028513-mod	4	1
chr3:49028513-unmod	22	19
chr3:49028525-mod	4	8
chr3:49028525-unmod	23	24
chr3:49029299-mod	1	6
chr3:49029299-unmod	23	13
chr3:49095949-mod	1	7
chr3:49095949-unmod	10	31
chr3:49096013-mod	4	4
chr3:49096013-unmod	13	42
chr3:49096063-mod	7	16
chr3:49096063-unmod	7	20
chr3:49098007-mod	1	2
chr3:49098007-unmod	12	34
chr3:49098082-mod	4	8
chr3:49098082-unmod	7	28
chr3:49098201-mod	1	1
chr3:49098201-unmod	13	39
chr3:49098894-mod	2	8
chr3:49098894-unmod	11	36
chr3:49357220-mod	2	2
chr3:49357220-unmod	199	185
chr3:49357288-mod	22	24
chr3:49357288-unmod	240	204
chr3:49357303-mod	1	5
chr3:49357303-unmod	278	228
chr3:49357427-mod	26	19
chr3:49357427-unmod	224	202
chr3:49357439-mod	5	1
chr3:49357439-unmod	231	208
chr3:49357446-mod	3	3
chr3:49357446-unmod	269	227
chr3:49357511-mod	76	65
chr3:49357511-unmod	186	173
chr3:49357566-mod	5	4
chr3:49357566-unmod	247	218
chr3:49358077-mod	19	12
chr3:49358077-unmod	216	199
chr3:49358114-mod	15	19
chr3:49358114-unmod	235	211
chr3:49358288-mod	18	8
chr3:49358288-unmod	195	170
chr3:49359209-mod	7	7
chr3:49359209-unmod	65	78
chr3:49359325-mod	6	9
chr3:49359325-unmod	51	68
chr3:49359870-mod	6	7
chr3:49359870-unmod	96	119
chr3:49359881-mod	1	2
chr3:49359881-unmod	102	124
chr3:49359902-mod	4	4
chr3:49359902-unmod	97	119
chr3:49359971-mod	9	8
chr3:49359971-unmod	54	71
chr3:49362605-mod	4	1
chr3:49362605-unmod	34	58
chr3:49375467-mod	4	7
chr3:49375467-unmod	38	57
chr3:49375506-mod	4	4
chr3:49375506-unmod	35	58
chr3:49375534-mod	1	2
chr3:49375534-unmod	34	41
chr3:49411838-mod	1	1
chr3:49411838-unmod	25	44
chr3:49675693-mod	3	3
chr3:49675693-unmod	7	8
chr3:49678854-mod	2	3
chr3:49678854-unmod	8	13
chr3:49679593-mod	1	2
chr3:49679593-unmod	9	12
chr3:49680582-mod	1	2
chr3:49680582-unmod	9	14
chr3:49681730-mod	1	2
chr3:49681730-unmod	9	12
chr3:49682350-mod	1	4
chr3:49682350-unmod	11	12
chr3:49682380-mod	2	1
chr3:49682380-unmod	9	16
chr3:49682556-mod	4	3
chr3:49682556-unmod	6	14
chr3:49682574-mod	1	3
chr3:49682574-unmod	11	13
chr3:49682877-mod	2	2
chr3:49682877-unmod	9	12
chr3:49683441-mod	3	2
chr3:49683441-unmod	8	10
chr3:50256226-mod	1	4
chr3:50256226-unmod	15	12
chr3:50256307-mod	1	1
chr3:50256307-unmod	14	12
chr3:50256937-mod	4	5
chr3:50256937-unmod	13	14
chr3:50257065-mod	1	1
chr3:50257065-unmod	16	14
chr3:50257550-mod	5	1
chr3:50257550-unmod	22	15
chr3:50257673-mod	1	4
chr3:50257673-unmod	14	13
chr3:50258909-mod	6	7
chr3:50258909-unmod	28	18
chr3:50258925-mod	1	2
chr3:50258925-unmod	31	21
chr3:50258940-mod	1	1
chr3:50258940-unmod	34	23
chr3:50258950-mod	5	3
chr3:50258950-unmod	29	19
chr3:50258964-mod	2	2
chr3:50258964-unmod	21	14
chr3:50258999-mod	2	2
chr3:50258999-unmod	31	24
chr3:50259206-mod	10	6
chr3:50259206-unmod	28	21
chr3:50259275-mod	10	5
chr3:50259275-unmod	23	21
chr3:51388904-mod	1	1
chr3:51388904-unmod	10	9
chr3:51389037-mod	8	11
chr3:51389037-unmod	4	6
chr3:51993719-mod	210	255
chr3:51993719-unmod	232	266
chr3:51993727-mod	113	123
chr3:51993727-unmod	281	307
chr3:51993831-mod	1	2
chr3:51993831-unmod	450	541
chr3:51994103-mod	22	17
chr3:51994103-unmod	362	456
chr3:51994121-mod	9	15
chr3:51994121-unmod	274	340
chr3:51995444-mod	11	10
chr3:51995444-unmod	361	447
chr3:51995462-mod	3	4
chr3:51995462-unmod	309	404
chr3:52048959-mod	2	2
chr3:52048959-unmod	9	10
chr3:52049019-mod	2	1
chr3:52049019-unmod	10	11
chr3:52049345-mod	10	2
chr3:52049345-unmod	3	8
chr3:52706669-mod	6	2
chr3:52706669-unmod	30	16
chr3:52706824-mod	9	4
chr3:52706824-unmod	34	19
chr3:52706837-mod	9	4
chr3:52706837-unmod	32	28
chr3:52707689-mod	1	1
chr3:52707689-unmod	39	20
chr3:52708026-mod	18	13
chr3:52708026-unmod	31	21
chr3:53226769-mod	9	35
chr3:53226769-unmod	131	379
chr3:53226822-mod	11	26
chr3:53226822-unmod	147	433
chr3:53226829-mod	3	24
chr3:53226829-unmod	149	371
chr3:53226853-mod	3	13
chr3:53226853-unmod	150	420
chr3:53228068-mod	41	150
chr3:53228068-unmod	127	326
chr3:53228097-mod	4	5
chr3:53228097-unmod	155	466
chr3:53228118-mod	2	26
chr3:53228118-unmod	151	418
chr3:53228126-mod	1	3
chr3:53228126-unmod	159	453
chr3:53228284-mod	7	26
chr3:53228284-unmod	104	317
chr3:53228297-mod	13	48
chr3:53228297-unmod	111	355
chr3:53228309-mod	1	1
chr3:53228309-unmod	145	462
chr3:53228340-mod	4	13
chr3:53228340-unmod	66	213
chr3:53229024-mod	31	82
chr3:53229024-unmod	107	357
chr3:53229350-mod	3	12
chr3:53229350-unmod	116	345
chr3:53230460-mod	26	110
chr3:53230460-unmod	90	290
chr3:53230493-mod	2	14
chr3:53230493-unmod	102	330
chr3:53230541-mod	7	25
chr3:53230541-unmod	81	300
chr3:53230565-mod	8	27
chr3:53230565-unmod	100	343
chr3:53231360-mod	4	7
chr3:53231360-unmod	87	318
chr3:53231408-mod	2	7
chr3:53231408-unmod	90	314
chr3:53235012-mod	1	1
chr3:53235012-unmod	63	218
chr3:53235039-mod	7	18
chr3:53235039-unmod	78	299
chr3:53235084-mod	6	12
chr3:53235084-unmod	59	212
chr3:53241174-mod	7	31
chr3:53241174-unmod	79	260
chr3:53242164-mod	6	22
chr3:53242164-unmod	70	230
chr3:53255892-mod	6	10
chr3:53255892-unmod	70	236
chr3:53255919-mod	4	11
chr3:53255919-unmod	64	207
chr3:57571689-mod	1	2
chr3:57571689-unmod	9	9
chr3:57572089-mod	1	2
chr3:57572089-unmod	11	12
chr3:57572111-mod	8	1
chr3:57572111-unmod	13	11
chr3:57572186-mod	1	1
chr3:57572186-unmod	11	10
chr3:57572242-mod	1	1
chr3:57572242-unmod	10	9
chr3:57572247-mod	3	2
chr3:57572247-unmod	9	12
chr3:57572264-mod	5	3
chr3:57572264-unmod	6	11
chr3:57575549-mod	2	9
chr3:57575549-unmod	8	5
chr3:58138343-mod	3	1
chr3:58138343-unmod	7	13
chr3:58148679-mod	5	6
chr3:58148679-unmod	19	20
chr3:58148809-mod	2	1
chr3:58148809-unmod	22	23
chr3:58148825-mod	3	3
chr3:58148825-unmod	19	21
chr3:58149909-mod	1	3
chr3:58149909-unmod	24	21
chr3:58150206-mod	1	2
chr3:58150206-unmod	28	21
chr3:58150212-mod	6	6
chr3:58150212-unmod	21	21
chr3:58153427-mod	5	6
chr3:58153427-unmod	28	23
chr3:58153458-mod	4	3
chr3:58153458-unmod	31	23
chr3:58163279-mod	3	3
chr3:58163279-unmod	54	31
chr3:58163310-mod	5	4
chr3:58163310-unmod	48	31
chr3:58168586-mod	2	1
chr3:58168586-unmod	58	38
chr3:58168654-mod	9	9
chr3:58168654-unmod	44	25
chr3:58169651-mod	10	5
chr3:58169651-unmod	52	37
chr3:58169669-mod	1	1
chr3:58169669-unmod	60	41
chr3:58169778-mod	8	5
chr3:58169778-unmod	44	29
chr3:58170722-mod	8	5
chr3:58170722-unmod	57	41
chr3:58170763-mod	1	1
chr3:58170763-unmod	43	30
chr3:58170921-mod	3	7
chr3:58170921-unmod	12	11
chr3:58170932-mod	1	1
chr3:58170932-unmod	12	16
chr3:58171010-mod	6	3
chr3:58171010-unmod	10	16
chr3:58171043-mod	4	1
chr3:58171043-unmod	22	18
chr3:58171054-mod	8	3
chr3:58171054-unmod	17	13
chr3:58171064-mod	8	3
chr3:58171064-unmod	8	13
chr3:58171086-mod	1	1
chr3:58171086-unmod	13	17
chr3:58171200-mod	6	2
chr3:58171200-unmod	9	15
chr3:58171358-mod	1	1
chr3:58171358-unmod	26	19
chr3:58171451-mod	2	3
chr3:58171451-unmod	13	15
chr3:58171696-mod	2	2
chr3:58171696-unmod	16	20
chr3:58171771-mod	1	1
chr3:58171771-unmod	29	21
chr3:58172124-mod	5	2
chr3:58172124-unmod	17	20
chr3:58172149-mod	5	4
chr3:58172149-unmod	31	23
chr3:58172171-mod	2	1
chr3:58172171-unmod	21	23
chr3:58172221-mod	9	7
chr3:58172221-unmod	16	18
chr3:9780004-mod	1	1
chr3:9780004-unmod	23	12
chr3:9780414-mod	2	2
chr3:9780414-unmod	21	11
chr3:9784123-mod	2	1
chr3:9784123-unmod	12	12
chr4:10075316-mod	1	2
chr4:10075316-unmod	10	18
chr4:10075327-mod	3	4
chr4:10075327-unmod	8	17
chr4:10075338-mod	6	3
chr4:10075338-unmod	5	16
chr4:10077329-mod	1	1
chr4:10077329-unmod	10	18
chr4:10077382-mod	3	9
chr4:10077382-unmod	7	9
chr4:10083120-mod	3	2
chr4:10083120-unmod	7	17
chr4:10087860-mod	3	2
chr4:10087860-unmod	7	14
chr4:10097740-mod	1	1
chr4:10097740-unmod	9	13
chr4:10097762-mod	1	3
chr4:10097762-unmod	9	14
chr4:102797098-mod	1	1
chr4:102797098-unmod	11	11
chr4:102797208-mod	1	1
chr4:102797208-unmod	10	10
chr4:108621974-mod	9	14
chr4:108621974-unmod	366	431
chr4:108622016-mod	13	11
chr4:108622016-unmod	329	381
chr4:108622111-mod	18	20
chr4:108622111-unmod	367	424
chr4:108622528-mod	6	8
chr4:108622528-unmod	371	427
chr4:108622556-mod	1	2
chr4:108622556-unmod	405	452
chr4:108622614-mod	26	45
chr4:108622614-unmod	326	363
chr4:108625221-mod	6	6
chr4:108625221-unmod	365	428
chr4:108655588-mod	2	1
chr4:108655588-unmod	10	11
chr4:108655618-mod	2	1
chr4:108655618-unmod	10	11
chr4:108657476-mod	1	2
chr4:108657476-unmod	9	9
chr4:108667421-mod	1	3
chr4:108667421-unmod	14	8
chr4:108667449-mod	1	1
chr4:108667449-unmod	15	9
chr4:118278978-mod	18	9
chr4:118278978-unmod	17	3
chr4:118279032-mod	6	1
chr4:118279032-unmod	50	12
chr4:118279401-mod	5	3
chr4:118279401-unmod	52	10
chr4:118279678-mod	17	1
chr4:118279678-unmod	32	9
chr4:118279733-mod	8	2
chr4:118279733-unmod	48	10
chr4:121668102-mod	11	8
chr4:121668102-unmod	17	36
chr4:121668274-mod	2	2
chr4:121668274-unmod	26	34
chr4:121668342-mod	1	1
chr4:121668342-unmod	21	32
chr4:151099643-mod	12	10
chr4:151099643-unmod	69	86
chr4:151099668-mod	2	4
chr4:151099668-unmod	208	357
chr4:151100575-mod	21	32
chr4:151100575-unmod	187	330
chr4:151100584-mod	3	9
chr4:151100584-unmod	230	383
chr4:151101091-mod	4	12
chr4:151101091-unmod	257	408
chr4:151101099-mod	10	26
chr4:151101099-unmod	222	355
chr4:151101103-mod	9	9
chr4:151101103-unmod	244	406
chr4:151101130-mod	10	21
chr4:151101130-unmod	235	363
chr4:151102900-mod	4	1
chr4:151102900-unmod	264	398
chr4:151103032-mod	6	4
chr4:151103032-unmod	280	427
chr4:151103054-mod	10	15
chr4:151103054-unmod	279	426
chr4:151104184-mod	5	10
chr4:151104184-unmod	282	423
chr4:151104199-mod	2	2
chr4:151104199-unmod	283	425
chr4:151104568-mod	24	39
chr4:151104568-unmod	268	396
chr4:151104600-mod	9	6
chr4:151104600-unmod	262	410
chr4:15935625-mod	2	6
chr4:15935625-unmod	10	4
chr4:15935833-mod	5	7
chr4:15935833-unmod	6	8
chr4:15935940-mod	7	9
chr4:15935940-unmod	5	4
chr4:15935983-mod	2	2
chr4:15935983-unmod	10	13
chr4:15936007-mod	2	3
chr4:15936007-unmod	10	12
chr4:15936033-mod	1	3
chr4:15936033-unmod	10	10
chr4:15936097-mod	3	3
chr4:15936097-unmod	9	12
chr4:15936159-mod	1	3
chr4:15936159-unmod	11	12
chr4:15936258-mod	2	2
chr4:15936258-unmod	10	12
chr4:15936366-mod	3	10
chr4:15936366-unmod	7	3
chr4:15936510-mod	4	7
chr4:15936510-unmod	6	6
chr4:15936518-mod	1	2
chr4:15936518-unmod	11	11
chr4:2042062-mod	8	4
chr4:2042062-unmod	19	6
chr4:2930764-mod	3	2
chr4:2930764-unmod	31	13
chr4:2932633-mod	1	1
chr4:2932633-unmod	34	12
chr4:2933142-mod	8	6
chr4:2933142-unmod	26	11
chr4:2933819-mod	1	1
chr4:2933819-unmod	27	11
chr4:39454136-mod	5	9
chr4:39454136-unmod	90	87
chr4:39454150-mod	18	29
chr4:39454150-unmod	430	490
chr4:39454184-mod	15	2
chr4:39454184-unmod	543	632
chr4:39454193-mod	10	14
chr4:39454193-unmod	608	679
chr4:39454565-mod	157	208
chr4:39454565-unmod	470	504
chr4:39454615-mod	1	4
chr4:39454615-unmod	543	611
chr4:39456409-mod	21	37
chr4:39456409-unmod	592	650
chr4:39457607-mod	79	82
chr4:39457607-unmod	532	620
chr4:39457629-mod	92	85
chr4:39457629-unmod	471	557
chr4:39457645-mod	162	172
chr4:39457645-unmod	460	543
chr4:39457670-mod	1	2
chr4:39457670-unmod	559	643
chr4:39458223-mod	230	265
chr4:39458223-unmod	343	404
chr4:39458245-mod	73	69
chr4:39458245-unmod	535	611
chr4:39458258-mod	14	9
chr4:39458258-unmod	565	658
chr4:39458414-mod	8	14
chr4:39458414-unmod	419	510
chr4:39458432-mod	2	6
chr4:39458432-unmod	521	598
chr4:48885468-mod	2	3
chr4:48885468-unmod	20	51
chr4:48885505-mod	2	2
chr4:48885505-unmod	42	58
chr4:48899898-mod	1	2
chr4:48899898-unmod	35	53
chr4:48906688-mod	2	3
chr4:48906688-unmod	17	43
chr4:57031268-mod	4	7
chr4:57031268-unmod	48	38
chr4:57033208-mod	2	3
chr4:57033208-unmod	45	35
chr4:57033255-mod	1	1
chr4:57033255-unmod	41	33
chr4:57033275-mod	6	12
chr4:57033275-unmod	45	29
chr4:57040827-mod	4	3
chr4:57040827-unmod	44	34
chr4:6641878-mod	5	2
chr4:6641878-unmod	34	20
chr4:6642073-mod	15	11
chr4:6642073-unmod	35	21
chr4:6642091-mod	4	2
chr4:6642091-unmod	39	26
chr4:6642100-mod	1	1
chr4:6642100-unmod	42	25
chr4:6642191-mod	2	2
chr4:6642191-unmod	32	23
chr4:6642196-mod	3	1
chr4:6642196-unmod	40	29
chr4:6642234-mod	18	9
chr4:6642234-unmod	34	22
chr4:6642288-mod	22	15
chr4:6642288-unmod	29	18
chr4:6642307-mod	1	1
chr4:6642307-unmod	49	39
chr4:6642394-mod	4	5
chr4:6642394-unmod	44	21
chr4:6642402-mod	1	1
chr4:6642402-unmod	49	34
chr4:6642424-mod	8	7
chr4:6642424-unmod	40	26
chr4:6642493-mod	17	23
chr4:6642493-unmod	36	20
chr4:6642554-mod	12	14
chr4:6642554-unmod	40	32
chr4:6642568-mod	6	4
chr4:6642568-unmod	42	41
chr4:6642575-mod	2	2
chr4:6642575-unmod	48	42
chr4:6642580-mod	6	6
chr4:6642580-unmod	44	36
chr4:6642665-mod	6	3
chr4:6642665-unmod	20	15
chr4:6642691-mod	2	2
chr4:6642691-unmod	26	19
chr4:673333-mod	6	4
chr4:673333-unmod	4	7
chr4:74445178-mod	6	5
chr4:74445178-unmod	146	98
chr4:74445341-mod	12	12
chr4:74445341-unmod	155	104
chr4:74446554-mod	6	5
chr4:74446554-unmod	135	102
chr4:74446563-mod	2	1
chr4:74446563-unmod	151	106
chr4:74446585-mod	10	6
chr4:74446585-unmod	157	110
chr4:74446599-mod	3	2
chr4:74446599-unmod	146	102
chr4:74446693-mod	58	44
chr4:74446693-unmod	114	79
chr4:74446716-mod	19	22
chr4:74446716-unmod	158	106
chr4:74446741-mod	36	21
chr4:74446741-unmod	154	123
chr4:74449050-mod	43	33
chr4:74449050-unmod	158	105
chr4:74450428-mod	8	5
chr4:74450428-unmod	228	153
chr4:74452552-mod	8	5
chr4:74452552-unmod	221	150
chr4:74452597-mod	1	1
chr4:74452597-unmod	240	153
chr4:74452636-mod	33	34
chr4:74452636-unmod	215	127
chr4:74454831-mod	3	1
chr4:74454831-unmod	217	145
chr4:74454838-mod	18	9
chr4:74454838-unmod	183	133
chr4:74454990-mod	3	1
chr4:74454990-unmod	152	90
chr4:77047204-mod	54	64
chr4:77047204-unmod	106	110
chr4:77047256-mod	13	10
chr4:77047256-unmod	137	154
chr4:77047298-mod	68	63
chr4:77047298-unmod	80	88
chr4:77047348-mod	23	30
chr4:77047348-unmod	145	149
chr4:77047358-mod	1	1
chr4:77047358-unmod	166	173
chr4:77047399-mod	1	3
chr4:77047399-unmod	137	146
chr4:77047436-mod	7	13
chr4:77047436-unmod	157	164
chr4:77047549-mod	17	17
chr4:77047549-unmod	128	148
chr4:77047733-mod	9	13
chr4:77047733-unmod	101	125
chr4:77047742-mod	21	22
chr4:77047742-unmod	94	114
chr4:77047760-mod	10	16
chr4:77047760-unmod	118	131
chr4:77047806-mod	27	40
chr4:77047806-unmod	94	104
chr4:77047981-mod	1	3
chr4:77047981-unmod	110	116
chr4:77048081-mod	8	10
chr4:77048081-unmod	106	110
chr4:77048161-mod	11	27
chr4:77048161-unmod	93	91
chr4:77048179-mod	1	1
chr4:77048179-unmod	103	115
chr4:77048189-mod	3	1
chr4:77048189-unmod	102	114
chr4:77048263-mod	1	4
chr4:77048263-unmod	85	104
chr4:77048357-mod	16	27
chr4:77048357-unmod	89	93
chr4:77048397-mod	2	1
chr4:77048397-unmod	93	108
chr4:77048477-mod	14	14
chr4:77048477-unmod	67	84
chr4:77048489-mod	5	13
chr4:77048489-unmod	74	74
chr4:77048534-mod	7	11
chr4:77048534-unmod	76	94
chr4:77048541-mod	5	4
chr4:77048541-unmod	74	99
chr4:77055167-mod	29	38
chr4:77055167-unmod	45	47
chr4:77075539-mod	3	1
chr4:77075539-unmod	45	71
chr4:77075701-mod	1	1
chr4:77075701-unmod	18	41
chr4:77075713-mod	6	8
chr4:77075713-unmod	15	31
chr4:99072238-mod	5	2
chr4:99072238-unmod	20	9
chr4:99072433-mod	13	10
chr4:99072433-unmod	14	6
chr4:99072592-mod	5	6
chr4:99072592-unmod	10	13
chr4:99072633-mod	3	1
chr4:99072633-unmod	12	17
chr4:99076328-mod	2	2
chr4:99076328-unmod	13	16
chr4:99076713-mod	3	4
chr4:99076713-unmod	10	14
chr4:99081386-mod	1	1
chr4:99081386-unmod	9	16
chr4:99081448-mod	3	1
chr4:99081448-unmod	9	17
chr4:99948153-mod	1	4
chr4:99948153-unmod	45	67
chr4:99948195-mod	2	4
chr4:99948195-unmod	44	63
chr4:99948209-mod	1	5
chr4:99948209-unmod	39	58
chr4:99948386-mod	22	25
chr4:99948386-unmod	16	32
chr4:99948431-mod	12	13
chr4:99948431-unmod	31	46
chr4:99948479-mod	2	6
chr4:99948479-unmod	38	57
chr4:99948931-mod	20	30
chr4:99948931-unmod	23	36
chr4:99949717-mod	6	8
chr4:99949717-unmod	35	56
chr5:10254197-mod	1	1
chr5:10254197-unmod	9	13
chr5:10254785-mod	2	6
chr5:10254785-unmod	8	8
chr5:10256060-mod	2	6
chr5:10256060-unmod	8	7
chr5:10256104-mod	3	4
chr5:10256104-unmod	7	10
chr5:10258429-mod	1	1
chr5:10258429-unmod	10	17
chr5:10260867-mod	1	3
chr5:10260867-unmod	11	16
chr5:10260898-mod	2	1
chr5:10260898-unmod	10	20
chr5:10261701-mod	1	3
chr5:10261701-unmod	12	17
chr5:10262532-mod	1	3
chr5:10262532-unmod	25	20
chr5:10263272-mod	2	5
chr5:10263272-unmod	25	20
chr5:10679553-mod	1	1
chr5:10679553-unmod	10	11
chr5:10679915-mod	2	1
chr5:10679915-unmod	8	12
chr5:112161037-mod	2	3
chr5:112161037-unmod	47	29
chr5:112161185-mod	16	10
chr5:112161185-unmod	32	22
chr5:112161189-mod	20	16
chr5:112161189-unmod	25	15
chr5:112161767-mod	1	1
chr5:112161767-unmod	48	35
chr5:112878717-mod	8	16
chr5:112878717-unmod	15	19
chr5:112887061-mod	2	5
chr5:112887061-unmod	14	27
chr5:112887132-mod	9	15
chr5:112887132-unmod	6	17
chr5:112921245-mod	3	3
chr5:112921245-unmod	8	27
chr5:112922092-mod	5	7
chr5:112922092-unmod	10	15
chr5:112922128-mod	1	2
chr5:112922128-unmod	12	18
chr5:112922132-mod	1	2
chr5:112922132-unmod	13	18
chr5:112922140-mod	1	3
chr5:112922140-unmod	12	15
chr5:1254370-mod	3	2
chr5:1254370-unmod	14	8
chr5:1254415-mod	9	4
chr5:1254415-unmod	8	8
chr5:1260524-mod	3	1
chr5:1260524-unmod	11	10
chr5:1264529-mod	1	2
chr5:1264529-unmod	9	8
chr5:1264550-mod	4	5
chr5:1264550-unmod	8	5
chr5:126544849-mod	4	4
chr5:126544849-unmod	26	25
chr5:126544855-mod	1	1
chr5:126544855-unmod	25	12
chr5:126544861-mod	8	7
chr5:126544861-unmod	15	7
chr5:126544904-mod	4	2
chr5:126544904-unmod	23	26
chr5:126544948-mod	15	22
chr5:126544948-unmod	22	10
chr5:126550248-mod	2	4
chr5:126550248-unmod	20	11
chr5:126552094-mod	3	5
chr5:126552094-unmod	23	10
chr5:126552107-mod	4	1
chr5:126552107-unmod	22	18
chr5:126555941-mod	4	1
chr5:126555941-unmod	19	16
chr5:126561107-mod	1	2
chr5:126561107-unmod	11	17
chr5:126568326-mod	4	3
chr5:126568326-unmod	21	16
chr5:126570803-mod	2	1
chr5:126570803-unmod	21	16
chr5:131159375-mod	2	2
chr5:131159375-unmod	215	141
chr5:131159512-mod	30	21
chr5:131159512-unmod	122	63
chr5:131159602-mod	4	4
chr5:131159602-unmod	213	123
chr5:131165098-mod	12	7
chr5:131165098-unmod	164	105
chr5:1317965-mod	23	12
chr5:1317965-unmod	8	6
chr5:1318175-mod	8	5
chr5:1318175-unmod	28	13
chr5:1318252-mod	6	12
chr5:1318252-unmod	6	5
chr5:1318287-mod	2	5
chr5:1318287-unmod	29	14
chr5:1318372-mod	12	5
chr5:1318372-unmod	17	8
chr5:1321770-mod	1	1
chr5:1321770-unmod	31	16
chr5:132192707-mod	2	2
chr5:132192707-unmod	19	8
chr5:132194967-mod	1	2
chr5:132194967-unmod	10	8
chr5:132194975-mod	2	2
chr5:132194975-unmod	9	8
chr5:132257798-mod	5	5
chr5:132257798-unmod	40	29
chr5:132262695-mod	3	1
chr5:132262695-unmod	22	14
chr5:132262714-mod	7	7
chr5:132262714-unmod	37	27
chr5:132270956-mod	10	4
chr5:132270956-unmod	38	32
chr5:132271000-mod	1	2
chr5:132271000-unmod	24	18
chr5:132271337-mod	8	3
chr5:132271337-unmod	45	31
chr5:132271820-mod	8	2
chr5:132271820-unmod	57	41
chr5:132272047-mod	2	4
chr5:132272047-unmod	53	33
chr5:132272083-mod	10	4
chr5:132272083-unmod	57	39
chr5:132272095-mod	14	13
chr5:132272095-unmod	48	29
chr5:132272219-mod	15	14
chr5:132272219-unmod	51	31
chr5:132272235-mod	8	3
chr5:132272235-unmod	50	41
chr5:132866663-mod	4	2
chr5:132866663-unmod	39	34
chr5:132867522-mod	2	5
chr5:132867522-unmod	73	59
chr5:132867574-mod	1	1
chr5:132867574-unmod	77	71
chr5:132867661-mod	4	4
chr5:132867661-unmod	64	58
chr5:1337910-mod	1	2
chr5:1337910-unmod	22	11
chr5:133972062-mod	6	1
chr5:133972062-unmod	65	40
chr5:133972085-mod	2	4
chr5:133972085-unmod	66	36
chr5:133972200-mod	7	3
chr5:133972200-unmod	61	41
chr5:133972262-mod	5	3
chr5:133972262-unmod	65	54
chr5:133972324-mod	1	1
chr5:133972324-unmod	65	38
chr5:133972337-mod	4	6
chr5:133972337-unmod	60	34
chr5:133972347-mod	9	1
chr5:133972347-unmod	49	40
chr5:133972362-mod	1	1
chr5:133972362-unmod	61	42
chr5:133972418-mod	12	8
chr5:133972418-unmod	48	34
chr5:133972788-mod	18	11
chr5:133972788-unmod	31	28
chr5:133972854-mod	7	6
chr5:133972854-unmod	43	32
chr5:133973802-mod	2	1
chr5:133973802-unmod	47	36
chr5:133973837-mod	4	1
chr5:133973837-unmod	47	37
chr5:133975976-mod	3	2
chr5:133975976-unmod	38	32
chr5:133980804-mod	1	1
chr5:133980804-unmod	37	31
chr5:133990885-mod	2	2
chr5:133990885-unmod	28	25
chr5:133990895-mod	10	11
chr5:133990895-unmod	15	15
chr5:133991078-mod	6	6
chr5:133991078-unmod	9	19
chr5:133991120-mod	1	2
chr5:133991120-unmod	29	26
chr5:134157495-mod	14	18
chr5:134157495-unmod	20	9
chr5:134157500-mod	1	3
chr5:134157500-unmod	29	27
chr5:134157754-mod	1	2
chr5:134157754-unmod	34	29
chr5:134160995-mod	11	6
chr5:134160995-unmod	20	21
chr5:134161057-mod	5	4
chr5:134161057-unmod	23	21
chr5:134161098-mod	2	2
chr5:134161098-unmod	32	25
chr5:134173946-mod	1	1
chr5:134173946-unmod	34	25
chr5:134176858-mod	6	10
chr5:134176858-unmod	9	13
chr5:1341858-mod	1	1
chr5:1341858-unmod	12	13
chr5:134197143-mod	5	3
chr5:134197143-unmod	16	8
chr5:134197175-mod	7	9
chr5:134197175-unmod	15	3
chr5:134197180-mod	1	2
chr5:134197180-unmod	19	9
chr5:134197362-mod	5	2
chr5:134197362-unmod	16	10
chr5:134197738-mod	5	2
chr5:134197738-unmod	6	10
chr5:134199111-mod	5	2
chr5:134199111-unmod	5	9
chr5:135027804-mod	5	5
chr5:135027804-unmod	5	11
chr5:135027944-mod	4	4
chr5:135027944-unmod	6	10
chr5:135028025-mod	1	2
chr5:135028025-unmod	9	13
chr5:135028347-mod	7	11
chr5:135028347-unmod	3	2
chr5:136046860-mod	4	6
chr5:136046860-unmod	61	70
chr5:136046934-mod	10	17
chr5:136046934-unmod	68	61
chr5:136046958-mod	6	6
chr5:136046958-unmod	69	67
chr5:136047279-mod	13	23
chr5:136047279-unmod	66	63
chr5:136047286-mod	25	24
chr5:136047286-unmod	52	54
chr5:136047400-mod	8	11
chr5:136047400-unmod	59	57
chr5:136047411-mod	1	1
chr5:136047411-unmod	72	78
chr5:136049540-mod	3	2
chr5:136049540-unmod	78	86
chr5:136049547-mod	41	28
chr5:136049547-unmod	42	65
chr5:136052915-mod	7	6
chr5:136052915-unmod	75	76
chr5:136053017-mod	1	3
chr5:136053017-unmod	84	88
chr5:136053113-mod	8	6
chr5:136053113-unmod	83	89
chr5:136053947-mod	5	4
chr5:136053947-unmod	81	93
chr5:136053993-mod	5	6
chr5:136053993-unmod	96	100
chr5:136054003-mod	2	5
chr5:136054003-unmod	100	105
chr5:136054720-mod	2	6
chr5:136054720-unmod	86	74
chr5:136054760-mod	5	3
chr5:136054760-unmod	108	107
chr5:136054806-mod	16	14
chr5:136054806-unmod	72	78
chr5:136054810-mod	4	2
chr5:136054810-unmod	72	82
chr5:136054819-mod	4	3
chr5:136054819-unmod	109	120
chr5:136054836-mod	5	5
chr5:136054836-unmod	117	121
chr5:136055695-mod	7	8
chr5:136055695-unmod	106	104
chr5:136055736-mod	8	11
chr5:136055736-unmod	125	120
chr5:136055752-mod	3	1
chr5:136055752-unmod	97	95
chr5:136055763-mod	2	1
chr5:136055763-unmod	134	127
chr5:136055778-mod	19	15
chr5:136055778-unmod	113	112
chr5:136056694-mod	16	9
chr5:136056694-unmod	124	119
chr5:136056704-mod	2	3
chr5:136056704-unmod	138	125
chr5:136056787-mod	2	1
chr5:136056787-unmod	154	143
chr5:136059102-mod	29	33
chr5:136059102-unmod	131	112
chr5:136059194-mod	15	12
chr5:136059194-unmod	131	110
chr5:136060879-mod	9	10
chr5:136060879-unmod	154	133
chr5:136061527-mod	16	15
chr5:136061527-unmod	171	153
chr5:136063293-mod	96	70
chr5:136063293-unmod	88	92
chr5:136063313-mod	1	3
chr5:136063313-unmod	204	183
chr5:136063423-mod	3	1
chr5:136063423-unmod	220	197
chr5:136063452-mod	2	3
chr5:136063452-unmod	217	185
chr5:136063471-mod	8	5
chr5:136063471-unmod	187	161
chr5:136063490-mod	43	25
chr5:136063490-unmod	162	139
chr5:136063512-mod	31	31
chr5:136063512-unmod	199	166
chr5:136063566-mod	4	1
chr5:136063566-unmod	246	208
chr5:136063774-mod	18	17
chr5:136063774-unmod	178	145
chr5:137752740-mod	20	11
chr5:137752740-unmod	14	10
chr5:137752807-mod	4	1
chr5:137752807-unmod	35	22
chr5:137752878-mod	19	11
chr5:137752878-unmod	8	4
chr5:137752903-mod	28	15
chr5:137752903-unmod	2	2
chr5:137752946-mod	20	11
chr5:137752946-unmod	9	3
chr5:137753202-mod	19	15
chr5:137753202-unmod	4	3
chr5:137753936-mod	3	1
chr5:137753936-unmod	8	11
chr5:137753962-mod	9	11
chr5:137753962-unmod	1	3
chr5:137753972-mod	9	14
chr5:137753972-unmod	1	0
chr5:138468660-mod	2	1
chr5:138468660-unmod	10	9
chr5:138469039-mod	13	4
chr5:138469039-unmod	20	9
chr5:138469062-mod	5	2
chr5:138469062-unmod	30	16
chr5:138469148-mod	4	8
chr5:138469148-unmod	29	11
chr5:138469211-mod	11	4
chr5:138469211-unmod	22	13
chr5:138555956-mod	5	2
chr5:138555956-unmod	12	9
chr5:138555979-mod	1	2
chr5:138555979-unmod	15	8
chr5:138932650-mod	11	2
chr5:138932650-unmod	14	11
chr5:138933838-mod	1	2
chr5:138933838-unmod	24	14
chr5:138934042-mod	3	1
chr5:138934042-unmod	22	14
chr5:138934207-mod	3	5
chr5:138934207-unmod	9	12
chr5:138934212-mod	1	3
chr5:138934212-unmod	25	13
chr5:138934240-mod	4	3
chr5:138934240-unmod	24	15
chr5:138934475-mod	2	3
chr5:138934475-unmod	13	13
chr5:138934575-mod	2	1
chr5:138934575-unmod	14	19
chr5:139561657-mod	3	5
chr5:139561657-unmod	14	36
chr5:139600393-mod	4	2
chr5:139600393-unmod	29	44
chr5:139614700-mod	2	2
chr5:139614700-unmod	26	45
chr5:139626780-mod	9	10
chr5:139626780-unmod	23	35
chr5:139626844-mod	4	9
chr5:139626844-unmod	9	31
chr5:140332918-mod	7	6
chr5:140332918-unmod	11	8
chr5:140333049-mod	4	3
chr5:140333049-unmod	12	8
chr5:140333074-mod	4	3
chr5:140333074-unmod	14	10
chr5:140333124-mod	2	3
chr5:140333124-unmod	16	8
chr5:140333209-mod	4	5
chr5:140333209-unmod	9	6
chr5:140645534-mod	13	12
chr5:140645534-unmod	9	21
chr5:140645647-mod	3	3
chr5:140645647-unmod	22	33
chr5:140647359-mod	4	5
chr5:140647359-unmod	22	32
chr5:141515197-mod	1	1
chr5:141515197-unmod	23	16
chr5:141515266-mod	4	3
chr5:141515266-unmod	18	11
chr5:141515281-mod	2	3
chr5:141515281-unmod	19	12
chr5:141515541-mod	9	10
chr5:141515541-unmod	13	6
chr5:141515614-mod	2	2
chr5:141515614-unmod	18	12
chr5:141515626-mod	2	2
chr5:141515626-unmod	19	10
chr5:141515631-mod	3	1
chr5:141515631-unmod	17	14
chr5:141515694-mod	3	2
chr5:141515694-unmod	18	13
chr5:142132220-mod	1	2
chr5:142132220-unmod	10	9
chr5:142135769-mod	1	1
chr5:142135769-unmod	10	9
chr5:142137748-mod	1	2
chr5:142137748-unmod	12	11
chr5:142144650-mod	1	1
chr5:142144650-unmod	20	12
chr5:142152174-mod	5	1
chr5:142152174-unmod	22	11
chr5:142152243-mod	6	3
chr5:142152243-unmod	19	10
chr5:142152601-mod	8	7
chr5:142152601-unmod	26	7
chr5:150444237-mod	8	6
chr5:150444237-unmod	17	46
chr5:150444284-mod	59	80
chr5:150444284-unmod	368	492
chr5:150444328-mod	9	14
chr5:150444328-unmod	402	547
chr5:150445669-mod	1	1
chr5:150445669-unmod	367	496
chr5:150445677-mod	1	8
chr5:150445677-unmod	328	448
chr5:150445683-mod	77	115
chr5:150445683-unmod	324	441
chr5:150446824-mod	9	9
chr5:150446824-unmod	405	566
chr5:150446943-mod	58	57
chr5:150446943-unmod	326	471
chr5:150446958-mod	1	1
chr5:150446958-unmod	409	561
chr5:150447617-mod	6	6
chr5:150447617-unmod	396	560
chr5:150447679-mod	22	37
chr5:150447679-unmod	331	465
chr5:150447697-mod	37	40
chr5:150447697-unmod	352	516
chr5:151028171-mod	2	4
chr5:151028171-unmod	8	10
chr5:151028449-mod	2	4
chr5:151028449-unmod	9	12
chr5:151028547-mod	2	2
chr5:151028547-unmod	9	15
chr5:151028606-mod	1	5
chr5:151028606-unmod	9	12
chr5:151029970-mod	13	16
chr5:151029970-unmod	9	13
chr5:151030054-mod	7	6
chr5:151030054-unmod	54	35
chr5:151030061-mod	2	1
chr5:151030061-unmod	53	41
chr5:151030211-mod	7	2
chr5:151030211-unmod	47	31
chr5:151030438-mod	2	2
chr5:151030438-unmod	42	35
chr5:151030483-mod	2	1
chr5:151030483-unmod	44	35
chr5:151030493-mod	12	16
chr5:151030493-unmod	31	20
chr5:151030543-mod	28	20
chr5:151030543-unmod	15	10
chr5:151030560-mod	28	22
chr5:151030560-unmod	16	8
chr5:151032290-mod	2	1
chr5:151032290-unmod	37	32
chr5:151033689-mod	11	9
chr5:151033689-unmod	20	17
chr5:151033760-mod	3	1
chr5:151033760-unmod	31	27
chr5:151035022-mod	2	1
chr5:151035022-unmod	30	22
chr5:151035687-mod	3	1
chr5:151035687-unmod	14	14
chr5:151268586-mod	3	4
chr5:151268586-unmod	11	18
chr5:151268813-mod	5	5
chr5:151268813-unmod	22	21
chr5:151269123-mod	1	6
chr5:151269123-unmod	26	25
chr5:151742920-mod	7	6
chr5:151742920-unmod	23	34
chr5:151746350-mod	4	1
chr5:151746350-unmod	26	38
chr5:151746385-mod	2	7
chr5:151746385-unmod	30	34
chr5:171387970-mod	1	1
chr5:171387970-unmod	84	80
chr5:171387994-mod	13	15
chr5:171387994-unmod	82	81
chr5:171390057-mod	9	22
chr5:171390057-unmod	85	73
chr5:171391785-mod	7	1
chr5:171391785-unmod	116	142
chr5:171392758-mod	7	8
chr5:171392758-unmod	193	191
chr5:171392924-mod	1	8
chr5:171392924-unmod	219	193
chr5:171405303-mod	7	5
chr5:171405303-unmod	192	203
chr5:171405321-mod	1	1
chr5:171405321-unmod	228	220
chr5:171405331-mod	10	4
chr5:171405331-unmod	231	228
chr5:171405351-mod	9	16
chr5:171405351-unmod	209	196
chr5:171405368-mod	8	6
chr5:171405368-unmod	243	232
chr5:171407762-mod	22	25
chr5:171407762-unmod	214	186
chr5:171407766-mod	3	5
chr5:171407766-unmod	215	202
chr5:171410661-mod	22	27
chr5:171410661-unmod	224	188
chr5:171410750-mod	46	32
chr5:171410750-unmod	142	130
chr5:171410798-mod	2	4
chr5:171410798-unmod	247	223
chr5:171410820-mod	2	2
chr5:171410820-unmod	232	201
chr5:171410839-mod	2	2
chr5:171410839-unmod	240	210
chr5:171410863-mod	19	12
chr5:171410863-unmod	191	173
chr5:172768137-mod	2	2
chr5:172768137-unmod	28	10
chr5:172768508-mod	19	4
chr5:172768508-unmod	13	7
chr5:172768565-mod	4	1
chr5:172768565-unmod	10	9
chr5:172768581-mod	8	1
chr5:172768581-unmod	27	13
chr5:172768592-mod	2	1
chr5:172768592-unmod	31	12
chr5:172768605-mod	4	2
chr5:172768605-unmod	27	12
chr5:172926515-mod	5	4
chr5:172926515-unmod	7	6
chr5:172950754-mod	2	2
chr5:172950754-unmod	11	8
chr5:172951136-mod	1	1
chr5:172951136-unmod	12	10
chr5:172951281-mod	1	1
chr5:172951281-unmod	13	13
chr5:172951384-mod	5	5
chr5:172951384-unmod	10	7
chr5:172951417-mod	3	8
chr5:172951417-unmod	15	10
chr5:172951499-mod	4	6
chr5:172951499-unmod	13	12
chr5:172951569-mod	2	3
chr5:172951569-unmod	15	14
chr5:172951860-mod	1	2
chr5:172951860-unmod	14	14
chr5:172951875-mod	5	8
chr5:172951875-unmod	10	11
chr5:172952544-mod	1	2
chr5:172952544-unmod	50	37
chr5:172952584-mod	1	1
chr5:172952584-unmod	44	38
chr5:173020279-mod	6	1
chr5:173020279-unmod	32	38
chr5:173034459-mod	8	10
chr5:173034459-unmod	39	34
chr5:173034586-mod	36	26
chr5:173034586-unmod	17	15
chr5:173034732-mod	15	12
chr5:173034732-unmod	39	36
chr5:173034752-mod	10	23
chr5:173034752-unmod	45	24
chr5:176388955-mod	8	7
chr5:176388955-unmod	26	34
chr5:176389572-mod	16	8
chr5:176389572-unmod	10	16
chr5:176389624-mod	1	2
chr5:176389624-unmod	40	41
chr5:176389636-mod	11	9
chr5:176389636-unmod	29	33
chr5:176392694-mod	2	2
chr5:176392694-unmod	17	32
chr5:176397635-mod	5	9
chr5:176397635-unmod	14	22
chr5:176397666-mod	1	3
chr5:176397666-unmod	18	28
chr5:176397695-mod	1	2
chr5:176397695-unmod	15	26
chr5:177303864-mod	7	9
chr5:177303864-unmod	50	38
chr5:177304031-mod	1	1
chr5:177304031-unmod	51	54
chr5:177304671-mod	1	2
chr5:177304671-unmod	61	54
chr5:177304700-mod	1	3
chr5:177304700-unmod	48	44
chr5:177304706-mod	2	2
chr5:177304706-unmod	53	43
chr5:177304779-mod	5	4
chr5:177304779-unmod	56	53
chr5:177304791-mod	3	1
chr5:177304791-unmod	56	43
chr5:177304811-mod	3	6
chr5:177304811-unmod	58	49
chr5:177304827-mod	10	12
chr5:177304827-unmod	62	45
chr5:177305901-mod	8	9
chr5:177305901-unmod	66	51
chr5:177305907-mod	1	1
chr5:177305907-unmod	57	48
chr5:177305921-mod	2	3
chr5:177305921-unmod	48	52
chr5:177306130-mod	4	8
chr5:177306130-unmod	73	51
chr5:177306136-mod	2	1
chr5:177306136-unmod	81	63
chr5:177306450-mod	7	2
chr5:177306450-unmod	58	57
chr5:177306598-mod	1	1
chr5:177306598-unmod	58	52
chr5:177331984-mod	15	6
chr5:177331984-unmod	37	25
chr5:177332008-mod	4	1
chr5:177332008-unmod	48	30
chr5:177332037-mod	21	17
chr5:177332037-unmod	29	15
chr5:177332221-mod	6	4
chr5:177332221-unmod	41	25
chr5:177334402-mod	1	1
chr5:177334402-unmod	42	26
chr5:177337212-mod	4	1
chr5:177337212-unmod	43	28
chr5:177337243-mod	2	3
chr5:177337243-unmod	39	25
chr5:177337423-mod	6	1
chr5:177337423-unmod	30	10
chr5:177337492-mod	5	3
chr5:177337492-unmod	42	26
chr5:177337733-mod	3	1
chr5:177337733-unmod	27	11
chr5:177337760-mod	5	2
chr5:177337760-unmod	42	27
chr5:177338501-mod	7	4
chr5:177338501-unmod	36	21
chr5:177338540-mod	3	4
chr5:177338540-unmod	44	24
chr5:177351179-mod	4	4
chr5:177351179-unmod	41	25
chr5:177351216-mod	2	1
chr5:177351216-unmod	43	16
chr5:177351260-mod	2	1
chr5:177351260-unmod	38	25
chr5:177351491-mod	6	1
chr5:177351491-unmod	39	17
chr5:177351508-mod	7	3
chr5:177351508-unmod	38	14
chr5:177351520-mod	10	2
chr5:177351520-unmod	33	11
chr5:177483921-mod	5	2
chr5:177483921-unmod	31	21
chr5:177484113-mod	3	1
chr5:177484113-unmod	31	21
chr5:177489818-mod	1	1
chr5:177489818-unmod	31	20
chr5:177491063-mod	4	6
chr5:177491063-unmod	24	19
chr5:177491083-mod	7	5
chr5:177491083-unmod	15	14
chr5:177491827-mod	1	2
chr5:177491827-unmod	27	19
chr5:177496444-mod	1	1
chr5:177496444-unmod	11	14
chr5:177592259-mod	8	9
chr5:177592259-unmod	74	52
chr5:177592283-mod	2	1
chr5:177592283-unmod	76	52
chr5:177592385-mod	5	1
chr5:177592385-unmod	77	59
chr5:177592598-mod	5	2
chr5:177592598-unmod	60	49
chr5:177592661-mod	3	1
chr5:177592661-unmod	86	59
chr5:177594151-mod	3	2
chr5:177594151-unmod	89	63
chr5:177594167-mod	41	34
chr5:177594167-unmod	59	44
chr5:177594178-mod	2	1
chr5:177594178-unmod	95	71
chr5:177594245-mod	4	1
chr5:177594245-unmod	102	78
chr5:177594274-mod	7	6
chr5:177594274-unmod	108	70
chr5:177595338-mod	2	1
chr5:177595338-unmod	110	69
chr5:177595462-mod	27	18
chr5:177595462-unmod	92	58
chr5:177595472-mod	46	23
chr5:177595472-unmod	75	53
chr5:177595476-mod	33	17
chr5:177595476-unmod	89	61
chr5:177595494-mod	60	47
chr5:177595494-unmod	43	22
chr5:177595778-mod	6	5
chr5:177595778-unmod	100	59
chr5:177595838-mod	4	4
chr5:177595838-unmod	113	71
chr5:177595865-mod	2	2
chr5:177595865-unmod	94	53
chr5:177595941-mod	3	1
chr5:177595941-unmod	127	77
chr5:177595984-mod	15	7
chr5:177595984-unmod	111	75
chr5:177595990-mod	1	1
chr5:177595990-unmod	95	54
chr5:178149515-mod	5	8
chr5:178149515-unmod	49	37
chr5:178150924-mod	4	1
chr5:178150924-unmod	45	40
chr5:178153722-mod	5	3
chr5:178153722-unmod	40	34
chr5:178207173-mod	1	1
chr5:178207173-unmod	12	16
chr5:178209414-mod	5	1
chr5:178209414-unmod	21	17
chr5:178210680-mod	10	12
chr5:178210680-unmod	16	12
chr5:178210924-mod	1	1
chr5:178210924-unmod	20	25
chr5:179729207-mod	8	2
chr5:179729207-unmod	31	10
chr5:179729817-mod	2	1
chr5:179729817-unmod	51	13
chr5:179729828-mod	3	1
chr5:179729828-unmod	38	12
chr5:179730385-mod	5	1
chr5:179730385-unmod	64	22
chr5:179730761-mod	3	4
chr5:179730761-unmod	46	10
chr5:179797632-mod	28	9
chr5:179797632-unmod	36	44
chr5:179797730-mod	29	22
chr5:179797730-unmod	39	36
chr5:179797807-mod	39	19
chr5:179797807-unmod	27	33
chr5:179798192-mod	3	3
chr5:179798192-unmod	42	39
chr5:179798240-mod	2	3
chr5:179798240-unmod	61	48
chr5:179798552-mod	5	3
chr5:179798552-unmod	43	36
chr5:179798570-mod	7	5
chr5:179798570-unmod	47	40
chr5:179798969-mod	5	4
chr5:179798969-unmod	49	40
chr5:179799002-mod	6	3
chr5:179799002-unmod	41	39
chr5:179799077-mod	5	8
chr5:179799077-unmod	47	37
chr5:179799119-mod	5	3
chr5:179799119-unmod	45	33
chr5:179799299-mod	10	6
chr5:179799299-unmod	39	33
chr5:179799572-mod	2	4
chr5:179799572-unmod	30	29
chr5:179799614-mod	4	3
chr5:179799614-unmod	36	32
chr5:179799991-mod	4	7
chr5:179799991-unmod	36	34
chr5:179800018-mod	5	3
chr5:179800018-unmod	42	41
chr5:179800241-mod	1	3
chr5:179800241-unmod	45	37
chr5:179800251-mod	7	5
chr5:179800251-unmod	35	34
chr5:179800501-mod	2	1
chr5:179800501-unmod	44	39
chr5:179800531-mod	4	4
chr5:179800531-unmod	33	24
chr5:179800918-mod	9	4
chr5:179800918-unmod	30	32
chr5:179800948-mod	10	8
chr5:179800948-unmod	29	23
chr5:179800952-mod	1	2
chr5:179800952-unmod	36	28
chr5:179801361-mod	1	3
chr5:179801361-unmod	39	32
chr5:179801413-mod	13	6
chr5:179801413-unmod	25	25
chr5:179801690-mod	2	1
chr5:179801690-unmod	36	33
chr5:179821061-mod	2	2
chr5:179821061-unmod	33	82
chr5:179823967-mod	5	10
chr5:179823967-unmod	48	84
chr5:179824216-mod	5	10
chr5:179824216-unmod	41	89
chr5:179824222-mod	2	2
chr5:179824222-unmod	53	84
chr5:179824263-mod	9	11
chr5:179824263-unmod	50	90
chr5:179833081-mod	8	9
chr5:179833081-unmod	71	110
chr5:179833151-mod	8	7
chr5:179833151-unmod	69	122
chr5:179833588-mod	2	1
chr5:179833588-unmod	88	128
chr5:179833605-mod	4	1
chr5:179833605-unmod	96	145
chr5:179833626-mod	2	10
chr5:179833626-unmod	98	131
chr5:179833631-mod	10	8
chr5:179833631-unmod	92	130
chr5:179833656-mod	3	6
chr5:179833656-unmod	79	114
chr5:179833672-mod	44	66
chr5:179833672-unmod	51	75
chr5:179833719-mod	3	3
chr5:179833719-unmod	91	129
chr5:179833735-mod	17	26
chr5:179833735-unmod	86	119
chr5:179836441-mod	9	12
chr5:179836441-unmod	92	113
chr5:179836524-mod	1	1
chr5:179836524-unmod	92	139
chr5:179836531-mod	11	15
chr5:179836531-unmod	87	138
chr5:179836537-mod	5	9
chr5:179836537-unmod	94	127
chr5:179836555-mod	7	9
chr5:179836555-unmod	83	131
chr5:179836592-mod	8	8
chr5:179836592-unmod	88	148
chr5:179836749-mod	10	17
chr5:179836749-unmod	90	145
chr5:179836860-mod	2	1
chr5:179836860-unmod	105	153
chr5:179836940-mod	7	11
chr5:179836940-unmod	101	156
chr5:179836955-mod	1	1
chr5:179836955-unmod	105	152
chr5:179836983-mod	1	1
chr5:179836983-unmod	107	155
chr5:179837072-mod	44	53
chr5:179837072-unmod	64	105
chr5:179862846-mod	1	3
chr5:179862846-unmod	11	16
chr5:179862943-mod	6	4
chr5:179862943-unmod	6	12
chr5:179862951-mod	6	6
chr5:179862951-unmod	4	11
chr5:179862978-mod	4	2
chr5:179862978-unmod	6	14
chr5:179955630-mod	2	4
chr5:179955630-unmod	9	9
chr5:179966880-mod	4	5
chr5:179966880-unmod	6	9
chr5:179966955-mod	1	2
chr5:179966955-unmod	9	12
chr5:180790613-mod	4	1
chr5:180790613-unmod	16	19
chr5:180790640-mod	7	10
chr5:180790640-unmod	20	15
chr5:180790830-mod	1	1
chr5:180790830-unmod	23	22
chr5:180790897-mod	2	3
chr5:180790897-unmod	22	21
chr5:180790908-mod	8	2
chr5:180790908-unmod	18	22
chr5:181236941-mod	8	7
chr5:181236941-unmod	111	130
chr5:181236993-mod	44	62
chr5:181236993-unmod	853	798
chr5:181237019-mod	20	9
chr5:181237019-unmod	677	687
chr5:181237041-mod	10	10
chr5:181237041-unmod	798	776
chr5:181237650-mod	24	25
chr5:181237650-unmod	910	861
chr5:181237689-mod	411	407
chr5:181237689-unmod	469	425
chr5:181238174-mod	7	7
chr5:181238174-unmod	779	732
chr5:181238200-mod	17	20
chr5:181238200-unmod	791	765
chr5:181239107-mod	222	219
chr5:181239107-unmod	617	590
chr5:181239115-mod	164	161
chr5:181239115-unmod	635	614
chr5:181239160-mod	87	97
chr5:181239160-unmod	735	723
chr5:181239169-mod	84	82
chr5:181239169-unmod	709	700
chr5:181239499-mod	16	10
chr5:181239499-unmod	662	666
chr5:181241538-mod	7	6
chr5:181241538-unmod	706	688
chr5:181241573-mod	20	18
chr5:181241573-unmod	651	630
chr5:181242198-mod	32	28
chr5:181242198-unmod	642	638
chr5:181242306-mod	11	11
chr5:181242306-unmod	661	662
chr5:181242318-mod	35	40
chr5:181242318-unmod	624	627
chr5:181242322-mod	24	34
chr5:181242322-unmod	557	561
chr5:181242339-mod	6	3
chr5:181242339-unmod	559	559
chr5:181243714-mod	12	13
chr5:181243714-unmod	581	579
chr5:181243784-mod	14	14
chr5:181243784-unmod	649	664
chr5:181243796-mod	36	33
chr5:181243796-unmod	557	552
chr5:40832553-mod	9	24
chr5:40832553-unmod	359	417
chr5:40834223-mod	72	71
chr5:40834223-unmod	286	370
chr5:40834261-mod	23	29
chr5:40834261-unmod	338	410
chr5:60945373-mod	3	1
chr5:60945373-unmod	17	10
chr5:73499152-mod	22	19
chr5:73499152-unmod	143	120
chr5:73499171-mod	1	1
chr5:73499171-unmod	159	141
chr5:73502490-mod	21	12
chr5:73502490-unmod	149	133
chr5:73502523-mod	38	28
chr5:73502523-unmod	121	108
chr5:73502539-mod	4	3
chr5:73502539-unmod	140	127
chr5:73502939-mod	11	19
chr5:73502939-unmod	147	129
chr5:73502988-mod	81	70
chr5:73502988-unmod	94	83
chr5:73503054-mod	3	2
chr5:73503054-unmod	183	156
chr5:73503077-mod	10	11
chr5:73503077-unmod	163	125
chr5:73503091-mod	3	2
chr5:73503091-unmod	176	150
chr5:73505262-mod	3	2
chr5:73505262-unmod	176	152
chr5:73505301-mod	43	29
chr5:73505301-unmod	109	95
chr5:73505378-mod	24	22
chr5:73505378-unmod	157	123
chr5:74769306-mod	1	1
chr5:74769306-unmod	9	12
chr5:74770699-mod	4	5
chr5:74770699-unmod	8	8
chr5:74773905-mod	6	7
chr5:74773905-unmod	7	7
chr5:74774035-mod	5	3
chr5:74774035-unmod	6	7
chr5:77691349-mod	1	2
chr5:77691349-unmod	16	11
chr5:82276092-mod	22	17
chr5:82276092-unmod	660	689
chr5:82276120-mod	5	7
chr5:82276120-unmod	738	776
chr5:82276407-mod	162	152
chr5:82276407-unmod	595	639
chr5:82276502-mod	11	12
chr5:82276502-unmod	738	761
chr5:82277781-mod	2	1
chr5:82277781-unmod	732	739
chr5:82277800-mod	16	13
chr5:82277800-unmod	576	582
chr5:82277838-mod	11	7
chr5:82277838-unmod	707	711
chr5:86617965-mod	4	4
chr5:86617965-unmod	201	212
chr5:86619447-mod	4	6
chr5:86619447-unmod	182	210
chr5:86620712-mod	1	2
chr5:86620712-unmod	214	227
chr5:86620718-mod	68	56
chr5:86620718-unmod	141	159
chr5:86620752-mod	4	2
chr5:86620752-unmod	122	147
chr6:10723217-mod	3	1
chr6:10723217-unmod	23	28
chr6:10724598-mod	3	4
chr6:10724598-unmod	14	21
chr6:10724620-mod	7	3
chr6:10724620-unmod	22	28
chr6:10730767-mod	4	2
chr6:10730767-unmod	26	33
chr6:10730795-mod	1	1
chr6:10730795-unmod	29	32
chr6:10731002-mod	1	3
chr6:10731002-unmod	28	29
chr6:10731068-mod	1	2
chr6:10731068-unmod	27	36
chr6:10731072-mod	5	12
chr6:10731072-unmod	25	29
chr6:108211859-mod	1	2
chr6:108211859-unmod	41	44
chr6:108211994-mod	3	6
chr6:108211994-unmod	29	34
chr6:108212120-mod	4	2
chr6:108212120-unmod	26	24
chr6:108214545-mod	1	2
chr6:108214545-unmod	32	26
chr6:108222989-mod	3	3
chr6:108222989-unmod	37	31
chr6:108260871-mod	5	3
chr6:108260871-unmod	28	21
chr6:132815026-mod	2	6
chr6:132815026-unmod	177	363
chr6:132815084-mod	1	3
chr6:132815084-unmod	173	343
chr6:132816541-mod	22	44
chr6:132816541-unmod	190	355
chr6:132816966-mod	2	2
chr6:132816966-unmod	207	389
chr6:132816976-mod	5	4
chr6:132816976-unmod	212	404
chr6:132817008-mod	4	6
chr6:132817008-unmod	176	340
chr6:132817480-mod	15	30
chr6:132817480-unmod	201	389
chr6:138090991-mod	1	3
chr6:138090991-unmod	103	91
chr6:138091132-mod	4	8
chr6:138091132-unmod	100	95
chr6:138091224-mod	4	6
chr6:138091224-unmod	79	72
chr6:138091244-mod	11	9
chr6:138091244-unmod	48	49
chr6:138091271-mod	4	1
chr6:138091271-unmod	78	75
chr6:138091455-mod	1	1
chr6:138091455-unmod	69	73
chr6:138091555-mod	15	23
chr6:138091555-unmod	48	46
chr6:138091607-mod	1	3
chr6:138091607-unmod	64	64
chr6:138091663-mod	4	8
chr6:138091663-unmod	40	50
chr6:138091960-mod	3	7
chr6:138091960-unmod	60	69
chr6:138091983-mod	7	11
chr6:138091983-unmod	52	62
chr6:138091998-mod	25	32
chr6:138091998-unmod	26	26
chr6:138092041-mod	3	2
chr6:138092041-unmod	58	74
chr6:138092087-mod	1	2
chr6:138092087-unmod	57	74
chr6:138092174-mod	8	10
chr6:138092174-unmod	53	69
chr6:138092217-mod	1	5
chr6:138092217-unmod	55	73
chr6:138096405-mod	2	3
chr6:138096405-unmod	52	62
chr6:138406073-mod	5	3
chr6:138406073-unmod	7	7
chr6:138413056-mod	10	6
chr6:138413056-unmod	4	4
chr6:146544052-mod	1	4
chr6:146544052-unmod	9	9
chr6:146544112-mod	1	1
chr6:146544112-unmod	9	12
chr6:146549661-mod	1	1
chr6:146549661-unmod	9	11
chr6:146554569-mod	2	1
chr6:146554569-unmod	21	11
chr6:146554753-mod	10	5
chr6:146554753-unmod	12	7
chr6:146554788-mod	1	1
chr6:146554788-unmod	23	12
chr6:149793603-mod	1	1
chr6:149793603-unmod	22	12
chr6:159779704-mod	1	5
chr6:159779704-unmod	14	12
chr6:159779910-mod	1	2
chr6:159779910-unmod	15	10
chr6:170535164-mod	15	14
chr6:170535164-unmod	21	19
chr6:170535223-mod	10	13
chr6:170535223-unmod	28	18
chr6:170535242-mod	5	4
chr6:170535242-unmod	34	32
chr6:170535266-mod	1	1
chr6:170535266-unmod	37	33
chr6:170535391-mod	4	1
chr6:170535391-unmod	35	34
chr6:170543699-mod	1	1
chr6:170543699-unmod	29	27
chr6:170546142-mod	4	2
chr6:170546142-unmod	29	26
chr6:170553188-mod	3	3
chr6:170553188-unmod	31	30
chr6:170553201-mod	1	6
chr6:170553201-unmod	34	28
chr6:2833597-mod	9	10
chr6:2833597-unmod	4	6
chr6:2833916-mod	1	4
chr6:2833916-unmod	12	15
chr6:2833972-mod	4	5
chr6:2833972-unmod	7	8
chr6:29942610-mod	1	1
chr6:29942610-unmod	20	20
chr6:29942992-mod	7	5
chr6:29942992-unmod	28	23
chr6:29943381-mod	6	3
chr6:29943381-unmod	32	21
chr6:29944121-mod	1	3
chr6:29944121-unmod	38	26
chr6:29944141-mod	3	2
chr6:29944141-unmod	46	29
chr6:29944160-mod	2	1
chr6:29944160-unmod	46	32
chr6:29944219-mod	7	4
chr6:29944219-unmod	47	33
chr6:29944241-mod	5	3
chr6:29944241-unmod	52	32
chr6:29944253-mod	10	4
chr6:29944253-unmod	46	32
chr6:29944291-mod	6	2
chr6:29944291-unmod	48	31
chr6:29945239-mod	7	3
chr6:29945239-unmod	60	36
chr6:29945474-mod	24	14
chr6:29945474-unmod	47	23
chr6:29945512-mod	10	6
chr6:29945512-unmod	66	36
chr6:29945527-mod	12	9
chr6:29945527-unmod	62	34
chr6:29945595-mod	2	1
chr6:29945595-unmod	75	43
chr6:29945621-mod	1	1
chr6:29945621-unmod	63	37
chr6:29945638-mod	4	4
chr6:29945638-unmod	59	28
chr6:29945733-mod	14	8
chr6:29945733-unmod	57	33
chr6:29945760-mod	8	7
chr6:29945760-unmod	57	31
chr6:30491234-mod	1	1
chr6:30491234-unmod	9	10
chr6:30492846-mod	3	1
chr6:30492846-unmod	11	9
chr6:30493006-mod	1	2
chr6:30493006-unmod	11	8
chr6:30722559-mod	2	6
chr6:30722559-unmod	13	42
chr6:30722957-mod	1	4
chr6:30722957-unmod	16	45
chr6:30722971-mod	2	2
chr6:30722971-unmod	12	32
chr6:30723444-mod	1	12
chr6:30723444-unmod	20	44
chr6:30723467-mod	1	2
chr6:30723467-unmod	18	41
chr6:30723591-mod	2	2
chr6:30723591-unmod	30	48
chr6:30723738-mod	7	14
chr6:30723738-unmod	30	41
chr6:30723925-mod	12	18
chr6:30723925-unmod	28	34
chr6:30723954-mod	3	6
chr6:30723954-unmod	38	55
chr6:30723972-mod	2	2
chr6:30723972-unmod	46	61
chr6:30724071-mod	2	2
chr6:30724071-unmod	43	57
chr6:30724125-mod	7	8
chr6:30724125-unmod	41	49
chr6:30724631-mod	2	2
chr6:30724631-unmod	18	17
chr6:30725170-mod	14	5
chr6:30725170-unmod	30	24
chr6:30725179-mod	5	4
chr6:30725179-unmod	45	26
chr6:30725239-mod	2	4
chr6:30725239-unmod	50	26
chr6:30725350-mod	15	8
chr6:30725350-unmod	31	20
chr6:30743226-mod	23	14
chr6:30743226-unmod	20	8
chr6:30743358-mod	7	1
chr6:30743358-unmod	41	24
chr6:30743368-mod	5	1
chr6:30743368-unmod	44	25
chr6:30743412-mod	14	6
chr6:30743412-unmod	36	22
chr6:30743478-mod	3	4
chr6:30743478-unmod	47	24
chr6:30743510-mod	12	11
chr6:30743510-unmod	37	17
chr6:30743519-mod	10	8
chr6:30743519-unmod	33	21
chr6:30743534-mod	24	12
chr6:30743534-unmod	22	11
chr6:30743606-mod	1	1
chr6:30743606-unmod	46	28
chr6:30743764-mod	5	2
chr6:30743764-unmod	39	24
chr6:30743780-mod	6	6
chr6:30743780-unmod	35	17
chr6:30743818-mod	11	6
chr6:30743818-unmod	31	19
chr6:30743825-mod	18	13
chr6:30743825-unmod	23	13
chr6:30743843-mod	10	9
chr6:30743843-unmod	8	2
chr6:30743897-mod	1	1
chr6:30743897-unmod	44	26
chr6:30743929-mod	21	14
chr6:30743929-unmod	24	11
chr6:30743935-mod	8	2
chr6:30743935-unmod	41	25
chr6:30743975-mod	3	3
chr6:30743975-unmod	26	21
chr6:30743987-mod	7	4
chr6:30743987-unmod	38	19
chr6:30744003-mod	7	4
chr6:30744003-unmod	39	23
chr6:30744164-mod	25	8
chr6:30744164-unmod	22	20
chr6:30744440-mod	4	1
chr6:30744440-unmod	19	20
chr6:30744484-mod	1	1
chr6:30744484-unmod	26	23
chr6:30897422-mod	3	2
chr6:30897422-unmod	10	10
chr6:30897485-mod	1	1
chr6:30897485-unmod	13	12
chr6:30898167-mod	1	2
chr6:30898167-unmod	14	13
chr6:30898224-mod	1	1
chr6:30898224-unmod	15	14
chr6:30899348-mod	6	1
chr6:30899348-unmod	21	20
chr6:30899364-mod	11	6
chr6:30899364-unmod	16	12
chr6:30899426-mod	6	5
chr6:30899426-unmod	22	16
chr6:30899481-mod	1	3
chr6:30899481-unmod	12	9
chr6:30899616-mod	3	1
chr6:30899616-unmod	21	19
chr6:30899656-mod	4	3
chr6:30899656-unmod	27	20
chr6:30899718-mod	3	3
chr6:30899718-unmod	27	16
chr6:30899751-mod	5	3
chr6:30899751-unmod	30	30
chr6:30899834-mod	3	3
chr6:30899834-unmod	28	27
chr6:30899907-mod	16	6
chr6:30899907-unmod	18	15
chr6:30899992-mod	1	3
chr6:30899992-unmod	25	25
chr6:31268758-mod	3	2
chr6:31268758-unmod	25	13
chr6:31268862-mod	9	8
chr6:31268862-unmod	69	50
chr6:31268984-mod	4	5
chr6:31268984-unmod	70	31
chr6:31269002-mod	8	3
chr6:31269002-unmod	75	54
chr6:31269027-mod	4	4
chr6:31269027-unmod	80	55
chr6:31269112-mod	3	5
chr6:31269112-unmod	70	48
chr6:31269149-mod	5	5
chr6:31269149-unmod	77	50
chr6:31269166-mod	1	2
chr6:31269166-unmod	60	41
chr6:31270314-mod	11	3
chr6:31270314-unmod	48	39
chr6:31270352-mod	5	6
chr6:31270352-unmod	59	24
chr6:31270386-mod	4	1
chr6:31270386-unmod	56	30
chr6:31270464-mod	3	5
chr6:31270464-unmod	50	30
chr6:31270483-mod	7	2
chr6:31270483-unmod	44	22
chr6:31271209-mod	2	1
chr6:31271209-unmod	43	23
chr6:31271219-mod	4	1
chr6:31271219-unmod	38	19
chr6:31271233-mod	5	4
chr6:31271233-unmod	39	18
chr6:31271630-mod	2	3
chr6:31271630-unmod	42	20
chr6:31271648-mod	1	1
chr6:31271648-unmod	38	22
chr6:31354106-mod	4	3
chr6:31354106-unmod	57	10
chr6:31354124-mod	5	2
chr6:31354124-unmod	51	11
chr6:31354149-mod	5	1
chr6:31354149-unmod	56	11
chr6:31354234-mod	6	1
chr6:31354234-unmod	54	11
chr6:31354271-mod	15	3
chr6:31354271-unmod	35	7
chr6:31635985-mod	3	2
chr6:31635985-unmod	8	14
chr6:31636026-mod	3	4
chr6:31636026-unmod	7	8
chr6:31637055-mod	5	3
chr6:31637055-unmod	19	14
chr6:31637082-mod	1	3
chr6:31637082-unmod	24	17
chr6:31637103-mod	2	1
chr6:31637103-unmod	23	14
chr6:31637119-mod	1	4
chr6:31637119-unmod	26	12
chr6:31639097-mod	3	3
chr6:31639097-unmod	9	13
chr6:31639539-mod	1	1
chr6:31639539-unmod	10	15
chr6:31640408-mod	1	3
chr6:31640408-unmod	25	16
chr6:31640435-mod	4	7
chr6:31640435-unmod	10	11
chr6:31640500-mod	4	1
chr6:31640500-unmod	20	26
chr6:31667889-mod	1	1
chr6:31667889-unmod	47	48
chr6:31667908-mod	4	4
chr6:31667908-unmod	49	43
chr6:31668545-mod	6	5
chr6:31668545-unmod	50	46
chr6:31668571-mod	2	2
chr6:31668571-unmod	54	49
chr6:31669151-mod	2	1
chr6:31669151-unmod	48	33
chr6:31669327-mod	3	2
chr6:31669327-unmod	49	44
chr6:31669484-mod	3	1
chr6:31669484-unmod	53	50
chr6:31669956-mod	3	6
chr6:31669956-unmod	52	47
chr6:31669989-mod	5	6
chr6:31669989-unmod	44	42
chr6:31730632-mod	8	7
chr6:31730632-unmod	74	85
chr6:31730763-mod	31	24
chr6:31730763-unmod	30	32
chr6:31730828-mod	34	34
chr6:31730828-unmod	43	50
chr6:31732250-mod	8	14
chr6:31732250-unmod	69	70
chr6:31732384-mod	12	20
chr6:31732384-unmod	73	77
chr6:31733621-mod	2	2
chr6:31733621-unmod	75	81
chr6:31733648-mod	4	8
chr6:31733648-unmod	71	83
chr6:31733956-mod	1	1
chr6:31733956-unmod	55	60
chr6:31734162-mod	1	3
chr6:31734162-unmod	59	73
chr6:31734234-mod	22	19
chr6:31734234-unmod	47	69
chr6:31736288-mod	1	5
chr6:31736288-unmod	65	79
chr6:31736370-mod	1	3
chr6:31736370-unmod	58	72
chr6:31736409-mod	5	5
chr6:31736409-unmod	45	61
chr6:31779426-mod	2	3
chr6:31779426-unmod	9	14
chr6:31797868-mod	3	4
chr6:31797868-unmod	8	8
chr6:31952356-mod	4	2
chr6:31952356-unmod	11	12
chr6:31952364-mod	1	2
chr6:31952364-unmod	13	10
chr6:31952388-mod	1	3
chr6:31952388-unmod	13	10
chr6:31953821-mod	3	2
chr6:31953821-unmod	11	12
chr6:31954712-mod	5	3
chr6:31954712-unmod	6	10
chr6:33275839-mod	1	6
chr6:33275839-unmod	464	498
chr6:33275845-mod	23	17
chr6:33275845-unmod	457	507
chr6:33275867-mod	80	93
chr6:33275867-unmod	421	444
chr6:33276016-mod	11	6
chr6:33276016-unmod	430	465
chr6:33276028-mod	111	139
chr6:33276028-unmod	332	338
chr6:33276032-mod	2	2
chr6:33276032-unmod	471	515
chr6:33276194-mod	17	17
chr6:33276194-unmod	468	501
chr6:33276212-mod	5	1
chr6:33276212-unmod	464	486
chr6:33276418-mod	4	4
chr6:33276418-unmod	304	333
chr6:33416580-mod	7	3
chr6:33416580-unmod	24	15
chr6:33416594-mod	4	3
chr6:33416594-unmod	19	25
chr6:33416719-mod	6	6
chr6:33416719-unmod	28	26
chr6:33416727-mod	2	3
chr6:33416727-unmod	28	24
chr6:33417610-mod	1	1
chr6:33417610-unmod	32	28
chr6:33695763-mod	3	2
chr6:33695763-unmod	7	8
chr6:33695824-mod	1	1
chr6:33695824-unmod	10	9
chr6:33695840-mod	1	2
chr6:33695840-unmod	9	8
chr6:33695988-mod	4	4
chr6:33695988-unmod	7	7
chr6:33696006-mod	9	8
chr6:33696006-unmod	2	2
chr6:33696053-mod	2	2
chr6:33696053-unmod	8	11
chr6:33696075-mod	2	1
chr6:33696075-unmod	10	11
chr6:33696079-mod	1	2
chr6:33696079-unmod	9	8
chr6:33696355-mod	4	1
chr6:33696355-unmod	10	14
chr6:33696384-mod	2	3
chr6:33696384-unmod	9	8
chr6:33696521-mod	5	2
chr6:33696521-unmod	6	11
chr6:34236916-mod	2	2
chr6:34236916-unmod	19	38
chr6:34240894-mod	3	9
chr6:34240894-unmod	91	176
chr6:34242743-mod	1	1
chr6:34242743-unmod	127	241
chr6:34242789-mod	2	4
chr6:34242789-unmod	146	270
chr6:34243505-mod	3	4
chr6:34243505-unmod	134	253
chr6:34243514-mod	17	28
chr6:34243514-unmod	74	148
chr6:34244883-mod	7	15
chr6:34244883-unmod	135	271
chr6:34244932-mod	35	55
chr6:34244932-unmod	98	182
chr6:34244937-mod	9	21
chr6:34244937-unmod	90	164
chr6:34245157-mod	2	5
chr6:34245157-unmod	117	201
chr6:34245223-mod	2	2
chr6:34245223-unmod	155	259
chr6:34245433-mod	6	16
chr6:34245433-unmod	182	315
chr6:34245504-mod	29	39
chr6:34245504-unmod	110	186
chr6:34245842-mod	2	5
chr6:34245842-unmod	203	330
chr6:34245853-mod	37	56
chr6:34245853-unmod	166	262
chr6:34246017-mod	9	12
chr6:34246017-unmod	255	417
chr6:34417474-mod	5	12
chr6:34417474-unmod	239	366
chr6:34421781-mod	12	13
chr6:34421781-unmod	358	521
chr6:34424795-mod	4	1
chr6:34424795-unmod	352	512
chr6:34424810-mod	18	27
chr6:34424810-unmod	335	493
chr6:34425182-mod	37	68
chr6:34425182-unmod	287	426
chr6:34425201-mod	40	54
chr6:34425201-unmod	276	427
chr6:34426047-mod	16	21
chr6:34426047-unmod	186	282
chr6:35468854-mod	10	7
chr6:35468854-unmod	276	292
chr6:35468984-mod	22	21
chr6:35468984-unmod	270	284
chr6:35469002-mod	6	6
chr6:35469002-unmod	277	285
chr6:35469427-mod	5	9
chr6:35469427-unmod	288	287
chr6:35469475-mod	12	3
chr6:35469475-unmod	262	284
chr6:35469494-mod	12	5
chr6:35469494-unmod	302	321
chr6:35469512-mod	51	60
chr6:35469512-unmod	231	242
chr6:35470295-mod	10	5
chr6:35470295-unmod	300	312
chr6:35470618-mod	1	1
chr6:35470618-unmod	301	301
chr6:35470685-mod	15	14
chr6:35470685-unmod	295	296
chr6:36684109-mod	5	5
chr6:36684109-unmod	21	42
chr6:36684132-mod	1	3
chr6:36684132-unmod	24	44
chr6:36684177-mod	3	3
chr6:36684177-unmod	15	38
chr6:36684249-mod	6	7
chr6:36684249-unmod	24	39
chr6:36684285-mod	3	3
chr6:36684285-unmod	25	45
chr6:36684413-mod	5	5
chr6:36684413-unmod	40	42
chr6:36684435-mod	11	16
chr6:36684435-unmod	28	29
chr6:36684499-mod	3	3
chr6:36684499-unmod	43	48
chr6:36684507-mod	3	5
chr6:36684507-unmod	48	46
chr6:36684533-mod	6	6
chr6:36684533-unmod	38	37
chr6:36686223-mod	1	4
chr6:36686223-unmod	46	43
chr6:36686308-mod	1	2
chr6:36686308-unmod	62	64
chr6:36686349-mod	2	6
chr6:36686349-unmod	71	63
chr6:36686385-mod	5	7
chr6:36686385-unmod	65	64
chr6:36686459-mod	4	1
chr6:36686459-unmod	72	73
chr6:36686489-mod	4	2
chr6:36686489-unmod	55	45
chr6:36686699-mod	13	14
chr6:36686699-unmod	54	46
chr6:36686715-mod	6	9
chr6:36686715-unmod	70	66
chr6:36687125-mod	8	7
chr6:36687125-unmod	68	60
chr6:36687132-mod	9	7
chr6:36687132-unmod	79	69
chr6:36687165-mod	28	27
chr6:36687165-unmod	46	41
chr6:36687240-mod	4	4
chr6:36687240-unmod	85	67
chr6:36968177-mod	3	4
chr6:36968177-unmod	29	39
chr6:36968693-mod	3	3
chr6:36968693-unmod	30	36
chr6:36968848-mod	2	5
chr6:36968848-unmod	27	25
chr6:36970414-mod	2	4
chr6:36970414-unmod	26	29
chr6:36977690-mod	1	3
chr6:36977690-unmod	26	24
chr6:36978524-mod	1	1
chr6:36978524-unmod	26	25
chr6:36981638-mod	1	1
chr6:36981638-unmod	19	10
chr6:41787745-mod	2	1
chr6:41787745-unmod	23	17
chr6:41789233-mod	3	1
chr6:41789233-unmod	23	15
chr6:41789252-mod	2	2
chr6:41789252-unmod	8	15
chr6:41789588-mod	3	5
chr6:41789588-unmod	22	13
chr6:43160867-mod	2	1
chr6:43160867-unmod	18	9
chr6:43161074-mod	1	1
chr6:43161074-unmod	10	9
chr6:43161140-mod	2	1
chr6:43161140-unmod	22	9
chr6:44113790-mod	1	1
chr6:44113790-unmod	22	13
chr6:44113815-mod	16	9
chr6:44113815-unmod	6	3
chr6:44113852-mod	14	9
chr6:44113852-unmod	8	5
chr6:44113919-mod	2	1
chr6:44113919-unmod	20	11
chr6:44113931-mod	2	3
chr6:44113931-unmod	10	9
chr6:44113942-mod	1	1
chr6:44113942-unmod	19	10
chr6:44114043-mod	1	1
chr6:44114043-unmod	9	11
chr6:44114137-mod	3	1
chr6:44114137-unmod	19	10
chr6:44252220-mod	1	2
chr6:44252220-unmod	50	59
chr6:44253047-mod	1	5
chr6:44253047-unmod	47	53
chr6:44253089-mod	2	3
chr6:44253089-unmod	47	51
chr6:44253107-mod	2	4
chr6:44253107-unmod	17	24
chr6:44253150-mod	1	1
chr6:44253150-unmod	48	58
chr6:44253204-mod	8	5
chr6:44253204-unmod	43	50
chr6:44253270-mod	15	12
chr6:44253270-unmod	48	59
chr6:44253519-mod	3	4
chr6:44253519-unmod	75	78
chr6:73517539-mod	10	23
chr6:73517539-unmod	2835	2405
chr6:73517566-mod	192	179
chr6:73517566-unmod	2357	1965
chr6:73517574-mod	1	2
chr6:73517574-unmod	2892	2394
chr6:73517648-mod	135	128
chr6:73517648-unmod	2387	2004
chr6:73517679-mod	4	6
chr6:73517679-unmod	3114	2601
chr6:73517708-mod	1820	1598
chr6:73517708-unmod	1274	980
chr6:73517749-mod	1746	1539
chr6:73517749-unmod	1483	1186
chr6:73517873-mod	56	52
chr6:73517873-unmod	2720	2328
chr6:73517904-mod	79	56
chr6:73517904-unmod	2545	2202
chr6:73517908-mod	33	29
chr6:73517908-unmod	2602	2260
chr6:73518043-mod	23	15
chr6:73518043-unmod	2650	2273
chr6:73518250-mod	184	177
chr6:73518250-unmod	2407	2114
chr6:73518387-mod	39	35
chr6:73518387-unmod	2401	2123
chr6:73518399-mod	410	358
chr6:73518399-unmod	2100	1879
chr6:73518465-mod	148	151
chr6:73518465-unmod	1911	1666
chr6:73518563-mod	3	3
chr6:73518563-unmod	2358	2123
chr6:73518577-mod	27	27
chr6:73518577-unmod	2112	1895
chr6:73518741-mod	105	81
chr6:73518741-unmod	1805	1657
chr6:73518771-mod	257	220
chr6:73518771-unmod	1783	1648
chr6:73518793-mod	146	113
chr6:73518793-unmod	1992	1839
chr6:73518932-mod	5	3
chr6:73518932-unmod	1792	1632
chr6:73518956-mod	117	99
chr6:73518956-unmod	1758	1665
chr6:73519114-mod	4	5
chr6:73519114-unmod	1887	1770
chr6:73519155-mod	1	3
chr6:73519155-unmod	1614	1517
chr6:73519223-mod	228	224
chr6:73519223-unmod	1552	1477
chr6:73519344-mod	17	11
chr6:73519344-unmod	1703	1612
chr6:73519358-mod	34	31
chr6:73519358-unmod	1563	1503
chr6:73519370-mod	46	50
chr6:73519370-unmod	1755	1643
chr6:73519378-mod	283	278
chr6:73519378-unmod	1350	1263
chr6:73519398-mod	111	90
chr6:73519398-unmod	1650	1587
chr6:73519416-mod	6	6
chr6:73519416-unmod	1591	1525
chr6:73519474-mod	87	88
chr6:73519474-unmod	1554	1472
chr6:73519914-mod	145	114
chr6:73519914-unmod	1436	1388
chr6:73519984-mod	31	28
chr6:73519984-unmod	1428	1418
chr6:73520010-mod	92	90
chr6:73520010-unmod	1488	1470
chr6:73520044-mod	6	17
chr6:73520044-unmod	1456	1460
chr6:73521004-mod	279	319
chr6:73521004-unmod	975	965
chr6:75237815-mod	7	5
chr6:75237815-unmod	51	38
chr6:75237825-mod	3	3
chr6:75237825-unmod	76	80
chr6:75237877-mod	4	5
chr6:75237877-unmod	65	71
chr6:75237929-mod	8	8
chr6:75237929-unmod	77	78
chr6:75237985-mod	1	5
chr6:75237985-unmod	76	79
chr6:7882198-mod	1	2
chr6:7882198-unmod	28	19
chr6:7882267-mod	2	2
chr6:7882267-unmod	24	18
chr6:7882378-mod	10	6
chr6:7882378-unmod	16	15
chr6:7882493-mod	3	2
chr6:7882493-unmod	22	16
chr6:7882526-mod	1	2
chr6:7882526-unmod	13	14
chr6:7882816-mod	11	13
chr6:7882816-unmod	12	6
chr6:7882850-mod	4	3
chr6:7882850-unmod	19	13
chr6:7882887-mod	1	3
chr6:7882887-unmod	9	12
chr6:7883034-mod	2	4
chr6:7883034-unmod	9	13
chr6:7883149-mod	4	9
chr6:7883149-unmod	8	8
chr6:7883189-mod	3	7
chr6:7883189-unmod	9	11
chr6:7884448-mod	1	3
chr6:7884448-unmod	10	13
chr6:7889557-mod	3	5
chr6:7889557-unmod	9	7
chr6:7891647-mod	2	2
chr6:7891647-unmod	10	12
chr6:7895201-mod	1	3
chr6:7895201-unmod	10	11
chr6:7904627-mod	1	4
chr6:7904627-unmod	11	8
chr6:85494794-mod	4	7
chr6:85494794-unmod	6	7
chr6:85494805-mod	1	1
chr6:85494805-unmod	9	14
chr6:85494834-mod	3	4
chr6:85494834-unmod	7	11
chr6:85494842-mod	1	3
chr6:85494842-unmod	10	12
chr6:85495139-mod	1	2
chr6:85495139-unmod	11	14
chr6:85495290-mod	1	1
chr6:85495290-unmod	11	12
chr6:85495674-mod	1	1
chr6:85495674-unmod	26	16
chr6:85495729-mod	2	1
chr6:85495729-unmod	27	17
chr6:85677166-mod	7	5
chr6:85677166-unmod	32	38
chr6:85677817-mod	5	10
chr6:85677817-unmod	35	30
chr6:85677871-mod	6	8
chr6:85677871-unmod	33	33
chr6:85678010-mod	8	3
chr6:85678010-unmod	30	40
chr6:89083850-mod	6	9
chr6:89083850-unmod	8	5
chr6:89083867-mod	1	3
chr6:89083867-unmod	13	13
chr6:89083984-mod	2	6
chr6:89083984-unmod	11	10
chr6:89084022-mod	3	6
chr6:89084022-unmod	11	10
chr6:89084190-mod	3	5
chr6:89084190-unmod	9	8
chr6:89084246-mod	9	9
chr6:89084246-unmod	2	3
chr6:89084595-mod	2	7
chr6:89084595-unmod	9	8
chr6:89084694-mod	2	6
chr6:89084694-unmod	8	8
chr6_GL000250v2_alt:3167772-mod	7	4
chr6_GL000250v2_alt:3167772-unmod	18	6
chr6_GL000250v2_alt:3172206-mod	12	2
chr6_GL000250v2_alt:3172206-unmod	15	9
chr6_GL000251v2_alt:4687320-mod	1	2
chr6_GL000251v2_alt:4687320-unmod	192	168
chr6_GL000251v2_alt:4687326-mod	6	8
chr6_GL000251v2_alt:4687326-unmod	201	175
chr6_GL000251v2_alt:4687348-mod	42	33
chr6_GL000251v2_alt:4687348-unmod	165	155
chr6_GL000251v2_alt:4687497-mod	1	2
chr6_GL000251v2_alt:4687497-unmod	172	161
chr6_GL000251v2_alt:4687509-mod	44	47
chr6_GL000251v2_alt:4687509-unmod	143	121
chr6_GL000251v2_alt:4687675-mod	7	5
chr6_GL000251v2_alt:4687675-unmod	189	169
chr6_GL000251v2_alt:4687693-mod	1	1
chr6_GL000251v2_alt:4687693-unmod	183	166
chr6_GL000251v2_alt:4687899-mod	3	2
chr6_GL000251v2_alt:4687899-unmod	123	128
chr6_GL000252v2_alt:2526782-mod	4	4
chr6_GL000252v2_alt:2526782-unmod	32	26
chr6_GL000252v2_alt:2526800-mod	1	2
chr6_GL000252v2_alt:2526800-unmod	37	31
chr6_GL000252v2_alt:2526825-mod	1	4
chr6_GL000252v2_alt:2526825-unmod	36	28
chr6_GL000252v2_alt:2526910-mod	1	1
chr6_GL000252v2_alt:2526910-unmod	33	31
chr6_GL000252v2_alt:2526947-mod	9	4
chr6_GL000252v2_alt:2526947-unmod	26	28
chr6_GL000252v2_alt:2528108-mod	1	1
chr6_GL000252v2_alt:2528108-unmod	18	26
chr6_GL000252v2_alt:2528146-mod	4	4
chr6_GL000252v2_alt:2528146-unmod	25	22
chr6_GL000252v2_alt:2528158-mod	1	2
chr6_GL000252v2_alt:2528158-unmod	30	25
chr6_GL000252v2_alt:2528258-mod	3	2
chr6_GL000252v2_alt:2528258-unmod	24	15
chr6_GL000252v2_alt:4519353-mod	1	1
chr6_GL000252v2_alt:4519353-unmod	165	172
chr6_GL000252v2_alt:4519359-mod	6	11
chr6_GL000252v2_alt:4519359-unmod	159	171
chr6_GL000252v2_alt:4519381-mod	39	28
chr6_GL000252v2_alt:4519381-unmod	136	158
chr6_GL000252v2_alt:4519530-mod	3	2
chr6_GL000252v2_alt:4519530-unmod	155	165
chr6_GL000252v2_alt:4519542-mod	38	45
chr6_GL000252v2_alt:4519542-unmod	112	117
chr6_GL000252v2_alt:4519546-mod	1	1
chr6_GL000252v2_alt:4519546-unmod	158	181
chr6_GL000252v2_alt:4519708-mod	5	6
chr6_GL000252v2_alt:4519708-unmod	161	162
chr6_GL000252v2_alt:4519932-mod	1	3
chr6_GL000252v2_alt:4519932-unmod	108	122
chr6_GL000255v2_alt:4470265-mod	4	10
chr6_GL000255v2_alt:4470265-unmod	201	165
chr6_GL000255v2_alt:4470287-mod	49	31
chr6_GL000255v2_alt:4470287-unmod	161	160
chr6_GL000255v2_alt:4470436-mod	2	2
chr6_GL000255v2_alt:4470436-unmod	196	161
chr6_GL000255v2_alt:4470448-mod	51	51
chr6_GL000255v2_alt:4470448-unmod	134	125
chr6_GL000255v2_alt:4470614-mod	8	6
chr6_GL000255v2_alt:4470614-unmod	195	170
chr6_GL000255v2_alt:4470838-mod	4	1
chr6_GL000255v2_alt:4470838-unmod	133	115
chr7:100089029-mod	6	2
chr7:100089029-unmod	23	15
chr7:100089318-mod	1	3
chr7:100089318-unmod	34	28
chr7:100089665-mod	9	11
chr7:100089665-unmod	28	19
chr7:100090467-mod	1	1
chr7:100090467-unmod	31	26
chr7:100090631-mod	2	3
chr7:100090631-unmod	33	29
chr7:100090639-mod	4	3
chr7:100090639-unmod	30	13
chr7:100091061-mod	2	2
chr7:100091061-unmod	31	9
chr7:100091143-mod	9	12
chr7:100091143-unmod	31	18
chr7:100091244-mod	9	5
chr7:100091244-unmod	29	14
chr7:100091712-mod	8	4
chr7:100091712-unmod	32	28
chr7:100091724-mod	6	9
chr7:100091724-unmod	35	23
chr7:100091813-mod	7	5
chr7:100091813-unmod	25	14
chr7:100673868-mod	1	3
chr7:100673868-unmod	55	49
chr7:100676311-mod	2	3
chr7:100676311-unmod	72	60
chr7:100676556-mod	4	2
chr7:100676556-unmod	73	73
chr7:100676567-mod	2	2
chr7:100676567-unmod	61	60
chr7:100676708-mod	3	6
chr7:100676708-unmod	73	65
chr7:100676734-mod	6	4
chr7:100676734-unmod	67	64
chr7:100676743-mod	3	2
chr7:100676743-unmod	79	72
chr7:100676788-mod	6	7
chr7:100676788-unmod	64	58
chr7:100677395-mod	1	1
chr7:100677395-unmod	66	64
chr7:100677558-mod	21	17
chr7:100677558-unmod	63	61
chr7:100677582-mod	10	8
chr7:100677582-unmod	62	56
chr7:100677781-mod	2	1
chr7:100677781-unmod	76	75
chr7:100678108-mod	1	2
chr7:100678108-unmod	66	62
chr7:100678497-mod	1	1
chr7:100678497-unmod	83	74
chr7:100678775-mod	14	28
chr7:100678775-unmod	86	75
chr7:100678796-mod	24	23
chr7:100678796-unmod	79	77
chr7:100679102-mod	14	8
chr7:100679102-unmod	87	99
chr7:101127210-mod	15	11
chr7:101127210-unmod	95	54
chr7:101127237-mod	13	6
chr7:101127237-unmod	86	48
chr7:101128502-mod	6	7
chr7:101128502-unmod	105	57
chr7:101128547-mod	9	4
chr7:101128547-unmod	95	55
chr7:101130591-mod	16	7
chr7:101130591-unmod	119	64
chr7:101130630-mod	13	6
chr7:101130630-unmod	112	67
chr7:101130641-mod	4	3
chr7:101130641-unmod	139	78
chr7:101131910-mod	8	4
chr7:101131910-unmod	121	64
chr7:101131918-mod	1	7
chr7:101131918-unmod	156	71
chr7:101133737-mod	34	22
chr7:101133737-unmod	149	72
chr7:101133754-mod	17	6
chr7:101133754-unmod	132	70
chr7:101133861-mod	15	8
chr7:101133861-unmod	181	96
chr7:101135506-mod	8	2
chr7:101135506-unmod	177	97
chr7:101135537-mod	2	4
chr7:101135537-unmod	215	103
chr7:101135548-mod	2	7
chr7:101135548-unmod	212	103
chr7:101135562-mod	5	4
chr7:101135562-unmod	199	103
chr7:101135576-mod	12	5
chr7:101135576-unmod	201	102
chr7:101137045-mod	6	6
chr7:101137045-unmod	206	101
chr7:101137049-mod	3	2
chr7:101137049-unmod	196	91
chr7:101137406-mod	13	4
chr7:101137406-unmod	220	110
chr7:101137435-mod	4	3
chr7:101137435-unmod	231	112
chr7:101137441-mod	4	2
chr7:101137441-unmod	241	121
chr7:101137469-mod	10	5
chr7:101137469-unmod	180	94
chr7:101137474-mod	7	6
chr7:101137474-unmod	235	110
chr7:101137530-mod	119	68
chr7:101137530-unmod	130	55
chr7:101137552-mod	38	29
chr7:101137552-unmod	202	101
chr7:101137598-mod	10	7
chr7:101137598-unmod	234	110
chr7:101137619-mod	52	37
chr7:101137619-unmod	179	85
chr7:101137632-mod	11	6
chr7:101137632-unmod	250	121
chr7:101137720-mod	16	13
chr7:101137720-unmod	230	115
chr7:101137772-mod	1	3
chr7:101137772-unmod	229	113
chr7:101137806-mod	79	47
chr7:101137806-unmod	186	83
chr7:101137845-mod	28	19
chr7:101137845-unmod	231	117
chr7:101137911-mod	2	3
chr7:101137911-unmod	288	140
chr7:101138067-mod	1	1
chr7:101138067-unmod	295	146
chr7:101138100-mod	13	9
chr7:101138100-unmod	292	143
chr7:101138270-mod	49	28
chr7:101138270-unmod	247	119
chr7:101138297-mod	5	7
chr7:101138297-unmod	118	56
chr7:101138471-mod	1	1
chr7:101138471-unmod	45	9
chr7:101138527-mod	1	1
chr7:101138527-unmod	48	21
chr7:101138598-mod	6	1
chr7:101138598-unmod	24	9
chr7:101138608-mod	3	3
chr7:101138608-unmod	45	19
chr7:101138613-mod	10	7
chr7:101138613-unmod	55	23
chr7:101138634-mod	3	1
chr7:101138634-unmod	62	28
chr7:101138653-mod	7	3
chr7:101138653-unmod	63	26
chr7:101138698-mod	3	2
chr7:101138698-unmod	63	21
chr7:101206152-mod	4	8
chr7:101206152-unmod	7	9
chr7:101206887-mod	1	6
chr7:101206887-unmod	9	13
chr7:101208918-mod	1	2
chr7:101208918-unmod	9	16
chr7:101218210-mod	1	2
chr7:101218210-unmod	21	43
chr7:101222708-mod	1	2
chr7:101222708-unmod	25	49
chr7:101222721-mod	3	2
chr7:101222721-unmod	25	48
chr7:101223673-mod	2	4
chr7:101223673-unmod	26	53
chr7:101223697-mod	1	1
chr7:101223697-unmod	25	54
chr7:101223825-mod	3	2
chr7:101223825-unmod	22	47
chr7:101223949-mod	9	16
chr7:101223949-unmod	17	35
chr7:101224013-mod	2	6
chr7:101224013-unmod	19	43
chr7:101224053-mod	3	2
chr7:101224053-unmod	10	50
chr7:101224086-mod	5	6
chr7:101224086-unmod	22	47
chr7:101224129-mod	5	8
chr7:101224129-unmod	19	45
chr7:101239832-mod	1	1
chr7:101239832-unmod	9	9
chr7:101239850-mod	5	4
chr7:101239850-unmod	6	7
chr7:101239898-mod	2	6
chr7:101239898-unmod	8	4
chr7:101240175-mod	2	4
chr7:101240175-unmod	9	7
chr7:101240842-mod	2	2
chr7:101240842-unmod	9	9
chr7:10933466-mod	12	10
chr7:10933466-unmod	33	28
chr7:10938113-mod	3	2
chr7:10938113-unmod	57	51
chr7:10938117-mod	2	3
chr7:10938117-unmod	63	53
chr7:10938868-mod	12	11
chr7:10938868-unmod	49	46
chr7:10940058-mod	1	2
chr7:10940058-unmod	61	52
chr7:10940071-mod	1	3
chr7:10940071-unmod	55	46
chr7:127589514-mod	13	6
chr7:127589514-unmod	34	38
chr7:127589550-mod	4	3
chr7:127589550-unmod	43	39
chr7:127589586-mod	4	4
chr7:127589586-unmod	40	38
chr7:127590093-mod	1	1
chr7:127590093-unmod	45	44
chr7:127590124-mod	7	4
chr7:127590124-unmod	41	44
chr7:127591017-mod	1	2
chr7:127591017-unmod	45	38
chr7:127591049-mod	11	6
chr7:127591049-unmod	38	42
chr7:127591053-mod	2	1
chr7:127591053-unmod	37	37
chr7:127591267-mod	9	4
chr7:127591267-unmod	34	41
chr7:127591354-mod	2	3
chr7:127591354-unmod	41	35
chr7:127591367-mod	7	6
chr7:127591367-unmod	41	41
chr7:127591515-mod	2	9
chr7:127591515-unmod	43	33
chr7:128091996-mod	5	1
chr7:128091996-unmod	32	21
chr7:128092014-mod	2	3
chr7:128092014-unmod	37	20
chr7:128092224-mod	1	1
chr7:128092224-unmod	41	23
chr7:128092367-mod	6	6
chr7:128092367-unmod	34	19
chr7:128092438-mod	6	3
chr7:128092438-unmod	34	19
chr7:128862947-mod	2	2
chr7:128862947-unmod	24	16
chr7:128862955-mod	4	2
chr7:128862955-unmod	23	16
chr7:128862995-mod	4	2
chr7:128862995-unmod	23	16
chr7:128865525-mod	5	10
chr7:128865525-unmod	22	17
chr7:128865581-mod	7	14
chr7:128865581-unmod	22	12
chr7:128865748-mod	6	8
chr7:128865748-unmod	25	25
chr7:128865760-mod	4	3
chr7:128865760-unmod	21	10
chr7:134442410-mod	9	12
chr7:134442410-unmod	27	27
chr7:134442420-mod	3	1
chr7:134442420-unmod	38	41
chr7:134442477-mod	2	4
chr7:134442477-unmod	32	37
chr7:134442625-mod	8	2
chr7:134442625-unmod	11	18
chr7:134442697-mod	1	2
chr7:134442697-unmod	24	42
chr7:134445261-mod	10	16
chr7:134445261-unmod	17	26
chr7:134445286-mod	3	2
chr7:134445286-unmod	34	41
chr7:134445305-mod	20	24
chr7:134445305-unmod	14	15
chr7:134445312-mod	1	1
chr7:134445312-unmod	34	44
chr7:134447304-mod	1	3
chr7:134447304-unmod	33	39
chr7:134447326-mod	7	11
chr7:134447326-unmod	16	31
chr7:134447352-mod	5	4
chr7:134447352-unmod	34	35
chr7:134448046-mod	1	1
chr7:134448046-unmod	22	34
chr7:134448423-mod	1	1
chr7:134448423-unmod	30	28
chr7:134449744-mod	5	11
chr7:134449744-unmod	18	26
chr7:134450850-mod	3	1
chr7:134450850-unmod	29	27
chr7:134451734-mod	7	4
chr7:134451734-unmod	24	23
chr7:140696756-mod	2	1
chr7:140696756-unmod	13	10
chr7:140702955-mod	3	6
chr7:140702955-unmod	11	7
chr7:140704929-mod	1	1
chr7:140704929-unmod	15	12
chr7:140704942-mod	1	1
chr7:140704942-unmod	16	12
chr7:143381357-mod	1	1
chr7:143381357-unmod	9	19
chr7:143382653-mod	1	2
chr7:143382653-unmod	13	53
chr7:143382658-mod	1	2
chr7:143382658-unmod	26	55
chr7:143383022-mod	2	3
chr7:143383022-unmod	33	63
chr7:143383106-mod	2	10
chr7:143383106-unmod	37	56
chr7:143383311-mod	2	4
chr7:143383311-unmod	38	72
chr7:143388248-mod	6	7
chr7:143388248-unmod	34	68
chr7:143388281-mod	3	4
chr7:143388281-unmod	36	72
chr7:143388489-mod	9	4
chr7:143388489-unmod	32	76
chr7:143389948-mod	11	12
chr7:143389948-unmod	34	69
chr7:143390578-mod	4	5
chr7:143390578-unmod	45	76
chr7:143390688-mod	7	10
chr7:143390688-unmod	47	77
chr7:143390727-mod	7	6
chr7:143390727-unmod	40	73
chr7:143390742-mod	1	1
chr7:143390742-unmod	55	85
chr7:143390824-mod	4	4
chr7:143390824-unmod	52	85
chr7:143390831-mod	6	11
chr7:143390831-unmod	50	77
chr7:143391038-mod	2	4
chr7:143391038-unmod	43	57
chr7:151081098-mod	7	7
chr7:151081098-unmod	45	39
chr7:151081117-mod	1	4
chr7:151081117-unmod	58	54
chr7:151081201-mod	6	4
chr7:151081201-unmod	40	46
chr7:151081223-mod	11	7
chr7:151081223-unmod	43	40
chr7:151081337-mod	4	2
chr7:151081337-unmod	53	40
chr7:151081396-mod	19	25
chr7:151081396-unmod	18	11
chr7:151081405-mod	28	26
chr7:151081405-unmod	36	32
chr7:151081507-mod	34	24
chr7:151081507-unmod	20	19
chr7:151081619-mod	3	2
chr7:151081619-unmod	48	42
chr7:151081826-mod	1	4
chr7:151081826-unmod	56	45
chr7:151081878-mod	9	7
chr7:151081878-unmod	42	42
chr7:151082273-mod	9	2
chr7:151082273-unmod	38	36
chr7:151082338-mod	1	3
chr7:151082338-unmod	46	38
chr7:151082352-mod	1	1
chr7:151082352-unmod	47	44
chr7:151082427-mod	8	7
chr7:151082427-unmod	42	33
chr7:151082450-mod	4	2
chr7:151082450-unmod	38	35
chr7:22813023-mod	2	1
chr7:22813023-unmod	12	10
chr7:22818013-mod	2	2
chr7:22818013-unmod	50	28
chr7:2380328-mod	2	1
chr7:2380328-unmod	8	15
chr7:2380368-mod	4	5
chr7:2380368-unmod	6	10
chr7:2380486-mod	1	1
chr7:2380486-unmod	9	12
chr7:2380598-mod	1	8
chr7:2380598-unmod	9	6
chr7:2380713-mod	2	3
chr7:2380713-unmod	10	11
chr7:25122955-mod	2	3
chr7:25122955-unmod	10	7
chr7:25123360-mod	1	2
chr7:25123360-unmod	25	9
chr7:25123551-mod	6	1
chr7:25123551-unmod	18	10
chr7:25123594-mod	1	3
chr7:25123594-unmod	14	8
chr7:25123654-mod	4	1
chr7:25123654-unmod	22	10
chr7:25123737-mod	1	1
chr7:25123737-unmod	25	11
chr7:260614-mod	5	8
chr7:260614-unmod	5	3
chr7:30601076-mod	1	2
chr7:30601076-unmod	20	12
chr7:30609591-mod	1	1
chr7:30609591-unmod	21	13
chr7:30609607-mod	2	1
chr7:30609607-unmod	9	13
chr7:30616054-mod	14	7
chr7:30616054-unmod	14	11
chr7:30617246-mod	3	5
chr7:30617246-unmod	20	9
chr7:30622342-mod	1	1
chr7:30622342-unmod	26	14
chr7:30626249-mod	5	1
chr7:30626249-unmod	32	20
chr7:30628587-mod	4	1
chr7:30628587-unmod	35	20
chr7:30628629-mod	23	4
chr7:30628629-unmod	14	16
chr7:30628659-mod	7	2
chr7:30628659-unmod	29	20
chr7:30628666-mod	2	1
chr7:30628666-unmod	34	20
chr7:30632257-mod	5	6
chr7:30632257-unmod	31	13
chr7:30632323-mod	14	7
chr7:30632323-unmod	25	12
chr7:30632360-mod	7	5
chr7:30632360-unmod	30	17
chr7:30632366-mod	4	1
chr7:30632366-unmod	28	17
chr7:30632375-mod	5	5
chr7:30632375-unmod	35	18
chr7:30632405-mod	8	2
chr7:30632405-unmod	26	19
chr7:30632411-mod	5	2
chr7:30632411-unmod	29	21
chr7:30633762-mod	4	5
chr7:30633762-unmod	29	18
chr7:30633830-mod	13	7
chr7:30633830-unmod	23	10
chr7:30633862-mod	4	5
chr7:30633862-unmod	31	14
chr7:30633940-mod	1	1
chr7:30633940-unmod	40	20
chr7:30633964-mod	13	8
chr7:30633964-unmod	25	12
chr7:43866569-mod	1	1
chr7:43866569-unmod	14	17
chr7:43866605-mod	7	5
chr7:43866605-unmod	12	14
chr7:43866696-mod	2	2
chr7:43866696-unmod	19	16
chr7:43866963-mod	3	4
chr7:43866963-unmod	19	15
chr7:43869039-mod	2	1
chr7:43869039-unmod	18	13
chr7:43869072-mod	5	2
chr7:43869072-unmod	24	25
chr7:44796707-mod	1	2
chr7:44796707-unmod	250	375
chr7:44799256-mod	6	9
chr7:44799256-unmod	135	213
chr7:44799708-mod	8	11
chr7:44799708-unmod	284	430
chr7:44799771-mod	19	41
chr7:44799771-unmod	272	399
chr7:44799823-mod	8	13
chr7:44799823-unmod	266	409
chr7:44799866-mod	2	3
chr7:44799866-unmod	222	343
chr7:44801377-mod	4	2
chr7:44801377-unmod	304	454
chr7:44801402-mod	68	120
chr7:44801402-unmod	245	344
chr7:44801409-mod	17	17
chr7:44801409-unmod	235	363
chr7:44801427-mod	18	34
chr7:44801427-unmod	295	437
chr7:44801616-mod	8	16
chr7:44801616-unmod	262	394
chr7:48090205-mod	14	3
chr7:48090205-unmod	68	22
chr7:48090263-mod	3	1
chr7:48090263-unmod	89	24
chr7:48090280-mod	10	4
chr7:48090280-unmod	80	20
chr7:48090293-mod	12	1
chr7:48090293-unmod	78	21
chr7:48106977-mod	5	2
chr7:48106977-unmod	81	22
chr7:48107052-mod	5	3
chr7:48107052-unmod	85	22
chr7:48107070-mod	12	5
chr7:48107070-unmod	81	19
chr7:48107405-mod	1	3
chr7:48107405-unmod	89	18
chr7:48108244-mod	17	5
chr7:48108244-unmod	69	19
chr7:48108259-mod	2	3
chr7:48108259-unmod	86	19
chr7:48108392-mod	35	6
chr7:48108392-unmod	45	13
chr7:54752368-mod	8	3
chr7:54752368-unmod	28	20
chr7:5527180-mod	13	6
chr7:5527180-unmod	629	471
chr7:5527187-mod	113	112
chr7:5527187-unmod	563	361
chr7:5527532-mod	315	243
chr7:5527532-unmod	391	271
chr7:5527583-mod	31	24
chr7:5527583-unmod	692	513
chr7:5527601-mod	80	71
chr7:5527601-unmod	625	450
chr7:5527616-mod	34	36
chr7:5527616-unmod	570	389
chr7:5527700-mod	32	23
chr7:5527700-unmod	622	450
chr7:5527705-mod	5	2
chr7:5527705-unmod	564	428
chr7:5527710-mod	12	16
chr7:5527710-unmod	561	407
chr7:5527736-mod	86	61
chr7:5527736-unmod	577	428
chr7:5527742-mod	192	200
chr7:5527742-unmod	322	189
chr7:5528112-mod	3	1
chr7:5528112-unmod	556	418
chr7:5528124-mod	11	12
chr7:5528124-unmod	511	384
chr7:5528158-mod	3	1
chr7:5528158-unmod	554	415
chr7:5528417-mod	26	26
chr7:5528417-unmod	511	366
chr7:5528450-mod	13	10
chr7:5528450-unmod	516	377
chr7:5528522-mod	17	9
chr7:5528522-unmod	473	356
chr7:5528526-mod	66	52
chr7:5528526-unmod	457	311
chr7:5528531-mod	22	17
chr7:5528531-unmod	482	344
chr7:5528546-mod	16	17
chr7:5528546-unmod	470	329
chr7:5528621-mod	204	154
chr7:5528621-unmod	284	196
chr7:5528706-mod	8	5
chr7:5528706-unmod	452	334
chr7:5529165-mod	37	28
chr7:5529165-unmod	357	270
chr7:5529191-mod	10	7
chr7:5529191-unmod	464	336
chr7:5529207-mod	24	21
chr7:5529207-unmod	455	318
chr7:5592856-mod	5	2
chr7:5592856-unmod	51	50
chr7:5592884-mod	6	8
chr7:5592884-unmod	50	43
chr7:5593170-mod	2	5
chr7:5593170-unmod	62	52
chr7:5593285-mod	1	5
chr7:5593285-unmod	68	57
chr7:5593432-mod	3	2
chr7:5593432-unmod	66	56
chr7:5593483-mod	7	11
chr7:5593483-unmod	53	52
chr7:5603262-mod	1	1
chr7:5603262-unmod	75	50
chr7:5603300-mod	3	3
chr7:5603300-unmod	85	76
chr7:5603515-mod	2	2
chr7:5603515-unmod	81	77
chr7:5603530-mod	4	4
chr7:5603530-unmod	74	74
chr7:5603571-mod	3	4
chr7:5603571-unmod	88	79
chr7:5603610-mod	5	4
chr7:5603610-unmod	75	64
chr7:5603865-mod	3	3
chr7:5603865-unmod	78	68
chr7:5605271-mod	1	2
chr7:5605271-unmod	97	68
chr7:5605304-mod	5	5
chr7:5605304-unmod	100	88
chr7:5605340-mod	22	18
chr7:5605340-unmod	81	63
chr7:5605441-mod	1	1
chr7:5605441-unmod	110	92
chr7:5605448-mod	3	4
chr7:5605448-unmod	104	86
chr7:5605590-mod	8	8
chr7:5605590-unmod	102	89
chr7:5605637-mod	56	49
chr7:5605637-unmod	47	35
chr7:5605770-mod	2	4
chr7:5605770-unmod	111	94
chr7:5605851-mod	24	23
chr7:5605851-unmod	104	92
chr7:5605956-mod	2	2
chr7:5605956-unmod	114	95
chr7:5605994-mod	14	16
chr7:5605994-unmod	110	97
chr7:5606202-mod	19	26
chr7:5606202-unmod	98	70
chr7:5606219-mod	3	8
chr7:5606219-unmod	114	99
chr7:5606585-mod	6	4
chr7:5606585-unmod	131	118
chr7:5606614-mod	21	15
chr7:5606614-unmod	116	100
chr7:5606637-mod	25	18
chr7:5606637-unmod	70	58
chr7:56101635-mod	5	2
chr7:56101635-unmod	117	115
chr7:56101665-mod	28	16
chr7:56101665-unmod	97	93
chr7:56101807-mod	15	10
chr7:56101807-unmod	128	115
chr7:56102885-mod	1	2
chr7:56102885-unmod	138	124
chr7:56102931-mod	14	20
chr7:56102931-unmod	125	108
chr7:56104238-mod	3	5
chr7:56104238-unmod	101	92
chr7:6391995-mod	4	1
chr7:6391995-unmod	10	17
chr7:6401921-mod	3	3
chr7:6401921-unmod	30	21
chr7:6401926-mod	2	1
chr7:6401926-unmod	32	23
chr7:6401981-mod	3	2
chr7:6401981-unmod	31	22
chr7:6402483-mod	2	3
chr7:6402483-unmod	26	33
chr7:6402609-mod	4	1
chr7:6402609-unmod	23	21
chr7:6403082-mod	7	3
chr7:6403082-unmod	5	8
chr7:6403393-mod	2	3
chr7:6403393-unmod	27	8
chr7:6403631-mod	4	6
chr7:6403631-unmod	25	6
chr7:6403678-mod	5	1
chr7:6403678-unmod	26	9
chr7:6403809-mod	1	1
chr7:6403809-unmod	33	11
chr7:6403835-mod	2	1
chr7:6403835-unmod	30	11
chr7:6461199-mod	4	10
chr7:6461199-unmod	6	6
chr7:6461234-mod	2	2
chr7:6461234-unmod	8	15
chr7:6461629-mod	1	4
chr7:6461629-unmod	10	13
chr7:6461990-mod	3	5
chr7:6461990-unmod	14	14
chr7:6462042-mod	1	1
chr7:6462042-unmod	15	16
chr7:6462315-mod	3	6
chr7:6462315-unmod	9	12
chr7:6462434-mod	4	2
chr7:6462434-unmod	7	12
chr7:6462792-mod	4	2
chr7:6462792-unmod	36	22
chr7:6462907-mod	4	1
chr7:6462907-unmod	34	23
chr7:6463038-mod	3	2
chr7:6463038-unmod	51	41
chr7:6463043-mod	5	3
chr7:6463043-unmod	40	21
chr7:6463096-mod	12	10
chr7:6463096-unmod	32	23
chr7:6466096-mod	2	2
chr7:6466096-unmod	46	39
chr7:6484038-mod	3	2
chr7:6484038-unmod	26	26
chr7:6484052-mod	7	3
chr7:6484052-unmod	35	32
chr7:74196407-mod	1	1
chr7:74196407-unmod	11	15
chr7:74196428-mod	2	3
chr7:74196428-unmod	21	13
chr7:74196473-mod	1	4
chr7:74196473-unmod	12	13
chr7:74196772-mod	4	4
chr7:74196772-unmod	19	15
chr7:74196858-mod	1	1
chr7:74196858-unmod	11	17
chr7:74196974-mod	1	3
chr7:74196974-unmod	24	18
chr7:76054830-mod	1	5
chr7:76054830-unmod	51	58
chr7:76054899-mod	4	10
chr7:76054899-unmod	33	27
chr7:76054922-mod	6	9
chr7:76054922-unmod	47	55
chr7:76057425-mod	20	16
chr7:76057425-unmod	37	45
chr7:76057436-mod	11	5
chr7:76057436-unmod	40	48
chr7:76057973-mod	1	3
chr7:76057973-unmod	66	78
chr7:76064354-mod	2	3
chr7:76064354-unmod	50	66
chr7:76064366-mod	7	5
chr7:76064366-unmod	61	76
chr7:76066297-mod	5	4
chr7:76066297-unmod	67	78
chr7:76066481-mod	3	2
chr7:76066481-unmod	67	82
chr7:76302715-mod	1	9
chr7:76302715-unmod	188	336
chr7:76302761-mod	11	26
chr7:76302761-unmod	185	324
chr7:76302989-mod	2	6
chr7:76302989-unmod	174	293
chr7:76303048-mod	1	2
chr7:76303048-unmod	153	301
chr7:76304000-mod	16	19
chr7:76304000-unmod	152	277
chr7:76304158-mod	12	34
chr7:76304158-unmod	169	287
chr7:76326890-mod	4	1
chr7:76326890-unmod	24	12
chr7:76326962-mod	7	4
chr7:76326962-unmod	26	15
chr7:76327136-mod	1	1
chr7:76327136-unmod	24	16
chr7:76327764-mod	1	1
chr7:76327764-unmod	9	11
chr7:87325404-mod	2	2
chr7:87325404-unmod	11	25
chr7:88210024-mod	1	3
chr7:88210024-unmod	23	13
chr7:88210088-mod	1	1
chr7:88210088-unmod	14	15
chr7:93886112-mod	1	1
chr7:93886112-unmod	10	28
chr7:93886276-mod	1	1
chr7:93886276-unmod	9	27
chr7:93886433-mod	2	5
chr7:93886433-unmod	25	42
chr7:93886446-mod	13	12
chr7:93886446-unmod	26	39
chr7:93886489-mod	1	2
chr7:93886489-unmod	31	56
chr7:93886505-mod	10	10
chr7:93886505-unmod	32	56
chr7:93886554-mod	7	10
chr7:93886554-unmod	49	64
chr7:93886594-mod	15	14
chr7:93886594-unmod	73	91
chr7:93886654-mod	11	13
chr7:93886654-unmod	85	98
chr7:93886745-mod	2	2
chr7:93886745-unmod	93	109
chr7:93887301-mod	7	7
chr7:93887301-unmod	92	104
chr7:93887347-mod	8	5
chr7:93887347-unmod	87	99
chr7:93887377-mod	13	14
chr7:93887377-unmod	80	86
chr7:93887396-mod	11	10
chr7:93887396-unmod	76	84
chr7:93889084-mod	10	4
chr7:93889084-unmod	73	94
chr7:93890673-mod	4	2
chr7:93890673-unmod	50	73
chr7:97852307-mod	1	1
chr7:97852307-unmod	17	9
chr7:98282394-mod	3	1
chr7:98282394-unmod	63	35
chr7:98291127-mod	10	4
chr7:98291127-unmod	73	41
chr7:98291248-mod	6	5
chr7:98291248-unmod	71	37
chr7:98291333-mod	34	16
chr7:98291333-unmod	45	27
chr7:98291356-mod	14	10
chr7:98291356-unmod	57	36
chr7:98291432-mod	1	1
chr7:98291432-unmod	75	41
chr7:98293505-mod	3	5
chr7:98293505-unmod	7	7
chr7:98306454-mod	1	3
chr7:98306454-unmod	9	9
chr7:99385769-mod	4	1
chr7:99385769-unmod	10	9
chr7:99386785-mod	3	1
chr7:99386785-unmod	11	9
chr7:99389957-mod	3	6
chr7:99389957-unmod	11	7
chr7:99390970-mod	5	1
chr7:99390970-unmod	12	14
chr7:99391220-mod	1	3
chr7:99391220-unmod	17	12
chr7:99392797-mod	4	1
chr7:99392797-unmod	16	11
chr7:99392866-mod	6	4
chr7:99392866-unmod	30	26
chr7:99394472-mod	1	2
chr7:99394472-unmod	21	17
chr7:99394630-mod	4	4
chr7:99394630-unmod	26	11
chr7:99394740-mod	12	9
chr7:99394740-unmod	8	10
chr7:99417506-mod	1	1
chr7:99417506-unmod	11	15
chr7:99458266-mod	1	8
chr7:99458266-unmod	10	27
chr7:99458320-mod	1	9
chr7:99458320-unmod	10	25
chr7:99460158-mod	1	1
chr7:99460158-unmod	11	35
chr7:997329-mod	2	2
chr7:997329-unmod	31	9
chr7:997347-mod	6	3
chr7:997347-unmod	16	7
chr7:997406-mod	6	2
chr7:997406-unmod	16	9
chr8:100702979-mod	22	47
chr8:100702979-unmod	190	172
chr8:100703102-mod	1	3
chr8:100703102-unmod	168	182
chr8:100703147-mod	8	9
chr8:100703147-unmod	194	197
chr8:100703192-mod	3	2
chr8:100703192-unmod	203	209
chr8:100703226-mod	11	7
chr8:100703226-unmod	185	198
chr8:100703233-mod	5	3
chr8:100703233-unmod	186	202
chr8:100703294-mod	2	4
chr8:100703294-unmod	177	190
chr8:100703347-mod	7	4
chr8:100703347-unmod	172	190
chr8:100704967-mod	12	15
chr8:100704967-unmod	156	156
chr8:100705639-mod	6	7
chr8:100705639-unmod	148	160
chr8:100705646-mod	13	14
chr8:100705646-unmod	143	156
chr8:100709139-mod	2	5
chr8:100709139-unmod	113	124
chr8:100709156-mod	31	43
chr8:100709156-unmod	88	96
chr8:100709215-mod	12	23
chr8:100709215-unmod	109	112
chr8:100712684-mod	6	12
chr8:100712684-unmod	81	99
chr8:100712702-mod	23	39
chr8:100712702-unmod	88	95
chr8:100715558-mod	7	19
chr8:100715558-unmod	32	43
chr8:100718153-mod	2	6
chr8:100718153-unmod	19	43
chr8:100718264-mod	1	2
chr8:100718264-unmod	26	46
chr8:100721410-mod	6	20
chr8:100721410-unmod	26	33
chr8:100721533-mod	1	4
chr8:100721533-unmod	11	27
chr8:100721578-mod	3	6
chr8:100721578-unmod	15	43
chr8:100721806-mod	1	1
chr8:100721806-unmod	23	27
chr8:100721837-mod	2	3
chr8:100721837-unmod	24	45
chr8:100722031-mod	4	9
chr8:100722031-unmod	14	22
chr8:100919526-mod	5	5
chr8:100919526-unmod	32	21
chr8:100919699-mod	4	3
chr8:100919699-unmod	31	22
chr8:100919746-mod	3	1
chr8:100919746-unmod	35	26
chr8:100919770-mod	5	2
chr8:100919770-unmod	33	28
chr8:100919819-mod	2	1
chr8:100919819-unmod	41	28
chr8:100920137-mod	1	4
chr8:100920137-unmod	34	24
chr8:100920175-mod	2	2
chr8:100920175-unmod	28	26
chr8:100920358-mod	1	2
chr8:100920358-unmod	25	20
chr8:100920384-mod	1	1
chr8:100920384-unmod	26	23
chr8:100920592-mod	3	1
chr8:100920592-unmod	8	19
chr8:100924168-mod	3	4
chr8:100924168-unmod	19	15
chr8:100924923-mod	1	1
chr8:100924923-unmod	10	19
chr8:100948801-mod	2	6
chr8:100948801-unmod	11	13
chr8:108201915-mod	2	1
chr8:108201915-unmod	8	17
chr8:116644970-mod	6	6
chr8:116644970-unmod	23	22
chr8:116645078-mod	8	5
chr8:116645078-unmod	21	25
chr8:116646552-mod	11	7
chr8:116646552-unmod	14	19
chr8:116655911-mod	3	1
chr8:116655911-unmod	24	16
chr8:116657263-mod	8	5
chr8:116657263-unmod	19	21
chr8:116657302-mod	2	1
chr8:116657302-unmod	20	24
chr8:116658865-mod	2	1
chr8:116658865-unmod	24	26
chr8:116726126-mod	5	8
chr8:116726126-unmod	21	19
chr8:11802926-mod	1	4
chr8:11802926-unmod	9	25
chr8:11808794-mod	5	6
chr8:11808794-unmod	15	36
chr8:11821862-mod	3	17
chr8:11821862-unmod	7	24
chr8:11826168-mod	2	2
chr8:11826168-unmod	20	34
chr8:11830323-mod	15	15
chr8:11830323-unmod	9	27
chr8:11838558-mod	3	3
chr8:11838558-unmod	26	41
chr8:11838583-mod	2	3
chr8:11838583-unmod	28	43
chr8:11838594-mod	8	6
chr8:11838594-unmod	17	13
chr8:11838602-mod	7	8
chr8:11838602-unmod	24	38
chr8:11838769-mod	2	1
chr8:11838769-unmod	8	19
chr8:11844450-mod	7	8
chr8:11844450-unmod	111	100
chr8:11844525-mod	4	6
chr8:11844525-unmod	114	114
chr8:11844535-mod	24	18
chr8:11844535-unmod	98	97
chr8:11844853-mod	31	35
chr8:11844853-unmod	65	59
chr8:11844939-mod	15	7
chr8:11844939-unmod	89	92
chr8:11844980-mod	2	4
chr8:11844980-unmod	100	89
chr8:11845018-mod	74	63
chr8:11845018-unmod	24	32
chr8:11845199-mod	14	9
chr8:11845199-unmod	58	59
chr8:11845665-mod	9	6
chr8:11845665-unmod	81	86
chr8:11845674-mod	14	12
chr8:11845674-unmod	63	66
chr8:11845680-mod	13	11
chr8:11845680-unmod	67	70
chr8:11847071-mod	6	3
chr8:11847071-unmod	61	51
chr8:11847131-mod	2	1
chr8:11847131-unmod	86	86
chr8:11847689-mod	16	19
chr8:11847689-unmod	50	49
chr8:11847814-mod	4	1
chr8:11847814-unmod	60	71
chr8:11848119-mod	20	16
chr8:11848119-unmod	47	52
chr8:11849081-mod	12	12
chr8:11849081-unmod	71	70
chr8:11849135-mod	2	1
chr8:11849135-unmod	75	74
chr8:11850962-mod	3	7
chr8:11850962-unmod	62	56
chr8:123209507-mod	1	2
chr8:123209507-unmod	18	8
chr8:123209550-mod	2	2
chr8:123209550-unmod	14	10
chr8:123209565-mod	2	2
chr8:123209565-unmod	17	10
chr8:123209720-mod	2	3
chr8:123209720-unmod	18	7
chr8:123209783-mod	1	1
chr8:123209783-unmod	18	11
chr8:123209885-mod	3	4
chr8:123209885-unmod	19	9
chr8:124539216-mod	2	6
chr8:124539216-unmod	17	24
chr8:124543235-mod	2	6
chr8:124543235-unmod	19	24
chr8:124547085-mod	1	3
chr8:124547085-unmod	18	30
chr8:124549802-mod	2	4
chr8:124549802-unmod	20	29
chr8:124549941-mod	3	11
chr8:124549941-unmod	17	19
chr8:133237181-mod	2	3
chr8:133237181-unmod	70	59
chr8:133237196-mod	2	1
chr8:133237196-unmod	121	83
chr8:133237257-mod	4	3
chr8:133237257-unmod	150	104
chr8:133237352-mod	10	5
chr8:133237352-unmod	147	105
chr8:133237409-mod	6	1
chr8:133237409-unmod	142	112
chr8:133237426-mod	20	15
chr8:133237426-unmod	133	90
chr8:133237628-mod	6	11
chr8:133237628-unmod	105	67
chr8:133237688-mod	33	28
chr8:133237688-unmod	107	75
chr8:133237719-mod	29	22
chr8:133237719-unmod	110	84
chr8:133237746-mod	6	7
chr8:133237746-unmod	114	85
chr8:133237755-mod	17	8
chr8:133237755-unmod	113	83
chr8:133237768-mod	45	39
chr8:133237768-unmod	89	59
chr8:133238163-mod	2	1
chr8:133238163-unmod	102	74
chr8:133238393-mod	5	4
chr8:133238393-unmod	91	71
chr8:133238462-mod	16	11
chr8:133238462-unmod	86	65
chr8:133238587-mod	4	5
chr8:133238587-unmod	88	64
chr8:133238594-mod	7	3
chr8:133238594-unmod	75	57
chr8:133238680-mod	4	1
chr8:133238680-unmod	79	67
chr8:133238732-mod	3	2
chr8:133238732-unmod	66	57
chr8:133238781-mod	2	2
chr8:133238781-unmod	75	56
chr8:133238850-mod	47	40
chr8:133238850-unmod	24	19
chr8:133238914-mod	4	3
chr8:133238914-unmod	75	58
chr8:133238944-mod	5	7
chr8:133238944-unmod	70	56
chr8:133244382-mod	12	3
chr8:133244382-unmod	36	34
chr8:133246640-mod	7	7
chr8:133246640-unmod	53	37
chr8:133248733-mod	6	1
chr8:133248733-unmod	55	40
chr8:133250478-mod	12	8
chr8:133250478-unmod	51	42
chr8:133254582-mod	1	1
chr8:133254582-unmod	50	43
chr8:133256792-mod	4	7
chr8:133256792-unmod	50	24
chr8:133256816-mod	10	6
chr8:133256816-unmod	43	41
chr8:133258376-mod	6	1
chr8:133258376-unmod	55	48
chr8:133258400-mod	4	5
chr8:133258400-unmod	57	40
chr8:133264548-mod	7	12
chr8:133264548-unmod	44	29
chr8:133264560-mod	2	2
chr8:133264560-unmod	40	34
chr8:133264600-mod	4	3
chr8:133264600-unmod	47	38
chr8:133280266-mod	2	3
chr8:133280266-unmod	48	36
chr8:133284312-mod	4	1
chr8:133284312-unmod	44	38
chr8:143579738-mod	9	8
chr8:143579738-unmod	24	26
chr8:143580052-mod	3	4
chr8:143580052-unmod	42	47
chr8:143580189-mod	3	6
chr8:143580189-unmod	43	47
chr8:143580629-mod	1	5
chr8:143580629-unmod	44	56
chr8:143580644-mod	4	5
chr8:143580644-unmod	54	59
chr8:143581245-mod	3	4
chr8:143581245-unmod	52	56
chr8:143581290-mod	2	2
chr8:143581290-unmod	52	57
chr8:143586240-mod	4	9
chr8:143586240-unmod	48	47
chr8:143586261-mod	1	3
chr8:143586261-unmod	46	46
chr8:143991205-mod	1	2
chr8:143991205-unmod	11	12
chr8:143991567-mod	1	1
chr8:143991567-unmod	12	20
chr8:143991748-mod	1	3
chr8:143991748-unmod	23	19
chr8:143991979-mod	2	2
chr8:143991979-unmod	26	22
chr8:143992040-mod	2	3
chr8:143992040-unmod	24	24
chr8:143992064-mod	5	9
chr8:143992064-unmod	22	23
chr8:143992253-mod	2	2
chr8:143992253-unmod	25	29
chr8:143992555-mod	2	4
chr8:143992555-unmod	22	25
chr8:143992725-mod	1	2
chr8:143992725-unmod	30	30
chr8:143992773-mod	2	3
chr8:143992773-unmod	24	30
chr8:143993012-mod	6	1
chr8:143993012-unmod	22	18
chr8:143993141-mod	17	22
chr8:143993141-unmod	26	20
chr8:144085050-mod	6	5
chr8:144085050-unmod	4	7
chr8:144086152-mod	2	3
chr8:144086152-unmod	10	12
chr8:144086163-mod	2	1
chr8:144086163-unmod	9	13
chr8:144095959-mod	4	2
chr8:144095959-unmod	24	36
chr8:144096019-mod	1	1
chr8:144096019-unmod	15	32
chr8:144096179-mod	1	8
chr8:144096179-unmod	27	30
chr8:144096597-mod	2	1
chr8:144096597-unmod	30	47
chr8:144097335-mod	2	3
chr8:144097335-unmod	29	44
chr8:144097369-mod	9	9
chr8:144097369-unmod	15	22
chr8:144097459-mod	1	1
chr8:144097459-unmod	29	48
chr8:144106571-mod	4	1
chr8:144106571-unmod	6	10
chr8:144107158-mod	4	1
chr8:144107158-unmod	17	11
chr8:144107321-mod	6	9
chr8:144107321-unmod	5	13
chr8:144107386-mod	4	5
chr8:144107386-unmod	19	20
chr8:144107394-mod	5	5
chr8:144107394-unmod	18	20
chr8:144309568-mod	1	2
chr8:144309568-unmod	9	9
chr8:144312096-mod	5	4
chr8:144312096-unmod	18	12
chr8:144312118-mod	6	5
chr8:144312118-unmod	19	11
chr8:144313524-mod	2	1
chr8:144313524-unmod	26	16
chr8:144314036-mod	4	2
chr8:144314036-unmod	27	15
chr8:144314184-mod	1	1
chr8:144314184-unmod	27	13
chr8:144314313-mod	5	1
chr8:144314313-unmod	25	14
chr8:144314569-mod	8	9
chr8:144314569-unmod	9	8
chr8:144314680-mod	4	1
chr8:144314680-unmod	24	15
chr8:144314685-mod	1	1
chr8:144314685-unmod	29	15
chr8:144314707-mod	3	4
chr8:144314707-unmod	12	13
chr8:144789807-mod	21	21
chr8:144789807-unmod	621	716
chr8:144789826-mod	20	20
chr8:144789826-unmod	646	713
chr8:144789832-mod	28	34
chr8:144789832-unmod	664	750
chr8:144789850-mod	100	103
chr8:144789850-unmod	442	536
chr8:144790388-mod	100	92
chr8:144790388-unmod	597	692
chr8:144790438-mod	1	1
chr8:144790438-unmod	666	742
chr8:144790442-mod	5	6
chr8:144790442-unmod	665	759
chr8:144791348-mod	3	4
chr8:144791348-unmod	607	698
chr8:144791380-mod	40	38
chr8:144791380-unmod	628	732
chr8:144791410-mod	1	1
chr8:144791410-unmod	574	680
chr8:144791912-mod	20	10
chr8:144791912-unmod	490	615
chr8:144792108-mod	30	34
chr8:144792108-unmod	380	487
chr8:144792138-mod	25	38
chr8:144792138-unmod	301	345
chr8:144792368-mod	80	96
chr8:144792368-unmod	259	317
chr8:30785895-mod	1	1
chr8:30785895-unmod	10	9
chr8:30785950-mod	1	2
chr8:30785950-unmod	10	8
chr8:38057125-mod	12	3
chr8:38057125-unmod	37	14
chr8:38057136-mod	3	2
chr8:38057136-unmod	49	16
chr8:38059927-mod	9	1
chr8:38059927-unmod	38	13
chr8:38060053-mod	7	1
chr8:38060053-unmod	33	11
chr8:38060106-mod	13	4
chr8:38060106-unmod	29	13
chr8:38060167-mod	5	5
chr8:38060167-unmod	50	15
chr8:38060208-mod	10	3
chr8:38060208-unmod	35	12
chr8:38060218-mod	11	6
chr8:38060218-unmod	42	13
chr8:48917883-mod	4	1
chr8:48917883-unmod	13	9
chr8:48918227-mod	1	1
chr8:48918227-unmod	20	9
chr8:56073064-mod	10	16
chr8:56073064-unmod	166	206
chr8:56073180-mod	19	34
chr8:56073180-unmod	258	348
chr8:56073247-mod	14	21
chr8:56073247-unmod	261	350
chr8:56073715-mod	6	13
chr8:56073715-unmod	263	346
chr8:56073758-mod	14	23
chr8:56073758-unmod	265	363
chr8:56074137-mod	9	20
chr8:56074137-unmod	226	315
chr8:56074415-mod	2	4
chr8:56074415-unmod	225	318
chr8:56074443-mod	42	58
chr8:56074443-unmod	189	258
chr8:66922641-mod	2	2
chr8:66922641-unmod	22	25
chr8:73290663-mod	7	4
chr8:73290663-unmod	315	258
chr8:73291047-mod	156	125
chr8:73291047-unmod	272	224
chr8:73291077-mod	13	28
chr8:73291077-unmod	389	300
chr8:73291173-mod	49	36
chr8:73291173-unmod	388	327
chr8:73291633-mod	65	57
chr8:73291633-unmod	317	265
chr8:73291839-mod	19	11
chr8:73291839-unmod	317	270
chr8:73292270-mod	24	18
chr8:73292270-unmod	300	258
chr8:73292329-mod	61	69
chr8:73292329-unmod	269	225
chr8:73292762-mod	2	2
chr8:73292762-unmod	244	228
chr8:73293614-mod	10	8
chr8:73293614-unmod	145	136
chr8:85214938-mod	2	1
chr8:85214938-unmod	10	14
chr8:85217501-mod	3	2
chr8:85217501-unmod	9	14
chr8:96231114-mod	13	8
chr8:96231114-unmod	53	51
chr8:96231822-mod	11	9
chr8:96231822-unmod	63	52
chr8:96231828-mod	1	1
chr8:96231828-unmod	62	54
chr8:96231870-mod	2	4
chr8:96231870-unmod	65	53
chr8:98041762-mod	4	9
chr8:98041762-unmod	220	327
chr8:98041769-mod	1	2
chr8:98041769-unmod	190	306
chr8:98041814-mod	7	14
chr8:98041814-unmod	131	257
chr8:98041818-mod	1	2
chr8:98041818-unmod	69	130
chr8:98041840-mod	6	5
chr8:98041840-unmod	189	318
chr8:98041846-mod	22	59
chr8:98041846-unmod	194	280
chr8:98042702-mod	34	47
chr8:98042702-unmod	163	258
chr8:98042737-mod	9	15
chr8:98042737-unmod	206	310
chr8:98045009-mod	5	10
chr8:98045009-unmod	205	325
chr8:99878212-mod	11	8
chr8:99878212-unmod	32	26
chr8:99878226-mod	6	7
chr8:99878226-unmod	37	27
chr8:99887568-mod	1	1
chr8:99887568-unmod	41	33
chr9:110244047-mod	17	19
chr9:110244047-unmod	116	113
chr9:110244783-mod	1	1
chr9:110244783-unmod	136	139
chr9:110250826-mod	1	2
chr9:110250826-unmod	152	155
chr9:110251409-mod	9	6
chr9:110251409-unmod	136	147
chr9:110251461-mod	1	1
chr9:110251461-unmod	134	135
chr9:110256449-mod	5	3
chr9:110256449-unmod	120	116
chr9:121327332-mod	8	7
chr9:121327332-unmod	12	11
chr9:121327358-mod	3	6
chr9:121327358-unmod	21	11
chr9:121331441-mod	1	6
chr9:121331441-unmod	30	29
chr9:121332565-mod	1	2
chr9:121332565-unmod	28	31
chr9:121332574-mod	1	2
chr9:121332574-unmod	27	24
chr9:121332647-mod	12	12
chr9:121332647-unmod	21	20
chr9:124353504-mod	2	2
chr9:124353504-unmod	12	38
chr9:124353535-mod	2	2
chr9:124353535-unmod	15	38
chr9:124353607-mod	1	11
chr9:124353607-unmod	13	27
chr9:124356814-mod	1	1
chr9:124356814-unmod	16	38
chr9:124356835-mod	1	1
chr9:124356835-unmod	15	43
chr9:124412385-mod	3	6
chr9:124412385-unmod	11	28
chr9:124413943-mod	4	8
chr9:124413943-unmod	14	31
chr9:124414873-mod	1	2
chr9:124414873-unmod	13	19
chr9:124857979-mod	1	1
chr9:124857979-unmod	171	163
chr9:124857987-mod	30	18
chr9:124857987-unmod	147	147
chr9:124858027-mod	3	5
chr9:124858027-unmod	179	171
chr9:124858044-mod	3	1
chr9:124858044-unmod	173	169
chr9:124860201-mod	3	2
chr9:124860201-unmod	166	167
chr9:124860214-mod	2	5
chr9:124860214-unmod	155	141
chr9:124861449-mod	8	8
chr9:124861449-unmod	170	160
chr9:125236269-mod	32	23
chr9:125236269-unmod	64	49
chr9:125236469-mod	23	12
chr9:125236469-unmod	106	77
chr9:125236518-mod	54	52
chr9:125236518-unmod	66	37
chr9:125236544-mod	42	44
chr9:125236544-unmod	84	49
chr9:125236552-mod	86	50
chr9:125236552-unmod	13	10
chr9:125236590-mod	12	11
chr9:125236590-unmod	113	85
chr9:125236657-mod	6	3
chr9:125236657-unmod	111	90
chr9:125236690-mod	27	28
chr9:125236690-unmod	91	64
chr9:125236712-mod	7	5
chr9:125236712-unmod	109	65
chr9:125236801-mod	5	1
chr9:125236801-unmod	92	71
chr9:125236901-mod	4	2
chr9:125236901-unmod	86	66
chr9:125236956-mod	5	1
chr9:125236956-unmod	73	60
chr9:125236970-mod	9	4
chr9:125236970-unmod	74	46
chr9:125237012-mod	5	1
chr9:125237012-unmod	75	57
chr9:125237022-mod	2	2
chr9:125237022-unmod	78	55
chr9:125237103-mod	9	5
chr9:125237103-unmod	67	57
chr9:125237132-mod	4	3
chr9:125237132-unmod	69	56
chr9:125237139-mod	3	2
chr9:125237139-unmod	70	50
chr9:125238223-mod	5	3
chr9:125238223-unmod	70	51
chr9:125238237-mod	5	5
chr9:125238237-unmod	58	38
chr9:125238242-mod	5	6
chr9:125238242-unmod	72	50
chr9:125238260-mod	7	7
chr9:125238260-unmod	73	46
chr9:125238674-mod	2	4
chr9:125238674-unmod	76	46
chr9:125238969-mod	13	7
chr9:125238969-unmod	48	37
chr9:125239094-mod	1	1
chr9:125239094-unmod	61	41
chr9:125239132-mod	8	7
chr9:125239132-unmod	55	33
chr9:125239144-mod	5	4
chr9:125239144-unmod	52	36
chr9:125239160-mod	2	4
chr9:125239160-unmod	57	36
chr9:125239223-mod	1	2
chr9:125239223-unmod	49	27
chr9:125239251-mod	1	3
chr9:125239251-unmod	53	29
chr9:125239265-mod	3	2
chr9:125239265-unmod	57	33
chr9:125239280-mod	2	2
chr9:125239280-unmod	55	34
chr9:125239460-mod	4	7
chr9:125239460-unmod	52	26
chr9:125240697-mod	2	1
chr9:125240697-unmod	44	31
chr9:125240760-mod	4	3
chr9:125240760-unmod	40	25
chr9:125240784-mod	11	8
chr9:125240784-unmod	39	23
chr9:125241156-mod	12	14
chr9:125241156-unmod	32	15
chr9:125241223-mod	3	2
chr9:125241223-unmod	39	25
chr9:127447684-mod	3	1
chr9:127447684-unmod	259	263
chr9:127447707-mod	2	1
chr9:127447707-unmod	521	474
chr9:127447907-mod	6	8
chr9:127447907-unmod	547	495
chr9:127447919-mod	13	13
chr9:127447919-unmod	461	446
chr9:127447965-mod	37	47
chr9:127447965-unmod	521	481
chr9:127447986-mod	59	39
chr9:127447986-unmod	456	446
chr9:127448343-mod	78	60
chr9:127448343-unmod	449	442
chr9:127448418-mod	15	7
chr9:127448418-unmod	559	540
chr9:127449300-mod	1	2
chr9:127449300-unmod	547	504
chr9:127449311-mod	12	10
chr9:127449311-unmod	545	515
chr9:127449618-mod	11	10
chr9:127449618-unmod	497	453
chr9:127449622-mod	26	27
chr9:127449622-unmod	466	439
chr9:127449632-mod	63	56
chr9:127449632-unmod	446	417
chr9:127449636-mod	31	21
chr9:127449636-unmod	486	471
chr9:127449664-mod	123	115
chr9:127449664-unmod	388	351
chr9:127449685-mod	15	14
chr9:127449685-unmod	503	480
chr9:128163637-mod	22	8
chr9:128163637-unmod	26	4
chr9:128163722-mod	6	3
chr9:128163722-unmod	45	23
chr9:129738522-mod	3	4
chr9:129738522-unmod	24	18
chr9:129738539-mod	1	1
chr9:129738539-unmod	22	19
chr9:129738720-mod	3	2
chr9:129738720-unmod	24	19
chr9:129738794-mod	3	2
chr9:129738794-unmod	22	21
chr9:129738929-mod	4	6
chr9:129738929-unmod	20	15
chr9:129739207-mod	3	1
chr9:129739207-unmod	8	17
chr9:129739264-mod	1	1
chr9:129739264-unmod	9	16
chr9:133349551-mod	34	28
chr9:133349551-unmod	469	454
chr9:133349556-mod	19	23
chr9:133349556-unmod	561	556
chr9:133349574-mod	6	1
chr9:133349574-unmod	595	586
chr9:133349688-mod	24	30
chr9:133349688-unmod	579	562
chr9:133349696-mod	1	1
chr9:133349696-unmod	566	571
chr9:133349945-mod	2	6
chr9:133349945-unmod	579	544
chr9:133349975-mod	6	3
chr9:133349975-unmod	623	623
chr9:133350245-mod	10	8
chr9:133350245-unmod	686	661
chr9:133350269-mod	20	24
chr9:133350269-unmod	626	617
chr9:133350667-mod	2	1
chr9:133350667-unmod	735	700
chr9:133350692-mod	40	31
chr9:133350692-unmod	640	627
chr9:133350723-mod	119	136
chr9:133350723-unmod	556	511
chr9:133351006-mod	5	3
chr9:133351006-unmod	684	652
chr9:133351044-mod	103	91
chr9:133351044-unmod	624	613
chr9:133351057-mod	16	1
chr9:133351057-unmod	583	568
chr9:133351344-mod	139	136
chr9:133351344-unmod	608	596
chr9:133351356-mod	69	62
chr9:133351356-unmod	632	630
chr9:133361850-mod	1	1
chr9:133361850-unmod	24	13
chr9:133362060-mod	18	7
chr9:133362060-unmod	8	5
chr9:133362246-mod	9	5
chr9:133362246-unmod	16	5
chr9:136724749-mod	1	2
chr9:136724749-unmod	27	26
chr9:136724756-mod	7	2
chr9:136724756-unmod	22	32
chr9:136724766-mod	19	17
chr9:136724766-unmod	12	15
chr9:136724785-mod	1	4
chr9:136724785-unmod	33	31
chr9:136724854-mod	10	7
chr9:136724854-unmod	20	27
chr9:136726331-mod	1	3
chr9:136726331-unmod	13	28
chr9:136726340-mod	4	1
chr9:136726340-unmod	31	35
chr9:136728057-mod	6	4
chr9:136728057-unmod	24	25
chr9:136728141-mod	1	4
chr9:136728141-unmod	9	9
chr9:136849428-mod	1	2
chr9:136849428-unmod	33	21
chr9:136849443-mod	1	3
chr9:136849443-unmod	24	22
chr9:136862167-mod	1	2
chr9:136862167-unmod	16	27
chr9:136862282-mod	2	4
chr9:136862282-unmod	16	25
chr9:136862323-mod	1	3
chr9:136862323-unmod	16	26
chr9:136863297-mod	4	1
chr9:136863297-unmod	14	26
chr9:136863393-mod	2	1
chr9:136863393-unmod	13	19
chr9:136863408-mod	3	5
chr9:136863408-unmod	9	21
chr9:137242558-mod	1	4
chr9:137242558-unmod	11	8
chr9:137242600-mod	2	8
chr9:137242600-unmod	10	5
chr9:137242644-mod	6	4
chr9:137242644-unmod	7	10
chr9:137242711-mod	3	8
chr9:137242711-unmod	9	15
chr9:137242857-mod	2	3
chr9:137242857-unmod	12	20
chr9:137242888-mod	2	1
chr9:137242888-unmod	11	11
chr9:137242984-mod	4	6
chr9:137242984-unmod	9	18
chr9:137243110-mod	4	2
chr9:137243110-unmod	9	12
chr9:137243281-mod	2	2
chr9:137243281-unmod	11	23
chr9:137243594-mod	6	12
chr9:137243594-unmod	7	11
chr9:137552388-mod	9	8
chr9:137552388-unmod	11	4
chr9:137552481-mod	6	1
chr9:137552481-unmod	14	11
chr9:19376343-mod	5	6
chr9:19376343-unmod	413	335
chr9:19376364-mod	17	11
chr9:19376364-unmod	541	470
chr9:19376514-mod	2	1
chr9:19376514-unmod	540	472
chr9:19376636-mod	32	41
chr9:19376636-unmod	492	413
chr9:19378434-mod	3	2
chr9:19378434-unmod	532	458
chr9:19378490-mod	62	46
chr9:19378490-unmod	414	367
chr9:19378494-mod	189	151
chr9:19378494-unmod	312	290
chr9:19378791-mod	99	70
chr9:19378791-unmod	429	387
chr9:19378851-mod	8	5
chr9:19378851-unmod	450	391
chr9:19379555-mod	21	10
chr9:19379555-unmod	476	411
chr9:19379582-mod	5	8
chr9:19379582-unmod	493	415
chr9:19379613-mod	90	66
chr9:19379613-unmod	349	315
chr9:21968241-mod	1	1
chr9:21968241-unmod	40	52
chr9:21971011-mod	3	3
chr9:21971011-unmod	42	53
chr9:21971083-mod	2	4
chr9:21971083-unmod	44	49
chr9:21974786-mod	1	1
chr9:21974786-unmod	18	24
chr9:21994332-mod	4	2
chr9:21994332-unmod	7	18
chr9:32572986-mod	2	1
chr9:32572986-unmod	9	16
chr9:33796766-mod	5	1
chr9:33796766-unmod	10	9
chr9:33797932-mod	2	1
chr9:33797932-unmod	13	10
chr9:33797963-mod	1	1
chr9:33797963-unmod	13	10
chr9:33799031-mod	2	1
chr9:33799031-unmod	13	10
chr9:35056586-mod	3	1
chr9:35056586-unmod	12	14
chr9:35056763-mod	5	1
chr9:35056763-unmod	12	17
chr9:35056825-mod	4	6
chr9:35056825-unmod	14	13
chr9:35057077-mod	6	5
chr9:35057077-unmod	27	15
chr9:35057207-mod	5	8
chr9:35057207-unmod	28	15
chr9:35059616-mod	3	2
chr9:35059616-unmod	14	12
chr9:35061021-mod	1	1
chr9:35061021-unmod	12	15
chr9:35061045-mod	6	2
chr9:35061045-unmod	9	13
chr9:35061144-mod	1	2
chr9:35061144-unmod	12	12
chr9:35061579-mod	1	3
chr9:35061579-unmod	14	11
chr9:35061586-mod	1	3
chr9:35061586-unmod	14	11
chr9:35061610-mod	1	4
chr9:35061610-unmod	14	11
chr9:35062137-mod	2	2
chr9:35062137-unmod	11	13
chr9:36211682-mod	1	4
chr9:36211682-unmod	13	12
chr9:36211870-mod	3	6
chr9:36211870-unmod	9	7
chr9:37436769-mod	7	5
chr9:37436769-unmod	4	8
chr9:37588722-mod	1	2
chr9:37588722-unmod	16	8
chr9:37588744-mod	2	1
chr9:37588744-unmod	15	10
chr9:37588789-mod	3	3
chr9:37588789-unmod	13	8
chr9:37588802-mod	10	5
chr9:37588802-unmod	9	8
chr9:37592443-mod	5	2
chr9:37592443-unmod	12	10
chr9:7798439-mod	6	6
chr9:7798439-unmod	6	7
chr9:7798486-mod	6	7
chr9:7798486-unmod	5	5
chr9:83968912-mod	1	3
chr9:83968912-unmod	13	8
chr9:83969068-mod	22	12
chr9:83969068-unmod	30	15
chr9:83969336-mod	10	4
chr9:83969336-unmod	43	23
chr9:83969347-mod	2	2
chr9:83969347-unmod	51	26
chr9:83970164-mod	5	2
chr9:83970164-unmod	25	20
chr9:83970204-mod	1	1
chr9:83970204-unmod	42	22
chr9:83970772-mod	2	2
chr9:83970772-unmod	43	20
chr9:83971327-mod	10	6
chr9:83971327-unmod	36	18
chr9:83971970-mod	2	1
chr9:83971970-unmod	32	18
chr9:83972970-mod	1	2
chr9:83972970-unmod	28	17
chr9:83973294-mod	3	4
chr9:83973294-unmod	27	15
chr9:83973370-mod	2	2
chr9:83973370-unmod	30	18
chr9:83973376-mod	2	1
chr9:83973376-unmod	29	18
chr9:83975479-mod	1	3
chr9:83975479-unmod	12	14
chr9:83978240-mod	4	4
chr9:83978240-unmod	7	7
chr9:83978375-mod	1	2
chr9:83978375-unmod	11	13
chr9:99230496-mod	2	2
chr9:99230496-unmod	21	27
chrX:101391524-mod	22	32
chrX:101391524-unmod	162	177
chrX:101391769-mod	1	3
chrX:101391769-unmod	191	224
chrX:101395340-mod	2	3
chrX:101395340-unmod	212	231
chrX:101395432-mod	84	100
chrX:101395432-unmod	122	129
chrX:101395769-mod	7	3
chrX:101395769-unmod	142	171
chrX:103377826-mod	3	1
chrX:103377826-unmod	13	18
chrX:119468546-mod	3	6
chrX:119468546-unmod	70	96
chrX:119469715-mod	16	17
chrX:119469715-unmod	63	97
chrX:119469859-mod	9	10
chrX:119469859-unmod	71	96
chrX:119469867-mod	1	9
chrX:119469867-unmod	85	112
chrX:119470024-mod	8	22
chrX:119470024-unmod	72	95
chrX:119470135-mod	4	4
chrX:119470135-unmod	72	119
chrX:119470393-mod	3	4
chrX:119470393-unmod	87	127
chrX:119470452-mod	2	4
chrX:119470452-unmod	75	118
chrX:119470899-mod	7	9
chrX:119470899-unmod	90	134
chrX:119470903-mod	3	3
chrX:119470903-unmod	87	127
chrX:119470927-mod	8	7
chrX:119470927-unmod	83	116
chrX:119471087-mod	39	67
chrX:119471087-unmod	38	54
chrX:119471132-mod	1	2
chrX:119471132-unmod	80	120
chrX:119471202-mod	4	5
chrX:119471202-unmod	70	104
chrX:119471245-mod	11	14
chrX:119471245-unmod	84	122
chrX:119786554-mod	15	33
chrX:119786554-unmod	180	245
chrX:119786700-mod	1	4
chrX:119786700-unmod	215	301
chrX:119789923-mod	16	25
chrX:119789923-unmod	167	251
chrX:119789998-mod	6	3
chrX:119789998-unmod	181	264
chrX:119791590-mod	29	31
chrX:119791590-unmod	167	252
chrX:119871934-mod	1	4
chrX:119871934-unmod	31	33
chrX:119871970-mod	3	3
chrX:119871970-unmod	12	27
chrX:119876523-mod	1	3
chrX:119876523-unmod	31	34
chrX:12975138-mod	14	6
chrX:12975138-unmod	56	51
chrX:12976268-mod	5	2
chrX:12976268-unmod	108	98
chrX:12976311-mod	5	4
chrX:12976311-unmod	115	109
chrX:12976321-mod	2	2
chrX:12976321-unmod	122	111
chrX:12976783-mod	24	19
chrX:12976783-unmod	109	98
chrX:12976925-mod	47	36
chrX:12976925-unmod	86	83
chrX:12976952-mod	5	3
chrX:12976952-unmod	127	120
chrX:12977022-mod	5	2
chrX:12977022-unmod	138	122
chrX:1386276-mod	2	1
chrX:1386276-unmod	137	130
chrX:1386331-mod	8	3
chrX:1386331-unmod	193	159
chrX:1386347-mod	48	21
chrX:1386347-unmod	165	155
chrX:1386381-mod	39	27
chrX:1386381-unmod	168	156
chrX:1386525-mod	39	28
chrX:1386525-unmod	130	89
chrX:1386551-mod	4	4
chrX:1386551-unmod	242	187
chrX:1386560-mod	13	7
chrX:1386560-unmod	226	177
chrX:1386755-mod	1	3
chrX:1386755-unmod	185	140
chrX:1387397-mod	36	18
chrX:1387397-unmod	159	123
chrX:1389362-mod	15	16
chrX:1389362-unmod	165	133
chrX:1389423-mod	9	4
chrX:1389423-unmod	166	129
chrX:1389527-mod	16	10
chrX:1389527-unmod	114	101
chrX:1389671-mod	53	36
chrX:1389671-unmod	93	86
chrX:1391977-mod	3	2
chrX:1391977-unmod	146	120
chrX:1392000-mod	8	11
chrX:1392000-unmod	116	88
chrX:152972712-mod	4	3
chrX:152972712-unmod	11	10
chrX:152973308-mod	2	1
chrX:152973308-unmod	15	16
chrX:153700539-mod	3	5
chrX:153700539-unmod	30	25
chrX:153700622-mod	3	2
chrX:153700622-unmod	31	27
chrX:153700754-mod	3	3
chrX:153700754-unmod	38	31
chrX:153702105-mod	2	1
chrX:153702105-unmod	14	27
chrX:153702975-mod	2	1
chrX:153702975-unmod	11	21
chrX:153702993-mod	3	1
chrX:153702993-unmod	11	13
chrX:153704074-mod	1	1
chrX:153704074-unmod	12	12
chrX:153715640-mod	1	1
chrX:153715640-unmod	12	13
chrX:153723228-mod	1	1
chrX:153723228-unmod	10	11
chrX:153796504-mod	1	1
chrX:153796504-unmod	54	60
chrX:153796541-mod	3	2
chrX:153796541-unmod	48	65
chrX:153797458-mod	11	9
chrX:153797458-unmod	53	70
chrX:153798089-mod	3	3
chrX:153798089-unmod	57	63
chrX:153798128-mod	6	4
chrX:153798128-unmod	48	61
chrX:153798481-mod	3	7
chrX:153798481-unmod	41	46
chrX:153798488-mod	4	12
chrX:153798488-unmod	9	12
chrX:154010793-mod	1	4
chrX:154010793-unmod	26	17
chrX:154010956-mod	2	1
chrX:154010956-unmod	22	16
chrX:154011305-mod	1	1
chrX:154011305-unmod	11	15
chrX:154011898-mod	1	3
chrX:154011898-unmod	12	9
chrX:154011903-mod	1	3
chrX:154011903-unmod	11	7
chrX:154012676-mod	4	2
chrX:154012676-unmod	8	8
chrX:154013140-mod	3	1
chrX:154013140-unmod	7	9
chrX:154013159-mod	1	1
chrX:154013159-unmod	10	10
chrX:154348679-mod	4	6
chrX:154348679-unmod	185	196
chrX:154348927-mod	12	17
chrX:154348927-unmod	139	145
chrX:154348997-mod	16	18
chrX:154348997-unmod	152	168
chrX:154349375-mod	17	17
chrX:154349375-unmod	157	183
chrX:154349502-mod	16	17
chrX:154349502-unmod	120	155
chrX:154349510-mod	3	11
chrX:154349510-unmod	143	169
chrX:154349807-mod	1	2
chrX:154349807-unmod	126	160
chrX:154349842-mod	12	28
chrX:154349842-unmod	109	118
chrX:154349863-mod	1	6
chrX:154349863-unmod	125	152
chrX:154350080-mod	5	6
chrX:154350080-unmod	113	150
chrX:154350913-mod	10	10
chrX:154350913-unmod	85	125
chrX:154351661-mod	9	11
chrX:154351661-unmod	67	101
chrX:154351692-mod	2	3
chrX:154351692-unmod	83	122
chrX:154351930-mod	7	11
chrX:154351930-unmod	73	100
chrX:154352003-mod	4	4
chrX:154352003-unmod	56	87
chrX:154352365-mod	1	7
chrX:154352365-unmod	68	95
chrX:154352414-mod	2	5
chrX:154352414-unmod	62	92
chrX:154352426-mod	4	6
chrX:154352426-unmod	60	83
chrX:154352572-mod	6	9
chrX:154352572-unmod	59	90
chrX:154352651-mod	1	1
chrX:154352651-unmod	46	75
chrX:154352863-mod	10	16
chrX:154352863-unmod	45	73
chrX:154353593-mod	7	8
chrX:154353593-unmod	33	54
chrX:154353658-mod	1	1
chrX:154353658-unmod	34	60
chrX:154353672-mod	1	2
chrX:154353672-unmod	27	56
chrX:154353958-mod	8	18
chrX:154353958-unmod	31	39
chrX:154354222-mod	2	5
chrX:154354222-unmod	34	48
chrX:154354242-mod	1	1
chrX:154354242-unmod	34	46
chrX:154354440-mod	2	4
chrX:154354440-unmod	27	43
chrX:154354697-mod	5	5
chrX:154354697-unmod	18	17
chrX:154355017-mod	5	8
chrX:154355017-unmod	22	34
chrX:154357541-mod	1	1
chrX:154357541-unmod	9	23
chrX:154399354-mod	8	12
chrX:154399354-unmod	685	824
chrX:154399507-mod	25	18
chrX:154399507-unmod	719	845
chrX:154399937-mod	14	15
chrX:154399937-unmod	744	915
chrX:154400470-mod	10	13
chrX:154400470-unmod	739	917
chrX:154400564-mod	18	39
chrX:154400564-unmod	804	943
chrX:154400756-mod	12	13
chrX:154400756-unmod	804	964
chrX:154400828-mod	49	61
chrX:154400828-unmod	637	785
chrX:154442616-mod	1	1
chrX:154442616-unmod	9	9
chrX:154442951-mod	4	1
chrX:154442951-unmod	18	11
chrX:154531566-mod	5	5
chrX:154531566-unmod	45	65
chrX:154531788-mod	1	1
chrX:154531788-unmod	47	72
chrX:154531913-mod	3	4
chrX:154531913-unmod	41	64
chrX:154531920-mod	6	4
chrX:154531920-unmod	40	66
chrX:154531928-mod	12	12
chrX:154531928-unmod	37	58
chrX:154532015-mod	3	6
chrX:154532015-unmod	41	57
chrX:154532586-mod	6	8
chrX:154532586-unmod	24	48
chrX:154533060-mod	5	14
chrX:154533060-unmod	6	17
chrX:154534127-mod	1	2
chrX:154534127-unmod	9	25
chrX:154534352-mod	2	4
chrX:154534352-unmod	9	24
chrX:154534487-mod	1	3
chrX:154534487-unmod	9	22
chrX:154535194-mod	1	2
chrX:154535194-unmod	10	26
chrX:23667705-mod	3	1
chrX:23667705-unmod	27	16
chrX:23671557-mod	2	1
chrX:23671557-unmod	29	15
chrX:23679191-mod	2	1
chrX:23679191-unmod	11	10
chrX:23679247-mod	2	1
chrX:23679247-unmod	28	17
chrX:23783248-mod	22	13
chrX:23783248-unmod	112	53
chrX:23783284-mod	2	3
chrX:23783284-unmod	149	68
chrX:23783397-mod	6	2
chrX:23783397-unmod	145	68
chrX:23783686-mod	4	1
chrX:23783686-unmod	151	72
chrX:23783699-mod	9	3
chrX:23783699-unmod	160	81
chrX:23783873-mod	8	3
chrX:23783873-unmod	154	82
chrX:23785328-mod	12	7
chrX:23785328-unmod	145	73
chrX:23785402-mod	7	2
chrX:23785402-unmod	148	78
chrX:23785741-mod	8	7
chrX:23785741-unmod	164	79
chrX:23785804-mod	22	11
chrX:23785804-unmod	163	78
chrX:23785874-mod	4	1
chrX:23785874-unmod	151	75
chrX:23786113-mod	4	1
chrX:23786113-unmod	154	79
chrX:23786193-mod	3	1
chrX:23786193-unmod	126	63
chrX:2720373-mod	8	4
chrX:2720373-unmod	5	7
chrX:2740877-mod	3	2
chrX:2740877-unmod	9	10
chrX:47142256-mod	3	2
chrX:47142256-unmod	22	31
chrX:47142316-mod	1	1
chrX:47142316-unmod	28	37
chrX:47142619-mod	6	1
chrX:47142619-unmod	33	36
chrX:47142694-mod	3	2
chrX:47142694-unmod	35	30
chrX:47142715-mod	2	1
chrX:47142715-unmod	27	32
chrX:47142736-mod	4	6
chrX:47142736-unmod	35	26
chrX:47144499-mod	6	7
chrX:47144499-unmod	23	25
chrX:47144506-mod	12	7
chrX:47144506-unmod	22	24
chrX:47144529-mod	6	5
chrX:47144529-unmod	29	29
chrX:47203140-mod	2	1
chrX:47203140-unmod	23	13
chrX:47203577-mod	2	1
chrX:47203577-unmod	21	13
chrX:47203637-mod	1	1
chrX:47203637-unmod	22	11
chrX:47206020-mod	5	2
chrX:47206020-unmod	24	13
chrX:47206373-mod	12	2
chrX:47206373-unmod	14	12
chrX:47209949-mod	5	7
chrX:47209949-unmod	25	8
chrX:47210037-mod	3	1
chrX:47210037-unmod	25	11
chrX:47210045-mod	1	1
chrX:47210045-unmod	29	15
chrX:47210082-mod	5	5
chrX:47210082-unmod	26	11
chrX:47211108-mod	7	2
chrX:47211108-unmod	26	15
chrX:47212831-mod	1	1
chrX:47212831-unmod	43	15
chrX:47214398-mod	1	2
chrX:47214398-unmod	50	26
chrX:47214406-mod	1	3
chrX:47214406-unmod	49	25
chrX:47214928-mod	3	1
chrX:47214928-unmod	51	28
chrX:47583408-mod	21	9
chrX:47583408-unmod	136	105
chrX:47584958-mod	3	2
chrX:47584958-unmod	177	133
chrX:47585546-mod	7	5
chrX:47585546-unmod	179	131
chrX:47585558-mod	29	20
chrX:47585558-unmod	136	110
chrX:47585599-mod	14	8
chrX:47585599-unmod	185	133
chrX:47585637-mod	9	5
chrX:47585637-unmod	186	139
chrX:47586581-mod	4	2
chrX:47586581-unmod	169	119
chrX:47586760-mod	16	14
chrX:47586760-unmod	159	114
chrX:47651841-mod	3	1
chrX:47651841-unmod	12	12
chrX:47651883-mod	1	1
chrX:47651883-unmod	17	30
chrX:47652120-mod	3	9
chrX:47652120-unmod	15	22
chrX:47657592-mod	4	4
chrX:47657592-unmod	22	29
chrX:47658835-mod	1	1
chrX:47658835-unmod	28	30
chrX:49171985-mod	9	3
chrX:49171985-unmod	61	99
chrX:49173240-mod	4	10
chrX:49173240-unmod	58	76
chrX:49173399-mod	13	19
chrX:49173399-unmod	66	89
chrX:49174671-mod	2	6
chrX:49174671-unmod	69	90
chrX:49174698-mod	21	38
chrX:49174698-unmod	62	78
chrX:49174731-mod	9	6
chrX:49174731-unmod	70	106
chrX:49174748-mod	7	13
chrX:49174748-unmod	72	95
chrX:49174932-mod	6	18
chrX:49174932-unmod	62	79
chrX:49174937-mod	10	7
chrX:49174937-unmod	70	111
chrX:49175010-mod	6	9
chrX:49175010-unmod	73	106
chrX:56729327-mod	2	1
chrX:56729327-unmod	11	21
chrX:56732083-mod	1	2
chrX:56732083-unmod	14	21
chrX:56732176-mod	1	1
chrX:56732176-unmod	13	21
chrX:56817434-mod	6	10
chrX:56817434-unmod	9	14
chrX:56817488-mod	3	8
chrX:56817488-unmod	12	16
chrX:56817521-mod	2	3
chrX:56817521-unmod	12	20
chrX:65740341-mod	3	11
chrX:65740341-unmod	11	11
chrX:65740522-mod	2	3
chrX:65740522-unmod	12	19
chrX:65740818-mod	2	2
chrX:65740818-unmod	15	21
chrX:65741054-mod	2	2
chrX:65741054-unmod	11	17
chrX:65741093-mod	2	2
chrX:65741093-unmod	14	22
chrX:65741661-mod	1	2
chrX:65741661-unmod	37	30
chrX:72272653-mod	11	8
chrX:72272653-unmod	547	393
chrX:72272697-mod	23	24
chrX:72272697-unmod	502	346
chrX:72272704-mod	3	1
chrX:72272704-unmod	531	393
chrX:72273371-mod	61	46
chrX:72273371-unmod	458	338
chrX:72273836-mod	2	4
chrX:72273836-unmod	489	357
chrX:72273911-mod	46	45
chrX:72273911-unmod	475	346
chrX:72275101-mod	19	12
chrX:72275101-unmod	447	332
chrX:72275134-mod	11	8
chrX:72275134-unmod	468	340
chrX:72275573-mod	115	82
chrX:72275573-unmod	378	296
chrX:72275656-mod	13	10
chrX:72275656-unmod	359	248
chrX:72276167-mod	8	8
chrX:72276167-unmod	434	326
chrX:78104301-mod	1	1
chrX:78104301-unmod	16	39
chrX:78104368-mod	1	1
chrX:78104368-unmod	16	30
chrX:78109892-mod	2	2
chrX:78109892-unmod	27	39
chrX:78113781-mod	1	1
chrX:78113781-unmod	16	32
chrX:78113878-mod	4	6
chrX:78113878-unmod	30	39
chrX:78114035-mod	5	8
chrX:78114035-unmod	26	32
chrX:78114104-mod	3	3
chrX:78114104-unmod	33	39
chrX:78114155-mod	1	2
chrX:78114155-unmod	35	42
chrX:78118112-mod	4	9
chrX:78118112-unmod	34	38
chrX:78122878-mod	1	3
chrX:78122878-unmod	25	35
chrX:78123240-mod	6	9
chrX:78123240-unmod	44	46
chrX:78123291-mod	3	3
chrX:78123291-unmod	48	55
chrX:78124880-mod	22	21
chrX:78124880-unmod	29	44
chrX:78125362-mod	3	3
chrX:78125362-unmod	46	57
chrX:78125960-mod	4	7
chrX:78125960-unmod	52	58
chrX:78126051-mod	1	3
chrX:78126051-unmod	49	58
