inclusion_exclusion	contains_novel_or_only_known_junctions	as_event_type	gene_name	gene_coordinates	strand	W1D2.S24_wtdmso_b1	W1D3.S32_wtdmso_b1	W2D2.S22_wtdmso_b1	W2D3.S30_wtdmso_b1	M1C2.S29_mtcsc_b1	M1C3.S37_mtcsc_b1	M2C2.S27_mtcsc_b1	lr	padj	dpsi
inclusion	K	intron_retention	FN1	chr2:215372016-215372108	-	0.229	0.229	0.229	0.229	0.131	0.131	0.131	230.95	7.06e-48	-9.8
inclusion	K	intron_retention	CTNNB1	chr3:41239355-41239818	+	0.353	0.353	0.353	0.353	0.765	0.765	0.765	220.92	5.44e-46	41.2
inclusion	N	cassette	RPS24	chr10:78040204-78040225	+	0.403	0.403	0.403	0.403	0.121	0.121	0.121	138.05	4.54e-28	-28.200000000000003
inclusion	K	alternative_last_exon	GNAS	chr20:58895685-58898940	+	0.117	0.117	0.117	0.117	0.316	0.316	0.316	132.68	5.08e-27	19.9
inclusion	K	cassette	SMARCA1	chrX:129493040-129493075	-	0.969	0.969	0.969	0.969	0.45	0.45	0.45	120.78	1.63e-24	-51.89999999999999
inclusion	N	cassette	SEC31A	chr4:82862534-82862572	-	0.436	0.436	0.436	0.436	0.73	0.73	0.73	94.69	7.09e-19	29.4
inclusion	K	cassette	RPS24	chr10:78040201-78040225	+	0.224	0.224	0.224	0.224	0.056	0.056	0.056	93.88	9.17e-19	-16.8
inclusion	N	alternative_last_exon	MACROH2A1	chr5:135353046-135360496	-	0.619	0.619	0.619	0.619	0.883	0.883	0.883	88.66	1.12e-17	26.4
inclusion	K	cassette	CSNK1G3	chr5:123605339-123605362	+	0.499	0.499	0.499	0.499	0.093	0.093	0.093	87.08	2.22e-17	-40.599999999999994
inclusion	K	alternative_last_exon	ITGA6	chr2:172498101-172501771	+	0.945	0.945	0.945	0.945	0.707	0.707	0.707	85.19	5.18e-17	-23.799999999999997
inclusion	K	alternative_first_exon	MAGED2	chrX:54807803-54809302	+	0.595	0.595	0.595	0.595	0.18	0.18	0.18	81.45	3.13e-16	-41.5
inclusion	K	alternative_acceptor	FN1	chr2:215372376-215373321	-	0.795	0.795	0.795	0.795	0.589	0.589	0.589	81.26	3.16e-16	-20.6
inclusion	N	alternative_first_exon	GNAS	chr20:58898986-58903530	+	0.133	0.133	0.133	0.133	0.357	0.357	0.357	79.21	8.22e-16	22.399999999999995
inclusion	K	intron_retention	COL17A1	chr10:104031594-104032203	-	0.636	0.636	0.636	0.636	0.859	0.859	0.859	79.02	8.42e-16	22.300000000000004
inclusion	K	intron_retention	BUB3	chr10:123162829-123165046	+	0.461	0.461	0.461	0.461	0.099	0.099	0.099	78.02	1.3e-15	-36.2
inclusion	K	cassette	SPTAN1	chr9:128609651-128609665	+	0.179	0.179	0.179	0.179	0.033	0.033	0.033	75.42	4.55e-15	-14.599999999999998
inclusion	K	alternative_first_exon	PABPC4	chr1:39563742-39563835	-	0.838	0.838	0.838	0.838	0.518	0.518	0.518	71.88	2.58e-14	-31.999999999999993
inclusion	K	intron_retention	BACE1	chr11:117291814-117293053	-	0.152	0.152	0.152	0.152	0.586	0.586	0.586	69.53	8.02e-14	43.39999999999999
inclusion	K	alternative_last_exon	DKK3	chr11:11998780-12002299	-	0.803	0.803	0.803	0.803	0.487	0.487	0.487	68.2	1.49e-13	-31.600000000000016
inclusion	K	alternative_acceptor	ALS2CL	chr3:46675977-46676244	-	0.483	0.483	0.483	0.483	0.13	0.13	0.13	68.07	1.51e-13	-35.3
inclusion	K	intron_retention	FAM20C	chr7:195733-208897	+	0.182	0.182	0.182	0.182	0.498	0.498	0.498	67.29	2.13e-13	31.599999999999998
inclusion	K	cassette	SH3YL1	chr2:224864-224920	-	0.281	0.281	0.281	0.281	0.567	0.567	0.567	66.15	3.63e-13	28.599999999999994
inclusion	N	alternative_acceptor	CTNNB1	chr3:41239355-41239818	+	0.363	0.363	0.363	0.363	0.1	0.1	0.1	64.73	7.13e-13	-26.299999999999997
inclusion	K	alternative_acceptor	PXN	chr12:120215418-120215559	-	0.647	0.647	0.647	0.647	0.327	0.327	0.327	63.16	1.52e-12	-32.0
inclusion	K	intron_retention	SNHG29	chr17:16439415-16439659	+	0.255	0.255	0.255	0.255	0.078	0.078	0.078	61.5	3.39e-12	-17.7
inclusion	K	cassette	PPP1R12A	chr12:79806166-79806333	-	0.746	0.746	0.746	0.746	0.277	0.277	0.277	60.85	4.54e-12	-46.89999999999999
inclusion	N	cassette	GTF2IRD1	chr7:74544755-74544802	+	0.978	0.978	0.978	0.978	0.832	0.832	0.832	60.18	6.14e-12	-14.599999999999994
inclusion	N	cassette	MICAL2	chr11:12249184-12249246	+	0.198	0.198	0.198	0.198	0.419	0.419	0.419	58.36	1.49e-11	22.099999999999998
inclusion	N	cassette	SH3YL1	chr2:224868-224920	-	0.164	0.164	0.164	0.164	0.406	0.406	0.406	57.91	1.81e-11	24.2
inclusion	N	cassette	HNRNPC	chr14:21263311-21263336	-	0.652	0.652	0.652	0.652	0.829	0.829	0.829	56.91	2.91e-11	17.69999999999999
inclusion	K	alternative_acceptor	RACK1	chr5:181241640-181242169	-	0.9	0.9	0.9	0.9	0.611	0.611	0.611	56.65	3.21e-11	-28.9
inclusion	N	intron_retention	RPL7A	chr9:133350320-133350656	+	0.818	0.818	0.818	0.818	0.32	0.32	0.32	56.07	4.18e-11	-49.8
inclusion	K	intron_retention	TNIP1	chr5:151030674-151032286	-	0.722	0.722	0.722	0.722	0.466	0.466	0.466	55.5	5.26e-11	-25.6
inclusion	N	cassette	POLB	chr8:42354417-42354521	+	0.116	0.116	0.116	0.116	0.42	0.42	0.42	55.53	5.26e-11	30.4
inclusion	K	intron_retention	CDH3	chr16:68695924-68698092	+	0.331	0.331	0.331	0.331	0.723	0.723	0.723	52.56	2.28e-10	39.199999999999996
inclusion	K	alternative_last_exon	TTC17	chr11:43444210-43445930	+	0.453	0.453	0.453	0.453	0.163	0.163	0.163	51.97	3e-10	-29.000000000000004
inclusion	K	alternative_first_exon	LRRFIP1	chr2:237769819-237769942	+	0.236	0.236	0.236	0.236	0.774	0.774	0.774	51.85	3.11e-10	53.80000000000001
inclusion	K	alternative_acceptor	SRP19	chr5:112864733-112867371	+	0.078	0.078	0.078	0.078	0.313	0.313	0.313	50.31	6.63e-10	23.5
inclusion	K	intron_retention	KHSRP	chr19:6414121-6415140	-	0.936	0.936	0.936	0.936	0.777	0.777	0.777	50.08	7.23e-10	-15.900000000000006
inclusion	K	alternative_donor	PKM	chr15:72200656-72202453	-	0.811	0.811	0.811	0.811	0.633	0.633	0.633	49.19	1.11e-09	-17.80000000000001
inclusion	K	cassette	FXR1	chr3:180975313-180975404	+	0.298	0.298	0.298	0.298	0.614	0.614	0.614	49.12	1.13e-09	31.6
inclusion	K	alternative_last_exon	ZFAND1	chr8:81717289-81718181	-	0.352	0.352	0.352	0.352	0.717	0.717	0.717	48.29	1.67e-09	36.50000000000001
inclusion	N	alternative_donor	RPL7A	chr9:133350636-133350656	+	0.84	0.84	0.84	0.84	0.415	0.415	0.415	48.22	1.69e-09	-42.5
inclusion	K	intron_retention	MIR205HG	chr1:209429089-209429180	+	0.216	0.216	0.216	0.216	0.459	0.459	0.459	47.84	2.01e-09	24.299999999999997
inclusion	K	cassette	R3HDM1	chr2:135616668-135616757	+	0.227	0.227	0.227	0.227	0.59	0.59	0.59	47.78	2.03e-09	36.3
inclusion	K	alternative_first_exon	DMKN	chr19:35505766-35505938	-	0.865	0.865	0.865	0.865	0.572	0.572	0.572	47.56	2.15e-09	-29.300000000000004
inclusion	N	alternative_acceptor	BCL9	chr1:147622532-147623841	+	0.868	0.868	0.868	0.868	0.358	0.358	0.358	47.54	2.15e-09	-51.0
inclusion	N	cassette	C12orf29	chr12:88040148-88040265	+	0.37	0.37	0.37	0.37	0.857	0.857	0.857	47.62	2.15e-09	48.7
inclusion	K	alternative_last_exon	SEPTIN6	chrX:119625380-119629317,chrX:119625397-119629317	-	0.104	0.104	0.104	0.104	0.567	0.567	0.567	47.47	2.18e-09	46.3
inclusion	K	cassette	DROSHA	chr5:31521123-31521215	-	0.734	0.734	0.734	0.734	0.957	0.957	0.957	47.37	2.19e-09	22.299999999999997
inclusion	K	cassette	RAI14	chr5:34813574-34813660	+	0.581	0.581	0.581	0.581	0.865	0.865	0.865	47.35	2.19e-09	28.400000000000006
inclusion	K	intron_retention	ALS2CL	chr3:46675687-46676244	-	0.405	0.405	0.405	0.405	0.125	0.125	0.125	47.36	2.19e-09	-28.0
inclusion	K	cassette	ITPA	chr20:3213319-3213426	+	0.749	0.749	0.749	0.749	0.929	0.929	0.929	46.26	3.67e-09	18.0
inclusion	N	alternative_acceptor	PICALM	chr11:85981989-85983865	-	0.513	0.513	0.513	0.513	0.214	0.214	0.214	46.26	3.67e-09	-29.900000000000006
inclusion	K	alternative_acceptor	RPLP1	chr15:69453021-69453646	+	0.937	0.937	0.937	0.937	0.843	0.843	0.843	45.48	5.38e-09	-9.400000000000006
inclusion	N	cassette	ITGB1BP1	chr2:9418626-9418732	-	0.848	0.848	0.848	0.848	0.986	0.986	0.986	44.55	8.49e-09	13.799999999999997
inclusion	K	cassette	FLNB	chr3:58141858-58141929	+	0.862	0.862	0.862	0.862	0.508	0.508	0.508	44.48	8.65e-09	-35.400000000000006
inclusion	N	cassette	PLEKHM2	chr1:15721329-15721388	+	0.49	0.49	0.49	0.49	0.271	0.271	0.271	44.42	8.76e-09	-21.9
inclusion	K	cassette	OSBPL6	chr2:178372126-178372233	+	0.291	0.291	0.291	0.291	0.712	0.712	0.712	44.03	1.04e-08	42.10000000000001
inclusion	N	cassette	PLEK2	chr14:67398007-67398055	-	0.188	0.188	0.188	0.188	0.045	0.045	0.045	44.02	1.04e-08	-14.3
inclusion	N	alternative_acceptor	AL035458.2	chr20:34235031-34281026	-	0.785	0.785	0.785	0.785	0.429	0.429	0.429	43.96	1.05e-08	-35.6
inclusion	N	intron_retention	CTNNB1	chr3:41239354-41239811	.	0.872	0.872	0.872	0.872	0.97	0.97	0.97	43.76	1.15e-08	9.799999999999997
inclusion	K	alternative_acceptor	CDV3	chr3:133586723-133587158	+	0.343	0.343	0.343	0.343	0.558	0.558	0.558	43.64	1.2e-08	21.5
inclusion	K	intron_retention	RPL27A	chr11:8684082-8684822	+	0.87	0.87	0.87	0.87	0.702	0.702	0.702	43.58	1.22e-08	-16.80000000000001
inclusion	K	alternative_last_exon	DYRK4	chr12:4605087-4607326	+	0.609	0.609	0.609	0.609	0.887	0.887	0.887	43.4	1.31e-08	27.800000000000004
inclusion	N	cassette	DTYMK	chr2:241680229-241680319	-	0.61	0.61	0.61	0.61	0.895	0.895	0.895	43.35	1.33e-08	28.5
inclusion	K	cassette	PPP6R2	chr22:50436988-50437068	+	0.763	0.763	0.763	0.763	0.418	0.418	0.418	43.27	1.36e-08	-34.5
inclusion	K	cassette	IL17RE	chr3:9903397-9903412	+	0.62	0.62	0.62	0.62	0.239	0.239	0.239	43.12	1.43e-08	-38.1
inclusion	N	alternative_last_exon	TM7SF3	chr12:26979937-26980565	-	0.756	0.756	0.756	0.756	0.925	0.925	0.925	43.11	1.43e-08	16.900000000000006
inclusion	K	alternative_first_exon	DYRK4	chr12:4607388-4610154	+	0.434	0.434	0.434	0.434	0.785	0.785	0.785	43.02	1.48e-08	35.1
inclusion	K	mutually_exclusive	DROSHA	chr5:31515220-31515453,chr5:31515565-31526078	-	0.347	0.347	0.347	0.347	0.052	0.052	0.052	42.98	1.49e-08	-29.499999999999996
inclusion	K	cassette	MCM3	chr6:52265235-52265385	-	0.353	0.353	0.353	0.353	0.099	0.099	0.099	42.89	1.52e-08	-25.4
inclusion	K	cassette	REPS1	chr6:138926401-138926481	-	0.534	0.534	0.534	0.534	0.814	0.814	0.814	42.89	1.52e-08	27.999999999999986
inclusion	K	intron_retention	FTSJ1	chrX:48482795-48482985	+	0.156	0.156	0.156	0.156	0.342	0.342	0.342	42.76	1.6e-08	18.6
inclusion	K	mutually_exclusive	MTHFSD	chr16:86548578-86552032,chr16:86552147-86554644	-	0.698	0.698	0.698	0.698	0.206	0.206	0.206	42.34	1.95e-08	-49.2
inclusion	N	alternative_donor	RPLP1	chr15:69453021-69455169	+	0.065	0.065	0.065	0.065	0.156	0.156	0.156	42.28	2e-08	9.1
inclusion	K	alternative_acceptor	RNF181	chr2:85596650-85596821	+	0.803	0.803	0.803	0.803	0.956	0.956	0.956	42.03	2.23e-08	15.299999999999983
inclusion	N	alternative_last_exon	UPP1	chr7:48101983-48106872	+	0.357	0.357	0.357	0.357	0.14	0.14	0.14	41.73	2.57e-08	-21.699999999999996
inclusion	K	coord_cassette	BID	chr22:17743803-17744013	-	0.707	0.707	0.707	0.707	0.988	0.988	0.988	41.68	2.61e-08	28.099999999999994
inclusion	N	cassette	CIZ1	chr9:128187863-128187934	-	0.769	0.769	0.769	0.769	0.934	0.934	0.934	41.59	2.69e-08	16.5
inclusion	K	cassette	CANT1	chr17:79000100-79000270	-	0.086	0.086	0.086	0.086	0.346	0.346	0.346	41.12	3.34e-08	25.999999999999993
inclusion	N	cassette	ITPA	chr20:3213319-3213383	+	0.86	0.86	0.86	0.86	0.964	0.964	0.964	41.13	3.34e-08	10.399999999999991
inclusion	K	cassette	LRIF1	chr1:110951288-110952815	-	0.259	0.259	0.259	0.259	0.65	0.65	0.65	40.87	3.71e-08	39.099999999999994
inclusion	N	alternative_donor	SNHG8	chr4:118279138-118279388	+	0.917	0.917	0.917	0.917	0.739	0.739	0.739	40.88	3.71e-08	-17.799999999999997
inclusion	K	alternative_donor	RACK1	chr5:181241640-181242169	-	0.005	0.005	0.005	0.005	0.001	0.001	0.001	40.39	4.68e-08	-0.4
inclusion	N	alternative_acceptor	TNIP1	chr5:151030674-151032286	-	0.096	0.096	0.096	0.096	0.241	0.241	0.241	40.22	5.05e-08	14.499999999999998
inclusion	N	alternative_last_exon	BX470102.2	chr1:153580722-153606885	.	0.502	0.502	0.502	0.502	0.862	0.862	0.862	39.94	5.75e-08	36.0
inclusion	K	cassette	SEPTIN6	chrX:119625335-119625379	-	0.095	0.095	0.095	0.095	0.47	0.47	0.47	38.95	9.44e-08	37.5
inclusion	K	intron_retention	BACE1	chr11:117291050-117291711	-	0.119	0.119	0.119	0.119	0.415	0.415	0.415	37.86	1.63e-07	29.6
inclusion	K	intron_retention	TRIM16L	chr17:18705165-18722236	+	0.246	0.246	0.246	0.246	0.815	0.815	0.815	37.71	1.74e-07	56.9
inclusion	N	cassette	PCBP2	chr12:53467805-53467843	+	0.661	0.661	0.661	0.661	0.789	0.789	0.789	37.54	1.88e-07	12.799999999999997
inclusion	N	intron_retention	TUBB6	chr18:12308350-12329145	+	0.499	0.499	0.499	0.499	0.804	0.804	0.804	37.44	1.96e-07	30.500000000000007
inclusion	K	intron_retention	PKMYT1	chr16:2973065-2973137	-	0.869	0.869	0.869	0.869	0.665	0.665	0.665	37.17	2.22e-07	-20.400000000000006
inclusion	K	cassette	BID	chr22:17743803-17744013	-	0.66	0.66	0.66	0.66	0.983	0.983	0.983	37.09	2.3e-07	32.3
inclusion	K	coord_cassette	ITSN1	chr21:33823487-33823653	+	0.562	0.562	0.562	0.562	0.884	0.884	0.884	36.65	2.84e-07	32.2
inclusion	N	alternative_acceptor	SNX27	chr1:151693484-151694369	+	0.504	0.504	0.504	0.504	0.835	0.835	0.835	36.64	2.84e-07	33.1
inclusion	K	cassette	SLC16A4	chr1:110382834-110382966	-	0.863	0.863	0.863	0.863	0.563	0.563	0.563	36.11	3.68e-07	-30.0
inclusion	K	cassette	CD46	chr1:207767607-207767651	+	0.126	0.126	0.126	0.126	0.016	0.016	0.016	35.48	5.04e-07	-11.0
inclusion	N	cassette	MAPK8IP3	chr16:1744978-1745103	+	0.105	0.105	0.105	0.105	0.555	0.555	0.555	35.39	5.22e-07	45.00000000000001
inclusion	K	alternative_acceptor	HIPK2	chr7:139614494-139620400	-	0.591	0.591	0.591	0.591	0.303	0.303	0.303	35.06	6.06e-07	-28.799999999999994
inclusion	K	alternative_first_exon	CCND3	chr6:41937395-41940369	-	0.764	0.764	0.764	0.764	0.971	0.971	0.971	35.06	6.06e-07	20.69999999999999
inclusion	K	cassette	HNRNPDL	chr4:82425563-82425667	-	0.83	0.83	0.83	0.83	0.509	0.509	0.509	35.01	6.14e-07	-32.1
inclusion	K	mutually_exclusive	DIS3	chr13:72778381-72780845,chr13:72781004-72781604	-	0.471	0.471	0.471	0.471	0.948	0.948	0.948	34.91	6.42e-07	47.7
inclusion	K	intron_retention	BACE1	chr11:117290660-117290899	-	0.117	0.117	0.117	0.117	0.354	0.354	0.354	34.77	6.84e-07	23.699999999999996
inclusion	K	cassette	ISCU	chr12:108564060-108564155	+	0.191	0.191	0.191	0.191	0.057	0.057	0.057	34.7	7e-07	-13.400000000000002
inclusion	K	intron_retention	PLD3	chr19:40348769-40365717	+	0.831	0.831	0.831	0.831	0.628	0.628	0.628	34.53	7.57e-07	-20.299999999999997
inclusion	K	alternative_last_exon	ZDHHC16	chr10:97446354-97450356	+	0.052	0.052	0.052	0.052	0.276	0.276	0.276	34.3	8.47e-07	22.400000000000002
inclusion	N	cassette	CDK10	chr16:89689252-89689324	+	0.411	0.411	0.411	0.411	0.684	0.684	0.684	34.15	9.03e-07	27.30000000000001
inclusion	K	alternative_acceptor	WSB1	chr17:27306883-27307743	+	0.742	0.742	0.742	0.742	0.14	0.14	0.14	34.05	9.42e-07	-60.2
inclusion	N	alternative_acceptor	POLH	chr6:43610724-43611760	+	0.536	0.536	0.536	0.536	0.153	0.153	0.153	33.97	9.74e-07	-38.300000000000004
inclusion	K	intron_retention	ATXN2L	chr16:28836123-28836727	+	0.561	0.561	0.561	0.561	0.791	0.791	0.791	33.88	1e-06	23.0
inclusion	K	intron_retention	TMSB10	chr2:84905719-84906002	+	0.014	0.014	0.014	0.014	0.006	0.006	0.006	33.89	1e-06	-0.8000000000000002
inclusion	K	intron_retention	CDV3	chr3:133586723-133587895	+	0.191	0.191	0.191	0.191	0.389	0.389	0.389	33.86	1e-06	19.799999999999997
inclusion	K	intron_retention	NAP1L1	chr12:76047719-76048392	-	0.092	0.092	0.092	0.092	0.22	0.22	0.22	33.62	1.12e-06	12.8
inclusion	K	alternative_donor	RACK1	chr5:181242346-181243679	-	0.014	0.014	0.014	0.014	0.006	0.006	0.006	33.41	1.25e-06	-0.8000000000000002
inclusion	K	alternative_acceptor	SYTL1	chr1:27348013-27349079	+	0.858	0.858	0.858	0.858	0.577	0.577	0.577	33.06	1.46e-06	-28.1
inclusion	K	intron_retention	ARRDC1	chr9:137615001-137615073	+	0.57	0.57	0.57	0.57	0.269	0.269	0.269	33.08	1.46e-06	-30.09999999999999
inclusion	K	intron_retention	YPEL3	chr16:30095336-30096096	-	0.887	0.887	0.887	0.887	0.494	0.494	0.494	33.02	1.48e-06	-39.300000000000004
inclusion	K	alternative_last_exon	VPS26C	chr21:37233443-37238459	-	0.788	0.788	0.788	0.788	0.515	0.515	0.515	32.97	1.51e-06	-27.299999999999997
inclusion	K	intron_retention	RPL10	chrX:154399942-154400701	+	0.253	0.253	0.253	0.253	0.073	0.073	0.073	32.9	1.54e-06	-18.0
inclusion	K	alternative_acceptor	ANKHD1	chr5:140436258-140438460	+	0.865	0.865	0.865	0.865	0.555	0.555	0.555	32.86	1.57e-06	-30.999999999999993
inclusion	K	cassette	ITSN1	chr21:33826818-33826863	+	0.393	0.393	0.393	0.393	0.793	0.793	0.793	32.71	1.68e-06	39.99999999999999
inclusion	K	cassette	RUFY1	chr5:179580947-179581012	+	0.825	0.825	0.825	0.825	0.959	0.959	0.959	32.57	1.79e-06	13.399999999999991
inclusion	K	alternative_acceptor	SERBP1	chr1:67424323-67424887	-	0.149	0.149	0.149	0.149	0.057	0.057	0.057	32.55	1.79e-06	-9.2
inclusion	K	alternative_acceptor	RPL27A	chr11:8684082-8684717	+	0.992	0.992	0.992	0.992	0.978	0.978	0.978	32.31	2.01e-06	-1.4000000000000057
inclusion	N	cassette	DIS3	chr13:72781289-72781356	-	0.539	0.539	0.539	0.539	0.058	0.058	0.058	32.12	2.2e-06	-48.10000000000001
inclusion	N	cassette	OCIAD2	chr4:48899829-48899925	-	0.837	0.837	0.837	0.837	0.943	0.943	0.943	31.91	2.44e-06	10.599999999999994
inclusion	N	alternative_last_exon	MECP2	chrX:154032558-154097603	-	0.732	0.732	0.732	0.732	0.946	0.946	0.946	31.73	2.65e-06	21.39999999999999
inclusion	N	cassette	MAPK13	chr6:36136019-36136048	+	0.92	0.92	0.92	0.92	0.797	0.797	0.797	31.46	3.03e-06	-12.299999999999997
inclusion	N	alternative_acceptor	CASP8	chr2:201258155-201266460	+	0.892	0.892	0.892	0.892	0.322	0.322	0.322	31.3	3.25e-06	-57.0
inclusion	K	cassette	HNRNPD	chr4:82354895-82355001	-	0.235	0.235	0.235	0.235	0.062	0.062	0.062	31.24	3.32e-06	-17.3
inclusion	K	coord_cassette	YEATS4	chr12:69365633-69365699	+	0.869	0.869	0.869	0.869	0.559	0.559	0.559	31.22	3.34e-06	-31.0
inclusion	N	alternative_last_exon	RPL28	chr19:55386694-55387929	+	0.961	0.961	0.961	0.961	0.989	0.989	0.989	31.14	3.46e-06	2.8000000000000114
inclusion	N	cassette	ENTPD6	chr20:25206522-25206590	+	0.187	0.187	0.187	0.187	0.414	0.414	0.414	31.07	3.56e-06	22.7
inclusion	N	cassette	SSBP4	chr19:18431353-18431418	+	0.437	0.437	0.437	0.437	0.211	0.211	0.211	31	3.65e-06	-22.600000000000005
inclusion	K	alternative_last_exon	PRPF40A	chr2:152679110-152679351	-	0.849	0.849	0.849	0.849	0.582	0.582	0.582	30.88	3.85e-06	-26.699999999999996
inclusion	K	cassette	DOCK9	chr13:98825872-98825940	-	0.53	0.53	0.53	0.53	0.204	0.204	0.204	30.72	4.17e-06	-32.6
inclusion	K	cassette	STRAP	chr12:15883541-15883676	+	0.995	0.995	0.995	0.995	0.902	0.902	0.902	30.69	4.19e-06	-9.299999999999997
inclusion	N	alternative_first_exon	PARD3	chr10:34331345-34336198	-	0.842	0.842	0.842	0.842	0.969	0.969	0.969	30.57	4.44e-06	12.699999999999989
inclusion	K	intron_retention	SNHG5	chr6:85678189-85678693	-	0.164	0.164	0.164	0.164	0.053	0.053	0.053	30.52	4.52e-06	-11.100000000000001
inclusion	K	alternative_first_exon	ATXN2	chr12:111452841-111453676	-	0.715	0.715	0.715	0.715	0.925	0.925	0.925	30.45	4.65e-06	21.0
inclusion	N	alternative_acceptor	ILK	chr11:6603823-6604225	+	0.539	0.539	0.539	0.539	0.731	0.731	0.731	30.34	4.86e-06	19.19999999999999
inclusion	N	alternative_acceptor	PSME2	chr14:24146241-24146533	-	0.969	0.969	0.969	0.969	0.833	0.833	0.833	30.33	4.86e-06	-13.599999999999994
inclusion	N	alternative_first_exon	DNAJC5	chr20:63895324-63928334	+	0.962	0.962	0.962	0.962	0.648	0.648	0.648	30.32	4.86e-06	-31.400000000000006
inclusion	N	alternative_acceptor	PREP	chr6:105281903-105282450	-	0.995	0.995	0.995	0.995	0.866	0.866	0.866	30.3	4.89e-06	-12.900000000000006
inclusion	N	alternative_last_exon	RIPK2	chr8:89758234-89762828	.	0.379	0.379	0.379	0.379	0.038	0.038	0.038	30.27	4.92e-06	-34.1
inclusion	N	alternative_first_exon	SH3KBP1	chrX:19645476-19670861	-	0.256	0.256	0.256	0.256	0.48	0.48	0.48	30.18	5.13e-06	22.4
inclusion	K	intron_retention	BACE1	chr11:117289808-117290487	-	0.143	0.143	0.143	0.143	0.445	0.445	0.445	29.88	5.94e-06	30.200000000000003
inclusion	N	cassette	PFDN5	chr12:53296454-53296551	+	0.435	0.435	0.435	0.435	0.187	0.187	0.187	29.8	6.14e-06	-24.8
inclusion	N	cassette	THOC6	chr16:3026063-3026166	+	0.997	0.997	0.997	0.997	0.893	0.893	0.893	29.78	6.17e-06	-10.400000000000006
inclusion	N	cassette	RHBDD2	chr7:75881365-75881486	+	0.326	0.326	0.326	0.326	0.583	0.583	0.583	29.71	6.38e-06	25.699999999999996
inclusion	N	cassette	MICAL2	chr11:12209497-12209598	+	0.752	0.752	0.752	0.752	0.575	0.575	0.575	29.49	7.06e-06	-17.70000000000001
inclusion	N	cassette	ABI1	chr10:26768852-26768992	-	0.901	0.901	0.901	0.901	0.729	0.729	0.729	29.34	7.59e-06	-17.200000000000017
inclusion	K	alternative_first_exon	FIP1L1	chr4:53440609-53442652	+	0.563	0.563	0.563	0.563	0.316	0.316	0.316	29.28	7.79e-06	-24.699999999999996
inclusion	K	intron_retention	TMED7-TICAM2	chr5:115581316-115616317	-	0.436	0.436	0.436	0.436	0.711	0.711	0.711	29.12	8.38e-06	27.499999999999993
inclusion	K	alternative_last_exon	AHNAK	chr11:62534075-62535002	-	0.815	0.815	0.815	0.815	0.96	0.96	0.96	29.09	8.39e-06	14.5
inclusion	N	alternative_donor	WSB1	chr17:27306883-27309099	+	0.244	0.244	0.244	0.244	0.834	0.834	0.834	29.09	8.39e-06	58.99999999999999
inclusion	N	cassette	ESYT2	chr7:158752781-158752843	-	0.154	0.154	0.154	0.154	0.416	0.416	0.416	29.09	8.39e-06	26.200000000000003
inclusion	K	alternative_acceptor	ANAPC5	chr12:121328498-121330582	-	0.707	0.707	0.707	0.707	0.467	0.467	0.467	28.97	8.84e-06	-24.0
inclusion	K	alternative_first_exon	MFF	chr2:227330847-227332418	+	0.832	0.832	0.832	0.832	0.983	0.983	0.983	28.94	8.88e-06	15.099999999999994
inclusion	K	alternative_first_exon	PCM1	chr8:17972688-17985446	+	0.732	0.732	0.732	0.732	0.28	0.28	0.28	28.94	8.88e-06	-45.2
inclusion	N	intron_retention	AC245041.2	chr10:47974904-47985854	-	0.95	0.95	0.95	0.95	0.571	0.571	0.571	28.91	8.94e-06	-37.900000000000006
inclusion	N	intron_retention	TMEM179B	chr11:62787528-62789125	+	0.606	0.606	0.606	0.606	0.95	0.95	0.95	28.87	9.07e-06	34.4
inclusion	K	alternative_first_exon	ZDHHC16	chr10:97446354-97451670	+	0.898	0.898	0.898	0.898	0.62	0.62	0.62	28.83	9.23e-06	-27.799999999999997
inclusion	K	alternative_acceptor	BRD1	chr22:49787888-49794033	-	0.207	0.207	0.207	0.207	0.524	0.524	0.524	28.8	9.32e-06	31.700000000000006
inclusion	N	alternative_acceptor	SSH3	chr11:67303692-67304117	+	0.761	0.761	0.761	0.761	0.928	0.928	0.928	28.72	9.62e-06	16.700000000000017
inclusion	K	cassette	NPRL3	chr16:117301-117375	-	0.441	0.441	0.441	0.441	0.665	0.665	0.665	28.63	1e-05	22.4
inclusion	N	cassette	OPTN	chr10:13108962-13109015	+	0.09	0.09	0.09	0.09	0.219	0.219	0.219	28.58	1.03e-05	12.899999999999999
inclusion	N	cassette	IDH3G	chrX:153790564-153790575	-	0.86	0.86	0.86	0.86	0.649	0.649	0.649	28.55	1.03e-05	-21.099999999999994
inclusion	K	alternative_first_exon	PLEK2	chr14:67390747-67392661	-	0.468	0.468	0.468	0.468	0.884	0.884	0.884	28.51	1.05e-05	41.6
inclusion	K	cassette	MTRR	chr5:7873373-7873526	+	0.619	0.619	0.619	0.619	0.282	0.282	0.282	28.49	1.06e-05	-33.7
inclusion	K	alternative_acceptor	RNF216	chr7:5741816-5752845	-	0.461	0.461	0.461	0.461	0.181	0.181	0.181	28.46	1.06e-05	-28.000000000000004
inclusion	N	alternative_first_exon	RPS11	chr19:49496472-49497193	+	0.99	0.99	0.99	0.99	0.999	0.999	0.999	28.37	1.11e-05	0.9000000000000057
inclusion	K	alternative_first_exon	TMEM91	chr19:41376855-41378280	+	0.735	0.735	0.735	0.735	0.983	0.983	0.983	28.34	1.12e-05	24.799999999999997
inclusion	K	intron_retention	DELE1	chr5:141938905-141939505	+	0.762	0.762	0.762	0.762	0.382	0.382	0.382	28.11	1.25e-05	-38.0
inclusion	N	cassette	PLD3	chr19:40365553-40365585	+	0.637	0.637	0.637	0.637	0.429	0.429	0.429	28.04	1.29e-05	-20.800000000000004
inclusion	N	alternative_acceptor	DCAF11	chr14:24115393-24115514	+	0.268	0.268	0.268	0.268	0.109	0.109	0.109	27.89	1.39e-05	-15.9
inclusion	K	alternative_acceptor	PROM2	chr2:95289007-95289223	+	0.852	0.852	0.852	0.852	0.971	0.971	0.971	27.83	1.43e-05	11.899999999999991
inclusion	K	cassette	ALDH4A1	chr1:18886464-18886511	-	0.702	0.702	0.702	0.702	0.97	0.97	0.97	27.7	1.52e-05	26.80000000000001
inclusion	N	alternative_last_exon	ZNF384	chr12:6678711-6678945	-	0.736	0.736	0.736	0.736	0.913	0.913	0.913	27.64	1.55e-05	17.700000000000003
inclusion	K	cassette	RAB9A	chrX:13703814-13703902	+	0.492	0.492	0.492	0.492	0.805	0.805	0.805	27.58	1.6e-05	31.299999999999997
inclusion	K	alternative_first_exon	MECP2	chrX:154032558-154097603	-	0.506	0.506	0.506	0.506	0.831	0.831	0.831	27.46	1.68e-05	32.49999999999999
inclusion	K	alternative_first_exon	SREBF1	chr17:17820522-17823517	-	0.126	0.126	0.126	0.126	0.376	0.376	0.376	27.3	1.82e-05	25.0
inclusion	K	alternative_last_exon	MFF	chr2:227325428-227330625,chr2:227325428-227328677	+	0.907	0.907	0.907	0.907	0.991	0.991	0.991	27.19	1.92e-05	8.399999999999991
inclusion	N	alternative_donor	THOC3	chr5:175918173-175961050	-	0.004	0.004	0.004	0.004	0.107	0.107	0.107	27.02	2.09e-05	10.299999999999999
inclusion	K	alternative_acceptor	ZC3H11A	chr1:203795795-203796292	+	0.561	0.561	0.561	0.561	0.91	0.91	0.91	26.73	2.39e-05	34.89999999999999
inclusion	N	cassette	DRAM1	chr12:101914174-101914232	+	0.726	0.726	0.726	0.726	0.986	0.986	0.986	26.74	2.39e-05	26.0
inclusion	K	intron_retention	ALS2CL	chr3:46674740-46675617	.	0.31	0.31	0.31	0.31	0.116	0.116	0.116	26.72	2.4e-05	-19.4
inclusion	N	cassette	AC058822.1	chr4:53391430-53391498	+	0.584	0.584	0.584	0.584	0.317	0.317	0.317	26.63	2.49e-05	-26.7
inclusion	N	alternative_first_exon	TM7SF3	chr12:26975659-26976259	-	0.788	0.788	0.788	0.788	0.922	0.922	0.922	26.6	2.53e-05	13.400000000000006
inclusion	N	cassette	DNAJC5	chr20:63931109-63931182	+	0.249	0.249	0.249	0.249	0.426	0.426	0.426	26.38	2.8e-05	17.700000000000003
inclusion	N	intron_retention	CASP8	chr2:201258155-201266486	+	0.793	0.793	0.793	0.793	0.194	0.194	0.194	26.31	2.89e-05	-59.89999999999999
inclusion	N	cassette	ASAP2	chr2:9318524-9318598	+	0.915	0.915	0.915	0.915	0.729	0.729	0.729	26.26	2.97e-05	-18.60000000000001
inclusion	K	alternative_last_exon	ARID1B	chr6:157174118-157174846	+	0.834	0.834	0.834	0.834	0.993	0.993	0.993	26.2	3.04e-05	15.900000000000006
inclusion	K	cassette	ARID1B	chr6:157036835-157036876	+	0.263	0.263	0.263	0.263	0.599	0.599	0.599	26.05	3.26e-05	33.599999999999994
inclusion	K	cassette	TPD52L1	chr6:125253717-125253755	+	0.267	0.267	0.267	0.267	0.124	0.124	0.124	25.97	3.38e-05	-14.300000000000002
inclusion	N	cassette	KARS1	chr16:75644283-75644462	-	0.22	0.22	0.22	0.22	0.109	0.109	0.109	25.95	3.41e-05	-11.1
inclusion	K	intron_retention	C2orf49	chr2:105342975-105343100	+	0.313	0.313	0.313	0.313	0.56	0.56	0.56	25.93	3.43e-05	24.700000000000006
inclusion	N	alternative_donor	AC245041.2	chr10:47985988-47987930	-	0.574	0.574	0.574	0.574	0.125	0.125	0.125	25.9	3.46e-05	-44.9
inclusion	N	alternative_acceptor	TMSB10	chr2:84905719-84905825	+	0.03	0.03	0.03	0.03	0.012	0.012	0.012	25.79	3.64e-05	-1.8
inclusion	K	alternative_last_exon	ST7	chr7:117222063-117222860	+	0.621	0.621	0.621	0.621	0.404	0.404	0.404	25.75	3.68e-05	-21.699999999999996
inclusion	N	cassette	UCKL1	chr20:63943653-63943669	-	0.931	0.931	0.931	0.931	0.781	0.781	0.781	25.76	3.68e-05	-15.0
inclusion	K	alternative_last_exon	SNHG8	chr4:118278793-118279106,chr4:118278793-118278943,chr4:118278793-118278933	+	0.907	0.907	0.907	0.907	0.782	0.782	0.782	25.59	3.97e-05	-12.5
inclusion	N	alternative_last_exon	HMGCL	chr1:23808216-23816674,chr1:23808324-23816674	-	0.267	0.267	0.267	0.267	0.061	0.061	0.061	25.59	3.97e-05	-20.6
inclusion	K	alternative_last_exon	NIPAL3	chr1:24464121-24466003	+	0.188	0.188	0.188	0.188	0.064	0.064	0.064	25.54	4.02e-05	-12.4
inclusion	N	cassette	ATP5F1C	chr10:7806974-7807010	+	0.772	0.772	0.772	0.772	0.922	0.922	0.922	25.54	4.02e-05	15.0
inclusion	K	alternative_first_exon	SEC14L2	chr22:30399719-30406341	+	0.835	0.835	0.835	0.835	0.951	0.951	0.951	25.38	4.35e-05	11.599999999999994
inclusion	K	alternative_last_exon	HNRNPR	chr1:23341018-23344210,chr1:23341021-23344210	-	0.456	0.456	0.456	0.456	0.722	0.722	0.722	25.33	4.43e-05	26.6
inclusion	K	alternative_donor	U2AF1L5	chr21:6487413-6492130	-	0.275	0.275	0.275	0.275	0.682	0.682	0.682	25.27	4.56e-05	40.7
inclusion	N	alternative_last_exon	UBE2A	chrX:119575401-119581506	+	0.659	0.659	0.659	0.659	0.864	0.864	0.864	25.22	4.66e-05	20.5
inclusion	K	alternative_last_exon	KLC1	chr14:103679546-103684985	+	0.196	0.196	0.196	0.196	0.425	0.425	0.425	25.18	4.73e-05	22.9
inclusion	K	alternative_last_exon	CTTN	chr11:70420511-70421469	+	0.746	0.746	0.746	0.746	0.532	0.532	0.532	25.15	4.76e-05	-21.39999999999999
inclusion	N	cassette	TEAD4	chr12:2959948-2960196	+	0.514	0.514	0.514	0.514	0.809	0.809	0.809	25.16	4.76e-05	29.500000000000007
inclusion	N	cassette	ITGB1BP1	chr2:9414178-9414256	-	0.903	0.903	0.903	0.903	0.992	0.992	0.992	25.14	4.77e-05	8.900000000000006
inclusion	N	cassette	WBP1	chr2:74458832-74458919	+	0.179	0.179	0.179	0.179	0.043	0.043	0.043	25.13	4.78e-05	-13.599999999999998
inclusion	K	alternative_last_exon	FIP1L1	chr4:53428184-53440581	+	0.342	0.342	0.342	0.342	0.154	0.154	0.154	25.11	4.8e-05	-18.800000000000004
inclusion	N	cassette	PPIA	chr7:44798748-44798814	+	0.027	0.027	0.027	0.027	0.008	0.008	0.008	25.1	4.8e-05	-1.9000000000000001
inclusion	K	cassette	LIAS	chr4:39465285-39465342	+	0.988	0.988	0.988	0.988	0.663	0.663	0.663	25.02	4.97e-05	-32.5
inclusion	K	cassette	TPD52L1	chr6:125257098-125257158	+	0.373	0.373	0.373	0.373	0.214	0.214	0.214	24.99	5.04e-05	-15.899999999999999
inclusion	K	intron_retention	KLC1	chr14:103685037-103685637	+	0.61	0.61	0.61	0.61	0.31	0.31	0.31	24.98	5.04e-05	-30.0
inclusion	K	alternative_acceptor	MED24	chr17:40053636-40054360	-	0.347	0.347	0.347	0.347	0.615	0.615	0.615	24.94	5.13e-05	26.800000000000004
inclusion	K	intron_retention	MAP4	chr3:47852939-47853162	-	0.528	0.528	0.528	0.528	0.697	0.697	0.697	24.92	5.15e-05	16.899999999999984
inclusion	N	cassette	CSDE1	chr1:114737471-114737563	-	0.234	0.234	0.234	0.234	0.12	0.12	0.12	24.88	5.23e-05	-11.400000000000002
inclusion	K	alternative_last_exon	PRRC2C	chr1:171588506-171591151	+	0.737	0.737	0.737	0.737	0.499	0.499	0.499	24.87	5.24e-05	-23.800000000000004
inclusion	K	intron_retention	EDF1	chr9:136862497-136862905	-	0.103	0.103	0.103	0.103	0.334	0.334	0.334	24.81	5.38e-05	23.1
inclusion	N	cassette	SOD1	chr21:31663790-31663886	+	0.927	0.927	0.927	0.927	0.986	0.986	0.986	24.8	5.38e-05	5.8999999999999915
inclusion	N	alternative_acceptor	MAP4	chr3:47852939-47853162	-	0.331	0.331	0.331	0.331	0.194	0.194	0.194	24.79	5.38e-05	-13.7
inclusion	N	cassette	DAZAP1	chr19:1421151-1421258	+	0.775	0.775	0.775	0.775	0.992	0.992	0.992	24.79	5.38e-05	21.700000000000003
inclusion	K	coord_cassette	UBA2	chr19:34430093-34430186	+	0.826	0.826	0.826	0.826	0.494	0.494	0.494	24.73	5.52e-05	-33.199999999999996
inclusion	N	alternative_first_exon	KRT6C	chr12:52472281-52473197	-	0.958	0.958	0.958	0.958	0.259	0.259	0.259	24.69	5.61e-05	-69.89999999999999
inclusion	K	cassette	DDX50	chr10:68934199-68934360	+	0.952	0.952	0.952	0.952	0.76	0.76	0.76	24.46	6.28e-05	-19.19999999999999
inclusion	N	alternative_last_exon	PCM1	chr8:17972688-17985446	+	0.387	0.387	0.387	0.387	0.101	0.101	0.101	24.42	6.4e-05	-28.6
inclusion	K	intron_retention	SNHG1	chr11:62852437-62852655	-	0.8	0.8	0.8	0.8	0.933	0.933	0.933	24.31	6.73e-05	13.300000000000011
inclusion	N	alternative_acceptor	TCF3	chr19:1609600-1611703	-	0.236	0.236	0.236	0.236	0.081	0.081	0.081	24.19	7.09e-05	-15.499999999999998
inclusion	N	cassette	UBA2	chr19:34430576-34430659	+	0.964	0.964	0.964	0.964	0.846	0.846	0.846	24.2	7.09e-05	-11.799999999999997
inclusion	N	alternative_first_exon	IGF2BP2	chr3:185698348-185823152	-	0.896	0.896	0.896	0.896	0.978	0.978	0.978	24.1	7.42e-05	8.199999999999989
inclusion	N	cassette	DIAPH1	chr5:141571428-141571436	-	0.934	0.934	0.934	0.934	0.59	0.59	0.59	24.09	7.44e-05	-34.400000000000006
inclusion	N	intron_retention	RPS23	chr5:82276243-82276397	-	0.976	0.976	0.976	0.976	0.694	0.694	0.694	24.05	7.54e-05	-28.200000000000003
inclusion	K	intron_retention	ADCY3	chr2:24820849-24821516	-	0.038	0.038	0.038	0.038	0.139	0.139	0.139	24.01	7.67e-05	10.100000000000001
inclusion	N	cassette	HSDL2	chr9:112408907-112409021	+	0.872	0.872	0.872	0.872	0.995	0.995	0.995	24	7.67e-05	12.299999999999997
inclusion	K	alternative_first_exon	RPS3	chr11:75400586-75400693	+	0.009	0.009	0.009	0.009	0.001	0.001	0.001	23.89	8.09e-05	-0.7999999999999999
inclusion	K	intron_retention	IL1RAP	chr3:190629499-190644247	+	0.342	0.342	0.342	0.342	0.094	0.094	0.094	23.88	8.09e-05	-24.800000000000004
inclusion	N	alternative_acceptor	FKBP1B	chr2:24060927-24063063	+	0.548	0.548	0.548	0.548	0.328	0.328	0.328	23.85	8.16e-05	-22.0
inclusion	N	alternative_acceptor	MFSD2B	chr2:24060927-24063018	+	0.452	0.452	0.452	0.452	0.672	0.672	0.672	23.85	8.16e-05	22.0
inclusion	K	cassette	VKORC1	chr16:31092783-31092864	-	0.069	0.069	0.069	0.069	0.013	0.013	0.013	23.84	8.19e-05	-5.6000000000000005
inclusion	K	cassette	INSIG1	chr7:155303825-155303895	+	0.11	0.11	0.11	0.11	0.252	0.252	0.252	23.76	8.48e-05	14.2
inclusion	N	alternative_last_exon	ARRB2	chr17:4710745-4715972	+	0.383	0.383	0.383	0.383	0.698	0.698	0.698	23.74	8.56e-05	31.5
inclusion	K	cassette	CRELD1	chr3:9943902-9944095	+	0.348	0.348	0.348	0.348	0.158	0.158	0.158	23.72	8.6e-05	-18.999999999999996
inclusion	K	alternative_last_exon	TCAIM	chr3:44357877-44358216	+	0.701	0.701	0.701	0.701	0.911	0.911	0.911	23.67	8.76e-05	21.000000000000014
inclusion	K	intron_retention	PXN	chr12:120215274-120221622	-	0.16	0.16	0.16	0.16	0.069	0.069	0.069	23.67	8.76e-05	-9.1
inclusion	K	coord_cassette	ZNF185	chrX:152922720-152922809	+	0.619	0.619	0.619	0.619	0.847	0.847	0.847	23.62	8.9e-05	22.800000000000004
inclusion	K	intron_retention	ILK	chr11:6603823-6604225	+	0.276	0.276	0.276	0.276	0.13	0.13	0.13	23.62	8.9e-05	-14.600000000000001
inclusion	N	cassette	DPM1	chr20:50941129-50941209	-	0.181	0.181	0.181	0.181	0.06	0.06	0.06	23.63	8.9e-05	-12.099999999999998
inclusion	N	cassette	CTNND1	chr11:57794010-57794081	+	0.794	0.794	0.794	0.794	0.91	0.91	0.91	23.6	8.95e-05	11.599999999999994
inclusion	K	alternative_donor	WDR4	chr21:42863597-42873550	-	0.434	0.434	0.434	0.434	0.858	0.858	0.858	23.58	8.98e-05	42.4
inclusion	K	alternative_last_exon	PDHA1	chrX:19353174-19354490	+	0.979	0.979	0.979	0.979	0.899	0.899	0.899	23.56	9.06e-05	-7.999999999999986
inclusion	N	cassette	EXOSC9	chr4:121816144-121816194	+	0.405	0.405	0.405	0.405	0.134	0.134	0.134	23.29	0.000104	-27.1
inclusion	N	cassette	SLC66A3	chr2:11174968-11175009	+	0.432	0.432	0.432	0.432	0.7	0.7	0.7	23.28	0.000104	26.799999999999997
inclusion	K	coord_cassette	OPTN	chr10:13108138-13108289	+	0.094	0.094	0.094	0.094	0.238	0.238	0.238	23.27	0.000104	14.399999999999997
inclusion	K	cassette	AFDN	chr6:167913403-167913423	+	0.796	0.796	0.796	0.796	0.512	0.512	0.512	23.26	0.000104	-28.400000000000006
inclusion	N	cassette	ORC4	chr2:147975902-147975975	-	0.803	0.803	0.803	0.803	0.992	0.992	0.992	23.2	0.000107	18.89999999999999
inclusion	K	alternative_last_exon	TXNRD1	chr12:104287110-104288930	+	0.551	0.551	0.551	0.551	0.83	0.83	0.83	23.15	0.000109	27.9
inclusion	K	cassette	OSBPL3	chr7:24863200-24863292	-	0.106	0.106	0.106	0.106	0.412	0.412	0.412	23.16	0.000109	30.599999999999994
inclusion	N	alternative_donor	AL035458.2	chr20:34235031-34280521	-	0.941	0.941	0.941	0.941	0.986	0.986	0.986	22.99	0.000118	4.5
inclusion	N	cassette	CUTC	chr10:99750369-99750396	+	0.635	0.635	0.635	0.635	0.862	0.862	0.862	22.99	0.000118	22.700000000000003
inclusion	K	alternative_acceptor	TMED7-TICAM2	chr5:115581316-115616317	-	0.607	0.607	0.607	0.607	0.385	0.385	0.385	22.98	0.000118	-22.199999999999996
inclusion	N	alternative_acceptor	MKNK2	chr19:2039857-2040133	-	0.673	0.673	0.673	0.673	0.812	0.812	0.812	22.96	0.000118	13.899999999999991
inclusion	N	cassette	AP1G2	chr14:23561962-23562066	-	0.822	0.822	0.822	0.822	0.97	0.97	0.97	22.84	0.000126	14.800000000000011
inclusion	K	alternative_first_exon	CLTCL1	chr22:19183612-19187557	-	0.668	0.668	0.668	0.668	0.327	0.327	0.327	22.81	0.000127	-34.099999999999994
inclusion	K	cassette	MRPL52	chr14:22830964-22831037	+	0.108	0.108	0.108	0.108	0.029	0.029	0.029	22.76	0.000129	-7.9
inclusion	K	cassette	TMEM131	chr2:97794930-97795115	-	0.981	0.981	0.981	0.981	0.83	0.83	0.83	22.77	0.000129	-15.099999999999994
inclusion	K	cassette	MACF1	chr1:39465095-39465112	+	0.51	0.51	0.51	0.51	0.255	0.255	0.255	22.73	0.000131	-25.5
inclusion	N	cassette	MYO18A	chr17:29085604-29085648	-	0.673	0.673	0.673	0.673	0.401	0.401	0.401	22.7	0.000132	-27.20000000000001
inclusion	K	cassette	GFM2	chr5:74738502-74738642	-	0.995	0.995	0.995	0.995	0.876	0.876	0.876	22.68	0.000134	-11.900000000000006
inclusion	K	cassette	ZNF532	chr18:58954234-58954334	+	0.122	0.122	0.122	0.122	0.02	0.02	0.02	22.66	0.000135	-10.2
inclusion	N	cassette	HSDL2	chr9:112416841-112416944	+	0.781	0.781	0.781	0.781	0.966	0.966	0.966	22.63	0.000136	18.499999999999986
inclusion	N	cassette	ITGB6	chr2:160199179-160199258	-	0.98	0.98	0.98	0.98	0.852	0.852	0.852	22.58	0.000139	-12.799999999999997
inclusion	K	intron_retention	ZC3H11A	chr1:203795795-203801574	+	0.36	0.36	0.36	0.36	0.881	0.881	0.881	22.55	0.000141	52.099999999999994
inclusion	K	alternative_acceptor	MATR3	chr5:139322968-139325295	+	0.101	0.101	0.101	0.101	0.03	0.03	0.03	22.44	0.000148	-7.100000000000001
inclusion	N	alternative_last_exon	CAST	chr5:96727531-96729152	+	0.817	0.817	0.817	0.817	0.917	0.917	0.917	22.44	0.000148	10.000000000000014
inclusion	N	cassette	DPY19L4	chr8:94734630-94734754	+	0.557	0.557	0.557	0.557	0.925	0.925	0.925	22.44	0.000148	36.8
inclusion	N	alternative_acceptor	KRT8	chr12:52905080-52949455	-	0.403	0.403	0.403	0.403	0.665	0.665	0.665	22.33	0.000156	26.199999999999996
inclusion	K	cassette	SEC16A	chr9:136445052-136445111	-	0.717	0.717	0.717	0.717	0.507	0.507	0.507	22.25	0.000162	-21.0
inclusion	N	alternative_last_exon	POLG	chr15:89317472-89318540,chr15:89317477-89318540,chr15:89317537-89318540	-	0.943	0.943	0.943	0.943	0.994	0.994	0.994	22.22	0.000163	5.1000000000000085
inclusion	N	intron_retention	VAMP5	chr2:85581877-85591724	+	0.839	0.839	0.839	0.839	0.94	0.94	0.94	22.23	0.000163	10.100000000000009
inclusion	N	cassette	MFF	chr2:227342745-227342819	+	0.081	0.081	0.081	0.081	0.187	0.187	0.187	22.21	0.000164	10.6
inclusion	N	cassette	TEAD3	chr6:35480312-35480374	-	0.946	0.946	0.946	0.946	0.784	0.784	0.784	22.2	0.000164	-16.19999999999999
inclusion	N	alternative_last_exon	AC006453.3	chr2:89543837-89581005	-	0.38	0.38	0.38	0.38	0.161	0.161	0.161	22.19	0.000164	-21.9
inclusion	K	cassette	KDM4B	chr19:5119118-5119219	+	0.827	0.827	0.827	0.827	0.601	0.601	0.601	22.13	0.000169	-22.599999999999994
inclusion	K	alternative_last_exon	FBRSL1	chr12:132508351-132509165	+	0.501	0.501	0.501	0.501	0.748	0.748	0.748	22.11	0.000169	24.699999999999996
inclusion	N	cassette	CNIH1	chr14:54432108-54432220	-	0.893	0.893	0.893	0.893	0.967	0.967	0.967	22.11	0.000169	7.400000000000006
inclusion	N	cassette	TIMM9	chr14:58424008-58424095	-	0.7	0.7	0.7	0.7	0.859	0.859	0.859	22.09	0.000171	15.900000000000006
inclusion	K	cassette	TMX2	chr11:57737913-57738026	+	0.828	0.828	0.828	0.828	0.941	0.941	0.941	22.03	0.000176	11.299999999999997
inclusion	K	cassette	TERF1	chr8:73030336-73030395	+	0.393	0.393	0.393	0.393	0.743	0.743	0.743	22	0.000177	34.99999999999999
inclusion	K	alternative_first_exon	AGTRAP	chr1:11745838-11747439	+	0.898	0.898	0.898	0.898	0.969	0.969	0.969	21.99	0.000177	7.099999999999994
inclusion	N	alternative_first_exon	FN1	chr2:215372016-215373321	-	0.063	0.063	0.063	0.063	0.128	0.128	0.128	21.98	0.000178	6.500000000000001
inclusion	N	cassette	R3HDM2	chr12:57395749-57395818	-	0.861	0.861	0.861	0.861	0.988	0.988	0.988	21.98	0.000178	12.700000000000003
inclusion	N	cassette	S100A2	chr1:153563415-153563536	.	0.051	0.051	0.051	0.051	0.032	0.032	0.032	21.89	0.000185	-1.8999999999999995
inclusion	N	alternative_acceptor	TSPAN5	chr4:98478747-98482004	-	0.27	0.27	0.27	0.27	0.509	0.509	0.509	21.87	0.000187	23.9
inclusion	N	cassette	PTK2	chr8:140948666-140948723	-	0.261	0.261	0.261	0.261	0.101	0.101	0.101	21.82	0.000191	-16.0
inclusion	N	cassette	SLC35F2	chr11:107804718-107804770	-	0.993	0.993	0.993	0.993	0.867	0.867	0.867	21.82	0.000191	-12.599999999999994
inclusion	N	alternative_acceptor	CIRBP	chr19:1269411-1270927	+	0.899	0.899	0.899	0.899	0.976	0.976	0.976	21.8	0.000192	7.699999999999989
inclusion	N	alternative_acceptor	XPOT	chr12:64431824-64433413	+	0.896	0.896	0.896	0.896	0.994	0.994	0.994	21.77	0.000194	9.799999999999997
inclusion	K	alternative_last_exon	IKBIP	chr12:98626767-98634295	-	0.524	0.524	0.524	0.524	0.775	0.775	0.775	21.71	0.000199	25.099999999999994
inclusion	N	alternative_acceptor	DAB2IP	chr9:121770725-121772606	+	0.703	0.703	0.703	0.703	0.483	0.483	0.483	21.72	0.000199	-22.0
inclusion	K	cassette	ZNF185	chrX:152922720-152922809	+	0.526	0.526	0.526	0.526	0.705	0.705	0.705	21.55	0.000215	17.9
inclusion	N	alternative_last_exon	SLC20A2	chr8:42472655-42541537	-	0.796	0.796	0.796	0.796	0.431	0.431	0.431	21.55	0.000215	-36.50000000000001
inclusion	K	alternative_last_exon	URGCP	chr7:43887812-43906561,chr7:43887817-43906561	-	0.707	0.707	0.707	0.707	0.301	0.301	0.301	21.54	0.000215	-40.60000000000001
inclusion	K	alternative_last_exon	VRK3	chr19:49997571-50000789	-	0.814	0.814	0.814	0.814	0.953	0.953	0.953	21.52	0.000217	13.900000000000006
inclusion	N	alternative_first_exon	HMGCL	chr1:23808324-23810735	-	0.82	0.82	0.82	0.82	0.957	0.957	0.957	21.48	0.000221	13.700000000000003
inclusion	K	alternative_last_exon	LTA4H	chr12:96003921-96006313,chr12:96003982-96006313	-	0.883	0.883	0.883	0.883	0.758	0.758	0.758	21.45	0.000223	-12.5
inclusion	K	alternative_acceptor	LINC01503	chr9:129338918-129341735	+	0.695	0.695	0.695	0.695	0.508	0.508	0.508	21.4	0.000228	-18.700000000000003
inclusion	K	alternative_first_exon	SUPT5H	chr19:39458306-39458817	+	0.967	0.967	0.967	0.967	0.859	0.859	0.859	21.38	0.00023	-10.799999999999997
inclusion	K	alternative_last_exon	DST	chr6:56620716-56624529	-	0.921	0.921	0.921	0.921	0.797	0.797	0.797	21.32	0.000237	-12.400000000000006
inclusion	N	cassette	SAT1	chrX:23784294-23784403	+	0.071	0.071	0.071	0.071	0.03	0.03	0.03	21.28	0.000241	-4.1
inclusion	K	cassette	MED16	chr19:889638-889807	-	0.835	0.835	0.835	0.835	0.955	0.955	0.955	21.27	0.000241	12.0
inclusion	N	alternative_acceptor	UBL7	chr15:74448601-74449185	-	0.89	0.89	0.89	0.89	0.717	0.717	0.717	21.27	0.000241	-17.299999999999997
inclusion	K	cassette	SMARCAL1	chr2:216438420-216438485	+	0.894	0.894	0.894	0.894	0.99	0.99	0.99	21.25	0.000243	9.599999999999994
inclusion	K	cassette	ROBO1	chr3:78647629-78647655	-	0.314	0.314	0.314	0.314	0.591	0.591	0.591	21.2	0.000249	27.699999999999996
inclusion	K	alternative_first_exon	HNRNPR	chr1:23338609-23340851	-	0.493	0.493	0.493	0.493	0.704	0.704	0.704	21.19	0.000249	21.099999999999994
inclusion	N	cassette	CTDP1	chr18:79728907-79729069	+	0.426	0.426	0.426	0.426	0.715	0.715	0.715	21.15	0.000253	28.9
inclusion	N	cassette	DSN1	chr20:36771425-36771473	-	0.682	0.682	0.682	0.682	0.944	0.944	0.944	21.14	0.000254	26.19999999999999
inclusion	K	cassette	THOC5	chr22:29550728-29550843	-	0.371	0.371	0.371	0.371	0.153	0.153	0.153	21.08	0.000261	-21.800000000000004
inclusion	K	alternative_last_exon	CHAMP1	chr13:114321233-114323834,chr13:114321233-114323790,chr13:114321233-114323787	+	0.755	0.755	0.755	0.755	0.939	0.939	0.939	21.03	0.000266	18.39999999999999
inclusion	N	cassette	WNK1	chr12:871265-871348	+	0.289	0.289	0.289	0.289	0.471	0.471	0.471	21.04	0.000266	18.199999999999996
inclusion	K	alternative_first_exon	SMAD3	chr15:67125985-67164894	+	0.186	0.186	0.186	0.186	0.402	0.402	0.402	20.99	0.000271	21.6
inclusion	K	alternative_donor	TARDBP	chr1:11022178-11023192	+	0.177	0.177	0.177	0.177	0.026	0.026	0.026	20.97	0.000272	-15.1
inclusion	N	coord_cassette	SLC35F2	chr11:107804718-107804770	-	0.996	0.996	0.996	0.996	0.908	0.908	0.908	20.9	0.000282	-8.799999999999997
inclusion	K	alternative_last_exon	AACS	chr12:125134853-125136661	+	0.638	0.638	0.638	0.638	0.886	0.886	0.886	20.79	0.000298	24.79999999999999
inclusion	N	alternative_donor	MDFI	chr6:41638826-41646125	+	0.958	0.958	0.958	0.958	0.86	0.86	0.86	20.78	0.000299	-9.799999999999997
inclusion	N	cassette	ITGB6	chr2:160196216-160196420	-	0.981	0.981	0.981	0.981	0.882	0.882	0.882	20.69	0.000312	-9.899999999999991
inclusion	K	alternative_acceptor	WDR45B	chr17:82619129-82621608	-	0.745	0.745	0.745	0.745	0.894	0.894	0.894	20.67	0.000315	14.900000000000006
inclusion	N	cassette	TBRG1	chr11:124626473-124626609	+	0.23	0.23	0.23	0.23	0.462	0.462	0.462	20.66	0.000315	23.200000000000003
inclusion	K	cassette	RAB18	chr10:27531529-27531615	+	0.085	0.085	0.085	0.085	0.015	0.015	0.015	20.65	0.000316	-7.0
inclusion	N	alternative_first_exon	URGCP	chr7:43887486-43887789	-	0.825	0.825	0.825	0.825	0.519	0.519	0.519	20.64	0.000317	-30.6
inclusion	K	intron_retention	MKNK2	chr19:2037830-2040133	-	0.248	0.248	0.248	0.248	0.404	0.404	0.404	20.63	0.000318	15.600000000000005
inclusion	K	intron_retention	MAST4	chr5:67004692-67004951	+	0.459	0.459	0.459	0.459	0.76	0.76	0.76	20.61	0.00032	30.1
inclusion	K	alternative_last_exon	HMGCR	chr5:75354698-75355055	+	0.955	0.955	0.955	0.955	0.849	0.849	0.849	20.56	0.000327	-10.600000000000009
inclusion	N	alternative_first_exon	DHX38	chr16:72097782-72098644	+	0.986	0.986	0.986	0.986	0.857	0.857	0.857	20.56	0.000327	-12.899999999999991
inclusion	K	cassette	CHEK1	chr11:125627607-125627830	+	0.951	0.951	0.951	0.951	0.77	0.77	0.77	20.52	0.000332	-18.099999999999994
inclusion	K	cassette	PEX19	chr1:160283530-160283639	-	0.916	0.916	0.916	0.916	0.988	0.988	0.988	20.49	0.000336	7.199999999999989
inclusion	K	cassette	C14orf93	chr14:23000959-23001060	-	0.025	0.025	0.025	0.025	0.262	0.262	0.262	20.49	0.000336	23.700000000000003
inclusion	N	alternative_acceptor	CHRNE	chr17:4925270-4937314	.	0.191	0.191	0.191	0.191	0.617	0.617	0.617	20.48	0.000336	42.6
inclusion	K	cassette	NTAN1	chr16:15047997-15048099	-	0.808	0.808	0.808	0.808	0.964	0.964	0.964	20.43	0.000344	15.59999999999998
inclusion	K	alternative_last_exon	AZI2	chr3:28331951-28332368,chr3:28331955-28332368	-	0.403	0.403	0.403	0.403	0.638	0.638	0.638	20.38	0.000352	23.5
inclusion	N	alternative_first_exon	UBE2A	chrX:119575401-119582587	+	0.686	0.686	0.686	0.686	0.409	0.409	0.409	20.37	0.000353	-27.70000000000001
inclusion	K	cassette	MAP3K7	chr6:90544552-90544632	-	0.246	0.246	0.246	0.246	0.468	0.468	0.468	20.32	0.000362	22.200000000000003
inclusion	N	alternative_donor	TTC17	chr11:43444210-43448001	+	0.758	0.758	0.758	0.758	0.922	0.922	0.922	20.29	0.000366	16.400000000000006
inclusion	N	intron_retention	PRKCSH	chr19:11449686-11450645	+	0.877	0.877	0.877	0.877	0.966	0.966	0.966	20.28	0.000367	8.899999999999991
inclusion	N	cassette	SLC25A40	chr7:87860072-87860169	-	0.595	0.595	0.595	0.595	0.142	0.142	0.142	20.23	0.000375	-45.3
inclusion	N	cassette	DGUOK	chr2:73950585-73950732	+	0.213	0.213	0.213	0.213	0.369	0.369	0.369	20.19	0.000383	15.599999999999998
inclusion	K	cassette	FZD6	chr8:103328268-103328416	+	0.99	0.99	0.99	0.99	0.877	0.877	0.877	20.16	0.000387	-11.299999999999997
inclusion	N	alternative_acceptor	SMARCA1	chrX:129447234-129448332	-	0.834	0.834	0.834	0.834	0.981	0.981	0.981	20.14	0.00039	14.700000000000003
inclusion	K	alternative_first_exon	TANGO2	chr22:20053552-20055942	+	0.344	0.344	0.344	0.344	0.628	0.628	0.628	20.07	0.000403	28.4
inclusion	N	alternative_first_exon	SEC31A	chr4:82829059-82844385	-	0.276	0.276	0.276	0.276	0.147	0.147	0.147	20.06	0.000404	-12.900000000000002
inclusion	N	alternative_acceptor	NSD2	chr4:1955850-1955982	+	0.988	0.988	0.988	0.988	0.766	0.766	0.766	20.03	0.000409	-22.200000000000003
inclusion	K	cassette	BCORL1	chrX:130024990-130025379	+	0.749	0.749	0.749	0.749	0.947	0.947	0.947	20.03	0.00041	19.799999999999983
inclusion	K	intron_retention	WSB1	chr17:27306883-27309099	+	0.624	0.624	0.624	0.624	0.127	0.127	0.127	19.91	0.000434	-49.7
inclusion	N	cassette	CASP8	chr2:201274889-201274953	+	0.824	0.824	0.824	0.824	0.96	0.96	0.96	19.88	0.000439	13.600000000000009
inclusion	K	alternative_first_exon	TPCN1	chr12:113225337-113226727	+	0.41	0.41	0.41	0.41	0.789	0.789	0.789	19.83	0.000449	37.900000000000006
inclusion	K	alternative_last_exon	PMF1	chr1:156236484-156239547	+	0.887	0.887	0.887	0.887	0.961	0.961	0.961	19.8	0.000456	7.3999999999999915
inclusion	K	alternative_first_exon	USP39	chr2:85616457-85619219,chr2:85616464-85619219	+	0.842	0.842	0.842	0.842	0.949	0.949	0.949	19.79	0.000457	10.699999999999989
inclusion	N	cassette	PPARD	chr6:35347067-35347150	+	0.825	0.825	0.825	0.825	0.952	0.952	0.952	19.75	0.000464	12.699999999999989
inclusion	N	alternative_donor	MAST4	chr5:67004876-67004951	+	0.326	0.326	0.326	0.326	0.677	0.677	0.677	19.74	0.000466	35.1
inclusion	N	alternative_last_exon	PKM	chr15:72202621-72206727	.	0.905	0.905	0.905	0.905	0.827	0.827	0.827	19.73	0.000467	-7.800000000000011
inclusion	K	intron_retention	TCF3	chr19:1609600-1611703	-	0.843	0.843	0.843	0.843	0.942	0.942	0.942	19.73	0.000467	9.899999999999991
inclusion	K	alternative_last_exon	URGCP-MRPS24	chr7:43887486-43906561	-	0.294	0.294	0.294	0.294	0.691	0.691	0.691	19.65	0.000486	39.699999999999996
inclusion	K	alternative_acceptor	GAS8	chr16:90027723-90031298	+	0.713	0.713	0.713	0.713	0.966	0.966	0.966	19.63	0.000486	25.299999999999997
inclusion	K	alternative_last_exon	LETMD1	chr12:51049186-51052091,chr12:51049186-51052087	+	0.687	0.687	0.687	0.687	0.842	0.842	0.842	19.63	0.000486	15.5
inclusion	K	cassette	ASAP2	chr2:9391062-9391196	+	0.329	0.329	0.329	0.329	0.151	0.151	0.151	19.63	0.000486	-17.799999999999997
inclusion	K	cassette	NF1	chr17:31252938-31253000	+	0.88	0.88	0.88	0.88	0.622	0.622	0.622	19.61	0.000489	-25.799999999999997
inclusion	N	cassette	TFDP1	chr13:113637818-113637896	+	0.922	0.922	0.922	0.922	0.988	0.988	0.988	19.55	0.000504	6.599999999999994
inclusion	K	intron_retention	LAMC2	chr1:183240392-183243146	+	0.008	0.008	0.008	0.008	0.017	0.017	0.017	19.54	0.000506	0.9000000000000001
inclusion	K	intron_retention	SLC10A3	chrX:154488497-154488583	-	0.944	0.944	0.944	0.944	0.839	0.839	0.839	19.53	0.000507	-10.5
inclusion	K	cassette	TBC1D13	chr9:128790735-128790775	+	0.203	0.203	0.203	0.203	0.427	0.427	0.427	19.5	0.000513	22.399999999999995
inclusion	K	cassette	DNAJC19	chr3:180986943-180987022	-	0.734	0.734	0.734	0.734	0.886	0.886	0.886	19.42	0.000531	15.199999999999989
inclusion	N	alternative_last_exon	XPNPEP1	chr10:109907816-109923401	-	0.133	0.133	0.133	0.133	0.019	0.019	0.019	19.43	0.000531	-11.4
inclusion	K	alternative_last_exon	UBAP2L	chr1:154261698-154263102	+	0.417	0.417	0.417	0.417	0.267	0.267	0.267	19.4	0.000536	-14.999999999999993
inclusion	N	cassette	DLG1	chr3:197076586-197076685	-	0.407	0.407	0.407	0.407	0.628	0.628	0.628	19.37	0.000543	22.1
inclusion	N	cassette	FAM189B	chr1:155254400-155254456	-	0.588	0.588	0.588	0.588	0.741	0.741	0.741	19.36	0.000545	15.299999999999997
inclusion	K	cassette	RBM3	chrX:48575815-48576083	+	0.086	0.086	0.086	0.086	0.016	0.016	0.016	19.35	0.000547	-7.0
inclusion	K	cassette	PPHLN1	chr12:42384940-42384996	+	0.888	0.888	0.888	0.888	0.745	0.745	0.745	19.31	0.000555	-14.299999999999997
inclusion	N	alternative_first_exon	ZC3H11A	chr1:203796497-203801574,chr1:203796602-203801574	+	0.591	0.591	0.591	0.591	0.932	0.932	0.932	19.22	0.000582	34.10000000000001
inclusion	N	cassette	BCL9L	chr11:118918826-118918879	-	0.636	0.636	0.636	0.636	0.863	0.863	0.863	19.18	0.000592	22.699999999999996
inclusion	K	alternative_last_exon	ERBB2	chr17:39717481-39719786	+	0.912	0.912	0.912	0.912	0.996	0.996	0.996	19.18	0.000592	8.399999999999991
inclusion	K	intron_retention	FANCA	chr16:89738709-89738881	-	0.564	0.564	0.564	0.564	0.266	0.266	0.266	19.17	0.000593	-29.79999999999999
inclusion	N	cassette	ACOT9	chrX:23734341-23734367	-	0.587	0.587	0.587	0.587	0.302	0.302	0.302	19.12	0.000605	-28.499999999999996
inclusion	K	intron_retention	PKM	chr15:72200656-72203021	-	0.169	0.169	0.169	0.169	0.073	0.073	0.073	19.09	0.000614	-9.600000000000001
inclusion	K	alternative_first_exon	SHMT2	chr12:57229812-57230802	+	0.704	0.704	0.704	0.704	0.815	0.815	0.815	19.03	0.000626	11.100000000000009
inclusion	K	cassette	AP1G2	chr14:23566562-23566686	-	0.93	0.93	0.93	0.93	0.784	0.784	0.784	19.04	0.000626	-14.599999999999994
inclusion	K	cassette	THYN1	chr11:134248809-134248959	-	0.944	0.944	0.944	0.944	0.808	0.808	0.808	19.04	0.000626	-13.59999999999998
inclusion	N	alternative_donor	SEPTIN8	chr5:132752182-132754413	-	0.828	0.828	0.828	0.828	0.945	0.945	0.945	19.04	0.000626	11.700000000000003
inclusion	N	cassette	TNKS	chr8:9733279-9733444	+	0.984	0.984	0.984	0.984	0.748	0.748	0.748	19.04	0.000626	-23.60000000000001
inclusion	K	cassette	ANKLE2	chr12:132733996-132734071	-	0.05	0.05	0.05	0.05	0.008	0.008	0.008	19.01	0.00063	-4.2
inclusion	K	intron_retention	TARDBP	chr1:11022178-11023192	+	0.883	0.883	0.883	0.883	0.982	0.982	0.982	19	0.000635	9.900000000000006
inclusion	K	alternative_acceptor	SCAF4	chr21:31685241-31685397	-	0.557	0.557	0.557	0.557	0.343	0.343	0.343	18.93	0.000657	-21.4
inclusion	N	intron_retention	TRIM16L	chr17:18720326-18722236	+	0.13	0.13	0.13	0.13	0.475	0.475	0.475	18.9	0.000664	34.5
inclusion	K	alternative_last_exon	ZNF691	chr1:42846658-42849290	+	0.061	0.061	0.061	0.061	0.388	0.388	0.388	18.87	0.000672	32.7
inclusion	K	cassette	USP25	chr21:15849777-15849872	+	0.076	0.076	0.076	0.076	0.24	0.24	0.24	18.85	0.000679	16.4
inclusion	N	alternative_donor	ATAD3B	chr1:1477351-1478643	+	0.356	0.356	0.356	0.356	0.753	0.753	0.753	18.76	0.00071	39.699999999999996
inclusion	N	coord_cassette	DGUOK	chr2:73950585-73950732	+	0.388	0.388	0.388	0.388	0.619	0.619	0.619	18.74	0.000714	23.099999999999994
inclusion	N	alternative_donor	MSL1	chr17:40129862-40131536	+	0.325	0.325	0.325	0.325	0.563	0.563	0.563	18.71	0.000725	23.799999999999997
inclusion	N	alternative_acceptor	SMYD5	chr2:73218970-73220050	+	0.725	0.725	0.725	0.725	0.884	0.884	0.884	18.68	0.000734	15.900000000000006
inclusion	K	coord_cassette	ARHGAP12	chr10:31839305-31839319	-	0.546	0.546	0.546	0.546	0.204	0.204	0.204	18.62	0.000754	-34.2
inclusion	N	intron_retention	SPINT1	chr15:40853628-40853787	+	0.996	0.996	0.996	0.996	0.923	0.923	0.923	18.58	0.00077	-7.299999999999983
inclusion	K	alternative_last_exon	SLAIN2	chr4:48383785-48394575	+	0.647	0.647	0.647	0.647	0.834	0.834	0.834	18.56	0.000777	18.69999999999999
inclusion	K	alternative_acceptor	TASOR	chr3:56633967-56638705	-	0.667	0.667	0.667	0.667	0.357	0.357	0.357	18.55	0.000778	-31.000000000000007
inclusion	K	alternative_last_exon	TMEM129	chr4:1717676-1718151,chr4:1717704-1718151	-	0.528	0.528	0.528	0.528	0.77	0.77	0.77	18.5	0.000796	24.199999999999996
inclusion	K	alternative_last_exon	INO80E	chr16:30001041-30001464,chr16:30001041-30001413,chr16:30001041-30001211	+	0.751	0.751	0.751	0.751	0.91	0.91	0.91	18.42	0.000827	15.900000000000006
inclusion	K	cassette	NUMB	chr14:73279281-73279424	-	0.276	0.276	0.276	0.276	0.147	0.147	0.147	18.36	0.000855	-12.900000000000002
inclusion	K	alternative_last_exon	TYK2	chr19:10353647-10354041	-	0.9	0.9	0.9	0.9	0.994	0.994	0.994	18.33	0.00086	9.400000000000006
inclusion	N	alternative_first_exon	COPS5	chr8:67059446-67062105,chr8:67059446-67061853	-	0.884	0.884	0.884	0.884	0.965	0.965	0.965	18.33	0.00086	8.099999999999994
inclusion	N	cassette	MYOF	chr10:93392917-93392955	-	0.666	0.666	0.666	0.666	0.503	0.503	0.503	18.34	0.00086	-16.30000000000001
inclusion	K	intron_retention	MSL1	chr17:40129628-40131536	+	0.32	0.32	0.32	0.32	0.55	0.55	0.55	18.28	0.000879	23.000000000000007
inclusion	N	alternative_first_exon	AL136531.2	chr20:1320436-1392833	-	0.087	0.087	0.087	0.087	0.003	0.003	0.003	18.28	0.000879	-8.399999999999999
inclusion	N	cassette	USP22	chr17:21028542-21028674	-	0.939	0.939	0.939	0.939	0.992	0.992	0.992	18.28	0.000879	5.300000000000011
inclusion	K	alternative_first_exon	OPA1	chr3:193626203-193631611	+	0.424	0.424	0.424	0.424	0.723	0.723	0.723	18.27	0.000879	29.9
inclusion	K	alternative_first_exon	MCM7	chr7:100100094-100100212	-	0.3	0.3	0.3	0.3	0.11	0.11	0.11	18.25	0.000886	-19.0
inclusion	K	alternative_last_exon	ATP13A3	chr3:194412289-194413758	-	0.88	0.88	0.88	0.88	0.673	0.673	0.673	18.15	0.00093	-20.69999999999999
inclusion	N	cassette	MFF	chr2:227329606-227329783	+	0.084	0.084	0.084	0.084	0.196	0.196	0.196	18.15	0.00093	11.200000000000001
inclusion	K	intron_retention	RPL17-C18orf32	chr18:49491585-49491735	-	0.421	0.421	0.421	0.421	0.586	0.586	0.586	18.14	0.000932	16.499999999999993
inclusion	N	alternative_acceptor	ALS2CL	chr3:46674740-46675617	.	0.618	0.618	0.618	0.618	0.818	0.818	0.818	18.14	0.000932	20.0
inclusion	K	coord_cassette	ITGB6	chr2:160196216-160196420	-	0.989	0.989	0.989	0.989	0.894	0.894	0.894	18.06	0.000965	-9.5
inclusion	N	cassette	TRPC1	chr3:142792824-142792967	+	0.96	0.96	0.96	0.96	0.503	0.503	0.503	18.06	0.000965	-45.7
inclusion	N	alternative_acceptor	USF2	chr19:35278793-35278969	+	0.078	0.078	0.078	0.078	0.188	0.188	0.188	18.04	0.000972	11.0
inclusion	N	alternative_donor	SNHG5	chr6:85678189-85678402	-	0.803	0.803	0.803	0.803	0.493	0.493	0.493	18.03	0.000974	-31.000000000000014
inclusion	N	cassette	COL7A1	chr3:48589599-48589718	-	0.979	0.979	0.979	0.979	0.895	0.895	0.895	18.03	0.000974	-8.399999999999991
inclusion	K	alternative_first_exon	SUN2	chr22:38752666-38754641	-	0.202	0.202	0.202	0.202	0.416	0.416	0.416	17.99	0.000992	21.4
inclusion	N	alternative_last_exon	MICAL2	chr11:12259898-12275985,chr11:12259898-12275982	+	0.309	0.309	0.309	0.309	0.528	0.528	0.528	17.97	0.001	21.900000000000006
inclusion	N	alternative_first_exon	AACS	chr12:125134853-125142091	+	0.23	0.23	0.23	0.23	0.058	0.058	0.058	17.94	0.00101	-17.2
inclusion	K	alternative_last_exon	CRYZ	chr1:74707205-74710097	-	0.664	0.664	0.664	0.664	0.369	0.369	0.369	17.93	0.00102	-29.500000000000007
inclusion	N	alternative_acceptor	MARK3	chr14:103467192-103468080	+	0.203	0.203	0.203	0.203	0.439	0.439	0.439	17.86	0.00105	23.599999999999998
inclusion	K	cassette	CLSTN1	chr1:9737498-9737554	-	0.302	0.302	0.302	0.302	0.147	0.147	0.147	17.86	0.00105	-15.5
inclusion	N	coord_cassette	TIMMDC1	chr3:119503532-119503620	+	0.954	0.954	0.954	0.954	0.998	0.998	0.998	17.85	0.00106	4.400000000000006
inclusion	N	cassette	TMCO4	chr1:19745532-19745651	-	0.985	0.985	0.985	0.985	0.741	0.741	0.741	17.82	0.00107	-24.400000000000006
inclusion	K	alternative_acceptor	METTL26	chr16:635064-635280	-	0.194	0.194	0.194	0.194	0.091	0.091	0.091	17.8	0.00107	-10.300000000000002
inclusion	K	alternative_first_exon	XPNPEP1	chr10:109907816-109915022,chr10:109907816-109915010	-	0.92	0.92	0.92	0.92	0.989	0.989	0.989	17.8	0.00107	6.900000000000006
inclusion	N	cassette	ARNTL	chr11:13326413-13326467	+	0.194	0.194	0.194	0.194	0.506	0.506	0.506	17.8	0.00107	31.2
inclusion	N	cassette	CD59	chr11:33731424-33731468	-	0.208	0.208	0.208	0.208	0.114	0.114	0.114	17.79	0.00108	-9.4
inclusion	N	cassette	TCF25	chr16:89893789-89893858	+	0.888	0.888	0.888	0.888	0.976	0.976	0.976	17.79	0.00108	8.799999999999997
inclusion	N	cassette	HMGXB3	chr5:150024262-150024408	+	0.993	0.993	0.993	0.993	0.889	0.889	0.889	17.78	0.00108	-10.399999999999991
inclusion	N	alternative_donor	CASP8	chr2:201258383-201266486	+	0.76	0.76	0.76	0.76	0.256	0.256	0.256	17.76	0.00108	-50.4
inclusion	N	cassette	EDEM2	chr20:35144979-35145018	-	0.819	0.819	0.819	0.819	0.948	0.948	0.948	17.76	0.00108	12.900000000000006
inclusion	K	cassette	BBX	chr3:107789787-107789876	+	0.752	0.752	0.752	0.752	0.487	0.487	0.487	17.68	0.00113	-26.500000000000007
inclusion	N	cassette	PRKAR2A	chr3:48756379-48756444	-	0.89	0.89	0.89	0.89	0.975	0.975	0.975	17.65	0.00114	8.5
inclusion	N	alternative_last_exon	ATP6V1G2	chr6:31545582-31546108	-	0.17	0.17	0.17	0.17	0.601	0.601	0.601	17.65	0.00114	43.099999999999994
inclusion	K	alternative_last_exon	KLHL7	chr7:23125173-23125760	+	0.643	0.643	0.643	0.643	0.311	0.311	0.311	17.6	0.00116	-33.199999999999996
inclusion	K	intron_retention	TIMM10B	chr11:6482290-6482839	+	0.837	0.837	0.837	0.837	0.977	0.977	0.977	17.61	0.00116	14.0
inclusion	N	alternative_last_exon	NASP	chr1:45606592-45607320	+	0.822	0.822	0.822	0.822	0.608	0.608	0.608	17.6	0.00116	-21.39999999999999
inclusion	N	cassette	SH3D19	chr4:151144220-151144288	-	0.185	0.185	0.185	0.185	0.462	0.462	0.462	17.6	0.00116	27.700000000000003
inclusion	N	intron_retention	HNRNPA2B1	chr7:26190461-26191055	-	0.212	0.212	0.212	0.212	0.609	0.609	0.609	17.61	0.00116	39.7
inclusion	N	alternative_last_exon	SAP30L	chr5:154451214-154452455	+	0.371	0.371	0.371	0.371	0.57	0.57	0.57	17.59	0.00116	19.89999999999999
inclusion	K	intron_retention	APTX	chr9:32987732-32988082	-	0.184	0.184	0.184	0.184	0.359	0.359	0.359	17.55	0.00118	17.5
inclusion	K	cassette	FAM104A	chr17:73212678-73212740	-	0.164	0.164	0.164	0.164	0.339	0.339	0.339	17.52	0.0012	17.500000000000004
inclusion	K	cassette	NSUN2	chr5:6631873-6631977	-	0.867	0.867	0.867	0.867	0.706	0.706	0.706	17.51	0.0012	-16.10000000000001
inclusion	K	cassette	SLMAP	chr3:57865242-57865292	+	0.162	0.162	0.162	0.162	0.037	0.037	0.037	17.48	0.00122	-12.5
inclusion	K	alternative_first_exon	FN1	chr2:215391815-215392930	-	0.303	0.303	0.303	0.303	0.174	0.174	0.174	17.43	0.00125	-12.900000000000002
inclusion	K	alternative_first_exon	HMGCR	chr5:75355215-75355364	+	0.96	0.96	0.96	0.96	0.865	0.865	0.865	17.41	0.00126	-9.5
inclusion	K	intron_retention	SLC29A2	chr11:66368672-66369059	-	0.224	0.224	0.224	0.224	0.014	0.014	0.014	17.38	0.00128	-21.000000000000004
inclusion	K	intron_retention	TSEN54	chr17:75521511-75521704	+	0.255	0.255	0.255	0.255	0.091	0.091	0.091	17.37	0.00128	-16.4
inclusion	N	cassette	CA12	chr15:63327149-63327233	-	0.729	0.729	0.729	0.729	0.944	0.944	0.944	17.32	0.00131	21.5
inclusion	N	cassette	GAS6	chr13:113846527-113846589	-	0.838	0.838	0.838	0.838	0.953	0.953	0.953	17.32	0.00131	11.5
inclusion	K	cassette	TOM1L1	chr17:54903708-54903792	+	0.873	0.873	0.873	0.873	0.975	0.975	0.975	17.31	0.00131	10.200000000000003
inclusion	N	intron_retention	BRD2	chr6:32978389-32979874	+	0.951	0.951	0.951	0.951	0.813	0.813	0.813	17.32	0.00131	-13.799999999999997
inclusion	N	intron_retention	NDUFB4	chr3:120596540-120601172	+	0.65	0.65	0.65	0.65	0.261	0.261	0.261	17.3	0.00132	-38.9
inclusion	K	alternative_acceptor	HMGA2	chr12:65838570-65914719	+	0.121	0.121	0.121	0.121	0.029	0.029	0.029	17.27	0.00133	-9.2
inclusion	N	alternative_acceptor	PLSCR3	chr17:7394160-7394476	-	0.084	0.084	0.084	0.084	0.288	0.288	0.288	17.26	0.00134	20.4
inclusion	N	cassette	C14orf93	chr14:23000959-23001037	-	0.055	0.055	0.055	0.055	0.267	0.267	0.267	17.26	0.00134	21.200000000000003
inclusion	K	cassette	TRERF1	chr6:42263320-42263568	-	0.985	0.985	0.985	0.985	0.773	0.773	0.773	17.24	0.00134	-21.200000000000003
inclusion	N	alternative_first_exon	SQSTM1	chr5:179821142-179822957	+	0.828	0.828	0.828	0.828	0.934	0.934	0.934	17.24	0.00134	10.600000000000009
inclusion	N	cassette	ANKHD1	chr5:140512828-140512923	+	0.991	0.991	0.991	0.991	0.868	0.868	0.868	17.24	0.00134	-12.299999999999997
inclusion	K	intron_retention	FDPS	chr1:155309077-155310063	+	0.182	0.182	0.182	0.182	0.068	0.068	0.068	17.22	0.00135	-11.399999999999999
inclusion	K	alternative_first_exon	PDHA1	chrX:19354584-19355348	+	0.984	0.984	0.984	0.984	0.928	0.928	0.928	17.2	0.00136	-5.599999999999994
inclusion	N	cassette	PHKA2	chrX:18899173-18899226	-	0.768	0.768	0.768	0.768	0.5	0.5	0.5	17.19	0.00137	-26.799999999999997
inclusion	K	alternative_first_exon	FKBP9P1	chr7:55687925-55688912	-	0.133	0.133	0.133	0.133	0.283	0.283	0.283	17.15	0.00139	14.999999999999996
inclusion	N	intron_retention	TANC2	chr17:63418408-63425611	+	0.899	0.899	0.899	0.899	0.995	0.995	0.995	17.14	0.0014	9.599999999999994
inclusion	N	cassette	NPRL3	chr16:130522-130591	-	0.828	0.828	0.828	0.828	0.933	0.933	0.933	17.09	0.00143	10.500000000000014
inclusion	K	alternative_acceptor	FMR1	chrX:147945617-147948682	+	0.438	0.438	0.438	0.438	0.209	0.209	0.209	17.06	0.00145	-22.9
inclusion	K	intron_retention	PFN2	chr3:149966265-149968357	-	0.036	0.036	0.036	0.036	0.107	0.107	0.107	17.01	0.00148	7.1
inclusion	N	alternative_last_exon	CLN6	chr15:68218651-68229501	-	0.705	0.705	0.705	0.705	0.979	0.979	0.979	17.02	0.00148	27.39999999999999
inclusion	K	intron_retention	CNOT7	chr8:17230849-17232426	-	0.032	0.032	0.032	0.032	0.105	0.105	0.105	17	0.00148	7.3
inclusion	K	intron_retention	DUT	chr15:48331796-48332267	+	0.113	0.113	0.113	0.113	0.274	0.274	0.274	17	0.00148	16.1
inclusion	K	cassette	ELK1	chrX:47649921-47650026	-	0.44	0.44	0.44	0.44	0.259	0.259	0.259	17	0.00148	-18.099999999999998
inclusion	K	cassette	RIF1	chr2:151468474-151468551	+	0.518	0.518	0.518	0.518	0.227	0.227	0.227	16.94	0.00152	-29.100000000000005
inclusion	N	cassette	DGLUCY	chr14:91145221-91145313	+	0.082	0.082	0.082	0.082	0.206	0.206	0.206	16.93	0.00153	12.399999999999997
inclusion	N	cassette	IKBIP	chr12:98634296-98634413	-	0.593	0.593	0.593	0.593	0.796	0.796	0.796	16.91	0.00155	20.30000000000001
inclusion	K	alternative_first_exon	COPS7A	chr12:6724331-6724613,chr12:6724379-6724613,chr12:6724369-6724613	+	0.079	0.079	0.079	0.079	0.004	0.004	0.004	16.9	0.00155	-7.5
inclusion	N	cassette	PAK1	chr11:77325328-77325376	-	0.052	0.052	0.052	0.052	0.143	0.143	0.143	16.84	0.00159	9.099999999999998
inclusion	K	intron_retention	DCAF11	chr14:24115393-24115542	+	0.74	0.74	0.74	0.74	0.561	0.561	0.561	16.84	0.00159	-17.89999999999999
inclusion	K	intron_retention	VEGFB	chr11:64237223-64237520	+	0.722	0.722	0.722	0.722	0.538	0.538	0.538	16.83	0.00159	-18.4
inclusion	K	alternative_first_exon	CTTN	chr11:70420511-70422939	+	0.106	0.106	0.106	0.106	0.235	0.235	0.235	16.8	0.00162	12.9
inclusion	N	alternative_acceptor	HDLBP	chr2:241229688-241229832	-	0.926	0.926	0.926	0.926	0.98	0.98	0.98	16.78	0.00164	5.3999999999999915
inclusion	K	cassette	NRCAM	chr7:108225645-108225701	-	0.016	0.016	0.016	0.016	0.142	0.142	0.142	16.77	0.00164	12.6
inclusion	K	cassette	IKBKB	chr8:42288634-42288728	+	0.759	0.759	0.759	0.759	0.972	0.972	0.972	16.76	0.00164	21.299999999999997
inclusion	N	intron_retention	MTSS1	chr8:124553665-124555741	-	0.853	0.853	0.853	0.853	0.67	0.67	0.67	16.76	0.00164	-18.299999999999997
inclusion	N	cassette	GEMIN7	chr19:45079907-45080029	+	0.478	0.478	0.478	0.478	0.265	0.265	0.265	16.75	0.00165	-21.299999999999997
inclusion	N	cassette	KCNJ15	chr21:38291606-38291747	+	0.237	0.237	0.237	0.237	0.433	0.433	0.433	16.71	0.00167	19.599999999999998
inclusion	K	intron_retention	AC245041.2	chr10:47985988-47991679	-	0.903	0.903	0.903	0.903	0.623	0.623	0.623	16.7	0.00168	-28.0
inclusion	N	cassette	TBC1D2B	chr15:78017847-78017957	-	0.922	0.922	0.922	0.922	0.995	0.995	0.995	16.7	0.00168	7.299999999999997
inclusion	N	alternative_last_exon	AC107871.1	chr15:68197629-68229501	-	0.291	0.291	0.291	0.291	0.021	0.021	0.021	16.68	0.00169	-26.999999999999996
inclusion	K	cassette	ST7	chr7:117134124-117134192	+	0.326	0.326	0.326	0.326	0.128	0.128	0.128	16.66	0.00171	-19.8
inclusion	N	alternative_acceptor	GLT8D1	chr3:52695588-52695927	-	0.988	0.988	0.988	0.988	0.88	0.88	0.88	16.66	0.00171	-10.799999999999997
inclusion	K	alternative_first_exon	ZNF446	chr19:58476505-58477178	+	0.724	0.724	0.724	0.724	0.432	0.432	0.432	16.65	0.00171	-29.19999999999999
inclusion	N	cassette	PAK1	chr11:77397027-77397093	-	0.008	0.008	0.008	0.008	0.098	0.098	0.098	16.64	0.00172	9.0
inclusion	K	intron_retention	NOP16	chr5:176384284-176385220	-	0.529	0.529	0.529	0.529	0.364	0.364	0.364	16.62	0.00173	-16.500000000000007
inclusion	K	cassette	C11orf1	chr11:111883136-111883202	+	0.763	0.763	0.763	0.763	0.903	0.903	0.903	16.59	0.00176	14.0
inclusion	N	alternative_last_exon	RPS3	chr11:75399578-75400693	+	0.99	0.99	0.99	0.99	0.998	0.998	0.998	16.57	0.00177	0.7999999999999972
inclusion	N	alternative_first_exon	DDX59	chr1:200649227-200650424	-	0.987	0.987	0.987	0.987	0.797	0.797	0.797	16.55	0.00178	-19.0
inclusion	N	alternative_donor	RER1	chr1:2391959-2393269	+	0.493	0.493	0.493	0.493	0.755	0.755	0.755	16.55	0.00178	26.200000000000003
inclusion	K	alternative_first_exon	C17orf75	chr17:32341285-32341862,chr17:32341285-32341800	-	0.419	0.419	0.419	0.419	0.186	0.186	0.186	16.52	0.0018	-23.299999999999997
inclusion	K	cassette	ERLEC1	chr2:53808299-53808460	+	0.943	0.943	0.943	0.943	0.842	0.842	0.842	16.49	0.00183	-10.099999999999994
inclusion	K	alternative_acceptor	BBS1	chr11:66519749-66520778	+	0.544	0.544	0.544	0.544	0.289	0.289	0.289	16.48	0.00184	-25.500000000000007
inclusion	N	cassette	C3orf18	chr3:50565466-50565861	-	0.894	0.894	0.894	0.894	0.443	0.443	0.443	16.46	0.00185	-45.10000000000001
inclusion	N	alternative_last_exon	MOSMO	chr16:22075700-22080695	+	0.417	0.417	0.417	0.417	0.73	0.73	0.73	16.45	0.00186	31.300000000000004
inclusion	N	coord_cassette	CA12	chr15:63327149-63327233	-	0.756	0.756	0.756	0.756	0.95	0.95	0.95	16.43	0.00187	19.400000000000006
inclusion	K	alternative_acceptor	ALKBH2	chr12:109092938-109093246	-	0.687	0.687	0.687	0.687	0.44	0.44	0.44	16.43	0.00188	-24.700000000000003
inclusion	N	intron_retention	GLT8D1	chr3:52695555-52695927	-	0.925	0.925	0.925	0.925	0.53	0.53	0.53	16.42	0.00188	-39.5
inclusion	N	alternative_donor	DAB2IP	chr9:121783443-121783535	+	0.743	0.743	0.743	0.743	0.608	0.608	0.608	16.4	0.00189	-13.5
inclusion	N	alternative_last_exon	LTBP4	chr19:40623733-40623935	+	0.992	0.992	0.992	0.992	0.92	0.92	0.92	16.4	0.00189	-7.200000000000003
inclusion	K	alternative_last_exon	HMGXB4	chr22:35263875-35263981	+	0.464	0.464	0.464	0.464	0.701	0.701	0.701	16.39	0.0019	23.69999999999999
inclusion	N	cassette	NUTM2A-AS1	chr10:87330892-87331096	-	0.114	0.114	0.114	0.114	0.018	0.018	0.018	16.38	0.0019	-9.600000000000001
inclusion	N	alternative_last_exon	LAMC2	chr1:183240392-183243556,chr1:183240392-183243146	+	0.934	0.934	0.934	0.934	0.903	0.903	0.903	16.35	0.00193	-3.1000000000000085
inclusion	K	cassette	PSMG1	chr21:39179924-39179986	-	0.921	0.921	0.921	0.921	0.988	0.988	0.988	16.34	0.00194	6.699999999999989
inclusion	K	cassette	FBXO25	chr8:432886-432935	+	0.898	0.898	0.898	0.898	0.739	0.739	0.739	16.32	0.00195	-15.899999999999991
inclusion	K	intron_retention	TMEM41B	chr11:9281042-9283370	-	0.589	0.589	0.589	0.589	0.855	0.855	0.855	16.32	0.00195	26.6
inclusion	N	cassette	PCLAF	chr15:64376743-64376905	-	0.744	0.744	0.744	0.744	0.903	0.903	0.903	16.31	0.00195	15.899999999999991
inclusion	K	cassette	SETD5	chr3:9436850-9436888	+	0.183	0.183	0.183	0.183	0.058	0.058	0.058	16.29	0.00197	-12.5
inclusion	K	alternative_first_exon	BACH1	chr21:29305323-29321220	+	0.325	0.325	0.325	0.325	0.022	0.022	0.022	16.28	0.00198	-30.3
inclusion	K	cassette	CIAO2A	chr15:64081102-64081151	-	0.79	0.79	0.79	0.79	0.917	0.917	0.917	16.28	0.00198	12.700000000000003
inclusion	K	intron_retention	WDR54	chr2:74421817-74422119	+	0.181	0.181	0.181	0.181	0.443	0.443	0.443	16.25	0.002	26.2
inclusion	N	intron_retention	GOLGA2P7	chr15:84200179-84200199	.	0.96	0.96	0.96	0.96	0.559	0.559	0.559	16.23	0.00202	-40.099999999999994
inclusion	N	intron_retention	S100A6	chr1:153534828-153535201	-	0.272	0.272	0.272	0.272	0.514	0.514	0.514	16.18	0.00207	24.199999999999996
inclusion	N	intron_retention	CDV3	chr3:133586723-133587892	+	0.677	0.677	0.677	0.677	0.854	0.854	0.854	16.17	0.00208	17.69999999999999
inclusion	K	intron_retention	KRT8	chr12:52905028-52949455	-	0.859	0.859	0.859	0.859	0.943	0.943	0.943	16.17	0.00208	8.399999999999991
inclusion	K	intron_retention	SAT1	chrX:23784404-23785327	+	0.144	0.144	0.144	0.144	0.287	0.287	0.287	16.12	0.00211	14.3
inclusion	K	intron_retention	STUB1	chr16:680685-681208	+	0.928	0.928	0.928	0.928	0.76	0.76	0.76	16.12	0.00211	-16.80000000000001
inclusion	N	alternative_last_exon	EP400	chr12:131992231-131994866	+	0.929	0.929	0.929	0.929	0.731	0.731	0.731	16.12	0.00211	-19.80000000000001
inclusion	N	cassette	PARP12	chr7:140037715-140037856	-	0.86	0.86	0.86	0.86	0.974	0.974	0.974	16.13	0.00211	11.399999999999991
inclusion	K	cassette	NFIB	chr9:14102422-14102510	-	0.266	0.266	0.266	0.266	0.441	0.441	0.441	16.1	0.00213	17.5
inclusion	N	alternative_last_exon	YIPF6	chrX:68522918-68531880	+	0.951	0.951	0.951	0.951	0.742	0.742	0.742	16.08	0.00215	-20.89999999999999
inclusion	N	alternative_acceptor	NOP16	chr5:176384375-176385220	-	0.717	0.717	0.717	0.717	0.583	0.583	0.583	16.04	0.00219	-13.400000000000006
inclusion	K	alternative_last_exon	CLTCL1	chr22:19187729-19187980	-	0.689	0.689	0.689	0.689	0.412	0.412	0.412	16	0.00223	-27.699999999999996
inclusion	N	cassette	EAF1	chr3:15432087-15432223	+	0.914	0.914	0.914	0.914	0.736	0.736	0.736	15.98	0.00226	-17.80000000000001
inclusion	K	intron_retention	TMEM91	chr19:41382922-41383885	+	0.951	0.951	0.951	0.951	0.568	0.568	0.568	15.98	0.00226	-38.3
inclusion	K	cassette	ANXA11	chr10:80176107-80176155	-	0.736	0.736	0.736	0.736	0.857	0.857	0.857	15.95	0.00228	12.100000000000009
inclusion	K	cassette	SLC30A6	chr2:32197318-32197392	+	0.49	0.49	0.49	0.49	0.963	0.963	0.963	15.95	0.00228	47.3
inclusion	N	cassette	POLB	chr8:42350007-42350065	+	0.907	0.907	0.907	0.907	0.989	0.989	0.989	15.94	0.00229	8.200000000000003
inclusion	K	alternative_first_exon	SNHG32	chr6:31834769-31835410,chr6:31835201-31835410,chr6:31835058-31835410	+	0.976	0.976	0.976	0.976	0.934	0.934	0.934	15.93	0.0023	-4.199999999999989
inclusion	K	intron_retention	RTL8A	chrX:135051369-135051916	-	0.535	0.535	0.535	0.535	0.398	0.398	0.398	15.91	0.00231	-13.699999999999996
inclusion	N	alternative_acceptor	KIRREL1	chr1:158088455-158089453	.	0.564	0.564	0.564	0.564	0.324	0.324	0.324	15.9	0.00232	-23.999999999999993
inclusion	N	alternative_acceptor	ISOC2	chr19:55455846-55456348	-	0.597	0.597	0.597	0.597	0.379	0.379	0.379	15.89	0.00233	-21.799999999999997
inclusion	N	cassette	TTC7A	chr2:46917184-46917277	+	0.414	0.414	0.414	0.414	0.802	0.802	0.802	15.85	0.00237	38.800000000000004
inclusion	K	intron_retention	ANKRD13B	chr17:29612964-29613353	+	0.369	0.369	0.369	0.369	0.079	0.079	0.079	15.82	0.00241	-29.0
inclusion	N	cassette	AKR1C2	chr10:4999200-4999277	-	0.911	0.911	0.911	0.911	0.97	0.97	0.97	15.82	0.00241	5.8999999999999915
inclusion	K	cassette	CENPN	chr16:81022597-81022698	+	0.701	0.701	0.701	0.701	0.954	0.954	0.954	15.8	0.00243	25.299999999999997
inclusion	N	alternative_acceptor	SLC1A5	chr19:46775748-46776974	-	0.996	0.996	0.996	0.996	0.952	0.952	0.952	15.78	0.00245	-4.400000000000006
inclusion	N	alternative_acceptor	nogene	chr19:46760396-46776974	-	0.004	0.004	0.004	0.004	0.048	0.048	0.048	15.76	0.00247	4.3999999999999995
inclusion	N	alternative_donor	ALS2CL	chr3:46674740-46675617	-	0.793	0.793	0.793	0.793	0.905	0.905	0.905	15.75	0.00248	11.200000000000003
inclusion	K	coord_cassette	OPA1	chr3:193617178-193617285	+	0.579	0.579	0.579	0.579	0.938	0.938	0.938	15.74	0.00248	35.9
inclusion	N	alternative_donor	nogene	chr2:207250454-207251709	+	0.306	0.306	0.306	0.306	0.759	0.759	0.759	15.74	0.00248	45.30000000000001
inclusion	K	cassette	PRR3	chr6:30561328-30561508	+	0.897	0.897	0.897	0.897	0.538	0.538	0.538	15.72	0.00251	-35.9
inclusion	N	alternative_donor	TMEM41B	chr11:9281042-9282252	-	0.727	0.727	0.727	0.727	0.903	0.903	0.903	15.72	0.00251	17.599999999999994
inclusion	K	alternative_last_exon	GALK2	chr15:49319806-49327951	+	0.984	0.984	0.984	0.984	0.754	0.754	0.754	15.68	0.00254	-23.0
inclusion	K	alternative_acceptor	WDR54	chr2:74421817-74422119	+	0.133	0.133	0.133	0.133	0.051	0.051	0.051	15.65	0.00258	-8.200000000000001
inclusion	N	alternative_donor	TLN1	chr9:35725728-35732074	-	0.745	0.745	0.745	0.745	0.88	0.88	0.88	15.65	0.00258	13.5
inclusion	K	alternative_acceptor	USP33	chr1:77721926-77722023	-	0.296	0.296	0.296	0.296	0.61	0.61	0.61	15.63	0.00259	31.400000000000002
inclusion	N	alternative_acceptor	USP35	chr11:78198069-78199594	+	0.405	0.405	0.405	0.405	0.785	0.785	0.785	15.64	0.00259	38.0
inclusion	N	intron_retention	DELE1	chr5:141938761-141938851	+	0.672	0.672	0.672	0.672	0.403	0.403	0.403	15.64	0.00259	-26.9
inclusion	K	intron_retention	TPTEP2-CSNK1E	chr22:38297156-38298785	-	0.699	0.699	0.699	0.699	0.874	0.874	0.874	15.62	0.0026	17.500000000000014
inclusion	N	alternative_donor	TIMM10B	chr11:6482321-6482839	+	0.689	0.689	0.689	0.689	0.946	0.946	0.946	15.62	0.0026	25.700000000000003
inclusion	N	alternative_donor	SNHG29	chr17:16441452-16448209	+	0.835	0.835	0.835	0.835	0.937	0.937	0.937	15.61	0.0026	10.200000000000003
inclusion	K	alternative_acceptor	AC245041.2	chr10:47987310-47991679	-	0.957	0.957	0.957	0.957	0.795	0.795	0.795	15.57	0.00266	-16.200000000000003
inclusion	N	cassette	TBC1D14	chr4:7004844-7004924	+	0.908	0.908	0.908	0.908	0.984	0.984	0.984	15.56	0.00267	7.6000000000000085
inclusion	K	alternative_first_exon	VPS72	chr1:151185951-151190004	-	0.93	0.93	0.93	0.93	0.993	0.993	0.993	15.55	0.00267	6.299999999999997
inclusion	K	coord_cassette	DGUOK	chr2:73950585-73950732	+	0.269	0.269	0.269	0.269	0.427	0.427	0.427	15.55	0.00267	15.799999999999994
inclusion	N	cassette	SPG21	chr15:64983507-64983593	-	0.844	0.844	0.844	0.844	0.945	0.945	0.945	15.55	0.00267	10.100000000000009
inclusion	K	cassette	UBE2K	chr4:39777682-39777810	+	0.969	0.969	0.969	0.969	0.907	0.907	0.907	15.54	0.00268	-6.199999999999989
inclusion	K	alternative_last_exon	SMAD4	chr18:51076777-51078255	+	0.913	0.913	0.913	0.913	0.995	0.995	0.995	15.53	0.00269	8.200000000000003
inclusion	K	cassette	WIPI2	chr7:5193118-5193171	+	0.233	0.233	0.233	0.233	0.11	0.11	0.11	15.52	0.0027	-12.3
inclusion	K	intron_retention	BBS1	chr11:66519749-66521269	+	0.443	0.443	0.443	0.443	0.213	0.213	0.213	15.52	0.0027	-22.999999999999996
inclusion	N	alternative_donor	LAMC2	chr1:183240396-183243151	+	0.202	0.202	0.202	0.202	0.332	0.332	0.332	15.51	0.0027	13.0
inclusion	K	cassette	MAP4K4	chr2:101863821-101864051	+	0.036	0.036	0.036	0.036	0.101	0.101	0.101	15.5	0.00272	6.500000000000002
inclusion	K	intron_retention	APH1A	chr1:150266195-150266532	-	0.452	0.452	0.452	0.452	0.592	0.592	0.592	15.49	0.00272	13.999999999999993
inclusion	N	cassette	UBXN2A	chr2:23984673-23984831	+	0.989	0.989	0.989	0.989	0.835	0.835	0.835	15.46	0.00277	-15.400000000000006
inclusion	K	intron_retention	RACK1	chr5:181241640-181242169	-	0.085	0.085	0.085	0.085	0.229	0.229	0.229	15.44	0.00279	14.400000000000002
inclusion	K	cassette	TBC1D5	chr3:17428450-17428519	-	0.9	0.9	0.9	0.9	0.993	0.993	0.993	15.42	0.00282	9.299999999999997
inclusion	K	intron_retention	SHISA5	chr3:48468218-48469360	-	0.961	0.961	0.961	0.961	0.998	0.998	0.998	15.35	0.0029	3.700000000000003
inclusion	N	cassette	CMC1	chr3:28253731-28253765	+	0.033	0.033	0.033	0.033	0.127	0.127	0.127	15.36	0.0029	9.399999999999999
inclusion	K	cassette	NGLY1	chr3:25720014-25720191	-	0.941	0.941	0.941	0.941	0.766	0.766	0.766	15.35	0.0029	-17.5
inclusion	N	alternative_first_exon	RIPK2	chr8:89758234-89765340	+	0.829	0.829	0.829	0.829	0.969	0.969	0.969	15.33	0.00292	14.0
inclusion	K	cassette	SETD5	chr3:9434590-9434630	+	0.377	0.377	0.377	0.377	0.177	0.177	0.177	15.31	0.00295	-20.000000000000004
inclusion	K	alternative_first_exon	NADSYN1	chr11:71480275-71480754	+	0.192	0.192	0.192	0.192	0.071	0.071	0.071	15.3	0.00297	-12.1
inclusion	N	cassette	ATXN2L	chr16:28832496-28832567	+	0.909	0.909	0.909	0.909	0.965	0.965	0.965	15.28	0.00299	5.599999999999994
inclusion	K	intron_retention	LRP11	chr6:149820704-149826263	-	0.184	0.184	0.184	0.184	0.087	0.087	0.087	15.28	0.00299	-9.7
inclusion	K	intron_retention	LINC00839	chr10:42492343-42494014	+	0.133	0.133	0.133	0.133	0.306	0.306	0.306	15.27	0.00299	17.299999999999997
inclusion	N	cassette	HIPK3	chr11:33348166-33348228	+	0.127	0.127	0.127	0.127	0.31	0.31	0.31	15.27	0.00299	18.3
inclusion	N	cassette	P3H4	chr17:41803287-41803431	-	0.989	0.989	0.989	0.989	0.932	0.932	0.932	15.27	0.00299	-5.700000000000003
inclusion	K	alternative_first_exon	DNAJB5	chr9:34989832-34993199	+	0.895	0.895	0.895	0.895	0.986	0.986	0.986	15.25	0.00301	9.099999999999994
inclusion	N	coord_cassette	SMAP2	chr1:40408653-40408738	+	0.905	0.905	0.905	0.905	0.994	0.994	0.994	15.25	0.00301	8.900000000000006
inclusion	N	alternative_last_exon	MYO19	chr17:36498555-36499074,chr17:36498560-36499074	-	0.877	0.877	0.877	0.877	0.976	0.976	0.976	15.24	0.00302	9.899999999999991
inclusion	K	cassette	UCHL3	chr13:75589938-75590129	+	0.043	0.043	0.043	0.043	0.006	0.006	0.006	15.21	0.00305	-3.6999999999999997
inclusion	N	alternative_acceptor	PINK1	chr1:20649232-20650433	+	0.871	0.871	0.871	0.871	0.946	0.946	0.946	15.22	0.00305	7.5
inclusion	N	cassette	CSNK1A1	chr5:149517794-149517877	-	0.125	0.125	0.125	0.125	0.063	0.063	0.063	15.21	0.00305	-6.2
inclusion	K	alternative_acceptor	CNDP2	chr18:74496432-74499881	+	0.511	0.511	0.511	0.511	0.321	0.321	0.321	15.18	0.00309	-19.0
inclusion	K	cassette	MRPL11	chr11:66436816-66436909	-	0.032	0.032	0.032	0.032	0.002	0.002	0.002	15.17	0.0031	-3.0
inclusion	N	alternative_acceptor	RETREG2	chr2:219182309-219182378	+	0.758	0.758	0.758	0.758	0.885	0.885	0.885	15.16	0.00313	12.700000000000003
inclusion	N	alternative_donor	TXNDC5	chr6:7882660-7884358	-	0.099	0.099	0.099	0.099	0.007	0.007	0.007	15.13	0.00316	-9.200000000000001
inclusion	N	cassette	TFDP1	chr13:113631623-113631744	+	0.901	0.901	0.901	0.901	0.784	0.784	0.784	15.12	0.00317	-11.700000000000003
inclusion	N	intron_retention	RER1	chr1:2391959-2393269	+	0.396	0.396	0.396	0.396	0.188	0.188	0.188	15.09	0.00322	-20.8
inclusion	N	cassette	IRX4	chr5:1880066-1880143	-	0.614	0.614	0.614	0.614	0.36	0.36	0.36	15.09	0.00322	-25.4
inclusion	K	alternative_acceptor	LRRC75B	chr22:24588330-24589820	-	0.491	0.491	0.491	0.491	0.248	0.248	0.248	15.05	0.00327	-24.3
inclusion	N	cassette	SPTAN1	chr9:128603543-128603590	+	0.973	0.973	0.973	0.973	0.906	0.906	0.906	15.05	0.00328	-6.699999999999989
inclusion	K	cassette	ALCAM	chr3:105552144-105552182	+	0.841	0.841	0.841	0.841	0.945	0.945	0.945	15.01	0.00332	10.400000000000006
inclusion	K	cassette	OLA1	chr2:174246715-174246815	-	0.939	0.939	0.939	0.939	0.99	0.99	0.99	15.01	0.00332	5.1000000000000085
inclusion	N	alternative_last_exon	PLOD2	chr3:146070873-146071041	-	0.994	0.994	0.994	0.994	0.936	0.936	0.936	15.01	0.00332	-5.799999999999997
inclusion	N	intron_retention	MT1E	chr16:56626575-56626879	+	0.701	0.701	0.701	0.701	0.922	0.922	0.922	15.01	0.00333	22.10000000000001
inclusion	K	intron_retention	APTX	chr9:32989896-33024999	-	0.233	0.233	0.233	0.233	0.497	0.497	0.497	14.99	0.00335	26.400000000000002
inclusion	K	alternative_first_exon	SMARCA4	chr19:11039554-11041306	+	0.071	0.071	0.071	0.071	0.02	0.02	0.02	14.95	0.00341	-5.1
inclusion	K	cassette	FAM126A	chr7:22946952-22947247	-	0.548	0.548	0.548	0.548	0.208	0.208	0.208	14.95	0.00341	-34.0
inclusion	N	alternative_donor	CTSL	chr9:87726399-87727593	+	0.371	0.371	0.371	0.371	0.239	0.239	0.239	14.94	0.00342	-13.200000000000003
inclusion	K	intron_retention	ATAD3B	chr1:1489275-1490256	+	0.153	0.153	0.153	0.153	0.044	0.044	0.044	14.92	0.00345	-10.899999999999999
inclusion	K	intron_retention	CHPF2	chr7:151236591-151237373	+	0.03	0.03	0.03	0.03	0.097	0.097	0.097	14.92	0.00346	6.700000000000001
inclusion	K	intron_retention	RCCD1	chr15:90961775-90961923	+	0.898	0.898	0.898	0.898	0.993	0.993	0.993	14.91	0.00347	9.5
inclusion	N	cassette	CHURC1-FNTB	chr14:64926010-64926080	+	0.796	0.796	0.796	0.796	0.909	0.909	0.909	14.91	0.00347	11.299999999999997
inclusion	K	alternative_first_exon	COMT	chr22:19963372-19963565	+	0.043	0.043	0.043	0.043	0.118	0.118	0.118	14.89	0.00349	7.499999999999999
inclusion	N	cassette	ZFAS1	chr20:49280903-49280964	+	0.501	0.501	0.501	0.501	0.425	0.425	0.425	14.89	0.00349	-7.600000000000001
inclusion	N	cassette	SNHG32	chr6:31836424-31836517	+	0.504	0.504	0.504	0.504	0.369	0.369	0.369	14.87	0.00351	-13.5
inclusion	K	cassette	POMT1	chr9:131504189-131504340	+	0.868	0.868	0.868	0.868	0.513	0.513	0.513	14.85	0.00354	-35.49999999999999
inclusion	N	alternative_last_exon	TMEM167B	chr1:109090883-109092889	+	0.784	0.784	0.784	0.784	0.983	0.983	0.983	14.85	0.00354	19.89999999999999
inclusion	N	alternative_last_exon	EEF2	chr19:3979437-3979807	-	0.99	0.99	0.99	0.99	0.998	0.998	0.998	14.85	0.00355	0.7999999999999972
inclusion	K	alternative_last_exon	LEPR	chr1:65425379-65565545	+	0.177	0.177	0.177	0.177	0.011	0.011	0.011	14.83	0.00356	-16.599999999999998
inclusion	K	intron_retention	UCHL3	chr13:75549863-75549975	+	0.106	0.106	0.106	0.106	0.028	0.028	0.028	14.83	0.00356	-7.799999999999999
inclusion	K	alternative_last_exon	AC019257.8	chr8:1925405-1926376	+	0.639	0.639	0.639	0.639	0.339	0.339	0.339	14.82	0.00357	-29.999999999999993
inclusion	K	intron_retention	CPNE1	chr20:35632924-35655201	-	0.774	0.774	0.774	0.774	0.925	0.925	0.925	14.8	0.00361	15.099999999999994
inclusion	K	intron_retention	S100A6	chr1:153535376-153535948	-	0.234	0.234	0.234	0.234	0.392	0.392	0.392	14.8	0.00361	15.8
inclusion	K	intron_retention	CRELD1	chr3:9944096-9944364	+	0.123	0.123	0.123	0.123	0.314	0.314	0.314	14.77	0.00365	19.099999999999998
inclusion	K	intron_retention	RPL41	chr12:56116800-56117481	+	0.663	0.663	0.663	0.663	0.262	0.262	0.262	14.77	0.00365	-40.099999999999994
inclusion	K	intron_retention	STAP2	chr19:4324530-4325215	-	0.27	0.27	0.27	0.27	0.092	0.092	0.092	14.77	0.00365	-17.8
inclusion	N	alternative_acceptor	AJM1	chr9:136848284-136849110	+	0.768	0.768	0.768	0.768	0.524	0.524	0.524	14.76	0.00365	-24.39999999999999
inclusion	N	alternative_acceptor	COG1	chr17:73193385-73196506	+	0.769	0.769	0.769	0.769	0.955	0.955	0.955	14.75	0.00367	18.599999999999994
inclusion	N	alternative_first_exon	IGFBP2	chr2:216659747-216660556	+	0.575	0.575	0.575	0.575	0.238	0.238	0.238	14.7	0.00376	-33.699999999999996
inclusion	K	alternative_acceptor	HECTD1	chr14:31129449-31133237	-	0.735	0.735	0.735	0.735	0.521	0.521	0.521	14.7	0.00377	-21.4
inclusion	N	cassette	MEMO1	chr2:31883386-31883462	-	0.864	0.864	0.864	0.864	0.963	0.963	0.963	14.68	0.00379	9.899999999999991
inclusion	K	alternative_last_exon	AC132008.2	chr3:197614623-197615563	-	0.906	0.906	0.906	0.906	0.624	0.624	0.624	14.65	0.00385	-28.20000000000001
inclusion	N	cassette	COX7B	chrX:77901744-77901867	+	0.059	0.059	0.059	0.059	0.014	0.014	0.014	14.62	0.00391	-4.499999999999999
inclusion	N	alternative_last_exon	DDX18	chr2:117826383-117828948	+	0.882	0.882	0.882	0.882	0.986	0.986	0.986	14.59	0.00396	10.399999999999991
inclusion	N	cassette	USP8	chr15:50484275-50484361	+	0.367	0.367	0.367	0.367	0.638	0.638	0.638	14.58	0.00397	27.1
inclusion	K	alternative_acceptor	SCNN1A	chr12:6355436-6355776	-	0.925	0.925	0.925	0.925	0.853	0.853	0.853	14.56	0.00399	-7.200000000000003
inclusion	N	cassette	TENT4A	chr5:6743712-6743840	+	0.862	0.862	0.862	0.862	0.982	0.982	0.982	14.56	0.00399	12.0
inclusion	K	intron_retention	ACTG1	chr17:81512116-81512231	-	0.781	0.781	0.781	0.781	0.99	0.99	0.99	14.55	0.00402	20.89999999999999
inclusion	K	cassette	ADGRL1	chr19:14152133-14152150	-	0.982	0.982	0.982	0.982	0.761	0.761	0.761	14.54	0.00404	-22.10000000000001
inclusion	K	cassette	KDM6A	chrX:45062647-45062748	+	0.539	0.539	0.539	0.539	0.203	0.203	0.203	14.52	0.00408	-33.60000000000001
inclusion	N	alternative_first_exon	AP005263.1	chr18:9102798-9117837,chr18:9103434-9117837	+	0.931	0.931	0.931	0.931	0.987	0.987	0.987	14.47	0.00416	5.599999999999994
inclusion	N	cassette	HNRNPA1	chr12:54283079-54283234	+	0.078	0.078	0.078	0.078	0.047	0.047	0.047	14.47	0.00417	-3.0999999999999996
inclusion	K	alternative_first_exon	USP4	chr3:49278452-49278813	-	0.783	0.783	0.783	0.783	0.913	0.913	0.913	14.46	0.00419	13.0
inclusion	K	alternative_last_exon	THOC3	chr5:175960133-175961050	-	0.999	0.999	0.999	0.999	0.977	0.977	0.977	14.45	0.0042	-2.200000000000003
inclusion	K	intron_retention	ARHGEF18	chr19:7470316-7470536	+	0.747	0.747	0.747	0.747	0.542	0.542	0.542	14.45	0.0042	-20.5
inclusion	N	cassette	GPBP1L1	chr1:45685576-45685620	-	0.552	0.552	0.552	0.552	0.718	0.718	0.718	14.45	0.0042	16.599999999999994
inclusion	N	cassette	TCTN1	chr12:110634670-110634779	+	0.811	0.811	0.811	0.811	0.521	0.521	0.521	14.42	0.00425	-29.000000000000007
inclusion	K	alternative_first_exon	TMEM129	chr4:1717429-1717515	-	0.553	0.553	0.553	0.553	0.771	0.771	0.771	14.4	0.00429	21.800000000000004
inclusion	K	intron_retention	UQCRB	chr8:96231516-96231773	-	0.095	0.095	0.095	0.095	0.267	0.267	0.267	14.36	0.00436	17.200000000000003
inclusion	N	cassette	PLOD2	chr3:146076782-146076895	-	0.939	0.939	0.939	0.939	0.762	0.762	0.762	14.36	0.00436	-17.69999999999999
inclusion	N	alternative_acceptor	RPL17-C18orf32	chr18:49491585-49492457	-	0.73	0.73	0.73	0.73	0.61	0.61	0.61	14.34	0.0044	-12.0
inclusion	N	alternative_last_exon	AC099850.3	chr17:59197790-59209899	+	0.673	0.673	0.673	0.673	0.51	0.51	0.51	14.34	0.0044	-16.30000000000001
inclusion	N	cassette	XPO6	chr16:28177220-28177332	-	0.818	0.818	0.818	0.818	0.913	0.913	0.913	14.32	0.00444	9.5
inclusion	K	alternative_last_exon	SEPTIN8	chr5:132758557-132760801,chr5:132758825-132760801	-	0.86	0.86	0.86	0.86	0.95	0.95	0.95	14.27	0.00454	9.0
inclusion	K	cassette	RBM26	chr13:79353153-79353224	-	0.281	0.281	0.281	0.281	0.078	0.078	0.078	14.25	0.0046	-20.3
inclusion	N	alternative_last_exon	NOL3	chr16:67170575-67174007	+	0.028	0.028	0.028	0.028	0.338	0.338	0.338	14.23	0.00462	31.000000000000004
inclusion	K	alternative_last_exon	RPS3	chr11:75404869-75405613,chr11:75404869-75405582	+	0.988	0.988	0.988	0.988	0.998	0.998	0.998	14.23	0.00464	1.0
inclusion	K	intron_retention	YTHDC2	chr5:113593391-113593481	+	0.055	0.055	0.055	0.055	0.274	0.274	0.274	14.2	0.00468	21.900000000000002
inclusion	N	alternative_acceptor	CAMSAP2	chr1:200844870-200847209	+	0.672	0.672	0.672	0.672	0.884	0.884	0.884	14.2	0.00468	21.200000000000003
inclusion	K	intron_retention	PDGFA	chr7:498575-500430	-	0.555	0.555	0.555	0.555	0.267	0.267	0.267	14.18	0.00472	-28.800000000000004
inclusion	K	alternative_acceptor	RPL17	chr18:49491834-49492257	-	0.542	0.542	0.542	0.542	0.739	0.739	0.739	14.17	0.00475	19.700000000000003
inclusion	K	cassette	SMYD2	chr1:214305187-214305250	+	0.908	0.908	0.908	0.908	0.989	0.989	0.989	14.17	0.00475	8.100000000000009
inclusion	N	cassette	MRPS28	chr8:80028695-80028796	-	0.114	0.114	0.114	0.114	0.034	0.034	0.034	14.17	0.00475	-8.0
inclusion	N	alternative_acceptor	PPP1R12C	chr19:55096336-55098783	-	0.82	0.82	0.82	0.82	0.979	0.979	0.979	14.16	0.00476	15.899999999999991
inclusion	K	alternative_last_exon	DST	chr6:56609345-56610426	-	0.43	0.43	0.43	0.43	0.12	0.12	0.12	14.15	0.00476	-31.0
inclusion	N	intron_retention	LINC01184	chr5:128082192-128082969	-	0.804	0.804	0.804	0.804	0.987	0.987	0.987	14.15	0.00476	18.299999999999997
inclusion	K	alternative_donor	ZFAND1	chr8:81718225-81721226	-	0.362	0.362	0.362	0.362	0.628	0.628	0.628	14.15	0.00476	26.6
inclusion	K	alternative_last_exon	DMKN	chr19:35497682-35498715	-	0.107	0.107	0.107	0.107	0.041	0.041	0.041	14.14	0.00477	-6.599999999999999
inclusion	N	alternative_last_exon	RAB34	chr17:28716995-28717212	-	0.609	0.609	0.609	0.609	0.795	0.795	0.795	14.14	0.00477	18.6
inclusion	K	cassette	RPN2	chr20:37238402-37238449	+	0.008	0.008	0.008	0.008	0.035	0.035	0.035	14.13	0.00479	2.7
inclusion	K	cassette	DENND1A	chr9:123450693-123450749	-	0.957	0.957	0.957	0.957	0.743	0.743	0.743	14.11	0.00483	-21.400000000000006
inclusion	N	alternative_acceptor	RNF126	chr19:649053-649678	-	0.105	0.105	0.105	0.105	0.035	0.035	0.035	14.1	0.00484	-7.0
inclusion	N	alternative_donor	TAF15	chr17:35824100-35833906	+	0.039	0.039	0.039	0.039	0.126	0.126	0.126	14.09	0.00487	8.7
inclusion	K	intron_retention	SOD2	chr6:159679299-159682473	-	0.646	0.646	0.646	0.646	0.845	0.845	0.845	14.08	0.00488	19.89999999999999
inclusion	N	alternative_acceptor	RPL17	chr18:49491834-49492457	-	0.268	0.268	0.268	0.268	0.388	0.388	0.388	14.08	0.00488	12.000000000000004
inclusion	N	alternative_acceptor	ZNF496	chr1:247329569-247329965	-	0.031	0.031	0.031	0.031	0.209	0.209	0.209	14.08	0.00488	17.799999999999997
inclusion	N	alternative_acceptor	EDF1	chr9:136862346-136862905	-	0.707	0.707	0.707	0.707	0.914	0.914	0.914	14.07	0.00488	20.700000000000003
inclusion	N	cassette	SLC35B1	chr17:49701830-49701922	-	0.037	0.037	0.037	0.037	0.002	0.002	0.002	14.06	0.0049	-3.4999999999999996
inclusion	K	cassette	METTL22	chr16:8635039-8635079	+	0.627	0.627	0.627	0.627	0.824	0.824	0.824	14.04	0.00496	19.69999999999999
inclusion	N	cassette	UFD1	chr22:19475068-19475100	-	0.791	0.791	0.791	0.791	0.905	0.905	0.905	14.04	0.00496	11.399999999999991
inclusion	N	alternative_donor	DKK3	chr11:11998780-12001436	-	0.026	0.026	0.026	0.026	0.077	0.077	0.077	14.03	0.00497	5.1
inclusion	N	cassette	POLR2D	chr2:127850590-127850685	-	0.824	0.824	0.824	0.824	0.955	0.955	0.955	14.03	0.00497	13.100000000000009
inclusion	K	intron_retention	ALKBH2	chr12:109092788-109093246	-	0.631	0.631	0.631	0.631	0.388	0.388	0.388	14.02	0.00498	-24.299999999999997
inclusion	K	intron_retention	TASOR	chr3:56633844-56638705	-	0.525	0.525	0.525	0.525	0.238	0.238	0.238	14.02	0.00498	-28.700000000000003
inclusion	N	cassette	AC068896.3	chr10:124696158-124696212	-	0.6	0.6	0.6	0.6	0.825	0.825	0.825	14.01	0.005	22.5
inclusion	N	cassette	ERP29	chr12:112019756-112019894	+	0.811	0.811	0.811	0.811	0.889	0.889	0.889	14	0.00502	7.799999999999997
inclusion	K	cassette	PRPF3	chr1:150327557-150327652	+	0.081	0.081	0.081	0.081	0.013	0.013	0.013	13.99	0.00503	-6.8
inclusion	K	alternative_last_exon	YEATS2	chr3:183790981-183793115	+	0.081	0.081	0.081	0.081	0.194	0.194	0.194	13.98	0.00505	11.300000000000002
inclusion	K	alternative_acceptor	METTL17	chr14:20990599-20992091	+	0.113	0.113	0.113	0.113	0.041	0.041	0.041	13.97	0.00506	-7.2
inclusion	K	alternative_last_exon	HPS1	chr10:98442958-98443123	-	0.348	0.348	0.348	0.348	0.534	0.534	0.534	13.97	0.00506	18.60000000000001
inclusion	N	cassette	COL27A1	chr9:114250615-114250668	+	0.879	0.879	0.879	0.879	0.513	0.513	0.513	13.95	0.00511	-36.6
inclusion	N	cassette	ATG13	chr11:46630045-46630100	+	0.645	0.645	0.645	0.645	0.791	0.791	0.791	13.94	0.00514	14.600000000000009
inclusion	K	alternative_acceptor	PLPPR2	chr19:11357740-11359531	+	0.642	0.642	0.642	0.642	0.447	0.447	0.447	13.88	0.0053	-19.5
inclusion	N	alternative_acceptor	PRSS12	chr4:118282244-118282830	-	0.984	0.984	0.984	0.984	0.809	0.809	0.809	13.86	0.00533	-17.5
inclusion	N	cassette	SLC20A1	chr2:112657122-112657241	+	0.996	0.996	0.996	0.996	0.962	0.962	0.962	13.86	0.00534	-3.3999999999999915
inclusion	K	cassette	RBMS1	chr2:160282257-160282304	-	0.268	0.268	0.268	0.268	0.14	0.14	0.14	13.85	0.00536	-12.799999999999999
inclusion	K	alternative_first_exon	PLA2G6	chr22:38126450-38128268	-	0.125	0.125	0.125	0.125	0.461	0.461	0.461	13.83	0.00539	33.6
inclusion	N	cassette	GAS6	chr13:113848026-113848050	-	0.959	0.959	0.959	0.959	0.998	0.998	0.998	13.82	0.00541	3.9000000000000057
inclusion	N	cassette	CBX7	chr22:39138636-39138702	-	0.714	0.714	0.714	0.714	0.978	0.978	0.978	13.81	0.00545	26.400000000000006
inclusion	K	intron_retention	DAB2IP	chr9:121782402-121783535	+	0.708	0.708	0.708	0.708	0.572	0.572	0.572	13.77	0.00555	-13.600000000000001
inclusion	K	cassette	BZW2	chr7:16685924-16686040	+	0.941	0.941	0.941	0.941	0.996	0.996	0.996	13.77	0.00555	5.5
inclusion	N	alternative_last_exon	TMEM14B	chr6:10755233-10756466	+	0.941	0.941	0.941	0.941	0.988	0.988	0.988	13.76	0.00556	4.700000000000003
inclusion	N	alternative_first_exon	EPG5	chr18:45916583-45917678	-	0.891	0.891	0.891	0.891	0.578	0.578	0.578	13.75	0.00559	-31.299999999999997
inclusion	K	cassette	AKIP1	chr11:8912453-8912533	+	0.495	0.495	0.495	0.495	0.364	0.364	0.364	13.74	0.0056	-13.100000000000001
inclusion	K	alternative_first_exon	RCC1	chr1:28518309-28529857	+	0.25	0.25	0.25	0.25	0.415	0.415	0.415	13.73	0.00563	16.5
inclusion	N	cassette	SLC25A26	chr3:66236544-66236700	+	0.323	0.323	0.323	0.323	0.546	0.546	0.546	13.71	0.00568	22.299999999999997
inclusion	K	alternative_donor	RPL14	chr3:40457364-40457889	+	0.815	0.815	0.815	0.815	0.896	0.896	0.896	13.7	0.0057	8.100000000000009
inclusion	K	alternative_last_exon	CCND3	chr6:41936696-41937234	-	0.906	0.906	0.906	0.906	0.993	0.993	0.993	13.69	0.00573	8.699999999999989
inclusion	N	cassette	CDCP1	chr3:45118412-45118621	-	0.974	0.974	0.974	0.974	0.998	0.998	0.998	13.67	0.00577	2.4000000000000057
inclusion	N	cassette	KHDRBS3	chr8:135645059-135645117	+	0.947	0.947	0.947	0.947	0.996	0.996	0.996	13.64	0.00588	4.900000000000006
inclusion	N	cassette	CALU	chr7:128754262-128754455	+	0.755	0.755	0.755	0.755	0.858	0.858	0.858	13.63	0.00588	10.299999999999997
inclusion	K	alternative_last_exon	PCM1	chr8:17980756-17983232	+	0.021	0.021	0.021	0.021	0.257	0.257	0.257	13.63	0.00589	23.599999999999998
inclusion	N	cassette	PPP2R2D	chr10:131934458-131934555	+	0.734	0.734	0.734	0.734	0.896	0.896	0.896	13.61	0.00595	16.200000000000003
inclusion	N	alternative_acceptor	AUP1	chr2:74528322-74528416	-	0.866	0.866	0.866	0.866	0.966	0.966	0.966	13.6	0.00596	10.0
inclusion	K	cassette	PHF21A	chr11:45935121-45935246	-	0.241	0.241	0.241	0.241	0.109	0.109	0.109	13.59	0.00597	-13.199999999999998
inclusion	K	intron_retention	MAN2B1	chr19:12655880-12656570	-	0.024	0.024	0.024	0.024	0.088	0.088	0.088	13.59	0.00597	6.399999999999999
inclusion	K	intron_retention	GSS	chr20:34928952-34929400	-	0.101	0.101	0.101	0.101	0.178	0.178	0.178	13.57	0.00603	7.699999999999999
inclusion	K	coord_cassette	DONSON	chr21:33582165-33582246	-	0.943	0.943	0.943	0.943	0.632	0.632	0.632	13.55	0.00608	-31.099999999999994
inclusion	K	alternative_last_exon	COPS7B	chr2:231788733-231791732	+	0.88	0.88	0.88	0.88	0.983	0.983	0.983	13.53	0.00614	10.299999999999997
inclusion	K	cassette	PPHLN1	chr12:42332660-42332702	+	0.251	0.251	0.251	0.251	0.43	0.43	0.43	13.49	0.00626	17.9
inclusion	N	cassette	WDR82	chr3:52270712-52270809	-	0.943	0.943	0.943	0.943	0.994	0.994	0.994	13.49	0.00626	5.1000000000000085
inclusion	N	cassette	KMT5C	chr19:55343978-55343997	+	0.905	0.905	0.905	0.905	0.677	0.677	0.677	13.48	0.00629	-22.799999999999997
inclusion	K	alternative_donor	KLC4	chr6:43060606-43061310	+	0.442	0.442	0.442	0.442	0.831	0.831	0.831	13.47	0.00632	38.89999999999999
inclusion	K	intron_retention	RAB34	chr17:28717292-28718121	-	0.783	0.783	0.783	0.783	0.617	0.617	0.617	13.46	0.00632	-16.599999999999994
inclusion	N	cassette	TBC1D14	chr4:7006632-7006726	+	0.894	0.894	0.894	0.894	0.979	0.979	0.979	13.47	0.00632	8.499999999999986
inclusion	K	intron_retention	CANT1	chr17:78997645-78997839	-	0.32	0.32	0.32	0.32	0.171	0.171	0.171	13.46	0.00632	-14.899999999999999
inclusion	N	cassette	FBXW11	chr5:171996890-171997051	-	0.134	0.134	0.134	0.134	0.28	0.28	0.28	13.43	0.00643	14.600000000000003
inclusion	K	alternative_acceptor	SART3	chr12:108544533-108545138	-	0.137	0.137	0.137	0.137	0.041	0.041	0.041	13.42	0.00643	-9.600000000000001
inclusion	K	intron_retention	TBCE	chr1:235448441-235448669	+	0.336	0.336	0.336	0.336	0.196	0.196	0.196	13.42	0.00643	-14.0
inclusion	N	intron_retention	MFSD10	chr4:2930877-2931060	-	0.923	0.923	0.923	0.923	0.99	0.99	0.99	13.41	0.00645	6.699999999999989
inclusion	N	coord_cassette	ARFGEF2	chr20:48941199-48941229	+	0.614	0.614	0.614	0.614	0.963	0.963	0.963	13.41	0.00646	34.9
inclusion	K	alternative_last_exon	SIN3B	chr19:16862560-16862883	+	0.372	0.372	0.372	0.372	0.148	0.148	0.148	13.4	0.00648	-22.400000000000006
inclusion	N	cassette	ZNF185	chrX:152928575-152928661	+	0.609	0.609	0.609	0.609	0.754	0.754	0.754	13.38	0.00651	14.500000000000007
inclusion	N	intron_retention	MIR205HG	chr1:209431826-209431946	+	0.189	0.189	0.189	0.189	0.376	0.376	0.376	13.38	0.00651	18.700000000000003
inclusion	K	cassette	LRRC42	chr1:53947788-53947821	+	0.283	0.283	0.283	0.283	0.443	0.443	0.443	13.38	0.00653	16.0
inclusion	N	alternative_donor	SRSF8	chr11:95068559-95068654	+	0.5	0.5	0.5	0.5	0.715	0.715	0.715	13.36	0.00656	21.5
inclusion	N	alternative_last_exon	MTERF3	chr8:96258701-96261500	-	0.962	0.962	0.962	0.962	0.706	0.706	0.706	13.35	0.00661	-25.60000000000001
inclusion	N	cassette	GPR161	chr1:168114456-168114549	-	0.293	0.293	0.293	0.293	0.491	0.491	0.491	13.34	0.00661	19.800000000000004
inclusion	N	cassette	ITGB4	chr17:75739672-75739705	+	0.977	0.977	0.977	0.977	0.949	0.949	0.949	13.34	0.00661	-2.8000000000000114
inclusion	N	alternative_acceptor	PFN2	chr3:149966265-149968357	-	0.832	0.832	0.832	0.832	0.581	0.581	0.581	13.32	0.00667	-25.10000000000001
inclusion	N	cassette	IDS	chrX:149491538-149491667	-	0.013	0.013	0.013	0.013	0.064	0.064	0.064	13.32	0.00668	5.1000000000000005
inclusion	K	cassette	ZNHIT1	chr7:101218319-101218485	+	0.059	0.059	0.059	0.059	0.016	0.016	0.016	13.31	0.00671	-4.299999999999999
inclusion	N	cassette	EI24	chr11:125570104-125570190	+	0.032	0.032	0.032	0.032	0.096	0.096	0.096	13.29	0.00676	6.3999999999999995
inclusion	N	cassette	APBB2	chr4:41100639-41100750	-	0.968	0.968	0.968	0.968	0.866	0.866	0.866	13.28	0.00679	-10.200000000000003
inclusion	K	intron_retention	WDR83	chr19:12669894-12669976	+	0.164	0.164	0.164	0.164	0.048	0.048	0.048	13.26	0.00685	-11.600000000000001
inclusion	K	cassette	SUGT1	chr13:52661475-52661570	+	0.352	0.352	0.352	0.352	0.186	0.186	0.186	13.25	0.00688	-16.599999999999994
inclusion	N	alternative_first_exon	URGCP-MRPS24	chr7:43887486-43906561	-	0.175	0.175	0.175	0.175	0.413	0.413	0.413	13.21	0.00702	23.799999999999997
inclusion	K	alternative_first_exon	PBX3	chr9:125915928-125929654	+	0.842	0.842	0.842	0.842	0.961	0.961	0.961	13.2	0.00706	11.899999999999991
inclusion	K	alternative_first_exon	KPTN	chr19:47475545-47476114	-	0.026	0.026	0.026	0.026	0.207	0.207	0.207	13.17	0.00714	18.099999999999998
inclusion	N	alternative_last_exon	NME1	chr17:51161273-51161727	+	0.918	0.918	0.918	0.918	0.967	0.967	0.967	13.16	0.00718	4.900000000000006
inclusion	K	alternative_acceptor	NMT2	chr10:15109216-15109701	-	0.571	0.571	0.571	0.571	0.841	0.841	0.841	13.15	0.00719	27.0
inclusion	K	cassette	BABAM2	chr2:27892383-27892448	+	0.107	0.107	0.107	0.107	0.025	0.025	0.025	13.15	0.00719	-8.2
inclusion	K	cassette	BRCC3	chrX:155099315-155099389	+	0.177	0.177	0.177	0.177	0.478	0.478	0.478	13.15	0.00719	30.099999999999998
inclusion	K	intron_retention	C19orf54	chr19:40741865-40742072	-	0.863	0.863	0.863	0.863	0.989	0.989	0.989	13.15	0.00719	12.600000000000009
inclusion	K	alternative_last_exon	DERL2	chr17:5478000-5480053	-	0.257	0.257	0.257	0.257	0.081	0.081	0.081	13.14	0.00722	-17.6
inclusion	K	cassette	TBX3	chr12:114679913-114679972	-	0.358	0.358	0.358	0.358	0.676	0.676	0.676	13.13	0.00725	31.80000000000001
inclusion	K	alternative_acceptor	SLC19A1	chr21:45516141-45525816	-	0.815	0.815	0.815	0.815	0.975	0.975	0.975	13.12	0.00729	16.0
inclusion	K	cassette	TMEM62	chr15:43178607-43178711	+	0.791	0.791	0.791	0.791	0.498	0.498	0.498	13.11	0.0073	-29.30000000000001
inclusion	K	alternative_last_exon	TMBIM4	chr12:66161173-66169854	-	0.149	0.149	0.149	0.149	0.292	0.292	0.292	13.11	0.0073	14.3
inclusion	N	alternative_first_exon	RAB38	chr11:88149956-88175182	-	0.996	0.996	0.996	0.996	0.971	0.971	0.971	13.1	0.00732	-2.5
inclusion	K	cassette	FLYWCH2	chr16:2895220-2895320	+	0.891	0.891	0.891	0.891	0.983	0.983	0.983	13.09	0.00733	9.200000000000003
inclusion	N	cassette	ZC3HC1	chr7:130048974-130049144	-	0.73	0.73	0.73	0.73	0.935	0.935	0.935	13.09	0.00733	20.5
inclusion	N	alternative_acceptor	INPPL1	chr11:72228499-72228726	+	0.923	0.923	0.923	0.923	0.995	0.995	0.995	13.07	0.00741	7.199999999999989
inclusion	K	cassette	GPATCH8	chr17:44467097-44467114	-	0.117	0.117	0.117	0.117	0.016	0.016	0.016	13.07	0.00741	-10.100000000000001
inclusion	N	intron_retention	RNF167	chr17:4940231-4940922	+	0.947	0.947	0.947	0.947	0.789	0.789	0.789	13.05	0.00748	-15.799999999999983
inclusion	K	cassette	DONSON	chr21:33582165-33582246	-	0.931	0.931	0.931	0.931	0.584	0.584	0.584	13.03	0.00752	-34.70000000000001
inclusion	N	cassette	NUDT2	chr9:34336229-34336341	+	0.318	0.318	0.318	0.318	0.107	0.107	0.107	13.03	0.00752	-21.1
inclusion	K	cassette	HERC3	chr4:88676218-88676241	+	0.627	0.627	0.627	0.627	0.86	0.86	0.86	12.98	0.00771	23.299999999999997
inclusion	N	alternative_acceptor	LDOC1	chrX:141176409-141176892	-	0.235	0.235	0.235	0.235	0.467	0.467	0.467	12.97	0.00775	23.200000000000003
inclusion	N	alternative_last_exon	MACF1	chr1:39327354-39331202	+	0.136	0.136	0.136	0.136	0.022	0.022	0.022	12.97	0.00776	-11.400000000000002
inclusion	N	cassette	DPH7	chr9:137575709-137575892	-	0.55	0.55	0.55	0.55	0.225	0.225	0.225	12.96	0.00777	-32.50000000000001
inclusion	N	alternative_last_exon	DDX59	chr1:200650677-200659026	-	0.962	0.962	0.962	0.962	0.742	0.742	0.742	12.95	0.00781	-22.0
inclusion	K	intron_retention	PINK1	chr1:20649232-20650433	+	0.079	0.079	0.079	0.079	0.032	0.032	0.032	12.93	0.00787	-4.7
inclusion	N	alternative_acceptor	KDM1A	chr1:23082367-23082449	+	0.052	0.052	0.052	0.052	0.109	0.109	0.109	12.93	0.00789	5.7
inclusion	K	intron_retention	UBR4	chr1:19104667-19105047	-	0.044	0.044	0.044	0.044	0.003	0.003	0.003	12.92	0.00791	-4.1
inclusion	K	cassette	ZNF385A	chr12:54371473-54371642	-	0.958	0.958	0.958	0.958	0.997	0.997	0.997	12.9	0.00796	3.9000000000000057
inclusion	K	alternative_first_exon	PLSCR3	chr17:7394268-7394476	-	0.799	0.799	0.799	0.799	0.983	0.983	0.983	12.9	0.00798	18.39999999999999
inclusion	K	alternative_first_exon	SAP30L	chr5:154452496-154453401,chr5:154452500-154453401	+	0.437	0.437	0.437	0.437	0.61	0.61	0.61	12.9	0.00798	17.299999999999997
inclusion	K	cassette	SH3TC1	chr4:8216957-8217167	+	0.967	0.967	0.967	0.967	0.998	0.998	0.998	12.86	0.0081	3.0999999999999943
inclusion	N	alternative_first_exon	SLC20A2	chr8:42472655-42501186,chr8:42472655-42501030	-	0.748	0.748	0.748	0.748	0.886	0.886	0.886	12.86	0.0081	13.799999999999997
inclusion	N	cassette	NCOA6	chr20:34758805-34758933	-	0.982	0.982	0.982	0.982	0.881	0.881	0.881	12.86	0.0081	-10.100000000000009
inclusion	K	intron_retention	INPPL1	chr11:72228499-72228726	+	0.113	0.113	0.113	0.113	0.016	0.016	0.016	12.86	0.00811	-9.700000000000001
inclusion	K	alternative_first_exon	CCT2	chr12:69586010-69586269	+	0.039	0.039	0.039	0.039	0.003	0.003	0.003	12.85	0.00813	-3.6
inclusion	K	intron_retention	MAX	chr14:65076664-65077327	-	0.294	0.294	0.294	0.294	0.624	0.624	0.624	12.83	0.00818	33.0
inclusion	K	cassette	OPA1	chr3:193617178-193617285	+	0.781	0.781	0.781	0.781	0.964	0.964	0.964	12.82	0.00822	18.299999999999983
inclusion	K	intron_retention	RETREG2	chr2:219182309-219182413	+	0.871	0.871	0.871	0.871	0.945	0.945	0.945	12.82	0.00823	7.400000000000006
inclusion	K	alternative_last_exon	ADD3	chr10:110130487-110132304	+	0.088	0.088	0.088	0.088	0.279	0.279	0.279	12.82	0.00823	19.1
inclusion	K	intron_retention	METRN	chr16:716993-717070	+	0.271	0.271	0.271	0.271	0.141	0.141	0.141	12.81	0.00824	-13.000000000000004
inclusion	N	cassette	EPB41L1	chr20:36218876-36218962	+	0.892	0.892	0.892	0.892	0.982	0.982	0.982	12.81	0.00825	9.0
inclusion	K	alternative_last_exon	PRKX	chrX:3611335-3612176	-	0.637	0.637	0.637	0.637	0.435	0.435	0.435	12.79	0.0083	-20.200000000000003
inclusion	N	cassette	THUMPD3	chr3:9377819-9377888	+	0.968	0.968	0.968	0.968	0.788	0.788	0.788	12.77	0.00838	-18.0
inclusion	N	alternative_acceptor	LAMC2	chr1:183238422-183239363	+	0.988	0.988	0.988	0.988	0.846	0.846	0.846	12.77	0.00839	-14.200000000000003
inclusion	K	cassette	RFC5	chr12:118017690-118017815	+	0.343	0.343	0.343	0.343	0.087	0.087	0.087	12.76	0.0084	-25.600000000000005
inclusion	K	alternative_acceptor	USF2	chr19:35269700-35269802	+	0.837	0.837	0.837	0.837	0.7	0.7	0.7	12.75	0.00846	-13.700000000000003
inclusion	N	alternative_acceptor	SSBP2	chr5:81467066-81473699	-	0.088	0.088	0.088	0.088	0.011	0.011	0.011	12.73	0.00851	-7.699999999999999
inclusion	K	alternative_acceptor	NOP2	chr12:6566337-6566528	-	0.575	0.575	0.575	0.575	0.42	0.42	0.42	12.71	0.00861	-15.499999999999993
inclusion	N	cassette	PCED1A	chr20:2836039-2836110	-	0.905	0.905	0.905	0.905	0.993	0.993	0.993	12.71	0.00861	8.799999999999997
inclusion	N	alternative_acceptor	MLST8	chr16:2207346-2208209	+	0.94	0.94	0.94	0.94	0.836	0.836	0.836	12.7	0.00864	-10.400000000000006
inclusion	N	intron_retention	KHNYN	chr14:24430624-24430713	+	0.914	0.914	0.914	0.914	0.722	0.722	0.722	12.7	0.00864	-19.200000000000003
inclusion	N	alternative_first_exon	MTERF3	chr8:96257115-96258356	-	0.961	0.961	0.961	0.961	0.728	0.728	0.728	12.69	0.00867	-23.299999999999997
inclusion	N	alternative_donor	TINAGL1	chr1:31585877-31586709	+	0.863	0.863	0.863	0.863	0.932	0.932	0.932	12.68	0.0087	6.900000000000006
inclusion	K	coord_cassette	ZC3HC1	chr7:130043628-130043880	-	0.643	0.643	0.643	0.643	0.904	0.904	0.904	12.67	0.00873	26.10000000000001
inclusion	N	alternative_first_exon	HAUS4	chr14:22955177-22956923,chr14:22955177-22956915,chr14:22955177-22956745	-	0.873	0.873	0.873	0.873	0.951	0.951	0.951	12.66	0.00875	7.799999999999997
inclusion	K	intron_retention	RPL28	chr19:55386694-55387929	+	0.003	0.003	0.003	0.003	0.001	0.001	0.001	12.65	0.00879	-0.19999999999999998
inclusion	N	alternative_last_exon	SYS1-DBNDD2	chr20:45365687-45408459	+	0.044	0.044	0.044	0.044	0.003	0.003	0.003	12.64	0.00885	-4.1
inclusion	N	cassette	MTA3	chr2:42640173-42640236	+	0.963	0.963	0.963	0.963	0.998	0.998	0.998	12.64	0.00885	3.5
inclusion	N	alternative_last_exon	SYS1	chr20:45365687-45366874	+	0.956	0.956	0.956	0.956	0.997	0.997	0.997	12.63	0.00887	4.1000000000000085
inclusion	K	intron_retention	USP39	chr2:85648854-85649016	+	0.755	0.755	0.755	0.755	0.879	0.879	0.879	12.62	0.00889	12.400000000000006
inclusion	N	alternative_acceptor	DAB2IP	chr9:121782402-121783284	+	0.601	0.601	0.601	0.601	0.459	0.459	0.459	12.62	0.0089	-14.199999999999996
inclusion	K	alternative_first_exon	PPP1R7	chr2:241153605-241157806	+	0.908	0.908	0.908	0.908	0.975	0.975	0.975	12.61	0.0089	6.700000000000003
inclusion	K	alternative_first_exon	SRPK2	chr7:105203786-105268805	-	0.275	0.275	0.275	0.275	0.466	0.466	0.466	12.61	0.0089	19.099999999999998
inclusion	N	alternative_acceptor	AC026464.4	chr16:69320770-69321050	+	0.912	0.912	0.912	0.912	0.987	0.987	0.987	12.6	0.0089	7.5
inclusion	N	alternative_acceptor	VPS4A	chr16:69320770-69321088	+	0.088	0.088	0.088	0.088	0.013	0.013	0.013	12.6	0.0089	-7.499999999999999
inclusion	N	cassette	STARD3NL	chr7:38179090-38179145	+	0.077	0.077	0.077	0.077	0.205	0.205	0.205	12.61	0.0089	12.8
inclusion	N	cassette	VEGFC	chr4:176711499-176711650	-	0.946	0.946	0.946	0.946	0.867	0.867	0.867	12.61	0.0089	-7.8999999999999915
inclusion	N	intron_retention	RPL28	chr19:55386664-55387929	+	0.789	0.789	0.789	0.789	0.527	0.527	0.527	12.6	0.0089	-26.200000000000003
inclusion	N	intron_retention	TNFRSF6B	chr20:63697192-63698279	+	0.688	0.688	0.688	0.688	0.925	0.925	0.925	12.6	0.0089	23.700000000000003
inclusion	K	cassette	SMARCC2	chr12:56164303-56164368	-	0.646	0.646	0.646	0.646	0.84	0.84	0.84	12.59	0.00894	19.39999999999999
inclusion	N	cassette	SSBP3	chr1:54258069-54258149	-	0.091	0.091	0.091	0.091	0.206	0.206	0.206	12.56	0.00906	11.499999999999998
inclusion	K	cassette	MAP3K3	chr17:63634709-63634801	+	0.205	0.205	0.205	0.205	0.404	0.404	0.404	12.55	0.00908	19.900000000000006
inclusion	K	cassette	PDCD4	chr10:110894412-110894522	+	0.997	0.997	0.997	0.997	0.956	0.956	0.956	12.55	0.00908	-4.1000000000000085
inclusion	K	intron_retention	TSSC4	chr11:2402653-2402844	+	0.898	0.898	0.898	0.898	0.732	0.732	0.732	12.55	0.00908	-16.599999999999994
inclusion	N	alternative_last_exon	PHYKPL	chr5:178222493-178222851,chr5:178222546-178222851,chr5:178222581-178222851	-	0.7	0.7	0.7	0.7	0.877	0.877	0.877	12.55	0.0091	17.700000000000003
inclusion	N	alternative_last_exon	nogene	chr17:7553061-7588177	.	0.404	0.404	0.404	0.404	0.136	0.136	0.136	12.54	0.00912	-26.800000000000004
inclusion	N	cassette	WASHC3	chr12:102050518-102050639	-	0.077	0.077	0.077	0.077	0.012	0.012	0.012	12.54	0.00912	-6.5
inclusion	K	intron_retention	CTNND1	chr11:57762047-57795576	+	0.366	0.366	0.366	0.366	0.555	0.555	0.555	12.53	0.00914	18.900000000000006
inclusion	K	alternative_first_exon	SLAIN2	chr4:48394654-48420124	+	0.74	0.74	0.74	0.74	0.883	0.883	0.883	12.52	0.00919	14.299999999999997
inclusion	N	cassette	SLBP	chr4:1703596-1703700	-	0.915	0.915	0.915	0.915	0.981	0.981	0.981	12.51	0.00923	6.599999999999994
inclusion	N	cassette	SLC35D2	chr9:96343904-96343996	-	0.78	0.78	0.78	0.78	0.929	0.929	0.929	12.5	0.00925	14.900000000000006
inclusion	N	alternative_last_exon	ARMC9	chr2:231370126-231371512	+	0.676	0.676	0.676	0.676	0.947	0.947	0.947	12.5	0.00925	27.09999999999998
inclusion	N	alternative_acceptor	AL132800.1	chr14:24443142-24444283	+	0.441	0.441	0.441	0.441	0.8	0.8	0.8	12.49	0.00929	35.9
inclusion	K	alternative_last_exon	EVC	chr4:5798793-5801749	+	0.245	0.245	0.245	0.245	0.067	0.067	0.067	12.48	0.00933	-17.8
inclusion	K	intron_retention	PDHB	chr3:58433685-58433767	-	0.038	0.038	0.038	0.038	0.002	0.002	0.002	12.47	0.00934	-3.5999999999999996
inclusion	K	cassette	PXDN	chr2:1687632-1687703	-	0.624	0.624	0.624	0.624	0.785	0.785	0.785	12.47	0.00936	16.1
inclusion	K	cassette	CLSTN1	chr1:9756481-9756510	-	0.079	0.079	0.079	0.079	0.03	0.03	0.03	12.47	0.00937	-4.9
inclusion	K	intron_retention	RPL14	chr3:40457475-40457889	+	0.127	0.127	0.127	0.127	0.062	0.062	0.062	12.46	0.00939	-6.499999999999999
inclusion	N	alternative_acceptor	MTA1	chr14:105464148-105464462	+	0.352	0.352	0.352	0.352	0.572	0.572	0.572	12.44	0.00948	22.0
inclusion	N	alternative_donor	ITGB4	chr17:75743751-75748954	+	0.162	0.162	0.162	0.162	0.617	0.617	0.617	12.42	0.00954	45.5
inclusion	N	cassette	LARS2	chr3:45391583-45391648	+	0.791	0.791	0.791	0.791	0.938	0.938	0.938	12.42	0.00954	14.699999999999989
inclusion	K	alternative_last_exon	SNRNP35	chr12:123458217-123471091	+	0.399	0.399	0.399	0.399	0.183	0.183	0.183	12.41	0.00958	-21.600000000000005
inclusion	N	cassette	MAOA	chrX:43711872-43711976	+	0.984	0.984	0.984	0.984	0.893	0.893	0.893	12.41	0.00958	-9.100000000000009
inclusion	N	cassette	PDGFA	chr7:500431-500499	-	0.036	0.036	0.036	0.036	0.106	0.106	0.106	12.41	0.00958	7.0
inclusion	K	alternative_acceptor	GMEB1	chr1:28683741-28690073	+	0.242	0.242	0.242	0.242	0.077	0.077	0.077	12.4	0.00962	-16.5
inclusion	K	alternative_first_exon	LIG1	chr19:48161508-48162261	-	0.99	0.99	0.99	0.99	0.876	0.876	0.876	12.39	0.00963	-11.400000000000006
inclusion	K	alternative_first_exon	SIN3B	chr19:16862560-16863679	+	0.683	0.683	0.683	0.683	0.882	0.882	0.882	12.39	0.00964	19.89999999999999
inclusion	K	intron_retention	GATD1	chr11:770904-770992	-	0.139	0.139	0.139	0.139	0.295	0.295	0.295	12.37	0.00972	15.599999999999998
inclusion	N	intron_retention	PTHLH	chr12:27972614-27972709	-	0.878	0.878	0.878	0.878	0.735	0.735	0.735	12.36	0.00975	-14.299999999999997
inclusion	K	alternative_acceptor	KCTD15	chr19:33811553-33811790	+	0.11	0.11	0.11	0.11	0.268	0.268	0.268	12.36	0.00976	15.8
inclusion	N	cassette	DGUOK	chr2:73957125-73957240	+	0.249	0.249	0.249	0.249	0.375	0.375	0.375	12.35	0.00979	12.600000000000001
inclusion	N	cassette	TANC2	chr17:63418307-63418407	+	0.906	0.906	0.906	0.906	0.976	0.976	0.976	12.35	0.00982	6.999999999999986
inclusion	N	alternative_acceptor	UBE2G2	chr21:44776146-44777298	-	0.276	0.276	0.276	0.276	0.106	0.106	0.106	12.34	0.00983	-17.0
inclusion	K	alternative_acceptor	TRIM52	chr5:181256860-181260000	-	0.064	0.064	0.064	0.064	0.459	0.459	0.459	12.33	0.00985	39.5
inclusion	K	alternative_first_exon	SPEG	chr2:219444060-219444652	+	0.753	0.753	0.753	0.753	0.52	0.52	0.52	12.33	0.00985	-23.299999999999997
inclusion	N	cassette	YIPF1	chr1:53889244-53889463	-	0.539	0.539	0.539	0.539	0.706	0.706	0.706	12.33	0.00985	16.69999999999999
inclusion	K	alternative_last_exon	SRRM1	chr1:24646790-24647078	+	0.159	0.159	0.159	0.159	0.045	0.045	0.045	12.32	0.00985	-11.4
inclusion	K	alternative_last_exon	ZRANB2	chr1:71065753-71066775	-	0.616	0.616	0.616	0.616	0.792	0.792	0.792	12.32	0.00985	17.6
inclusion	K	cassette	GGPS1	chr1:235335242-235335334	+	0.862	0.862	0.862	0.862	0.958	0.958	0.958	12.32	0.00985	9.599999999999994
inclusion	N	alternative_last_exon	TMC6	chr17:78121712-78122604	-	0.807	0.807	0.807	0.807	0.949	0.949	0.949	12.32	0.00985	14.199999999999989
inclusion	N	cassette	SNX17	chr2:27373040-27373113	+	0.045	0.045	0.045	0.045	0.012	0.012	0.012	12.33	0.00985	-3.3
inclusion	N	cassette	TMEM159	chr16:21178797-21178932	+	0.063	0.063	0.063	0.063	0.017	0.017	0.017	12.32	0.00985	-4.6
inclusion	N	cassette	SLC25A26	chr3:66362860-66362929	+	0.873	0.873	0.873	0.873	0.974	0.974	0.974	12.3	0.00994	10.099999999999994
inclusion	K	intron_retention	RACK1	chr5:181237320-181237608	-	0.304	0.304	0.304	0.304	0.155	0.155	0.155	12.28	0.01	-14.899999999999999
inclusion	N	cassette	THUMPD2	chr2:39755295-39755409	-	0.956	0.956	0.956	0.956	0.705	0.705	0.705	12.28	0.01	-25.099999999999994
inclusion	N	cassette	UBAP2	chr9:33963726-33963791	-	0.946	0.946	0.946	0.946	0.996	0.996	0.996	12.27	0.0101	5.0
inclusion	K	intron_retention	TFPI2	chr7:93887356-93889034	-	0.675	0.675	0.675	0.675	0.55	0.55	0.55	12.25	0.0101	-12.499999999999993
inclusion	N	alternative_acceptor	CUL5	chr11:108098530-108104189	+	0.668	0.668	0.668	0.668	0.388	0.388	0.388	12.25	0.0101	-27.999999999999993
inclusion	N	cassette	DENND5A	chr11:9140189-9140248	-	0.024	0.024	0.024	0.024	0.13	0.13	0.13	12.25	0.0101	10.6
inclusion	K	intron_retention	FANCA	chr16:89739290-89739477	-	0.517	0.517	0.517	0.517	0.298	0.298	0.298	12.24	0.0101	-21.900000000000006
inclusion	K	intron_retention	TSPAN17	chr5:176656957-176657517	+	0.224	0.224	0.224	0.224	0.358	0.358	0.358	12.24	0.0102	13.399999999999995
inclusion	N	alternative_donor	SOX15	chr17:7589739-7589850	-	0.991	0.991	0.991	0.991	0.903	0.903	0.903	12.22	0.0103	-8.799999999999997
inclusion	K	alternative_last_exon	HSPG2	chr1:21837007-21838824	-	0.979	0.979	0.979	0.979	0.925	0.925	0.925	12.21	0.0103	-5.3999999999999915
inclusion	K	intron_retention	MTURN	chr7:30157596-30158985	+	0.642	0.642	0.642	0.642	0.448	0.448	0.448	12.21	0.0103	-19.4
inclusion	N	alternative_acceptor	CLK3	chr15:74620226-74622493	+	0.028	0.028	0.028	0.028	0.171	0.171	0.171	12.21	0.0103	14.3
inclusion	N	cassette	KANSL3	chr2:96615492-96615544	-	0.297	0.297	0.297	0.297	0.106	0.106	0.106	12.19	0.0103	-19.1
inclusion	N	intron_retention	TM9SF4	chr20:32161366-32166972	+	0.992	0.992	0.992	0.992	0.939	0.939	0.939	12.19	0.0103	-5.300000000000011
inclusion	K	intron_retention	RARG	chr12:53231236-53231390	-	0.596	0.596	0.596	0.596	0.311	0.311	0.311	12.18	0.0104	-28.499999999999993
inclusion	K	coord_cassette	ZNF720	chr16:31722626-31722752	+	0.823	0.823	0.823	0.823	0.973	0.973	0.973	12.14	0.0106	15.0
inclusion	K	intron_retention	B4GALNT4	chr11:375774-375846	+	0.086	0.086	0.086	0.086	0.013	0.013	0.013	12.14	0.0106	-7.3
inclusion	K	alternative_last_exon	MAGOHB	chr12:10609384-10609830	-	0.235	0.235	0.235	0.235	0.066	0.066	0.066	12.14	0.0106	-16.9
inclusion	N	cassette	P4HA2	chr5:132198206-132198271	-	0.977	0.977	0.977	0.977	0.915	0.915	0.915	12.12	0.0107	-6.200000000000003
inclusion	N	cassette	PGAP2	chr11:3822909-3822993	+	0.094	0.094	0.094	0.094	0.221	0.221	0.221	12.11	0.0108	12.700000000000001
inclusion	K	alternative_first_exon	ZMYND8	chr20:47347927-47356656	-	0.133	0.133	0.133	0.133	0.293	0.293	0.293	12.09	0.0108	15.999999999999996
inclusion	K	cassette	ARFGAP2	chr11:47172710-47172751	-	0.485	0.485	0.485	0.485	0.664	0.664	0.664	12.09	0.0109	17.900000000000006
inclusion	K	cassette	RAC1	chr7:6398662-6398718	+	0.051	0.051	0.051	0.051	0.017	0.017	0.017	12.08	0.0109	-3.3999999999999995
inclusion	N	cassette	PGAP2	chr11:3823613-3823740	+	0.094	0.094	0.094	0.094	0.31	0.31	0.31	12.07	0.0109	21.6
inclusion	N	alternative_last_exon	ZDHHC16	chr10:97452924-97453617,chr10:97452924-97453529	.	0.767	0.767	0.767	0.767	0.615	0.615	0.615	12.04	0.0111	-15.200000000000003
inclusion	K	cassette	LGALS1	chr22:37678376-37678392	+	0.006	0.006	0.006	0.006	0.003	0.003	0.003	12.04	0.0111	-0.3
inclusion	N	alternative_donor	UBAC1	chr9:135955416-135961028	-	0.069	0.069	0.069	0.069	0.005	0.005	0.005	12.02	0.0112	-6.4
inclusion	N	cassette	STK39	chr2:168065319-168065381	-	0.579	0.579	0.579	0.579	0.441	0.441	0.441	12.02	0.0112	-13.799999999999997
inclusion	K	alternative_acceptor	SERPINB8	chr18:63985246-63986873	+	0.686	0.686	0.686	0.686	0.464	0.464	0.464	12.02	0.0112	-22.200000000000003
inclusion	K	alternative_acceptor	COX18	chr4:73068134-73069316	-	0.282	0.282	0.282	0.282	0.123	0.123	0.123	12.01	0.0112	-15.899999999999995
inclusion	N	alternative_acceptor	TSSC4	chr11:2402653-2402749	+	0.861	0.861	0.861	0.861	0.657	0.657	0.657	11.99	0.0113	-20.39999999999999
inclusion	K	cassette	DDX39A	chr19:14410421-14410605	-	0.086	0.086	0.086	0.086	0.031	0.031	0.031	11.98	0.0114	-5.5
inclusion	K	intron_retention	SLC9A7	chrX:46606371-46606907	-	0.582	0.582	0.582	0.582	0.845	0.845	0.845	11.97	0.0114	26.300000000000004
inclusion	K	intron_retention	SQSTM1	chr5:179806592-179811573	+	0.559	0.559	0.559	0.559	0.756	0.756	0.756	11.97	0.0114	19.69999999999999
inclusion	N	intron_retention	VPS4A	chr16:69320770-69321088	+	0.691	0.691	0.691	0.691	0.94	0.94	0.94	11.98	0.0114	24.900000000000006
inclusion	N	cassette	ARL16	chr17:81682491-81682675	-	0.092	0.092	0.092	0.092	0.218	0.218	0.218	11.96	0.0114	12.600000000000001
inclusion	K	alternative_acceptor	MPP5	chr14:67269784-67279017	+	0.769	0.769	0.769	0.769	0.412	0.412	0.412	11.96	0.0115	-35.70000000000001
inclusion	K	alternative_donor	MOK	chr14:102226409-102232534	-	0.821	0.821	0.821	0.821	0.972	0.972	0.972	11.95	0.0115	15.100000000000009
inclusion	K	alternative_last_exon	ZNF226	chr19:44172953-44174983	+	0.611	0.611	0.611	0.611	0.355	0.355	0.355	11.94	0.0115	-25.6
inclusion	N	intron_retention	KPNA6	chr1:32175719-32176041	+	0.997	0.997	0.997	0.997	0.949	0.949	0.949	11.94	0.0115	-4.800000000000011
inclusion	K	alternative_donor	HNRNPU	chr1:244862731-244863616	-	0.348	0.348	0.348	0.348	0.233	0.233	0.233	11.93	0.0116	-11.499999999999996
inclusion	K	alternative_last_exon	C19orf12	chr19:29708424-29715124	-	0.18	0.18	0.18	0.18	0.521	0.521	0.521	11.93	0.0116	34.1
inclusion	N	cassette	RCC1	chr1:28516725-28516867	+	0.42	0.42	0.42	0.42	0.703	0.703	0.703	11.92	0.0116	28.299999999999997
inclusion	K	cassette	OSBPL9	chr1:51669434-51669512	+	0.876	0.876	0.876	0.876	0.985	0.985	0.985	11.9	0.0117	10.900000000000006
inclusion	K	intron_retention	SORBS3	chr8:22566244-22566344	+	0.118	0.118	0.118	0.118	0.312	0.312	0.312	11.87	0.0119	19.4
inclusion	K	intron_retention	COL7A1	chr3:48592015-48592101	-	0.024	0.024	0.024	0.024	0.002	0.002	0.002	11.87	0.0119	-2.1999999999999997
inclusion	K	cassette	TXNL4A	chr18:79976718-79976787	-	0.128	0.128	0.128	0.128	0.062	0.062	0.062	11.84	0.0121	-6.6000000000000005
inclusion	K	intron_retention	AL162258.2	chr1:153634111-153634242	-	0.892	0.892	0.892	0.892	0.961	0.961	0.961	11.84	0.0121	6.8999999999999915
inclusion	K	intron_retention	SLC39A13	chr11:47415160-47415287	+	0.249	0.249	0.249	0.249	0.13	0.13	0.13	11.83	0.0121	-11.899999999999999
inclusion	K	intron_retention	ANAPC5	chr12:121328459-121330582	-	0.358	0.358	0.358	0.358	0.188	0.188	0.188	11.82	0.0121	-16.999999999999996
inclusion	K	intron_retention	PLPP5	chr8:38266312-38267266	-	0.197	0.197	0.197	0.197	0.378	0.378	0.378	11.81	0.0121	18.099999999999998
inclusion	N	cassette	RFT1	chr3:53125909-53125994	-	0.925	0.925	0.925	0.925	0.995	0.995	0.995	11.82	0.0121	7.0
inclusion	N	cassette	UBAP1	chr9:34220908-34220948	+	0.944	0.944	0.944	0.944	0.993	0.993	0.993	11.81	0.0121	4.900000000000006
inclusion	K	alternative_first_exon	PRDM1	chr6:106099095-106099299	+	0.3	0.3	0.3	0.3	0.62	0.62	0.62	11.81	0.0122	32.0
inclusion	K	intron_retention	HMGA2	chr12:65838570-65915058	+	0.137	0.137	0.137	0.137	0.051	0.051	0.051	11.81	0.0122	-8.600000000000001
inclusion	N	cassette	PMEPA1	chr20:57700016-57700186	-	0.001	0.001	0.001	0.001	0.02	0.02	0.02	11.81	0.0122	1.9
inclusion	K	intron_retention	SRP19	chr5:112864733-112867403	+	0.018	0.018	0.018	0.018	0.073	0.073	0.073	11.8	0.0122	5.5
inclusion	K	alternative_first_exon	MLST8	chr16:2208335-2208449	+	0.96	0.96	0.96	0.96	0.877	0.877	0.877	11.79	0.0122	-8.299999999999997
inclusion	N	alternative_acceptor	TTLL5	chr14:75764773-75766061	+	0.959	0.959	0.959	0.959	0.798	0.798	0.798	11.79	0.0123	-16.09999999999998
inclusion	K	alternative_last_exon	ZNF783	chr7:149278528-149281504	+	0.665	0.665	0.665	0.665	0.912	0.912	0.912	11.75	0.0125	24.700000000000003
inclusion	N	cassette	PICALM	chr11:86026292-86026367	-	0.948	0.948	0.948	0.948	0.996	0.996	0.996	11.75	0.0125	4.799999999999997
inclusion	K	cassette	IQSEC1	chr3:12902773-12902822	-	0.442	0.442	0.442	0.442	0.719	0.719	0.719	11.74	0.0125	27.69999999999999
inclusion	K	cassette	KIF13A	chr6:17771114-17771218	-	0.4	0.4	0.4	0.4	0.633	0.633	0.633	11.73	0.0126	23.299999999999997
inclusion	N	alternative_last_exon	B9D1	chr17:19337749-19347268	-	0.586	0.586	0.586	0.586	0.22	0.22	0.22	11.72	0.0126	-36.599999999999994
inclusion	N	alternative_first_exon	FIS1	chr7:101244140-101244959,chr7:101244140-101244897	-	0.965	0.965	0.965	0.965	0.995	0.995	0.995	11.71	0.0127	3.0
inclusion	K	coord_cassette	DROSHA	chr5:31515454-31515564	-	0.811	0.811	0.811	0.811	0.963	0.963	0.963	11.71	0.0127	15.199999999999989
inclusion	K	cassette	EED	chr11:86270083-86270157	+	0.095	0.095	0.095	0.095	0.29	0.29	0.29	11.7	0.0127	19.499999999999996
inclusion	N	cassette	DELE1	chr5:141938856-141938904	+	0.065	0.065	0.065	0.065	0.181	0.181	0.181	11.68	0.0128	11.599999999999998
inclusion	K	mutually_exclusive	DNM1L	chr12:32737162-32737864,chr12:32737943-32740063	+	0.117	0.117	0.117	0.117	0.015	0.015	0.015	11.68	0.0128	-10.200000000000001
inclusion	K	alternative_last_exon	TAF9	chr5:69365755-69366502	-	0.756	0.756	0.756	0.756	0.857	0.857	0.857	11.67	0.0129	10.100000000000009
inclusion	N	intron_retention	GOLGA2P10	chr15:82475638-82476785	-	0.228	0.228	0.228	0.228	0.43	0.43	0.43	11.67	0.0129	20.2
inclusion	K	alternative_last_exon	LHPP	chr10:124498129-124517179	+	0.667	0.667	0.667	0.667	0.881	0.881	0.881	11.65	0.013	21.39999999999999
inclusion	K	intron_retention	LARGE2	chr11:45928373-45928629	+	0.049	0.049	0.049	0.049	0.003	0.003	0.003	11.65	0.013	-4.6000000000000005
inclusion	N	cassette	RARS2	chr6:87541918-87541994	-	0.92	0.92	0.92	0.92	0.989	0.989	0.989	11.65	0.013	6.900000000000006
inclusion	K	intron_retention	ZNF496	chr1:247329569-247329965	-	0.884	0.884	0.884	0.884	0.482	0.482	0.482	11.63	0.0131	-40.20000000000001
inclusion	N	cassette	MARK3	chr14:103498502-103498528	+	0.125	0.125	0.125	0.125	0.035	0.035	0.035	11.59	0.0134	-9.0
inclusion	K	intron_retention	AGPAT3	chr21:43981188-43982303	+	0.127	0.127	0.127	0.127	0.042	0.042	0.042	11.57	0.0135	-8.5
inclusion	K	intron_retention	TASOR	chr3:56623567-56624478	-	0.946	0.946	0.946	0.946	0.747	0.747	0.747	11.57	0.0135	-19.89999999999999
inclusion	K	alternative_first_exon	MFF	chr2:227329660-227330625,chr2:227329784-227330625	+	0.703	0.703	0.703	0.703	0.908	0.908	0.908	11.57	0.0135	20.5
inclusion	K	alternative_donor	CLK3	chr15:74622217-74622493	+	0.959	0.959	0.959	0.959	0.767	0.767	0.767	11.56	0.0135	-19.19999999999999
inclusion	K	intron_retention	BCS1L	chr2:218660483-218660938	+	0.408	0.408	0.408	0.408	0.842	0.842	0.842	11.54	0.0136	43.400000000000006
inclusion	K	intron_retention	WBP1	chr2:74458672-74458831	+	0.21	0.21	0.21	0.21	0.53	0.53	0.53	11.55	0.0136	32.0
inclusion	N	alternative_acceptor	ALDH1A3	chr15:100908483-100914700	+	0.931	0.931	0.931	0.931	0.971	0.971	0.971	11.55	0.0136	3.999999999999986
inclusion	N	cassette	CBLL1	chr7:107752545-107752617	+	0.106	0.106	0.106	0.106	0.015	0.015	0.015	11.54	0.0136	-9.1
inclusion	K	alternative_first_exon	TACC2	chr10:122113234-122132608	+	0.778	0.778	0.778	0.778	0.517	0.517	0.517	11.53	0.0137	-26.099999999999994
inclusion	N	alternative_acceptor	UBE2J1	chr6:89329958-89333085	-	0.988	0.988	0.988	0.988	0.929	0.929	0.929	11.51	0.0138	-5.8999999999999915
inclusion	K	alternative_last_exon	VPS35	chr16:46682176-46683507	-	0.896	0.896	0.896	0.896	0.967	0.967	0.967	11.51	0.0138	7.099999999999994
inclusion	N	alternative_first_exon	MED15	chr22:20575233-20582610	+	0.152	0.152	0.152	0.152	0.317	0.317	0.317	11.5	0.0138	16.5
inclusion	N	cassette	LTBR	chr12:6387798-6387910	+	0.048	0.048	0.048	0.048	0.013	0.013	0.013	11.49	0.0139	-3.5
inclusion	N	cassette	UBE2R2	chr9:33886881-33886967	+	0.929	0.929	0.929	0.929	0.975	0.975	0.975	11.49	0.0139	4.599999999999994
inclusion	N	cassette	MAPK8IP3	chr16:1758148-1758159	+	0.817	0.817	0.817	0.817	0.574	0.574	0.574	11.48	0.0139	-24.29999999999999
inclusion	K	cassette	ARHGAP12	chr10:31839637-31839711	-	0.474	0.474	0.474	0.474	0.181	0.181	0.181	11.48	0.0139	-29.3
inclusion	K	alternative_first_exon	NAT9	chr17:74773686-74773865	-	0.08	0.08	0.08	0.08	0.007	0.007	0.007	11.44	0.0142	-7.3
inclusion	K	cassette	R3HDM2	chr12:57305640-57305663	-	0.032	0.032	0.032	0.032	0.096	0.096	0.096	11.44	0.0142	6.3999999999999995
inclusion	N	alternative_acceptor	EZH1	chr17:42703039-42703739	-	0.151	0.151	0.151	0.151	0.022	0.022	0.022	11.44	0.0142	-12.9
inclusion	N	cassette	NAA20	chr20:20025669-20025767	+	0.967	0.967	0.967	0.967	0.998	0.998	0.998	11.42	0.0144	3.0999999999999943
inclusion	K	alternative_last_exon	BRD8	chr5:138159600-138160068	-	0.496	0.496	0.496	0.496	0.671	0.671	0.671	11.4	0.0145	17.500000000000007
inclusion	K	alternative_last_exon	AK6	chr5:69355954-69366502	-	0.242	0.242	0.242	0.242	0.143	0.143	0.143	11.39	0.0146	-9.9
inclusion	K	intron_retention	SMARCC2	chr12:56163766-56164647	-	0.396	0.396	0.396	0.396	0.669	0.669	0.669	11.36	0.0148	27.300000000000004
inclusion	K	intron_retention	RPL21	chr13:27251700-27253764	+	0.536	0.536	0.536	0.536	0.214	0.214	0.214	11.36	0.0148	-32.2
inclusion	K	coord_cassette	GPATCH11	chr2:37089640-37089866	+	0.821	0.821	0.821	0.821	0.987	0.987	0.987	11.35	0.0148	16.60000000000001
inclusion	N	alternative_last_exon	CBFB	chr16:67029814-67036638	+	0.915	0.915	0.915	0.915	0.989	0.989	0.989	11.35	0.0148	7.400000000000006
inclusion	N	alternative_last_exon	RABGGTB	chr1:75791572-75792180	+	0.917	0.917	0.917	0.917	0.821	0.821	0.821	11.35	0.0148	-9.600000000000009
inclusion	N	alternative_last_exon	TNC	chr9:115064920-115073602	-	0.684	0.684	0.684	0.684	0.87	0.87	0.87	11.35	0.0148	18.599999999999994
inclusion	N	alternative_donor	UBN1	chr16:4853167-4857989	+	0.921	0.921	0.921	0.921	0.993	0.993	0.993	11.34	0.0148	7.199999999999989
inclusion	N	alternative_last_exon	AC027097.2	chr18:57642053-57735150	+	0.757	0.757	0.757	0.757	0.414	0.414	0.414	11.32	0.015	-34.300000000000004
inclusion	K	alternative_acceptor	SNHG29	chr17:16439415-16440184	+	0.873	0.873	0.873	0.873	0.907	0.907	0.907	11.3	0.0151	3.4000000000000057
inclusion	K	alternative_acceptor	PPIE	chr1:39743925-39745374	+	0.929	0.929	0.929	0.929	0.83	0.83	0.83	11.29	0.0152	-9.900000000000006
inclusion	K	alternative_first_exon	GTF3A	chr13:27429390-27429869	+	0.079	0.079	0.079	0.079	0.023	0.023	0.023	11.29	0.0152	-5.6000000000000005
inclusion	K	cassette	TBC1D23	chr3:100311833-100311877	+	0.811	0.811	0.811	0.811	0.567	0.567	0.567	11.29	0.0152	-24.400000000000013
inclusion	K	intron_retention	RRNAD1	chr1:156734053-156735724	+	0.52	0.52	0.52	0.52	0.25	0.25	0.25	11.3	0.0152	-27.0
inclusion	N	alternative_donor	ETAA1	chr2:67403845-67405235	+	0.6	0.6	0.6	0.6	0.251	0.251	0.251	11.29	0.0152	-34.9
inclusion	N	alternative_last_exon	AL590617.2	chr6:138692618-138694392	+	0.452	0.452	0.452	0.452	0.859	0.859	0.859	11.27	0.0153	40.7
inclusion	N	alternative_acceptor	NUSAP1	chr15:41349242-41351032	+	0.49	0.49	0.49	0.49	0.77	0.77	0.77	11.25	0.0155	28.0
inclusion	K	alternative_last_exon	C21orf59-TCP10L	chr21:32602368-32603160	-	0.877	0.877	0.877	0.877	0.967	0.967	0.967	11.24	0.0155	9.0
inclusion	N	alternative_donor	SHISA5	chr3:48468218-48468322	-	0.978	0.978	0.978	0.978	0.998	0.998	0.998	11.24	0.0155	2.0
inclusion	N	cassette	SYT7	chr11:61546031-61546255	-	0.332	0.332	0.332	0.332	0.624	0.624	0.624	11.24	0.0155	29.199999999999996
inclusion	K	intron_retention	ADAR	chr1:154596939-154597122	-	0.943	0.943	0.943	0.943	0.838	0.838	0.838	11.23	0.0156	-10.5
inclusion	K	alternative_last_exon	DSE	chr6:116431194-116435586	+	0.104	0.104	0.104	0.104	0.217	0.217	0.217	11.21	0.0157	11.299999999999999
inclusion	K	cassette	IFNGR2	chr21:33414888-33415020	+	0.972	0.972	0.972	0.972	0.998	0.998	0.998	11.21	0.0157	2.5999999999999943
inclusion	N	alternative_acceptor	MSH3	chr5:80864943-80872175	+	0.034	0.034	0.034	0.034	0.132	0.132	0.132	11.2	0.0157	9.8
inclusion	K	alternative_last_exon	CASK	chrX:41743737-41745523	-	0.101	0.101	0.101	0.101	0.009	0.009	0.009	11.19	0.0158	-9.200000000000001
inclusion	N	alternative_donor	LRRC75B	chr22:24589950-24592216	-	0.25	0.25	0.25	0.25	0.539	0.539	0.539	11.19	0.0158	28.900000000000006
inclusion	K	alternative_last_exon	GNA11	chr19:3115073-3115259	+	0.085	0.085	0.085	0.085	0.018	0.018	0.018	11.16	0.0161	-6.7
inclusion	N	alternative_first_exon	nogene	chr1:183240392-183258721	+	0.474	0.474	0.474	0.474	0.348	0.348	0.348	11.16	0.0161	-12.600000000000001
inclusion	K	alternative_first_exon	BRI3	chr7:98281938-98282350	+	0.979	0.979	0.979	0.979	0.999	0.999	0.999	11.14	0.0162	2.000000000000014
inclusion	K	cassette	MTMR14	chr3:9697711-9697866	+	0.555	0.555	0.555	0.555	0.699	0.699	0.699	11.14	0.0162	14.399999999999984
inclusion	N	alternative_donor	nogene	chr19:46760396-46772331	-	0.998	0.998	0.998	0.998	0.979	0.979	0.979	11.14	0.0162	-1.9000000000000057
inclusion	N	cassette	OPTN	chr10:13108138-13108289	+	0.315	0.315	0.315	0.315	0.442	0.442	0.442	11.14	0.0162	12.700000000000003
inclusion	N	cassette	SLC30A6	chr2:32197344-32197392	+	0.655	0.655	0.655	0.655	0.955	0.955	0.955	11.14	0.0162	30.0
inclusion	K	intron_retention	IMPDH1	chr7:128405866-128409755	-	0.324	0.324	0.324	0.324	0.147	0.147	0.147	11.13	0.0162	-17.7
inclusion	K	cassette	FOCAD	chr9:20819796-20819900	+	0.879	0.879	0.879	0.879	0.707	0.707	0.707	11.11	0.0164	-17.200000000000003
inclusion	K	intron_retention	HYI	chr1:43452014-43452204	-	0.118	0.118	0.118	0.118	0.04	0.04	0.04	11.11	0.0164	-7.799999999999999
inclusion	K	intron_retention	TMEM129	chr4:1717429-1718151	-	0.166	0.166	0.166	0.166	0.443	0.443	0.443	11.1	0.0164	27.699999999999996
inclusion	N	alternative_first_exon	FADS2	chr11:61828598-61837777	+	0.735	0.735	0.735	0.735	0.839	0.839	0.839	11.1	0.0164	10.399999999999991
inclusion	N	alternative_acceptor	ZDHHC3	chr3:44918144-44929305	-	0.352	0.352	0.352	0.352	0.179	0.179	0.179	11.1	0.0164	-17.299999999999997
inclusion	N	alternative_last_exon	COA8	chr14:103563125-103571622	+	0.932	0.932	0.932	0.932	0.98	0.98	0.98	11.09	0.0164	4.799999999999997
inclusion	K	alternative_acceptor	TASOR	chr3:56623844-56624478	-	0.97	0.97	0.97	0.97	0.856	0.856	0.856	11.08	0.0165	-11.400000000000006
inclusion	N	cassette	WASF1	chr6:110177147-110177186	-	0.047	0.047	0.047	0.047	0.257	0.257	0.257	11.07	0.0166	21.0
inclusion	K	intron_retention	PORCN	chrX:48509708-48509892	+	0.885	0.885	0.885	0.885	0.777	0.777	0.777	11.05	0.0167	-10.799999999999997
inclusion	K	alternative_donor	AL109811.3	chr1:11022251-11023192	+	0.702	0.702	0.702	0.702	0.899	0.899	0.899	11.05	0.0167	19.700000000000017
inclusion	K	cassette	KDM5A	chr12:286126-286207	-	0.188	0.188	0.188	0.188	0.077	0.077	0.077	11.03	0.0169	-11.100000000000001
inclusion	K	intron_retention	ABCF2	chr7:151208108-151214057	-	0.9	0.9	0.9	0.9	0.979	0.979	0.979	11.02	0.017	7.8999999999999915
inclusion	K	intron_retention	ZNRD1	chr6:30061399-30061514	+	0.362	0.362	0.362	0.362	0.497	0.497	0.497	10.98	0.0173	13.500000000000007
inclusion	N	cassette	ATP5PB	chr1:111454211-111454356	+	0.927	0.927	0.927	0.927	0.972	0.972	0.972	10.98	0.0173	4.5
inclusion	N	cassette	CDC16	chr13:114236645-114236699	+	0.777	0.777	0.777	0.777	0.888	0.888	0.888	10.98	0.0173	11.099999999999994
inclusion	K	cassette	AP1M2	chr19:10584970-10585044	-	0.04	0.04	0.04	0.04	0.005	0.005	0.005	10.97	0.0173	-3.5
inclusion	K	cassette	INTS13	chr12:26914408-26914578	-	0.887	0.887	0.887	0.887	0.744	0.744	0.744	10.97	0.0173	-14.299999999999997
inclusion	N	alternative_last_exon	VPS13A	chr9:77382088-77403235	+	0.681	0.681	0.681	0.681	0.334	0.334	0.334	10.97	0.0173	-34.70000000000001
inclusion	N	cassette	EHBP1L1	chr11:65583592-65583765	+	0.818	0.818	0.818	0.818	0.696	0.696	0.696	10.97	0.0173	-12.200000000000003
inclusion	N	alternative_last_exon	HMGA2	chr12:65838570-65915058,chr12:65838570-65914719	+	0.403	0.403	0.403	0.403	0.517	0.517	0.517	10.97	0.0173	11.399999999999999
inclusion	K	alternative_last_exon	ADGRG1	chr16:57628803-57641590,chr16:57628803-57641586	+	0.61	0.61	0.61	0.61	0.933	0.933	0.933	10.96	0.0174	32.30000000000001
inclusion	N	alternative_last_exon	PFKFB3	chr10:6226366-6232894	+	0.928	0.928	0.928	0.928	0.992	0.992	0.992	10.95	0.0174	6.3999999999999915
inclusion	K	cassette	NFIA	chr1:61426465-61426556	+	0.681	0.681	0.681	0.681	0.856	0.856	0.856	10.95	0.0175	17.499999999999986
inclusion	N	alternative_acceptor	nogene	chr3:122337649-122383965	+	0.278	0.278	0.278	0.278	0.02	0.02	0.02	10.94	0.0176	-25.800000000000004
inclusion	K	cassette	RAPH1	chr2:203477076-203477156	-	0.018	0.018	0.018	0.018	0.108	0.108	0.108	10.93	0.0176	9.0
inclusion	N	alternative_acceptor	CSTA	chr3:122337649-122341438	+	0.722	0.722	0.722	0.722	0.98	0.98	0.98	10.93	0.0176	25.799999999999997
inclusion	K	intron_retention	FBXW5	chr9:136941464-136941536	-	0.081	0.081	0.081	0.081	0.036	0.036	0.036	10.92	0.0176	-4.5
inclusion	K	alternative_acceptor	ETAA1	chr2:67402975-67405235	+	0.281	0.281	0.281	0.281	0.599	0.599	0.599	10.89	0.0179	31.799999999999997
inclusion	K	intron_retention	STARD4	chr5:111500107-111501001	-	0.007	0.007	0.007	0.007	0.072	0.072	0.072	10.89	0.0179	6.499999999999999
inclusion	N	cassette	FAAP20	chr1:2186004-2186249	-	0.124	0.124	0.124	0.124	0.385	0.385	0.385	10.88	0.018	26.1
inclusion	N	cassette	MORC4	chrX:106999677-106999749	-	0.777	0.777	0.777	0.777	0.982	0.982	0.982	10.87	0.018	20.5
inclusion	K	intron_retention	FBXW5	chr9:136942696-136942768	-	0.121	0.121	0.121	0.121	0.056	0.056	0.056	10.86	0.0181	-6.499999999999999
inclusion	K	alternative_first_exon	MAGOHB	chr12:10610681-10612639	-	0.153	0.153	0.153	0.153	0.033	0.033	0.033	10.86	0.0181	-11.999999999999998
inclusion	K	alternative_acceptor	CPSF4	chr7:99452441-99453965	+	0.444	0.444	0.444	0.444	0.261	0.261	0.261	10.86	0.0181	-18.299999999999997
inclusion	K	intron_retention	MAPK8IP3	chr16:1743477-1747028	+	0.227	0.227	0.227	0.227	0.502	0.502	0.502	10.85	0.0181	27.500000000000004
inclusion	K	intron_retention	RPLP0	chr12:120200832-120201082	-	0.026	0.026	0.026	0.026	0.016	0.016	0.016	10.86	0.0181	-1.0
inclusion	N	alternative_acceptor	MFSD10	chr4:2930954-2931060	-	0.966	0.966	0.966	0.966	0.996	0.996	0.996	10.85	0.0181	3.0
inclusion	N	alternative_last_exon	DLG4	chr17:7190987-7225341	.	0.292	0.292	0.292	0.292	0.685	0.685	0.685	10.86	0.0181	39.3
inclusion	N	alternative_last_exon	PRR11	chr17:59197790-59201562	+	0.319	0.319	0.319	0.319	0.47	0.47	0.47	10.85	0.0181	15.099999999999998
inclusion	N	alternative_acceptor	IGF2R	chr6:160046646-160046891	+	0.029	0.029	0.029	0.029	0.007	0.007	0.007	10.85	0.0181	-2.2
inclusion	N	alternative_acceptor	CELSR2	chr1:109273671-109274415	+	0.339	0.339	0.339	0.339	0.176	0.176	0.176	10.83	0.0183	-16.300000000000008
inclusion	N	cassette	MTMR2	chr11:95914242-95914312	-	0.48	0.48	0.48	0.48	0.765	0.765	0.765	10.81	0.0184	28.5
inclusion	N	alternative_last_exon	TGFB1	chr19:41331211-41332127	-	0.925	0.925	0.925	0.925	0.972	0.972	0.972	10.8	0.0185	4.700000000000003
inclusion	K	intron_retention	SMARCD3	chr7:151239747-151240111	-	0.111	0.111	0.111	0.111	0.033	0.033	0.033	10.79	0.0186	-7.799999999999999
inclusion	N	alternative_first_exon	ARFRP1	chr20:63706739-63706998	-	0.861	0.861	0.861	0.861	0.972	0.972	0.972	10.79	0.0186	11.100000000000009
inclusion	N	alternative_first_exon	CD44	chr11:35206244-35208104	+	0.786	0.786	0.786	0.786	0.907	0.907	0.907	10.79	0.0186	12.099999999999994
inclusion	K	cassette	LRRC27	chr10:132342213-132342271	+	0.675	0.675	0.675	0.675	0.961	0.961	0.961	10.77	0.0188	28.599999999999994
inclusion	N	alternative_first_exon	TMEM167B	chr1:109093022-109094416,chr1:109093083-109094416	+	0.931	0.931	0.931	0.931	0.994	0.994	0.994	10.77	0.0188	6.299999999999997
inclusion	K	alternative_donor	SLC39A4	chr8:144412947-144413236	-	0.955	0.955	0.955	0.955	0.712	0.712	0.712	10.76	0.0188	-24.299999999999997
inclusion	N	alternative_first_exon	RIT1	chr1:155910507-155910655	-	0.97	0.97	0.97	0.97	0.823	0.823	0.823	10.76	0.0188	-14.700000000000003
inclusion	N	intron_retention	AL354953.1	chr1:183258136-183258798	+	0.968	0.968	0.968	0.968	0.885	0.885	0.885	10.76	0.0188	-8.299999999999997
inclusion	K	alternative_acceptor	RPL22L1	chr3:170868202-170868297	-	0.391	0.391	0.391	0.391	0.645	0.645	0.645	10.75	0.0189	25.4
inclusion	K	intron_retention	ADCY3	chr2:24820115-24820723	-	0.126	0.126	0.126	0.126	0.238	0.238	0.238	10.74	0.0189	11.199999999999998
inclusion	N	cassette	NBPF9	chr1:149092755-149092785	-	0.142	0.142	0.142	0.142	0.313	0.313	0.313	10.74	0.019	17.1
inclusion	K	cassette	POMT1	chr9:131506114-131506220	+	0.954	0.954	0.954	0.954	0.759	0.759	0.759	10.72	0.0191	-19.499999999999986
inclusion	N	cassette	CSNK2A2	chr16:58184260-58184310	-	0.957	0.957	0.957	0.957	0.991	0.991	0.991	10.72	0.0191	3.3999999999999915
inclusion	N	alternative_acceptor	RARS2	chr6:87520257-87521463	-	0.607	0.607	0.607	0.607	0.793	0.793	0.793	10.71	0.0192	18.6
inclusion	K	cassette	MARVELD2	chr5:69424601-69424636	+	0.825	0.825	0.825	0.825	0.933	0.933	0.933	10.7	0.0193	10.800000000000011
inclusion	K	intron_retention	MIR205HG	chr1:209430477-209431742	+	0.085	0.085	0.085	0.085	0.177	0.177	0.177	10.69	0.0193	9.2
inclusion	N	cassette	PLAA	chr9:26917097-26917165	-	0.541	0.541	0.541	0.541	0.708	0.708	0.708	10.69	0.0193	16.699999999999996
inclusion	K	intron_retention	RPL7A	chr9:133350320-133350596	+	0.004	0.004	0.004	0.004	0.001	0.001	0.001	10.68	0.0194	-0.30000000000000004
inclusion	N	alternative_acceptor	CAMSAP3	chr19:7611587-7611686	+	0.923	0.923	0.923	0.923	0.657	0.657	0.657	10.68	0.0194	-26.60000000000001
inclusion	K	intron_retention	LINC01503	chr9:129338918-129341735	+	0.059	0.059	0.059	0.059	0.141	0.141	0.141	10.67	0.0195	8.2
inclusion	N	alternative_donor	LDOC1	chrX:141176409-141176675	-	0.883	0.883	0.883	0.883	0.72	0.72	0.72	10.67	0.0195	-16.299999999999997
inclusion	K	cassette	FXR2	chr17:7592071-7592157	-	0.038	0.038	0.038	0.038	0.098	0.098	0.098	10.66	0.0196	6.000000000000001
inclusion	K	intron_retention	ELMO3	chr16:67199594-67199683	+	0.096	0.096	0.096	0.096	0.036	0.036	0.036	10.66	0.0196	-6.0
inclusion	K	intron_retention	ARHGEF2	chr1:155961910-155962104	-	0.136	0.136	0.136	0.136	0.257	0.257	0.257	10.65	0.0197	12.099999999999998
inclusion	K	intron_retention	MYBBP1A	chr17:4538976-4539438	-	0.912	0.912	0.912	0.912	0.788	0.788	0.788	10.64	0.0197	-12.400000000000006
inclusion	N	alternative_acceptor	ATP6V1G2-DDX39B	chr6:31532912-31535366	-	0.885	0.885	0.885	0.885	0.787	0.787	0.787	10.64	0.0197	-9.799999999999997
inclusion	K	intron_retention	CLCC1	chr1:108934943-108937076	-	0.051	0.051	0.051	0.051	0.156	0.156	0.156	10.62	0.0199	10.5
inclusion	K	alternative_last_exon	RBM25	chr14:73099751-73100300	+	0.118	0.118	0.118	0.118	0.032	0.032	0.032	10.61	0.02	-8.599999999999998
inclusion	K	cassette	RER1	chr1:2399415-2399514	+	0.977	0.977	0.977	0.977	0.997	0.997	0.997	10.61	0.02	2.0
inclusion	N	alternative_acceptor	ERCC6	chr10:49532975-49538961	-	0.446	0.446	0.446	0.446	0.095	0.095	0.095	10.6	0.0201	-35.1
inclusion	N	alternative_donor	AC100861.1	chr8:23225626-23225804	+	0.845	0.845	0.845	0.845	0.483	0.483	0.483	10.6	0.0201	-36.2
inclusion	K	alternative_last_exon	UBE2Q2	chr15:75854488-75859877	+	0.956	0.956	0.956	0.956	0.742	0.742	0.742	10.59	0.0202	-21.39999999999999
inclusion	K	alternative_last_exon	UFC1	chr1:161157694-161158120	+	0.945	0.945	0.945	0.945	0.879	0.879	0.879	10.58	0.0203	-6.599999999999994
inclusion	K	intron_retention	HYI	chr1:43451848-43451934	-	0.116	0.116	0.116	0.116	0.031	0.031	0.031	10.58	0.0203	-8.500000000000002
inclusion	N	cassette	GANAB	chr11:62634310-62634375	-	0.279	0.279	0.279	0.279	0.193	0.193	0.193	10.57	0.0204	-8.600000000000001
inclusion	N	cassette	TCTN3	chr10:95687592-95687719	-	0.955	0.955	0.955	0.955	0.88	0.88	0.88	10.56	0.0204	-7.5
inclusion	K	intron_retention	LINC00623	chr1:120952786-120953219	+	0.46	0.46	0.46	0.46	0.739	0.739	0.739	10.56	0.0205	27.900000000000006
inclusion	N	cassette	MYO1B	chr2:191400749-191400835	+	0.008	0.008	0.008	0.008	0.034	0.034	0.034	10.55	0.0205	2.6000000000000005
inclusion	K	intron_retention	RPL29	chr3:51994858-51995041	-	0.551	0.551	0.551	0.551	0.309	0.309	0.309	10.55	0.0205	-24.200000000000003
inclusion	K	alternative_last_exon	WLS	chr1:68126336-68137779	-	0.898	0.898	0.898	0.898	0.96	0.96	0.96	10.54	0.0205	6.200000000000003
inclusion	K	alternative_acceptor	SLC26A6	chr3:48633126-48633250	-	0.055	0.055	0.055	0.055	0.165	0.165	0.165	10.54	0.0206	11.0
inclusion	K	alternative_donor	AC009084.1	chr16:66942786-66943298	+	0.944	0.944	0.944	0.944	0.849	0.849	0.849	10.53	0.0206	-9.5
inclusion	K	intron_retention	CDK17	chr12:96280280-96280807	-	0.284	0.284	0.284	0.284	0.536	0.536	0.536	10.53	0.0206	25.200000000000003
inclusion	N	cassette	PARD3	chr10:34284135-34284245	-	0.721	0.721	0.721	0.721	0.849	0.849	0.849	10.52	0.0207	12.799999999999997
inclusion	K	alternative_last_exon	NDE1	chr16:15696861-15699728,chr16:15696861-15699596	+	0.404	0.404	0.404	0.404	0.264	0.264	0.264	10.52	0.0207	-14.000000000000004
inclusion	K	cassette	SNX14	chr6:85538838-85538864	-	0.088	0.088	0.088	0.088	0.023	0.023	0.023	10.52	0.0207	-6.499999999999999
inclusion	K	intron_retention	MRPL43	chr10:100983818-100986748	-	0.827	0.827	0.827	0.827	0.712	0.712	0.712	10.52	0.0207	-11.499999999999986
inclusion	K	alternative_acceptor	PON2	chr7:95411780-95412311	-	0.678	0.678	0.678	0.678	0.522	0.522	0.522	10.52	0.0207	-15.600000000000009
inclusion	K	alternative_acceptor	POLR2H	chr3:184366801-184368112	+	0.046	0.046	0.046	0.046	0.013	0.013	0.013	10.51	0.0207	-3.3
inclusion	N	cassette	INTS13	chr12:26914408-26914532	-	0.788	0.788	0.788	0.788	0.569	0.569	0.569	10.51	0.0208	-21.900000000000006
inclusion	K	intron_retention	PLEKHJ1	chr19:2230613-2233997	-	0.428	0.428	0.428	0.428	0.657	0.657	0.657	10.5	0.0208	22.900000000000006
inclusion	K	intron_retention	UPP1	chr7:48089419-48090249	+	0.604	0.604	0.604	0.604	0.723	0.723	0.723	10.49	0.0208	11.899999999999999
inclusion	K	alternative_first_exon	PRMT1	chr19:49677317-49680486	+	0.692	0.692	0.692	0.692	0.783	0.783	0.783	10.49	0.0209	9.100000000000009
inclusion	K	alternative_last_exon	MAGOHB	chr12:10612979-10613438	-	0.143	0.143	0.143	0.143	0.03	0.03	0.03	10.48	0.0209	-11.299999999999999
inclusion	N	alternative_acceptor	nogene	chr19:12881814-12943077	.	0.092	0.092	0.092	0.092	0.48	0.48	0.48	10.48	0.0209	38.8
inclusion	K	cassette	HMCES	chr3:129290679-129290804	+	0.866	0.866	0.866	0.866	0.931	0.931	0.931	10.48	0.0209	6.500000000000014
inclusion	K	cassette	LONP2	chr16:48256610-48256741	+	0.954	0.954	0.954	0.954	0.847	0.847	0.847	10.48	0.0209	-10.699999999999989
inclusion	N	alternative_first_exon	SDCBP2	chr20:1320436-1329084	-	0.899	0.899	0.899	0.899	0.976	0.976	0.976	10.48	0.0209	7.699999999999989
inclusion	K	intron_retention	FLNB	chr3:58138530-58142649	+	0.039	0.039	0.039	0.039	0.008	0.008	0.008	10.47	0.021	-3.0999999999999996
inclusion	N	alternative_acceptor	ZFHX3	chr16:72790436-72793254	-	0.38	0.38	0.38	0.38	0.603	0.603	0.603	10.47	0.021	22.299999999999997
inclusion	N	cassette	INF2	chr14:104715284-104715340	+	0.893	0.893	0.893	0.893	0.967	0.967	0.967	10.47	0.021	7.400000000000006
inclusion	K	intron_retention	HYI	chr1:43451312-43451427	-	0.195	0.195	0.195	0.195	0.071	0.071	0.071	10.46	0.021	-12.4
inclusion	K	alternative_acceptor	CEP104	chr1:3837520-3838963	-	0.933	0.933	0.933	0.933	0.806	0.806	0.806	10.45	0.0211	-12.700000000000003
inclusion	K	alternative_acceptor	PIH1D1	chr19:49450940-49451484	-	0.071	0.071	0.071	0.071	0.019	0.019	0.019	10.45	0.0211	-5.199999999999999
inclusion	N	cassette	PPHLN1	chr12:42374638-42374733	+	0.066	0.066	0.066	0.066	0.015	0.015	0.015	10.44	0.0212	-5.1000000000000005
inclusion	N	alternative_first_exon	AC118549.1	chr1:77584656-77631849	-	0.848	0.848	0.848	0.848	0.967	0.967	0.967	10.43	0.0213	11.900000000000006
inclusion	N	cassette	CEP164	chr11:117363429-117363506	+	0.322	0.322	0.322	0.322	0.173	0.173	0.173	10.42	0.0214	-14.900000000000006
inclusion	K	cassette	ITGB4	chr17:75753765-75753974	+	0.015	0.015	0.015	0.015	0.032	0.032	0.032	10.41	0.0215	1.7000000000000002
inclusion	K	intron_retention	LDOC1	chrX:141176409-141176892	-	0.919	0.919	0.919	0.919	0.798	0.798	0.798	10.4	0.0216	-12.099999999999994
inclusion	N	alternative_acceptor	AC087721.2	chr15:41349242-41350987	+	0.494	0.494	0.494	0.494	0.222	0.222	0.222	10.39	0.0216	-27.2
inclusion	K	intron_retention	MED4	chr13:48053492-48077152	-	0.695	0.695	0.695	0.695	0.898	0.898	0.898	10.39	0.0217	20.299999999999997
inclusion	N	cassette	SPIDR	chr8:47396376-47396626	+	0.851	0.851	0.851	0.851	0.975	0.975	0.975	10.38	0.0217	12.400000000000006
inclusion	K	alternative_acceptor	ROBO1	chr3:78636109-78639743	-	0.773	0.773	0.773	0.773	0.588	0.588	0.588	10.38	0.0217	-18.5
inclusion	K	intron_retention	WDTC1	chr1:27303796-27305058	+	0.978	0.978	0.978	0.978	0.8	0.8	0.8	10.38	0.0217	-17.799999999999997
inclusion	K	cassette	SNAPC5	chr15:66495330-66495419	-	0.97	0.97	0.97	0.97	0.828	0.828	0.828	10.38	0.0218	-14.200000000000003
inclusion	K	intron_retention	AL096870.10	chr14:24271311-24298613	+	0.74	0.74	0.74	0.74	0.949	0.949	0.949	10.38	0.0218	20.89999999999999
inclusion	N	mutually_exclusive	ARMC10	chr7:103086765-103092476,chr7:103092654-103098298	+	0.22	0.22	0.22	0.22	0.023	0.023	0.023	10.37	0.0218	-19.7
inclusion	N	alternative_acceptor	MAN2B1	chr19:12655880-12656570	-	0.977	0.977	0.977	0.977	0.919	0.919	0.919	10.36	0.0219	-5.799999999999997
inclusion	N	alternative_donor	MFAP2	chr1:16978315-16980586	-	0.56	0.56	0.56	0.56	0.403	0.403	0.403	10.36	0.0219	-15.700000000000003
inclusion	N	cassette	PPIL3	chr2:200877497-200877604	-	0.088	0.088	0.088	0.088	0.02	0.02	0.02	10.35	0.0219	-6.799999999999999
inclusion	K	alternative_first_exon	SPECC1	chr17:20205913-20227412	+	0.834	0.834	0.834	0.834	0.911	0.911	0.911	10.35	0.022	7.700000000000017
inclusion	K	cassette	CAMK2G	chr10:73819532-73819645	-	0.296	0.296	0.296	0.296	0.158	0.158	0.158	10.35	0.022	-13.799999999999997
inclusion	N	coord_cassette	APLP2	chr11:130135563-130135715	+	0.917	0.917	0.917	0.917	0.984	0.984	0.984	10.35	0.022	6.700000000000003
inclusion	K	alternative_first_exon	C11orf80	chr11:66788270-66796280	+	0.784	0.784	0.784	0.784	0.939	0.939	0.939	10.32	0.0222	15.499999999999986
inclusion	K	intron_retention	PLCD3	chr17:45121131-45121210	-	0.078	0.078	0.078	0.078	0.013	0.013	0.013	10.33	0.0222	-6.5
inclusion	K	intron_retention	KCTD15	chr19:33811553-33811790	+	0.5	0.5	0.5	0.5	0.212	0.212	0.212	10.32	0.0223	-28.8
inclusion	N	intron_retention	FTL	chr19:48966407-48966546	+	0.778	0.778	0.778	0.778	0.965	0.965	0.965	10.31	0.0224	18.700000000000003
inclusion	N	intron_retention	RPS6KA3	chrX:20151369-20155429	-	0.847	0.847	0.847	0.847	0.974	0.974	0.974	10.3	0.0224	12.699999999999989
inclusion	K	alternative_donor	NOP56	chr20:2656215-2656400	+	0.053	0.053	0.053	0.053	0.108	0.108	0.108	10.29	0.0225	5.500000000000001
inclusion	K	alternative_acceptor	HERC1	chr15:63675118-63677844	-	0.127	0.127	0.127	0.127	0.365	0.365	0.365	10.28	0.0226	23.8
inclusion	K	alternative_first_exon	ATXN2	chr12:111509999-111510384	-	0.923	0.923	0.923	0.923	0.685	0.685	0.685	10.28	0.0226	-23.80000000000001
inclusion	K	intron_retention	EZH1	chr17:42702962-42703739	-	0.158	0.158	0.158	0.158	0.025	0.025	0.025	10.28	0.0226	-13.3
inclusion	N	intron_retention	POLR2H	chr3:184362147-184363225	+	0.849	0.849	0.849	0.849	0.597	0.597	0.597	10.28	0.0226	-25.199999999999996
inclusion	N	alternative_last_exon	nogene	chr19:49631512-49635291	.	0.746	0.746	0.746	0.746	0.576	0.576	0.576	10.28	0.0226	-17.0
inclusion	K	intron_retention	PRKCSH	chr19:11449429-11450645	+	0.12	0.12	0.12	0.12	0.228	0.228	0.228	10.27	0.0226	10.8
inclusion	N	alternative_first_exon	TMC6	chr17:78113625-78117268	-	0.912	0.912	0.912	0.912	0.977	0.977	0.977	10.27	0.0226	6.5
inclusion	N	cassette	TMEM40	chr3:12748655-12748792	-	0.655	0.655	0.655	0.655	0.554	0.554	0.554	10.26	0.0227	-10.099999999999994
inclusion	K	alternative_first_exon	PDCD5	chr19:32581701-32582194	+	0.301	0.301	0.301	0.301	0.196	0.196	0.196	10.25	0.0228	-10.499999999999996
inclusion	K	intron_retention	SOX15	chr17:7589739-7589986	-	0.996	0.996	0.996	0.996	0.955	0.955	0.955	10.24	0.0229	-4.099999999999994
inclusion	N	intron_retention	CRELD1	chr3:9943516-9943889	+	0.479	0.479	0.479	0.479	0.821	0.821	0.821	10.24	0.0229	34.199999999999996
inclusion	K	intron_retention	OGFOD2	chr12:122976971-122978441	+	0.453	0.453	0.453	0.453	0.251	0.251	0.251	10.24	0.023	-20.200000000000003
inclusion	K	cassette	WASHC3	chr12:102017720-102017805	-	0.015	0.015	0.015	0.015	0.079	0.079	0.079	10.22	0.0232	6.4
inclusion	K	intron_retention	GLYCTK	chr3:52292570-52293045	+	0.621	0.621	0.621	0.621	0.347	0.347	0.347	10.21	0.0232	-27.400000000000006
inclusion	K	alternative_last_exon	CASC4	chr15:44380977-44402886	+	0.49	0.49	0.49	0.49	0.671	0.671	0.671	10.21	0.0232	18.10000000000001
inclusion	N	alternative_donor	TMEM69	chr1:45688254-45690973	+	0.039	0.039	0.039	0.039	0.183	0.183	0.183	10.21	0.0232	14.4
inclusion	K	cassette	FANCI	chr15:89294915-89295094	+	0.96	0.96	0.96	0.96	0.794	0.794	0.794	10.2	0.0233	-16.599999999999994
inclusion	K	coord_cassette	ZNF263	chr16:3285059-3285239	+	0.918	0.918	0.918	0.918	0.638	0.638	0.638	10.2	0.0233	-27.999999999999993
inclusion	K	intron_retention	BRD1	chr22:49787495-49794033	-	0.04	0.04	0.04	0.04	0.214	0.214	0.214	10.2	0.0233	17.4
inclusion	N	alternative_donor	FBXL6	chr8:144356532-144356599	-	0.726	0.726	0.726	0.726	0.947	0.947	0.947	10.2	0.0233	22.099999999999994
inclusion	K	intron_retention	DDX39B	chr6:31532912-31535366	-	0.062	0.062	0.062	0.062	0.122	0.122	0.122	10.19	0.0234	5.999999999999999
inclusion	N	alternative_acceptor	METAP1	chr4:99041127-99043248	+	0.992	0.992	0.992	0.992	0.945	0.945	0.945	10.19	0.0234	-4.700000000000003
inclusion	K	alternative_acceptor	NECAB3	chr20:33660004-33660258	-	0.674	0.674	0.674	0.674	0.871	0.871	0.871	10.17	0.0235	19.69999999999999
inclusion	K	coord_cassette	POLR2D	chr2:127850590-127850685	-	0.852	0.852	0.852	0.852	0.965	0.965	0.965	10.17	0.0236	11.299999999999997
inclusion	K	alternative_donor	TYK2	chr19:10353099-10353527	-	0.864	0.864	0.864	0.864	0.988	0.988	0.988	10.16	0.0236	12.399999999999991
inclusion	K	alternative_last_exon	SNX5	chr20:17968454-17968699,chr20:17968458-17968699	-	0.718	0.718	0.718	0.718	0.912	0.912	0.912	10.15	0.0238	19.400000000000006
inclusion	N	cassette	NDUFA3	chr19:54106353-54106446	+	0.128	0.128	0.128	0.128	0.054	0.054	0.054	10.14	0.0238	-7.4
inclusion	N	alternative_last_exon	SCFD1	chr14:30653589-30658082	+	0.09	0.09	0.09	0.09	0.226	0.226	0.226	10.12	0.0242	13.600000000000001
inclusion	K	intron_retention	MAN1A2	chr1:117522938-117523249	+	0.854	0.854	0.854	0.854	0.985	0.985	0.985	10.1	0.0243	13.100000000000009
inclusion	N	cassette	RHBDD1	chr2:226838073-226838154	+	0.109	0.109	0.109	0.109	0.272	0.272	0.272	10.1	0.0244	16.300000000000004
inclusion	K	cassette	POLDIP3	chr22:42601970-42602056	-	0.635	0.635	0.635	0.635	0.744	0.744	0.744	10.07	0.0246	10.900000000000006
inclusion	K	intron_retention	DPF1	chr19:38216260-38216352	-	0.296	0.296	0.296	0.296	0.03	0.03	0.03	10.07	0.0246	-26.599999999999998
inclusion	N	alternative_acceptor	WRAP73	chr1:3632339-3633397	-	0.962	0.962	0.962	0.962	0.811	0.811	0.811	10.07	0.0246	-15.099999999999994
inclusion	N	alternative_first_exon	BX890604.2	chrX:3854928-3866949,chrX:3854928-3866921	-	0.928	0.928	0.928	0.928	0.738	0.738	0.738	10.06	0.0248	-19.000000000000014
inclusion	N	alternative_first_exon	PTGFRN	chr1:116974324-116984679	+	0.911	0.911	0.911	0.911	0.991	0.991	0.991	10.05	0.0249	7.999999999999986
inclusion	N	alternative_donor	ZNF783	chr7:149285956-149287564	+	0.442	0.442	0.442	0.442	0.788	0.788	0.788	10.04	0.025	34.599999999999994
inclusion	N	cassette	HTR7	chr10:90743593-90743690	-	0.062	0.062	0.062	0.062	0.227	0.227	0.227	10.04	0.025	16.5
inclusion	K	intron_retention	CHEK1	chr11:125655348-125656205	+	0.471	0.471	0.471	0.471	0.714	0.714	0.714	10.03	0.0251	24.299999999999997
inclusion	N	alternative_acceptor	SCYL1	chr11:65536751-65537036	+	0.578	0.578	0.578	0.578	0.699	0.699	0.699	10.03	0.0251	12.099999999999994
inclusion	N	alternative_acceptor	RTKN	chr2:74426575-74427168	-	0.944	0.944	0.944	0.944	0.984	0.984	0.984	10.03	0.0251	4.000000000000014
inclusion	K	cassette	ATXN2	chr12:111479070-111479102	-	0.121	0.121	0.121	0.121	0.044	0.044	0.044	10.02	0.0251	-7.7
inclusion	K	cassette	PSAT1	chr9:78328051-78328188	+	0.883	0.883	0.883	0.883	0.938	0.938	0.938	10.02	0.0251	5.5
inclusion	K	alternative_last_exon	ZNF706	chr8:101199240-101199989	-	0.907	0.907	0.907	0.907	0.727	0.727	0.727	10.02	0.0251	-18.0
inclusion	N	alternative_first_exon	HNRNPH1	chr5:179621398-179623036	-	0.933	0.933	0.933	0.933	0.99	0.99	0.99	10.02	0.0252	5.699999999999989
inclusion	K	cassette	CCNJL	chr5:160276269-160276412	-	0.063	0.063	0.063	0.063	0.008	0.008	0.008	10.01	0.0252	-5.5
inclusion	K	cassette	MARK2	chr11:63903986-63904147	+	0.616	0.616	0.616	0.616	0.441	0.441	0.441	10.01	0.0253	-17.5
inclusion	K	alternative_acceptor	RPL9	chr4:39458599-39458890	-	0.381	0.381	0.381	0.381	0.271	0.271	0.271	10	0.0253	-11.0
inclusion	K	cassette	BCOR	chrX:40071637-40071690	-	0.844	0.844	0.844	0.844	0.548	0.548	0.548	10	0.0253	-29.599999999999987
inclusion	N	cassette	C6orf89	chr6:36894504-36894603	+	0.454	0.454	0.454	0.454	0.712	0.712	0.712	10	0.0253	25.800000000000004
inclusion	K	intron_retention	FANCA	chr16:89738975-89739132	-	0.579	0.579	0.579	0.579	0.306	0.306	0.306	9.99	0.0254	-27.3
inclusion	K	cassette	GABPB1	chr15:50346372-50346395	-	0.103	0.103	0.103	0.103	0.371	0.371	0.371	9.99	0.0254	26.800000000000004
inclusion	K	cassette	GOLGA4	chr3:37286014-37286061	+	0.925	0.925	0.925	0.925	0.795	0.795	0.795	9.98	0.0255	-13.0
inclusion	N	cassette	NAPA	chr19:47503423-47503502	-	0.932	0.932	0.932	0.932	0.98	0.98	0.98	9.98	0.0255	4.799999999999997
inclusion	N	intron_retention	SLC16A3	chr17:82237894-82238810	+	0.966	0.966	0.966	0.966	0.998	0.998	0.998	9.98	0.0255	3.200000000000003
inclusion	N	intron_retention	SPEN	chr1:15937391-15937486	+	0.852	0.852	0.852	0.852	0.939	0.939	0.939	9.96	0.0258	8.699999999999989
inclusion	K	intron_retention	HCFC1R1	chr16:3023969-3024180	-	0.903	0.903	0.903	0.903	0.782	0.782	0.782	9.95	0.0258	-12.099999999999994
inclusion	K	cassette	TES	chr7:116234534-116234619	+	0.956	0.956	0.956	0.956	0.991	0.991	0.991	9.95	0.0258	3.5
inclusion	N	alternative_last_exon	C1RL	chr12:7108480-7109109	-	0.91	0.91	0.91	0.91	0.991	0.991	0.991	9.94	0.0259	8.099999999999994
inclusion	N	cassette	CHPF2	chr7:151236408-151236590	+	0.986	0.986	0.986	0.986	0.941	0.941	0.941	9.94	0.0259	-4.5
inclusion	K	alternative_first_exon	UBE2Q2	chr15:75859983-75868950	+	0.974	0.974	0.974	0.974	0.847	0.847	0.847	9.94	0.0259	-12.699999999999989
inclusion	N	alternative_acceptor	LINC02454	chr12:65606230-65612691	+	0.713	0.713	0.713	0.713	0.91	0.91	0.91	9.93	0.026	19.700000000000003
inclusion	K	cassette	MTMR3	chr22:30022029-30022139	+	0.724	0.724	0.724	0.724	0.868	0.868	0.868	9.92	0.0261	14.400000000000006
inclusion	N	cassette	CDC123	chr10:12215740-12215835	+	0.872	0.872	0.872	0.872	0.764	0.764	0.764	9.91	0.0263	-10.799999999999997
inclusion	K	alternative_first_exon	TRIM7	chr5:181203641-181203744	-	0.258	0.258	0.258	0.258	0.089	0.089	0.089	9.9	0.0263	-16.9
inclusion	K	alternative_last_exon	NIN	chr14:50758631-50759856	-	0.768	0.768	0.768	0.768	0.519	0.519	0.519	9.9	0.0263	-24.9
inclusion	K	cassette	ZNF140	chr12:133100987-133101053	+	0.285	0.285	0.285	0.285	0.681	0.681	0.681	9.9	0.0263	39.60000000000001
inclusion	N	alternative_donor	SLC6A15	chr12:84876608-84883854	-	0.156	0.156	0.156	0.156	0.067	0.067	0.067	9.9	0.0263	-8.899999999999999
inclusion	K	intron_retention	MRTFB	chr16:14261503-14262377	+	0.986	0.986	0.986	0.986	0.85	0.85	0.85	9.89	0.0264	-13.599999999999994
inclusion	K	alternative_last_exon	USP4	chr3:49278903-49280743	-	0.889	0.889	0.889	0.889	0.955	0.955	0.955	9.87	0.0266	6.599999999999994
inclusion	N	intron_retention	LINC01322	chr3:165511652-165513839	+	0.277	0.277	0.277	0.277	0.046	0.046	0.046	9.87	0.0266	-23.1
inclusion	K	alternative_first_exon	TBC1D2	chr9:98244130-98251784	-	0.885	0.885	0.885	0.885	0.966	0.966	0.966	9.87	0.0266	8.099999999999994
inclusion	N	alternative_last_exon	NPC2	chr14:74480289-74480701	-	0.971	0.971	0.971	0.971	0.995	0.995	0.995	9.87	0.0267	2.4000000000000057
inclusion	N	cassette	CAMTA2	chr17:4982089-4982160	-	0.797	0.797	0.797	0.797	0.892	0.892	0.892	9.86	0.0267	9.5
inclusion	N	cassette	AGO4	chr1:35832437-35832570	+	0.624	0.624	0.624	0.624	0.861	0.861	0.861	9.84	0.0269	23.699999999999996
inclusion	N	cassette	CDK11B	chr1:1657256-1657302	-	0.214	0.214	0.214	0.214	0.106	0.106	0.106	9.84	0.0269	-10.799999999999999
inclusion	N	cassette	ZDHHC16	chr10:97452895-97452923	+	0.845	0.845	0.845	0.845	0.942	0.942	0.942	9.84	0.0269	9.699999999999989
inclusion	K	intron_retention	TGFB1	chr19:41302721-41332127	-	0.93	0.93	0.93	0.93	0.994	0.994	0.994	9.83	0.0271	6.400000000000006
inclusion	N	cassette	GGCX	chr2:85560815-85560985	-	0.823	0.823	0.823	0.823	0.947	0.947	0.947	9.83	0.0271	12.399999999999991
inclusion	K	cassette	ADCY3	chr2:24838847-24838912	-	0.018	0.018	0.018	0.018	0.087	0.087	0.087	9.82	0.0272	6.8999999999999995
inclusion	N	cassette	PIKFYVE	chr2:208347859-208348023	+	0.942	0.942	0.942	0.942	0.7	0.7	0.7	9.82	0.0272	-24.19999999999999
inclusion	K	intron_retention	NOP14	chr4:2941730-2942191	-	0.004	0.004	0.004	0.004	0.047	0.047	0.047	9.81	0.0273	4.3
inclusion	N	cassette	PDCD4	chr10:110876670-110876753	+	0.044	0.044	0.044	0.044	0.01	0.01	0.01	9.81	0.0273	-3.3999999999999995
inclusion	K	alternative_first_exon	LAMB3	chr1:209650982-209651087	-	0.02	0.02	0.02	0.02	0.031	0.031	0.031	9.81	0.0273	1.1
inclusion	N	alternative_first_exon	AKT1	chr14:104792723-104795483	-	0.205	0.205	0.205	0.205	0.38	0.38	0.38	9.8	0.0273	17.5
inclusion	N	alternative_acceptor	ENDOG	chr9:128820849-128821437	+	0.213	0.213	0.213	0.213	0.1	0.1	0.1	9.8	0.0274	-11.3
inclusion	N	cassette	FAM189B	chr1:155253859-155253978	-	0.532	0.532	0.532	0.532	0.655	0.655	0.655	9.8	0.0274	12.299999999999997
inclusion	K	intron_retention	MSMO1	chr4:165327765-165337788	+	0.114	0.114	0.114	0.114	0.374	0.374	0.374	9.79	0.0274	26.0
inclusion	N	intron_retention	LETMD1	chr12:51049186-51055834	+	0.288	0.288	0.288	0.288	0.078	0.078	0.078	9.79	0.0274	-20.999999999999996
inclusion	N	cassette	KIF16B	chr20:16356330-16356452	-	0.814	0.814	0.814	0.814	0.985	0.985	0.985	9.79	0.0274	17.10000000000001
inclusion	K	alternative_first_exon	TNIP1	chr5:151063748-151064959	-	0.878	0.878	0.878	0.878	0.93	0.93	0.93	9.78	0.0276	5.200000000000003
inclusion	N	cassette	STAU1	chr20:49158939-49159146	-	0.093	0.093	0.093	0.093	0.038	0.038	0.038	9.78	0.0276	-5.500000000000001
inclusion	K	alternative_last_exon	PLA2G6	chr22:38128431-38129453	-	0.211	0.211	0.211	0.211	0.532	0.532	0.532	9.76	0.0277	32.10000000000001
inclusion	N	alternative_acceptor	TLN1	chr9:35726535-35732074	-	0.321	0.321	0.321	0.321	0.167	0.167	0.167	9.77	0.0277	-15.400000000000002
inclusion	N	alternative_donor	SNX11	chr17:48113402-48118703	+	0.792	0.792	0.792	0.792	0.958	0.958	0.958	9.77	0.0277	16.599999999999994
inclusion	N	cassette	KCNG1	chr20:51012359-51012416	-	0.636	0.636	0.636	0.636	0.78	0.78	0.78	9.77	0.0277	14.399999999999999
inclusion	N	alternative_acceptor	TSEN54	chr17:75519048-75521408	+	0.828	0.828	0.828	0.828	0.932	0.932	0.932	9.76	0.0277	10.400000000000006
inclusion	N	cassette	RHOD	chr11:67065896-67065983	+	0.965	0.965	0.965	0.965	0.99	0.99	0.99	9.75	0.0279	2.5
inclusion	K	cassette	VRK3	chr19:50009236-50009385	-	0.951	0.951	0.951	0.951	0.838	0.838	0.838	9.74	0.028	-11.299999999999997
inclusion	K	intron_retention	ACADVL	chr17:7220047-7220121	+	0.047	0.047	0.047	0.047	0.015	0.015	0.015	9.74	0.028	-3.2
inclusion	K	alternative_first_exon	PSMB8	chr6:32843090-32843849	-	0.795	0.795	0.795	0.795	0.882	0.882	0.882	9.73	0.028	8.700000000000003
inclusion	K	alternative_donor	CABIN1	chr22:24098106-24113565	+	0.081	0.081	0.081	0.081	0.225	0.225	0.225	9.72	0.0281	14.4
inclusion	K	alternative_first_exon	ACOT7	chr1:6349867-6385493	-	0.723	0.723	0.723	0.723	0.822	0.822	0.822	9.72	0.0281	9.899999999999991
inclusion	K	intron_retention	ADAR	chr1:154589929-154590261	-	0.59	0.59	0.59	0.59	0.439	0.439	0.439	9.72	0.0281	-15.100000000000001
inclusion	N	cassette	MICAL3	chr22:17822947-17823060	-	0.773	0.773	0.773	0.773	0.96	0.96	0.96	9.73	0.0281	18.700000000000003
inclusion	N	cassette	WDR44	chrX:118436702-118436824	+	0.973	0.973	0.973	0.973	0.763	0.763	0.763	9.72	0.0281	-21.0
inclusion	N	intron_retention	CDCP1	chr3:45083902-45083990	-	0.966	0.966	0.966	0.966	0.851	0.851	0.851	9.71	0.0283	-11.5
inclusion	K	intron_retention	NAXD	chr13:110634596-110634671	+	0.187	0.187	0.187	0.187	0.041	0.041	0.041	9.7	0.0283	-14.599999999999998
inclusion	K	cassette	MARK2	chr11:63906088-63906114	+	0.211	0.211	0.211	0.211	0.064	0.064	0.064	9.7	0.0283	-14.699999999999998
inclusion	K	intron_retention	TMEM8B	chr9:35829392-35829876	+	0.712	0.712	0.712	0.712	0.913	0.913	0.913	9.7	0.0283	20.099999999999994
inclusion	N	alternative_last_exon	RPS21	chr20:62387675-62387842	+	0.996	0.996	0.996	0.996	0.987	0.987	0.987	9.7	0.0283	-0.8999999999999915
inclusion	N	alternative_last_exon	FKBP11	chr12:48923853-48924222	-	0.917	0.917	0.917	0.917	0.987	0.987	0.987	9.69	0.0285	7.0
inclusion	N	intron_retention	GPR87	chr3:151316656-151316763	-	0.899	0.899	0.899	0.899	0.964	0.964	0.964	9.68	0.0285	6.499999999999986
inclusion	K	cassette	KTN1	chr14:55673172-55673255	+	0.177	0.177	0.177	0.177	0.283	0.283	0.283	9.68	0.0285	10.599999999999998
inclusion	N	cassette	TMEM241	chr18:23399566-23399647	-	0.578	0.578	0.578	0.578	0.8	0.8	0.8	9.68	0.0285	22.200000000000003
inclusion	N	cassette	AIG1	chr6:143284110-143284225	+	0.828	0.828	0.828	0.828	0.92	0.92	0.92	9.67	0.0286	9.200000000000003
inclusion	K	alternative_acceptor	NPAS2	chr2:100993528-100995399	+	0.6	0.6	0.6	0.6	0.886	0.886	0.886	9.66	0.0287	28.599999999999994
inclusion	K	cassette	DPH3	chr3:16264155-16264229	-	0.766	0.766	0.766	0.766	0.599	0.599	0.599	9.66	0.0287	-16.699999999999996
inclusion	K	cassette	SLC20A2	chr8:42471067-42471201	-	0.047	0.047	0.047	0.047	0.007	0.007	0.007	9.66	0.0287	-4.0
inclusion	K	intron_retention	HNRNPH3	chr10:68338643-68339139	+	0.306	0.306	0.306	0.306	0.189	0.189	0.189	9.66	0.0287	-11.7
inclusion	K	intron_retention	SRSF2	chr17:76735159-76735771	-	0.376	0.376	0.376	0.376	0.192	0.192	0.192	9.67	0.0287	-18.400000000000002
inclusion	N	alternative_acceptor	DKC1	chrX:154776325-154776798	+	0.949	0.949	0.949	0.949	0.995	0.995	0.995	9.65	0.0288	4.6000000000000085
inclusion	N	alternative_donor	MIR205HG	chr1:209429409-209430424	+	0.962	0.962	0.962	0.962	0.908	0.908	0.908	9.65	0.0288	-5.400000000000006
inclusion	N	alternative_acceptor	TM2D2	chr8:38995406-38996212	-	0.761	0.761	0.761	0.761	0.883	0.883	0.883	9.65	0.0288	12.200000000000003
inclusion	N	alternative_acceptor	IMPACT	chr18:24450815-24451046	+	0.831	0.831	0.831	0.831	0.984	0.984	0.984	9.65	0.0288	15.300000000000011
inclusion	K	alternative_acceptor	ATG13	chr11:46617891-46618259	+	0.717	0.717	0.717	0.717	0.438	0.438	0.438	9.64	0.0289	-27.900000000000006
inclusion	K	intron_retention	SCNN1A	chr12:6355379-6355776	-	0.449	0.449	0.449	0.449	0.277	0.277	0.277	9.64	0.0289	-17.199999999999996
inclusion	K	intron_retention	SYNCRIP	chr6:85612924-85614980	-	0.106	0.106	0.106	0.106	0.043	0.043	0.043	9.64	0.0289	-6.3
inclusion	N	cassette	TLN1	chr9:35722861-35722921	-	0.966	0.966	0.966	0.966	0.995	0.995	0.995	9.64	0.0289	2.9000000000000057
inclusion	N	alternative_acceptor	STUB1	chr16:680685-681151	+	0.957	0.957	0.957	0.957	0.89	0.89	0.89	9.63	0.0289	-6.700000000000003
inclusion	K	alternative_acceptor	TMEM39A	chr3:119462149-119463335	-	0.945	0.945	0.945	0.945	0.76	0.76	0.76	9.63	0.0289	-18.5
inclusion	N	cassette	EEFSEC	chr3:128264617-128264781	+	0.886	0.886	0.886	0.886	0.954	0.954	0.954	9.63	0.0289	6.799999999999997
inclusion	K	intron_retention	KANSL3	chr2:96631483-96636920	-	0.38	0.38	0.38	0.38	0.165	0.165	0.165	9.62	0.029	-21.5
inclusion	K	cassette	IMPDH2	chr3:49025995-49026066	-	0.027	0.027	0.027	0.027	0.007	0.007	0.007	9.6	0.0293	-2.0
inclusion	N	cassette	PAICS	chr4:56453603-56453761	+	0.994	0.994	0.994	0.994	0.967	0.967	0.967	9.6	0.0293	-2.700000000000003
inclusion	N	alternative_donor	TM9SF4	chr20:32166609-32166972	+	0.899	0.899	0.899	0.899	0.653	0.653	0.653	9.59	0.0294	-24.60000000000001
inclusion	K	alternative_acceptor	CEP170	chr1:243156456-243164283	-	0.858	0.858	0.858	0.858	0.674	0.674	0.674	9.59	0.0294	-18.39999999999999
inclusion	N	intron_retention	MAP2K2	chr19:4099379-4101018	-	0.989	0.989	0.989	0.989	0.932	0.932	0.932	9.59	0.0294	-5.700000000000003
inclusion	K	intron_retention	CHRNB1	chr17:7455457-7455793	+	0.334	0.334	0.334	0.334	0.12	0.12	0.12	9.58	0.0295	-21.4
inclusion	K	cassette	FLNA	chrX:154357251-154357274	-	0.727	0.727	0.727	0.727	0.663	0.663	0.663	9.57	0.0296	-6.400000000000006
inclusion	N	cassette	CRCP	chr7:66127704-66127740	+	0.919	0.919	0.919	0.919	0.987	0.987	0.987	9.57	0.0296	6.799999999999997
inclusion	N	alternative_last_exon	UBXN1	chr11:62676640-62677517,chr11:62677006-62677517	-	0.996	0.996	0.996	0.996	0.971	0.971	0.971	9.57	0.0297	-2.5
inclusion	K	alternative_first_exon	NFKB2	chr10:102395797-102395887	+	0.835	0.835	0.835	0.835	0.696	0.696	0.696	9.56	0.0297	-13.900000000000006
inclusion	N	cassette	NOSIP	chr19:49558897-49558973	-	0.973	0.973	0.973	0.973	0.997	0.997	0.997	9.56	0.0297	2.4000000000000057
inclusion	K	alternative_donor	ADAR	chr1:154589929-154590183	-	0.861	0.861	0.861	0.861	0.768	0.768	0.768	9.55	0.0298	-9.299999999999997
inclusion	N	alternative_acceptor	TSEN54	chr17:75521511-75521675	+	0.148	0.148	0.148	0.148	0.048	0.048	0.048	9.55	0.0298	-10.0
inclusion	K	intron_retention	TRIM11	chr1:228395253-228396946	-	0.175	0.175	0.175	0.175	0.078	0.078	0.078	9.54	0.0299	-9.7
inclusion	K	mutually_exclusive	NQO1	chr16:69711282-69713027,chr16:69713130-69718122	-	0.903	0.903	0.903	0.903	0.832	0.832	0.832	9.54	0.0299	-7.099999999999994
inclusion	K	intron_retention	NFKB2	chr10:102395797-102395887	+	0.131	0.131	0.131	0.131	0.241	0.241	0.241	9.54	0.03	10.999999999999996
inclusion	K	cassette	PMF1	chr1:156232320-156232425	+	0.907	0.907	0.907	0.907	0.964	0.964	0.964	9.54	0.03	5.699999999999989
inclusion	K	alternative_last_exon	NPC1	chr18:23522907-23533354	-	0.443	0.443	0.443	0.443	0.773	0.773	0.773	9.53	0.0301	33.0
inclusion	N	alternative_last_exon	nogene	chr19:54097613-54160107	.	0.342	0.342	0.342	0.342	0.238	0.238	0.238	9.53	0.0301	-10.400000000000006
inclusion	N	alternative_donor	CD44	chr11:35204660-35205784	+	0.717	0.717	0.717	0.717	0.909	0.909	0.909	9.53	0.0301	19.200000000000003
inclusion	N	cassette	UCHL5	chr1:193027875-193027955	-	0.211	0.211	0.211	0.211	0.093	0.093	0.093	9.53	0.0301	-11.799999999999997
inclusion	K	alternative_first_exon	LETMD1	chr12:51052208-51053777,chr12:51052247-51053777	+	0.888	0.888	0.888	0.888	0.957	0.957	0.957	9.52	0.0302	6.900000000000006
inclusion	K	intron_retention	HDLBP	chr2:241269106-241269200	-	0.421	0.421	0.421	0.421	0.665	0.665	0.665	9.51	0.0302	24.4
inclusion	N	cassette	ENTR1	chr9:136410090-136410239	-	0.191	0.191	0.191	0.191	0.335	0.335	0.335	9.51	0.0302	14.399999999999999
inclusion	K	cassette	EPB41	chr1:29096155-29096604	+	0.326	0.326	0.326	0.326	0.132	0.132	0.132	9.51	0.0303	-19.4
inclusion	N	intron_retention	CSNK1E	chr22:38291736-38293254	-	0.996	0.996	0.996	0.996	0.971	0.971	0.971	9.5	0.0304	-2.5
inclusion	K	cassette	SYT7	chr11:61547177-61547308	-	0.277	0.277	0.277	0.277	0.536	0.536	0.536	9.5	0.0304	25.9
inclusion	K	intron_retention	PCK2	chr14:24103256-24103841	+	0.905	0.905	0.905	0.905	0.826	0.826	0.826	9.5	0.0304	-7.900000000000006
inclusion	N	alternative_acceptor	MAN2C1	chr15:75356381-75356605	-	0.158	0.158	0.158	0.158	0.353	0.353	0.353	9.49	0.0305	19.499999999999996
inclusion	K	alternative_first_exon	CBFB	chr16:67036756-67066681	+	0.851	0.851	0.851	0.851	0.968	0.968	0.968	9.48	0.0306	11.700000000000003
inclusion	N	alternative_acceptor	RALGDS	chr9:133109722-133110295	-	0.313	0.313	0.313	0.313	0.561	0.561	0.561	9.48	0.0306	24.800000000000008
inclusion	N	cassette	STRADB	chr2:201478563-201478601	+	0.972	0.972	0.972	0.972	0.836	0.836	0.836	9.47	0.0307	-13.600000000000009
inclusion	N	alternative_acceptor	DHCR7	chr11:71444120-71444854	-	0.002	0.002	0.002	0.002	0.022	0.022	0.022	9.47	0.0308	1.9999999999999998
inclusion	K	alternative_last_exon	RBM26	chr13:79320711-79322348	-	0.604	0.604	0.604	0.604	0.848	0.848	0.848	9.46	0.0308	24.4
inclusion	N	cassette	MEGF8	chr19:42371350-42371482	+	0.379	0.379	0.379	0.379	0.561	0.561	0.561	9.46	0.0308	18.20000000000001
inclusion	N	alternative_acceptor	DGKZ	chr11:46377213-46377294	+	0.186	0.186	0.186	0.186	0.104	0.104	0.104	9.46	0.0308	-8.200000000000001
inclusion	K	intron_retention	WDR13	chrX:48598038-48598750	+	0.396	0.396	0.396	0.396	0.269	0.269	0.269	9.46	0.0308	-12.7
inclusion	K	alternative_acceptor	SMPD1	chr11:6390917-6391383	+	0.887	0.887	0.887	0.887	0.99	0.99	0.99	9.46	0.0308	10.299999999999997
inclusion	K	alternative_last_exon	ATXN2	chr12:111510445-111513356,chr12:111510583-111513356	-	0.98	0.98	0.98	0.98	0.906	0.906	0.906	9.45	0.0309	-7.3999999999999915
inclusion	N	alternative_last_exon	CYB561D2	chr3:50352047-50353240	+	0.389	0.389	0.389	0.389	0.6	0.6	0.6	9.44	0.031	21.1
inclusion	K	alternative_first_exon	FKBP8	chr19:18541996-18543485	-	0.934	0.934	0.934	0.934	0.881	0.881	0.881	9.43	0.0312	-5.300000000000011
inclusion	K	cassette	DST	chr6:56463046-56463156	-	0.801	0.801	0.801	0.801	0.93	0.93	0.93	9.43	0.0312	12.899999999999991
inclusion	K	intron_retention	RMND5B	chr5:178142729-178142851	+	0.088	0.088	0.088	0.088	0.028	0.028	0.028	9.43	0.0312	-5.999999999999998
inclusion	K	intron_retention	NME1-NME2	chr17:51161273-51166826	+	0.298	0.298	0.298	0.298	0.445	0.445	0.445	9.42	0.0312	14.700000000000003
inclusion	N	alternative_acceptor	TRIM7	chr5:181204453-181204588	-	0.144	0.144	0.144	0.144	0.041	0.041	0.041	9.42	0.0312	-10.299999999999997
inclusion	N	alternative_last_exon	BCAR3	chr1:93754347-93775196	-	0.622	0.622	0.622	0.622	0.729	0.729	0.729	9.42	0.0312	10.699999999999989
inclusion	N	cassette	THRAP3	chr1:36225412-36225463	+	0.073	0.073	0.073	0.073	0.013	0.013	0.013	9.42	0.0312	-6.0
inclusion	K	alternative_last_exon	BCL7C	chr16:30887991-30888859	-	0.764	0.764	0.764	0.764	0.857	0.857	0.857	9.42	0.0312	9.299999999999997
inclusion	N	cassette	TMEM126A	chr11:85650249-85650341	+	0.832	0.832	0.832	0.832	0.933	0.933	0.933	9.42	0.0313	10.100000000000009
inclusion	K	coord_cassette	SLMAP	chr3:57864807-57864857	+	0.182	0.182	0.182	0.182	0.044	0.044	0.044	9.41	0.0313	-13.8
inclusion	K	alternative_last_exon	CTDP1	chr18:79729070-79736354	+	0.777	0.777	0.777	0.777	0.949	0.949	0.949	9.41	0.0314	17.19999999999999
inclusion	K	alternative_last_exon	GTF3C5	chr9:133054810-133054943	+	0.135	0.135	0.135	0.135	0.06	0.06	0.06	9.4	0.0314	-7.5
inclusion	N	intron_retention	TCF19	chr6:31159036-31159142	+	0.905	0.905	0.905	0.905	0.742	0.742	0.742	9.4	0.0314	-16.299999999999997
inclusion	N	intron_retention	DDR1	chr6:30899434-30899519	+	0.935	0.935	0.935	0.935	0.972	0.972	0.972	9.39	0.0316	3.700000000000003
inclusion	N	cassette	ZER1	chr9:128739931-128740119	-	0.943	0.943	0.943	0.943	0.988	0.988	0.988	9.39	0.0316	4.5
inclusion	N	mutually_exclusive	WNK1	chr12:878362-879572,chr12:880032-881691	+	0.505	0.505	0.505	0.505	0.162	0.162	0.162	9.39	0.0316	-34.3
inclusion	K	alternative_acceptor	ZFP90	chr16:68558125-68558374	+	0.122	0.122	0.122	0.122	0.024	0.024	0.024	9.38	0.0317	-9.799999999999999
inclusion	K	coord_cassette	TCTN3	chr10:95687247-95687355	-	0.95	0.95	0.95	0.95	0.876	0.876	0.876	9.38	0.0317	-7.400000000000006
inclusion	N	cassette	ARAP1	chr11:72732515-72732597	-	0.556	0.556	0.556	0.556	0.84	0.84	0.84	9.38	0.0317	28.39999999999999
inclusion	K	alternative_last_exon	LAMP2	chrX:120439294-120441729	-	0.756	0.756	0.756	0.756	0.853	0.853	0.853	9.37	0.0317	9.700000000000003
inclusion	K	alternative_donor	SNX5	chr20:17957038-17968374	-	0.629	0.629	0.629	0.629	0.87	0.87	0.87	9.36	0.0319	24.1
inclusion	K	coord_cassette	SYT7	chr11:61546031-61546255	-	0.284	0.284	0.284	0.284	0.553	0.553	0.553	9.36	0.0319	26.900000000000006
inclusion	K	intron_retention	MICAL2	chr11:12259898-12275985	+	0.888	0.888	0.888	0.888	0.786	0.786	0.786	9.36	0.0319	-10.199999999999989
inclusion	K	cassette	AC073869.1	chr2:131519814-131519942	+	0.259	0.259	0.259	0.259	0.056	0.056	0.056	9.35	0.032	-20.3
inclusion	K	cassette	DNAAF2	chr14:49628012-49628155	-	0.586	0.586	0.586	0.586	0.388	0.388	0.388	9.35	0.032	-19.79999999999999
inclusion	K	alternative_acceptor	SHMT2	chr12:57232293-57232424	+	0.049	0.049	0.049	0.049	0.02	0.02	0.02	9.33	0.0322	-2.9000000000000004
inclusion	N	alternative_acceptor	DHX32	chr10:125885677-125896217	-	0.111	0.111	0.111	0.111	0.29	0.29	0.29	9.34	0.0322	17.9
inclusion	N	alternative_donor	TSEN54	chr17:75522334-75523274	+	0.602	0.602	0.602	0.602	0.782	0.782	0.782	9.33	0.0322	18.000000000000007
inclusion	N	alternative_first_exon	THAP9-AS1	chr4:82894848-82895691	-	0.963	0.963	0.963	0.963	0.775	0.775	0.775	9.34	0.0322	-18.799999999999997
inclusion	K	alternative_last_exon	MAP4	chr3:47869328-47870812	-	0.911	0.911	0.911	0.911	0.957	0.957	0.957	9.33	0.0323	4.599999999999994
inclusion	K	cassette	TCERG1	chr5:146468341-146468403	+	0.172	0.172	0.172	0.172	0.29	0.29	0.29	9.32	0.0323	11.799999999999997
inclusion	N	cassette	DARS2	chr1:173845229-173845291	+	0.936	0.936	0.936	0.936	0.987	0.987	0.987	9.32	0.0323	5.099999999999994
inclusion	K	alternative_last_exon	GLS	chr2:190931638-190932715,chr2:190931638-190932656	+	0.812	0.812	0.812	0.812	0.663	0.663	0.663	9.32	0.0324	-14.900000000000006
inclusion	K	intron_retention	HYI	chr1:43453498-43453594	-	0.123	0.123	0.123	0.123	0.034	0.034	0.034	9.31	0.0324	-8.9
inclusion	K	intron_retention	DEDD	chr1:161124211-161124339	-	0.996	0.996	0.996	0.996	0.958	0.958	0.958	9.31	0.0324	-3.799999999999997
inclusion	N	alternative_acceptor	ALS2CL	chr3:46671585-46671883	-	0.872	0.872	0.872	0.872	0.941	0.941	0.941	9.31	0.0324	6.8999999999999915
inclusion	K	alternative_last_exon	PCBD1	chr10:70884049-70885151	-	0.946	0.946	0.946	0.946	0.99	0.99	0.99	9.3	0.0325	4.400000000000006
inclusion	K	intron_retention	PLEKHG5	chr1:6467573-6467824	-	0.145	0.145	0.145	0.145	0.271	0.271	0.271	9.29	0.0328	12.600000000000003
inclusion	K	cassette	PALM2AKAP2	chr9:110156319-110156497	+	0.471	0.471	0.471	0.471	0.636	0.636	0.636	9.28	0.0328	16.500000000000007
inclusion	K	alternative_acceptor	PLIN3	chr19:4852302-4859589	-	0.996	0.996	0.996	0.996	0.955	0.955	0.955	9.27	0.0329	-4.099999999999994
inclusion	K	cassette	PHKA1	chrX:72601991-72602029	-	0.007	0.007	0.007	0.007	0.088	0.088	0.088	9.28	0.0329	8.1
inclusion	K	cassette	RNF34	chr12:121402742-121402807	+	0.067	0.067	0.067	0.067	0.184	0.184	0.184	9.27	0.0329	11.7
inclusion	N	alternative_acceptor	FERMT1	chr20:6096995-6097523	-	0.026	0.026	0.026	0.026	0.085	0.085	0.085	9.27	0.0329	5.9
inclusion	N	alternative_acceptor	GMPR2	chr14:24232848-24233218	+	0.852	0.852	0.852	0.852	0.71	0.71	0.71	9.28	0.0329	-14.200000000000003
inclusion	K	alternative_last_exon	CCDC112	chr5:115269799-115271212	-	0.719	0.719	0.719	0.719	0.937	0.937	0.937	9.26	0.0332	21.80000000000001
inclusion	K	alternative_first_exon	CGB7	chr19:49057249-49057664,chr19:49057249-49057461	-	0.818	0.818	0.818	0.818	0.966	0.966	0.966	9.25	0.0332	14.799999999999997
inclusion	K	intron_retention	ZXDC	chr3:126459738-126461534	-	0.572	0.572	0.572	0.572	0.388	0.388	0.388	9.25	0.0333	-18.39999999999999
inclusion	K	intron_retention	PPP1R12C	chr19:55096336-55098783	-	0.049	0.049	0.049	0.049	0.007	0.007	0.007	9.24	0.0334	-4.2
inclusion	K	intron_retention	SLC11A2	chr12:50980059-50981638	-	0.742	0.742	0.742	0.742	0.943	0.943	0.943	9.24	0.0335	20.099999999999994
inclusion	N	alternative_acceptor	TPCN1	chr12:113291959-113292933	+	0.951	0.951	0.951	0.951	0.995	0.995	0.995	9.22	0.0336	4.400000000000006
inclusion	K	alternative_first_exon	RAB34	chr17:28716059-28716902	-	0.878	0.878	0.878	0.878	0.952	0.952	0.952	9.19	0.0342	7.3999999999999915
inclusion	K	intron_retention	IMPACT	chr18:24450815-24451360	+	0.814	0.814	0.814	0.814	0.981	0.981	0.981	9.2	0.0342	16.700000000000003
inclusion	K	intron_retention	RING1	chr6:33210131-33211157	+	0.054	0.054	0.054	0.054	0.017	0.017	0.017	9.19	0.0342	-3.7
inclusion	N	cassette	MTCH2	chr11:47625674-47625741	-	0.899	0.899	0.899	0.899	0.949	0.949	0.949	9.19	0.0342	4.999999999999986
inclusion	K	alternative_first_exon	GLMP	chr1:156293210-156294017	-	0.044	0.044	0.044	0.044	0.008	0.008	0.008	9.19	0.0342	-3.5999999999999996
inclusion	N	cassette	TMEM126B	chr11:85631145-85631316	+	0.418	0.418	0.418	0.418	0.284	0.284	0.284	9.18	0.0343	-13.399999999999999
inclusion	N	cassette	CLTA	chr9:36198979-36199096	+	0.98	0.98	0.98	0.98	0.997	0.997	0.997	9.17	0.0344	1.7000000000000028
inclusion	K	cassette	DNM2	chr19:10808569-10808580	+	0.943	0.943	0.943	0.943	0.875	0.875	0.875	9.17	0.0345	-6.799999999999997
inclusion	K	cassette	ZFAND3	chr6:38003691-38003783	+	0.038	0.038	0.038	0.038	0.007	0.007	0.007	9.17	0.0345	-3.0999999999999996
inclusion	K	alternative_donor	TRERF1	chr6:42259724-42263259	-	0.327	0.327	0.327	0.327	0.57	0.57	0.57	9.16	0.0346	24.29999999999999
inclusion	K	intron_retention	CEP170	chr1:243186073-243186258	-	0.039	0.039	0.039	0.039	0.207	0.207	0.207	9.16	0.0346	16.8
inclusion	K	intron_retention	HNRNPDL	chr4:82424884-82425562	-	0.088	0.088	0.088	0.088	0.191	0.191	0.191	9.15	0.0346	10.300000000000002
inclusion	N	cassette	CWC27	chr5:64977135-64977238	+	0.916	0.916	0.916	0.916	0.988	0.988	0.988	9.16	0.0346	7.199999999999989
inclusion	N	alternative_last_exon	PXMP2	chr12:132690377-132695883	+	0.543	0.543	0.543	0.543	0.781	0.781	0.781	9.15	0.0347	23.800000000000004
inclusion	K	alternative_acceptor	ADAR	chr1:154596996-154597122	-	0.982	0.982	0.982	0.982	0.944	0.944	0.944	9.14	0.0348	-3.8000000000000114
inclusion	K	cassette	MBD1	chr18:50274186-50274353	-	0.612	0.612	0.612	0.612	0.723	0.723	0.723	9.14	0.0348	11.100000000000001
inclusion	K	intron_retention	TNS4	chr17:40485008-40487035	-	0.054	0.054	0.054	0.054	0.018	0.018	0.018	9.14	0.0348	-3.6000000000000005
inclusion	K	alternative_first_exon	ETV4	chr17:43545368-43545557	-	0.948	0.948	0.948	0.948	0.847	0.847	0.847	9.14	0.0349	-10.099999999999994
inclusion	K	intron_retention	LACTB	chr15:63129651-63141279	+	0.039	0.039	0.039	0.039	0.13	0.13	0.13	9.13	0.0349	9.1
inclusion	K	cassette	SH3GLB1	chr1:86715724-86715865	+	0.94	0.94	0.94	0.94	0.987	0.987	0.987	9.12	0.0351	4.700000000000003
inclusion	K	intron_retention	PGP	chr16:2212848-2213580	-	0.678	0.678	0.678	0.678	0.961	0.961	0.961	9.12	0.0351	28.299999999999983
inclusion	K	alternative_first_exon	PDLIM5	chr4:94523876-94573350	+	0.927	0.927	0.927	0.927	0.986	0.986	0.986	9.11	0.0353	5.8999999999999915
inclusion	K	intron_retention	MTSS1	chr8:124556355-124557680	-	0.71	0.71	0.71	0.71	0.559	0.559	0.559	9.11	0.0353	-15.099999999999994
inclusion	K	intron_retention	YY1AP1	chr1:155660914-155661306	-	0.004	0.004	0.004	0.004	0.048	0.048	0.048	9.11	0.0353	4.3999999999999995
inclusion	K	cassette	NQO1	chr16:69714964-69715077	-	0.846	0.846	0.846	0.846	0.906	0.906	0.906	9.1	0.0354	6.000000000000014
inclusion	K	alternative_last_exon	TDRKH	chr1:151770563-151774412	-	0.497	0.497	0.497	0.497	0.283	0.283	0.283	9.09	0.0354	-21.400000000000006
inclusion	K	alternative_first_exon	LRRFIP1	chr2:237692522-237708543	+	0.944	0.944	0.944	0.944	0.819	0.819	0.819	9.09	0.0355	-12.5
inclusion	K	alternative_acceptor	SUPT20H	chr13:37022318-37024034	-	0.393	0.393	0.393	0.393	0.56	0.56	0.56	9.08	0.0356	16.700000000000003
inclusion	N	cassette	TEX30	chr13:102770012-102770086	-	0.365	0.365	0.365	0.365	0.708	0.708	0.708	9.07	0.0358	34.3
inclusion	N	alternative_donor	POMT1	chr9:131509997-131510259	+	0.856	0.856	0.856	0.856	0.977	0.977	0.977	9.07	0.0359	12.100000000000009
inclusion	K	alternative_acceptor	WDR13	chrX:48598038-48598716	+	0.839	0.839	0.839	0.839	0.75	0.75	0.75	9.05	0.0361	-8.899999999999991
inclusion	N	intron_retention	RACK1	chr5:181238240-181239111	-	0.944	0.944	0.944	0.944	0.46	0.46	0.46	9.06	0.0361	-48.39999999999999
inclusion	K	cassette	AKAP9	chr7:92042046-92042186	+	0.508	0.508	0.508	0.508	0.21	0.21	0.21	9.05	0.0361	-29.799999999999997
inclusion	K	intron_retention	EFNA4	chr1:155067441-155069018	+	0.813	0.813	0.813	0.813	0.626	0.626	0.626	9.05	0.0361	-18.699999999999996
inclusion	N	cassette	RHOD	chr11:67066738-67066847	+	0.968	0.968	0.968	0.968	0.991	0.991	0.991	9.04	0.0362	2.299999999999997
inclusion	N	cassette	MKNK1	chr1:46560234-46560277	-	0.521	0.521	0.521	0.521	0.357	0.357	0.357	9.04	0.0363	-16.400000000000006
inclusion	K	alternative_acceptor	TOM1L1	chr17:54905568-54912665	+	0.993	0.993	0.993	0.993	0.928	0.928	0.928	9.03	0.0365	-6.499999999999986
inclusion	K	alternative_acceptor	SH3TC1	chr4:8205367-8209664	+	0.144	0.144	0.144	0.144	0.067	0.067	0.067	9.02	0.0366	-7.699999999999998
inclusion	N	alternative_donor	KRT18	chr12:52950012-52950327	+	0.022	0.022	0.022	0.022	0.005	0.005	0.005	9.02	0.0366	-1.6999999999999997
inclusion	K	intron_retention	ANKS6	chr9:98732554-98736526	-	0.818	0.818	0.818	0.818	0.967	0.967	0.967	9	0.037	14.900000000000006
inclusion	N	coord_cassette	C12orf49	chr12:116720296-116720447	-	0.93	0.93	0.93	0.93	0.989	0.989	0.989	8.99	0.037	5.900000000000006
inclusion	K	alternative_first_exon	PYGO2	chr1:154961027-154961473	-	0.121	0.121	0.121	0.121	0.231	0.231	0.231	8.99	0.0371	11.000000000000002
inclusion	K	alternative_first_exon	RGS3	chr9:113594339-113594429	+	0.198	0.198	0.198	0.198	0.371	0.371	0.371	8.99	0.0371	17.3
inclusion	N	intron_retention	ATXN2L	chr16:28836123-28836325	+	0.877	0.877	0.877	0.877	0.963	0.963	0.963	8.98	0.0372	8.599999999999994
inclusion	N	intron_retention	PDCD2	chr6:170584412-170584497	.	0.94	0.94	0.94	0.94	0.994	0.994	0.994	8.98	0.0372	5.400000000000006
inclusion	K	intron_retention	ZNF106	chr15:42439553-42442072	-	0.495	0.495	0.495	0.495	0.675	0.675	0.675	8.98	0.0372	18.0
inclusion	N	intron_retention	GAK	chr4:849463-849577	-	0.994	0.994	0.994	0.994	0.944	0.944	0.944	8.97	0.0373	-5.000000000000014
inclusion	K	alternative_acceptor	MTSS1	chr8:124556406-124557680	-	0.905	0.905	0.905	0.905	0.833	0.833	0.833	8.97	0.0374	-7.200000000000003
inclusion	K	intron_retention	NLRP1	chr17:5584104-5584292	-	0.458	0.458	0.458	0.458	0.746	0.746	0.746	8.97	0.0374	28.79999999999999
inclusion	N	alternative_acceptor	PRKCSH	chr19:11449429-11449563	+	0.102	0.102	0.102	0.102	0.186	0.186	0.186	8.97	0.0374	8.400000000000002
inclusion	N	intron_retention	CERK	chr22:46686640-46687102	-	0.909	0.909	0.909	0.909	0.985	0.985	0.985	8.97	0.0374	7.599999999999994
inclusion	N	intron_retention	TCEA2	chr20:64063385-64066405	+	0.823	0.823	0.823	0.823	0.968	0.968	0.968	8.96	0.0374	14.5
inclusion	K	cassette	MARCHF7	chr2:159764626-159764674	+	0.868	0.868	0.868	0.868	0.694	0.694	0.694	8.95	0.0377	-17.400000000000006
inclusion	K	intron_retention	WDFY2	chr13:51751416-51755357	+	0.046	0.046	0.046	0.046	0.008	0.008	0.008	8.94	0.0379	-3.8
inclusion	N	alternative_donor	CDK2AP2	chr11:67507690-67508000	-	0.893	0.893	0.893	0.893	0.947	0.947	0.947	8.93	0.038	5.3999999999999915
inclusion	N	cassette	DPH7	chr9:137576309-137576402	-	0.699	0.699	0.699	0.699	0.448	0.448	0.448	8.93	0.038	-25.099999999999987
inclusion	N	alternative_last_exon	LINC00674	chr17:68101960-68102942	+	0.606	0.606	0.606	0.606	0.808	0.808	0.808	8.93	0.038	20.20000000000001
inclusion	N	cassette	FBXO7	chr22:32479133-32479275	+	0.963	0.963	0.963	0.963	0.994	0.994	0.994	8.92	0.0382	3.1000000000000085
inclusion	K	alternative_last_exon	SMCHD1	chr18:2796522-2802527	+	0.748	0.748	0.748	0.748	0.931	0.931	0.931	8.91	0.0383	18.30000000000001
inclusion	K	cassette	HDAC3	chr5:141630044-141630125	-	0.997	0.997	0.997	0.997	0.966	0.966	0.966	8.91	0.0383	-3.1000000000000085
inclusion	K	intron_retention	SLC33A1	chr3:155826820-155828181	-	0.685	0.685	0.685	0.685	0.886	0.886	0.886	8.91	0.0383	20.099999999999994
inclusion	N	alternative_donor	MRTFB	chr16:14262148-14262377	+	0.984	0.984	0.984	0.984	0.852	0.852	0.852	8.91	0.0383	-13.200000000000003
inclusion	N	alternative_first_exon	DERL1	chr8:123025051-123030604	-	0.941	0.941	0.941	0.941	0.988	0.988	0.988	8.91	0.0383	4.700000000000003
inclusion	N	cassette	PXN	chr12:120216273-120216581	-	0.124	0.124	0.124	0.124	0.057	0.057	0.057	8.91	0.0383	-6.7
inclusion	K	alternative_last_exon	PITPNM1	chr11:67504222-67505187	-	0.942	0.942	0.942	0.942	0.994	0.994	0.994	8.9	0.0384	5.200000000000017
inclusion	N	alternative_acceptor	R3HDM2	chr12:57292650-57295398	-	0.047	0.047	0.047	0.047	0.167	0.167	0.167	8.9	0.0384	12.0
inclusion	K	cassette	PPP4R1	chr18:9583117-9583275	-	0.96	0.96	0.96	0.96	0.993	0.993	0.993	8.89	0.0385	3.299999999999997
inclusion	K	intron_retention	TTF2	chr1:117101563-117102193	+	0.746	0.746	0.746	0.746	0.954	0.954	0.954	8.89	0.0385	20.799999999999997
inclusion	N	alternative_first_exon	S100A13	chr1:153626534-153627482	-	0.78	0.78	0.78	0.78	0.875	0.875	0.875	8.89	0.0385	9.5
inclusion	N	cassette	C12orf49	chr12:116723067-116723223	-	0.792	0.792	0.792	0.792	0.917	0.917	0.917	8.88	0.0386	12.5
inclusion	K	intron_retention	NABP2	chr12:56222200-56224833	+	0.277	0.277	0.277	0.277	0.499	0.499	0.499	8.88	0.0386	22.199999999999996
inclusion	K	cassette	HDDC2	chr6:125298714-125298816	-	0.513	0.513	0.513	0.513	0.636	0.636	0.636	8.88	0.0387	12.299999999999997
inclusion	K	cassette	ECD	chr10:73163733-73163950	-	0.923	0.923	0.923	0.923	0.793	0.793	0.793	8.87	0.0387	-13.000000000000014
inclusion	K	intron_retention	EIF4E2	chr2:232567215-232568944	+	0.025	0.025	0.025	0.025	0.065	0.065	0.065	8.87	0.0387	4.0
inclusion	K	alternative_first_exon	PCDHA11	chr5:140871495-140978948	+	0.189	0.189	0.189	0.189	0.048	0.048	0.048	8.86	0.039	-14.099999999999998
inclusion	K	cassette	MGRN1	chr16:4677463-4677572	+	0.901	0.901	0.901	0.901	0.985	0.985	0.985	8.86	0.039	8.399999999999991
inclusion	K	alternative_first_exon	SINHCAF	chr12:31298225-31326023	-	0.594	0.594	0.594	0.594	0.444	0.444	0.444	8.84	0.0392	-15.0
inclusion	K	intron_retention	AC004943.2	chr16:72781820-72787162	+	0.597	0.597	0.597	0.597	0.343	0.343	0.343	8.84	0.0392	-25.39999999999999
inclusion	N	intron_retention	DTYMK	chr2:241678578-241680228	-	0.938	0.938	0.938	0.938	0.813	0.813	0.813	8.84	0.0392	-12.5
inclusion	N	alternative_first_exon	AL355385.2	chr6:43054487-43055544	-	0.778	0.778	0.778	0.778	0.862	0.862	0.862	8.84	0.0392	8.400000000000006
inclusion	N	cassette	STAU1	chr20:49158437-49158497	-	0.094	0.094	0.094	0.094	0.04	0.04	0.04	8.84	0.0392	-5.4
inclusion	K	alternative_first_exon	TRAK1	chr3:42091561-42125419	+	0.06	0.06	0.06	0.06	0.194	0.194	0.194	8.83	0.0393	13.400000000000002
inclusion	N	alternative_acceptor	SUZ12	chr17:31947686-31964820	+	0.209	0.209	0.209	0.209	0.022	0.022	0.022	8.83	0.0393	-18.7
inclusion	N	cassette	PDGFA	chr7:517394-517490	-	0.957	0.957	0.957	0.957	0.993	0.993	0.993	8.83	0.0393	3.5999999999999943
inclusion	N	cassette	IFRD2	chr3:50289255-50289356	-	0.974	0.974	0.974	0.974	0.912	0.912	0.912	8.83	0.0394	-6.199999999999989
inclusion	K	alternative_last_exon	NUBP2	chr16:1786656-1786756,chr16:1786656-1786737	+	0.462	0.462	0.462	0.462	0.603	0.603	0.603	8.82	0.0394	14.099999999999994
inclusion	K	intron_retention	SMARCA4	chr19:11039554-11041306	+	0.202	0.202	0.202	0.202	0.455	0.455	0.455	8.82	0.0394	25.299999999999997
inclusion	K	alternative_last_exon	LINC01503	chr9:129342044-129347225	+	0.855	0.855	0.855	0.855	0.975	0.975	0.975	8.81	0.0397	12.0
inclusion	K	alternative_last_exon	PSTK	chr10:122986963-122987333	+	0.226	0.226	0.226	0.226	0.477	0.477	0.477	8.8	0.0397	25.099999999999994
inclusion	K	cassette	NFYA	chr6:41080811-41080897	+	0.246	0.246	0.246	0.246	0.088	0.088	0.088	8.8	0.0397	-15.800000000000002
inclusion	K	cassette	PEX11A	chr15:89686431-89686546	-	0.806	0.806	0.806	0.806	0.98	0.98	0.98	8.8	0.0397	17.39999999999999
inclusion	K	intron_retention	TMEM33	chr4:41935263-41935466	+	0.689	0.689	0.689	0.689	0.828	0.828	0.828	8.8	0.0397	13.900000000000006
inclusion	N	alternative_acceptor	ESYT1	chr12:56133874-56134109	+	0.9	0.9	0.9	0.9	0.943	0.943	0.943	8.8	0.0397	4.299999999999997
inclusion	N	alternative_donor	nogene	chr9:135925188-135933056	-	0.674	0.674	0.674	0.674	0.93	0.93	0.93	8.8	0.0397	25.599999999999994
inclusion	N	alternative_donor	TRIM37	chr17:58982922-58999380	-	0.79	0.79	0.79	0.79	0.542	0.542	0.542	8.8	0.0397	-24.799999999999997
inclusion	N	cassette	PICALM	chr11:86031469-86031611	-	0.947	0.947	0.947	0.947	0.992	0.992	0.992	8.81	0.0397	4.500000000000014
inclusion	N	coord_cassette	EEF1AKMT1	chr13:20731841-20732121	-	0.725	0.725	0.725	0.725	0.932	0.932	0.932	8.8	0.0397	20.700000000000003
inclusion	K	intron_retention	SRSF8	chr11:95068184-95068654	+	0.652	0.652	0.652	0.652	0.796	0.796	0.796	8.79	0.0397	14.400000000000006
inclusion	N	cassette	ZNF561-AS1	chr19:9626784-9626860	+	0.361	0.361	0.361	0.361	0.519	0.519	0.519	8.79	0.0398	15.799999999999997
inclusion	K	alternative_acceptor	RAB34	chr17:28717292-28718121	-	0.118	0.118	0.118	0.118	0.211	0.211	0.211	8.79	0.0398	9.299999999999999
inclusion	K	alternative_acceptor	SIGIRR	chr11:406994-407061	-	0.64	0.64	0.64	0.64	0.357	0.357	0.357	8.78	0.0398	-28.300000000000004
inclusion	N	alternative_acceptor	PCDHGB5	chr5:141400525-141414574	+	0.214	0.214	0.214	0.214	0.384	0.384	0.384	8.78	0.0399	17.0
inclusion	N	alternative_first_exon	GGA1	chr22:37608904-37614189	+	0.434	0.434	0.434	0.434	0.621	0.621	0.621	8.78	0.0399	18.700000000000003
inclusion	K	intron_retention	CHPF2	chr7:151235613-151236407	+	0.023	0.023	0.023	0.023	0.079	0.079	0.079	8.77	0.04	5.6000000000000005
inclusion	K	alternative_last_exon	SPTAN1	chr9:128591626-128592982	+	0.744	0.744	0.744	0.744	0.859	0.859	0.859	8.77	0.0401	11.5
inclusion	K	intron_retention	ATG101	chr12:52070072-52070353	+	0.972	0.972	0.972	0.972	0.904	0.904	0.904	8.76	0.0403	-6.799999999999997
inclusion	N	cassette	EEF1AKMT1	chr13:20731841-20732121	-	0.687	0.687	0.687	0.687	0.91	0.91	0.91	8.76	0.0403	22.299999999999997
inclusion	N	cassette	IL17RC	chr3:9918335-9918409	+	0.985	0.985	0.985	0.985	0.92	0.92	0.92	8.75	0.0404	-6.5
inclusion	K	cassette	DROSHA	chr5:31515454-31515564	-	0.589	0.589	0.589	0.589	0.441	0.441	0.441	8.75	0.0404	-14.799999999999997
inclusion	K	cassette	LAS1L	chrX:65533610-65533735	-	0.74	0.74	0.74	0.74	0.613	0.613	0.613	8.75	0.0404	-12.700000000000003
inclusion	N	alternative_acceptor	MICU2	chr13:21495843-21496051	-	0.156	0.156	0.156	0.156	0.043	0.043	0.043	8.75	0.0404	-11.3
inclusion	K	alternative_first_exon	LMBR1L	chr12:49104886-49105923	-	0.922	0.922	0.922	0.922	0.779	0.779	0.779	8.74	0.0404	-14.299999999999997
inclusion	K	alternative_last_exon	CD151	chr11:838368-838444	+	0.983	0.983	0.983	0.983	0.999	0.999	0.999	8.74	0.0404	1.6000000000000085
inclusion	N	cassette	SLC30A5	chr5:69128004-69128132	+	0.933	0.933	0.933	0.933	0.992	0.992	0.992	8.74	0.0404	5.8999999999999915
inclusion	N	cassette	UBE3A	chr15:25408620-25408684	-	0.259	0.259	0.259	0.259	0.089	0.089	0.089	8.74	0.0405	-17.0
inclusion	N	alternative_last_exon	SNHG26	chr7:22857017-22858570	+	0.307	0.307	0.307	0.307	0.109	0.109	0.109	8.74	0.0405	-19.799999999999997
inclusion	N	intron_retention	FKBP9	chr7:33005467-33006571	+	0.929	0.929	0.929	0.929	0.973	0.973	0.973	8.72	0.0408	4.3999999999999915
inclusion	N	alternative_donor	AFG3L2	chr18:12351211-12351305	-	0.897	0.897	0.897	0.897	0.97	0.97	0.97	8.72	0.0408	7.299999999999997
inclusion	K	alternative_donor	NT5C3B	chr17:41835958-41836078	-	0.832	0.832	0.832	0.832	0.702	0.702	0.702	8.71	0.0409	-13.000000000000014
inclusion	N	cassette	ARNTL2	chr12:27387228-27387320	+	0.77	0.77	0.77	0.77	0.541	0.541	0.541	8.71	0.0409	-22.9
inclusion	N	cassette	KIAA1324	chr1:109173688-109173837	+	0.793	0.793	0.793	0.793	0.437	0.437	0.437	8.71	0.0409	-35.599999999999994
inclusion	K	alternative_donor	PRCC	chr1:156768240-156782281	+	0.974	0.974	0.974	0.974	0.998	0.998	0.998	8.71	0.041	2.4000000000000057
inclusion	N	alternative_last_exon	PTGFRN	chr1:116967331-116974215	+	0.915	0.915	0.915	0.915	0.991	0.991	0.991	8.71	0.041	7.599999999999994
inclusion	K	intron_retention	NUP62	chr19:49927849-49929325	-	0.464	0.464	0.464	0.464	0.287	0.287	0.287	8.7	0.041	-17.700000000000006
inclusion	K	intron_retention	CA5BP1	chrX:15693059-15702781	+	0.12	0.12	0.12	0.12	0.31	0.31	0.31	8.7	0.041	19.0
inclusion	N	alternative_last_exon	TBL1XR1	chr3:177065023-177098465	-	0.943	0.943	0.943	0.943	0.779	0.779	0.779	8.7	0.041	-16.39999999999999
inclusion	K	intron_retention	COL4A6	chrX:108211741-108214111	-	0.232	0.232	0.232	0.232	0.085	0.085	0.085	8.69	0.0412	-14.700000000000003
inclusion	N	alternative_acceptor	PDGFA	chr7:499652-500430	-	0.609	0.609	0.609	0.609	0.344	0.344	0.344	8.69	0.0412	-26.5
inclusion	N	alternative_acceptor	ABLIM1	chr10:114448021-114451623	-	0.883	0.883	0.883	0.883	0.71	0.71	0.71	8.69	0.0412	-17.299999999999997
inclusion	N	alternative_last_exon	VTI1A	chr10:112668999-112815289	+	0.865	0.865	0.865	0.865	0.676	0.676	0.676	8.69	0.0412	-18.89999999999999
inclusion	K	cassette	USP10	chr16:84704740-84704860	+	0.005	0.005	0.005	0.005	0.037	0.037	0.037	8.68	0.0413	3.1999999999999997
inclusion	K	intron_retention	RBM25	chr14:73111156-73111527	+	0.094	0.094	0.094	0.094	0.027	0.027	0.027	8.68	0.0414	-6.7
inclusion	N	cassette	ATP10D	chr4:47554726-47554914	+	0.768	0.768	0.768	0.768	0.933	0.933	0.933	8.67	0.0414	16.500000000000014
inclusion	N	intron_retention	FLNA	chrX:154349859-154350030	-	0.309	0.309	0.309	0.309	0.813	0.813	0.813	8.67	0.0414	50.4
inclusion	N	cassette	IDS	chrX:149502075-149502177	-	0.109	0.109	0.109	0.109	0.054	0.054	0.054	8.66	0.0415	-5.5
inclusion	N	cassette	NAAA	chr4:75918761-75918789	-	0.315	0.315	0.315	0.315	0.469	0.469	0.469	8.67	0.0415	15.399999999999999
inclusion	K	alternative_first_exon	VRK3	chr19:49995276-49997503	-	0.917	0.917	0.917	0.917	0.979	0.979	0.979	8.66	0.0417	6.199999999999989
inclusion	K	cassette	TMEM159	chr16:21160978-21161008	+	0.388	0.388	0.388	0.388	0.245	0.245	0.245	8.65	0.0419	-14.300000000000004
inclusion	N	alternative_last_exon	GRB7	chr17:39744208-39744552	+	0.957	0.957	0.957	0.957	0.895	0.895	0.895	8.65	0.0419	-6.200000000000003
inclusion	K	alternative_first_exon	ZNF691	chr1:42846658-42850949	+	0.418	0.418	0.418	0.418	0.161	0.161	0.161	8.64	0.042	-25.699999999999996
inclusion	K	alternative_last_exon	CUL4A	chr13:113229520-113229641	+	0.303	0.303	0.303	0.303	0.153	0.153	0.153	8.64	0.0421	-15.000000000000002
inclusion	K	alternative_last_exon	CHP1	chr15:41270619-41278766	+	0.963	0.963	0.963	0.963	0.988	0.988	0.988	8.63	0.0421	2.5
inclusion	N	cassette	TIMMDC1	chr3:119503954-119504021	+	0.891	0.891	0.891	0.891	0.951	0.951	0.951	8.63	0.0421	6.0
inclusion	N	alternative_first_exon	MYO19	chr17:36496407-36499074	-	0.059	0.059	0.059	0.059	0.01	0.01	0.01	8.63	0.0422	-4.8999999999999995
inclusion	N	cassette	ANKRD13D	chr11:67299058-67299124	+	0.94	0.94	0.94	0.94	0.99	0.99	0.99	8.62	0.0423	5.0
inclusion	N	cassette	RNF121	chr11:71962152-71962289	+	0.112	0.112	0.112	0.112	0.024	0.024	0.024	8.62	0.0424	-8.8
inclusion	K	alternative_first_exon	PPCDC	chr15:75028454-75043440	+	0.94	0.94	0.94	0.94	0.717	0.717	0.717	8.61	0.0425	-22.299999999999997
inclusion	N	cassette	C12orf49	chr12:116720296-116720447	-	0.947	0.947	0.947	0.947	0.992	0.992	0.992	8.61	0.0425	4.500000000000014
inclusion	N	alternative_first_exon	AC139256.3	chr16:15119055-15125690	-	0.836	0.836	0.836	0.836	0.51	0.51	0.51	8.6	0.0427	-32.599999999999994
inclusion	K	alternative_first_exon	ATP5F1C	chr10:7796156-7797046	+	0.97	0.97	0.97	0.97	0.992	0.992	0.992	8.59	0.0429	2.200000000000003
inclusion	K	alternative_first_exon	PGAP2	chr11:3808652-3811249	+	0.151	0.151	0.151	0.151	0.332	0.332	0.332	8.59	0.0429	18.1
inclusion	K	intron_retention	TPTEP1	chr22:16614179-16614698	+	0.638	0.638	0.638	0.638	0.778	0.778	0.778	8.58	0.043	13.999999999999993
inclusion	N	intron_retention	KDM1A	chr1:23082367-23082449	+	0.311	0.311	0.311	0.311	0.131	0.131	0.131	8.57	0.0433	-18.0
inclusion	K	intron_retention	ALS2CL	chr3:46671585-46671883	-	0.093	0.093	0.093	0.093	0.042	0.042	0.042	8.56	0.0435	-5.1000000000000005
inclusion	N	cassette	CETN3	chr5:90396493-90396564	-	0.1	0.1	0.1	0.1	0.21	0.21	0.21	8.56	0.0435	11.0
inclusion	K	alternative_acceptor	EFNA4	chr1:155067441-155068852	+	0.856	0.856	0.856	0.856	0.705	0.705	0.705	8.54	0.0439	-15.099999999999994
inclusion	N	alternative_donor	SH3YL1	chr2:219002-224863	-	0.987	0.987	0.987	0.987	0.893	0.893	0.893	8.54	0.0439	-9.400000000000006
inclusion	N	cassette	MORF4L2	chrX:103678499-103678651	-	0.911	0.911	0.911	0.911	0.844	0.844	0.844	8.54	0.044	-6.700000000000017
inclusion	K	alternative_acceptor	GUK1	chr1:228147700-228148370	+	0.886	0.886	0.886	0.886	0.941	0.941	0.941	8.53	0.044	5.5
inclusion	N	cassette	ASPH	chr8:61633683-61633727	-	0.989	0.989	0.989	0.989	0.958	0.958	0.958	8.53	0.044	-3.1000000000000085
inclusion	N	cassette	LBR	chr1:225410291-225410416	-	0.818	0.818	0.818	0.818	0.984	0.984	0.984	8.53	0.044	16.60000000000001
inclusion	K	intron_retention	AHSA2P	chr2:61185619-61186445	+	0.6	0.6	0.6	0.6	0.329	0.329	0.329	8.53	0.0441	-27.1
inclusion	K	alternative_last_exon	SURF4	chr9:133365027-133365984	-	0.805	0.805	0.805	0.805	0.893	0.893	0.893	8.52	0.0442	8.799999999999997
inclusion	K	cassette	ARHGEF1	chr19:41905175-41905261	+	0.973	0.973	0.973	0.973	0.996	0.996	0.996	8.5	0.0447	2.299999999999997
inclusion	K	alternative_acceptor	MPDU1	chr17:7585798-7585945	+	0.8	0.8	0.8	0.8	0.898	0.898	0.898	8.49	0.0449	9.799999999999997
inclusion	N	alternative_acceptor	AIG1	chr6:143334096-143337977	+	0.518	0.518	0.518	0.518	0.809	0.809	0.809	8.49	0.0449	29.1
inclusion	N	cassette	TASOR2	chr10:5717659-5717750	+	0.471	0.471	0.471	0.471	0.786	0.786	0.786	8.48	0.0451	31.500000000000014
inclusion	N	intron_retention	IRF3	chr19:49664847-49665634	-	0.453	0.453	0.453	0.453	0.284	0.284	0.284	8.48	0.0451	-16.900000000000006
inclusion	N	cassette	TRIM65	chr17:75891813-75891878	-	0.853	0.853	0.853	0.853	0.705	0.705	0.705	8.47	0.0452	-14.799999999999997
inclusion	N	cassette	SPRED2	chr2:65334115-65334265	-	0.06	0.06	0.06	0.06	0.018	0.018	0.018	8.47	0.0452	-4.2
inclusion	K	alternative_acceptor	RSBN1L	chr7:77778447-77778529	+	0.984	0.984	0.984	0.984	0.864	0.864	0.864	8.47	0.0453	-12.0
inclusion	N	cassette	MCFD2	chr2:46910780-46910873	-	0.035	0.035	0.035	0.035	0.003	0.003	0.003	8.46	0.0453	-3.2000000000000006
inclusion	K	alternative_acceptor	EMC1	chr1:19220849-19222623	-	0.98	0.98	0.98	0.98	0.923	0.923	0.923	8.46	0.0455	-5.699999999999989
inclusion	N	alternative_acceptor	ARL6IP4	chr12:122981300-122981594	+	0.665	0.665	0.665	0.665	0.749	0.749	0.749	8.45	0.0455	8.400000000000006
inclusion	N	alternative_acceptor	SLC16A3	chr17:82236232-82236728	+	0.978	0.978	0.978	0.978	0.997	0.997	0.997	8.45	0.0455	1.9000000000000057
inclusion	N	alternative_first_exon	TMEM165	chr4:55396397-55424537	+	0.043	0.043	0.043	0.043	0.006	0.006	0.006	8.45	0.0455	-3.6999999999999997
inclusion	N	cassette	ARHGAP17	chr16:25013863-25013956	-	0.022	0.022	0.022	0.022	0.107	0.107	0.107	8.45	0.0455	8.5
inclusion	K	cassette	ARHGAP27	chr17:45404269-45404334	-	0.557	0.557	0.557	0.557	0.283	0.283	0.283	8.45	0.0456	-27.400000000000006
inclusion	K	alternative_last_exon	SPECC1	chr17:20156237-20204332	+	0.796	0.796	0.796	0.796	0.878	0.878	0.878	8.44	0.0458	8.199999999999989
inclusion	K	cassette	ELMOD3	chr2:85355555-85355598	+	0.791	0.791	0.791	0.791	0.592	0.592	0.592	8.44	0.0458	-19.900000000000013
inclusion	N	cassette	FAM3A	chrX:154512314-154512411	-	0.144	0.144	0.144	0.144	0.248	0.248	0.248	8.43	0.0458	10.400000000000002
inclusion	N	cassette	NPRL3	chr16:119126-119255	-	0.886	0.886	0.886	0.886	0.958	0.958	0.958	8.43	0.0458	7.200000000000003
inclusion	K	alternative_first_exon	PTBP1	chr19:805570-806407	+	0.783	0.783	0.783	0.783	0.692	0.692	0.692	8.43	0.0459	-9.100000000000009
inclusion	K	alternative_last_exon	LCOR	chr10:96952197-96958411,chr10:96952197-96954952	+	0.289	0.289	0.289	0.289	0.527	0.527	0.527	8.43	0.0459	23.800000000000004
inclusion	N	alternative_donor	FAM20C	chr7:193805-195553	+	0.993	0.993	0.993	0.993	0.973	0.973	0.973	8.42	0.0459	-2.0
inclusion	N	alternative_first_exon	SAFB2	chr19:5610096-5610638	-	0.796	0.796	0.796	0.796	0.975	0.975	0.975	8.42	0.0459	17.89999999999999
inclusion	N	cassette	FAM114A1	chr4:38940968-38941021	+	0.914	0.914	0.914	0.914	0.967	0.967	0.967	8.42	0.046	5.299999999999997
inclusion	K	cassette	CHMP7	chr8:23259066-23259126	+	0.915	0.915	0.915	0.915	0.974	0.974	0.974	8.41	0.0461	5.8999999999999915
inclusion	N	intron_retention	AIG1	chr6:143334096-143339638	+	0.418	0.418	0.418	0.418	0.757	0.757	0.757	8.4	0.0463	33.900000000000006
inclusion	K	alternative_first_exon	ERBIN	chr5:66075231-66076315	+	0.825	0.825	0.825	0.825	0.686	0.686	0.686	8.4	0.0465	-13.899999999999991
inclusion	N	alternative_acceptor	INTS4	chr11:77924668-77924749	-	0.194	0.194	0.194	0.194	0.059	0.059	0.059	8.39	0.0465	-13.500000000000004
inclusion	K	cassette	ARHGAP23	chr17:38498414-38498510	+	0.797	0.797	0.797	0.797	0.88	0.88	0.88	8.39	0.0466	8.299999999999997
inclusion	N	alternative_acceptor	CDC37	chr19:10393442-10395020	-	0.925	0.925	0.925	0.925	0.987	0.987	0.987	8.38	0.0469	6.200000000000003
inclusion	N	alternative_acceptor	ELOVL1	chr1:43365377-43365563	-	0.869	0.869	0.869	0.869	0.773	0.773	0.773	8.38	0.0469	-9.600000000000009
inclusion	K	alternative_first_exon	SHROOM2	chrX:9912588-9932174	+	0.12	0.12	0.12	0.12	0.355	0.355	0.355	8.36	0.0472	23.5
inclusion	K	alternative_first_exon	SPTAN1	chr9:128593043-128594174	+	0.835	0.835	0.835	0.835	0.914	0.914	0.914	8.36	0.0472	7.900000000000006
inclusion	N	alternative_last_exon	FUT11	chr10:73773816-73778827	+	0.24	0.24	0.24	0.24	0.117	0.117	0.117	8.36	0.0472	-12.299999999999999
inclusion	N	intron_retention	HM13	chr20:31548609-31549028	+	0.569	0.569	0.569	0.569	0.818	0.818	0.818	8.36	0.0473	24.900000000000006
inclusion	K	intron_retention	RBBP5	chr1:205088816-205094986	-	0.539	0.539	0.539	0.539	0.296	0.296	0.296	8.35	0.0473	-24.300000000000008
inclusion	N	alternative_last_exon	LRRFIP1	chr2:237760206-237762602	+	0.966	0.966	0.966	0.966	0.989	0.989	0.989	8.35	0.0473	2.3000000000000114
inclusion	N	cassette	PCNX2	chr1:233112845-233112966	-	0.093	0.093	0.093	0.093	0.022	0.022	0.022	8.35	0.0473	-7.100000000000001
inclusion	N	cassette	TACC2	chr10:122132609-122132734	+	0.731	0.731	0.731	0.731	0.937	0.937	0.937	8.35	0.0473	20.60000000000001
inclusion	N	cassette	TTL	chr2:112485917-112485995	+	0.685	0.685	0.685	0.685	0.844	0.844	0.844	8.35	0.0473	15.899999999999991
inclusion	K	cassette	CGGBP1	chr3:88057191-88057292	-	0.075	0.075	0.075	0.075	0.154	0.154	0.154	8.33	0.0477	7.9
inclusion	K	cassette	MTMR14	chr3:9689964-9690143	+	0.883	0.883	0.883	0.883	0.957	0.957	0.957	8.33	0.0477	7.400000000000006
inclusion	N	alternative_first_exon	NFE2L1	chr17:48050820-48056385,chr17:48051629-48056385	+	0.984	0.984	0.984	0.984	0.999	0.999	0.999	8.33	0.0478	1.5
inclusion	K	alternative_first_exon	SDHA	chr5:240477-254392	+	0.049	0.049	0.049	0.049	0.02	0.02	0.02	8.32	0.0478	-2.9000000000000004
inclusion	K	cassette	OCIAD1	chr4:48832620-48832682	+	0.982	0.982	0.982	0.982	0.999	0.999	0.999	8.32	0.0478	1.7000000000000028
inclusion	N	alternative_donor	TLN1	chr9:35717787-35718355	-	0.3	0.3	0.3	0.3	0.419	0.419	0.419	8.32	0.0478	11.899999999999999
inclusion	N	alternative_last_exon	FCHSD1	chr5:141648097-141648956	-	0.977	0.977	0.977	0.977	0.899	0.899	0.899	8.32	0.0478	-7.799999999999997
inclusion	N	cassette	SMYD3	chr1:245915530-245915640	-	0.877	0.877	0.877	0.877	0.959	0.959	0.959	8.32	0.0478	8.199999999999989
inclusion	N	intron_retention	VARS2	chr6:30914345-30914809	+	0.63	0.63	0.63	0.63	0.271	0.271	0.271	8.32	0.0478	-35.9
inclusion	N	cassette	DGUOK	chr2:73938910-73939022	+	0.26	0.26	0.26	0.26	0.356	0.356	0.356	8.32	0.0478	9.600000000000001
inclusion	N	cassette	REPIN1	chr7:150370760-150370884	+	0.073	0.073	0.073	0.073	0.265	0.265	0.265	8.32	0.0478	19.2
inclusion	K	alternative_first_exon	AHNAK	chr11:62491832-62517009	-	0.97	0.97	0.97	0.97	0.992	0.992	0.992	8.31	0.0479	2.200000000000003
inclusion	K	alternative_last_exon	COG3	chr13:45465211-45476200	+	0.637	0.637	0.637	0.637	0.894	0.894	0.894	8.31	0.0479	25.700000000000003
inclusion	K	alternative_acceptor	MLST8	chr16:2205876-2206030	+	0.629	0.629	0.629	0.629	0.803	0.803	0.803	8.31	0.0479	17.400000000000013
inclusion	K	alternative_acceptor	PC	chr11:66851947-66852438	-	0.978	0.978	0.978	0.978	0.904	0.904	0.904	8.31	0.048	-7.3999999999999915
inclusion	K	alternative_acceptor	ETV4	chr17:43545669-43546184	-	0.841	0.841	0.841	0.841	0.65	0.65	0.65	8.3	0.0481	-19.099999999999994
inclusion	N	cassette	NBAS	chr2:15287073-15287183	-	0.99	0.99	0.99	0.99	0.945	0.945	0.945	8.3	0.0481	-4.5
inclusion	K	intron_retention	SNRPB	chr20:2461794-2462635	-	0.492	0.492	0.492	0.492	0.412	0.412	0.412	8.29	0.0482	-8.000000000000007
inclusion	K	alternative_donor	HSF1	chr8:144311250-144311320	+	0.892	0.892	0.892	0.892	0.959	0.959	0.959	8.29	0.0482	6.699999999999989
inclusion	K	intron_retention	XIST	chrX:73822217-73826114	-	0.679	0.679	0.679	0.679	0.867	0.867	0.867	8.29	0.0482	18.799999999999997
inclusion	N	cassette	RPS6KA4	chr11:64365301-64365465	+	0.939	0.939	0.939	0.939	0.986	0.986	0.986	8.29	0.0482	4.700000000000003
inclusion	K	intron_retention	EMC6	chr17:3668900-3669097	+	0.148	0.148	0.148	0.148	0.08	0.08	0.08	8.28	0.0483	-6.799999999999999
inclusion	N	cassette	C5orf51	chr5:41912069-41912183	+	0.964	0.964	0.964	0.964	0.709	0.709	0.709	8.28	0.0484	-25.5
inclusion	N	cassette	IL4R	chr16:27330066-27330198	+	0.494	0.494	0.494	0.494	0.603	0.603	0.603	8.28	0.0484	10.899999999999999
inclusion	K	alternative_first_exon	ZP3	chr7:76439991-76440249	+	0.094	0.094	0.094	0.094	0.367	0.367	0.367	8.28	0.0484	27.300000000000004
inclusion	N	intron_retention	RPL17-C18orf32	chr18:49491584-49491760	-	0.899	0.899	0.899	0.899	0.945	0.945	0.945	8.28	0.0484	4.599999999999994
inclusion	N	alternative_acceptor	CDK17	chr12:96280634-96280807	-	0.358	0.358	0.358	0.358	0.585	0.585	0.585	8.27	0.0485	22.700000000000003
inclusion	N	intron_retention	KHDC4	chr1:155913446-155914216	-	0.932	0.932	0.932	0.932	0.814	0.814	0.814	8.27	0.0485	-11.800000000000011
inclusion	N	alternative_donor	HIRA	chr22:19398088-19405785	-	0.808	0.808	0.808	0.808	0.93	0.93	0.93	8.27	0.0485	12.199999999999989
inclusion	N	cassette	SMPD4	chr2:130161186-130161272	-	0.472	0.472	0.472	0.472	0.604	0.604	0.604	8.27	0.0486	13.200000000000003
inclusion	K	cassette	PTK7	chr6:43139406-43139525	+	0.987	0.987	0.987	0.987	0.999	0.999	0.999	8.26	0.0487	1.2000000000000028
inclusion	N	alternative_last_exon	SRP9	chr1:225786986-225789258,chr1:225786986-225789239	+	0.859	0.859	0.859	0.859	0.97	0.97	0.97	8.26	0.0487	11.099999999999994
inclusion	K	intron_retention	FLCN	chr17:17219210-17221536	-	0.147	0.147	0.147	0.147	0.038	0.038	0.038	8.26	0.0488	-10.899999999999999
inclusion	N	alternative_acceptor	TBRG4	chr7:45109288-45111663	-	0.856	0.856	0.856	0.856	0.972	0.972	0.972	8.24	0.049	11.600000000000009
inclusion	K	intron_retention	DRAM2	chr1:111137587-111139587	-	0.436	0.436	0.436	0.436	0.658	0.658	0.658	8.24	0.0491	22.199999999999996
inclusion	K	alternative_acceptor	SNRPB	chr20:2461940-2462635	-	0.678	0.678	0.678	0.678	0.6	0.6	0.6	8.24	0.0491	-7.800000000000011
inclusion	K	cassette	EPB41	chr1:29060422-29060484	+	0.393	0.393	0.393	0.393	0.657	0.657	0.657	8.23	0.0492	26.4
inclusion	N	cassette	TBC1D5	chr3:17518902-17518995	-	0.056	0.056	0.056	0.056	0.16	0.16	0.16	8.22	0.0496	10.399999999999999
inclusion	K	alternative_acceptor	RHOT2	chr16:670176-670248	+	0.814	0.814	0.814	0.814	0.908	0.908	0.908	8.22	0.0497	9.400000000000006
inclusion	K	intron_retention	NT5C3B	chr17:41835958-41836181	-	0.878	0.878	0.878	0.878	0.775	0.775	0.775	8.21	0.0497	-10.299999999999997
inclusion	N	alternative_first_exon	MARK3	chr14:103405268-103428386	+	0.956	0.956	0.956	0.956	0.996	0.996	0.996	8.21	0.0498	4.0
inclusion	K	intron_retention	CSK	chr15:74782149-74782667	+	0.987	0.987	0.987	0.987	0.883	0.883	0.883	8.2	0.0499	-10.400000000000006
