inclusion_exclusion	contains_novel_or_only_known_junctions	as_event_type	gene_name	gene_coordinates	strand	W1D2.S24_wtdmso_b1	W1D3.S32_wtdmso_b1	W2D2.S22_wtdmso_b1	W2D3.S30_wtdmso_b1	M1D2.S28_mtdmso_b1	M1D3.S36_mtdmso_b1	M2D2.S26_mtdmso_b1	lr	padj	dpsi
inclusion	N	alternative_acceptor	KRBA2	chr17:8349240-8377522	.	0.034	0.034	0.034	0.034	0.949	0.949	0.949	268.92	3.71e-56	91.49999999999999
inclusion	K	intron_retention	CTNNB1	chr3:41239355-41239818	+	0.353	0.353	0.353	0.353	0.76	0.76	0.76	217.12	3.66e-45	40.7
inclusion	K	intron_retention	FN1	chr2:215372016-215372108	-	0.229	0.229	0.229	0.229	0.133	0.133	0.133	189.15	3.09e-39	-9.600000000000001
inclusion	K	alternative_acceptor	FN1	chr2:215372376-215373321	-	0.795	0.795	0.795	0.795	0.55	0.55	0.55	163.82	7.87e-34	-24.499999999999993
inclusion	N	cassette	RPS24	chr10:78040204-78040225	+	0.403	0.403	0.403	0.403	0.115	0.115	0.115	118.38	5.46e-24	-28.800000000000004
inclusion	K	alternative_first_exon	PABPC4	chr1:39563742-39563835	-	0.84	0.84	0.84	0.84	0.515	0.515	0.515	116.68	1.07e-23	-32.5
inclusion	K	intron_retention	KRT15	chr17:41518462-41521684	-	0.348	0.348	0.348	0.348	0.866	0.866	0.866	113.95	3.62e-23	51.8
inclusion	K	alternative_first_exon	MAGED2	chrX:54807803-54809302	+	0.596	0.596	0.596	0.596	0.144	0.144	0.144	101.43	1.77e-20	-45.199999999999996
inclusion	K	cassette	RPS24	chr10:78040201-78040225	+	0.225	0.225	0.225	0.225	0.053	0.053	0.053	86.58	2.84e-17	-17.2
inclusion	K	intron_retention	BUB3	chr10:123162829-123165046	+	0.461	0.461	0.461	0.461	0.081	0.081	0.081	83.53	1.19e-16	-38.0
inclusion	K	cassette	CSNK1G3	chr5:123605339-123605362	+	0.499	0.499	0.499	0.499	0.096	0.096	0.096	83.3	1.22e-16	-40.3
inclusion	K	alternative_last_exon	GNAS	chr20:58895685-58898940	+	0.117	0.117	0.117	0.117	0.282	0.282	0.282	81.42	2.89e-16	16.499999999999993
inclusion	K	intron_retention	RPL27A	chr11:8684082-8684822	+	0.87	0.87	0.87	0.87	0.649	0.649	0.649	79.79	5.65e-16	-22.099999999999994
inclusion	N	alternative_last_exon	MACROH2A1	chr5:135353046-135360496	-	0.62	0.62	0.62	0.62	0.857	0.857	0.857	79.84	5.65e-16	23.700000000000003
inclusion	K	cassette	SMARCA1	chrX:129493040-129493075	-	0.966	0.966	0.966	0.966	0.445	0.445	0.445	79.03	7.78e-16	-52.099999999999994
inclusion	K	alternative_last_exon	ZFAND1	chr8:81717289-81718181	-	0.351	0.351	0.351	0.351	0.782	0.782	0.782	75.17	5.12e-15	43.10000000000001
inclusion	N	alternative_donor	RPL7A	chr9:133350636-133350656	+	0.839	0.839	0.839	0.839	0.296	0.296	0.296	68.11	1.73e-13	-54.3
inclusion	N	intron_retention	RPL7A	chr9:133350320-133350656	+	0.817	0.817	0.817	0.817	0.273	0.273	0.273	67.21	2.58e-13	-54.39999999999999
inclusion	K	intron_retention	TNIP1	chr5:151030674-151032286	-	0.722	0.722	0.722	0.722	0.413	0.413	0.413	65.59	5.57e-13	-30.900000000000006
inclusion	K	intron_retention	SNHG29	chr17:16439415-16439659	+	0.255	0.255	0.255	0.255	0.08	0.08	0.08	63.93	1.22e-12	-17.5
inclusion	K	alternative_acceptor	RPL27A	chr11:8684082-8684717	+	0.992	0.992	0.992	0.992	0.973	0.973	0.973	63.05	1.83e-12	-1.9000000000000057
inclusion	K	alternative_acceptor	RNF181	chr2:85596650-85596821	+	0.803	0.803	0.803	0.803	0.969	0.969	0.969	62.61	2.17e-12	16.59999999999998
inclusion	N	cassette	PLEK2	chr14:67398007-67398055	-	0.188	0.188	0.188	0.188	0.031	0.031	0.031	62.06	2.76e-12	-15.700000000000001
inclusion	K	alternative_first_exon	SREBF1	chr17:17820522-17823517	-	0.124	0.124	0.124	0.124	0.482	0.482	0.482	59.81	8.28e-12	35.8
inclusion	K	intron_retention	COL17A1	chr10:104031594-104032203	-	0.636	0.636	0.636	0.636	0.819	0.819	0.819	59.22	1.07e-11	18.29999999999999
inclusion	N	cassette	IDH3G	chrX:153790564-153790575	-	0.862	0.862	0.862	0.862	0.598	0.598	0.598	58.87	1.23e-11	-26.400000000000006
inclusion	N	alternative_donor	RPLP1	chr15:69453021-69455169	+	0.065	0.065	0.065	0.065	0.168	0.168	0.168	58.41	1.5e-11	10.3
inclusion	N	cassette	CIZ1	chr9:128187863-128187934	-	0.769	0.769	0.769	0.769	0.951	0.951	0.951	58.19	1.62e-11	18.19999999999999
inclusion	N	cassette	SEC31A	chr4:82862534-82862572	-	0.437	0.437	0.437	0.437	0.727	0.727	0.727	57.9	1.81e-11	29.0
inclusion	K	alternative_first_exon	ZFAND1	chr8:81718225-81721248,chr8:81718225-81721226	-	0.445	0.445	0.445	0.445	0.851	0.851	0.851	56.9	2.91e-11	40.599999999999994
inclusion	N	alternative_acceptor	ILK	chr11:6603823-6604225	+	0.539	0.539	0.539	0.539	0.792	0.792	0.792	56.81	2.94e-11	25.299999999999997
inclusion	K	cassette	SPTAN1	chr9:128609651-128609665	+	0.18	0.18	0.18	0.18	0.036	0.036	0.036	56.72	2.99e-11	-14.4
inclusion	K	alternative_acceptor	RPLP1	chr15:69453021-69453646	+	0.937	0.937	0.937	0.937	0.837	0.837	0.837	56.28	3.63e-11	-10.0
inclusion	N	alternative_acceptor	CTNNB1	chr3:41239355-41239818	+	0.363	0.363	0.363	0.363	0.103	0.103	0.103	55.77	4.56e-11	-26.0
inclusion	K	intron_retention	PLD3	chr19:40348769-40365717	+	0.832	0.832	0.832	0.832	0.596	0.596	0.596	55.38	5.41e-11	-23.60000000000001
inclusion	N	alternative_acceptor	TNIP1	chr5:151030674-151032286	-	0.096	0.096	0.096	0.096	0.279	0.279	0.279	55.28	5.51e-11	18.300000000000004
inclusion	K	alternative_last_exon	C19orf12	chr19:29708424-29715124	-	0.169	0.169	0.169	0.169	0.85	0.85	0.85	54.22	9.22e-11	68.1
inclusion	K	alternative_acceptor	CDV3	chr3:133586723-133587158	+	0.343	0.343	0.343	0.343	0.602	0.602	0.602	54.01	1e-10	25.89999999999999
inclusion	K	alternative_first_exon	DMKN	chr19:35505766-35505938	-	0.866	0.866	0.866	0.866	0.578	0.578	0.578	53.94	1.01e-10	-28.799999999999997
inclusion	N	cassette	GTF2IRD1	chr7:74544755-74544802	+	0.976	0.976	0.976	0.976	0.818	0.818	0.818	50.88	4.68e-10	-15.799999999999997
inclusion	K	alternative_first_exon	DYRK4	chr12:4607388-4610154	+	0.434	0.434	0.434	0.434	0.833	0.833	0.833	50.71	4.98e-10	39.9
inclusion	K	cassette	SH3YL1	chr2:224864-224920	-	0.282	0.282	0.282	0.282	0.584	0.584	0.584	50.57	5.2e-10	30.200000000000003
inclusion	K	cassette	AP1G2	chr14:23566562-23566686	-	0.929	0.929	0.929	0.929	0.663	0.663	0.663	49.5	8.78e-10	-26.60000000000001
inclusion	K	intron_retention	MIR205HG	chr1:209429089-209429180	+	0.215	0.215	0.215	0.215	0.448	0.448	0.448	49.13	1.03e-09	23.300000000000004
inclusion	K	cassette	ITPA	chr20:3213319-3213426	+	0.748	0.748	0.748	0.748	0.94	0.94	0.94	49.08	1.04e-09	19.200000000000003
inclusion	K	alternative_last_exon	DYRK4	chr12:4605087-4607326	+	0.609	0.609	0.609	0.609	0.912	0.912	0.912	48.53	1.35e-09	30.300000000000004
inclusion	K	cassette	ISCU	chr12:108564060-108564155	+	0.191	0.191	0.191	0.191	0.042	0.042	0.042	48.03	1.7e-09	-14.900000000000002
inclusion	N	intron_retention	nogene	chr1:183240392-183258108	+	0.263	0.263	0.263	0.263	0.071	0.071	0.071	47.92	1.76e-09	-19.200000000000003
inclusion	N	cassette	C12orf29	chr12:88040148-88040265	+	0.368	0.368	0.368	0.368	0.812	0.812	0.812	47.63	2e-09	44.400000000000006
inclusion	K	alternative_acceptor	ALS2CL	chr3:46675977-46676244	-	0.482	0.482	0.482	0.482	0.115	0.115	0.115	47.21	2.42e-09	-36.699999999999996
inclusion	N	alternative_first_exon	FN1	chr2:215372016-215373321	-	0.063	0.063	0.063	0.063	0.146	0.146	0.146	47.17	2.42e-09	8.3
inclusion	N	cassette	P3H4	chr17:41803287-41803431	-	0.988	0.988	0.988	0.988	0.844	0.844	0.844	46.97	2.64e-09	-14.400000000000006
inclusion	K	cassette	RUFY1	chr5:179580947-179581012	+	0.825	0.825	0.825	0.825	0.972	0.972	0.972	46.58	3.15e-09	14.700000000000003
inclusion	K	intron_retention	FTSJ1	chrX:48482795-48482985	+	0.156	0.156	0.156	0.156	0.356	0.356	0.356	46.37	3.44e-09	20.0
inclusion	N	cassette	THOC6	chr16:3026063-3026166	+	0.997	0.997	0.997	0.997	0.835	0.835	0.835	45.56	5.12e-09	-16.200000000000003
inclusion	K	coord_cassette	UBA2	chr19:34430093-34430186	+	0.824	0.824	0.824	0.824	0.331	0.331	0.331	45.35	5.59e-09	-49.29999999999999
inclusion	K	alternative_last_exon	PRRC2C	chr1:171588506-171591151	+	0.737	0.737	0.737	0.737	0.403	0.403	0.403	45.24	5.83e-09	-33.4
inclusion	N	alternative_first_exon	GNAS	chr20:58898986-58903530	+	0.133	0.133	0.133	0.133	0.308	0.308	0.308	44.78	7.18e-09	17.5
inclusion	N	cassette	SH3YL1	chr2:224868-224920	-	0.166	0.166	0.166	0.166	0.429	0.429	0.429	44.73	7.18e-09	26.299999999999997
inclusion	N	cassette	SSBP4	chr19:18431353-18431418	+	0.437	0.437	0.437	0.437	0.156	0.156	0.156	44.75	7.18e-09	-28.1
inclusion	K	alternative_acceptor	SYTL1	chr1:27348013-27349079	+	0.859	0.859	0.859	0.859	0.572	0.572	0.572	43.67	1.21e-08	-28.70000000000001
inclusion	N	alternative_acceptor	TCF3	chr19:1609600-1611703	-	0.236	0.236	0.236	0.236	0.044	0.044	0.044	43.56	1.26e-08	-19.2
inclusion	N	alternative_first_exon	KRT6C	chr12:52472281-52473197	-	0.967	0.967	0.967	0.967	0.223	0.223	0.223	43.23	1.47e-08	-74.4
inclusion	K	cassette	TPD52L1	chr6:125257098-125257158	+	0.373	0.373	0.373	0.373	0.174	0.174	0.174	43.08	1.56e-08	-19.9
inclusion	K	cassette	PPP6R2	chr22:50436988-50437068	+	0.764	0.764	0.764	0.764	0.466	0.466	0.466	42.96	1.63e-08	-29.800000000000004
inclusion	N	cassette	HNRNPC	chr14:21263311-21263336	-	0.652	0.652	0.652	0.652	0.823	0.823	0.823	42.73	1.81e-08	17.099999999999994
inclusion	N	alternative_last_exon	LAMC2	chr1:183240392-183243556,chr1:183240392-183243146	+	0.931	0.931	0.931	0.931	0.793	0.793	0.793	42.63	1.88e-08	-13.800000000000011
inclusion	N	alternative_acceptor	GRB2	chr17:75320512-75321658	-	0.092	0.092	0.092	0.092	0.818	0.818	0.818	42.49	1.99e-08	72.6
inclusion	N	cassette	PCBP2	chr12:53467805-53467843	+	0.661	0.661	0.661	0.661	0.805	0.805	0.805	42.3	2.13e-08	14.399999999999991
inclusion	N	cassette	UBA2	chr19:34430576-34430659	+	0.962	0.962	0.962	0.962	0.757	0.757	0.757	42.32	2.13e-08	-20.5
inclusion	K	alternative_last_exon	INO80E	chr16:30001041-30001464,chr16:30001041-30001413,chr16:30001041-30001211	+	0.752	0.752	0.752	0.752	0.951	0.951	0.951	41.99	2.46e-08	19.89999999999999
inclusion	N	intron_retention	DELE1	chr5:141938761-141938851	+	0.672	0.672	0.672	0.672	0.242	0.242	0.242	41.77	2.71e-08	-43.0
inclusion	K	intron_retention	DELE1	chr5:141938905-141939505	+	0.762	0.762	0.762	0.762	0.303	0.303	0.303	41.67	2.81e-08	-45.900000000000006
inclusion	N	cassette	MICAL2	chr11:12249184-12249246	+	0.198	0.198	0.198	0.198	0.398	0.398	0.398	41.5	3.03e-08	20.000000000000004
inclusion	N	cassette	MAPK13	chr6:36136019-36136048	+	0.919	0.919	0.919	0.919	0.754	0.754	0.754	41.18	3.51e-08	-16.5
inclusion	K	intron_retention	ALS2CL	chr3:46675687-46676244	-	0.405	0.405	0.405	0.405	0.104	0.104	0.104	41.12	3.54e-08	-30.1
inclusion	N	alternative_acceptor	PREP	chr6:105281903-105282450	-	0.996	0.996	0.996	0.996	0.845	0.845	0.845	41.13	3.54e-08	-15.099999999999994
inclusion	N	alternative_last_exon	RAB34	chr17:28716995-28717212	-	0.609	0.609	0.609	0.609	0.895	0.895	0.895	40.8	4.11e-08	28.6
inclusion	N	cassette	DTYMK	chr2:241680229-241680319	-	0.61	0.61	0.61	0.61	0.858	0.858	0.858	40.67	4.34e-08	24.799999999999997
inclusion	N	alternative_last_exon	LTO1	chr11:69667588-69667894	-	0.29	0.29	0.29	0.29	0.604	0.604	0.604	40.54	4.58e-08	31.400000000000002
inclusion	N	alternative_last_exon	RABGGTB	chr1:75791572-75792180	+	0.917	0.917	0.917	0.917	0.711	0.711	0.711	40.32	5.06e-08	-20.60000000000001
inclusion	K	alternative_acceptor	WSB1	chr17:27306883-27307743	+	0.742	0.742	0.742	0.742	0.103	0.103	0.103	40.3	5.06e-08	-63.900000000000006
inclusion	K	alternative_first_exon	ARAP1	chr11:72714322-72721849	-	0.684	0.684	0.684	0.684	0.882	0.882	0.882	40.13	5.44e-08	19.799999999999997
inclusion	N	alternative_last_exon	ATP6V1G2	chr6:31545582-31546108	-	0.173	0.173	0.173	0.173	0.804	0.804	0.804	40	5.71e-08	63.10000000000001
inclusion	N	cassette	ABI1	chr10:26768852-26768992	-	0.901	0.901	0.901	0.901	0.68	0.68	0.68	39.99	5.71e-08	-22.10000000000001
inclusion	N	cassette	DIS3	chr13:72781289-72781356	-	0.539	0.539	0.539	0.539	0.02	0.02	0.02	39.8	6.22e-08	-51.900000000000006
inclusion	K	alternative_acceptor	PXN	chr12:120215418-120215559	-	0.647	0.647	0.647	0.647	0.39	0.39	0.39	39.35	7.77e-08	-25.700000000000003
inclusion	K	mutually_exclusive	DIS3	chr13:72778381-72780845,chr13:72781004-72781604	-	0.472	0.472	0.472	0.472	0.983	0.983	0.983	39.05	8.94e-08	51.1
inclusion	K	cassette	TPD52L1	chr6:125253717-125253755	+	0.267	0.267	0.267	0.267	0.1	0.1	0.1	38.67	1.07e-07	-16.700000000000003
inclusion	K	intron_retention	TMED7-TICAM2	chr5:115581316-115616317	-	0.436	0.436	0.436	0.436	0.756	0.756	0.756	38.21	1.34e-07	31.999999999999993
inclusion	K	cassette	PXDN	chr2:1687632-1687703	-	0.624	0.624	0.624	0.624	0.875	0.875	0.875	38.03	1.46e-07	25.1
inclusion	K	alternative_first_exon	SLC37A2	chr11:125083425-125083814	+	0.081	0.081	0.081	0.081	0.309	0.309	0.309	37.85	1.57e-07	22.799999999999997
inclusion	K	coord_cassette	OPTN	chr10:13108138-13108289	+	0.093	0.093	0.093	0.093	0.249	0.249	0.249	37.84	1.57e-07	15.599999999999998
inclusion	K	intron_retention	TMSB10	chr2:84905719-84906002	+	0.014	0.014	0.014	0.014	0.004	0.004	0.004	37.8	1.58e-07	-1.0
inclusion	N	alternative_first_exon	DNAJC5	chr20:63895324-63928334	+	0.962	0.962	0.962	0.962	0.595	0.595	0.595	37.74	1.62e-07	-36.7
inclusion	K	cassette	CRELD1	chr3:9943902-9944095	+	0.348	0.348	0.348	0.348	0.116	0.116	0.116	37.58	1.73e-07	-23.199999999999996
inclusion	K	cassette	FXR1	chr3:180975313-180975404	+	0.298	0.298	0.298	0.298	0.572	0.572	0.572	37.57	1.73e-07	27.4
inclusion	K	alternative_acceptor	GTF3C2	chr2:27326894-27327176	-	0.772	0.772	0.772	0.772	0.982	0.982	0.982	37.35	1.91e-07	21.0
inclusion	K	alternative_last_exon	PDHA1	chrX:19353174-19354490	+	0.979	0.979	0.979	0.979	0.866	0.866	0.866	37.33	1.92e-07	-11.299999999999997
inclusion	K	alternative_last_exon	BCL7C	chr16:30887991-30888859	-	0.765	0.765	0.765	0.765	0.917	0.917	0.917	37.08	2.13e-07	15.200000000000003
inclusion	K	intron_retention	CDV3	chr3:133586723-133587895	+	0.192	0.192	0.192	0.192	0.433	0.433	0.433	37.1	2.13e-07	24.099999999999998
inclusion	K	intron_retention	TCF3	chr19:1609600-1611703	-	0.843	0.843	0.843	0.843	0.967	0.967	0.967	36.55	2.78e-07	12.400000000000006
inclusion	N	alternative_last_exon	HMGCL	chr1:23808216-23816674,chr1:23808324-23816674	-	0.265	0.265	0.265	0.265	0.062	0.062	0.062	36.51	2.81e-07	-20.3
inclusion	N	intron_retention	TRABD2A	chr2:84905725-84906007	.	0.914	0.914	0.914	0.914	0.72	0.72	0.72	36.41	2.92e-07	-19.400000000000006
inclusion	K	cassette	KDM4B	chr19:5119118-5119219	+	0.825	0.825	0.825	0.825	0.511	0.511	0.511	36.39	2.93e-07	-31.4
inclusion	N	alternative_donor	WSB1	chr17:27306883-27309099	+	0.243	0.243	0.243	0.243	0.915	0.915	0.915	36.36	2.94e-07	67.2
inclusion	K	mutually_exclusive	MTHFSD	chr16:86548578-86552032,chr16:86552147-86554644	-	0.697	0.697	0.697	0.697	0.239	0.239	0.239	36.31	2.99e-07	-45.79999999999999
inclusion	K	alternative_acceptor	HIPK2	chr7:139614494-139620400	-	0.591	0.591	0.591	0.591	0.278	0.278	0.278	36.2	3.13e-07	-31.29999999999999
inclusion	N	cassette	TFDP1	chr13:113631623-113631744	+	0.901	0.901	0.901	0.901	0.711	0.711	0.711	35.94	3.56e-07	-19.000000000000014
inclusion	N	cassette	GAS6	chr13:113846527-113846589	-	0.837	0.837	0.837	0.837	0.985	0.985	0.985	35.77	3.83e-07	14.799999999999997
inclusion	N	alternative_acceptor	AL035458.2	chr20:34235031-34281026	-	0.781	0.781	0.781	0.781	0.397	0.397	0.397	35.73	3.88e-07	-38.400000000000006
inclusion	K	alternative_last_exon	ITGA6	chr2:172498101-172501771	+	0.945	0.945	0.945	0.945	0.809	0.809	0.809	35.71	3.88e-07	-13.599999999999994
inclusion	K	cassette	DDX50	chr10:68934199-68934360	+	0.95	0.95	0.95	0.95	0.642	0.642	0.642	35.62	4.03e-07	-30.799999999999997
inclusion	K	coord_cassette	ITSN1	chr21:33823487-33823653	+	0.562	0.562	0.562	0.562	0.895	0.895	0.895	35.55	4.14e-07	33.3
inclusion	N	cassette	PPIA	chr7:44798748-44798814	+	0.027	0.027	0.027	0.027	0.007	0.007	0.007	35.36	4.54e-07	-2.0
inclusion	K	intron_retention	SNHG1	chr11:62852437-62852655	-	0.801	0.801	0.801	0.801	0.938	0.938	0.938	35.28	4.68e-07	13.699999999999989
inclusion	K	intron_retention	ARRDC1	chr9:137615001-137615073	+	0.571	0.571	0.571	0.571	0.313	0.313	0.313	35.25	4.72e-07	-25.799999999999994
inclusion	N	cassette	SAT1	chrX:23784294-23784403	+	0.071	0.071	0.071	0.071	0.018	0.018	0.018	34.89	5.63e-07	-5.3
inclusion	N	mutually_exclusive	CAMLG	chr5:134738793-134741062,chr5:134741524-134750758	+	0.461	0.461	0.461	0.461	0.019	0.019	0.019	34.76	5.96e-07	-44.2
inclusion	K	alternative_first_exon	ZDHHC16	chr10:97446354-97451670	+	0.899	0.899	0.899	0.899	0.618	0.618	0.618	34.64	6.3e-07	-28.10000000000001
inclusion	N	cassette	PLD3	chr19:40365553-40365585	+	0.637	0.637	0.637	0.637	0.406	0.406	0.406	34.4	7.06e-07	-23.1
inclusion	N	alternative_donor	MSL1	chr17:40129862-40131536	+	0.324	0.324	0.324	0.324	0.617	0.617	0.617	34.25	7.56e-07	29.300000000000004
inclusion	K	intron_retention	ILK	chr11:6603823-6604225	+	0.276	0.276	0.276	0.276	0.101	0.101	0.101	34.14	7.92e-07	-17.5
inclusion	N	cassette	ITPA	chr20:3213319-3213383	+	0.859	0.859	0.859	0.859	0.968	0.968	0.968	33.48	1.1e-06	10.899999999999991
inclusion	N	cassette	POLB	chr8:42354417-42354521	+	0.12	0.12	0.12	0.12	0.411	0.411	0.411	33.24	1.24e-06	29.099999999999994
inclusion	K	cassette	IL17RE	chr3:9903397-9903412	+	0.621	0.621	0.621	0.621	0.31	0.31	0.31	33.09	1.33e-06	-31.1
inclusion	K	alternative_last_exon	TMBIM4	chr12:66161173-66169854	-	0.149	0.149	0.149	0.149	0.369	0.369	0.369	32.92	1.44e-06	22.0
inclusion	N	alternative_acceptor	DAB2IP	chr9:121770725-121772606	+	0.704	0.704	0.704	0.704	0.466	0.466	0.466	32.9	1.44e-06	-23.79999999999999
inclusion	K	cassette	RBM3	chrX:48575815-48576083	+	0.083	0.083	0.083	0.083	0.014	0.014	0.014	32.85	1.47e-06	-6.9
inclusion	N	alternative_acceptor	SNX27	chr1:151693484-151694369	+	0.504	0.504	0.504	0.504	0.871	0.871	0.871	32.7	1.57e-06	36.699999999999996
inclusion	K	cassette	ALDH4A1	chr1:18886464-18886511	-	0.703	0.703	0.703	0.703	0.961	0.961	0.961	32.55	1.69e-06	25.799999999999997
inclusion	N	alternative_acceptor	TMSB10	chr2:84905719-84905825	+	0.03	0.03	0.03	0.03	0.008	0.008	0.008	32.54	1.69e-06	-2.2
inclusion	K	intron_retention	RPL10	chrX:154399942-154400701	+	0.253	0.253	0.253	0.253	0.063	0.063	0.063	32.5	1.69e-06	-19.0
inclusion	N	cassette	IRX4	chr5:1880066-1880143	-	0.615	0.615	0.615	0.615	0.309	0.309	0.309	32.51	1.69e-06	-30.6
inclusion	N	alternative_last_exon	ARRB2	chr17:4710745-4715972	+	0.383	0.383	0.383	0.383	0.698	0.698	0.698	32.48	1.7e-06	31.5
inclusion	N	alternative_acceptor	BCL9	chr1:147622532-147623841	+	0.867	0.867	0.867	0.867	0.45	0.45	0.45	32.19	1.96e-06	-41.7
inclusion	K	alternative_donor	PKM	chr15:72200656-72202453	-	0.811	0.811	0.811	0.811	0.672	0.672	0.672	32.15	1.98e-06	-13.900000000000006
inclusion	N	cassette	TRAPPC6A	chr19:45165127-45165194	-	0.64	0.64	0.64	0.64	0.416	0.416	0.416	31.6	2.61e-06	-22.4
inclusion	K	intron_retention	YPEL3	chr16:30095336-30096096	-	0.886	0.886	0.886	0.886	0.509	0.509	0.509	31.53	2.68e-06	-37.699999999999996
inclusion	N	alternative_acceptor	FKBP1B	chr2:24060927-24063063	+	0.548	0.548	0.548	0.548	0.295	0.295	0.295	31.13	3.27e-06	-25.300000000000004
inclusion	N	alternative_acceptor	MFSD2B	chr2:24060927-24063018	+	0.452	0.452	0.452	0.452	0.705	0.705	0.705	31.11	3.29e-06	25.299999999999997
inclusion	K	alternative_last_exon	TTC17	chr11:43444210-43445930	+	0.454	0.454	0.454	0.454	0.215	0.215	0.215	30.74	3.95e-06	-23.9
inclusion	K	intron_retention	STUB1	chr16:680685-681208	+	0.932	0.932	0.932	0.932	0.74	0.74	0.74	30.66	4.09e-06	-19.200000000000003
inclusion	N	alternative_acceptor	DCAF11	chr14:24115393-24115514	+	0.268	0.268	0.268	0.268	0.11	0.11	0.11	30.62	4.15e-06	-15.8
inclusion	K	intron_retention	TTI2	chr8:33499278-33500327	-	0.408	0.408	0.408	0.408	0.149	0.149	0.149	30.53	4.32e-06	-25.9
inclusion	K	intron_retention	ALS2CL	chr3:46674740-46675617	.	0.31	0.31	0.31	0.31	0.105	0.105	0.105	30.47	4.42e-06	-20.5
inclusion	K	alternative_acceptor	BRD1	chr22:49787888-49794033	-	0.208	0.208	0.208	0.208	0.541	0.541	0.541	30.43	4.47e-06	33.3
inclusion	N	cassette	UCKL1	chr20:63943653-63943669	-	0.932	0.932	0.932	0.932	0.79	0.79	0.79	30.34	4.65e-06	-14.200000000000003
inclusion	K	cassette	TMX2	chr11:57737913-57738026	+	0.827	0.827	0.827	0.827	0.955	0.955	0.955	30.29	4.75e-06	12.800000000000011
inclusion	K	cassette	MCM3	chr6:52265235-52265385	-	0.352	0.352	0.352	0.352	0.139	0.139	0.139	30.28	4.75e-06	-21.299999999999994
inclusion	K	cassette	ZNF185	chrX:152922720-152922809	+	0.526	0.526	0.526	0.526	0.737	0.737	0.737	30.24	4.81e-06	21.1
inclusion	K	alternative_last_exon	LHPP	chr10:124498129-124517179	+	0.671	0.671	0.671	0.671	0.905	0.905	0.905	30.22	4.83e-06	23.39999999999999
inclusion	K	cassette	FLNB	chr3:58141858-58141929	+	0.862	0.862	0.862	0.862	0.583	0.583	0.583	30.13	5e-06	-27.900000000000006
inclusion	K	cassette	REPS1	chr6:138926401-138926481	-	0.534	0.534	0.534	0.534	0.777	0.777	0.777	30.13	5e-06	24.299999999999997
inclusion	K	alternative_acceptor	SERBP1	chr1:67424323-67424887	-	0.15	0.15	0.15	0.15	0.053	0.053	0.053	30.05	5.17e-06	-9.7
inclusion	K	cassette	OSBPL6	chr2:178372126-178372233	+	0.294	0.294	0.294	0.294	0.738	0.738	0.738	29.93	5.48e-06	44.4
inclusion	K	alternative_last_exon	VPS26C	chr21:37233443-37238459	-	0.788	0.788	0.788	0.788	0.546	0.546	0.546	29.72	6.04e-06	-24.199999999999996
inclusion	K	alternative_acceptor	TMED7-TICAM2	chr5:115581316-115616317	-	0.607	0.607	0.607	0.607	0.33	0.33	0.33	29.58	6.45e-06	-27.699999999999996
inclusion	K	cassette	LRIF1	chr1:110951288-110952815	-	0.264	0.264	0.264	0.264	0.672	0.672	0.672	29.56	6.49e-06	40.8
inclusion	N	intron_retention	CTNNB1	chr3:41239354-41239811	.	0.87	0.87	0.87	0.87	0.98	0.98	0.98	29.5	6.66e-06	11.0
inclusion	N	cassette	ESYT2	chr7:158752781-158752843	-	0.152	0.152	0.152	0.152	0.385	0.385	0.385	29.43	6.86e-06	23.3
inclusion	N	cassette	PAK1	chr11:77397027-77397093	-	0.008	0.008	0.008	0.008	0.128	0.128	0.128	29.41	6.9e-06	12.0
inclusion	K	alternative_first_exon	SYNPO	chr5:150640855-150647943	+	0.142	0.142	0.142	0.142	0.411	0.411	0.411	29.17	7.71e-06	26.899999999999995
inclusion	K	intron_retention	MSL1	chr17:40129628-40131536	+	0.32	0.32	0.32	0.32	0.594	0.594	0.594	29.18	7.71e-06	27.4
inclusion	N	alternative_last_exon	MYO19	chr17:36498555-36499074,chr17:36498560-36499074	-	0.878	0.878	0.878	0.878	0.991	0.991	0.991	29.15	7.73e-06	11.299999999999997
inclusion	K	cassette	PPP1R12A	chr12:79806166-79806333	-	0.743	0.743	0.743	0.743	0.335	0.335	0.335	29.13	7.75e-06	-40.8
inclusion	N	cassette	IL17RC	chr3:9918335-9918409	+	0.985	0.985	0.985	0.985	0.84	0.84	0.84	29.08	7.91e-06	-14.5
inclusion	N	alternative_acceptor	CIRBP	chr19:1269411-1270927	+	0.899	0.899	0.899	0.899	0.981	0.981	0.981	29.06	7.93e-06	8.199999999999989
inclusion	K	cassette	HNRNPD	chr4:82354895-82355001	-	0.234	0.234	0.234	0.234	0.073	0.073	0.073	29.04	7.96e-06	-16.1
inclusion	K	cassette	FOCAD	chr9:20819796-20819900	+	0.878	0.878	0.878	0.878	0.567	0.567	0.567	29	8.04e-06	-31.1
inclusion	N	alternative_first_exon	HMGCL	chr1:23808324-23810735	-	0.821	0.821	0.821	0.821	0.955	0.955	0.955	29.01	8.04e-06	13.400000000000006
inclusion	K	cassette	CANT1	chr17:79000100-79000270	-	0.092	0.092	0.092	0.092	0.382	0.382	0.382	28.9	8.42e-06	29.000000000000004
inclusion	K	cassette	PFKM	chr12:48135291-48135383	+	0.859	0.859	0.859	0.859	0.716	0.716	0.716	28.76	9e-06	-14.300000000000011
inclusion	K	alternative_acceptor	SRP19	chr5:112864733-112867371	+	0.077	0.077	0.077	0.077	0.245	0.245	0.245	28.74	9.05e-06	16.8
inclusion	K	cassette	MRPL52	chr14:22830964-22831037	+	0.108	0.108	0.108	0.108	0.023	0.023	0.023	28.47	1.04e-05	-8.5
inclusion	K	alternative_first_exon	SHMT2	chr12:57229812-57230802	+	0.699	0.699	0.699	0.699	0.934	0.934	0.934	28.44	1.05e-05	23.500000000000014
inclusion	N	alternative_last_exon	HMGA2	chr12:65838570-65915058,chr12:65838570-65914719	+	0.403	0.403	0.403	0.403	0.643	0.643	0.643	28.33	1.1e-05	23.999999999999993
inclusion	K	alternative_last_exon	TCAIM	chr3:44357877-44358216	+	0.701	0.701	0.701	0.701	0.924	0.924	0.924	28.31	1.1e-05	22.30000000000001
inclusion	K	alternative_first_exon	SUN2	chr22:38752666-38754641	-	0.202	0.202	0.202	0.202	0.474	0.474	0.474	28.28	1.11e-05	27.199999999999996
inclusion	K	cassette	PRR3	chr6:30561328-30561508	+	0.91	0.91	0.91	0.91	0.56	0.56	0.56	28.19	1.17e-05	-34.99999999999999
inclusion	N	intron_retention	AC245041.2	chr10:47974904-47985854	-	0.95	0.95	0.95	0.95	0.604	0.604	0.604	28.17	1.17e-05	-34.6
inclusion	K	cassette	ITSN1	chr21:33826818-33826863	+	0.394	0.394	0.394	0.394	0.813	0.813	0.813	28.13	1.18e-05	41.9
inclusion	K	alternative_last_exon	AACS	chr12:125134853-125136661	+	0.638	0.638	0.638	0.638	0.907	0.907	0.907	28.07	1.22e-05	26.9
inclusion	K	coord_cassette	BID	chr22:17743803-17744013	-	0.704	0.704	0.704	0.704	0.984	0.984	0.984	27.96	1.28e-05	28.000000000000014
inclusion	K	alternative_first_exon	TACC2	chr10:122113234-122132608	+	0.778	0.778	0.778	0.778	0.385	0.385	0.385	27.94	1.29e-05	-39.3
inclusion	K	cassette	CD46	chr1:207767607-207767651	+	0.129	0.129	0.129	0.129	0.01	0.01	0.01	27.9	1.31e-05	-11.9
inclusion	N	cassette	SEC22B	chr1:120168840-120168949	-	0.868	0.868	0.868	0.868	0.995	0.995	0.995	27.74	1.41e-05	12.700000000000003
inclusion	K	cassette	BID	chr22:17743803-17744013	-	0.658	0.658	0.658	0.658	0.979	0.979	0.979	27.71	1.43e-05	32.099999999999994
inclusion	K	cassette	TMEM131	chr2:97794930-97795115	-	0.98	0.98	0.98	0.98	0.766	0.766	0.766	27.7	1.43e-05	-21.400000000000006
inclusion	K	alternative_first_exon	MCC	chr5:113151423-113294328	-	0.651	0.651	0.651	0.651	0.372	0.372	0.372	27.55	1.53e-05	-27.900000000000006
inclusion	K	alternative_acceptor	FMR1	chrX:147945617-147948682	+	0.438	0.438	0.438	0.438	0.122	0.122	0.122	27.41	1.64e-05	-31.599999999999998
inclusion	K	intron_retention	USP39	chr2:85648854-85649016	+	0.755	0.755	0.755	0.755	0.92	0.92	0.92	27.35	1.68e-05	16.5
inclusion	K	intron_retention	KHSRP	chr19:6414121-6415140	-	0.936	0.936	0.936	0.936	0.824	0.824	0.824	27.24	1.77e-05	-11.200000000000017
inclusion	K	cassette	DOCK9	chr13:98825872-98825940	-	0.529	0.529	0.529	0.529	0.188	0.188	0.188	27.2	1.79e-05	-34.10000000000001
inclusion	N	cassette	TMCO4	chr1:19745532-19745651	-	0.985	0.985	0.985	0.985	0.664	0.664	0.664	27.2	1.79e-05	-32.099999999999994
inclusion	N	alternative_donor	SNHG8	chr4:118279138-118279388	+	0.918	0.918	0.918	0.918	0.799	0.799	0.799	27.09	1.89e-05	-11.899999999999991
inclusion	K	alternative_first_exon	ARHGEF3	chr3:56773817-56801702	-	0.824	0.824	0.824	0.824	0.279	0.279	0.279	26.83	2.14e-05	-54.499999999999986
inclusion	K	alternative_acceptor	SART3	chr12:108544533-108545138	-	0.138	0.138	0.138	0.138	0.013	0.013	0.013	26.82	2.15e-05	-12.5
inclusion	N	cassette	BCL9L	chr11:118918826-118918879	-	0.637	0.637	0.637	0.637	0.849	0.849	0.849	26.72	2.25e-05	21.19999999999999
inclusion	K	cassette	AFDN	chr6:167913403-167913423	+	0.797	0.797	0.797	0.797	0.516	0.516	0.516	26.53	2.46e-05	-28.1
inclusion	N	cassette	ENTPD6	chr20:25206522-25206590	+	0.185	0.185	0.185	0.185	0.339	0.339	0.339	26.5	2.49e-05	15.400000000000006
inclusion	N	alternative_first_exon	RPS11	chr19:49496472-49497193	+	0.99	0.99	0.99	0.99	0.998	0.998	0.998	26.44	2.55e-05	0.7999999999999972
inclusion	N	alternative_last_exon	YIPF6	chrX:68522918-68531880	+	0.949	0.949	0.949	0.949	0.62	0.62	0.62	26.44	2.55e-05	-32.89999999999999
inclusion	K	alternative_first_exon	PDHA1	chrX:19354584-19355348	+	0.983	0.983	0.983	0.983	0.903	0.903	0.903	26.39	2.59e-05	-8.0
inclusion	N	alternative_acceptor	SAT2	chr17:7627415-7627552	-	0.978	0.978	0.978	0.978	0.816	0.816	0.816	26.4	2.59e-05	-16.200000000000003
inclusion	K	alternative_first_exon	TNPO2	chr19:12720991-12723248	-	0.644	0.644	0.644	0.644	0.36	0.36	0.36	26.31	2.69e-05	-28.400000000000006
inclusion	K	cassette	MED16	chr19:889638-889807	-	0.833	0.833	0.833	0.833	0.973	0.973	0.973	26.28	2.71e-05	14.0
inclusion	N	cassette	ACOT9	chrX:23734341-23734367	-	0.586	0.586	0.586	0.586	0.29	0.29	0.29	26.19	2.83e-05	-29.599999999999998
inclusion	K	alternative_acceptor	MED24	chr17:40053636-40054360	-	0.347	0.347	0.347	0.347	0.614	0.614	0.614	26.1	2.94e-05	26.700000000000003
inclusion	K	cassette	AXL	chr19:41239694-41239720	+	0.508	0.508	0.508	0.508	0.728	0.728	0.728	26.11	2.94e-05	22.0
inclusion	K	alternative_first_exon	RAB34	chr17:28716059-28716902	-	0.879	0.879	0.879	0.879	0.977	0.977	0.977	26.09	2.94e-05	9.799999999999997
inclusion	K	alternative_acceptor	ANAPC5	chr12:121328498-121330582	-	0.707	0.707	0.707	0.707	0.468	0.468	0.468	26.08	2.94e-05	-23.9
inclusion	K	cassette	ITGB4	chr17:75753765-75753974	+	0.015	0.015	0.015	0.015	0.045	0.045	0.045	26.05	2.96e-05	3.0
inclusion	K	alternative_last_exon	ZDHHC16	chr10:97446354-97450356	+	0.054	0.054	0.054	0.054	0.269	0.269	0.269	26.02	3e-05	21.5
inclusion	K	alternative_acceptor	RPL22L1	chr3:170868202-170868297	-	0.386	0.386	0.386	0.386	0.582	0.582	0.582	25.86	3.25e-05	19.599999999999994
inclusion	K	cassette	NUMB	chr14:73279281-73279424	-	0.277	0.277	0.277	0.277	0.105	0.105	0.105	25.83	3.29e-05	-17.200000000000003
inclusion	K	cassette	STRAP	chr12:15883541-15883676	+	0.995	0.995	0.995	0.995	0.925	0.925	0.925	25.79	3.33e-05	-7.0
inclusion	K	alternative_donor	RACK1	chr5:181241640-181242169	-	0.005	0.005	0.005	0.005	0.001	0.001	0.001	25.76	3.37e-05	-0.4
inclusion	N	alternative_first_exon	NCOR2	chr12:124495369-124518139	-	0.095	0.095	0.095	0.095	0.445	0.445	0.445	25.67	3.52e-05	35.0
inclusion	K	cassette	SLC37A2	chr11:125084234-125084319	+	0.876	0.876	0.876	0.876	0.679	0.679	0.679	25.42	3.98e-05	-19.69999999999999
inclusion	N	alternative_acceptor	PPP1R12C	chr19:55096336-55098783	-	0.821	0.821	0.821	0.821	0.994	0.994	0.994	25.4	4.01e-05	17.30000000000001
inclusion	N	alternative_last_exon	MARS1	chr12:57504721-57516592	.	0.679	0.679	0.679	0.679	0.365	0.365	0.365	25.28	4.24e-05	-31.400000000000006
inclusion	K	alternative_acceptor	LINC01503	chr9:129338918-129341735	+	0.695	0.695	0.695	0.695	0.487	0.487	0.487	25.22	4.35e-05	-20.800000000000004
inclusion	K	intron_retention	PDGFA	chr7:498575-500430	-	0.556	0.556	0.556	0.556	0.166	0.166	0.166	25.21	4.35e-05	-39.00000000000001
inclusion	N	alternative_donor	MRPL14	chr6:44116630-44127343	-	0.746	0.746	0.746	0.746	0.398	0.398	0.398	25.21	4.35e-05	-34.79999999999999
inclusion	N	alternative_acceptor	CASP8	chr2:201258155-201266460	+	0.895	0.895	0.895	0.895	0.322	0.322	0.322	25.02	4.78e-05	-57.3
inclusion	K	alternative_first_exon	SINHCAF	chr12:31298225-31326023	-	0.595	0.595	0.595	0.595	0.387	0.387	0.387	25.01	4.78e-05	-20.799999999999997
inclusion	N	intron_retention	KDM1A	chr1:23082367-23082449	+	0.31	0.31	0.31	0.31	0.052	0.052	0.052	24.9	5.05e-05	-25.8
inclusion	K	intron_retention	PRKCSH	chr19:11449429-11450645	+	0.116	0.116	0.116	0.116	0.226	0.226	0.226	24.88	5.07e-05	11.0
inclusion	K	intron_retention	RNF39	chr6:30073249-30073455	-	0.586	0.586	0.586	0.586	0.217	0.217	0.217	24.8	5.25e-05	-36.89999999999999
inclusion	K	alternative_first_exon	PBX3	chr9:125915928-125929654	+	0.84	0.84	0.84	0.84	0.994	0.994	0.994	24.73	5.43e-05	15.400000000000006
inclusion	N	cassette	WBP1	chr2:74458832-74458919	+	0.179	0.179	0.179	0.179	0.054	0.054	0.054	24.72	5.43e-05	-12.499999999999998
inclusion	K	alternative_first_exon	TMEM91	chr19:41376855-41378280	+	0.733	0.733	0.733	0.733	0.98	0.98	0.98	24.65	5.61e-05	24.700000000000003
inclusion	N	cassette	SH3D19	chr4:151144220-151144288	-	0.182	0.182	0.182	0.182	0.465	0.465	0.465	24.52	5.99e-05	28.3
inclusion	N	alternative_acceptor	PICALM	chr11:85981989-85983865	-	0.513	0.513	0.513	0.513	0.25	0.25	0.25	24.46	6.14e-05	-26.300000000000004
inclusion	N	cassette	OPTN	chr10:13108138-13108289	+	0.315	0.315	0.315	0.315	0.478	0.478	0.478	24.34	6.52e-05	16.299999999999997
inclusion	N	cassette	SOD1	chr21:31663790-31663886	+	0.927	0.927	0.927	0.927	0.986	0.986	0.986	24.17	7.08e-05	5.8999999999999915
inclusion	N	intron_retention	FAM160B2	chr8:22102063-22102174	+	0.469	0.469	0.469	0.469	0.967	0.967	0.967	24.16	7.08e-05	49.800000000000004
inclusion	K	intron_retention	ARG2	chr14:67648184-67650714	+	0.192	0.192	0.192	0.192	0.467	0.467	0.467	24.06	7.39e-05	27.500000000000004
inclusion	N	alternative_acceptor	TSPAN5	chr4:98478747-98482004	-	0.272	0.272	0.272	0.272	0.57	0.57	0.57	24.06	7.39e-05	29.79999999999999
inclusion	K	cassette	MARCHF7	chr2:159764626-159764674	+	0.869	0.869	0.869	0.869	0.58	0.58	0.58	23.98	7.67e-05	-28.900000000000013
inclusion	K	intron_retention	RNF39	chr6:30071692-30073156	-	0.362	0.362	0.362	0.362	0.085	0.085	0.085	23.87	8.1e-05	-27.699999999999996
inclusion	N	alternative_donor	nogene	chr16:68575896-68579814	+	0.927	0.927	0.927	0.927	0.506	0.506	0.506	23.86	8.13e-05	-42.1
inclusion	N	cassette	INF2	chr14:104715284-104715340	+	0.896	0.896	0.896	0.896	0.976	0.976	0.976	23.83	8.22e-05	7.999999999999986
inclusion	N	alternative_last_exon	NASP	chr1:45606592-45607320	+	0.822	0.822	0.822	0.822	0.566	0.566	0.566	23.75	8.51e-05	-25.599999999999994
inclusion	K	alternative_acceptor	MATR3	chr5:139322968-139325295	+	0.101	0.101	0.101	0.101	0.025	0.025	0.025	23.74	8.51e-05	-7.600000000000001
inclusion	K	intron_retention	SNHG5	chr6:85678189-85678693	-	0.164	0.164	0.164	0.164	0.061	0.061	0.061	23.71	8.61e-05	-10.300000000000002
inclusion	N	alternative_last_exon	RPL28	chr19:55386694-55387929	+	0.961	0.961	0.961	0.961	0.986	0.986	0.986	23.68	8.74e-05	2.5
inclusion	K	alternative_acceptor	RACK1	chr5:181241640-181242169	-	0.896	0.896	0.896	0.896	0.686	0.686	0.686	23.66	8.76e-05	-21.0
inclusion	K	intron_retention	UPP1	chr7:48089419-48090249	+	0.604	0.604	0.604	0.604	0.807	0.807	0.807	23.58	9.1e-05	20.300000000000004
inclusion	K	alternative_first_exon	SPEG	chr2:219444060-219444652	+	0.751	0.751	0.751	0.751	0.4	0.4	0.4	23.57	9.14e-05	-35.099999999999994
inclusion	N	alternative_first_exon	FAM53B	chr10:124706888-124744012	-	0.666	0.666	0.666	0.666	0.899	0.899	0.899	23.56	9.15e-05	23.299999999999997
inclusion	N	alternative_acceptor	NOP16	chr5:176384375-176385220	-	0.717	0.717	0.717	0.717	0.546	0.546	0.546	23.48	9.47e-05	-17.1
inclusion	N	alternative_acceptor	SSH3	chr11:67303692-67304117	+	0.761	0.761	0.761	0.761	0.913	0.913	0.913	23.44	9.65e-05	15.200000000000003
inclusion	K	alternative_first_exon	TANGO2	chr22:20053552-20055942	+	0.344	0.344	0.344	0.344	0.65	0.65	0.65	23.42	9.7e-05	30.6
inclusion	K	intron_retention	CDH3	chr16:68695924-68698092	+	0.332	0.332	0.332	0.332	0.617	0.617	0.617	23.39	9.83e-05	28.5
inclusion	K	intron_retention	NOP16	chr5:176384284-176385220	-	0.529	0.529	0.529	0.529	0.324	0.324	0.324	23.37	9.89e-05	-20.500000000000007
inclusion	N	cassette	RHBDD2	chr7:75881365-75881486	+	0.327	0.327	0.327	0.327	0.564	0.564	0.564	23.16	0.00011	23.69999999999999
inclusion	K	alternative_last_exon	CRYZ	chr1:74707205-74710097	-	0.663	0.663	0.663	0.663	0.292	0.292	0.292	23.13	0.000111	-37.099999999999994
inclusion	K	intron_retention	MFSD10	chr4:2933945-2934768	-	0.328	0.328	0.328	0.328	0.132	0.132	0.132	23.08	0.000114	-19.6
inclusion	N	cassette	CSDE1	chr1:114737471-114737563	-	0.234	0.234	0.234	0.234	0.119	0.119	0.119	23.07	0.000114	-11.500000000000004
inclusion	K	intron_retention	AL590617.2	chr6:138692618-138694392	+	0.5	0.5	0.5	0.5	0.051	0.051	0.051	22.98	0.000119	-44.9
inclusion	N	cassette	ITGB6	chr2:160199179-160199258	-	0.981	0.981	0.981	0.981	0.878	0.878	0.878	22.98	0.000119	-10.299999999999997
inclusion	N	alternative_last_exon	NAP1L1	chr12:76074240-76084566	-	0.957	0.957	0.957	0.957	0.861	0.861	0.861	22.97	0.000119	-9.600000000000009
inclusion	K	alternative_acceptor	ALKBH2	chr12:109092938-109093246	-	0.687	0.687	0.687	0.687	0.416	0.416	0.416	22.9	0.000122	-27.1
inclusion	K	alternative_donor	ADAR	chr1:154589929-154590183	-	0.861	0.861	0.861	0.861	0.725	0.725	0.725	22.9	0.000122	-13.599999999999994
inclusion	K	intron_retention	HCFC1R1	chr16:3023969-3024180	-	0.903	0.903	0.903	0.903	0.719	0.719	0.719	22.91	0.000122	-18.400000000000006
inclusion	K	intron_retention	NR1D1	chr17:40093283-40093911	-	0.179	0.179	0.179	0.179	0.421	0.421	0.421	22.87	0.000123	24.200000000000003
inclusion	K	alternative_first_exon	RPS3	chr11:75400586-75400693	+	0.009	0.009	0.009	0.009	0.001	0.001	0.001	22.85	0.000123	-0.7999999999999999
inclusion	N	alternative_first_exon	SQSTM1	chr5:179821142-179822957	+	0.83	0.83	0.83	0.83	0.925	0.925	0.925	22.85	0.000123	9.5
inclusion	N	cassette	PDGFA	chr7:500431-500499	-	0.036	0.036	0.036	0.036	0.139	0.139	0.139	22.68	0.000134	10.300000000000002
inclusion	K	alternative_first_exon	SRPK2	chr7:105203786-105268805	-	0.276	0.276	0.276	0.276	0.559	0.559	0.559	22.41	0.000154	28.300000000000004
inclusion	K	intron_retention	WSB1	chr17:27306883-27309099	+	0.63	0.63	0.63	0.63	0.08	0.08	0.08	22.38	0.000156	-55.0
inclusion	K	intron_retention	RPL17-C18orf32	chr18:49491585-49491735	-	0.421	0.421	0.421	0.421	0.618	0.618	0.618	22.33	0.000159	19.699999999999996
inclusion	N	cassette	OPTN	chr10:13108962-13109015	+	0.09	0.09	0.09	0.09	0.209	0.209	0.209	22.31	0.00016	11.899999999999999
inclusion	K	cassette	ADGRL1	chr19:14152133-14152150	-	0.981	0.981	0.981	0.981	0.657	0.657	0.657	22.3	0.000161	-32.39999999999999
inclusion	N	alternative_acceptor	SMYD5	chr2:73218970-73220050	+	0.725	0.725	0.725	0.725	0.896	0.896	0.896	22.29	0.000161	17.10000000000001
inclusion	N	alternative_donor	DAB2IP	chr9:121783443-121783535	+	0.742	0.742	0.742	0.742	0.581	0.581	0.581	22.28	0.000161	-16.10000000000001
inclusion	N	cassette	PTK2	chr8:140948666-140948723	-	0.263	0.263	0.263	0.263	0.075	0.075	0.075	22.28	0.000161	-18.8
inclusion	K	intron_retention	HMGA2	chr12:65838570-65915058	+	0.142	0.142	0.142	0.142	0.007	0.007	0.007	22.27	0.000161	-13.5
inclusion	K	alternative_acceptor	PROM2	chr2:95289007-95289223	+	0.852	0.852	0.852	0.852	0.962	0.962	0.962	22.15	0.00017	11.0
inclusion	K	cassette	MARK2	chr11:63906088-63906114	+	0.203	0.203	0.203	0.203	0.072	0.072	0.072	22.14	0.000171	-13.100000000000001
inclusion	N	alternative_donor	THOC3	chr5:175918173-175961050	-	0.004	0.004	0.004	0.004	0.097	0.097	0.097	22.13	0.000171	9.3
inclusion	K	cassette	C11orf1	chr11:111883136-111883202	+	0.763	0.763	0.763	0.763	0.92	0.92	0.92	22.11	0.000172	15.700000000000003
inclusion	N	intron_retention	VAMP5	chr2:85581877-85591724	+	0.839	0.839	0.839	0.839	0.935	0.935	0.935	22.1	0.000173	9.600000000000009
inclusion	K	alternative_acceptor	WDR45B	chr17:82619129-82621608	-	0.745	0.745	0.745	0.745	0.905	0.905	0.905	21.99	0.000182	16.0
inclusion	K	cassette	NPRL3	chr16:117301-117375	-	0.442	0.442	0.442	0.442	0.643	0.643	0.643	21.98	0.000182	20.099999999999994
inclusion	K	cassette	TRERF1	chr6:42263320-42263568	-	0.985	0.985	0.985	0.985	0.744	0.744	0.744	21.9	0.000189	-24.099999999999994
inclusion	K	cassette	HMCES	chr3:129288854-129288997	+	0.95	0.95	0.95	0.95	0.998	0.998	0.998	21.87	0.000192	4.799999999999997
inclusion	K	intron_retention	NAP1L1	chr12:76047719-76048392	-	0.092	0.092	0.092	0.092	0.188	0.188	0.188	21.87	0.000192	9.600000000000001
inclusion	K	cassette	ACACA	chr17:37210467-37210490	-	0.85	0.85	0.85	0.85	0.994	0.994	0.994	21.85	0.000193	14.400000000000006
inclusion	K	alternative_acceptor	SUGP1	chr19:19303848-19305848	-	0.87	0.87	0.87	0.87	0.972	0.972	0.972	21.74	0.000202	10.200000000000003
inclusion	K	cassette	ASPH	chr8:61643945-61644001	-	0.984	0.984	0.984	0.984	0.904	0.904	0.904	21.75	0.000202	-8.0
inclusion	N	cassette	UFD1	chr22:19475068-19475100	-	0.79	0.79	0.79	0.79	0.927	0.927	0.927	21.74	0.000202	13.700000000000003
inclusion	N	cassette	KARS1	chr16:75644283-75644462	-	0.22	0.22	0.22	0.22	0.117	0.117	0.117	21.7	0.000206	-10.299999999999999
inclusion	K	alternative_first_exon	SESN1	chr6:109002344-109009358	-	0.525	0.525	0.525	0.525	0.894	0.894	0.894	21.68	0.000207	36.900000000000006
inclusion	N	alternative_acceptor	UBL7	chr15:74448601-74449185	-	0.89	0.89	0.89	0.89	0.724	0.724	0.724	21.66	0.000208	-16.60000000000001
inclusion	N	intron_retention	MRNIP	chr5:179837886-179839582	-	0.969	0.969	0.969	0.969	0.797	0.797	0.797	21.66	0.000208	-17.19999999999999
inclusion	N	alternative_first_exon	IGF2BP2	chr3:185698348-185823152	-	0.895	0.895	0.895	0.895	0.985	0.985	0.985	21.57	0.000217	9.0
inclusion	K	alternative_first_exon	SIAH1	chr16:48362431-48365386	-	0.154	0.154	0.154	0.154	0.511	0.511	0.511	21.39	0.000238	35.7
inclusion	N	cassette	ERCC1	chr19:45449173-45449244	-	0.643	0.643	0.643	0.643	0.946	0.946	0.946	21.38	0.000238	30.299999999999997
inclusion	K	cassette	ARID1B	chr6:157036835-157036876	+	0.265	0.265	0.265	0.265	0.591	0.591	0.591	21.37	0.000239	32.599999999999994
inclusion	K	cassette	LONP2	chr16:48256610-48256741	+	0.957	0.957	0.957	0.957	0.812	0.812	0.812	21.29	0.000248	-14.5
inclusion	N	alternative_last_exon	XPNPEP1	chr10:109907816-109923401	-	0.135	0.135	0.135	0.135	0.011	0.011	0.011	21.27	0.00025	-12.4
inclusion	K	coord_cassette	ZNF185	chrX:152922720-152922809	+	0.619	0.619	0.619	0.619	0.84	0.84	0.84	21.23	0.000255	22.1
inclusion	K	intron_retention	IL1RAP	chr3:190629499-190644247	+	0.342	0.342	0.342	0.342	0.08	0.08	0.08	21.14	0.000265	-26.200000000000003
inclusion	K	alternative_acceptor	WDR54	chr2:74421817-74422119	+	0.133	0.133	0.133	0.133	0.042	0.042	0.042	21.01	0.000282	-9.100000000000001
inclusion	N	alternative_last_exon	KDM6B	chr17:7853381-7853497	+	0.858	0.858	0.858	0.858	0.983	0.983	0.983	21.01	0.000282	12.5
inclusion	N	alternative_last_exon	PCID2	chr13:113181231-113184345	-	0.797	0.797	0.797	0.797	0.992	0.992	0.992	21.02	0.000282	19.5
inclusion	N	alternative_donor	AL035458.2	chr20:34235031-34280521	-	0.94	0.94	0.94	0.94	0.987	0.987	0.987	21	0.000282	4.700000000000003
inclusion	K	alternative_first_exon	PML	chr15:74032716-74033155	+	0.466	0.466	0.466	0.466	0.653	0.653	0.653	20.87	0.000299	18.699999999999996
inclusion	K	alternative_last_exon	SEPTIN6	chrX:119625380-119629317,chrX:119625397-119629317	-	0.104	0.104	0.104	0.104	0.423	0.423	0.423	20.87	0.000299	31.9
inclusion	K	cassette	SERPINB1	chr6:2841216-2841475	-	0.07	0.07	0.07	0.07	0.003	0.003	0.003	20.88	0.000299	-6.700000000000001
inclusion	K	cassette	PEX19	chr1:160283530-160283639	-	0.914	0.914	0.914	0.914	0.992	0.992	0.992	20.83	0.000305	7.799999999999997
inclusion	K	cassette	R3HDM1	chr2:135616668-135616757	+	0.234	0.234	0.234	0.234	0.587	0.587	0.587	20.78	0.000311	35.3
inclusion	K	alternative_last_exon	TAF9	chr5:69365755-69366502	-	0.756	0.756	0.756	0.756	0.881	0.881	0.881	20.75	0.000315	12.5
inclusion	N	cassette	EXOSC1	chr10:97443237-97443311	-	0.891	0.891	0.891	0.891	0.749	0.749	0.749	20.73	0.000317	-14.199999999999989
inclusion	K	alternative_acceptor	BCL2L1	chr20:31722349-31723734	-	0.706	0.706	0.706	0.706	0.42	0.42	0.42	20.71	0.000319	-28.599999999999994
inclusion	N	alternative_last_exon	TM7SF3	chr12:26979937-26980565	-	0.755	0.755	0.755	0.755	0.887	0.887	0.887	20.66	0.000328	13.200000000000003
inclusion	K	alternative_last_exon	AC132008.2	chr3:197614623-197615563	-	0.905	0.905	0.905	0.905	0.529	0.529	0.529	20.63	0.000331	-37.599999999999994
inclusion	K	alternative_acceptor	SCAF4	chr21:31685241-31685397	-	0.558	0.558	0.558	0.558	0.321	0.321	0.321	20.54	0.000347	-23.700000000000003
inclusion	K	intron_retention	ALKBH2	chr12:109092788-109093246	-	0.631	0.631	0.631	0.631	0.358	0.358	0.358	20.52	0.000347	-27.300000000000004
inclusion	N	cassette	CD59	chr11:33731424-33731468	-	0.208	0.208	0.208	0.208	0.102	0.102	0.102	20.52	0.000347	-10.600000000000001
inclusion	N	intron_retention	SPEN	chr1:15937391-15937486	+	0.849	0.849	0.849	0.849	0.982	0.982	0.982	20.5	0.00035	13.300000000000011
inclusion	N	alternative_acceptor	RNF126	chr19:649053-649678	-	0.104	0.104	0.104	0.104	0.029	0.029	0.029	20.45	0.000358	-7.5
inclusion	K	alternative_first_exon	BAG6	chr6:31651777-31652079,chr6:31651777-31652060,chr6:31651777-31651901,chr6:31651777-31651865	-	0.052	0.052	0.052	0.052	0.132	0.132	0.132	20.29	0.000386	8.0
inclusion	K	mutually_exclusive	PRKAR2A	chr3:48751719-48752175,chr3:48752318-48765003	-	0.733	0.733	0.733	0.733	0.124	0.124	0.124	20.29	0.000386	-60.9
inclusion	N	alternative_acceptor	ZDHHC7	chr16:84988655-84988797	-	0.733	0.733	0.733	0.733	0.246	0.246	0.246	20.29	0.000386	-48.699999999999996
inclusion	K	alternative_first_exon	ATXN2	chr12:111452841-111453676	-	0.715	0.715	0.715	0.715	0.907	0.907	0.907	20.27	0.000388	19.200000000000003
inclusion	K	cassette	ST7	chr7:117134124-117134192	+	0.324	0.324	0.324	0.324	0.148	0.148	0.148	20.23	0.000396	-17.6
inclusion	K	cassette	BCORL1	chrX:130024990-130025379	+	0.748	0.748	0.748	0.748	0.962	0.962	0.962	20.22	0.000396	21.400000000000006
inclusion	N	cassette	OCIAD2	chr4:48899829-48899925	-	0.837	0.837	0.837	0.837	0.929	0.929	0.929	20.17	0.000406	9.200000000000003
inclusion	K	cassette	WIPI2	chr7:5193118-5193171	+	0.233	0.233	0.233	0.233	0.094	0.094	0.094	20.11	0.000418	-13.9
inclusion	K	alternative_last_exon	AK6	chr5:69355954-69366502	-	0.242	0.242	0.242	0.242	0.119	0.119	0.119	20.08	0.000422	-12.3
inclusion	K	alternative_first_exon	RGS3	chr9:113594339-113594429	+	0.202	0.202	0.202	0.202	0.546	0.546	0.546	20.06	0.000427	34.4
inclusion	K	intron_retention	DAB2IP	chr9:121782402-121783535	+	0.708	0.708	0.708	0.708	0.551	0.551	0.551	19.96	0.000448	-15.699999999999996
inclusion	N	cassette	PRKAR2A	chr3:48756379-48756444	-	0.888	0.888	0.888	0.888	0.987	0.987	0.987	19.94	0.00045	9.900000000000006
inclusion	K	cassette	THOC5	chr22:29550728-29550843	-	0.371	0.371	0.371	0.371	0.16	0.16	0.16	19.91	0.000456	-21.1
inclusion	K	alternative_acceptor	BBS1	chr11:66519749-66520778	+	0.544	0.544	0.544	0.544	0.275	0.275	0.275	19.9	0.000458	-26.900000000000002
inclusion	K	alternative_first_exon	DCAF11	chr14:24115393-24115542	+	0.396	0.396	0.396	0.396	0.65	0.65	0.65	19.86	0.000465	25.4
inclusion	K	intron_retention	PKM	chr15:72200656-72203021	-	0.171	0.171	0.171	0.171	0.056	0.056	0.056	19.78	0.000486	-11.5
inclusion	N	alternative_acceptor	EZH1	chr17:42703039-42703739	-	0.151	0.151	0.151	0.151	0.007	0.007	0.007	19.77	0.000486	-14.4
inclusion	N	alternative_first_exon	AACS	chr12:125134853-125142091	+	0.229	0.229	0.229	0.229	0.055	0.055	0.055	19.76	0.000486	-17.400000000000002
inclusion	K	alternative_first_exon	SLC12A4	chr16:67963560-67966752	-	0.049	0.049	0.049	0.049	0.255	0.255	0.255	19.74	0.00049	20.6
inclusion	K	cassette	SLC16A4	chr1:110382834-110382966	-	0.859	0.859	0.859	0.859	0.577	0.577	0.577	19.68	0.000506	-28.20000000000001
inclusion	N	cassette	DNAJC5	chr20:63931109-63931182	+	0.249	0.249	0.249	0.249	0.39	0.39	0.39	19.67	0.000507	14.100000000000001
inclusion	N	cassette	GPBP1L1	chr1:45685576-45685620	-	0.552	0.552	0.552	0.552	0.757	0.757	0.757	19.61	0.00052	20.5
inclusion	K	intron_retention	RPL29	chr3:51994858-51995041	-	0.551	0.551	0.551	0.551	0.248	0.248	0.248	19.6	0.000522	-30.3
inclusion	K	intron_retention	FKBP10	chr17:41812740-41813029	+	0.866	0.866	0.866	0.866	0.994	0.994	0.994	19.58	0.000527	12.800000000000011
inclusion	N	alternative_donor	RGS12	chr4:3437941-3439454	+	0.778	0.778	0.778	0.778	0.543	0.543	0.543	19.55	0.000532	-23.499999999999993
inclusion	K	alternative_first_exon	DDR1	chr6:30895515-30896620	+	0.738	0.738	0.738	0.738	0.867	0.867	0.867	19.5	0.000546	12.900000000000006
inclusion	N	cassette	GNPDA1	chr5:142012288-142012339	-	0.091	0.091	0.091	0.091	0.015	0.015	0.015	19.45	0.000559	-7.6
inclusion	K	cassette	ELK1	chrX:47649921-47650026	-	0.44	0.44	0.44	0.44	0.242	0.242	0.242	19.37	0.000581	-19.8
inclusion	N	cassette	DENND5A	chr11:9140189-9140248	-	0.023	0.023	0.023	0.023	0.152	0.152	0.152	19.35	0.000584	12.899999999999999
inclusion	N	cassette	S100A2	chr1:153563415-153563536	.	0.051	0.051	0.051	0.051	0.034	0.034	0.034	19.34	0.000586	-1.6999999999999993
inclusion	K	cassette	RBMS1	chr2:160282257-160282304	-	0.27	0.27	0.27	0.27	0.099	0.099	0.099	19.3	0.000596	-17.1
inclusion	K	alternative_first_exon	CLASP1	chr2:121469961-121490272	-	0.013	0.013	0.013	0.013	0.228	0.228	0.228	19.28	0.000601	21.5
inclusion	N	alternative_last_exon	UPP1	chr7:48101983-48106872	+	0.358	0.358	0.358	0.358	0.174	0.174	0.174	19.22	0.000617	-18.4
inclusion	N	cassette	TEAD3	chr6:35480312-35480374	-	0.945	0.945	0.945	0.945	0.787	0.787	0.787	19.22	0.000617	-15.799999999999997
inclusion	K	coord_cassette	DONSON	chr21:33582165-33582246	-	0.944	0.944	0.944	0.944	0.522	0.522	0.522	19.21	0.000619	-42.19999999999999
inclusion	N	alternative_first_exon	CD44	chr11:35206244-35208104	+	0.787	0.787	0.787	0.787	0.929	0.929	0.929	19.12	0.000646	14.200000000000003
inclusion	N	cassette	PLEKHM2	chr1:15721329-15721388	+	0.49	0.49	0.49	0.49	0.345	0.345	0.345	19.12	0.000646	-14.5
inclusion	K	intron_retention	B4GALNT4	chr11:375774-375846	+	0.087	0.087	0.087	0.087	0.004	0.004	0.004	19.11	0.000647	-8.299999999999999
inclusion	N	alternative_acceptor	PDGFA	chr7:499652-500430	-	0.609	0.609	0.609	0.609	0.239	0.239	0.239	19.07	0.000657	-37.0
inclusion	N	alternative_first_exon	SLC25A29	chr14:100293378-100298841	-	0.387	0.387	0.387	0.387	0.785	0.785	0.785	19.07	0.000657	39.8
inclusion	N	cassette	PFDN5	chr12:53296454-53296551	+	0.435	0.435	0.435	0.435	0.237	0.237	0.237	19.06	0.000659	-19.8
inclusion	K	cassette	BABAM2	chr2:27892383-27892448	+	0.109	0.109	0.109	0.109	0.011	0.011	0.011	19.04	0.000663	-9.8
inclusion	K	alternative_first_exon	SEC14L2	chr22:30399719-30406341	+	0.834	0.834	0.834	0.834	0.942	0.942	0.942	19	0.000675	10.799999999999997
inclusion	K	intron_retention	SRSF2	chr17:76735159-76735771	-	0.377	0.377	0.377	0.377	0.122	0.122	0.122	18.96	0.000685	-25.500000000000004
inclusion	K	mutually_exclusive	DROSHA	chr5:31515220-31515453,chr5:31515565-31526078	-	0.352	0.352	0.352	0.352	0.049	0.049	0.049	18.96	0.000685	-30.299999999999997
inclusion	K	alternative_first_exon	XPNPEP1	chr10:109907816-109915022,chr10:109907816-109915010	-	0.92	0.92	0.92	0.92	0.99	0.99	0.99	18.92	7e-04	7.0
inclusion	K	intron_retention	EZH1	chr17:42702962-42703739	-	0.158	0.158	0.158	0.158	0.007	0.007	0.007	18.9	0.000703	-15.100000000000001
inclusion	N	alternative_last_exon	LTBP4	chr19:40623733-40623935	+	0.992	0.992	0.992	0.992	0.925	0.925	0.925	18.87	0.000713	-6.700000000000003
inclusion	K	intron_retention	TMEM33	chr4:41935263-41935466	+	0.683	0.683	0.683	0.683	0.956	0.956	0.956	18.86	0.000714	27.299999999999983
inclusion	N	intron_retention	POLR2H	chr3:184362147-184363225	+	0.847	0.847	0.847	0.847	0.478	0.478	0.478	18.86	0.000714	-36.900000000000006
inclusion	N	cassette	RAP1GDS1	chr4:98436940-98437068	+	0.997	0.997	0.997	0.997	0.931	0.931	0.931	18.83	0.000723	-6.599999999999994
inclusion	K	alternative_first_exon	MECP2	chrX:154032558-154097603	-	0.506	0.506	0.506	0.506	0.788	0.788	0.788	18.77	0.000745	28.199999999999996
inclusion	N	alternative_acceptor	DAB2IP	chr9:121782402-121783284	+	0.601	0.601	0.601	0.601	0.439	0.439	0.439	18.76	0.000746	-16.199999999999996
inclusion	K	intron_retention	DCAF11	chr14:24115393-24115542	+	0.74	0.74	0.74	0.74	0.559	0.559	0.559	18.75	0.00075	-18.099999999999994
inclusion	N	alternative_last_exon	TGFB1	chr19:41331211-41332127	-	0.926	0.926	0.926	0.926	0.98	0.98	0.98	18.72	0.000757	5.3999999999999915
inclusion	K	alternative_last_exon	MGRN1	chr16:4677573-4680031	+	0.783	0.783	0.783	0.783	0.928	0.928	0.928	18.68	0.000774	14.500000000000014
inclusion	K	cassette	LSM14B	chr20:62130219-62130296	+	0.848	0.848	0.848	0.848	0.681	0.681	0.681	18.66	0.000779	-16.69999999999999
inclusion	N	alternative_acceptor	PRSS12	chr4:118282244-118282830	-	0.983	0.983	0.983	0.983	0.738	0.738	0.738	18.61	0.000795	-24.5
inclusion	K	cassette	PPHLN1	chr12:42384940-42384996	+	0.887	0.887	0.887	0.887	0.737	0.737	0.737	18.61	0.000796	-15.0
inclusion	K	alternative_acceptor	SNHG29	chr17:16439415-16440184	+	0.873	0.873	0.873	0.873	0.912	0.912	0.912	18.6	0.000799	3.9000000000000057
inclusion	K	cassette	SNX14	chr6:85538838-85538864	-	0.089	0.089	0.089	0.089	0.005	0.005	0.005	18.52	0.000828	-8.4
inclusion	K	cassette	ANXA11	chr10:80176107-80176155	-	0.736	0.736	0.736	0.736	0.867	0.867	0.867	18.5	0.000833	13.100000000000009
inclusion	N	alternative_first_exon	INO80C	chr18:35480564-35497718	-	0.888	0.888	0.888	0.888	0.98	0.98	0.98	18.5	0.000834	9.200000000000003
inclusion	K	cassette	DROSHA	chr5:31521123-31521215	-	0.73	0.73	0.73	0.73	0.936	0.936	0.936	18.46	0.000846	20.60000000000001
inclusion	K	cassette	FLAD1	chr1:154989560-154989707	+	0.916	0.916	0.916	0.916	0.996	0.996	0.996	18.46	0.000846	7.999999999999986
inclusion	K	alternative_first_exon	HNRNPR	chr1:23338609-23340851	-	0.493	0.493	0.493	0.493	0.694	0.694	0.694	18.45	0.000849	20.099999999999994
inclusion	K	cassette	NGLY1	chr3:25720014-25720191	-	0.938	0.938	0.938	0.938	0.709	0.709	0.709	18.44	0.000849	-22.900000000000006
inclusion	K	alternative_first_exon	RGL2	chr6:33297116-33298454	-	0.907	0.907	0.907	0.907	0.717	0.717	0.717	18.41	0.00086	-19.0
inclusion	K	intron_retention	RACK1	chr5:181237320-181237608	-	0.304	0.304	0.304	0.304	0.135	0.135	0.135	18.4	0.000866	-16.9
inclusion	K	alternative_first_exon	FBXW7	chr4:152350125-152352469	-	0.17	0.17	0.17	0.17	0.452	0.452	0.452	18.39	0.000867	28.200000000000003
inclusion	N	alternative_first_exon	DHX38	chr16:72097782-72098644	+	0.984	0.984	0.984	0.984	0.834	0.834	0.834	18.37	0.000872	-15.000000000000014
inclusion	N	cassette	ZFAS1	chr20:49280903-49280964	+	0.501	0.501	0.501	0.501	0.406	0.406	0.406	18.35	0.000879	-9.5
inclusion	N	intron_retention	VARS2	chr6:30914345-30914809	+	0.627	0.627	0.627	0.627	0.167	0.167	0.167	18.34	0.000882	-46.0
inclusion	K	alternative_first_exon	PGAP2	chr11:3808652-3811249	+	0.15	0.15	0.15	0.15	0.397	0.397	0.397	18.31	0.000893	24.700000000000003
inclusion	N	cassette	SNX17	chr2:27373040-27373113	+	0.047	0.047	0.047	0.047	0.005	0.005	0.005	18.31	0.000893	-4.2
inclusion	K	intron_retention	RTL8A	chrX:135051369-135051916	-	0.535	0.535	0.535	0.535	0.381	0.381	0.381	18.26	0.000913	-15.399999999999999
inclusion	K	alternative_first_exon	NOL4L	chr20:32474743-32483361	-	0.24	0.24	0.24	0.24	0.487	0.487	0.487	18.24	0.00092	24.699999999999996
inclusion	N	alternative_first_exon	TMC6	chr17:78113625-78117268	-	0.909	0.909	0.909	0.909	0.995	0.995	0.995	18.22	0.00093	8.599999999999994
inclusion	N	cassette	DPM1	chr20:50945737-50945762	-	0.927	0.927	0.927	0.927	0.993	0.993	0.993	18.21	0.000932	6.599999999999994
inclusion	N	cassette	TNKS	chr8:9733279-9733444	+	0.983	0.983	0.983	0.983	0.711	0.711	0.711	18.2	0.000934	-27.200000000000003
inclusion	N	cassette	TCF25	chr16:89893789-89893858	+	0.887	0.887	0.887	0.887	0.978	0.978	0.978	18.19	0.000937	9.099999999999994
inclusion	K	alternative_acceptor	CNDP2	chr18:74496432-74499881	+	0.512	0.512	0.512	0.512	0.284	0.284	0.284	18.18	0.000942	-22.800000000000004
inclusion	N	alternative_first_exon	PARD3	chr10:34331345-34336198	-	0.841	0.841	0.841	0.841	0.949	0.949	0.949	18.13	0.00096	10.799999999999997
inclusion	N	cassette	DAZAP1	chr19:1421151-1421258	+	0.775	0.775	0.775	0.775	0.979	0.979	0.979	18.1	0.000977	20.39999999999999
inclusion	N	alternative_first_exon	FAM174C	chr19:1275831-1277182	+	0.553	0.553	0.553	0.553	0.401	0.401	0.401	18.07	0.000986	-15.200000000000003
inclusion	N	cassette	AKR1C2	chr10:4999200-4999277	-	0.91	0.91	0.91	0.91	0.975	0.975	0.975	18.06	0.00099	6.5
inclusion	N	cassette	PTPN3	chr9:109454496-109454574	-	0.825	0.825	0.825	0.825	0.575	0.575	0.575	18.03	0.00101	-25.000000000000007
inclusion	K	alternative_last_exon	BCL2L13	chr22:17696211-17702242	+	0.714	0.714	0.714	0.714	0.98	0.98	0.98	18.02	0.00101	26.60000000000001
inclusion	N	alternative_acceptor	ALS2CL	chr3:46674740-46675617	.	0.619	0.619	0.619	0.619	0.848	0.848	0.848	18	0.00102	22.9
inclusion	N	alternative_acceptor	ZNF496	chr1:247329569-247329965	-	0.03	0.03	0.03	0.03	0.204	0.204	0.204	17.99	0.00102	17.4
inclusion	N	cassette	TRIM65	chr17:75891813-75891878	-	0.852	0.852	0.852	0.852	0.614	0.614	0.614	17.99	0.00102	-23.800000000000004
inclusion	K	alternative_last_exon	SNX5	chr20:17968454-17968699,chr20:17968458-17968699	-	0.717	0.717	0.717	0.717	0.962	0.962	0.962	17.93	0.00105	24.5
inclusion	K	alternative_last_exon	SURF4	chr9:133365027-133365984	-	0.804	0.804	0.804	0.804	0.937	0.937	0.937	17.91	0.00106	13.299999999999997
inclusion	K	coord_cassette	ITGB6	chr2:160196216-160196420	-	0.99	0.99	0.99	0.99	0.912	0.912	0.912	17.9	0.00106	-7.799999999999997
inclusion	K	alternative_acceptor	USP33	chr1:77721926-77722023	-	0.301	0.301	0.301	0.301	0.694	0.694	0.694	17.88	0.00106	39.3
inclusion	N	cassette	ITGB1BP1	chr2:9418626-9418732	-	0.847	0.847	0.847	0.847	0.955	0.955	0.955	17.8	0.00111	10.799999999999997
inclusion	N	cassette	PDGFC	chr4:156861429-156861489	-	0.156	0.156	0.156	0.156	0.366	0.366	0.366	17.77	0.00113	21.0
inclusion	K	cassette	MED24	chr17:40034916-40034972	-	0.068	0.068	0.068	0.068	0.23	0.23	0.23	17.76	0.00113	16.2
inclusion	K	alternative_last_exon	CTTN	chr11:70420511-70421469	+	0.747	0.747	0.747	0.747	0.584	0.584	0.584	17.74	0.00113	-16.300000000000004
inclusion	N	alternative_acceptor	KRT8	chr12:52905080-52949455	-	0.405	0.405	0.405	0.405	0.698	0.698	0.698	17.73	0.00114	29.299999999999997
inclusion	N	alternative_last_exon	TBX18	chr6:84737410-84738496	-	0.46	0.46	0.46	0.46	0.216	0.216	0.216	17.73	0.00114	-24.4
inclusion	N	alternative_first_exon	URGCP	chr7:43887486-43887789	-	0.826	0.826	0.826	0.826	0.543	0.543	0.543	17.72	0.00114	-28.29999999999999
inclusion	N	cassette	ANKHD1	chr5:140512828-140512923	+	0.991	0.991	0.991	0.991	0.856	0.856	0.856	17.7	0.00115	-13.5
inclusion	N	cassette	COL7A1	chr3:48589599-48589718	-	0.979	0.979	0.979	0.979	0.89	0.89	0.89	17.66	0.00117	-8.899999999999991
inclusion	K	alternative_last_exon	CLTCL1	chr22:19187729-19187980	-	0.689	0.689	0.689	0.689	0.409	0.409	0.409	17.6	0.00121	-27.999999999999993
inclusion	K	intron_retention	SMARCD3	chr7:151239747-151240111	-	0.111	0.111	0.111	0.111	0.025	0.025	0.025	17.54	0.00124	-8.6
inclusion	N	alternative_last_exon	CAST	chr5:96727531-96729152	+	0.816	0.816	0.816	0.816	0.918	0.918	0.918	17.53	0.00125	10.200000000000003
inclusion	N	cassette	CBX7	chr22:39138636-39138702	-	0.714	0.714	0.714	0.714	0.985	0.985	0.985	17.51	0.00126	27.10000000000001
inclusion	K	alternative_last_exon	ACSS2	chr20:34921867-34921962	+	0.134	0.134	0.134	0.134	0.051	0.051	0.051	17.48	0.00127	-8.3
inclusion	K	alternative_last_exon	TYK2	chr19:10353647-10354041	-	0.902	0.902	0.902	0.902	0.989	0.989	0.989	17.48	0.00127	8.700000000000003
inclusion	K	cassette	PHPT1	chr9:136850506-136850560	+	0.136	0.136	0.136	0.136	0.06	0.06	0.06	17.47	0.00127	-7.600000000000001
inclusion	N	alternative_donor	AC245041.2	chr10:47985988-47987930	-	0.581	0.581	0.581	0.581	0.166	0.166	0.166	17.46	0.00127	-41.49999999999999
inclusion	N	alternative_acceptor	nogene	chr5:150415729-150444237	.	0.7	0.7	0.7	0.7	0.057	0.057	0.057	17.46	0.00128	-64.3
inclusion	K	alternative_last_exon	DERL2	chr17:5478000-5480053	-	0.259	0.259	0.259	0.259	0.05	0.05	0.05	17.44	0.00128	-20.900000000000002
inclusion	K	cassette	RFC5	chr12:118017690-118017815	+	0.342	0.342	0.342	0.342	0.08	0.08	0.08	17.42	0.0013	-26.200000000000003
inclusion	K	alternative_donor	SNX5	chr20:17957038-17968374	-	0.628	0.628	0.628	0.628	0.944	0.944	0.944	17.41	0.0013	31.599999999999994
inclusion	N	alternative_first_exon	BCL2L1	chr20:31722331-31722617	-	0.348	0.348	0.348	0.348	0.545	0.545	0.545	17.4	0.0013	19.70000000000001
inclusion	K	alternative_last_exon	DKK3	chr11:11998780-12002299	-	0.803	0.803	0.803	0.803	0.654	0.654	0.654	17.39	0.00131	-14.900000000000006
inclusion	K	alternative_first_exon	SUPT5H	chr19:39458306-39458817	+	0.966	0.966	0.966	0.966	0.867	0.867	0.867	17.38	0.00131	-9.899999999999991
inclusion	K	intron_retention	ASXL1	chr20:32430054-32431320	+	0.072	0.072	0.072	0.072	0.003	0.003	0.003	17.36	0.00132	-6.8999999999999995
inclusion	K	alternative_acceptor	PML	chr15:74034531-74035171	+	0.669	0.669	0.669	0.669	0.813	0.813	0.813	17.35	0.00133	14.399999999999991
inclusion	K	alternative_last_exon	NDE1	chr16:15696861-15699728,chr16:15696861-15699596	+	0.404	0.404	0.404	0.404	0.214	0.214	0.214	17.32	0.00134	-19.000000000000007
inclusion	K	alternative_first_exon	EXTL3	chr8:28701660-28713456	+	0.94	0.94	0.94	0.94	0.748	0.748	0.748	17.3	0.00135	-19.200000000000003
inclusion	K	alternative_first_exon	TNKS1BP1	chr11:57310557-57311237	-	0.133	0.133	0.133	0.133	0.251	0.251	0.251	17.27	0.00138	11.8
inclusion	K	alternative_first_exon	NADSYN1	chr11:71480275-71480754	+	0.193	0.193	0.193	0.193	0.062	0.062	0.062	17.24	0.00139	-13.100000000000001
inclusion	K	alternative_acceptor	ANKHD1	chr5:140436258-140438460	+	0.862	0.862	0.862	0.862	0.612	0.612	0.612	17.23	0.00139	-25.000000000000007
inclusion	K	alternative_first_exon	FIP1L1	chr4:53440609-53442652	+	0.562	0.562	0.562	0.562	0.332	0.332	0.332	17.23	0.00139	-23.0
inclusion	K	intron_retention	AGPAT3	chr21:43981188-43982303	+	0.128	0.128	0.128	0.128	0.026	0.026	0.026	17.23	0.00139	-10.200000000000001
inclusion	K	intron_retention	PXN	chr12:120215274-120221622	-	0.161	0.161	0.161	0.161	0.074	0.074	0.074	17.21	0.0014	-8.700000000000003
inclusion	N	cassette	DPY19L4	chr8:94734630-94734754	+	0.557	0.557	0.557	0.557	0.939	0.939	0.939	17.22	0.0014	38.19999999999999
inclusion	N	cassette	NPRL3	chr16:130522-130591	-	0.827	0.827	0.827	0.827	0.94	0.94	0.94	17.22	0.0014	11.300000000000011
inclusion	N	intron_retention	nogene	chr17:7514053-7514124	-	0.988	0.988	0.988	0.988	0.874	0.874	0.874	17.2	0.0014	-11.399999999999991
inclusion	N	alternative_last_exon	SLC24A1	chr15:65650943-65652641,chr15:65650943-65651669	+	0.538	0.538	0.538	0.538	0.935	0.935	0.935	17.2	0.0014	39.699999999999996
inclusion	K	intron_retention	FDPS	chr1:155309077-155310063	+	0.182	0.182	0.182	0.182	0.063	0.063	0.063	17.19	0.00141	-11.899999999999999
inclusion	K	alternative_acceptor	GAS8	chr16:90027723-90031298	+	0.712	0.712	0.712	0.712	0.961	0.961	0.961	17.14	0.00143	24.89999999999999
inclusion	K	intron_retention	TMEM91	chr19:41382922-41383885	+	0.951	0.951	0.951	0.951	0.572	0.572	0.572	17.14	0.00143	-37.9
inclusion	K	intron_retention	SERINC2	chr1:31415908-31423692	+	0.512	0.512	0.512	0.512	0.122	0.122	0.122	17.12	0.00144	-39.0
inclusion	K	intron_retention	HYI	chr1:43452014-43452204	-	0.118	0.118	0.118	0.118	0.027	0.027	0.027	17.12	0.00145	-9.099999999999998
inclusion	K	cassette	ANKLE2	chr12:132733996-132734071	-	0.051	0.051	0.051	0.051	0.007	0.007	0.007	17.01	0.00152	-4.3999999999999995
inclusion	K	alternative_acceptor	EFNA4	chr1:155067441-155068852	+	0.857	0.857	0.857	0.857	0.662	0.662	0.662	16.98	0.00154	-19.5
inclusion	K	alternative_last_exon	MPPE1	chr18:11906310-11908200	-	0.741	0.741	0.741	0.741	0.974	0.974	0.974	16.99	0.00154	23.299999999999997
inclusion	N	alternative_acceptor	WDR13	chrX:48597615-48597957	+	0.655	0.655	0.655	0.655	0.796	0.796	0.796	16.98	0.00154	14.100000000000009
inclusion	N	cassette	MEMO1	chr2:31883386-31883462	-	0.863	0.863	0.863	0.863	0.974	0.974	0.974	16.98	0.00154	11.099999999999994
inclusion	K	alternative_last_exon	VRK3	chr19:49997571-50000789	-	0.812	0.812	0.812	0.812	0.952	0.952	0.952	16.97	0.00154	13.999999999999986
inclusion	K	cassette	VKORC1	chr16:31092783-31092864	-	0.069	0.069	0.069	0.069	0.019	0.019	0.019	16.95	0.00155	-5.0
inclusion	N	alternative_first_exon	ELOVL1	chr1:43365624-43367914	-	0.527	0.527	0.527	0.527	0.681	0.681	0.681	16.93	0.00157	15.400000000000006
inclusion	N	alternative_acceptor	MTA1	chr14:105464148-105464462	+	0.352	0.352	0.352	0.352	0.602	0.602	0.602	16.85	0.00163	25.0
inclusion	K	cassette	SETD5	chr3:9434590-9434630	+	0.377	0.377	0.377	0.377	0.159	0.159	0.159	16.85	0.00163	-21.800000000000004
inclusion	N	alternative_last_exon	UBE2A	chrX:119575401-119581506	+	0.66	0.66	0.66	0.66	0.817	0.817	0.817	16.85	0.00163	15.699999999999989
inclusion	K	intron_retention	SDC1	chr2:20205425-20223202	-	0.482	0.482	0.482	0.482	0.03	0.03	0.03	16.84	0.00163	-45.199999999999996
inclusion	N	alternative_donor	TLN1	chr9:35725728-35732074	-	0.745	0.745	0.745	0.745	0.883	0.883	0.883	16.84	0.00163	13.799999999999997
inclusion	N	intron_retention	ALS2CL	chr3:46674740-46675533	.	0.965	0.965	0.965	0.965	0.769	0.769	0.769	16.82	0.00164	-19.599999999999994
inclusion	K	intron_retention	EFNA4	chr1:155067441-155069018	+	0.813	0.813	0.813	0.813	0.57	0.57	0.57	16.81	0.00164	-24.300000000000004
inclusion	K	cassette	FAM104A	chr17:73212678-73212740	-	0.165	0.165	0.165	0.165	0.356	0.356	0.356	16.78	0.00166	19.1
inclusion	N	alternative_first_exon	AP005263.1	chr18:9102798-9117837,chr18:9103434-9117837	+	0.932	0.932	0.932	0.932	0.989	0.989	0.989	16.78	0.00166	5.700000000000003
inclusion	N	cassette	EI24	chr11:125570104-125570190	+	0.032	0.032	0.032	0.032	0.095	0.095	0.095	16.79	0.00166	6.3
inclusion	K	intron_retention	MFSD12	chr19:3538757-3542775	-	0.459	0.459	0.459	0.459	0.902	0.902	0.902	16.77	0.00167	44.300000000000004
inclusion	N	alternative_first_exon	AL162258.1	chr1:153626534-153632033	-	0.048	0.048	0.048	0.048	0.002	0.002	0.002	16.72	0.00171	-4.6
inclusion	K	cassette	ARFGAP2	chr11:47172710-47172751	-	0.485	0.485	0.485	0.485	0.694	0.694	0.694	16.72	0.00171	20.89999999999999
inclusion	N	alternative_first_exon	TSFM	chr12:57782859-57783109	+	0.771	0.771	0.771	0.771	0.986	0.986	0.986	16.71	0.00171	21.499999999999986
inclusion	K	intron_retention	PCK2	chr14:24103256-24103841	+	0.903	0.903	0.903	0.903	0.769	0.769	0.769	16.68	0.00173	-13.399999999999991
inclusion	N	cassette	PHKA2	chrX:18899173-18899226	-	0.768	0.768	0.768	0.768	0.514	0.514	0.514	16.66	0.00174	-25.4
inclusion	K	alternative_last_exon	SCARB1	chr12:124782812-124786356	-	0.781	0.781	0.781	0.781	0.592	0.592	0.592	16.63	0.00177	-18.900000000000013
inclusion	N	cassette	SLC35F2	chr11:107804718-107804770	-	0.99	0.99	0.99	0.99	0.807	0.807	0.807	16.62	0.00177	-18.299999999999997
inclusion	K	cassette	PHF21A	chr11:45935121-45935246	-	0.243	0.243	0.243	0.243	0.078	0.078	0.078	16.62	0.00178	-16.5
inclusion	K	intron_retention	STAP2	chr19:4324530-4325215	-	0.266	0.266	0.266	0.266	0.105	0.105	0.105	16.59	0.00179	-16.1
inclusion	N	cassette	C3orf18	chr3:50565466-50565861	-	0.894	0.894	0.894	0.894	0.43	0.43	0.43	16.59	0.00179	-46.400000000000006
inclusion	N	cassette	XPO6	chr16:28177220-28177332	-	0.818	0.818	0.818	0.818	0.926	0.926	0.926	16.59	0.00179	10.800000000000011
inclusion	K	intron_retention	ZNF496	chr1:247329569-247329965	-	0.881	0.881	0.881	0.881	0.447	0.447	0.447	16.58	0.00179	-43.39999999999999
inclusion	N	alternative_last_exon	METTL23	chr17:76733378-76733520	+	0.469	0.469	0.469	0.469	0.663	0.663	0.663	16.58	0.0018	19.4
inclusion	K	alternative_last_exon	AC019257.8	chr8:1925405-1926376	+	0.639	0.639	0.639	0.639	0.304	0.304	0.304	16.56	0.00181	-33.5
inclusion	K	intron_retention	ADAR	chr1:154589929-154590261	-	0.59	0.59	0.59	0.59	0.384	0.384	0.384	16.54	0.00182	-20.6
inclusion	K	intron_retention	C2orf49	chr2:105342975-105343100	+	0.313	0.313	0.313	0.313	0.514	0.514	0.514	16.54	0.00182	20.099999999999998
inclusion	K	intron_retention	TPTEP2-CSNK1E	chr22:38297156-38298785	-	0.698	0.698	0.698	0.698	0.894	0.894	0.894	16.51	0.00184	19.60000000000001
inclusion	N	alternative_acceptor	nogene	chr10:114281772-114296977	-	0.234	0.234	0.234	0.234	0.701	0.701	0.701	16.51	0.00184	46.69999999999999
inclusion	N	alternative_acceptor	AFAP1L2	chr10:114296069-114296977	-	0.766	0.766	0.766	0.766	0.299	0.299	0.299	16.5	0.00185	-46.699999999999996
inclusion	N	alternative_last_exon	ZNF384	chr12:6678711-6678945	-	0.736	0.736	0.736	0.736	0.882	0.882	0.882	16.48	0.00186	14.600000000000009
inclusion	N	alternative_last_exon	MECP2	chrX:154032558-154097603	-	0.733	0.733	0.733	0.733	0.892	0.892	0.892	16.42	0.00192	15.900000000000006
inclusion	K	alternative_last_exon	NIPAL3	chr1:24464121-24466003	+	0.189	0.189	0.189	0.189	0.076	0.076	0.076	16.4	0.00193	-11.299999999999999
inclusion	K	cassette	DENND1A	chr9:123450693-123450749	-	0.956	0.956	0.956	0.956	0.683	0.683	0.683	16.4	0.00193	-27.299999999999983
inclusion	K	alternative_acceptor	ARRB2	chr17:4716034-4716146	+	0.947	0.947	0.947	0.947	0.749	0.749	0.749	16.39	0.00193	-19.799999999999983
inclusion	K	intron_retention	ATXN2	chr12:111510445-111513356	-	0.787	0.787	0.787	0.787	0.437	0.437	0.437	16.39	0.00193	-35.0
inclusion	N	alternative_acceptor	CRELD1	chr3:9943516-9943901	+	0.693	0.693	0.693	0.693	0.403	0.403	0.403	16.39	0.00193	-28.999999999999993
inclusion	K	alternative_acceptor	KANSL3	chr2:96631544-96636920	-	0.604	0.604	0.604	0.604	0.318	0.318	0.318	16.36	0.00196	-28.599999999999998
inclusion	K	alternative_acceptor	RNF216	chr7:5741816-5752845	-	0.462	0.462	0.462	0.462	0.201	0.201	0.201	16.35	0.00196	-26.1
inclusion	K	alternative_last_exon	GTF3C5	chr9:133054810-133054943	+	0.135	0.135	0.135	0.135	0.044	0.044	0.044	16.35	0.00196	-9.100000000000001
inclusion	N	alternative_first_exon	TPM4	chr19:16076173-16081912	+	0.436	0.436	0.436	0.436	0.571	0.571	0.571	16.36	0.00196	13.499999999999993
inclusion	K	intron_retention	BBS1	chr11:66519749-66521269	+	0.444	0.444	0.444	0.444	0.206	0.206	0.206	16.34	0.00196	-23.8
inclusion	K	alternative_first_exon	GTF3A	chr13:27429390-27429869	+	0.078	0.078	0.078	0.078	0.017	0.017	0.017	16.32	0.00198	-6.1
inclusion	K	alternative_first_exon	TFDP2	chr3:141995142-142005440	-	0.842	0.842	0.842	0.842	0.968	0.968	0.968	16.31	0.00199	12.599999999999994
inclusion	N	alternative_acceptor	MKNK2	chr19:2039857-2040133	-	0.673	0.673	0.673	0.673	0.789	0.789	0.789	16.26	0.00204	11.599999999999994
inclusion	K	alternative_first_exon	CCDC85C	chr14:99536089-99603166	-	0.963	0.963	0.963	0.963	0.78	0.78	0.78	16.24	0.00205	-18.299999999999997
inclusion	N	alternative_donor	ALS2CL	chr3:46674740-46675617	-	0.792	0.792	0.792	0.792	0.918	0.918	0.918	16.24	0.00205	12.599999999999994
inclusion	K	intron_retention	HYI	chr1:43451848-43451934	-	0.115	0.115	0.115	0.115	0.021	0.021	0.021	16.23	0.00205	-9.4
inclusion	K	alternative_acceptor	CPSF4	chr7:99452441-99453965	+	0.444	0.444	0.444	0.444	0.227	0.227	0.227	16.23	0.00206	-21.7
inclusion	K	intron_retention	ANAPC5	chr12:121328459-121330582	-	0.359	0.359	0.359	0.359	0.16	0.16	0.16	16.21	0.00207	-19.9
inclusion	N	alternative_donor	TINAGL1	chr1:31585877-31586709	+	0.862	0.862	0.862	0.862	0.947	0.947	0.947	16.2	0.00208	8.499999999999986
inclusion	N	alternative_first_exon	TM7SF3	chr12:26975659-26976259	-	0.788	0.788	0.788	0.788	0.898	0.898	0.898	16.19	0.00209	11.0
inclusion	K	intron_retention	INO80B-WBP1	chr2:74455175-74455405	+	0.046	0.046	0.046	0.046	0.006	0.006	0.006	16.16	0.00211	-3.9999999999999996
inclusion	N	cassette	STAU1	chr20:49158939-49159146	-	0.094	0.094	0.094	0.094	0.027	0.027	0.027	16.15	0.00212	-6.7
inclusion	N	cassette	SENP6	chr6:75622751-75622858	+	0.184	0.184	0.184	0.184	0.023	0.023	0.023	16.14	0.00213	-16.099999999999998
inclusion	N	cassette	COL27A1	chr9:114250615-114250668	+	0.876	0.876	0.876	0.876	0.443	0.443	0.443	16.12	0.00215	-43.3
inclusion	K	alternative_last_exon	TAOK2	chr16:29986505-29986843	+	0.541	0.541	0.541	0.541	0.342	0.342	0.342	16.11	0.00215	-19.9
inclusion	K	alternative_last_exon	TMEM129	chr4:1717676-1718151,chr4:1717704-1718151	-	0.528	0.528	0.528	0.528	0.747	0.747	0.747	16.09	0.00218	21.9
inclusion	K	alternative_first_exon	TMPO	chr12:98544350-98544441	+	0.891	0.891	0.891	0.891	0.677	0.677	0.677	16.08	0.00218	-21.39999999999999
inclusion	K	alternative_last_exon	LETMD1	chr12:51049186-51052091,chr12:51049186-51052087	+	0.686	0.686	0.686	0.686	0.854	0.854	0.854	16.07	0.00218	16.799999999999983
inclusion	K	intron_retention	VEGFB	chr11:64237223-64237520	+	0.723	0.723	0.723	0.723	0.552	0.552	0.552	16.08	0.00218	-17.099999999999994
inclusion	N	cassette	ITGB1BP1	chr2:9414178-9414256	-	0.903	0.903	0.903	0.903	0.981	0.981	0.981	16.06	0.00219	7.799999999999997
inclusion	K	cassette	SEPTIN6	chrX:119625335-119625379	-	0.094	0.094	0.094	0.094	0.351	0.351	0.351	16.05	0.00219	25.699999999999996
inclusion	K	alternative_first_exon	LRP5	chr11:68447158-68448808	+	0.062	0.062	0.062	0.062	0.008	0.008	0.008	16.04	0.00221	-5.4
inclusion	K	alternative_last_exon	PRPF40A	chr2:152679110-152679351	-	0.846	0.846	0.846	0.846	0.624	0.624	0.624	15.99	0.00226	-22.199999999999996
inclusion	K	intron_retention	ERCC1	chr19:45409726-45413676	-	0.241	0.241	0.241	0.241	0.132	0.132	0.132	15.99	0.00226	-10.899999999999997
inclusion	K	alternative_last_exon	ST7	chr7:117222063-117222860	+	0.62	0.62	0.62	0.62	0.437	0.437	0.437	15.96	0.00229	-18.299999999999997
inclusion	N	intron_retention	NIT1	chr1:161118552-161118785	+	0.733	0.733	0.733	0.733	0.944	0.944	0.944	15.94	0.00231	21.099999999999994
inclusion	N	alternative_last_exon	RPS3	chr11:75399578-75400693	+	0.99	0.99	0.99	0.99	0.998	0.998	0.998	15.93	0.00232	0.7999999999999972
inclusion	K	intron_retention	TCF25	chr16:89904206-89904751	+	0.696	0.696	0.696	0.696	0.149	0.149	0.149	15.92	0.00232	-54.699999999999996
inclusion	K	alternative_last_exon	URGCP-MRPS24	chr7:43887486-43906561	-	0.292	0.292	0.292	0.292	0.625	0.625	0.625	15.91	0.00233	33.3
inclusion	K	alternative_last_exon	URGCP	chr7:43887812-43906561,chr7:43887817-43906561	-	0.708	0.708	0.708	0.708	0.375	0.375	0.375	15.9	0.00233	-33.3
inclusion	N	cassette	DELE1	chr5:141938856-141938904	+	0.065	0.065	0.065	0.065	0.191	0.191	0.191	15.91	0.00233	12.600000000000001
inclusion	N	coord_cassette	SLC35F2	chr11:107804718-107804770	-	0.993	0.993	0.993	0.993	0.87	0.87	0.87	15.9	0.00233	-12.299999999999997
inclusion	K	cassette	COL16A1	chr1:31679804-31679851	-	0.675	0.675	0.675	0.675	0.503	0.503	0.503	15.9	0.00233	-17.200000000000003
inclusion	K	alternative_last_exon	ELMOD3	chr2:85377475-85387097	+	0.169	0.169	0.169	0.169	0.02	0.02	0.02	15.88	0.00234	-14.900000000000002
inclusion	N	alternative_last_exon	ZFP41	chr8:143251341-143259774	+	0.398	0.398	0.398	0.398	0.771	0.771	0.771	15.87	0.00236	37.300000000000004
inclusion	K	alternative_acceptor	ADGRG1	chr16:57650352-57651199	+	0.906	0.906	0.906	0.906	0.97	0.97	0.97	15.83	0.00241	6.3999999999999915
inclusion	N	intron_retention	EIF1	chr17:41689070-41689776	+	0.858	0.858	0.858	0.858	0.506	0.506	0.506	15.79	0.00245	-35.199999999999996
inclusion	K	cassette	DNAJC19	chr3:180986943-180987022	-	0.734	0.734	0.734	0.734	0.877	0.877	0.877	15.74	0.0025	14.299999999999997
inclusion	N	cassette	ARNTL2	chr12:27387228-27387320	+	0.766	0.766	0.766	0.766	0.381	0.381	0.381	15.75	0.0025	-38.49999999999999
inclusion	N	alternative_acceptor	RGS12	chr4:3430956-3439454	+	0.321	0.321	0.321	0.321	0.582	0.582	0.582	15.73	0.00251	26.099999999999994
inclusion	K	cassette	MTRR	chr5:7873373-7873526	+	0.615	0.615	0.615	0.615	0.275	0.275	0.275	15.72	0.00252	-34.0
inclusion	K	intron_retention	TPT1	chr13:45340185-45341041	-	0.063	0.063	0.063	0.063	0.012	0.012	0.012	15.71	0.00253	-5.1
inclusion	K	alternative_last_exon	BAG6	chr6:31648965-31649198	-	0.894	0.894	0.894	0.894	0.958	0.958	0.958	15.68	0.00255	6.3999999999999915
inclusion	K	intron_retention	TIMM10B	chr11:6482290-6482839	+	0.831	0.831	0.831	0.831	0.988	0.988	0.988	15.69	0.00255	15.700000000000003
inclusion	N	alternative_donor	SOX15	chr17:7589739-7589850	-	0.991	0.991	0.991	0.991	0.883	0.883	0.883	15.68	0.00255	-10.799999999999997
inclusion	N	alternative_acceptor	RTKN	chr2:74426575-74427168	-	0.944	0.944	0.944	0.944	0.99	0.99	0.99	15.67	0.00256	4.6000000000000085
inclusion	N	cassette	PKP4	chr2:158678581-158678654	+	0.908	0.908	0.908	0.908	0.99	0.99	0.99	15.6	0.00266	8.200000000000003
inclusion	N	cassette	WNK1	chr12:871265-871348	+	0.289	0.289	0.289	0.289	0.457	0.457	0.457	15.59	0.00267	16.800000000000004
inclusion	K	cassette	KDM5A	chr12:286126-286207	-	0.189	0.189	0.189	0.189	0.058	0.058	0.058	15.54	0.00273	-13.099999999999998
inclusion	K	intron_retention	ALS2CL	chr3:46671585-46671883	-	0.093	0.093	0.093	0.093	0.028	0.028	0.028	15.54	0.00273	-6.5
inclusion	K	intron_retention	MED12	chrX:71137781-71137855	+	0.595	0.595	0.595	0.595	0.886	0.886	0.886	15.53	0.00274	29.099999999999994
inclusion	K	cassette	ADA	chr20:44622588-44622652	-	0.972	0.972	0.972	0.972	0.999	0.999	0.999	15.5	0.00277	2.700000000000003
inclusion	K	cassette	DNAAF2	chr14:49628012-49628155	-	0.586	0.586	0.586	0.586	0.313	0.313	0.313	15.45	0.00284	-27.299999999999994
inclusion	K	alternative_last_exon	GLS	chr2:190931638-190932715,chr2:190931638-190932656	+	0.808	0.808	0.808	0.808	0.551	0.551	0.551	15.43	0.00286	-25.70000000000001
inclusion	K	cassette	ZNF532	chr18:58954234-58954334	+	0.126	0.126	0.126	0.126	0.018	0.018	0.018	15.44	0.00286	-10.8
inclusion	K	intron_retention	SSR1	chr6:7269155-7289867	-	0.653	0.653	0.653	0.653	0.425	0.425	0.425	15.42	0.00287	-22.799999999999997
inclusion	N	alternative_first_exon	SLC24A1	chr15:65652809-65654729	+	0.581	0.581	0.581	0.581	0.919	0.919	0.919	15.42	0.00287	33.80000000000001
inclusion	N	cassette	MICAL2	chr11:12209497-12209598	+	0.749	0.749	0.749	0.749	0.567	0.567	0.567	15.42	0.00287	-18.20000000000001
inclusion	K	mutually_exclusive	SEC16A	chr9:136443901-136445051,chr9:136445112-136446854	-	0.427	0.427	0.427	0.427	0.18	0.18	0.18	15.39	0.00291	-24.699999999999996
inclusion	K	intron_retention	WDR6	chr3:49007532-49011634	+	0.075	0.075	0.075	0.075	0.165	0.165	0.165	15.37	0.00294	9.0
inclusion	N	cassette	CTNND1	chr11:57794010-57794081	+	0.794	0.794	0.794	0.794	0.899	0.899	0.899	15.31	0.00302	10.5
inclusion	K	alternative_acceptor	PIH1D1	chr19:49450940-49451484	-	0.07	0.07	0.07	0.07	0.014	0.014	0.014	15.29	0.00305	-5.6000000000000005
inclusion	N	alternative_last_exon	VTI1A	chr10:112668999-112815289	+	0.867	0.867	0.867	0.867	0.614	0.614	0.614	15.28	0.00306	-25.300000000000004
inclusion	K	cassette	DONSON	chr21:33582165-33582246	-	0.927	0.927	0.927	0.927	0.442	0.442	0.442	15.24	0.00311	-48.5
inclusion	N	alternative_acceptor	RETREG2	chr2:219182309-219182378	+	0.757	0.757	0.757	0.757	0.895	0.895	0.895	15.24	0.00311	13.799999999999997
inclusion	N	intron_retention	ZC3H12A	chr1:37474630-37475461	+	0.449	0.449	0.449	0.449	0.17	0.17	0.17	15.18	0.00321	-27.9
inclusion	K	alternative_last_exon	VPS35	chr16:46682176-46683507	-	0.894	0.894	0.894	0.894	0.981	0.981	0.981	15.18	0.00321	8.699999999999989
inclusion	K	cassette	RHOC	chr1:112705100-112705123	-	0.334	0.334	0.334	0.334	0.489	0.489	0.489	15.17	0.00322	15.5
inclusion	K	intron_retention	RAB34	chr17:28717292-28718121	-	0.784	0.784	0.784	0.784	0.632	0.632	0.632	15.17	0.00322	-15.200000000000003
inclusion	N	alternative_acceptor	MLX	chr17:42567656-42568836	+	0.343	0.343	0.343	0.343	0.19	0.19	0.19	15.15	0.00323	-15.300000000000004
inclusion	N	alternative_last_exon	nogene	chr11:66253027-66284579	.	0.406	0.406	0.406	0.406	0.243	0.243	0.243	15.15	0.00323	-16.3
inclusion	N	alternative_last_exon	RIPK2	chr8:89758234-89762828	.	0.384	0.384	0.384	0.384	0.066	0.066	0.066	15.15	0.00324	-31.799999999999997
inclusion	N	cassette	SPTAN1	chr9:128603543-128603590	+	0.974	0.974	0.974	0.974	0.914	0.914	0.914	15.14	0.00324	-5.999999999999986
inclusion	K	cassette	C14orf93	chr14:23000959-23001060	-	0.024	0.024	0.024	0.024	0.186	0.186	0.186	15.11	0.00329	16.200000000000003
inclusion	K	alternative_last_exon	SLC44A1	chr9:105385503-105389903,chr9:105385503-105389032	+	0.858	0.858	0.858	0.858	0.628	0.628	0.628	15.1	0.0033	-23.0
inclusion	K	intron_retention	KLC1	chr14:103685037-103685637	+	0.61	0.61	0.61	0.61	0.344	0.344	0.344	15.1	0.0033	-26.6
inclusion	K	alternative_acceptor	TPT1	chr13:45340185-45341041	-	0.029	0.029	0.029	0.029	0.058	0.058	0.058	15.07	0.00334	2.9000000000000004
inclusion	N	intron_retention	LETMD1	chr12:51049186-51055834	+	0.294	0.294	0.294	0.294	0.034	0.034	0.034	15.06	0.00335	-26.0
inclusion	K	cassette	OS9	chr12:57720099-57720263	+	0.691	0.691	0.691	0.691	0.792	0.792	0.792	15.04	0.00338	10.100000000000009
inclusion	N	cassette	BCAS3	chr17:61388618-61388708	+	0.005	0.005	0.005	0.005	0.082	0.082	0.082	14.99	0.00347	7.700000000000001
inclusion	K	alternative_last_exon	STRADA	chr17:63726696-63728333	-	0.287	0.287	0.287	0.287	0.054	0.054	0.054	14.98	0.00349	-23.299999999999997
inclusion	N	alternative_last_exon	GLMP	chr1:156293430-156294017,chr1:156293577-156294017,chr1:156293711-156294017	-	0.941	0.941	0.941	0.941	0.997	0.997	0.997	14.97	0.00349	5.6000000000000085
inclusion	N	alternative_donor	FBXL6	chr8:144356532-144356599	-	0.722	0.722	0.722	0.722	0.981	0.981	0.981	14.96	0.00351	25.89999999999999
inclusion	N	alternative_acceptor	ZDHHC3	chr3:44918144-44929305	-	0.352	0.352	0.352	0.352	0.157	0.157	0.157	14.94	0.00354	-19.499999999999996
inclusion	N	cassette	TBCD	chr17:82909285-82909307	+	0.894	0.894	0.894	0.894	0.994	0.994	0.994	14.93	0.00356	10.0
inclusion	K	alternative_last_exon	MED25	chr19:49836407-49836846	+	0.5	0.5	0.5	0.5	0.719	0.719	0.719	14.91	0.00357	21.89999999999999
inclusion	N	cassette	NDUFA3	chr19:54106353-54106446	+	0.127	0.127	0.127	0.127	0.046	0.046	0.046	14.9	0.00359	-8.1
inclusion	N	cassette	PPARD	chr6:35347067-35347150	+	0.818	0.818	0.818	0.818	0.973	0.973	0.973	14.89	0.0036	15.5
inclusion	K	intron_retention	HLA-DMA	chr6:32949788-32950518	-	0.977	0.977	0.977	0.977	0.756	0.756	0.756	14.89	0.00361	-22.10000000000001
inclusion	N	cassette	MORF4L2	chrX:103678499-103678651	-	0.909	0.909	0.909	0.909	0.802	0.802	0.802	14.88	0.00361	-10.700000000000003
inclusion	K	intron_retention	WDR13	chrX:48597615-48597957	+	0.29	0.29	0.29	0.29	0.159	0.159	0.159	14.86	0.00365	-13.099999999999996
inclusion	K	intron_retention	TSSC4	chr11:2402653-2402844	+	0.9	0.9	0.9	0.9	0.745	0.745	0.745	14.85	0.00367	-15.5
inclusion	K	alternative_donor	TPT1	chr13:45340185-45340711	-	0.984	0.984	0.984	0.984	0.966	0.966	0.966	14.82	0.0037	-1.8000000000000114
inclusion	K	alternative_first_exon	LIG1	chr19:48161508-48162261	-	0.99	0.99	0.99	0.99	0.859	0.859	0.859	14.82	0.0037	-13.099999999999994
inclusion	K	intron_retention	TBCE	chr1:235448441-235448669	+	0.337	0.337	0.337	0.337	0.163	0.163	0.163	14.82	0.0037	-17.400000000000002
inclusion	N	coord_cassette	DGUOK	chr2:73950585-73950732	+	0.39	0.39	0.39	0.39	0.659	0.659	0.659	14.82	0.0037	26.900000000000006
inclusion	N	alternative_donor	TTC17	chr11:43444210-43448001	+	0.758	0.758	0.758	0.758	0.906	0.906	0.906	14.79	0.00373	14.800000000000011
inclusion	N	alternative_first_exon	MRNIP	chr5:179837886-179840871	-	0.947	0.947	0.947	0.947	0.756	0.756	0.756	14.79	0.00373	-19.099999999999994
inclusion	N	alternative_last_exon	PXMP2	chr12:132690377-132695883	+	0.543	0.543	0.543	0.543	0.828	0.828	0.828	14.79	0.00373	28.499999999999993
inclusion	N	cassette	COP1	chr1:176136488-176136547	-	0.824	0.824	0.824	0.824	0.648	0.648	0.648	14.79	0.00373	-17.599999999999994
inclusion	N	cassette	VEGFC	chr4:176711499-176711650	-	0.945	0.945	0.945	0.945	0.838	0.838	0.838	14.79	0.00373	-10.700000000000003
inclusion	K	alternative_last_exon	MAP4	chr3:47912422-47914816	-	0.059	0.059	0.059	0.059	0.015	0.015	0.015	14.76	0.00379	-4.3999999999999995
inclusion	K	intron_retention	C11orf68	chr11:65918219-65918909	-	0.313	0.313	0.313	0.313	0.039	0.039	0.039	14.74	0.00381	-27.400000000000002
inclusion	K	alternative_first_exon	CLTCL1	chr22:19183612-19187557	-	0.668	0.668	0.668	0.668	0.408	0.408	0.408	14.71	0.00385	-26.0
inclusion	N	intron_retention	NAB2	chr12:57094921-57095026	+	0.965	0.965	0.965	0.965	0.998	0.998	0.998	14.72	0.00385	3.299999999999997
inclusion	N	cassette	HSDL2	chr9:112416841-112416944	+	0.779	0.779	0.779	0.779	0.954	0.954	0.954	14.71	0.00386	17.499999999999986
inclusion	N	alternative_last_exon	AC004151.1	chr19:1076514-1088162	.	0.657	0.657	0.657	0.657	0.777	0.777	0.777	14.68	0.0039	12.0
inclusion	K	cassette	IQSEC1	chr3:12902773-12902822	-	0.443	0.443	0.443	0.443	0.812	0.812	0.812	14.67	0.00393	36.900000000000006
inclusion	N	cassette	ZC3HC1	chr7:130048974-130049144	-	0.728	0.728	0.728	0.728	0.953	0.953	0.953	14.67	0.00393	22.5
inclusion	N	cassette	HEMK1	chr3:50577826-50577875	+	0.879	0.879	0.879	0.879	0.987	0.987	0.987	14.65	0.00395	10.799999999999997
inclusion	N	cassette	SNHG32	chr6:31836424-31836517	+	0.504	0.504	0.504	0.504	0.394	0.394	0.394	14.65	0.00395	-11.0
inclusion	K	intron_retention	UCHL3	chr13:75549863-75549975	+	0.107	0.107	0.107	0.107	0.021	0.021	0.021	14.64	0.00396	-8.6
inclusion	K	alternative_first_exon	TRAK1	chr3:42091561-42125419	+	0.064	0.064	0.064	0.064	0.298	0.298	0.298	14.63	0.00398	23.4
inclusion	N	cassette	TLN1	chr9:35722861-35722921	-	0.965	0.965	0.965	0.965	0.998	0.998	0.998	14.61	0.004	3.299999999999997
inclusion	N	cassette	MEGF8	chr19:42371350-42371482	+	0.379	0.379	0.379	0.379	0.581	0.581	0.581	14.59	0.00404	20.199999999999996
inclusion	N	cassette	CEP164	chr11:117363429-117363506	+	0.322	0.322	0.322	0.322	0.156	0.156	0.156	14.59	0.00405	-16.6
inclusion	K	alternative_acceptor	RPL9	chr4:39458599-39458890	-	0.381	0.381	0.381	0.381	0.259	0.259	0.259	14.58	0.00405	-12.2
inclusion	K	cassette	CHMP7	chr8:23259066-23259126	+	0.914	0.914	0.914	0.914	0.989	0.989	0.989	14.58	0.00405	7.5
inclusion	N	intron_retention	SH3BGRL3	chr1:26280923-26281057	+	0.858	0.858	0.858	0.858	0.991	0.991	0.991	14.57	0.00407	13.299999999999997
inclusion	N	alternative_last_exon	RPS27	chr1:153990803-153990913	+	0.012	0.012	0.012	0.012	0.004	0.004	0.004	14.57	0.00407	-0.7999999999999999
inclusion	N	cassette	TOM1L1	chr17:54905489-54905567	+	0.899	0.899	0.899	0.899	0.993	0.993	0.993	14.56	0.00408	9.399999999999991
inclusion	K	alternative_last_exon	SNRNP35	chr12:123458217-123471091	+	0.398	0.398	0.398	0.398	0.232	0.232	0.232	14.55	0.00409	-16.6
inclusion	K	alternative_acceptor	EXOSC8	chr13:37007072-37008056	+	0.826	0.826	0.826	0.826	0.989	0.989	0.989	14.54	0.0041	16.30000000000001
inclusion	K	intron_retention	WDR83	chr19:12669894-12669976	+	0.165	0.165	0.165	0.165	0.042	0.042	0.042	14.54	0.00411	-12.3
inclusion	K	alternative_acceptor	PLPPR2	chr19:11357740-11359531	+	0.643	0.643	0.643	0.643	0.452	0.452	0.452	14.53	0.00411	-19.099999999999994
inclusion	N	cassette	PLAA	chr9:26917097-26917165	-	0.541	0.541	0.541	0.541	0.758	0.758	0.758	14.53	0.00411	21.699999999999996
inclusion	K	alternative_last_exon	CASC4	chr15:44380977-44402886	+	0.491	0.491	0.491	0.491	0.734	0.734	0.734	14.49	0.00418	24.300000000000004
inclusion	K	cassette	RAB9A	chrX:13703814-13703902	+	0.492	0.492	0.492	0.492	0.804	0.804	0.804	14.48	0.00421	31.200000000000003
inclusion	K	cassette	RBCK1	chr20:420871-421031	+	0.841	0.841	0.841	0.841	0.954	0.954	0.954	14.48	0.00421	11.299999999999997
inclusion	K	cassette	MBD1	chr18:50274186-50274353	-	0.612	0.612	0.612	0.612	0.77	0.77	0.77	14.46	0.00423	15.800000000000004
inclusion	K	cassette	RAI14	chr5:34813574-34813660	+	0.581	0.581	0.581	0.581	0.772	0.772	0.772	14.44	0.00426	19.10000000000001
inclusion	K	intron_retention	EPHX1	chr1:225842475-225844497	+	0.072	0.072	0.072	0.072	0.017	0.017	0.017	14.44	0.00426	-5.499999999999999
inclusion	N	cassette	ITGB6	chr2:160196216-160196420	-	0.982	0.982	0.982	0.982	0.912	0.912	0.912	14.44	0.00426	-7.0
inclusion	K	alternative_last_exon	AZI2	chr3:28331951-28332368,chr3:28331955-28332368	-	0.405	0.405	0.405	0.405	0.649	0.649	0.649	14.43	0.00426	24.400000000000006
inclusion	N	alternative_last_exon	FAM200B	chr4:15687149-15688550	+	0.756	0.756	0.756	0.756	0.353	0.353	0.353	14.43	0.00426	-40.3
inclusion	K	cassette	MARK2	chr11:63903986-63904147	+	0.617	0.617	0.617	0.617	0.454	0.454	0.454	14.41	0.00431	-16.300000000000004
inclusion	K	cassette	UBE2K	chr4:39777682-39777810	+	0.969	0.969	0.969	0.969	0.906	0.906	0.906	14.4	0.00433	-6.299999999999983
inclusion	N	alternative_donor	AARS1	chr16:70282785-70289529	-	0.084	0.084	0.084	0.084	0.007	0.007	0.007	14.37	0.00439	-7.7
inclusion	N	intron_retention	GPR87	chr3:151316656-151316763	-	0.899	0.899	0.899	0.899	0.973	0.973	0.973	14.35	0.00444	7.3999999999999915
inclusion	K	intron_retention	MAX	chr14:65076664-65077327	-	0.3	0.3	0.3	0.3	0.732	0.732	0.732	14.33	0.00446	43.2
inclusion	K	alternative_last_exon	BRD8	chr5:138159600-138160068	-	0.496	0.496	0.496	0.496	0.7	0.7	0.7	14.32	0.00448	20.4
inclusion	K	cassette	TOM1L1	chr17:54903708-54903792	+	0.868	0.868	0.868	0.868	0.984	0.984	0.984	14.31	0.00451	11.600000000000009
inclusion	N	alternative_first_exon	MYO19	chr17:36496407-36499074	-	0.059	0.059	0.059	0.059	0.004	0.004	0.004	14.27	0.0046	-5.499999999999999
inclusion	N	cassette	DPH7	chr9:137576309-137576402	-	0.703	0.703	0.703	0.703	0.419	0.419	0.419	14.26	0.00462	-28.4
inclusion	K	cassette	ARFRP1	chr20:63701830-63701898	-	0.889	0.889	0.889	0.889	0.985	0.985	0.985	14.23	0.00468	9.599999999999994
inclusion	N	alternative_acceptor	nogene	chr12:52491710-52519133	-	0.749	0.749	0.749	0.749	0.46	0.46	0.46	14.22	0.00469	-28.900000000000006
inclusion	K	alternative_acceptor	RPL17	chr18:49491834-49492257	-	0.542	0.542	0.542	0.542	0.759	0.759	0.759	14.2	0.00473	21.700000000000003
inclusion	K	intron_retention	KDM6B	chr17:7853381-7853497	+	0.367	0.367	0.367	0.367	0.19	0.19	0.19	14.2	0.00473	-17.700000000000003
inclusion	K	intron_retention	PCED1A	chr20:2839934-2840210	-	0.239	0.239	0.239	0.239	0.085	0.085	0.085	14.2	0.00473	-15.399999999999999
inclusion	N	cassette	GOLGA4	chr3:37337143-37337163	+	0.901	0.901	0.901	0.901	0.992	0.992	0.992	14.2	0.00473	9.099999999999994
inclusion	K	intron_retention	RPL41	chr12:56116800-56117481	+	0.659	0.659	0.659	0.659	0.24	0.24	0.24	14.18	0.00476	-41.900000000000006
inclusion	K	intron_retention	SQSTM1	chr5:179806592-179811573	+	0.559	0.559	0.559	0.559	0.763	0.763	0.763	14.17	0.00478	20.39999999999999
inclusion	K	cassette	MAPT	chr17:46010310-46010402	+	0.093	0.093	0.093	0.093	0.347	0.347	0.347	14.13	0.00487	25.399999999999995
inclusion	N	cassette	SMYD3	chr1:245915530-245915640	-	0.876	0.876	0.876	0.876	0.977	0.977	0.977	14.13	0.00488	10.100000000000009
inclusion	N	alternative_donor	NOP14	chr4:2938189-2938302	-	0.765	0.765	0.765	0.765	0.958	0.958	0.958	14.1	0.00493	19.299999999999997
inclusion	N	intron_retention	nogene	chr22:37948380-37948550	+	0.824	0.824	0.824	0.824	0.977	0.977	0.977	14.08	0.00497	15.300000000000011
inclusion	N	alternative_last_exon	SRSF2	chr17:76735876-76736153	-	0.075	0.075	0.075	0.075	0.188	0.188	0.188	14.06	0.00504	11.3
inclusion	K	alternative_last_exon	DMKN	chr19:35497682-35498715	-	0.108	0.108	0.108	0.108	0.039	0.039	0.039	14.05	0.00505	-6.9
inclusion	N	cassette	CUTC	chr10:99750369-99750396	+	0.633	0.633	0.633	0.633	0.871	0.871	0.871	14.05	0.00505	23.799999999999997
inclusion	N	cassette	NCOA6	chr20:34758805-34758933	-	0.98	0.98	0.98	0.98	0.863	0.863	0.863	14.02	0.00511	-11.700000000000003
inclusion	K	alternative_last_exon	AC106886.6	chr16:30741909-30743781	+	0.895	0.895	0.895	0.895	0.969	0.969	0.969	14.02	0.00511	7.3999999999999915
inclusion	N	alternative_last_exon	PHYKPL	chr5:178222493-178222851,chr5:178222546-178222851,chr5:178222581-178222851	-	0.702	0.702	0.702	0.702	0.86	0.86	0.86	14.02	0.00511	15.800000000000011
inclusion	K	alternative_last_exon	COPS7B	chr2:231788733-231791732	+	0.877	0.877	0.877	0.877	0.989	0.989	0.989	14.01	0.00512	11.200000000000003
inclusion	K	alternative_donor	AC009084.1	chr16:66942786-66943298	+	0.946	0.946	0.946	0.946	0.856	0.856	0.856	13.99	0.00516	-9.0
inclusion	K	intron_retention	SLC35C2	chr20:46358764-46364370	-	0.263	0.263	0.263	0.263	0.132	0.132	0.132	13.98	0.00518	-13.1
inclusion	N	intron_retention	ATXN2L	chr16:28836123-28836325	+	0.879	0.879	0.879	0.879	0.973	0.973	0.973	13.97	0.0052	9.399999999999991
inclusion	N	intron_retention	IDH3B	chr20:2658522-2658757	.	0.887	0.887	0.887	0.887	0.766	0.766	0.766	13.96	0.00521	-12.100000000000009
inclusion	K	alternative_last_exon	EVC	chr4:5798793-5801749	+	0.246	0.246	0.246	0.246	0.051	0.051	0.051	13.96	0.00522	-19.5
inclusion	N	intron_retention	TUBB6	chr18:12308350-12329145	+	0.5	0.5	0.5	0.5	0.729	0.729	0.729	13.95	0.00523	22.89999999999999
inclusion	K	intron_retention	FBXW5	chr9:136942696-136942768	-	0.122	0.122	0.122	0.122	0.044	0.044	0.044	13.93	0.00529	-7.8
inclusion	K	alternative_first_exon	ADGRG6	chr6:142302740-142309543	+	0.026	0.026	0.026	0.026	0.349	0.349	0.349	13.9	0.00536	32.3
inclusion	K	intron_retention	APH1A	chr1:150266195-150266532	-	0.452	0.452	0.452	0.452	0.562	0.562	0.562	13.89	0.00538	11.0
inclusion	K	alternative_acceptor	LRRC75B	chr22:24588330-24589820	-	0.491	0.491	0.491	0.491	0.236	0.236	0.236	13.87	0.00544	-25.500000000000004
inclusion	K	cassette	RWDD2B	chr21:29008240-29008307	-	0.591	0.591	0.591	0.591	0.844	0.844	0.844	13.83	0.00554	25.299999999999997
inclusion	N	alternative_last_exon	TMPRSS9	chr19:2374286-2426564	.	0.199	0.199	0.199	0.199	0.468	0.468	0.468	13.83	0.00554	26.900000000000002
inclusion	N	alternative_acceptor	BCL2L2-PABPN1	chr14:23319831-23320831	+	0.56	0.56	0.56	0.56	0.801	0.801	0.801	13.8	0.00561	24.1
inclusion	N	alternative_first_exon	SEC31A	chr4:82829059-82844385	-	0.276	0.276	0.276	0.276	0.157	0.157	0.157	13.8	0.00561	-11.900000000000002
inclusion	N	coord_cassette	TBCD	chr17:82907761-82907821	+	0.939	0.939	0.939	0.939	0.996	0.996	0.996	13.8	0.00561	5.700000000000003
inclusion	K	intron_retention	ARG2	chr14:67647026-67648046	+	0.11	0.11	0.11	0.11	0.331	0.331	0.331	13.78	0.00565	22.1
inclusion	N	alternative_last_exon	RPS21	chr20:62387675-62387842	+	0.996	0.996	0.996	0.996	0.985	0.985	0.985	13.78	0.00565	-1.0999999999999943
inclusion	N	alternative_acceptor	SLC1A5	chr19:46775748-46776974	-	0.995	0.995	0.995	0.995	0.954	0.954	0.954	13.77	0.00566	-4.1000000000000085
inclusion	N	alternative_acceptor	nogene	chr19:46760396-46776974	-	0.005	0.005	0.005	0.005	0.046	0.046	0.046	13.76	0.00567	4.1
inclusion	N	alternative_donor	TIMM10B	chr11:6482321-6482839	+	0.684	0.684	0.684	0.684	0.968	0.968	0.968	13.76	0.00567	28.39999999999999
inclusion	K	intron_retention	MYO9B	chr19:17211787-17211894	+	0.51	0.51	0.51	0.51	0.256	0.256	0.256	13.72	0.00579	-25.4
inclusion	N	cassette	EPHA2	chr1:16150896-16150963	-	0.88	0.88	0.88	0.88	0.99	0.99	0.99	13.72	0.0058	11.0
inclusion	K	intron_retention	ANKRD13A	chr12:110027767-110028511	+	0.228	0.228	0.228	0.228	0.101	0.101	0.101	13.71	0.0058	-12.7
inclusion	K	cassette	AC010642.2	chr19:58325275-58325361	-	0.526	0.526	0.526	0.526	0.77	0.77	0.77	13.67	0.00591	24.4
inclusion	K	alternative_first_exon	RASAL2	chr1:178341609-178390099	+	0.021	0.021	0.021	0.021	0.322	0.322	0.322	13.67	0.00592	30.1
inclusion	N	alternative_last_exon	UBE2J2	chr1:1267993-1273665	-	0.833	0.833	0.833	0.833	0.959	0.959	0.959	13.67	0.00592	12.599999999999994
inclusion	N	cassette	COL7A1	chr3:48571243-48571278	-	0.997	0.997	0.997	0.997	0.965	0.965	0.965	13.66	0.00594	-3.200000000000003
inclusion	K	alternative_first_exon	SIN3B	chr19:16862560-16863679	+	0.683	0.683	0.683	0.683	0.89	0.89	0.89	13.65	0.00595	20.69999999999999
inclusion	N	alternative_donor	GLG1	chr16:74452132-74452230	-	0.744	0.744	0.744	0.744	0.488	0.488	0.488	13.63	0.006	-25.60000000000001
inclusion	N	alternative_last_exon	EEF2	chr19:3979437-3979807	-	0.99	0.99	0.99	0.99	0.998	0.998	0.998	13.63	0.006	0.7999999999999972
inclusion	K	alternative_acceptor	PPIE	chr1:39743925-39745374	+	0.93	0.93	0.93	0.93	0.828	0.828	0.828	13.62	0.00603	-10.200000000000003
inclusion	K	intron_retention	SLC29A2	chr11:66366232-66366430	-	0.142	0.142	0.142	0.142	0.419	0.419	0.419	13.6	0.00608	27.7
inclusion	N	alternative_acceptor	MAN2B1	chr19:12655880-12656570	-	0.978	0.978	0.978	0.978	0.916	0.916	0.916	13.6	0.00608	-6.199999999999989
inclusion	K	intron_retention	EMC6	chr17:3668900-3669097	+	0.148	0.148	0.148	0.148	0.069	0.069	0.069	13.59	0.00611	-7.899999999999999
inclusion	K	coord_cassette	IFI16	chr1:159045297-159045464	+	0.59	0.59	0.59	0.59	0.351	0.351	0.351	13.58	0.00612	-23.900000000000006
inclusion	K	alternative_first_exon	RFFL	chr17:35026562-35089104	-	0.746	0.746	0.746	0.746	0.968	0.968	0.968	13.56	0.00616	22.200000000000003
inclusion	N	alternative_acceptor	UBE2G2	chr21:44776146-44777298	-	0.277	0.277	0.277	0.277	0.085	0.085	0.085	13.56	0.00616	-19.200000000000003
inclusion	N	alternative_acceptor	LDOC1	chrX:141176409-141176892	-	0.235	0.235	0.235	0.235	0.476	0.476	0.476	13.56	0.00616	24.099999999999994
inclusion	N	cassette	KIAA1217	chr10:24536774-24536893	+	0.93	0.93	0.93	0.93	0.775	0.775	0.775	13.55	0.00617	-15.5
inclusion	K	alternative_donor	RACK1	chr5:181242346-181243679	-	0.014	0.014	0.014	0.014	0.007	0.007	0.007	13.55	0.00617	-0.7000000000000001
inclusion	N	cassette	AGO4	chr1:35832437-35832570	+	0.623	0.623	0.623	0.623	0.931	0.931	0.931	13.54	0.00618	30.80000000000001
inclusion	N	cassette	C9orf85	chr9:71947006-71947112	+	0.78	0.78	0.78	0.78	0.983	0.983	0.983	13.54	0.00618	20.299999999999997
inclusion	N	cassette	USP8	chr15:50484275-50484361	+	0.366	0.366	0.366	0.366	0.601	0.601	0.601	13.53	0.00622	23.499999999999993
inclusion	K	intron_retention	STARD5	chr15:81322949-81324000	-	0.228	0.228	0.228	0.228	0.054	0.054	0.054	13.52	0.00624	-17.4
inclusion	N	alternative_acceptor	TSSC4	chr11:2402653-2402749	+	0.862	0.862	0.862	0.862	0.665	0.665	0.665	13.52	0.00624	-19.700000000000003
inclusion	N	cassette	EIF4A2	chr3:186788310-186788420	+	0.052	0.052	0.052	0.052	0.13	0.13	0.13	13.52	0.00624	7.8
inclusion	N	cassette	AP1G2	chr14:23561962-23562066	-	0.822	0.822	0.822	0.822	0.938	0.938	0.938	13.51	0.00624	11.600000000000009
inclusion	K	alternative_last_exon	CHAMP1	chr13:114321233-114323834,chr13:114321233-114323790,chr13:114321233-114323787	+	0.753	0.753	0.753	0.753	0.925	0.925	0.925	13.5	0.00626	17.200000000000003
inclusion	N	cassette	HDAC11	chr3:13500713-13500789	+	0.571	0.571	0.571	0.571	0.779	0.779	0.779	13.49	0.00629	20.80000000000001
inclusion	N	cassette	ZER1	chr9:128739931-128740119	-	0.942	0.942	0.942	0.942	0.993	0.993	0.993	13.49	0.0063	5.1000000000000085
inclusion	K	intron_retention	ADCY3	chr2:24820849-24821516	-	0.038	0.038	0.038	0.038	0.119	0.119	0.119	13.48	0.0063	8.099999999999998
inclusion	K	intron_retention	SOX15	chr17:7589739-7589986	-	0.996	0.996	0.996	0.996	0.944	0.944	0.944	13.47	0.00633	-5.200000000000003
inclusion	K	cassette	STX16	chr20:58669302-58669453	+	0.818	0.818	0.818	0.818	0.984	0.984	0.984	13.46	0.00635	16.60000000000001
inclusion	N	cassette	TBRG1	chr11:124626473-124626609	+	0.233	0.233	0.233	0.233	0.462	0.462	0.462	13.46	0.00635	22.900000000000002
inclusion	N	alternative_last_exon	ERICH1	chr8:664677-668597	-	0.928	0.928	0.928	0.928	0.667	0.667	0.667	13.46	0.00636	-26.10000000000001
inclusion	K	alternative_last_exon	NUBP2	chr16:1786656-1786756,chr16:1786656-1786737	+	0.463	0.463	0.463	0.463	0.616	0.616	0.616	13.45	0.00636	15.299999999999997
inclusion	K	cassette	GFM2	chr5:74738502-74738642	-	0.992	0.992	0.992	0.992	0.87	0.87	0.87	13.45	0.00636	-12.200000000000003
inclusion	K	alternative_first_exon	AGTRAP	chr1:11745838-11747439	+	0.898	0.898	0.898	0.898	0.957	0.957	0.957	13.44	0.00638	5.900000000000006
inclusion	K	cassette	CPM	chr12:68885792-68885889	-	0.701	0.701	0.701	0.701	0.979	0.979	0.979	13.42	0.00642	27.799999999999997
inclusion	K	cassette	GGPS1	chr1:235335242-235335334	+	0.858	0.858	0.858	0.858	0.979	0.979	0.979	13.43	0.00642	12.099999999999994
inclusion	K	alternative_first_exon	TSKU	chr11:76783405-76795608	+	0.975	0.975	0.975	0.975	0.876	0.876	0.876	13.41	0.00645	-9.900000000000006
inclusion	K	alternative_first_exon	ZFP64	chr20:52098588-52105131	-	0.547	0.547	0.547	0.547	0.821	0.821	0.821	13.41	0.00647	27.39999999999999
inclusion	K	alternative_last_exon	TM2D3	chr15:101651774-101652270	-	0.268	0.268	0.268	0.268	0.022	0.022	0.022	13.4	0.00648	-24.6
inclusion	K	alternative_first_exon	CTTN	chr11:70420511-70422939	+	0.104	0.104	0.104	0.104	0.202	0.202	0.202	13.37	0.00658	9.800000000000002
inclusion	K	alternative_first_exon	SSBP3	chr1:54281528-54335796	-	0.284	0.284	0.284	0.284	0.142	0.142	0.142	13.36	0.0066	-14.2
inclusion	N	cassette	EDEM2	chr20:35144979-35145018	-	0.819	0.819	0.819	0.819	0.931	0.931	0.931	13.35	0.00662	11.200000000000017
inclusion	K	intron_retention	SLC29A2	chr11:66366022-66366125	-	0.133	0.133	0.133	0.133	0.402	0.402	0.402	13.35	0.00662	26.900000000000002
inclusion	N	alternative_donor	STARD5	chr15:81322949-81324000	-	0.761	0.761	0.761	0.761	0.932	0.932	0.932	13.33	0.00668	17.10000000000001
inclusion	N	cassette	SPG21	chr15:64983507-64983593	-	0.845	0.845	0.845	0.845	0.928	0.928	0.928	13.33	0.00668	8.300000000000011
inclusion	K	alternative_last_exon	MMP24OS	chr20:35277933-35278008	-	0.902	0.902	0.902	0.902	0.994	0.994	0.994	13.3	0.00677	9.200000000000003
inclusion	K	cassette	NARS2	chr11:78441091-78441117	-	0.858	0.858	0.858	0.858	0.989	0.989	0.989	13.3	0.00678	13.100000000000009
inclusion	N	alternative_donor	SLC6A15	chr12:84876608-84883854	-	0.156	0.156	0.156	0.156	0.052	0.052	0.052	13.29	0.00679	-10.399999999999999
inclusion	K	cassette	RBM26	chr13:79353153-79353224	-	0.279	0.279	0.279	0.279	0.092	0.092	0.092	13.28	0.00681	-18.700000000000003
inclusion	K	alternative_donor	CD151	chr11:833027-834529	+	0.972	0.972	0.972	0.972	0.807	0.807	0.807	13.23	0.007	-16.5
inclusion	K	alternative_acceptor	UBE2H	chr7:129839336-129857510	-	0.923	0.923	0.923	0.923	0.99	0.99	0.99	13.22	0.007	6.699999999999989
inclusion	N	cassette	KANSL3	chr2:96615492-96615544	-	0.298	0.298	0.298	0.298	0.089	0.089	0.089	13.22	0.007	-20.9
inclusion	K	alternative_last_exon	SKA2	chr17:59119496-59131280	-	0.767	0.767	0.767	0.767	0.594	0.594	0.594	13.22	0.00702	-17.300000000000004
inclusion	N	cassette	FAM122B	chrX:134789580-134789636	-	0.198	0.198	0.198	0.198	0.409	0.409	0.409	13.21	0.00702	21.099999999999998
inclusion	N	intron_retention	nogene	chr12:52450594-52491709	-	0.681	0.681	0.681	0.681	0.304	0.304	0.304	13.2	0.00706	-37.70000000000001
inclusion	K	cassette	TES	chr7:116234534-116234619	+	0.954	0.954	0.954	0.954	0.997	0.997	0.997	13.19	0.0071	4.300000000000011
inclusion	N	alternative_acceptor	MED12	chrX:71137781-71137821	+	0.447	0.447	0.447	0.447	0.808	0.808	0.808	13.16	0.00718	36.10000000000001
inclusion	N	cassette	HIPK3	chr11:33348166-33348228	+	0.129	0.129	0.129	0.129	0.324	0.324	0.324	13.16	0.00718	19.5
inclusion	N	cassette	MFAP2	chr1:16977109-16977198	-	0.934	0.934	0.934	0.934	0.979	0.979	0.979	13.15	0.00719	4.499999999999986
inclusion	K	cassette	MACF1	chr1:39465095-39465112	+	0.51	0.51	0.51	0.51	0.332	0.332	0.332	13.14	0.00725	-17.799999999999997
inclusion	K	alternative_last_exon	ATP13A3	chr3:194412289-194413758	-	0.871	0.871	0.871	0.871	0.592	0.592	0.592	13.11	0.00733	-27.9
inclusion	K	cassette	OSBPL9	chr1:51669434-51669512	+	0.874	0.874	0.874	0.874	0.992	0.992	0.992	13.1	0.00738	11.799999999999997
inclusion	K	intron_retention	NOP14	chr4:2938189-2938811	-	0.825	0.825	0.825	0.825	0.97	0.97	0.97	13.09	0.0074	14.5
inclusion	N	cassette	ATG13	chr11:46618260-46618375	+	0.358	0.358	0.358	0.358	0.18	0.18	0.18	13.09	0.00741	-17.799999999999997
inclusion	N	alternative_donor	ATAD3B	chr1:1477351-1478643	+	0.356	0.356	0.356	0.356	0.695	0.695	0.695	13.07	0.00746	33.9
inclusion	N	alternative_last_exon	DLG3	chrX:70493476-70497179	+	0.87	0.87	0.87	0.87	0.981	0.981	0.981	13.06	0.00748	11.099999999999994
inclusion	K	intron_retention	SRA1	chr5:140557273-140557427	-	0.075	0.075	0.075	0.075	0.023	0.023	0.023	13.06	0.00749	-5.2
inclusion	N	cassette	RGS20	chr8:53939576-53939724	+	0.743	0.743	0.743	0.743	0.978	0.978	0.978	13.06	0.00749	23.5
inclusion	N	alternative_acceptor	PINK1	chr1:20649232-20650433	+	0.871	0.871	0.871	0.871	0.943	0.943	0.943	13.04	0.00754	7.200000000000003
inclusion	K	alternative_acceptor	ERCC3	chr2:127289520-127289688	-	0.115	0.115	0.115	0.115	0.023	0.023	0.023	13.04	0.00754	-9.2
inclusion	K	alternative_last_exon	MYL6B	chr12:56155593-56155917	+	0.039	0.039	0.039	0.039	0.004	0.004	0.004	13.04	0.00754	-3.5
inclusion	K	cassette	AKIP1	chr11:8912453-8912533	+	0.495	0.495	0.495	0.495	0.363	0.363	0.363	13.02	0.00759	-13.200000000000003
inclusion	K	cassette	SH3GLB1	chr1:86715724-86715865	+	0.937	0.937	0.937	0.937	0.995	0.995	0.995	13.02	0.00759	5.799999999999997
inclusion	N	cassette	EXOSC9	chr4:121816144-121816194	+	0.406	0.406	0.406	0.406	0.173	0.173	0.173	13.02	0.00759	-23.300000000000004
inclusion	N	cassette	MPRIP	chr17:17180607-17180669	+	0.229	0.229	0.229	0.229	0.365	0.365	0.365	13.01	0.00762	13.599999999999998
inclusion	N	coord_cassette	TACC2	chr10:122132609-122132734	+	0.403	0.403	0.403	0.403	0.9	0.9	0.9	13	0.00762	49.699999999999996
inclusion	N	cassette	RARG	chr12:53229911-53230053	-	0.174	0.174	0.174	0.174	0.289	0.289	0.289	13	0.00764	11.5
inclusion	N	alternative_acceptor	SLC52A2	chr8:144359066-144359183	+	0.862	0.862	0.862	0.862	0.989	0.989	0.989	12.99	0.00767	12.700000000000003
inclusion	N	alternative_donor	VEGFA	chr6:43778919-43780731	+	0.761	0.761	0.761	0.761	0.925	0.925	0.925	12.96	0.00776	16.400000000000006
inclusion	N	alternative_first_exon	DERL1	chr8:123025051-123030604	-	0.939	0.939	0.939	0.939	0.996	0.996	0.996	12.95	0.00779	5.700000000000003
inclusion	K	intron_retention	KNOP1	chr16:19707222-19710508	-	0.125	0.125	0.125	0.125	0.041	0.041	0.041	12.95	0.0078	-8.399999999999999
inclusion	K	intron_retention	TIAM2	chr6:154833410-154907729	+	0.632	0.632	0.632	0.632	0.367	0.367	0.367	12.94	0.00781	-26.5
inclusion	K	intron_retention	GNA11	chr19:3115073-3118923	+	0.088	0.088	0.088	0.088	0.031	0.031	0.031	12.93	0.00787	-5.699999999999999
inclusion	K	alternative_first_exon	SRSF2	chr17:76735159-76735771	-	0.079	0.079	0.079	0.079	0.19	0.19	0.19	12.93	0.00787	11.1
inclusion	K	alternative_last_exon	KLC1	chr14:103679546-103684985	+	0.199	0.199	0.199	0.199	0.401	0.401	0.401	12.91	0.00793	20.2
inclusion	N	alternative_donor	HIRA	chr22:19398088-19405785	-	0.808	0.808	0.808	0.808	0.951	0.951	0.951	12.9	0.00795	14.299999999999983
inclusion	K	intron_retention	ITPKC	chr19:40737770-40739356	+	0.037	0.037	0.037	0.037	0.002	0.002	0.002	12.89	0.00797	-3.4999999999999996
inclusion	K	alternative_acceptor	SRA1	chr5:140557333-140557427	-	0.065	0.065	0.065	0.065	0.018	0.018	0.018	12.89	0.00798	-4.7
inclusion	N	alternative_acceptor	CELSR2	chr1:109273671-109274415	+	0.339	0.339	0.339	0.339	0.154	0.154	0.154	12.88	0.00798	-18.500000000000007
inclusion	N	intron_retention	CDC42SE1	chr1:151055130-151055676	-	0.88	0.88	0.88	0.88	0.573	0.573	0.573	12.89	0.00798	-30.700000000000003
inclusion	K	alternative_donor	RPL14	chr3:40457364-40457889	+	0.815	0.815	0.815	0.815	0.895	0.895	0.895	12.87	0.00805	8.0
inclusion	K	alternative_first_exon	SMARCA4	chr19:11039554-11041306	+	0.071	0.071	0.071	0.071	0.024	0.024	0.024	12.86	0.00807	-4.699999999999999
inclusion	K	intron_retention	BCL2L1	chr20:31722331-31723863	-	0.863	0.863	0.863	0.863	0.654	0.654	0.654	12.85	0.00807	-20.89999999999999
inclusion	N	alternative_first_exon	NECAB3	chr20:33660396-33662211	-	0.365	0.365	0.365	0.365	0.156	0.156	0.156	12.85	0.00807	-20.9
inclusion	N	intron_retention	PTOV1	chr19:49857014-49860024	+	0.954	0.954	0.954	0.954	0.717	0.717	0.717	12.84	0.0081	-23.69999999999999
inclusion	N	alternative_acceptor	ZC3H12A	chr1:37474630-37475458	+	0.615	0.615	0.615	0.615	0.369	0.369	0.369	12.83	0.00817	-24.6
inclusion	N	intron_retention	GLT8D1	chr3:52695555-52695927	-	0.925	0.925	0.925	0.925	0.569	0.569	0.569	12.82	0.00819	-35.60000000000001
inclusion	K	alternative_last_exon	SNHG8	chr4:118278793-118279106,chr4:118278793-118278943,chr4:118278793-118278933	+	0.907	0.907	0.907	0.907	0.824	0.824	0.824	12.81	0.0082	-8.300000000000011
inclusion	N	cassette	GEMIN8	chrX:14026140-14026221	-	0.707	0.707	0.707	0.707	0.863	0.863	0.863	12.81	0.0082	15.599999999999994
inclusion	N	alternative_last_exon	GRB7	chr17:39744208-39744552	+	0.957	0.957	0.957	0.957	0.879	0.879	0.879	12.8	0.00823	-7.799999999999997
inclusion	N	alternative_acceptor	DHX32	chr10:125885677-125896217	-	0.12	0.12	0.12	0.12	0.41	0.41	0.41	12.79	0.00829	29.0
inclusion	K	alternative_last_exon	FBXO32	chr8:123514334-123531897	-	0.859	0.859	0.859	0.859	0.954	0.954	0.954	12.78	0.00832	9.499999999999986
inclusion	K	cassette	POMT1	chr9:131504189-131504340	+	0.869	0.869	0.869	0.869	0.57	0.57	0.57	12.77	0.00833	-29.900000000000013
inclusion	K	cassette	PPIL2	chr22:21670264-21670376	+	0.019	0.019	0.019	0.019	0.102	0.102	0.102	12.76	0.00838	8.299999999999999
inclusion	N	cassette	ANXA8L1	chr10:46385712-46385807	+	0.94	0.94	0.94	0.94	0.985	0.985	0.985	12.75	0.0084	4.5
inclusion	K	intron_retention	OCEL1	chr19:17226870-17226993	+	0.308	0.308	0.308	0.308	0.154	0.154	0.154	12.74	0.00845	-15.4
inclusion	N	alternative_donor	nogene	chr1:209428409-209429180	+	0.286	0.286	0.286	0.286	0.521	0.521	0.521	12.72	0.00853	23.500000000000004
inclusion	N	cassette	STAU1	chr20:49158437-49158497	-	0.094	0.094	0.094	0.094	0.032	0.032	0.032	12.72	0.00853	-6.2
inclusion	K	alternative_last_exon	HAS3	chr16:69113543-69114342	+	0.634	0.634	0.634	0.634	0.392	0.392	0.392	12.71	0.00855	-24.199999999999996
inclusion	K	alternative_first_exon	TBC1D14	chr4:6987350-6994183	+	0.732	0.732	0.732	0.732	0.569	0.569	0.569	12.7	0.00857	-16.30000000000001
inclusion	K	alternative_last_exon	FIP1L1	chr4:53428184-53440581	+	0.343	0.343	0.343	0.343	0.172	0.172	0.172	12.7	0.00857	-17.100000000000005
inclusion	N	coord_cassette	TIMMDC1	chr3:119503532-119503620	+	0.953	0.953	0.953	0.953	0.996	0.996	0.996	12.7	0.00857	4.299999999999997
inclusion	K	cassette	SLTM	chr15:58890281-58890461	-	0.994	0.994	0.994	0.994	0.911	0.911	0.911	12.7	0.00857	-8.299999999999997
inclusion	K	intron_retention	CRELD1	chr3:9944096-9944364	+	0.127	0.127	0.127	0.127	0.35	0.35	0.35	12.68	0.00862	22.3
inclusion	N	intron_retention	ZDHHC7	chr16:84981995-84988797	-	0.667	0.667	0.667	0.667	0.167	0.167	0.167	12.69	0.00862	-50.0
inclusion	N	cassette	SLC25A12	chr2:171813339-171813497	-	0.972	0.972	0.972	0.972	0.787	0.787	0.787	12.66	0.00872	-18.5
inclusion	N	cassette	FBXO7	chr22:32479133-32479275	+	0.962	0.962	0.962	0.962	0.997	0.997	0.997	12.65	0.00876	3.5
inclusion	N	alternative_first_exon	ATXN2L	chr16:28823559-28825365	+	0.735	0.735	0.735	0.735	0.845	0.845	0.845	12.61	0.0089	11.0
inclusion	N	cassette	NUDT2	chr9:34336229-34336341	+	0.319	0.319	0.319	0.319	0.098	0.098	0.098	12.62	0.0089	-22.1
inclusion	N	alternative_first_exon	LSS	chr21:46195757-46196201	-	0.897	0.897	0.897	0.897	0.988	0.988	0.988	12.6	0.00895	9.099999999999994
inclusion	K	intron_retention	APBB3	chr5:140561702-140562099	-	0.564	0.564	0.564	0.564	0.165	0.165	0.165	12.59	0.00899	-39.89999999999999
inclusion	K	alternative_acceptor	ATXN2	chr12:111510583-111513356	-	0.91	0.91	0.91	0.91	0.732	0.732	0.732	12.57	0.00904	-17.799999999999997
inclusion	N	alternative_donor	CSNK1D	chr17:82244832-82248874	-	0.42	0.42	0.42	0.42	0.269	0.269	0.269	12.58	0.00904	-15.099999999999998
inclusion	N	alternative_last_exon	MOSMO	chr16:22075700-22080695	+	0.419	0.419	0.419	0.419	0.76	0.76	0.76	12.57	0.00904	34.1
inclusion	K	intron_retention	OGFOD2	chr12:122976971-122978441	+	0.454	0.454	0.454	0.454	0.213	0.213	0.213	12.57	0.00905	-24.099999999999998
inclusion	K	alternative_first_exon	C17orf75	chr17:32341285-32341862,chr17:32341285-32341800	-	0.419	0.419	0.419	0.419	0.179	0.179	0.179	12.56	0.00907	-24.0
inclusion	K	intron_retention	EDF1	chr9:136862497-136862905	-	0.102	0.102	0.102	0.102	0.245	0.245	0.245	12.56	0.00907	14.3
inclusion	N	alternative_donor	RPL21	chr13:27251851-27253764	+	0.258	0.258	0.258	0.258	0.086	0.086	0.086	12.56	0.00907	-17.200000000000003
inclusion	N	alternative_last_exon	RUVBL1	chr3:128081410-128082482	-	0.951	0.951	0.951	0.951	0.813	0.813	0.813	12.55	0.00908	-13.799999999999997
inclusion	N	cassette	IL4R	chr16:27330066-27330198	+	0.494	0.494	0.494	0.494	0.633	0.633	0.633	12.55	0.00908	13.899999999999999
inclusion	N	mutually_exclusive	WNK1	chr12:878362-879572,chr12:880032-881691	+	0.504	0.504	0.504	0.504	0.136	0.136	0.136	12.55	0.00908	-36.8
inclusion	K	alternative_acceptor	SCNN1A	chr12:6355436-6355776	-	0.924	0.924	0.924	0.924	0.841	0.841	0.841	12.54	0.00911	-8.300000000000011
inclusion	N	cassette	TIMM9	chr14:58424008-58424095	-	0.7	0.7	0.7	0.7	0.821	0.821	0.821	12.54	0.00911	12.099999999999994
inclusion	K	alternative_last_exon	PMF1	chr1:156236484-156239547	+	0.886	0.886	0.886	0.886	0.954	0.954	0.954	12.53	0.00912	6.799999999999997
inclusion	N	alternative_acceptor	BRI3	chr7:98252529-98252883	+	0.48	0.48	0.48	0.48	0.936	0.936	0.936	12.53	0.00912	45.60000000000001
inclusion	K	intron_retention	MAN2C1	chr15:75359154-75359327	-	0.147	0.147	0.147	0.147	0.024	0.024	0.024	12.52	0.00916	-12.299999999999999
inclusion	N	cassette	POM121	chr7:72940817-72940993	+	0.908	0.908	0.908	0.908	0.753	0.753	0.753	12.52	0.00918	-15.5
inclusion	N	alternative_donor	MIR205HG	chr1:209429089-209429180	+	0.712	0.712	0.712	0.712	0.476	0.476	0.476	12.51	0.00919	-23.60000000000001
inclusion	K	alternative_first_exon	BCAR1	chr16:75243091-75265824	-	0.816	0.816	0.816	0.816	0.935	0.935	0.935	12.5	0.00923	11.900000000000006
inclusion	K	alternative_acceptor	RAB34	chr17:28717292-28718121	-	0.116	0.116	0.116	0.116	0.211	0.211	0.211	12.49	0.00925	9.499999999999996
inclusion	N	alternative_donor	RPS27	chr1:153991035-153991114	+	0.11	0.11	0.11	0.11	0.05	0.05	0.05	12.49	0.00927	-6.0
inclusion	N	cassette	IDS	chrX:149502075-149502177	-	0.109	0.109	0.109	0.109	0.043	0.043	0.043	12.47	0.00933	-6.6000000000000005
inclusion	K	alternative_first_exon	MFF	chr2:227330847-227332418	+	0.827	0.827	0.827	0.827	0.968	0.968	0.968	12.46	0.00937	14.100000000000009
inclusion	N	cassette	DLGAP4	chr20:36465265-36465367	+	0.03	0.03	0.03	0.03	0.077	0.077	0.077	12.44	0.00949	4.7
inclusion	K	alternative_acceptor	SHMT2	chr12:57232293-57232424	+	0.049	0.049	0.049	0.049	0.016	0.016	0.016	12.42	0.00956	-3.3000000000000003
inclusion	K	cassette	ARAP1	chr11:72704152-72704334	-	0.917	0.917	0.917	0.917	0.983	0.983	0.983	12.42	0.00956	6.599999999999994
inclusion	N	cassette	ATXN2L	chr16:28832496-28832567	+	0.907	0.907	0.907	0.907	0.968	0.968	0.968	12.41	0.00958	6.099999999999994
inclusion	K	alternative_last_exon	C5orf38	chr5:2752755-2753284	+	0.412	0.412	0.412	0.412	0.581	0.581	0.581	12.41	0.00959	16.9
inclusion	N	cassette	C14orf93	chr14:23000959-23001037	-	0.055	0.055	0.055	0.055	0.221	0.221	0.221	12.41	0.00959	16.6
inclusion	N	cassette	SUMF2	chr7:56074114-56074218	+	0.706	0.706	0.706	0.706	0.806	0.806	0.806	12.38	0.00973	10.000000000000014
inclusion	N	intron_retention	CHMP4A	chr14:24211507-24211679	-	0.976	0.976	0.976	0.976	0.791	0.791	0.791	12.37	0.00973	-18.499999999999986
inclusion	K	alternative_donor	TP63	chr3:189868717-189869323	+	0.442	0.442	0.442	0.442	0.569	0.569	0.569	12.37	0.00973	12.699999999999989
inclusion	N	alternative_first_exon	BBIP1	chr10:110901613-110918120	-	0.881	0.881	0.881	0.881	0.707	0.707	0.707	12.36	0.00973	-17.39999999999999
inclusion	N	cassette	ANO10	chr3:43432611-43432727	-	0.925	0.925	0.925	0.925	0.995	0.995	0.995	12.36	0.00973	7.0
inclusion	N	intron_retention	HDAC1	chr1:32327678-32330577	+	0.239	0.239	0.239	0.239	0.058	0.058	0.058	12.37	0.00973	-18.099999999999998
inclusion	N	intron_retention	nogene	chr15:43649114-43746530	-	0.803	0.803	0.803	0.803	0.974	0.974	0.974	12.37	0.00973	17.09999999999998
inclusion	N	cassette	NOSIP	chr19:49558897-49558973	-	0.972	0.972	0.972	0.972	0.998	0.998	0.998	12.36	0.00974	2.5999999999999943
inclusion	N	cassette	YIPF1	chr1:53855001-53855051	-	0.264	0.264	0.264	0.264	0.431	0.431	0.431	12.36	0.00974	16.7
inclusion	K	alternative_first_exon	MPRIP	chr17:17175413-17176425	+	0.876	0.876	0.876	0.876	0.947	0.947	0.947	12.35	0.00975	7.099999999999994
inclusion	K	coord_cassette	ZC3HC1	chr7:130043628-130043880	-	0.641	0.641	0.641	0.641	0.925	0.925	0.925	12.35	0.00975	28.400000000000006
inclusion	K	intron_retention	CTDNEP1	chr17:7251602-7251964	-	0.793	0.793	0.793	0.793	0.902	0.902	0.902	12.34	0.00978	10.900000000000006
inclusion	K	intron_retention	RRNAD1	chr1:156734053-156735724	+	0.521	0.521	0.521	0.521	0.247	0.247	0.247	12.33	0.00981	-27.400000000000002
inclusion	N	alternative_first_exon	NMRK1	chr9:75078612-75083086	-	0.525	0.525	0.525	0.525	0.891	0.891	0.891	12.32	0.0099	36.599999999999994
inclusion	K	intron_retention	PABPC1	chr8:100703360-100704279	-	0.218	0.218	0.218	0.218	0.074	0.074	0.074	12.31	0.00992	-14.400000000000002
inclusion	N	alternative_acceptor	TEAD4	chr12:3020774-3021826	+	0.034	0.034	0.034	0.034	0.004	0.004	0.004	12.31	0.00993	-3.0000000000000004
inclusion	K	intron_retention	ATXN2L	chr16:28836123-28836727	+	0.561	0.561	0.561	0.561	0.704	0.704	0.704	12.3	0.00993	14.299999999999983
inclusion	K	cassette	EEFSEC	chr3:128358217-128358373	+	0.939	0.939	0.939	0.939	0.996	0.996	0.996	12.29	0.00998	5.700000000000003
inclusion	N	cassette	STARD3NL	chr7:38179090-38179145	+	0.078	0.078	0.078	0.078	0.211	0.211	0.211	12.28	0.0101	13.299999999999997
inclusion	K	intron_retention	SPHK1	chr17:76384807-76385450	+	0.245	0.245	0.245	0.245	0.126	0.126	0.126	12.27	0.0101	-11.9
inclusion	K	cassette	DNAJC21	chr5:34949543-34949677	+	0.14	0.14	0.14	0.14	0.042	0.042	0.042	12.27	0.0101	-9.8
inclusion	N	alternative_acceptor	COG1	chr17:73193385-73196506	+	0.769	0.769	0.769	0.769	0.943	0.943	0.943	12.25	0.0101	17.39999999999999
inclusion	N	alternative_first_exon	SLC20A2	chr8:42472655-42501186,chr8:42472655-42501030	-	0.748	0.748	0.748	0.748	0.886	0.886	0.886	12.25	0.0101	13.799999999999997
inclusion	N	alternative_last_exon	SRP9	chr1:225786986-225789258,chr1:225786986-225789239	+	0.859	0.859	0.859	0.859	0.982	0.982	0.982	12.25	0.0101	12.299999999999997
inclusion	N	cassette	AC058822.1	chr4:53391430-53391498	+	0.583	0.583	0.583	0.583	0.391	0.391	0.391	12.25	0.0101	-19.199999999999996
inclusion	N	cassette	MAOA	chrX:43711872-43711976	+	0.985	0.985	0.985	0.985	0.908	0.908	0.908	12.25	0.0101	-7.700000000000003
inclusion	K	cassette	SNAPC5	chr15:66495330-66495419	-	0.968	0.968	0.968	0.968	0.779	0.779	0.779	12.24	0.0102	-18.89999999999999
inclusion	N	alternative_donor	TSEN54	chr17:75522334-75523274	+	0.601	0.601	0.601	0.601	0.813	0.813	0.813	12.23	0.0102	21.200000000000003
inclusion	N	cassette	DGUOK	chr2:73950585-73950732	+	0.215	0.215	0.215	0.215	0.36	0.36	0.36	12.23	0.0102	14.5
inclusion	N	cassette	TPM2	chr9:35685064-35685139	-	0.809	0.809	0.809	0.809	0.894	0.894	0.894	12.23	0.0102	8.5
inclusion	N	cassette	SLC25A40	chr7:87860072-87860169	-	0.596	0.596	0.596	0.596	0.215	0.215	0.215	12.22	0.0102	-38.099999999999994
inclusion	N	cassette	SLC35F2	chr11:107815790-107815965	-	0.935	0.935	0.935	0.935	0.995	0.995	0.995	12.21	0.0103	6.0
inclusion	N	intron_retention	TBC1D16	chr17:79940695-79940858	-	0.824	0.824	0.824	0.824	0.985	0.985	0.985	12.21	0.0103	16.10000000000001
inclusion	K	cassette	AXIN1	chr16:291190-291297	-	0.217	0.217	0.217	0.217	0.115	0.115	0.115	12.2	0.0103	-10.2
inclusion	K	cassette	NCOR2	chr12:124374413-124374463	-	0.043	0.043	0.043	0.043	0.119	0.119	0.119	12.2	0.0103	7.599999999999999
inclusion	K	cassette	DPH3	chr3:16264155-16264229	-	0.766	0.766	0.766	0.766	0.571	0.571	0.571	12.19	0.0103	-19.5
inclusion	K	intron_retention	ZNF706	chr8:101178388-101199194	-	0.726	0.726	0.726	0.726	0.444	0.444	0.444	12.19	0.0103	-28.199999999999996
inclusion	N	coord_cassette	AMBRA1	chr11:46508191-46508370	-	0.746	0.746	0.746	0.746	0.397	0.397	0.397	12.19	0.0103	-34.89999999999999
inclusion	N	alternative_acceptor	MARK3	chr14:103467192-103468080	+	0.207	0.207	0.207	0.207	0.441	0.441	0.441	12.17	0.0104	23.400000000000002
inclusion	K	alternative_last_exon	NXN	chr17:978631-979318	-	0.147	0.147	0.147	0.147	0.042	0.042	0.042	12.16	0.0105	-10.5
inclusion	N	cassette	COQ4	chr9:128325143-128325239	+	0.935	0.935	0.935	0.935	0.995	0.995	0.995	12.15	0.0105	6.0
inclusion	N	alternative_last_exon	EP400	chr12:131992231-131994866	+	0.929	0.929	0.929	0.929	0.739	0.739	0.739	12.11	0.0107	-19.0
inclusion	K	intron_retention	MRPL43	chr10:100983818-100986748	-	0.828	0.828	0.828	0.828	0.712	0.712	0.712	12.11	0.0107	-11.599999999999994
inclusion	K	intron_retention	LINC01503	chr9:129338918-129341735	+	0.06	0.06	0.06	0.06	0.159	0.159	0.159	12.09	0.0108	9.9
inclusion	N	cassette	PAK1	chr11:77325328-77325376	-	0.052	0.052	0.052	0.052	0.122	0.122	0.122	12.07	0.0109	6.999999999999999
inclusion	K	intron_retention	MED4	chr13:48053492-48077152	-	0.7	0.7	0.7	0.7	0.872	0.872	0.872	12.04	0.0111	17.200000000000003
inclusion	N	cassette	ARHGEF7	chr13:111209872-111210002	+	0.695	0.695	0.695	0.695	0.889	0.889	0.889	12.04	0.0111	19.400000000000006
inclusion	N	alternative_last_exon	CCDC124	chr19:17933049-17936409	+	0.943	0.943	0.943	0.943	0.996	0.996	0.996	12.03	0.0111	5.299999999999997
inclusion	K	cassette	TMEM62	chr15:43178607-43178711	+	0.791	0.791	0.791	0.791	0.489	0.489	0.489	12.02	0.0111	-30.20000000000001
inclusion	K	alternative_last_exon	ZNF691	chr1:42846658-42849290	+	0.073	0.073	0.073	0.073	0.382	0.382	0.382	12.02	0.0111	30.900000000000002
inclusion	K	intron_retention	DENND1C	chr19:6468954-6469595	-	0.976	0.976	0.976	0.976	0.824	0.824	0.824	12.02	0.0112	-15.200000000000003
inclusion	K	coord_cassette	YEATS4	chr12:69365633-69365699	+	0.868	0.868	0.868	0.868	0.679	0.679	0.679	12.01	0.0112	-18.89999999999999
inclusion	K	intron_retention	TRIM11	chr1:228395253-228396946	-	0.178	0.178	0.178	0.178	0.057	0.057	0.057	12	0.0112	-12.100000000000001
inclusion	N	cassette	UCHL5	chr1:193027875-193027955	-	0.214	0.214	0.214	0.214	0.057	0.057	0.057	11.99	0.0113	-15.7
inclusion	K	intron_retention	SFXN3	chr10:101037432-101038642	+	0.035	0.035	0.035	0.035	0.002	0.002	0.002	11.96	0.0114	-3.3000000000000003
inclusion	K	alternative_first_exon	ATXN2	chr12:111509999-111510384	-	0.918	0.918	0.918	0.918	0.611	0.611	0.611	11.95	0.0115	-30.699999999999996
inclusion	N	intron_retention	FKBP9	chr7:33005467-33006571	+	0.93	0.93	0.93	0.93	0.977	0.977	0.977	11.95	0.0115	4.700000000000003
inclusion	K	intron_retention	PPT2-EGFL8	chr6:32154247-32154586	+	0.931	0.931	0.931	0.931	0.71	0.71	0.71	11.95	0.0115	-22.10000000000001
inclusion	N	cassette	DPM1	chr20:50941129-50941209	-	0.182	0.182	0.182	0.182	0.081	0.081	0.081	11.94	0.0115	-10.1
inclusion	K	intron_retention	COL7A1	chr3:48592015-48592101	-	0.026	0.026	0.026	0.026	0.002	0.002	0.002	11.93	0.0115	-2.4
inclusion	K	alternative_acceptor	SLC19A1	chr21:45516141-45525816	-	0.814	0.814	0.814	0.814	0.972	0.972	0.972	11.92	0.0116	15.800000000000011
inclusion	K	alternative_last_exon	ATXN2	chr12:111510445-111513356,chr12:111510583-111513356	-	0.98	0.98	0.98	0.98	0.886	0.886	0.886	11.91	0.0116	-9.400000000000006
inclusion	N	alternative_acceptor	ALS2CL	chr3:46671585-46671883	-	0.872	0.872	0.872	0.872	0.948	0.948	0.948	11.92	0.0116	7.599999999999994
inclusion	K	alternative_donor	ATXN2L	chr16:28824662-28825365	+	0.118	0.118	0.118	0.118	0.017	0.017	0.017	11.9	0.0116	-10.099999999999998
inclusion	K	alternative_first_exon	GLMP	chr1:156293210-156294017	-	0.047	0.047	0.047	0.047	0.003	0.003	0.003	11.91	0.0116	-4.4
inclusion	K	intron_retention	FAM83G	chr17:18978851-18979548	-	0.054	0.054	0.054	0.054	0.004	0.004	0.004	11.91	0.0116	-5.0
inclusion	N	alternative_acceptor	MSH3	chr5:80864943-80872175	+	0.043	0.043	0.043	0.043	0.208	0.208	0.208	11.9	0.0116	16.5
inclusion	N	alternative_acceptor	PCBP2	chr12:53452377-53454749	+	0.032	0.032	0.032	0.032	0.08	0.08	0.08	11.9	0.0116	4.8
inclusion	N	alternative_first_exon	MED15	chr22:20575233-20582610	+	0.152	0.152	0.152	0.152	0.318	0.318	0.318	11.91	0.0116	16.6
inclusion	K	cassette	SLC20A2	chr8:42471067-42471201	-	0.048	0.048	0.048	0.048	0.004	0.004	0.004	11.9	0.0117	-4.3999999999999995
inclusion	N	cassette	MAPK8IP3	chr16:1758148-1758159	+	0.819	0.819	0.819	0.819	0.593	0.593	0.593	11.89	0.0117	-22.599999999999994
inclusion	K	cassette	PGS1	chr17:78414879-78415027	+	0.605	0.605	0.605	0.605	0.833	0.833	0.833	11.88	0.0117	22.799999999999997
inclusion	K	alternative_last_exon	HNRNPR	chr1:23341018-23344210,chr1:23341021-23344210	-	0.457	0.457	0.457	0.457	0.678	0.678	0.678	11.84	0.012	22.10000000000001
inclusion	K	intron_retention	VPS9D1	chr16:89716625-89716729	-	0.259	0.259	0.259	0.259	0.084	0.084	0.084	11.84	0.012	-17.5
inclusion	N	alternative_donor	ATXN2L	chr16:28836486-28836747	+	0.473	0.473	0.473	0.473	0.214	0.214	0.214	11.84	0.012	-25.9
inclusion	K	alternative_first_exon	CTDNEP1	chr17:7251602-7251798	-	0.645	0.645	0.645	0.645	0.817	0.817	0.817	11.83	0.012	17.19999999999999
inclusion	N	alternative_first_exon	AL136531.2	chr20:1320436-1392833	-	0.087	0.087	0.087	0.087	0.009	0.009	0.009	11.83	0.012	-7.799999999999999
inclusion	N	cassette	PPP2R2D	chr10:131934458-131934555	+	0.723	0.723	0.723	0.723	0.949	0.949	0.949	11.83	0.012	22.599999999999994
inclusion	K	intron_retention	FBXW5	chr9:136941464-136941536	-	0.082	0.082	0.082	0.082	0.031	0.031	0.031	11.82	0.012	-5.100000000000001
inclusion	K	cassette	SRPX	chrX:38178285-38178344	-	0.889	0.889	0.889	0.889	0.631	0.631	0.631	11.8	0.0121	-25.800000000000004
inclusion	K	intron_retention	CNOT7	chr8:17230849-17232426	-	0.032	0.032	0.032	0.032	0.089	0.089	0.089	11.8	0.0121	5.7
inclusion	N	alternative_acceptor	USP35	chr11:78198069-78199594	+	0.405	0.405	0.405	0.405	0.752	0.752	0.752	11.8	0.0121	34.7
inclusion	N	coord_cassette	PPP2R2D	chr10:131934458-131934555	+	0.49	0.49	0.49	0.49	0.891	0.891	0.891	11.79	0.0121	40.099999999999994
inclusion	N	cassette	HDAC11	chr3:13498513-13498555	+	0.444	0.444	0.444	0.444	0.67	0.67	0.67	11.78	0.0122	22.6
inclusion	N	alternative_last_exon	LETMD1	chr12:51048479-51049033,chr12:51048479-51049012	+	0.915	0.915	0.915	0.915	0.831	0.831	0.831	11.77	0.0122	-8.400000000000006
inclusion	K	cassette	DOCK6	chr19:11232185-11232289	-	0.497	0.497	0.497	0.497	0.688	0.688	0.688	11.77	0.0123	19.099999999999994
inclusion	K	alternative_last_exon	NUP58	chr13:25307949-25309246	+	0.874	0.874	0.874	0.874	0.989	0.989	0.989	11.76	0.0123	11.5
inclusion	N	alternative_first_exon	MAEA	chr4:1289983-1311978	+	0.97	0.97	0.97	0.97	0.888	0.888	0.888	11.75	0.0124	-8.200000000000003
inclusion	K	alternative_first_exon	MPRIP	chr17:17167916-17171717	+	0.264	0.264	0.264	0.264	0.155	0.155	0.155	11.74	0.0124	-10.900000000000002
inclusion	K	intron_retention	PLPP5	chr8:38266312-38267266	-	0.199	0.199	0.199	0.199	0.415	0.415	0.415	11.74	0.0124	21.599999999999998
inclusion	N	alternative_acceptor	RARS2	chr6:87520257-87521463	-	0.607	0.607	0.607	0.607	0.825	0.825	0.825	11.73	0.0125	21.800000000000004
inclusion	K	intron_retention	PITPNM1	chr11:67502087-67502291	-	0.045	0.045	0.045	0.045	0.009	0.009	0.009	11.72	0.0125	-3.6
inclusion	N	alternative_acceptor	SSBP2	chr5:81467066-81473699	-	0.088	0.088	0.088	0.088	0.016	0.016	0.016	11.72	0.0125	-7.199999999999999
inclusion	K	alternative_last_exon	MPRIP	chr17:17161357-17164108	+	0.275	0.275	0.275	0.275	0.163	0.163	0.163	11.7	0.0126	-11.200000000000003
inclusion	N	alternative_acceptor	USF2	chr19:35278793-35278969	+	0.079	0.079	0.079	0.079	0.174	0.174	0.174	11.7	0.0126	9.499999999999998
inclusion	N	cassette	DENND3	chr8:141160632-141160787	+	0.743	0.743	0.743	0.743	0.978	0.978	0.978	11.7	0.0126	23.5
inclusion	K	alternative_first_exon	RBM4	chr11:66638753-66639699,chr11:66638894-66639699	+	0.89	0.89	0.89	0.89	0.959	0.959	0.959	11.7	0.0126	6.8999999999999915
inclusion	K	alternative_last_exon	LZIC	chr1:9930458-9931890	-	0.972	0.972	0.972	0.972	0.843	0.843	0.843	11.67	0.0128	-12.900000000000006
inclusion	K	alternative_acceptor	NOP2	chr12:6566337-6566528	-	0.575	0.575	0.575	0.575	0.406	0.406	0.406	11.67	0.0128	-16.89999999999999
inclusion	K	cassette	MRPL11	chr11:66436816-66436909	-	0.033	0.033	0.033	0.033	0.003	0.003	0.003	11.65	0.0129	-3.0000000000000004
inclusion	K	intron_retention	MRPS7	chr17:75265967-75266192	+	0.943	0.943	0.943	0.943	0.988	0.988	0.988	11.61	0.0132	4.5
inclusion	K	alternative_acceptor	TASOR	chr3:56633967-56638705	-	0.668	0.668	0.668	0.668	0.424	0.424	0.424	11.59	0.0132	-24.4
inclusion	K	alternative_last_exon	RPS3	chr11:75404869-75405613,chr11:75404869-75405582	+	0.988	0.988	0.988	0.988	0.997	0.997	0.997	11.59	0.0132	0.9000000000000057
inclusion	K	cassette	SMYD2	chr1:214305187-214305250	+	0.905	0.905	0.905	0.905	0.988	0.988	0.988	11.59	0.0132	8.299999999999997
inclusion	K	intron_retention	DIDO1	chr20:62914407-62937795	-	0.228	0.228	0.228	0.228	0.022	0.022	0.022	11.59	0.0132	-20.6
inclusion	N	alternative_acceptor	NPRL2	chr3:50350023-50350574	-	0.9	0.9	0.9	0.9	0.987	0.987	0.987	11.59	0.0132	8.700000000000003
inclusion	N	cassette	FLII	chr17:18256526-18256597	-	0.932	0.932	0.932	0.932	0.983	0.983	0.983	11.59	0.0132	5.099999999999994
inclusion	N	cassette	UBAP1	chr9:34220908-34220948	+	0.942	0.942	0.942	0.942	0.996	0.996	0.996	11.58	0.0132	5.400000000000006
inclusion	N	intron_retention	MIR205HG	chr1:209431826-209431946	+	0.187	0.187	0.187	0.187	0.342	0.342	0.342	11.58	0.0132	15.500000000000004
inclusion	K	alternative_first_exon	SNHG32	chr6:31834769-31835410,chr6:31835201-31835410,chr6:31835058-31835410	+	0.976	0.976	0.976	0.976	0.941	0.941	0.941	11.58	0.0132	-3.5
inclusion	K	alternative_donor	WDR4	chr21:42863597-42873550	-	0.439	0.439	0.439	0.439	0.831	0.831	0.831	11.58	0.0132	39.199999999999996
inclusion	K	intron_retention	FAM193B	chr5:177522072-177523956	-	0.089	0.089	0.089	0.089	0.006	0.006	0.006	11.56	0.0133	-8.3
inclusion	N	coord_cassette	ARFGEF2	chr20:48941199-48941229	+	0.615	0.615	0.615	0.615	0.954	0.954	0.954	11.56	0.0133	33.89999999999999
inclusion	K	alternative_acceptor	FAM234A	chr16:259600-259968	+	0.789	0.789	0.789	0.789	0.683	0.683	0.683	11.55	0.0134	-10.599999999999994
inclusion	K	cassette	CDCA7L	chr7:21911617-21911754	-	0.652	0.652	0.652	0.652	0.833	0.833	0.833	11.55	0.0134	18.099999999999994
inclusion	N	alternative_acceptor	MOV10	chr1:112698790-112699457	+	0.039	0.039	0.039	0.039	0.006	0.006	0.006	11.54	0.0134	-3.3
inclusion	K	alternative_acceptor	OGFOD2	chr12:122976971-122978359	+	0.425	0.425	0.425	0.425	0.206	0.206	0.206	11.53	0.0135	-21.900000000000002
inclusion	N	intron_retention	FADS3	chr11:61876456-61877510	-	0.666	0.666	0.666	0.666	0.396	0.396	0.396	11.52	0.0135	-27.000000000000007
inclusion	K	intron_retention	SLC39A13	chr11:47415160-47415287	+	0.25	0.25	0.25	0.25	0.124	0.124	0.124	11.51	0.0136	-12.6
inclusion	N	alternative_acceptor	HDLBP	chr2:241229688-241229832	-	0.925	0.925	0.925	0.925	0.977	0.977	0.977	11.51	0.0136	5.200000000000003
inclusion	N	alternative_donor	CASP8	chr2:201258383-201266486	+	0.769	0.769	0.769	0.769	0.326	0.326	0.326	11.51	0.0136	-44.300000000000004
inclusion	K	alternative_first_exon	LTBR	chr12:6384455-6384587	+	0.857	0.857	0.857	0.857	0.745	0.745	0.745	11.5	0.0136	-11.200000000000003
inclusion	N	cassette	ATP5PB	chr1:111454211-111454356	+	0.927	0.927	0.927	0.927	0.973	0.973	0.973	11.5	0.0136	4.599999999999994
inclusion	N	intron_retention	TYSND1	chr10:70140142-70146532	-	0.832	0.832	0.832	0.832	0.974	0.974	0.974	11.48	0.0138	14.199999999999989
inclusion	N	intron_retention	STEAP1B	chr7:22510730-22511026	.	0.356	0.356	0.356	0.356	0.867	0.867	0.867	11.47	0.0138	51.1
inclusion	N	alternative_donor	TYSND1	chr10:70140142-70145420	-	0.911	0.911	0.911	0.911	0.987	0.987	0.987	11.46	0.0139	7.599999999999994
inclusion	K	alternative_last_exon	PRH1	chr12:10881057-10882216	-	0.33	0.33	0.33	0.33	0.715	0.715	0.715	11.46	0.0139	38.5
inclusion	K	alternative_first_exon	LMBR1L	chr12:49104886-49105923	-	0.923	0.923	0.923	0.923	0.771	0.771	0.771	11.43	0.0141	-15.200000000000003
inclusion	K	intron_retention	MKNK2	chr19:2037830-2040133	-	0.248	0.248	0.248	0.248	0.355	0.355	0.355	11.42	0.0141	10.7
inclusion	N	intron_retention	SERINC2	chr1:31426824-31427300	+	0.383	0.383	0.383	0.383	0.109	0.109	0.109	11.41	0.0142	-27.4
inclusion	K	alternative_last_exon	LTA4H	chr12:96003921-96006313,chr12:96003982-96006313	-	0.883	0.883	0.883	0.883	0.801	0.801	0.801	11.39	0.0143	-8.199999999999989
inclusion	N	alternative_first_exon	S100A13	chr1:153626534-153627482	-	0.78	0.78	0.78	0.78	0.882	0.882	0.882	11.38	0.0144	10.200000000000003
inclusion	K	alternative_first_exon	PABPN1	chr14:23321821-23322180	+	0.87	0.87	0.87	0.87	0.949	0.949	0.949	11.37	0.0145	7.8999999999999915
inclusion	N	alternative_acceptor	PFN2	chr3:149966265-149968357	-	0.832	0.832	0.832	0.832	0.593	0.593	0.593	11.37	0.0145	-23.900000000000006
inclusion	N	cassette	PARP6	chr15:72253714-72253762	-	0.032	0.032	0.032	0.032	0.002	0.002	0.002	11.37	0.0145	-3.0
inclusion	N	cassette	SNHG29	chr17:16460893-16461245	+	0.32	0.32	0.32	0.32	0.57	0.57	0.57	11.37	0.0145	24.999999999999993
inclusion	K	intron_retention	BCL9	chr1:147622532-147623841	+	0.031	0.031	0.031	0.031	0.198	0.198	0.198	11.36	0.0145	16.7
inclusion	N	alternative_acceptor	AUP1	chr2:74528322-74528416	-	0.866	0.866	0.866	0.866	0.961	0.961	0.961	11.34	0.0146	9.5
inclusion	K	alternative_first_exon	LIMS1	chr2:108534595-108659604	+	0.805	0.805	0.805	0.805	0.957	0.957	0.957	11.34	0.0146	15.200000000000003
inclusion	K	alternative_acceptor	NECAB3	chr20:33660004-33660258	-	0.673	0.673	0.673	0.673	0.872	0.872	0.872	11.33	0.0146	19.89999999999999
inclusion	N	cassette	MAP4K4	chr2:101871494-101871685	+	0.386	0.386	0.386	0.386	0.522	0.522	0.522	11.33	0.0147	13.600000000000001
inclusion	K	intron_retention	CELF1	chr11:47468892-47472190	-	0.739	0.739	0.739	0.739	0.565	0.565	0.565	11.32	0.0147	-17.400000000000013
inclusion	N	intron_retention	DDR1	chr6:30899434-30899519	+	0.935	0.935	0.935	0.935	0.973	0.973	0.973	11.32	0.0147	3.799999999999997
inclusion	N	intron_retention	GPR107	chr9:130136901-130137017	+	0.953	0.953	0.953	0.953	0.997	0.997	0.997	11.32	0.0147	4.400000000000006
inclusion	K	alternative_acceptor	POLR2H	chr3:184366801-184368112	+	0.047	0.047	0.047	0.047	0.011	0.011	0.011	11.3	0.0148	-3.6000000000000005
inclusion	N	cassette	CNIH1	chr14:54432108-54432220	-	0.892	0.892	0.892	0.892	0.957	0.957	0.957	11.3	0.0149	6.5
inclusion	K	intron_retention	ZFYVE19	chr15:40813418-40813712	+	0.028	0.028	0.028	0.028	0.002	0.002	0.002	11.27	0.015	-2.6
inclusion	K	cassette	ARHGEF1	chr19:41905175-41905261	+	0.972	0.972	0.972	0.972	0.998	0.998	0.998	11.26	0.0151	2.5999999999999943
inclusion	N	cassette	ARAP1	chr11:72732515-72732597	-	0.552	0.552	0.552	0.552	0.952	0.952	0.952	11.26	0.0151	39.999999999999986
inclusion	K	alternative_last_exon	BMERB1	chr16:15581332-15583155	+	0.87	0.87	0.87	0.87	0.989	0.989	0.989	11.25	0.0152	11.900000000000006
inclusion	K	intron_retention	RETREG2	chr2:219182309-219182413	+	0.87	0.87	0.87	0.87	0.949	0.949	0.949	11.25	0.0152	7.8999999999999915
inclusion	K	alternative_donor	EMC6	chr17:3669013-3669097	+	0.206	0.206	0.206	0.206	0.113	0.113	0.113	11.24	0.0152	-9.299999999999997
inclusion	N	intron_retention	PRKCSH	chr19:11449686-11450645	+	0.876	0.876	0.876	0.876	0.952	0.952	0.952	11.24	0.0152	7.599999999999994
inclusion	K	cassette	NAV2	chr11:20051289-20051333	+	0.31	0.31	0.31	0.31	0.539	0.539	0.539	11.23	0.0153	22.900000000000006
inclusion	K	alternative_first_exon	COQ7	chr16:19068009-19071927,chr16:19068879-19071927	+	0.131	0.131	0.131	0.131	0.012	0.012	0.012	11.23	0.0153	-11.900000000000002
inclusion	K	intron_retention	GLIPR1	chr12:75498721-75498823	+	0.496	0.496	0.496	0.496	0.228	0.228	0.228	11.22	0.0153	-26.8
inclusion	N	cassette	MFF	chr2:227342745-227342819	+	0.081	0.081	0.081	0.081	0.152	0.152	0.152	11.2	0.0154	7.1
inclusion	K	cassette	ZNF516	chr18:76370528-76370595	-	0.762	0.762	0.762	0.762	0.932	0.932	0.932	11.2	0.0155	17.0
inclusion	K	alternative_last_exon	BCCIP	chr10:125833947-125836103	+	0.81	0.81	0.81	0.81	0.611	0.611	0.611	11.19	0.0155	-19.9
inclusion	K	cassette	EIF4E2	chr2:232574263-232574341	+	0.074	0.074	0.074	0.074	0.266	0.266	0.266	11.19	0.0155	19.200000000000003
inclusion	N	alternative_first_exon	CCDC112	chr5:115269001-115269702	-	0.74	0.74	0.74	0.74	0.973	0.973	0.973	11.18	0.0156	23.299999999999997
inclusion	N	alternative_last_exon	SCFD1	chr14:30653589-30658082	+	0.096	0.096	0.096	0.096	0.284	0.284	0.284	11.17	0.0156	18.799999999999997
inclusion	K	alternative_first_exon	SLAIN2	chr4:48394654-48420124	+	0.741	0.741	0.741	0.741	0.87	0.87	0.87	11.17	0.0156	12.900000000000006
inclusion	N	alternative_acceptor	CCN1	chr1:85582625-85582739	+	0.973	0.973	0.973	0.973	0.998	0.998	0.998	11.15	0.0158	2.5
inclusion	N	alternative_first_exon	PDS5B	chr13:32770762-32773188	+	0.508	0.508	0.508	0.508	0.824	0.824	0.824	11.15	0.0158	31.599999999999994
inclusion	N	cassette	AGAP1	chr2:235930765-235930923	+	0.262	0.262	0.262	0.262	0.108	0.108	0.108	11.14	0.0159	-15.400000000000002
inclusion	N	cassette	LLGL1	chr17:18242743-18242822	+	0.879	0.879	0.879	0.879	0.952	0.952	0.952	11.14	0.0159	7.299999999999983
inclusion	N	cassette	WASHC3	chr12:102050518-102050639	-	0.079	0.079	0.079	0.079	0.012	0.012	0.012	11.13	0.0159	-6.7
inclusion	N	cassette	RANGAP1	chr22:41284901-41285153	-	0.097	0.097	0.097	0.097	0.039	0.039	0.039	11.12	0.016	-5.800000000000001
inclusion	K	cassette	VRK3	chr19:50009236-50009385	-	0.951	0.951	0.951	0.951	0.818	0.818	0.818	11.11	0.016	-13.299999999999997
inclusion	K	intron_retention	MUS81	chr11:65864816-65865016	+	0.113	0.113	0.113	0.113	0.032	0.032	0.032	11.11	0.016	-8.100000000000001
inclusion	N	alternative_acceptor	EXOSC5	chr19:41389906-41391840	-	0.971	0.971	0.971	0.971	0.998	0.998	0.998	11.11	0.016	2.700000000000003
inclusion	N	alternative_acceptor	SLC29A2	chr11:66366037-66366125	-	0.069	0.069	0.069	0.069	0.242	0.242	0.242	11.11	0.016	17.299999999999997
inclusion	N	alternative_last_exon	PACS2	chr14:105384988-105389960	+	0.953	0.953	0.953	0.953	0.833	0.833	0.833	11.1	0.0161	-12.0
inclusion	N	cassette	MAPK8IP3	chr16:1744978-1745103	+	0.101	0.101	0.101	0.101	0.286	0.286	0.286	11.1	0.0161	18.499999999999996
inclusion	K	alternative_first_exon	VPS72	chr1:151185951-151190004	-	0.929	0.929	0.929	0.929	0.99	0.99	0.99	11.08	0.0162	6.099999999999994
inclusion	N	alternative_acceptor	FAAP20	chr1:2192077-2192844	-	0.336	0.336	0.336	0.336	0.159	0.159	0.159	11.08	0.0162	-17.700000000000003
inclusion	K	intron_retention	NT5C3B	chr17:41835958-41836181	-	0.878	0.878	0.878	0.878	0.766	0.766	0.766	11.07	0.0162	-11.200000000000003
inclusion	K	intron_retention	SERPINB6	chr6:2959343-2971116	-	0.041	0.041	0.041	0.041	0.003	0.003	0.003	11.07	0.0162	-3.8000000000000007
inclusion	N	cassette	KCNJ15	chr21:38291606-38291747	+	0.237	0.237	0.237	0.237	0.402	0.402	0.402	11.07	0.0162	16.500000000000004
inclusion	N	alternative_acceptor	STUB1	chr16:680685-681151	+	0.96	0.96	0.96	0.96	0.903	0.903	0.903	11.06	0.0163	-5.700000000000003
inclusion	K	alternative_first_exon	EPN3	chr17:50534653-50536420	+	0.618	0.618	0.618	0.618	0.371	0.371	0.371	11.05	0.0164	-24.699999999999996
inclusion	N	cassette	CRTC1	chr19:18774900-18774986	+	0.687	0.687	0.687	0.687	0.881	0.881	0.881	11.05	0.0164	19.39999999999999
inclusion	N	cassette	NOC4L	chr12:132148609-132148659	+	0.911	0.911	0.911	0.911	0.994	0.994	0.994	11.05	0.0164	8.299999999999997
inclusion	K	intron_retention	ELMO3	chr16:67199594-67199683	+	0.096	0.096	0.096	0.096	0.037	0.037	0.037	11.04	0.0164	-5.9
inclusion	K	alternative_last_exon	TXNRD2	chr22:19895201-19895406,chr22:19895321-19895406	-	0.194	0.194	0.194	0.194	0.047	0.047	0.047	11.03	0.0164	-14.700000000000003
inclusion	K	cassette	PLCH2	chr1:2497502-2497609	+	0.633	0.633	0.633	0.633	0.788	0.788	0.788	11.04	0.0164	15.5
inclusion	K	intron_retention	NUDT18	chr8:22107896-22108132	-	0.224	0.224	0.224	0.224	0.06	0.06	0.06	11.03	0.0165	-16.400000000000002
inclusion	K	alternative_first_exon	ATG9A	chr2:219228486-219229009	-	0.512	0.512	0.512	0.512	0.696	0.696	0.696	11.02	0.0165	18.39999999999999
inclusion	K	alternative_first_exon	FAS	chr10:88991213-89003028	+	0.315	0.315	0.315	0.315	0.537	0.537	0.537	11.02	0.0165	22.200000000000003
inclusion	N	alternative_acceptor	WRAP73	chr1:3632339-3633397	-	0.963	0.963	0.963	0.963	0.808	0.808	0.808	11.02	0.0165	-15.499999999999986
inclusion	N	alternative_donor	TAOK2	chr16:29988451-29989592	+	0.555	0.555	0.555	0.555	0.387	0.387	0.387	11.02	0.0165	-16.800000000000004
inclusion	N	alternative_last_exon	BCL2L2	chr14:23308200-23310972,chr14:23308200-23308815	+	0.633	0.633	0.633	0.633	0.868	0.868	0.868	11.02	0.0165	23.5
inclusion	N	alternative_last_exon	HLA-B	chr6:31355593-31356687,chr6:31356443-31356687	-	0.898	0.898	0.898	0.898	0.807	0.807	0.807	11.02	0.0165	-9.099999999999994
inclusion	N	cassette	SLC25A26	chr3:66362860-66362929	+	0.871	0.871	0.871	0.871	0.974	0.974	0.974	11.01	0.0166	10.299999999999997
inclusion	N	cassette	P4HA1	chr10:73044981-73045051	-	0.134	0.134	0.134	0.134	0.245	0.245	0.245	10.99	0.0166	11.1
inclusion	N	alternative_first_exon	UBE2A	chrX:119575401-119582587	+	0.687	0.687	0.687	0.687	0.498	0.498	0.498	10.98	0.0167	-18.900000000000006
inclusion	N	intron_retention	PPP6R2	chr22:50394136-50406734	+	0.936	0.936	0.936	0.936	0.568	0.568	0.568	10.98	0.0168	-36.80000000000001
inclusion	K	cassette	DST	chr6:56463046-56463156	-	0.8	0.8	0.8	0.8	0.953	0.953	0.953	10.96	0.0169	15.299999999999997
inclusion	N	cassette	ASAP2	chr2:9318524-9318598	+	0.914	0.914	0.914	0.914	0.782	0.782	0.782	10.94	0.0171	-13.200000000000003
inclusion	K	alternative_last_exon	SGCE	chr7:94598005-94598774	-	0.089	0.089	0.089	0.089	0.377	0.377	0.377	10.93	0.0171	28.800000000000004
inclusion	K	intron_retention	RPS27	chr1:153990803-153991114	+	0.016	0.016	0.016	0.016	0.007	0.007	0.007	10.93	0.0171	-0.9
inclusion	K	alternative_first_exon	TRIM7	chr5:181203641-181203744	-	0.256	0.256	0.256	0.256	0.101	0.101	0.101	10.92	0.0172	-15.5
inclusion	K	intron_retention	ATAD3B	chr1:1489275-1490256	+	0.159	0.159	0.159	0.159	0.036	0.036	0.036	10.92	0.0172	-12.3
inclusion	N	intron_retention	TRPC4AP	chr20:35002642-35003106	-	0.966	0.966	0.966	0.966	0.998	0.998	0.998	10.92	0.0172	3.200000000000003
inclusion	K	intron_retention	INF2	chr14:104714857-104715283	+	0.025	0.025	0.025	0.025	0.002	0.002	0.002	10.92	0.0172	-2.3
inclusion	N	intron_retention	VPS28	chr8:144425041-144425660	-	0.304	0.304	0.304	0.304	0.788	0.788	0.788	10.91	0.0172	48.4
inclusion	N	alternative_last_exon	PAX8-AS1	chr2:113238213-113259263,chr2:113238213-113255389	+	0.334	0.334	0.334	0.334	0.166	0.166	0.166	10.9	0.0173	-16.799999999999997
inclusion	N	cassette	DPH5	chr1:101001467-101001587	-	0.953	0.953	0.953	0.953	0.863	0.863	0.863	10.89	0.0173	-9.0
inclusion	K	alternative_first_exon	FKBP9	chr7:32979584-32980363	+	0.089	0.089	0.089	0.089	0.027	0.027	0.027	10.89	0.0174	-6.2
inclusion	N	cassette	SCMH1	chr1:41151614-41151684	-	0.826	0.826	0.826	0.826	0.944	0.944	0.944	10.89	0.0174	11.799999999999997
inclusion	K	cassette	RELL2	chr5:141638955-141639021	+	0.907	0.907	0.907	0.907	0.987	0.987	0.987	10.88	0.0174	8.0
inclusion	K	alternative_first_exon	RBM39	chr20:35739018-35740823	-	0.707	0.707	0.707	0.707	0.85	0.85	0.85	10.88	0.0174	14.299999999999997
inclusion	N	intron_retention	MKRN2	chr3:12582343-12583787	+	0.917	0.917	0.917	0.917	0.993	0.993	0.993	10.87	0.0175	7.599999999999994
inclusion	N	alternative_acceptor	CUL9	chr6:43196863-43198608	.	0.974	0.974	0.974	0.974	0.775	0.775	0.775	10.86	0.0175	-19.89999999999999
inclusion	K	mutually_exclusive	ACOX1	chr17:75957567-75960214,chr17:75960376-75978533	-	0.845	0.845	0.845	0.845	0.973	0.973	0.973	10.86	0.0176	12.799999999999997
inclusion	N	alternative_first_exon	TMEM165	chr4:55396397-55424537	+	0.043	0.043	0.043	0.043	0.003	0.003	0.003	10.85	0.0176	-4.0
inclusion	N	cassette	INTS13	chr12:26914408-26914532	-	0.785	0.785	0.785	0.785	0.513	0.513	0.513	10.85	0.0176	-27.199999999999996
inclusion	K	cassette	VPS26A	chr10:69155812-69155887	+	0.913	0.913	0.913	0.913	0.993	0.993	0.993	10.85	0.0176	8.0
inclusion	N	alternative_first_exon	SEPTIN9	chr17:77453997-77482143,chr17:77454450-77482143,chr17:77454364-77482143	+	0.002	0.002	0.002	0.002	0.022	0.022	0.022	10.84	0.0177	1.9999999999999998
inclusion	N	alternative_acceptor	RNF39	chr6:30071692-30073156	-	0.815	0.815	0.815	0.815	0.966	0.966	0.966	10.83	0.0177	15.099999999999994
inclusion	K	alternative_first_exon	PLA2G6	chr22:38126450-38128268	-	0.125	0.125	0.125	0.125	0.408	0.408	0.408	10.82	0.0178	28.299999999999997
inclusion	K	alternative_last_exon	IKBIP	chr12:98626767-98634295	-	0.523	0.523	0.523	0.523	0.753	0.753	0.753	10.82	0.0178	22.999999999999993
inclusion	K	intron_retention	PINK1	chr1:20649232-20650433	+	0.08	0.08	0.08	0.08	0.032	0.032	0.032	10.81	0.0179	-4.8
inclusion	N	alternative_first_exon	PIGF	chr2:46613786-46614936	-	0.972	0.972	0.972	0.972	0.827	0.827	0.827	10.81	0.0179	-14.500000000000014
inclusion	K	alternative_last_exon	MFF	chr2:227325428-227330625,chr2:227325428-227328677	+	0.903	0.903	0.903	0.903	0.982	0.982	0.982	10.8	0.018	7.900000000000006
inclusion	K	intron_retention	PLCD3	chr17:45121131-45121210	-	0.074	0.074	0.074	0.074	0.023	0.023	0.023	10.79	0.0181	-5.1
inclusion	N	intron_retention	PPP1R11	chr6:30067292-30068589	+	0.94	0.94	0.94	0.94	0.995	0.995	0.995	10.78	0.0181	5.5
inclusion	K	alternative_acceptor	TRMT1	chr19:13116432-13116652	-	0.857	0.857	0.857	0.857	0.946	0.946	0.946	10.78	0.0181	8.899999999999991
inclusion	K	cassette	SAV1	chr14:50667382-50667500	-	0.061	0.061	0.061	0.061	0.005	0.005	0.005	10.78	0.0181	-5.6
inclusion	K	cassette	TBC1D5	chr3:17428450-17428519	-	0.895	0.895	0.895	0.895	0.99	0.99	0.99	10.77	0.0181	9.5
inclusion	K	intron_retention	SMARCD3	chr7:151240248-151240424	-	0.093	0.093	0.093	0.093	0.017	0.017	0.017	10.78	0.0181	-7.6000000000000005
inclusion	N	alternative_acceptor	NSFL1C	chr20:1445831-1452492	-	0.977	0.977	0.977	0.977	0.998	0.998	0.998	10.78	0.0181	2.0999999999999943
inclusion	N	alternative_donor	MLXIP	chr12:122130934-122132291	+	0.951	0.951	0.951	0.951	0.992	0.992	0.992	10.76	0.0182	4.1000000000000085
inclusion	K	alternative_acceptor	METTL17	chr14:20990599-20992091	+	0.113	0.113	0.113	0.113	0.046	0.046	0.046	10.74	0.0183	-6.700000000000001
inclusion	N	cassette	CMC1	chr3:28253731-28253765	+	0.032	0.032	0.032	0.032	0.096	0.096	0.096	10.74	0.0183	6.3999999999999995
inclusion	N	cassette	POLB	chr8:42350007-42350065	+	0.906	0.906	0.906	0.906	0.982	0.982	0.982	10.75	0.0183	7.599999999999994
inclusion	K	alternative_last_exon	THOC3	chr5:175960133-175961050	-	0.998	0.998	0.998	0.998	0.976	0.976	0.976	10.73	0.0184	-2.200000000000003
inclusion	K	intron_retention	HYI	chr1:43453498-43453594	-	0.128	0.128	0.128	0.128	0.02	0.02	0.02	10.73	0.0184	-10.8
inclusion	N	alternative_acceptor	RALGDS	chr9:133109722-133110295	-	0.312	0.312	0.312	0.312	0.54	0.54	0.54	10.73	0.0184	22.8
inclusion	K	alternative_last_exon	ANG	chr14:20684759-20693546	+	0.667	0.667	0.667	0.667	0.784	0.784	0.784	10.72	0.0185	11.700000000000003
inclusion	N	cassette	NUTM2A-AS1	chr10:87330892-87331096	-	0.114	0.114	0.114	0.114	0.031	0.031	0.031	10.71	0.0186	-8.3
inclusion	N	alternative_acceptor	GLT8D1	chr3:52695588-52695927	-	0.987	0.987	0.987	0.987	0.908	0.908	0.908	10.7	0.0187	-7.900000000000006
inclusion	N	alternative_first_exon	COPS5	chr8:67059446-67062105,chr8:67059446-67061853	-	0.883	0.883	0.883	0.883	0.957	0.957	0.957	10.7	0.0187	7.400000000000006
inclusion	K	cassette	AGAP3	chr7:151139979-151140116	+	0.609	0.609	0.609	0.609	0.791	0.791	0.791	10.69	0.0187	18.20000000000001
inclusion	K	intron_retention	ADCK5	chr8:144391712-144391782	+	0.373	0.373	0.373	0.373	0.065	0.065	0.065	10.69	0.0187	-30.799999999999997
inclusion	K	intron_retention	SYNCRIP	chr6:85612924-85614980	-	0.107	0.107	0.107	0.107	0.039	0.039	0.039	10.69	0.0187	-6.799999999999999
inclusion	N	cassette	AIG1	chr6:143284110-143284225	+	0.828	0.828	0.828	0.828	0.917	0.917	0.917	10.69	0.0187	8.900000000000006
inclusion	K	alternative_donor	CLK3	chr15:74622217-74622493	+	0.959	0.959	0.959	0.959	0.794	0.794	0.794	10.68	0.0188	-16.499999999999986
inclusion	K	alternative_last_exon	ZNF174	chr16:3404649-3408320	+	0.987	0.987	0.987	0.987	0.877	0.877	0.877	10.67	0.0188	-11.0
inclusion	N	alternative_first_exon	C12orf10	chr12:53306061-53306197	+	0.991	0.991	0.991	0.991	0.955	0.955	0.955	10.67	0.0188	-3.5999999999999943
inclusion	K	intron_retention	GMPR2	chr14:24238406-24238588	+	0.073	0.073	0.073	0.073	0.027	0.027	0.027	10.66	0.0189	-4.6
inclusion	K	alternative_first_exon	MAGOHB	chr12:10610681-10612639	-	0.161	0.161	0.161	0.161	0.021	0.021	0.021	10.66	0.0189	-14.000000000000002
inclusion	K	intron_retention	GLIPR1	chr12:75495663-75498693	+	0.323	0.323	0.323	0.323	0.128	0.128	0.128	10.64	0.0191	-19.500000000000004
inclusion	K	intron_retention	RARG	chr12:53231236-53231390	-	0.595	0.595	0.595	0.595	0.338	0.338	0.338	10.63	0.0192	-25.699999999999996
inclusion	K	alternative_acceptor	NOP56	chr20:2657219-2657372	+	0.069	0.069	0.069	0.069	0.018	0.018	0.018	10.61	0.0193	-5.1000000000000005
inclusion	K	cassette	PPT1	chr1:40076842-40076913	-	0.966	0.966	0.966	0.966	0.997	0.997	0.997	10.61	0.0193	3.1000000000000085
inclusion	K	alternative_first_exon	ACOT7	chr1:6349867-6385493	-	0.723	0.723	0.723	0.723	0.819	0.819	0.819	10.61	0.0193	9.599999999999994
inclusion	K	intron_retention	APTX	chr9:32987732-32988082	-	0.185	0.185	0.185	0.185	0.331	0.331	0.331	10.61	0.0193	14.600000000000001
inclusion	N	cassette	PLD2	chr17:4807984-4808114	+	0.864	0.864	0.864	0.864	0.976	0.976	0.976	10.6	0.0194	11.199999999999989
inclusion	K	alternative_last_exon	PHLPP2	chr16:71650045-71652789	-	0.515	0.515	0.515	0.515	0.247	0.247	0.247	10.59	0.0195	-26.8
inclusion	K	cassette	BZW2	chr7:16685924-16686040	+	0.941	0.941	0.941	0.941	0.992	0.992	0.992	10.59	0.0195	5.1000000000000085
inclusion	K	alternative_last_exon	WLS	chr1:68126336-68137779	-	0.898	0.898	0.898	0.898	0.957	0.957	0.957	10.59	0.0195	5.900000000000006
inclusion	K	alternative_first_exon	TNIP1	chr5:151063748-151064959	-	0.878	0.878	0.878	0.878	0.937	0.937	0.937	10.59	0.0195	5.900000000000006
inclusion	K	intron_retention	EPHX1	chr1:225844624-225845145	+	0.061	0.061	0.061	0.061	0.015	0.015	0.015	10.58	0.0195	-4.6
inclusion	N	alternative_first_exon	AC118549.1	chr1:77584656-77631849	-	0.848	0.848	0.848	0.848	0.967	0.967	0.967	10.57	0.0196	11.900000000000006
inclusion	N	alternative_acceptor	TM2D2	chr8:38995406-38996212	-	0.761	0.761	0.761	0.761	0.887	0.887	0.887	10.57	0.0196	12.600000000000009
inclusion	N	alternative_donor	SEMA4F	chr2:74675385-74675524	+	0.882	0.882	0.882	0.882	0.989	0.989	0.989	10.56	0.0197	10.700000000000003
inclusion	K	alternative_last_exon	KLHL5	chr4:39115331-39121009	+	0.939	0.939	0.939	0.939	0.851	0.851	0.851	10.56	0.0197	-8.799999999999997
inclusion	K	intron_retention	WDTC1	chr1:27303796-27305058	+	0.978	0.978	0.978	0.978	0.806	0.806	0.806	10.56	0.0197	-17.19999999999999
inclusion	N	alternative_last_exon	TNC	chr9:115064920-115073602	-	0.684	0.684	0.684	0.684	0.868	0.868	0.868	10.54	0.0198	18.39999999999999
inclusion	K	intron_retention	RGMB	chr5:98770674-98773952	+	0.705	0.705	0.705	0.705	0.971	0.971	0.971	10.54	0.0198	26.599999999999994
inclusion	K	intron_retention	EIF5	chr14:103334261-103334388	+	0.165	0.165	0.165	0.165	0.015	0.015	0.015	10.53	0.0199	-15.0
inclusion	K	intron_retention	SUN1	chr7:849604-849922	+	0.053	0.053	0.053	0.053	0.008	0.008	0.008	10.53	0.0199	-4.5
inclusion	N	cassette	ARHGAP17	chr16:25013863-25013956	-	0.021	0.021	0.021	0.021	0.113	0.113	0.113	10.51	0.0201	9.200000000000001
inclusion	K	intron_retention	SULF2	chr20:47656444-47657251	-	0.956	0.956	0.956	0.956	0.794	0.794	0.794	10.51	0.0201	-16.19999999999999
inclusion	N	cassette	MRPL33	chr2:27774424-27774530	+	0.643	0.643	0.643	0.643	0.512	0.512	0.512	10.5	0.0202	-13.099999999999994
inclusion	K	cassette	GEMIN8	chrX:14026052-14026221	-	0.518	0.518	0.518	0.518	0.735	0.735	0.735	10.5	0.0202	21.699999999999996
inclusion	K	intron_retention	SMYD5	chr2:73218970-73220050	+	0.089	0.089	0.089	0.089	0.023	0.023	0.023	10.5	0.0202	-6.6000000000000005
inclusion	N	cassette	COX7B	chrX:77901744-77901867	+	0.059	0.059	0.059	0.059	0.019	0.019	0.019	10.49	0.0202	-3.9999999999999996
inclusion	N	intron_retention	SEMA4F	chr2:74675260-74675524	+	0.744	0.744	0.744	0.744	0.974	0.974	0.974	10.49	0.0202	22.999999999999986
inclusion	N	alternative_last_exon	IL32	chr16:3065495-3065783,chr16:3065495-3065780	+	0.851	0.851	0.851	0.851	0.945	0.945	0.945	10.49	0.0202	9.400000000000006
inclusion	N	intron_retention	KHDC4	chr1:155913446-155914216	-	0.931	0.931	0.931	0.931	0.778	0.778	0.778	10.48	0.0202	-15.300000000000011
inclusion	K	intron_retention	CTNND1	chr11:57762047-57795576	+	0.366	0.366	0.366	0.366	0.528	0.528	0.528	10.48	0.0203	16.200000000000003
inclusion	K	cassette	CYP20A1	chr2:203272670-203272748	+	0.729	0.729	0.729	0.729	0.969	0.969	0.969	10.47	0.0203	24.0
inclusion	N	cassette	CSNK1A1	chr5:149517794-149517877	-	0.126	0.126	0.126	0.126	0.065	0.065	0.065	10.47	0.0203	-6.1
inclusion	N	intron_retention	VPS9D1	chr16:89716820-89719026	-	0.685	0.685	0.685	0.685	0.345	0.345	0.345	10.47	0.0203	-34.0
inclusion	K	cassette	IL17RA	chr22:17105853-17105954	+	0.969	0.969	0.969	0.969	0.859	0.859	0.859	10.46	0.0204	-10.999999999999986
inclusion	K	mutually_exclusive	PLD3	chr19:40348725-40365552,chr19:40365586-40366418	+	0.914	0.914	0.914	0.914	0.586	0.586	0.586	10.46	0.0205	-32.80000000000001
inclusion	N	alternative_donor	TRIM7	chr5:181195678-181198182	-	0.891	0.891	0.891	0.891	0.963	0.963	0.963	10.45	0.0205	7.200000000000003
inclusion	N	cassette	KMT5C	chr19:55343978-55343997	+	0.903	0.903	0.903	0.903	0.701	0.701	0.701	10.45	0.0205	-20.200000000000003
inclusion	K	alternative_first_exon	ERBIN	chr5:66075231-66076315	+	0.823	0.823	0.823	0.823	0.629	0.629	0.629	10.44	0.0206	-19.4
inclusion	K	intron_retention	DPP7	chr9:137112231-137112744	-	0.056	0.056	0.056	0.056	0.014	0.014	0.014	10.44	0.0206	-4.2
inclusion	K	cassette	LAS1L	chrX:65533610-65533735	-	0.74	0.74	0.74	0.74	0.594	0.594	0.594	10.43	0.0206	-14.600000000000001
inclusion	N	alternative_last_exon	SYS1-DBNDD2	chr20:45365687-45408459	+	0.044	0.044	0.044	0.044	0.006	0.006	0.006	10.42	0.0207	-3.7999999999999994
inclusion	N	alternative_last_exon	SYS1	chr20:45365687-45366874	+	0.956	0.956	0.956	0.956	0.994	0.994	0.994	10.42	0.0207	3.8000000000000114
inclusion	K	cassette	EEF2KMT	chr16:5091794-5091895	-	0.645	0.645	0.645	0.645	0.854	0.854	0.854	10.4	0.0209	20.89999999999999
inclusion	K	intron_retention	UBR4	chr1:19104667-19105047	-	0.045	0.045	0.045	0.045	0.004	0.004	0.004	10.41	0.0209	-4.1
inclusion	N	cassette	CDC16	chr13:114265150-114265240	+	0.954	0.954	0.954	0.954	0.996	0.996	0.996	10.39	0.021	4.200000000000003
inclusion	N	cassette	MEGF8	chr19:42358787-42358954	+	0.211	0.211	0.211	0.211	0.051	0.051	0.051	10.38	0.0211	-15.999999999999998
inclusion	K	alternative_last_exon	PRDM2	chr1:13782832-13786514	+	0.962	0.962	0.962	0.962	0.784	0.784	0.784	10.37	0.0211	-17.799999999999997
inclusion	K	alternative_acceptor	HECTD1	chr14:31129449-31133237	-	0.733	0.733	0.733	0.733	0.522	0.522	0.522	10.36	0.0213	-21.099999999999994
inclusion	N	alternative_first_exon	GINS1	chr20:25418196-25425210	+	0.786	0.786	0.786	0.786	0.981	0.981	0.981	10.35	0.0213	19.499999999999986
inclusion	N	cassette	NAPA	chr19:47503423-47503502	-	0.93	0.93	0.93	0.93	0.985	0.985	0.985	10.36	0.0213	5.5
inclusion	N	cassette	FUZ	chr19:49812615-49812736	-	0.732	0.732	0.732	0.732	0.538	0.538	0.538	10.35	0.0214	-19.4
inclusion	K	alternative_last_exon	PPHLN1	chr12:42441430-42442640	+	0.007	0.007	0.007	0.007	0.03	0.03	0.03	10.34	0.0215	2.3
inclusion	N	alternative_acceptor	SQSTM1	chr5:179833669-179836435	+	0.72	0.72	0.72	0.72	0.937	0.937	0.937	10.33	0.0215	21.700000000000003
inclusion	K	intron_retention	SOD2	chr6:159679299-159682473	-	0.647	0.647	0.647	0.647	0.796	0.796	0.796	10.32	0.0216	14.900000000000006
inclusion	N	cassette	PDCD4	chr10:110876670-110876753	+	0.045	0.045	0.045	0.045	0.008	0.008	0.008	10.32	0.0217	-3.7
inclusion	K	alternative_first_exon	LRRFIP1	chr2:237769819-237769942	+	0.243	0.243	0.243	0.243	0.57	0.57	0.57	10.29	0.0219	32.69999999999999
inclusion	K	intron_retention	FAHD2A	chr2:95402873-95405552	+	0.265	0.265	0.265	0.265	0.136	0.136	0.136	10.29	0.0219	-12.899999999999999
inclusion	N	alternative_first_exon	AKT1	chr14:104792723-104795483	-	0.208	0.208	0.208	0.208	0.413	0.413	0.413	10.29	0.0219	20.499999999999996
inclusion	N	intron_retention	SSH3	chr11:67306963-67307370	+	0.346	0.346	0.346	0.346	0.136	0.136	0.136	10.29	0.0219	-20.999999999999993
inclusion	K	alternative_first_exon	MST1R	chr3:49895881-49895960	-	0.596	0.596	0.596	0.596	0.372	0.372	0.372	10.29	0.0219	-22.39999999999999
inclusion	N	alternative_acceptor	RGS12	chr4:3420719-3421909	+	0.051	0.051	0.051	0.051	0.006	0.006	0.006	10.28	0.0219	-4.5
inclusion	N	alternative_last_exon	RHOT2	chr16:670558-670695,chr16:670558-670674	+	0.822	0.822	0.822	0.822	0.918	0.918	0.918	10.28	0.022	9.600000000000009
inclusion	N	intron_retention	AL162231.2	chr9:34681218-34682179	+	0.821	0.821	0.821	0.821	0.97	0.97	0.97	10.27	0.022	14.900000000000006
inclusion	N	alternative_acceptor	IFFO1	chr12:6541854-6548064	-	0.041	0.041	0.041	0.041	0.007	0.007	0.007	10.27	0.0221	-3.4000000000000004
inclusion	N	alternative_first_exon	FBLIM1	chr1:15777288-15784547	+	0.94	0.94	0.94	0.94	0.991	0.991	0.991	10.27	0.0221	5.099999999999994
inclusion	K	alternative_first_exon	CASC4	chr15:44403055-44413335	+	0.572	0.572	0.572	0.572	0.78	0.78	0.78	10.26	0.0221	20.800000000000004
inclusion	K	alternative_first_exon	PDCD5	chr19:32581701-32582194	+	0.301	0.301	0.301	0.301	0.194	0.194	0.194	10.26	0.0221	-10.699999999999996
inclusion	N	cassette	FIS1	chr7:101244007-101244139	-	0.918	0.918	0.918	0.918	0.969	0.969	0.969	10.26	0.0221	5.099999999999994
inclusion	N	cassette	MTCH2	chr11:47625674-47625741	-	0.899	0.899	0.899	0.899	0.953	0.953	0.953	10.26	0.0221	5.3999999999999915
inclusion	K	cassette	ZNHIT1	chr7:101218319-101218485	+	0.059	0.059	0.059	0.059	0.02	0.02	0.02	10.26	0.0221	-3.8999999999999995
inclusion	N	alternative_last_exon	SAP30BP	chr17:75671864-75690670	+	0.03	0.03	0.03	0.03	0.003	0.003	0.003	10.26	0.0221	-2.7
inclusion	N	cassette	CFAP410	chr21:44335758-44335804	-	0.77	0.77	0.77	0.77	0.393	0.393	0.393	10.25	0.0222	-37.699999999999996
inclusion	N	cassette	MISP	chr19:761625-761663	+	0.915	0.915	0.915	0.915	0.831	0.831	0.831	10.24	0.0222	-8.400000000000006
inclusion	K	alternative_last_exon	SEPTIN8	chr5:132758557-132760801,chr5:132758825-132760801	-	0.862	0.862	0.862	0.862	0.929	0.929	0.929	10.23	0.0224	6.700000000000003
inclusion	K	alternative_last_exon	ZNF691	chr1:42849414-42849564	+	0.045	0.045	0.045	0.045	0.218	0.218	0.218	10.23	0.0224	17.3
inclusion	K	alternative_last_exon	SLAIN2	chr4:48383785-48394575	+	0.647	0.647	0.647	0.647	0.799	0.799	0.799	10.22	0.0224	15.200000000000003
inclusion	N	alternative_donor	NUDT18	chr8:22107896-22108066	-	0.131	0.131	0.131	0.131	0.02	0.02	0.02	10.22	0.0224	-11.100000000000001
inclusion	K	cassette	ROBO1	chr3:78647629-78647655	-	0.315	0.315	0.315	0.315	0.533	0.533	0.533	10.2	0.0227	21.800000000000004
inclusion	N	alternative_acceptor	SEC14L1	chr17:77214020-77214378	+	0.962	0.962	0.962	0.962	0.86	0.86	0.86	10.2	0.0227	-10.200000000000003
inclusion	N	alternative_last_exon	MICAL2	chr11:12259898-12275985,chr11:12259898-12275982	+	0.311	0.311	0.311	0.311	0.547	0.547	0.547	10.19	0.0227	23.6
inclusion	K	alternative_last_exon	SRPX	chrX:38154584-38156895	-	0.941	0.941	0.941	0.941	0.995	0.995	0.995	10.19	0.0227	5.400000000000006
inclusion	K	intron_retention	RBM3	chrX:48575668-48576313	+	0.027	0.027	0.027	0.027	0.003	0.003	0.003	10.18	0.0227	-2.4000000000000004
inclusion	K	alternative_first_exon	PLEK2	chr14:67390747-67392661	-	0.471	0.471	0.471	0.471	0.782	0.782	0.782	10.18	0.0228	31.10000000000001
inclusion	K	intron_retention	FAM122B	chrX:134771355-134772142	-	0.765	0.765	0.765	0.765	0.979	0.979	0.979	10.18	0.0228	21.39999999999999
inclusion	N	alternative_last_exon	CHEK1	chr11:125635534-125637448	+	0.918	0.918	0.918	0.918	0.704	0.704	0.704	10.16	0.023	-21.400000000000006
inclusion	N	cassette	EBPL	chr13:49669777-49669846	-	0.585	0.585	0.585	0.585	0.457	0.457	0.457	10.16	0.023	-12.799999999999997
inclusion	K	cassette	PSMD13	chr11:238998-239076	+	0.977	0.977	0.977	0.977	0.998	0.998	0.998	10.15	0.0231	2.0999999999999943
inclusion	K	cassette	ASAP2	chr2:9391062-9391196	+	0.329	0.329	0.329	0.329	0.173	0.173	0.173	10.14	0.0231	-15.600000000000001
inclusion	K	alternative_acceptor	SERF2	chr15:43793084-43793709	+	0.968	0.968	0.968	0.968	0.988	0.988	0.988	10.14	0.0232	2.0
inclusion	K	alternative_acceptor	AC244153.1	chr17:38451828-38452317	-	0.961	0.961	0.961	0.961	0.822	0.822	0.822	10.14	0.0232	-13.900000000000006
inclusion	K	intron_retention	CCDC97	chr19:41320471-41322594	+	0.04	0.04	0.04	0.04	0.003	0.003	0.003	10.12	0.0233	-3.7
inclusion	N	alternative_acceptor	DCAF4	chr14:72956501-72958611	+	0.969	0.969	0.969	0.969	0.83	0.83	0.83	10.12	0.0233	-13.899999999999991
inclusion	K	cassette	RAC1	chr7:6398662-6398718	+	0.051	0.051	0.051	0.051	0.019	0.019	0.019	10.11	0.0235	-3.1999999999999997
inclusion	N	alternative_acceptor	PRNP	chr20:4686513-4699210	+	0.779	0.779	0.779	0.779	0.962	0.962	0.962	10.1	0.0236	18.299999999999997
inclusion	N	alternative_last_exon	ZNF79	chr9:127413973-127447679,chr9:127413973-127447676,chr9:127413973-127447673	.	0.441	0.441	0.441	0.441	0.069	0.069	0.069	10.09	0.0237	-37.2
inclusion	K	cassette	INTS13	chr12:26914408-26914578	-	0.88	0.88	0.88	0.88	0.678	0.678	0.678	10.08	0.0237	-20.19999999999999
inclusion	N	alternative_first_exon	CYREN	chr7:135169061-135170651,chr7:135169061-135170398,chr7:135169061-135170275	-	0.884	0.884	0.884	0.884	0.766	0.766	0.766	10.08	0.0237	-11.800000000000011
inclusion	N	alternative_donor	DHX32	chr10:125881072-125885364	-	0.101	0.101	0.101	0.101	0.348	0.348	0.348	10.08	0.0237	24.699999999999996
inclusion	K	cassette	PPP3CA	chr4:101063232-101063357	-	0.99	0.99	0.99	0.99	0.94	0.94	0.94	10.08	0.0238	-5.0
inclusion	K	alternative_donor	TMCO6	chr5:140639613-140639738	+	0.4	0.4	0.4	0.4	0.612	0.612	0.612	10.08	0.0238	21.199999999999996
inclusion	K	intron_retention	KXD1	chr19:18560551-18562035	+	0.157	0.157	0.157	0.157	0.041	0.041	0.041	10.07	0.0238	-11.599999999999998
inclusion	K	alternative_last_exon	NAB2	chr12:57093196-57093406	+	0.868	0.868	0.868	0.868	0.95	0.95	0.95	10.05	0.024	8.200000000000003
inclusion	K	cassette	FBXO25	chr8:432886-432935	+	0.896	0.896	0.896	0.896	0.765	0.765	0.765	10.05	0.024	-13.100000000000009
inclusion	N	intron_retention	ARL4C	chr2:234495396-234495554	-	0.898	0.898	0.898	0.898	0.99	0.99	0.99	10.05	0.024	9.200000000000003
inclusion	K	alternative_donor	THBS3	chr1:155202961-155203085	-	0.681	0.681	0.681	0.681	0.965	0.965	0.965	10.04	0.0241	28.39999999999999
inclusion	K	alternative_first_exon	SERPINA1	chr14:94383242-94388559	-	0.938	0.938	0.938	0.938	0.858	0.858	0.858	10.04	0.0242	-8.0
inclusion	K	alternative_acceptor	ZFP90	chr16:68558125-68558374	+	0.125	0.125	0.125	0.125	0.019	0.019	0.019	10.03	0.0242	-10.6
inclusion	K	intron_retention	AL162258.2	chr1:153634111-153634242	-	0.888	0.888	0.888	0.888	0.969	0.969	0.969	10.02	0.0243	8.099999999999994
inclusion	N	cassette	DIAPH1	chr5:141571428-141571436	-	0.932	0.932	0.932	0.932	0.721	0.721	0.721	10.02	0.0243	-21.10000000000001
inclusion	N	cassette	NAP1L4	chr11:2949227-2949264	-	0.26	0.26	0.26	0.26	0.161	0.161	0.161	10.02	0.0243	-9.899999999999999
inclusion	K	intron_retention	PNKP	chr19:49873303-49877236	-	0.635	0.635	0.635	0.635	0.475	0.475	0.475	10	0.0245	-16.0
inclusion	K	intron_retention	P3H4	chr17:41808005-41809705	-	0.031	0.031	0.031	0.031	0.003	0.003	0.003	10	0.0245	-2.8000000000000003
inclusion	N	alternative_acceptor	ADARB1	chr21:45222108-45222760	+	0.883	0.883	0.883	0.883	0.586	0.586	0.586	10	0.0245	-29.700000000000003
inclusion	K	intron_retention	RHOT2	chr16:671001-671082	+	0.267	0.267	0.267	0.267	0.129	0.129	0.129	9.99	0.0246	-13.800000000000002
inclusion	K	intron_retention	SLC16A5	chr17:75088045-75089150	+	0.718	0.718	0.718	0.718	0.386	0.386	0.386	9.99	0.0246	-33.199999999999996
inclusion	N	cassette	MFSD10	chr4:2932351-2932409	-	0.904	0.904	0.904	0.904	0.819	0.819	0.819	9.99	0.0246	-8.500000000000014
inclusion	K	cassette	TUBGCP4	chr15:43399112-43399174	+	0.057	0.057	0.057	0.057	0.005	0.005	0.005	9.97	0.0247	-5.2
inclusion	K	intron_retention	TGOLN2	chr2:85326805-85326978	-	0.747	0.747	0.747	0.747	0.871	0.871	0.871	9.97	0.0247	12.399999999999991
inclusion	N	intron_retention	IRF9	chr14:24162325-24163070	+	0.906	0.906	0.906	0.906	0.694	0.694	0.694	9.97	0.0247	-21.200000000000017
inclusion	K	alternative_first_exon	RTN2	chr19:45489554-45493159	-	0.26	0.26	0.26	0.26	0.437	0.437	0.437	9.97	0.0248	17.700000000000003
inclusion	K	intron_retention	AC245041.2	chr10:47985988-47991679	-	0.904	0.904	0.904	0.904	0.706	0.706	0.706	9.96	0.0248	-19.80000000000001
inclusion	K	alternative_last_exon	SMAD4	chr18:51076777-51078255	+	0.909	0.909	0.909	0.909	0.991	0.991	0.991	9.96	0.0248	8.199999999999989
inclusion	K	intron_retention	TBCE	chr1:235442912-235448348	+	0.156	0.156	0.156	0.156	0.045	0.045	0.045	9.96	0.0249	-11.1
inclusion	N	alternative_last_exon	BCL2L2-PABPN1	chr14:23308200-23319734	+	0.354	0.354	0.354	0.354	0.132	0.132	0.132	9.95	0.025	-22.199999999999996
inclusion	K	alternative_acceptor	PLPPR2	chr19:11356977-11357618	+	0.132	0.132	0.132	0.132	0.009	0.009	0.009	9.95	0.025	-12.3
inclusion	N	alternative_acceptor	MAP4	chr3:47852939-47853162	-	0.332	0.332	0.332	0.332	0.233	0.233	0.233	9.94	0.025	-9.900000000000002
inclusion	K	cassette	TERF1	chr8:73030336-73030395	+	0.393	0.393	0.393	0.393	0.647	0.647	0.647	9.93	0.0251	25.4
inclusion	K	cassette	SETD5	chr3:9436850-9436888	+	0.183	0.183	0.183	0.183	0.08	0.08	0.08	9.93	0.0252	-10.3
inclusion	K	cassette	INSIG1	chr7:155303825-155303895	+	0.113	0.113	0.113	0.113	0.225	0.225	0.225	9.91	0.0253	11.2
inclusion	K	cassette	NRM	chr6:30689276-30689452	-	0.612	0.612	0.612	0.612	0.842	0.842	0.842	9.91	0.0253	23.000000000000007
inclusion	N	cassette	EAF1	chr3:15432087-15432223	+	0.913	0.913	0.913	0.913	0.767	0.767	0.767	9.91	0.0254	-14.599999999999994
inclusion	K	cassette	KLHDC10	chr7:130096921-130097007	+	0.308	0.308	0.308	0.308	0.702	0.702	0.702	9.9	0.0255	39.39999999999999
inclusion	K	cassette	NMRAL1	chr16:4471314-4471449	-	0.113	0.113	0.113	0.113	0.038	0.038	0.038	9.89	0.0256	-7.500000000000001
inclusion	K	alternative_last_exon	PITPNM1	chr11:67504222-67505187	-	0.941	0.941	0.941	0.941	0.995	0.995	0.995	9.88	0.0256	5.400000000000006
inclusion	N	intron_retention	IER5	chr1:181088746-181089292	+	0.996	0.996	0.996	0.996	0.954	0.954	0.954	9.87	0.0258	-4.200000000000003
inclusion	N	alternative_donor	PHYKPL	chr5:178208916-178210859	-	0.385	0.385	0.385	0.385	0.26	0.26	0.26	9.87	0.0258	-12.5
inclusion	K	cassette	TFIP11	chr22:26511119-26511195	-	0.072	0.072	0.072	0.072	0.014	0.014	0.014	9.86	0.0259	-5.799999999999999
inclusion	N	cassette	JAG2	chr14:105150991-105151104	-	0.599	0.599	0.599	0.599	0.484	0.484	0.484	9.85	0.026	-11.5
inclusion	K	alternative_first_exon	TRIM33	chr1:114397861-114397939	-	0.804	0.804	0.804	0.804	0.581	0.581	0.581	9.85	0.026	-22.30000000000001
inclusion	N	alternative_acceptor	YY1AP1	chr1:155668778-155670319	-	0.679	0.679	0.679	0.679	0.491	0.491	0.491	9.84	0.0262	-18.800000000000004
inclusion	K	alternative_acceptor	PCK2	chr14:24103256-24103509	+	0.955	0.955	0.955	0.955	0.895	0.895	0.895	9.84	0.0262	-6.0
inclusion	K	intron_retention	GALE	chr1:23799437-23800386	-	0.209	0.209	0.209	0.209	0.483	0.483	0.483	9.83	0.0262	27.4
inclusion	N	alternative_acceptor	AJM1	chr9:136848284-136849110	+	0.77	0.77	0.77	0.77	0.613	0.613	0.613	9.82	0.0263	-15.700000000000003
inclusion	N	intron_retention	SEC23IP	chr10:119940793-119941111	+	0.91	0.91	0.91	0.91	0.714	0.714	0.714	9.82	0.0263	-19.60000000000001
inclusion	N	cassette	TFDP2	chr3:142054115-142054149	-	0.256	0.256	0.256	0.256	0.521	0.521	0.521	9.82	0.0263	26.5
inclusion	N	alternative_last_exon	ZMIZ1	chr10:79307572-79310923	+	0.568	0.568	0.568	0.568	0.704	0.704	0.704	9.82	0.0264	13.599999999999994
inclusion	N	alternative_acceptor	CLK3	chr15:74620226-74622493	+	0.027	0.027	0.027	0.027	0.143	0.143	0.143	9.81	0.0264	11.599999999999998
inclusion	N	cassette	STK39	chr2:168065319-168065381	-	0.579	0.579	0.579	0.579	0.452	0.452	0.452	9.81	0.0265	-12.699999999999996
inclusion	K	cassette	MAP3K7	chr6:90544552-90544632	-	0.245	0.245	0.245	0.245	0.397	0.397	0.397	9.8	0.0265	15.200000000000003
inclusion	K	cassette	CGGBP1	chr3:88057191-88057292	-	0.077	0.077	0.077	0.077	0.179	0.179	0.179	9.8	0.0265	10.2
inclusion	N	cassette	PPP6R3	chr11:68522494-68522689	+	0.117	0.117	0.117	0.117	0.021	0.021	0.021	9.8	0.0265	-9.600000000000001
inclusion	K	cassette	NFIA	chr1:61426465-61426556	+	0.674	0.674	0.674	0.674	0.923	0.923	0.923	9.79	0.0266	24.900000000000006
inclusion	K	coord_cassette	OPA1	chr3:193617178-193617285	+	0.578	0.578	0.578	0.578	0.902	0.902	0.902	9.79	0.0266	32.400000000000006
inclusion	K	intron_retention	SPATS2L	chr2:200472993-200477635	+	0.588	0.588	0.588	0.588	0.733	0.733	0.733	9.79	0.0266	14.5
inclusion	N	intron_retention	nogene	chr19:3119302-3121078	-	0.846	0.846	0.846	0.846	0.939	0.939	0.939	9.79	0.0266	9.299999999999997
inclusion	K	intron_retention	RPL7A	chr9:133350320-133350596	+	0.004	0.004	0.004	0.004	0.001	0.001	0.001	9.78	0.0266	-0.30000000000000004
inclusion	K	intron_retention	STARD3	chr17:39658027-39658404	+	0.039	0.039	0.039	0.039	0.003	0.003	0.003	9.78	0.0266	-3.6
inclusion	N	alternative_acceptor	IMMT	chr2:86171346-86173649	-	0.366	0.366	0.366	0.366	0.231	0.231	0.231	9.78	0.0266	-13.5
inclusion	N	alternative_donor	GLUL	chr1:182388751-182391174	-	0.023	0.023	0.023	0.023	0.006	0.006	0.006	9.76	0.0268	-1.6999999999999997
inclusion	K	intron_retention	PTHLH	chr12:27958569-27963347	-	0.274	0.274	0.274	0.274	0.179	0.179	0.179	9.75	0.027	-9.500000000000004
inclusion	N	cassette	SLC66A3	chr2:11174968-11175009	+	0.433	0.433	0.433	0.433	0.659	0.659	0.659	9.74	0.0271	22.60000000000001
inclusion	N	alternative_acceptor	TRIM33	chr1:114397861-114399456	-	0.419	0.419	0.419	0.419	0.692	0.692	0.692	9.74	0.0271	27.29999999999999
inclusion	K	intron_retention	BRD1	chr22:49787495-49794033	-	0.04	0.04	0.04	0.04	0.206	0.206	0.206	9.74	0.0271	16.599999999999998
inclusion	K	intron_retention	RNF126	chr19:648976-649678	-	0.029	0.029	0.029	0.029	0.004	0.004	0.004	9.74	0.0271	-2.5000000000000004
inclusion	K	alternative_donor	TYK2	chr19:10353099-10353527	-	0.863	0.863	0.863	0.863	0.988	0.988	0.988	9.73	0.0271	12.5
inclusion	N	cassette	ECHDC2	chr1:52906519-52906611	-	0.126	0.126	0.126	0.126	0.257	0.257	0.257	9.73	0.0271	13.1
inclusion	N	cassette	ZNF385A	chr12:54384859-54385002	-	0.068	0.068	0.068	0.068	0.025	0.025	0.025	9.73	0.0271	-4.300000000000001
inclusion	K	intron_retention	ACADVL	chr17:7220047-7220121	+	0.048	0.048	0.048	0.048	0.014	0.014	0.014	9.73	0.0272	-3.3999999999999995
inclusion	N	cassette	SLBP	chr4:1703596-1703700	-	0.911	0.911	0.911	0.911	0.983	0.983	0.983	9.71	0.0274	7.199999999999989
inclusion	K	intron_retention	SLC25A39	chr17:44323578-44324710	-	0.067	0.067	0.067	0.067	0.023	0.023	0.023	9.71	0.0274	-4.4
inclusion	N	cassette	ADAMTSL5	chr19:1511625-1511727	-	0.424	0.424	0.424	0.424	0.837	0.837	0.837	9.71	0.0274	41.300000000000004
inclusion	N	cassette	KYAT1	chr9:128847433-128847643	-	0.304	0.304	0.304	0.304	0.095	0.095	0.095	9.71	0.0274	-20.9
inclusion	K	alternative_donor	NT5C3B	chr17:41835958-41836078	-	0.832	0.832	0.832	0.832	0.697	0.697	0.697	9.7	0.0275	-13.500000000000014
inclusion	K	alternative_first_exon	PLEC	chr8:143938693-143939349	-	0.768	0.768	0.768	0.768	0.664	0.664	0.664	9.7	0.0275	-10.399999999999991
inclusion	N	alternative_donor	ACTA2	chr10:88948954-88991021	-	0.175	0.175	0.175	0.175	0.323	0.323	0.323	9.7	0.0275	14.800000000000004
inclusion	N	alternative_acceptor	TARBP1	chr1:234409574-234410444	-	0.386	0.386	0.386	0.386	0.125	0.125	0.125	9.68	0.0277	-26.1
inclusion	N	alternative_donor	UBAC1	chr9:135955416-135961028	-	0.07	0.07	0.07	0.07	0.01	0.01	0.01	9.68	0.0277	-6.000000000000001
inclusion	K	intron_retention	C2orf27A	chr2:131722649-131733832	+	0.513	0.513	0.513	0.513	0.224	0.224	0.224	9.67	0.0278	-28.900000000000002
inclusion	N	cassette	FAM189B	chr1:155254400-155254456	-	0.588	0.588	0.588	0.588	0.704	0.704	0.704	9.67	0.0278	11.599999999999994
inclusion	N	alternative_last_exon	TBRG4	chr7:45104710-45105440	-	0.931	0.931	0.931	0.931	0.976	0.976	0.976	9.65	0.028	4.499999999999986
inclusion	K	alternative_acceptor	TMEM39A	chr3:119462149-119463335	-	0.946	0.946	0.946	0.946	0.743	0.743	0.743	9.65	0.0281	-20.299999999999997
inclusion	K	alternative_last_exon	PREP	chr6:105323112-105323664	-	0.352	0.352	0.352	0.352	0.254	0.254	0.254	9.64	0.0282	-9.799999999999997
inclusion	K	alternative_first_exon	KPTN	chr19:47475545-47476114	-	0.025	0.025	0.025	0.025	0.157	0.157	0.157	9.64	0.0282	13.2
inclusion	N	alternative_donor	SLC52A2	chr8:144359066-144359187	+	0.779	0.779	0.779	0.779	0.424	0.424	0.424	9.64	0.0282	-35.50000000000001
inclusion	N	cassette	ZNF561-AS1	chr19:9626784-9626860	+	0.362	0.362	0.362	0.362	0.528	0.528	0.528	9.63	0.0282	16.60000000000001
inclusion	N	cassette	PXN	chr12:120216273-120216581	-	0.125	0.125	0.125	0.125	0.045	0.045	0.045	9.62	0.0284	-8.0
inclusion	K	alternative_acceptor	CELF1	chr11:47468892-47472190	-	0.137	0.137	0.137	0.137	0.235	0.235	0.235	9.61	0.0284	9.799999999999999
inclusion	K	alternative_first_exon	NADK	chr1:1756609-1756778,chr1:1756609-1756738	-	0.089	0.089	0.089	0.089	0.018	0.018	0.018	9.61	0.0284	-7.1000000000000005
inclusion	K	alternative_last_exon	MRPL35	chr2:86210614-86212425	+	0.66	0.66	0.66	0.66	0.418	0.418	0.418	9.62	0.0284	-24.200000000000003
inclusion	K	cassette	CHID1	chr11:893427-893519	-	0.618	0.618	0.618	0.618	0.742	0.742	0.742	9.61	0.0284	12.400000000000006
inclusion	K	cassette	USP28	chr11:113834249-113834335	-	0.841	0.841	0.841	0.841	0.982	0.982	0.982	9.61	0.0284	14.100000000000009
inclusion	K	intron_retention	MAN2C1	chr15:75359426-75359619	-	0.188	0.188	0.188	0.188	0.058	0.058	0.058	9.61	0.0284	-13.0
inclusion	K	intron_retention	TMEM8B	chr9:35829392-35829876	+	0.704	0.704	0.704	0.704	0.939	0.939	0.939	9.62	0.0284	23.5
inclusion	N	cassette	TTC39C	chr18:24064140-24064188	+	0.726	0.726	0.726	0.726	0.972	0.972	0.972	9.61	0.0284	24.60000000000001
inclusion	N	intron_retention	CD151	chr11:838368-838450	+	0.973	0.973	0.973	0.973	0.998	0.998	0.998	9.61	0.0284	2.5
inclusion	K	cassette	BBX	chr3:107789787-107789876	+	0.752	0.752	0.752	0.752	0.554	0.554	0.554	9.59	0.0286	-19.799999999999997
inclusion	N	alternative_acceptor	DGKZ	chr11:46377213-46377294	+	0.186	0.186	0.186	0.186	0.101	0.101	0.101	9.59	0.0286	-8.5
inclusion	N	cassette	EMC1	chr1:19231261-19231422	-	0.99	0.99	0.99	0.99	0.944	0.944	0.944	9.59	0.0286	-4.6000000000000085
inclusion	K	alternative_last_exon	CCDC112	chr5:115269799-115271212	-	0.71	0.71	0.71	0.71	0.965	0.965	0.965	9.58	0.0287	25.5
inclusion	K	intron_retention	ELOB	chr16:2771605-2771993	-	0.906	0.906	0.906	0.906	0.992	0.992	0.992	9.58	0.0287	8.599999999999994
inclusion	K	intron_retention	VARS2	chr6:30914345-30914804	+	0.26	0.26	0.26	0.26	0.07	0.07	0.07	9.58	0.0287	-19.0
inclusion	K	alternative_last_exon	MAGOHB	chr12:10612979-10613438	-	0.151	0.151	0.151	0.151	0.021	0.021	0.021	9.58	0.0287	-13.0
inclusion	N	cassette	PHYKPL	chr5:178231405-178231523	-	0.876	0.876	0.876	0.876	0.977	0.977	0.977	9.57	0.0288	10.100000000000009
inclusion	K	alternative_first_exon	CCT2	chr12:69586010-69586269	+	0.038	0.038	0.038	0.038	0.006	0.006	0.006	9.57	0.0288	-3.1999999999999997
inclusion	N	alternative_donor	PSMD14	chr2:161318874-161367477	+	0.951	0.951	0.951	0.951	0.876	0.876	0.876	9.56	0.0289	-7.5
inclusion	K	alternative_first_exon	PPP1R7	chr2:241153605-241157806	+	0.907	0.907	0.907	0.907	0.975	0.975	0.975	9.56	0.0289	6.799999999999997
inclusion	K	alternative_last_exon	YEATS2	chr3:183790981-183793115	+	0.084	0.084	0.084	0.084	0.192	0.192	0.192	9.55	0.0291	10.799999999999999
inclusion	K	intron_retention	SPNS1	chr16:28974864-28975100	+	0.883	0.883	0.883	0.883	0.774	0.774	0.774	9.55	0.0291	-10.899999999999991
inclusion	K	alternative_acceptor	HMGA2	chr12:65838570-65914719	+	0.124	0.124	0.124	0.124	0.029	0.029	0.029	9.54	0.0291	-9.5
inclusion	K	alternative_first_exon	C11orf49	chr11:46987311-47052387	+	0.902	0.902	0.902	0.902	0.977	0.977	0.977	9.54	0.0291	7.5
inclusion	K	intron_retention	API5	chr11:43335995-43342427	+	0.029	0.029	0.029	0.029	0.143	0.143	0.143	9.54	0.0291	11.399999999999999
inclusion	N	intron_retention	MTSS1	chr8:124553665-124555741	-	0.848	0.848	0.848	0.848	0.668	0.668	0.668	9.54	0.0291	-18.0
inclusion	K	coord_cassette	SF3A3	chr1:37987573-37987678	-	0.956	0.956	0.956	0.956	0.993	0.993	0.993	9.53	0.0292	3.700000000000003
inclusion	K	intron_retention	MAN2C1	chr15:75356686-75356792	-	0.137	0.137	0.137	0.137	0.042	0.042	0.042	9.53	0.0292	-9.5
inclusion	K	alternative_first_exon	ZNF768	chr16:30526052-30526325	-	0.864	0.864	0.864	0.864	0.775	0.775	0.775	9.53	0.0292	-8.900000000000006
inclusion	K	cassette	ZFAND3	chr6:38003691-38003783	+	0.039	0.039	0.039	0.039	0.006	0.006	0.006	9.52	0.0293	-3.3
inclusion	K	alternative_first_exon	FBXL16	chr16:695077-695215	-	0.056	0.056	0.056	0.056	0.007	0.007	0.007	9.51	0.0294	-4.9
inclusion	K	intron_retention	BCS1L	chr2:218660483-218660938	+	0.41	0.41	0.41	0.41	0.845	0.845	0.845	9.51	0.0294	43.5
inclusion	N	alternative_first_exon	SLC39A6	chr18:36124701-36126218	-	0.819	0.819	0.819	0.819	0.703	0.703	0.703	9.51	0.0294	-11.599999999999994
inclusion	K	alternative_last_exon	SLC16A3	chr17:82237894-82238701	+	0.981	0.981	0.981	0.981	0.999	0.999	0.999	9.5	0.0296	1.8000000000000114
inclusion	K	intron_retention	HDDC3	chr15:90931406-90931703	-	0.103	0.103	0.103	0.103	0.046	0.046	0.046	9.5	0.0296	-5.699999999999999
inclusion	N	intron_retention	PLD3	chr19:40348769-40365856	+	0.959	0.959	0.959	0.959	0.852	0.852	0.852	9.5	0.0296	-10.699999999999989
inclusion	N	cassette	MICAL3	chr22:17822947-17823060	-	0.768	0.768	0.768	0.768	0.964	0.964	0.964	9.49	0.0296	19.599999999999994
inclusion	N	cassette	RAP1A	chr1:111627470-111627563	+	0.262	0.262	0.262	0.262	0.029	0.029	0.029	9.48	0.0298	-23.300000000000004
inclusion	K	alternative_acceptor	METTL15	chr11:28290398-28296752	+	0.762	0.762	0.762	0.762	0.322	0.322	0.322	9.46	0.0301	-44.0
inclusion	K	intron_retention	SEC14L1	chr17:77214020-77216548	+	0.969	0.969	0.969	0.969	0.884	0.884	0.884	9.45	0.0302	-8.499999999999986
inclusion	N	cassette	EEFSEC	chr3:128264617-128264781	+	0.886	0.886	0.886	0.886	0.954	0.954	0.954	9.45	0.0302	6.799999999999997
inclusion	N	alternative_acceptor	CAMSAP3	chr19:7611587-7611686	+	0.923	0.923	0.923	0.923	0.691	0.691	0.691	9.45	0.0302	-23.200000000000017
inclusion	N	cassette	VPS16	chr20:2862579-2862710	+	0.839	0.839	0.839	0.839	0.929	0.929	0.929	9.44	0.0303	9.000000000000014
inclusion	K	alternative_acceptor	TKFC	chr11:61333330-61333548	+	0.248	0.248	0.248	0.248	0.115	0.115	0.115	9.44	0.0304	-13.3
inclusion	K	cassette	UCHL3	chr13:75589938-75590129	+	0.044	0.044	0.044	0.044	0.008	0.008	0.008	9.43	0.0304	-3.5999999999999996
inclusion	N	intron_retention	RPL18A	chr19:17860220-17861291	.	0.332	0.332	0.332	0.332	0.097	0.097	0.097	9.43	0.0304	-23.5
inclusion	K	alternative_first_exon	LETMD1	chr12:51052208-51053777,chr12:51052247-51053777	+	0.887	0.887	0.887	0.887	0.96	0.96	0.96	9.43	0.0305	7.299999999999997
inclusion	N	alternative_acceptor	CCDC61	chr19:46003502-46006558	+	0.797	0.797	0.797	0.797	0.982	0.982	0.982	9.43	0.0305	18.5
inclusion	K	intron_retention	ZXDC	chr3:126441947-126459652	-	0.477	0.477	0.477	0.477	0.226	0.226	0.226	9.41	0.0306	-25.099999999999994
inclusion	K	cassette	ARHGAP12	chr10:31839637-31839711	-	0.476	0.476	0.476	0.476	0.174	0.174	0.174	9.4	0.0308	-30.199999999999996
inclusion	K	intron_retention	EIF4A2	chr3:186788417-186789124	+	0.473	0.473	0.473	0.473	0.251	0.251	0.251	9.4	0.0308	-22.199999999999996
inclusion	K	intron_retention	HNRNPF	chr10:43396591-43409089	-	0.269	0.269	0.269	0.269	0.58	0.58	0.58	9.4	0.0308	31.09999999999999
inclusion	K	cassette	TPP2	chr13:102651359-102651397	+	0.107	0.107	0.107	0.107	0.295	0.295	0.295	9.4	0.0308	18.8
inclusion	N	cassette	ALKBH3	chr11:43892041-43892129	+	0.714	0.714	0.714	0.714	0.85	0.85	0.85	9.39	0.0309	13.600000000000009
inclusion	N	cassette	FOXK2	chr17:82568054-82568201	+	0.954	0.954	0.954	0.954	0.992	0.992	0.992	9.39	0.0309	3.8000000000000114
inclusion	K	intron_retention	RPP30	chr10:90900669-90902242	+	0.429	0.429	0.429	0.429	0.231	0.231	0.231	9.38	0.031	-19.799999999999997
inclusion	N	alternative_first_exon	BX890604.2	chrX:3822581-3825087	-	0.238	0.238	0.238	0.238	0.618	0.618	0.618	9.38	0.031	38.0
inclusion	N	alternative_acceptor	GMPR2	chr14:24232848-24233218	+	0.854	0.854	0.854	0.854	0.74	0.74	0.74	9.37	0.0311	-11.399999999999991
inclusion	N	alternative_donor	CHST3	chr10:71965476-72005735	+	0.26	0.26	0.26	0.26	0.084	0.084	0.084	9.35	0.0315	-17.6
inclusion	K	intron_retention	MAP3K9	chr14:70738399-70740041	-	0.203	0.203	0.203	0.203	0.024	0.024	0.024	9.34	0.0316	-17.900000000000002
inclusion	K	alternative_first_exon	ASXL1	chr20:32430054-32431320	+	0.684	0.684	0.684	0.684	0.824	0.824	0.824	9.34	0.0316	13.999999999999986
inclusion	K	cassette	ZCCHC17	chr1:31318167-31318236	+	0.058	0.058	0.058	0.058	0.012	0.012	0.012	9.34	0.0316	-4.6000000000000005
inclusion	K	alternative_acceptor	XRRA1	chr11:74843960-74844167	-	0.657	0.657	0.657	0.657	0.93	0.93	0.93	9.33	0.0317	27.299999999999997
inclusion	K	intron_retention	CIB2	chr15:78105333-78105738	-	0.027	0.027	0.027	0.027	0.109	0.109	0.109	9.33	0.0317	8.2
inclusion	N	alternative_donor	SSH3	chr11:67306963-67307370	+	0.232	0.232	0.232	0.232	0.368	0.368	0.368	9.33	0.0317	13.599999999999994
inclusion	K	alternative_last_exon	LEPR	chr1:65425379-65565545	+	0.177	0.177	0.177	0.177	0.029	0.029	0.029	9.32	0.0319	-14.799999999999999
inclusion	N	cassette	WDR82	chr3:52270712-52270809	-	0.943	0.943	0.943	0.943	0.989	0.989	0.989	9.31	0.0319	4.6000000000000085
inclusion	K	alternative_acceptor	TCAIM	chr3:44361519-44367455	+	0.273	0.273	0.273	0.273	0.03	0.03	0.03	9.3	0.032	-24.3
inclusion	N	cassette	C12orf49	chr12:116723067-116723223	-	0.786	0.786	0.786	0.786	0.943	0.943	0.943	9.31	0.032	15.699999999999989
inclusion	K	alternative_first_exon	FN1	chr2:215391815-215392930	-	0.302	0.302	0.302	0.302	0.233	0.233	0.233	9.3	0.032	-6.899999999999999
inclusion	K	alternative_acceptor	ROBO1	chr3:78636109-78639743	-	0.772	0.772	0.772	0.772	0.593	0.593	0.593	9.3	0.0321	-17.900000000000006
inclusion	K	intron_retention	ZXDC	chr3:126459738-126461534	-	0.572	0.572	0.572	0.572	0.319	0.319	0.319	9.3	0.0321	-25.299999999999994
inclusion	K	alternative_first_exon	OPA1	chr3:193626203-193631611	+	0.424	0.424	0.424	0.424	0.683	0.683	0.683	9.29	0.0321	25.900000000000013
inclusion	K	intron_retention	UPP1	chr7:48107508-48108217	+	0.01	0.01	0.01	0.01	0.046	0.046	0.046	9.29	0.0322	3.5999999999999996
inclusion	K	alternative_last_exon	SETD3	chr14:99410216-99412950	-	0.055	0.055	0.055	0.055	0.154	0.154	0.154	9.28	0.0323	9.9
inclusion	N	alternative_acceptor	MAGED2	chrX:54814776-54815247	+	0.92	0.92	0.92	0.92	0.988	0.988	0.988	9.28	0.0323	6.799999999999997
inclusion	N	alternative_last_exon	NPC2	chr14:74480289-74480701	-	0.971	0.971	0.971	0.971	0.994	0.994	0.994	9.28	0.0323	2.3000000000000114
inclusion	K	alternative_last_exon	ZRANB2	chr1:71065753-71066775	-	0.613	0.613	0.613	0.613	0.818	0.818	0.818	9.28	0.0323	20.5
inclusion	K	alternative_donor	TMEM94	chr17:75491901-75492473	+	0.65	0.65	0.65	0.65	0.478	0.478	0.478	9.27	0.0323	-17.200000000000003
inclusion	K	cassette	APTX	chr9:32980066-32980460	-	0.068	0.068	0.068	0.068	0.016	0.016	0.016	9.27	0.0323	-5.200000000000001
inclusion	K	intron_retention	MAGED2	chrX:54815691-54815880	+	0.149	0.149	0.149	0.149	0.23	0.23	0.23	9.28	0.0323	8.100000000000001
inclusion	K	intron_retention	PPIF	chr10:79352393-79353706	+	0.033	0.033	0.033	0.033	0.003	0.003	0.003	9.27	0.0323	-3.0000000000000004
inclusion	K	cassette	KDM6A	chrX:45062647-45062748	+	0.539	0.539	0.539	0.539	0.268	0.268	0.268	9.27	0.0324	-27.100000000000005
inclusion	K	intron_retention	SCNN1A	chr12:6355379-6355776	-	0.449	0.449	0.449	0.449	0.285	0.285	0.285	9.26	0.0324	-16.400000000000002
inclusion	K	intron_retention	SMIM29	chr6:34247865-34248978	-	0.203	0.203	0.203	0.203	0.093	0.093	0.093	9.26	0.0325	-11.0
inclusion	N	cassette	RALGAPB	chr20:38570769-38570847	+	0.871	0.871	0.871	0.871	0.978	0.978	0.978	9.25	0.0325	10.700000000000003
inclusion	K	intron_retention	GSTP1	chr11:67585242-67586388	+	0.319	0.319	0.319	0.319	0.034	0.034	0.034	9.25	0.0325	-28.5
inclusion	K	intron_retention	SDCBP2	chr20:1312763-1313339	-	0.023	0.023	0.023	0.023	0.002	0.002	0.002	9.25	0.0325	-2.0999999999999996
inclusion	K	intron_retention	TMEM41B	chr11:9281042-9283370	-	0.586	0.586	0.586	0.586	0.884	0.884	0.884	9.24	0.0327	29.80000000000001
inclusion	N	alternative_acceptor	DMKN	chr19:35510641-35511410	-	0.582	0.582	0.582	0.582	0.768	0.768	0.768	9.24	0.0327	18.6
inclusion	K	alternative_first_exon	PHLDB2	chr3:111845936-111884063	+	0.542	0.542	0.542	0.542	0.743	0.743	0.743	9.23	0.0328	20.099999999999994
inclusion	N	alternative_first_exon	PDGFC	chr4:156772894-156810836	-	0.938	0.938	0.938	0.938	0.994	0.994	0.994	9.23	0.0328	5.6000000000000085
inclusion	N	intron_retention	PTHLH	chr12:27972614-27972709	-	0.872	0.872	0.872	0.872	0.685	0.685	0.685	9.23	0.0328	-18.700000000000003
inclusion	K	alternative_donor	DMKN	chr19:35497682-35498597	-	0.354	0.354	0.354	0.354	0.153	0.153	0.153	9.22	0.0328	-20.1
inclusion	K	intron_retention	MAP4	chr3:47852939-47853162	-	0.528	0.528	0.528	0.528	0.638	0.638	0.638	9.22	0.0328	11.0
inclusion	K	mutually_exclusive	P4HA1	chr10:73030371-73043886,chr10:73043958-73046924	-	0.848	0.848	0.848	0.848	0.741	0.741	0.741	9.22	0.0328	-10.700000000000003
inclusion	N	alternative_acceptor	IGF2R	chr6:160046646-160046891	+	0.031	0.031	0.031	0.031	0.006	0.006	0.006	9.22	0.0328	-2.5
inclusion	N	intron_retention	ANXA8L1	chr10:46391008-46391129	+	0.793	0.793	0.793	0.793	0.888	0.888	0.888	9.22	0.0328	9.5
inclusion	N	intron_retention	nogene	chr16:56609058-56683957	+	0.109	0.109	0.109	0.109	0.04	0.04	0.04	9.22	0.0328	-6.9
inclusion	N	alternative_acceptor	POGLUT1	chr3:119491575-119491762	+	0.2	0.2	0.2	0.2	0.429	0.429	0.429	9.21	0.033	22.9
inclusion	N	alternative_last_exon	SPTAN1	chr9:128627499-128627924	+	0.685	0.685	0.685	0.685	0.815	0.815	0.815	9.21	0.033	13.0
inclusion	N	cassette	NBR2	chr17:43131208-43131270	+	0.572	0.572	0.572	0.572	0.94	0.94	0.94	9.2	0.0331	36.800000000000004
inclusion	K	cassette	NTAN1	chr16:15047997-15048099	-	0.808	0.808	0.808	0.808	0.922	0.922	0.922	9.2	0.0331	11.399999999999991
inclusion	K	alternative_first_exon	COPS7A	chr12:6724331-6724613,chr12:6724379-6724613,chr12:6724369-6724613	+	0.084	0.084	0.084	0.084	0.008	0.008	0.008	9.19	0.0332	-7.6000000000000005
inclusion	N	alternative_last_exon	POLG	chr15:89317472-89318540,chr15:89317477-89318540,chr15:89317537-89318540	-	0.938	0.938	0.938	0.938	0.989	0.989	0.989	9.19	0.0332	5.1000000000000085
inclusion	K	intron_retention	NLRP1	chr17:5584104-5584292	-	0.459	0.459	0.459	0.459	0.788	0.788	0.788	9.19	0.0333	32.9
inclusion	K	coord_cassette	DGUOK	chr2:73950585-73950732	+	0.269	0.269	0.269	0.269	0.395	0.395	0.395	9.18	0.0334	12.599999999999998
inclusion	N	alternative_donor	TM9SF4	chr20:32143106-32145090	+	0.962	0.962	0.962	0.962	0.991	0.991	0.991	9.18	0.0334	2.8999999999999915
inclusion	N	cassette	SCMH1	chr1:41033983-41034048	-	0.611	0.611	0.611	0.611	0.777	0.777	0.777	9.18	0.0334	16.6
inclusion	N	cassette	HNRNPA1	chr12:54283079-54283234	+	0.078	0.078	0.078	0.078	0.05	0.05	0.05	9.16	0.0336	-2.8
inclusion	K	alternative_acceptor	KCTD15	chr19:33811553-33811790	+	0.113	0.113	0.113	0.113	0.277	0.277	0.277	9.16	0.0336	16.400000000000002
inclusion	N	alternative_acceptor	RPL17-C18orf32	chr18:49491585-49492457	-	0.73	0.73	0.73	0.73	0.629	0.629	0.629	9.15	0.0337	-10.100000000000001
inclusion	N	cassette	TBC1D14	chr4:7006632-7006726	+	0.897	0.897	0.897	0.897	0.958	0.958	0.958	9.15	0.0338	6.099999999999994
inclusion	N	cassette	SSBP3	chr1:54258069-54258149	-	0.089	0.089	0.089	0.089	0.167	0.167	0.167	9.14	0.0339	7.799999999999999
inclusion	K	cassette	MARVELD2	chr5:69424601-69424636	+	0.823	0.823	0.823	0.823	0.934	0.934	0.934	9.14	0.0339	11.100000000000009
inclusion	K	cassette	PROSER2	chr10:11862912-11863042	+	0.151	0.151	0.151	0.151	0.08	0.08	0.08	9.14	0.0339	-7.1
inclusion	K	intron_retention	PINK1	chr1:20648633-20648994	+	0.083	0.083	0.083	0.083	0.036	0.036	0.036	9.14	0.0339	-4.700000000000001
inclusion	N	alternative_donor	nogene	chr9:135925188-135933056	-	0.674	0.674	0.674	0.674	0.904	0.904	0.904	9.14	0.0339	23.0
inclusion	K	alternative_first_exon	LAMB3	chr1:209650982-209651087	-	0.021	0.021	0.021	0.021	0.035	0.035	0.035	9.11	0.0343	1.4000000000000004
inclusion	N	alternative_acceptor	ZBTB44	chr11:130238554-130239811	-	0.247	0.247	0.247	0.247	0.49	0.49	0.49	9.11	0.0343	24.3
inclusion	N	cassette	NDUFV3	chr21:42896927-42897047	+	0.951	0.951	0.951	0.951	0.993	0.993	0.993	9.11	0.0343	4.200000000000003
inclusion	N	alternative_donor	ZNF783	chr7:149285956-149287564	+	0.443	0.443	0.443	0.443	0.78	0.78	0.78	9.1	0.0345	33.7
inclusion	K	intron_retention	VDR	chr12:47882775-47904954	-	0.083	0.083	0.083	0.083	0.008	0.008	0.008	9.09	0.0346	-7.500000000000001
inclusion	K	alternative_first_exon	BRI3	chr7:98281938-98282350	+	0.976	0.976	0.976	0.976	0.998	0.998	0.998	9.09	0.0346	2.200000000000003
inclusion	K	intron_retention	ZC3H11A	chr1:203795795-203801574	+	0.357	0.357	0.357	0.357	0.661	0.661	0.661	9.09	0.0346	30.400000000000013
inclusion	N	alternative_acceptor	MLST8	chr16:2207346-2208209	+	0.937	0.937	0.937	0.937	0.835	0.835	0.835	9.09	0.0346	-10.200000000000003
inclusion	K	alternative_first_exon	CALM1	chr14:90397155-90400064,chr14:90397234-90400064	+	0.928	0.928	0.928	0.928	0.976	0.976	0.976	9.08	0.0347	4.799999999999983
inclusion	K	alternative_last_exon	RNASE4	chr14:20684759-20699354	+	0.327	0.327	0.327	0.327	0.217	0.217	0.217	9.08	0.0347	-11.000000000000004
inclusion	K	alternative_last_exon	TXNRD1	chr12:104287110-104288930	+	0.551	0.551	0.551	0.551	0.786	0.786	0.786	9.08	0.0347	23.500000000000007
inclusion	K	cassette	MGRN1	chr16:4677463-4677572	+	0.895	0.895	0.895	0.895	0.991	0.991	0.991	9.08	0.0347	9.599999999999994
inclusion	K	intron_retention	CLDND1	chr3:98515833-98516799	-	0.93	0.93	0.93	0.93	0.993	0.993	0.993	9.08	0.0347	6.299999999999997
inclusion	K	intron_retention	LPCAT3	chr12:6978690-6979470	-	0.185	0.185	0.185	0.185	0.09	0.09	0.09	9.08	0.0347	-9.5
inclusion	N	alternative_acceptor	nogene	chr1:16981246-16981513	-	0.206	0.206	0.206	0.206	0.075	0.075	0.075	9.08	0.0347	-13.099999999999998
inclusion	N	intron_retention	MZT2A	chr2:131492025-131492719	-	0.868	0.868	0.868	0.868	0.679	0.679	0.679	9.07	0.0347	-18.89999999999999
inclusion	K	alternative_donor	ENGASE	chr17:79082878-79083019	+	0.538	0.538	0.538	0.538	0.269	0.269	0.269	9.07	0.0347	-26.900000000000002
inclusion	N	intron_retention	ITPRID2	chr2:181915415-181915921	+	0.866	0.866	0.866	0.866	0.976	0.976	0.976	9.07	0.0347	11.0
inclusion	N	alternative_donor	KF456478.1	chr19:3121285-3121387	-	0.425	0.425	0.425	0.425	0.66	0.66	0.66	9.06	0.0348	23.5
inclusion	N	cassette	CSNK2A2	chr16:58184260-58184310	-	0.957	0.957	0.957	0.957	0.99	0.99	0.99	9.06	0.0348	3.299999999999997
inclusion	N	cassette	TBCD	chr17:82756165-82756215	+	0.98	0.98	0.98	0.98	0.892	0.892	0.892	9.06	0.0348	-8.799999999999997
inclusion	K	intron_retention	MAN2B1	chr19:12655880-12656570	-	0.023	0.023	0.023	0.023	0.068	0.068	0.068	9.06	0.0348	4.500000000000001
inclusion	N	cassette	BORCS8-MEF2B	chr19:19180686-19180761	-	0.77	0.77	0.77	0.77	0.925	0.925	0.925	9.05	0.0348	15.5
inclusion	N	intron_retention	TNS4	chr17:40487458-40488545	-	0.288	0.288	0.288	0.288	0.122	0.122	0.122	9.06	0.0348	-16.599999999999998
inclusion	K	intron_retention	TPTEP1	chr22:16614179-16614698	+	0.638	0.638	0.638	0.638	0.776	0.776	0.776	9.05	0.0349	13.800000000000004
inclusion	K	intron_retention	BBS2	chr16:56470615-56484760	-	0.979	0.979	0.979	0.979	0.911	0.911	0.911	9.04	0.035	-6.799999999999983
inclusion	K	coord_cassette	DROSHA	chr5:31515454-31515564	-	0.794	0.794	0.794	0.794	0.979	0.979	0.979	9.04	0.035	18.499999999999986
inclusion	K	intron_retention	A1BG-AS1	chr19:58353858-58354368	+	0.691	0.691	0.691	0.691	0.489	0.489	0.489	9.04	0.035	-20.199999999999996
inclusion	N	alternative_acceptor	ATG9A	chr2:219224855-219225070	-	0.964	0.964	0.964	0.964	0.997	0.997	0.997	9.04	0.0351	3.3000000000000114
inclusion	N	intron_retention	nogene	chrX:154359625-154361377	+	0.955	0.955	0.955	0.955	0.814	0.814	0.814	9.03	0.0351	-14.100000000000009
inclusion	N	alternative_acceptor	IWS1	chr2:127503577-127504683	-	0.855	0.855	0.855	0.855	0.981	0.981	0.981	9.03	0.0351	12.599999999999994
inclusion	K	alternative_acceptor	METTL26	chr16:635064-635280	-	0.194	0.194	0.194	0.194	0.115	0.115	0.115	9.03	0.0352	-7.900000000000002
inclusion	N	alternative_donor	KRT18	chr12:52950012-52950327	+	0.023	0.023	0.023	0.023	0.005	0.005	0.005	9.02	0.0352	-1.7999999999999998
inclusion	N	alternative_last_exon	AC138696.1	chr8:143251341-143274719,chr8:143251341-143274703	+	0.252	0.252	0.252	0.252	0.025	0.025	0.025	9.02	0.0352	-22.7
inclusion	N	intron_retention	GSDMD	chr8:143557405-143557425	+	0.924	0.924	0.924	0.924	0.69	0.69	0.69	9.02	0.0352	-23.400000000000006
inclusion	N	alternative_donor	TXNDC5	chr6:7882660-7884358	-	0.104	0.104	0.104	0.104	0.011	0.011	0.011	9.02	0.0352	-9.3
inclusion	K	alternative_first_exon	DUSP10	chr1:221706467-221738933	-	0.937	0.937	0.937	0.937	0.992	0.992	0.992	9.01	0.0353	5.5
inclusion	N	alternative_donor	HIRA	chr22:19407275-19408273	-	0.33	0.33	0.33	0.33	0.178	0.178	0.178	9.01	0.0353	-15.2
inclusion	K	cassette	IKBKB	chr8:42288634-42288728	+	0.755	0.755	0.755	0.755	0.949	0.949	0.949	9.01	0.0353	19.39999999999999
inclusion	N	cassette	CDK5RAP1	chr20:33394032-33394066	-	0.88	0.88	0.88	0.88	0.978	0.978	0.978	9	0.0355	9.799999999999997
inclusion	K	alternative_donor	STAMBP	chr2:73845037-73845166	+	0.042	0.042	0.042	0.042	0.007	0.007	0.007	9	0.0355	-3.5
inclusion	K	alternative_last_exon	PRKX	chrX:3611335-3612176	-	0.637	0.637	0.637	0.637	0.475	0.475	0.475	8.99	0.0356	-16.200000000000003
inclusion	K	cassette	FUBP1	chr1:77969022-77969084	-	0.126	0.126	0.126	0.126	0.048	0.048	0.048	8.99	0.0357	-7.8
inclusion	K	alternative_last_exon	PLA2G6	chr22:38128431-38129453	-	0.21	0.21	0.21	0.21	0.482	0.482	0.482	8.98	0.0358	27.199999999999996
inclusion	K	alternative_last_exon	MYO5A	chr15:52337885-52340195	-	0.162	0.162	0.162	0.162	0.027	0.027	0.027	8.98	0.0359	-13.5
inclusion	K	alternative_last_exon	ARID1B	chr6:157174118-157174846	+	0.831	0.831	0.831	0.831	0.956	0.956	0.956	8.97	0.0359	12.5
inclusion	K	cassette	GDAP2	chr1:117877776-117877841	-	0.167	0.167	0.167	0.167	0.017	0.017	0.017	8.97	0.036	-15.0
inclusion	K	alternative_last_exon	NPM1	chr5:171405404-171406396	+	0.102	0.102	0.102	0.102	0.158	0.158	0.158	8.96	0.0361	5.600000000000001
inclusion	N	alternative_first_exon	TM9SF1	chr14:24190654-24192170	-	0.935	0.935	0.935	0.935	0.983	0.983	0.983	8.96	0.0361	4.799999999999997
inclusion	K	cassette	DDX42	chr17:63775108-63775178	+	0.046	0.046	0.046	0.046	0.137	0.137	0.137	8.95	0.0361	9.100000000000001
inclusion	K	cassette	MACF1	chr1:39378461-39378523	+	0.87	0.87	0.87	0.87	0.974	0.974	0.974	8.95	0.0361	10.399999999999991
inclusion	K	intron_retention	MST1R	chr3:49897417-49897519	-	0.082	0.082	0.082	0.082	0.008	0.008	0.008	8.95	0.0361	-7.400000000000001
inclusion	N	alternative_acceptor	RPL17	chr18:49491834-49492457	-	0.269	0.269	0.269	0.269	0.369	0.369	0.369	8.95	0.0361	9.999999999999996
inclusion	N	alternative_donor	CELF1	chr11:47468892-47471422	-	0.745	0.745	0.745	0.745	0.601	0.601	0.601	8.95	0.0361	-14.400000000000006
inclusion	N	cassette	C1orf43	chr1:154219836-154219937	-	0.816	0.816	0.816	0.816	0.892	0.892	0.892	8.95	0.0361	7.6000000000000085
inclusion	K	intron_retention	TNPO2	chr19:12705769-12706195	-	0.026	0.026	0.026	0.026	0.004	0.004	0.004	8.94	0.0363	-2.2
inclusion	N	alternative_donor	SLC22A5	chr5:132384302-132385327	+	0.818	0.818	0.818	0.818	0.961	0.961	0.961	8.94	0.0363	14.299999999999997
inclusion	N	cassette	CHURC1-FNTB	chr14:64926010-64926080	+	0.795	0.795	0.795	0.795	0.902	0.902	0.902	8.93	0.0363	10.700000000000003
inclusion	N	cassette	UBE2F	chr2:237994744-237994809	+	0.967	0.967	0.967	0.967	0.997	0.997	0.997	8.94	0.0363	3.0
inclusion	N	cassette	UQCRH	chr1:46309897-46310044	+	0.185	0.185	0.185	0.185	0.12	0.12	0.12	8.94	0.0363	-6.5
inclusion	N	intron_retention	AL354953.1	chr1:183258136-183258798	+	0.967	0.967	0.967	0.967	0.886	0.886	0.886	8.94	0.0363	-8.100000000000009
inclusion	N	alternative_last_exon	MACF1	chr1:39327354-39331202	+	0.138	0.138	0.138	0.138	0.022	0.022	0.022	8.93	0.0363	-11.600000000000001
inclusion	N	alternative_last_exon	SF3A3	chr1:37960176-37968043	-	0.971	0.971	0.971	0.971	0.997	0.997	0.997	8.93	0.0363	2.6000000000000085
inclusion	K	intron_retention	TUBGCP2	chr10:133293770-133297951	-	0.082	0.082	0.082	0.082	0.019	0.019	0.019	8.92	0.0365	-6.300000000000001
inclusion	K	alternative_donor	FAHD2A	chr2:95402993-95405552	+	0.297	0.297	0.297	0.297	0.166	0.166	0.166	8.91	0.0366	-13.099999999999998
inclusion	K	alternative_first_exon	MAT2B	chr5:163505750-163512001	+	0.898	0.898	0.898	0.898	0.815	0.815	0.815	8.9	0.0366	-8.299999999999997
inclusion	K	alternative_first_exon	RANBP1	chr22:20118017-20119012,chr22:20118314-20119012	+	0.024	0.024	0.024	0.024	0.002	0.002	0.002	8.9	0.0366	-2.1999999999999997
inclusion	K	cassette	HNRNPDL	chr4:82425563-82425667	-	0.833	0.833	0.833	0.833	0.711	0.711	0.711	8.91	0.0366	-12.200000000000003
inclusion	K	cassette	TMEM259	chr19:1011096-1011195	-	0.949	0.949	0.949	0.949	0.988	0.988	0.988	8.9	0.0366	3.9000000000000057
inclusion	N	alternative_acceptor	ELOVL1	chr1:43365377-43365563	-	0.87	0.87	0.87	0.87	0.783	0.783	0.783	8.91	0.0366	-8.700000000000003
inclusion	N	alternative_first_exon	RETREG3	chr17:42586892-42587833	-	0.939	0.939	0.939	0.939	0.855	0.855	0.855	8.91	0.0366	-8.399999999999991
inclusion	N	alternative_last_exon	nogene	chr1:1301448-1311599,chr1:1301448-1311596	+	0.11	0.11	0.11	0.11	0.239	0.239	0.239	8.9	0.0366	12.899999999999999
inclusion	N	cassette	POLR2D	chr2:127850590-127850685	-	0.82	0.82	0.82	0.82	0.948	0.948	0.948	8.9	0.0366	12.799999999999997
inclusion	N	intron_retention	BRD2	chr6:32978389-32979874	+	0.951	0.951	0.951	0.951	0.857	0.857	0.857	8.91	0.0366	-9.399999999999991
inclusion	K	alternative_first_exon	TMEM129	chr4:1717429-1717515	-	0.552	0.552	0.552	0.552	0.734	0.734	0.734	8.9	0.0366	18.200000000000003
inclusion	N	alternative_first_exon	LHFPL2	chr5:78489154-78509783	-	0.767	0.767	0.767	0.767	0.97	0.97	0.97	8.9	0.0367	20.299999999999997
inclusion	K	intron_retention	CDC16	chr13:114272482-114272563	+	0.709	0.709	0.709	0.709	0.828	0.828	0.828	8.89	0.0367	11.900000000000006
inclusion	N	intron_retention	PHRF1	chr11:610348-610596	+	0.845	0.845	0.845	0.845	0.971	0.971	0.971	8.89	0.0368	12.599999999999994
inclusion	K	alternative_donor	AKT1S1	chr19:49873303-49877236	-	0.26	0.26	0.26	0.26	0.404	0.404	0.404	8.87	0.0371	14.400000000000006
inclusion	K	cassette	EFCAB14	chr1:46688353-46688544	-	0.124	0.124	0.124	0.124	0.054	0.054	0.054	8.87	0.0371	-7.0
inclusion	N	alternative_acceptor	DDX39A	chr19:14409874-14410215	-	0.919	0.919	0.919	0.919	0.97	0.97	0.97	8.85	0.0375	5.099999999999994
inclusion	K	alternative_last_exon	SIN3B	chr19:16862560-16862883	+	0.373	0.373	0.373	0.373	0.176	0.176	0.176	8.83	0.0376	-19.7
inclusion	K	alternative_last_exon	SPTAN1	chr9:128591626-128592982	+	0.745	0.745	0.745	0.745	0.845	0.845	0.845	8.83	0.0376	10.0
inclusion	K	cassette	MRPS18C	chr4:83458346-83458429	+	0.395	0.395	0.395	0.395	0.266	0.266	0.266	8.84	0.0376	-12.899999999999999
inclusion	K	cassette	MTMR14	chr3:9697711-9697866	+	0.555	0.555	0.555	0.555	0.691	0.691	0.691	8.83	0.0376	13.599999999999987
inclusion	K	cassette	SMARCAL1	chr2:216438420-216438485	+	0.89	0.89	0.89	0.89	0.973	0.973	0.973	8.84	0.0376	8.299999999999997
inclusion	K	intron_retention	ABCF2	chr7:151208108-151214057	-	0.9	0.9	0.9	0.9	0.973	0.973	0.973	8.84	0.0376	7.299999999999997
inclusion	K	intron_retention	ANKRD13B	chr17:29612964-29613353	+	0.368	0.368	0.368	0.368	0.168	0.168	0.168	8.84	0.0376	-19.999999999999996
inclusion	K	intron_retention	RPS11	chr19:49497326-49497519	+	0.004	0.004	0.004	0.004	0.002	0.002	0.002	8.83	0.0376	-0.2
inclusion	N	intron_retention	nogene	chr17:75666575-75667046	+	0.028	0.028	0.028	0.028	0.122	0.122	0.122	8.83	0.0376	9.399999999999999
inclusion	N	intron_retention	MED24	chr17:40020351-40021954	-	0.077	0.077	0.077	0.077	0.025	0.025	0.025	8.83	0.0376	-5.2
inclusion	N	alternative_last_exon	SMIM7	chr19:16654126-16659394	-	0.75	0.75	0.75	0.75	0.851	0.851	0.851	8.82	0.0377	10.099999999999994
inclusion	N	cassette	E2F6	chr2:11455342-11455474	-	0.235	0.235	0.235	0.235	0.038	0.038	0.038	8.82	0.0377	-19.7
inclusion	N	intron_retention	RPS25	chr11:119017551-119017961	.	0.278	0.278	0.278	0.278	0.107	0.107	0.107	8.82	0.0377	-17.100000000000005
inclusion	K	alternative_acceptor	SLC4A3	chr2:219633458-219633879	+	0.826	0.826	0.826	0.826	0.966	0.966	0.966	8.82	0.0377	14.0
inclusion	K	alternative_last_exon	CEP89	chr19:32971650-32971835,chr19:32971656-32971835	-	0.55	0.55	0.55	0.55	0.742	0.742	0.742	8.82	0.0377	19.199999999999996
inclusion	K	intron_retention	ADARB1	chr21:45222108-45225546	+	0.888	0.888	0.888	0.888	0.572	0.572	0.572	8.82	0.0377	-31.6
inclusion	K	alternative_last_exon	ZNF706	chr8:101199240-101199989	-	0.905	0.905	0.905	0.905	0.726	0.726	0.726	8.82	0.0378	-17.900000000000006
inclusion	N	alternative_acceptor	SIRT2	chr19:38880850-38881099	-	0.009	0.009	0.009	0.009	0.059	0.059	0.059	8.81	0.0378	5.0
inclusion	K	alternative_first_exon	ARHGAP12	chr10:31852598-31854065	-	0.537	0.537	0.537	0.537	0.268	0.268	0.268	8.81	0.0378	-26.900000000000002
inclusion	N	cassette	PHLDB1	chr11:118624792-118624845	+	0.063	0.063	0.063	0.063	0.016	0.016	0.016	8.8	0.038	-4.699999999999999
inclusion	N	cassette	DGUOK	chr2:73938910-73939022	+	0.26	0.26	0.26	0.26	0.361	0.361	0.361	8.8	0.0381	10.100000000000001
inclusion	K	intron_retention	PFN2	chr3:149966265-149968357	-	0.036	0.036	0.036	0.036	0.082	0.082	0.082	8.79	0.0381	4.600000000000001
inclusion	N	alternative_acceptor	RNASEK-C17orf49	chr17:7012758-7013318	+	0.126	0.126	0.126	0.126	0.044	0.044	0.044	8.79	0.0382	-8.2
inclusion	N	cassette	PHACTR4	chr1:28457832-28457859	+	0.235	0.235	0.235	0.235	0.061	0.061	0.061	8.78	0.0382	-17.4
inclusion	N	cassette	CBLL1	chr7:107752545-107752617	+	0.107	0.107	0.107	0.107	0.019	0.019	0.019	8.78	0.0383	-8.799999999999999
inclusion	K	cassette	MPHOSPH8	chr13:19670840-19670964	+	0.215	0.215	0.215	0.215	0.45	0.45	0.45	8.78	0.0383	23.5
inclusion	N	intron_retention	FBXW5	chr9:136941478-136941536	-	0.967	0.967	0.967	0.967	0.785	0.785	0.785	8.78	0.0383	-18.200000000000003
inclusion	N	alternative_acceptor	ANKRD13A	chr12:110027767-110028508	+	0.192	0.192	0.192	0.192	0.092	0.092	0.092	8.77	0.0384	-10.0
inclusion	N	alternative_first_exon	FZR1	chr19:3533399-3534420	+	0.929	0.929	0.929	0.929	0.988	0.988	0.988	8.77	0.0384	5.8999999999999915
inclusion	N	cassette	TMEM126A	chr11:85650249-85650341	+	0.826	0.826	0.826	0.826	0.948	0.948	0.948	8.77	0.0385	12.200000000000003
inclusion	N	cassette	UBE3C	chr7:157169048-157169122	+	0.879	0.879	0.879	0.879	0.763	0.763	0.763	8.77	0.0385	-11.600000000000009
inclusion	N	alternative_first_exon	IFITM1	chr11:314357-314921	+	0.916	0.916	0.916	0.916	0.64	0.64	0.64	8.76	0.0386	-27.60000000000001
inclusion	N	cassette	TMEM161A	chr19:19134784-19134887	-	0.883	0.883	0.883	0.883	0.964	0.964	0.964	8.75	0.0387	8.099999999999994
inclusion	N	cassette	LTBR	chr12:6387798-6387910	+	0.048	0.048	0.048	0.048	0.016	0.016	0.016	8.75	0.0388	-3.1999999999999997
inclusion	N	alternative_acceptor	PTPN1	chr20:50579330-50579702	+	0.881	0.881	0.881	0.881	0.976	0.976	0.976	8.74	0.0388	9.5
inclusion	N	cassette	C12orf73	chr12:103953414-103953534	-	0.183	0.183	0.183	0.183	0.09	0.09	0.09	8.74	0.0389	-9.3
inclusion	K	cassette	PCBP2	chr12:53464760-53464852	+	0.612	0.612	0.612	0.612	0.676	0.676	0.676	8.73	0.0391	6.400000000000013
inclusion	K	intron_retention	SLC29A2	chr11:66368672-66369059	-	0.228	0.228	0.228	0.228	0.045	0.045	0.045	8.72	0.0392	-18.3
inclusion	N	alternative_first_exon	ENTPD6	chr20:25221334-25222837	+	0.642	0.642	0.642	0.642	0.758	0.758	0.758	8.72	0.0392	11.599999999999994
inclusion	K	intron_retention	IMPDH1	chr7:128405866-128409755	-	0.326	0.326	0.326	0.326	0.156	0.156	0.156	8.71	0.0393	-17.0
inclusion	K	alternative_first_exon	TBC1D2	chr9:98244130-98251784	-	0.887	0.887	0.887	0.887	0.952	0.952	0.952	8.71	0.0394	6.499999999999986
inclusion	K	intron_retention	GSS	chr20:34942628-34942930	-	0.04	0.04	0.04	0.04	0.013	0.013	0.013	8.71	0.0394	-2.7
inclusion	K	intron_retention	SYTL1	chr1:27350953-27351257	+	0.112	0.112	0.112	0.112	0.049	0.049	0.049	8.7	0.0395	-6.300000000000001
inclusion	K	cassette	MTMR14	chr3:9689964-9690143	+	0.88	0.88	0.88	0.88	0.968	0.968	0.968	8.7	0.0395	8.799999999999997
inclusion	N	cassette	SLC3A2	chr11:62876784-62876879	+	0.279	0.279	0.279	0.279	0.18	0.18	0.18	8.7	0.0395	-9.900000000000002
inclusion	N	alternative_acceptor	DUS1L	chr17:82060962-82061208	-	0.946	0.946	0.946	0.946	0.995	0.995	0.995	8.69	0.0396	4.900000000000006
inclusion	K	alternative_first_exon	MCL1	chr1:150577492-150578243	-	0.972	0.972	0.972	0.972	0.997	0.997	0.997	8.68	0.0398	2.5
inclusion	N	alternative_last_exon	CNOT2	chr12:70319365-70329422	+	0.79	0.79	0.79	0.79	0.922	0.922	0.922	8.68	0.0398	13.200000000000003
inclusion	K	alternative_acceptor	MPP5	chr14:67269784-67279017	+	0.771	0.771	0.771	0.771	0.415	0.415	0.415	8.68	0.0398	-35.60000000000001
inclusion	K	alternative_first_exon	TRA2B	chr3:185926735-185931576	-	0.335	0.335	0.335	0.335	0.177	0.177	0.177	8.68	0.0398	-15.8
inclusion	N	cassette	RGS12	chr4:3428558-3428711	+	0.311	0.311	0.311	0.311	0.434	0.434	0.434	8.68	0.0398	12.299999999999997
inclusion	N	cassette	TCTN1	chr12:110634670-110634779	+	0.812	0.812	0.812	0.812	0.603	0.603	0.603	8.68	0.0398	-20.900000000000006
inclusion	K	alternative_first_exon	UTP15	chr5:73565913-73567261	+	0.822	0.822	0.822	0.822	0.578	0.578	0.578	8.66	0.0401	-24.39999999999999
inclusion	N	alternative_acceptor	TANC2	chr17:63418408-63419998	+	0.938	0.938	0.938	0.938	0.983	0.983	0.983	8.66	0.0401	4.5
inclusion	N	cassette	HSDL2	chr9:112408907-112409021	+	0.866	0.866	0.866	0.866	0.975	0.975	0.975	8.66	0.0401	10.900000000000006
inclusion	N	cassette	WDR44	chrX:118436702-118436824	+	0.972	0.972	0.972	0.972	0.759	0.759	0.759	8.66	0.0401	-21.299999999999997
inclusion	K	alternative_donor	AP2B1	chr17:35587429-35594007	+	0.683	0.683	0.683	0.683	0.776	0.776	0.776	8.66	0.0401	9.299999999999997
inclusion	K	cassette	HIKESHI	chr11:86345094-86345198	+	0.094	0.094	0.094	0.094	0.016	0.016	0.016	8.65	0.0401	-7.800000000000001
inclusion	K	intron_retention	KF456478.1	chr19:3121285-3121395	-	0.789	0.789	0.789	0.789	0.897	0.897	0.897	8.66	0.0401	10.799999999999997
inclusion	N	alternative_acceptor	EVI5L	chr19:7830382-7846495	+	0.706	0.706	0.706	0.706	0.968	0.968	0.968	8.65	0.0401	26.200000000000003
inclusion	N	alternative_acceptor	SEC16A	chr9:136446950-136447226	-	0.898	0.898	0.898	0.898	0.959	0.959	0.959	8.66	0.0401	6.099999999999994
inclusion	N	alternative_first_exon	SF3A3	chr1:37958264-37960119	-	0.94	0.94	0.94	0.94	0.994	0.994	0.994	8.65	0.0401	5.400000000000006
inclusion	K	alternative_last_exon	ANKRD11	chr16:89300963-89305205	-	0.362	0.362	0.362	0.362	0.24	0.24	0.24	8.64	0.0404	-12.199999999999996
inclusion	K	alternative_acceptor	CCDC51	chr3:48433977-48434816	-	0.084	0.084	0.084	0.084	0.168	0.168	0.168	8.63	0.0406	8.4
inclusion	K	alternative_first_exon	BFAR	chr16:14655211-14661891	+	0.946	0.946	0.946	0.946	0.995	0.995	0.995	8.63	0.0406	4.900000000000006
inclusion	N	alternative_acceptor	RHBDF1	chr16:62696-62774	-	0.738	0.738	0.738	0.738	0.947	0.947	0.947	8.63	0.0406	20.89999999999999
inclusion	N	alternative_donor	TMEM69	chr1:45688254-45690973	+	0.039	0.039	0.039	0.039	0.17	0.17	0.17	8.62	0.0408	13.1
inclusion	N	alternative_last_exon	ZSCAN21	chr7:100051312-100069972	.	0.587	0.587	0.587	0.587	0.715	0.715	0.715	8.62	0.0408	12.800000000000004
inclusion	K	cassette	PALM2AKAP2	chr9:110156319-110156497	+	0.471	0.471	0.471	0.471	0.639	0.639	0.639	8.61	0.0409	16.800000000000004
inclusion	K	intron_retention	VDAC3	chr8:42404925-42405370	+	0.025	0.025	0.025	0.025	0.002	0.002	0.002	8.61	0.0409	-2.3
inclusion	K	intron_retention	FBXW5	chr9:136944107-136944593	-	0.128	0.128	0.128	0.128	0.058	0.058	0.058	8.6	0.0409	-7.0
inclusion	N	alternative_donor	TMEM41B	chr11:9281042-9282252	-	0.719	0.719	0.719	0.719	0.925	0.925	0.925	8.6	0.041	20.60000000000001
inclusion	K	intron_retention	RPL28	chr19:55386694-55387929	+	0.003	0.003	0.003	0.003	0.001	0.001	0.001	8.59	0.0412	-0.19999999999999998
inclusion	K	alternative_acceptor	EWSR1	chr22:29298896-29299194	+	0.025	0.025	0.025	0.025	0.005	0.005	0.005	8.59	0.0412	-2.0
inclusion	K	alternative_donor	HNRNPH1	chr5:179616219-179616868	-	0.805	0.805	0.805	0.805	0.699	0.699	0.699	8.59	0.0412	-10.600000000000009
inclusion	K	mutually_exclusive	TPM2	chr9:35684551-35684731,chr9:35684808-35685268	-	0.104	0.104	0.104	0.104	0.052	0.052	0.052	8.58	0.0414	-5.2
inclusion	K	cassette	METTL22	chr16:8635039-8635079	+	0.626	0.626	0.626	0.626	0.806	0.806	0.806	8.57	0.0415	18.000000000000007
inclusion	K	intron_retention	PARP3	chr3:51942709-51943353	+	0.47	0.47	0.47	0.47	0.124	0.124	0.124	8.57	0.0415	-34.6
inclusion	K	alternative_first_exon	R3HDM4	chr19:902131-902241	-	0.151	0.151	0.151	0.151	0.077	0.077	0.077	8.57	0.0416	-7.3999999999999995
inclusion	K	alternative_acceptor	YY1AP1	chr1:155672728-155675009	-	0.065	0.065	0.065	0.065	0.011	0.011	0.011	8.56	0.0417	-5.4
inclusion	K	intron_retention	PPFIA1	chr11:70378196-70382087	+	0.096	0.096	0.096	0.096	0.018	0.018	0.018	8.55	0.0419	-7.8
inclusion	N	alternative_acceptor	CREM	chr10:35207052-35211253	+	0.691	0.691	0.691	0.691	0.939	0.939	0.939	8.55	0.0419	24.799999999999997
inclusion	K	cassette	SLC30A5	chr5:69100807-69100929	+	0.706	0.706	0.706	0.706	0.872	0.872	0.872	8.54	0.0419	16.60000000000001
inclusion	K	cassette	ZNF207	chr17:32361468-32361515	+	0.95	0.95	0.95	0.95	0.984	0.984	0.984	8.55	0.0419	3.4000000000000057
inclusion	K	intron_retention	LRP11	chr6:149820704-149826263	-	0.183	0.183	0.183	0.183	0.118	0.118	0.118	8.54	0.0419	-6.500000000000002
inclusion	N	alternative_acceptor	MAP3K10	chr19:40205297-40205910	+	0.893	0.893	0.893	0.893	0.974	0.974	0.974	8.54	0.042	8.099999999999994
inclusion	K	intron_retention	CRYBG3	chr3:97942444-97943225	+	0.381	0.381	0.381	0.381	0.078	0.078	0.078	8.54	0.042	-30.3
inclusion	N	alternative_first_exon	FADS2	chr11:61828598-61837777	+	0.735	0.735	0.735	0.735	0.837	0.837	0.837	8.53	0.0421	10.200000000000003
inclusion	N	alternative_last_exon	FAM207A	chr21:44967182-44973196	+	0.752	0.752	0.752	0.752	0.847	0.847	0.847	8.53	0.0421	9.5
inclusion	N	alternative_last_exon	ZDHHC16	chr10:97452924-97453617,chr10:97452924-97453529	.	0.767	0.767	0.767	0.767	0.64	0.64	0.64	8.53	0.0421	-12.700000000000003
inclusion	N	cassette	BOLA3	chr2:74142272-74142360	-	0.583	0.583	0.583	0.583	0.449	0.449	0.449	8.53	0.0421	-13.399999999999999
inclusion	K	intron_retention	PICART1	chr17:50053628-50055628	-	0.902	0.902	0.902	0.902	0.99	0.99	0.99	8.53	0.0421	8.799999999999997
inclusion	K	intron_retention	PRKCZ	chr1:2184699-2184921	+	0.078	0.078	0.078	0.078	0.032	0.032	0.032	8.53	0.0421	-4.6
inclusion	K	cassette	TBC1D13	chr9:128790735-128790775	+	0.205	0.205	0.205	0.205	0.368	0.368	0.368	8.52	0.0422	16.299999999999997
inclusion	K	alternative_donor	CCNDBP1	chr15:43190152-43190324	+	0.855	0.855	0.855	0.855	0.976	0.976	0.976	8.52	0.0422	12.099999999999994
inclusion	K	intron_retention	TRIM16L	chr17:18705165-18722236	+	0.25	0.25	0.25	0.25	0.557	0.557	0.557	8.52	0.0422	30.700000000000003
inclusion	K	intron_retention	MZF1	chr19:58570528-58570993	-	0.234	0.234	0.234	0.234	0.043	0.043	0.043	8.52	0.0422	-19.1
inclusion	K	cassette	RABEPK	chr9:125220327-125220397	+	0.033	0.033	0.033	0.033	0.003	0.003	0.003	8.52	0.0422	-3.0000000000000004
inclusion	N	cassette	TMEM241	chr18:23399566-23399647	-	0.578	0.578	0.578	0.578	0.787	0.787	0.787	8.51	0.0423	20.900000000000006
inclusion	K	alternative_acceptor	AC245041.2	chr10:47987310-47991679	-	0.959	0.959	0.959	0.959	0.867	0.867	0.867	8.51	0.0423	-9.199999999999989
inclusion	K	intron_retention	SMG9	chr19:43734496-43737596	-	0.032	0.032	0.032	0.032	0.005	0.005	0.005	8.51	0.0423	-2.7
inclusion	N	alternative_donor	DHX34	chr19:47349353-47352753	+	0.379	0.379	0.379	0.379	0.702	0.702	0.702	8.51	0.0423	32.29999999999999
inclusion	N	cassette	EPB41L1	chr20:36218876-36218962	+	0.885	0.885	0.885	0.885	0.98	0.98	0.98	8.51	0.0424	9.5
inclusion	K	intron_retention	MYOSLID	chr2:207245667-207246850	+	0.463	0.463	0.463	0.463	0.284	0.284	0.284	8.5	0.0424	-17.900000000000006
inclusion	N	alternative_acceptor	MARCHF6	chr5:10400843-10402058	+	0.96	0.96	0.96	0.96	0.996	0.996	0.996	8.5	0.0424	3.5999999999999943
inclusion	N	alternative_first_exon	FLT3LG	chr19:49475802-49476144	+	0.833	0.833	0.833	0.833	0.985	0.985	0.985	8.5	0.0424	15.200000000000003
inclusion	N	alternative_last_exon	NUTM2A-AS1	chr10:87208510-87246114	-	0.18	0.18	0.18	0.18	0.43	0.43	0.43	8.5	0.0424	25.0
inclusion	N	alternative_last_exon	PIGF	chr2:46615186-46616969	-	0.888	0.888	0.888	0.888	0.707	0.707	0.707	8.5	0.0424	-18.099999999999994
inclusion	N	cassette	P4HA1	chr10:73043887-73043957	-	0.836	0.836	0.836	0.836	0.729	0.729	0.729	8.5	0.0424	-10.700000000000003
inclusion	N	alternative_donor	LDOC1	chrX:141176409-141176675	-	0.883	0.883	0.883	0.883	0.758	0.758	0.758	8.49	0.0426	-12.5
inclusion	N	cassette	BX890604.2	chrX:3818442-3818500	-	0.574	0.574	0.574	0.574	0.387	0.387	0.387	8.49	0.0426	-18.699999999999996
inclusion	N	alternative_donor	nogene	chr1:173487966-173499321	+	0.988	0.988	0.988	0.988	0.934	0.934	0.934	8.48	0.0427	-5.3999999999999915
inclusion	N	intron_retention	ARTN	chr1:43936232-43936554	+	0.667	0.667	0.667	0.667	0.958	0.958	0.958	8.48	0.0427	29.099999999999994
inclusion	K	alternative_last_exon	CDKN2AIPNL	chr5:134411083-134411615	-	0.062	0.062	0.062	0.062	0.019	0.019	0.019	8.48	0.0427	-4.300000000000001
inclusion	K	alternative_last_exon	DLG5	chr10:77816176-77816550	-	0.03	0.03	0.03	0.03	0.119	0.119	0.119	8.48	0.0427	8.899999999999999
inclusion	K	cassette	ARFIP1	chr4:152870753-152870848	+	0.82	0.82	0.82	0.82	0.962	0.962	0.962	8.47	0.0427	14.200000000000003
inclusion	N	alternative_acceptor	AC120114.4	chr16:29819903-29830514	+	0.541	0.541	0.541	0.541	0.308	0.308	0.308	8.47	0.0427	-23.3
inclusion	N	alternative_donor	RIN1	chr11:66336159-66336290	-	0.969	0.969	0.969	0.969	0.768	0.768	0.768	8.48	0.0427	-20.099999999999994
inclusion	N	cassette	LYRM1	chr16:20915556-20915714	+	0.685	0.685	0.685	0.685	0.92	0.92	0.92	8.47	0.0427	23.5
inclusion	K	alternative_first_exon	CBFB	chr16:67036756-67066681	+	0.846	0.846	0.846	0.846	0.981	0.981	0.981	8.46	0.0429	13.5
inclusion	N	alternative_acceptor	PLSCR3	chr17:7394160-7394476	-	0.088	0.088	0.088	0.088	0.243	0.243	0.243	8.46	0.043	15.500000000000002
inclusion	K	alternative_donor	MRPS7	chr17:75265967-75266192	+	0.945	0.945	0.945	0.945	0.994	0.994	0.994	8.45	0.0431	4.900000000000006
inclusion	K	intron_retention	LRRC37BP1	chr17:30631928-30633097	+	0.318	0.318	0.318	0.318	0.632	0.632	0.632	8.45	0.0431	31.400000000000002
inclusion	K	intron_retention	METRN	chr16:716993-717070	+	0.27	0.27	0.27	0.27	0.171	0.171	0.171	8.45	0.0432	-9.899999999999999
inclusion	N	alternative_donor	CDK18	chr1:205504879-205523146	+	0.235	0.235	0.235	0.235	0.115	0.115	0.115	8.45	0.0432	-12.0
inclusion	K	alternative_acceptor	FDX2	chr19:10315554-10315704	-	0.106	0.106	0.106	0.106	0.025	0.025	0.025	8.43	0.0434	-8.1
inclusion	K	intron_retention	HYI	chr1:43451545-43451647	-	0.096	0.096	0.096	0.096	0.032	0.032	0.032	8.43	0.0435	-6.3999999999999995
inclusion	K	intron_retention	LDOC1	chrX:141176409-141176892	-	0.92	0.92	0.92	0.92	0.824	0.824	0.824	8.43	0.0435	-9.600000000000009
inclusion	N	cassette	CNOT10	chr3:32737410-32737490	+	0.826	0.826	0.826	0.826	0.936	0.936	0.936	8.43	0.0435	11.000000000000014
inclusion	K	intron_retention	KANSL3	chr2:96631483-96636920	-	0.381	0.381	0.381	0.381	0.174	0.174	0.174	8.42	0.0436	-20.700000000000003
inclusion	K	intron_retention	IST1	chr16:71923381-71924768	+	0.036	0.036	0.036	0.036	0.006	0.006	0.006	8.42	0.0436	-2.9999999999999996
inclusion	K	alternative_first_exon	SRRM2	chr16:2770228-2770351	+	0.206	0.206	0.206	0.206	0.3	0.3	0.3	8.42	0.0436	9.400000000000002
inclusion	K	intron_retention	RPLP0	chr12:120200832-120201082	-	0.026	0.026	0.026	0.026	0.018	0.018	0.018	8.41	0.0437	-0.8000000000000003
inclusion	N	cassette	CWC27	chr5:64977135-64977238	+	0.915	0.915	0.915	0.915	0.987	0.987	0.987	8.41	0.0439	7.200000000000003
inclusion	K	intron_retention	BACE1	chr11:117289808-117290487	-	0.144	0.144	0.144	0.144	0.289	0.289	0.289	8.4	0.0441	14.5
inclusion	N	cassette	CDK11B	chr1:1657256-1657302	-	0.215	0.215	0.215	0.215	0.106	0.106	0.106	8.39	0.0441	-10.9
inclusion	K	alternative_last_exon	ZNF783	chr7:149278528-149281504	+	0.665	0.665	0.665	0.665	0.886	0.886	0.886	8.39	0.0441	22.099999999999994
inclusion	N	alternative_last_exon	RNF181	chr2:85596650-85596856,chr2:85596650-85596821	+	0.944	0.944	0.944	0.944	0.979	0.979	0.979	8.37	0.0446	3.5
inclusion	N	alternative_last_exon	SLC25A15	chr13:40805256-40807293	+	0.614	0.614	0.614	0.614	0.892	0.892	0.892	8.37	0.0446	27.800000000000004
inclusion	N	intron_retention	nogene	chr2:108765473-108765649	-	0.79	0.79	0.79	0.79	0.974	0.974	0.974	8.37	0.0446	18.39999999999999
inclusion	N	alternative_acceptor	SMARCD3	chr7:151241395-151241491	-	0.09	0.09	0.09	0.09	0.031	0.031	0.031	8.37	0.0446	-5.9
inclusion	K	alternative_donor	OVCA2	chr17:2042232-2042604	+	0.42	0.42	0.42	0.42	0.284	0.284	0.284	8.36	0.0447	-13.600000000000001
inclusion	K	cassette	ZNF185	chrX:152936418-152936513	+	0.078	0.078	0.078	0.078	0.146	0.146	0.146	8.36	0.0447	6.8
inclusion	N	intron_retention	EHD2	chr19:47736534-47742965	+	0.967	0.967	0.967	0.967	0.995	0.995	0.995	8.36	0.0447	2.799999999999997
inclusion	K	alternative_first_exon	FKBP8	chr19:18541996-18543485	-	0.934	0.934	0.934	0.934	0.881	0.881	0.881	8.36	0.0447	-5.300000000000011
inclusion	K	intron_retention	WDR83	chr19:12670098-12670179	+	0.105	0.105	0.105	0.105	0.008	0.008	0.008	8.36	0.0447	-9.7
inclusion	N	cassette	PPIL3	chr2:200877497-200877604	-	0.087	0.087	0.087	0.087	0.028	0.028	0.028	8.35	0.045	-5.899999999999999
inclusion	K	cassette	GUSB	chr7:65970282-65970366	-	0.974	0.974	0.974	0.974	0.998	0.998	0.998	8.34	0.045	2.4000000000000057
inclusion	K	intron_retention	CBY1	chr22:38668133-38670883	+	0.05	0.05	0.05	0.05	0.015	0.015	0.015	8.34	0.0451	-3.5
inclusion	N	cassette	TCTN3	chr10:95687592-95687719	-	0.953	0.953	0.953	0.953	0.874	0.874	0.874	8.33	0.0452	-7.8999999999999915
inclusion	K	intron_retention	SPATA24	chr5:139396930-139397040	-	0.771	0.771	0.771	0.771	0.425	0.425	0.425	8.33	0.0453	-34.60000000000001
inclusion	K	cassette	ACADM	chr1:75728401-75728488	+	0.838	0.838	0.838	0.838	0.981	0.981	0.981	8.32	0.0454	14.299999999999997
inclusion	K	alternative_donor	SNHG29	chr17:16439415-16440184	+	0.743	0.743	0.743	0.743	0.798	0.798	0.798	8.32	0.0455	5.500000000000014
inclusion	N	alternative_donor	TAF15	chr17:35824100-35833906	+	0.04	0.04	0.04	0.04	0.109	0.109	0.109	8.32	0.0455	6.9
inclusion	K	alternative_last_exon	SMCHD1	chr18:2796522-2802527	+	0.743	0.743	0.743	0.743	0.95	0.95	0.95	8.31	0.0455	20.700000000000003
inclusion	K	intron_retention	PAWR	chr12:79585149-79592610	-	0.929	0.929	0.929	0.929	0.678	0.678	0.678	8.31	0.0455	-25.099999999999994
inclusion	K	intron_retention	SREBF1	chr17:17815330-17815859	-	0.038	0.038	0.038	0.038	0.004	0.004	0.004	8.31	0.0455	-3.4
inclusion	K	intron_retention	STX16-NPEPL1	chr20:58651435-58652072	+	0.938	0.938	0.938	0.938	0.993	0.993	0.993	8.32	0.0455	5.5
inclusion	N	alternative_acceptor	MFAP2	chr1:16978315-16981513	-	0.787	0.787	0.787	0.787	0.919	0.919	0.919	8.31	0.0456	13.200000000000003
inclusion	K	intron_retention	HMGA2	chr12:65828088-65838518	+	0.042	0.042	0.042	0.042	0.005	0.005	0.005	8.31	0.0456	-3.7
inclusion	K	cassette	OLA1	chr2:174246715-174246815	-	0.939	0.939	0.939	0.939	0.98	0.98	0.98	8.3	0.0458	4.1000000000000085
inclusion	N	alternative_donor	PDGFA	chr7:500500-500577	-	0.353	0.353	0.353	0.353	0.13	0.13	0.13	8.3	0.0458	-22.299999999999997
inclusion	K	alternative_donor	ZFAND1	chr8:81718225-81721226	-	0.364	0.364	0.364	0.364	0.592	0.592	0.592	8.29	0.0459	22.799999999999997
inclusion	K	alternative_acceptor	ATG13	chr11:46617891-46618259	+	0.716	0.716	0.716	0.716	0.456	0.456	0.456	8.29	0.046	-25.999999999999993
inclusion	N	cassette	NCOA6	chr20:34727259-34727407	-	0.952	0.952	0.952	0.952	0.995	0.995	0.995	8.28	0.0461	4.300000000000011
inclusion	K	cassette	PSAT1	chr9:78328051-78328188	+	0.882	0.882	0.882	0.882	0.951	0.951	0.951	8.27	0.0465	6.8999999999999915
inclusion	K	intron_retention	FOSL1	chr11:65897007-65900240	-	0.016	0.016	0.016	0.016	0.063	0.063	0.063	8.27	0.0465	4.699999999999999
inclusion	K	cassette	UNC119B	chr12:120711590-120711745	+	0.149	0.149	0.149	0.149	0.052	0.052	0.052	8.26	0.0465	-9.7
inclusion	K	intron_retention	GLRX	chr5:95814390-95816506	-	0.039	0.039	0.039	0.039	0.004	0.004	0.004	8.26	0.0465	-3.5
inclusion	N	cassette	WASF1	chr6:110160635-110160732	-	0.459	0.459	0.459	0.459	0.67	0.67	0.67	8.26	0.0466	21.1
inclusion	K	intron_retention	CREBZF	chr11:85662458-85663523	-	0.36	0.36	0.36	0.36	0.101	0.101	0.101	8.25	0.0466	-25.9
inclusion	K	intron_retention	RPL14	chr3:40457475-40457889	+	0.127	0.127	0.127	0.127	0.068	0.068	0.068	8.25	0.0466	-5.899999999999999
inclusion	N	cassette	HERC4	chr10:67996046-67996138	-	0.09	0.09	0.09	0.09	0.01	0.01	0.01	8.25	0.0466	-8.0
inclusion	N	alternative_acceptor	SLC16A3	chr17:82236232-82236728	+	0.977	0.977	0.977	0.977	0.998	0.998	0.998	8.25	0.0467	2.0999999999999943
inclusion	K	alternative_donor	LSM5	chr7:32489345-32490319	-	0.953	0.953	0.953	0.953	0.991	0.991	0.991	8.24	0.0467	3.799999999999997
inclusion	N	alternative_acceptor	PRDX6	chr1:173486402-173487734	+	0.987	0.987	0.987	0.987	0.928	0.928	0.928	8.24	0.0467	-5.8999999999999915
inclusion	N	alternative_acceptor	PRKCSH	chr19:11449429-11449563	+	0.101	0.101	0.101	0.101	0.17	0.17	0.17	8.24	0.0467	6.899999999999999
inclusion	N	alternative_last_exon	PTDSS1	chr8:96284154-96287021	+	0.918	0.918	0.918	0.918	0.981	0.981	0.981	8.24	0.0469	6.299999999999997
inclusion	K	alternative_last_exon	TFDP2	chr3:141995142-142005440	-	0.692	0.692	0.692	0.692	0.904	0.904	0.904	8.23	0.047	21.200000000000017
inclusion	K	alternative_first_exon	PUF60	chr8:143821914-143824312	-	0.857	0.857	0.857	0.857	0.94	0.94	0.94	8.22	0.0471	8.299999999999997
inclusion	K	intron_retention	BACE1	chr11:117291050-117291711	-	0.119	0.119	0.119	0.119	0.226	0.226	0.226	8.22	0.0473	10.700000000000003
inclusion	N	alternative_acceptor	TERF2	chr16:69357562-69361403	-	0.687	0.687	0.687	0.687	0.821	0.821	0.821	8.22	0.0473	13.399999999999991
inclusion	N	cassette	AC068896.3	chr10:124696158-124696212	-	0.6	0.6	0.6	0.6	0.758	0.758	0.758	8.22	0.0473	15.799999999999997
inclusion	K	intron_retention	TMEM63A	chr1:225865968-225866573	-	0.384	0.384	0.384	0.384	0.113	0.113	0.113	8.21	0.0473	-27.099999999999998
inclusion	N	alternative_first_exon	EIF4E2	chr2:232558019-232564246	+	0.899	0.899	0.899	0.899	0.955	0.955	0.955	8.21	0.0473	5.599999999999994
inclusion	K	cassette	TRIM37	chr17:59104293-59104394	-	0.86	0.86	0.86	0.86	0.986	0.986	0.986	8.2	0.0476	12.599999999999994
inclusion	K	coord_cassette	ARHGAP12	chr10:31839305-31839319	-	0.547	0.547	0.547	0.547	0.253	0.253	0.253	8.2	0.0476	-29.400000000000002
inclusion	K	intron_retention	NUDT22	chr11:64226428-64226634	+	0.256	0.256	0.256	0.256	0.159	0.159	0.159	8.19	0.0477	-9.700000000000001
inclusion	K	intron_retention	WDR24	chr16:685991-686067	-	0.016	0.016	0.016	0.016	0.088	0.088	0.088	8.19	0.0477	7.199999999999999
inclusion	N	alternative_donor	TRPC4AP	chr20:35003617-35004457	-	0.944	0.944	0.944	0.944	0.981	0.981	0.981	8.19	0.0477	3.700000000000003
inclusion	N	alternative_donor	UBN1	chr16:4853167-4857989	+	0.92	0.92	0.92	0.92	0.987	0.987	0.987	8.19	0.0477	6.700000000000003
inclusion	K	cassette	ARPC4	chr3:9803536-9803707	+	0.018	0.018	0.018	0.018	0.002	0.002	0.002	8.19	0.0478	-1.5999999999999999
inclusion	K	alternative_first_exon	PCM1	chr8:17972688-17985446	+	0.724	0.724	0.724	0.724	0.428	0.428	0.428	8.18	0.0479	-29.599999999999994
inclusion	N	alternative_acceptor	FAT2	chr5:151507612-151510020	-	0.907	0.907	0.907	0.907	0.966	0.966	0.966	8.18	0.0479	5.8999999999999915
inclusion	N	cassette	GAS6	chr13:113848026-113848050	-	0.958	0.958	0.958	0.958	0.993	0.993	0.993	8.18	0.0479	3.5
inclusion	K	cassette	PRELID3B	chr20:59037191-59037280	-	0.845	0.845	0.845	0.845	0.744	0.744	0.744	8.18	0.0479	-10.099999999999994
inclusion	K	intron_retention	DPF1	chr19:38216260-38216352	-	0.301	0.301	0.301	0.301	0.035	0.035	0.035	8.18	0.0479	-26.599999999999998
inclusion	K	cassette	CALCOCO1	chr12:53712775-53712846	-	0.061	0.061	0.061	0.061	0.012	0.012	0.012	8.17	0.0479	-4.8999999999999995
inclusion	K	intron_retention	TMUB2	chr17:44187432-44189021	+	0.631	0.631	0.631	0.631	0.795	0.795	0.795	8.17	0.0479	16.4
inclusion	N	alternative_first_exon	AL355385.2	chr6:43054487-43055544	-	0.778	0.778	0.778	0.778	0.861	0.861	0.861	8.17	0.0479	8.299999999999997
inclusion	N	cassette	MRRF	chr9:122286039-122286166	+	0.127	0.127	0.127	0.127	0.052	0.052	0.052	8.17	0.0479	-7.499999999999999
inclusion	K	alternative_last_exon	ATPAF1	chr1:46645257-46652580	-	0.9	0.9	0.9	0.9	0.972	0.972	0.972	8.15	0.048	7.200000000000003
inclusion	K	alternative_last_exon	PAM16	chr16:4340406-4340919	-	0.926	0.926	0.926	0.926	0.977	0.977	0.977	8.15	0.048	5.099999999999994
inclusion	K	cassette	MAPT	chr17:45971859-45971945	+	0.759	0.759	0.759	0.759	0.964	0.964	0.964	8.17	0.048	20.499999999999986
inclusion	K	cassette	MRPL30	chr2:99186919-99187018	+	0.032	0.032	0.032	0.032	0.006	0.006	0.006	8.16	0.048	-2.6
inclusion	K	cassette	RCC1	chr1:28530523-28530573	+	0.226	0.226	0.226	0.226	0.326	0.326	0.326	8.17	0.048	10.0
inclusion	K	intron_retention	ADAR	chr1:154596939-154597122	-	0.941	0.941	0.941	0.941	0.847	0.847	0.847	8.15	0.048	-9.399999999999991
inclusion	K	intron_retention	KRT15	chr17:41516965-41517082	-	0.057	0.057	0.057	0.057	0.018	0.018	0.018	8.16	0.048	-3.9000000000000004
inclusion	K	intron_retention	LPCAT3	chr12:6976892-6977133	-	0.176	0.176	0.176	0.176	0.083	0.083	0.083	8.16	0.048	-9.299999999999997
inclusion	K	intron_retention	PMS2P1	chr7:100329020-100330181	-	0.137	0.137	0.137	0.137	0.026	0.026	0.026	8.16	0.048	-11.100000000000001
inclusion	N	alternative_acceptor	LDLRAP1	chr1:25563792-25565175	+	0.023	0.023	0.023	0.023	0.124	0.124	0.124	8.15	0.048	10.100000000000001
inclusion	N	alternative_acceptor	RHBDF1	chr16:60728-61119	-	0.136	0.136	0.136	0.136	0.023	0.023	0.023	8.15	0.048	-11.3
inclusion	N	alternative_donor	FURIN	chr15:90877025-90877134	+	0.943	0.943	0.943	0.943	0.989	0.989	0.989	8.16	0.048	4.6000000000000085
inclusion	N	cassette	AMBRA1	chr11:46508191-46508370	-	0.884	0.884	0.884	0.884	0.702	0.702	0.702	8.15	0.048	-18.200000000000017
inclusion	N	cassette	APBB2	chr4:41100639-41100750	-	0.964	0.964	0.964	0.964	0.852	0.852	0.852	8.16	0.048	-11.199999999999989
inclusion	N	cassette	COL7A1	chr3:48572671-48572739	-	0.977	0.977	0.977	0.977	0.949	0.949	0.949	8.15	0.048	-2.8000000000000114
inclusion	N	cassette	TMEM8B	chr9:35834461-35834650	+	0.709	0.709	0.709	0.709	0.934	0.934	0.934	8.16	0.048	22.500000000000014
inclusion	N	intron_retention	CENPT	chr16:67830059-67830389	-	0.968	0.968	0.968	0.968	0.82	0.82	0.82	8.16	0.048	-14.799999999999997
inclusion	N	intron_retention	RUNX1	chr21:34887097-34887290	-	0.873	0.873	0.873	0.873	0.986	0.986	0.986	8.16	0.048	11.299999999999997
inclusion	N	alternative_acceptor	HYI	chr1:43452014-43452204	-	0.888	0.888	0.888	0.888	0.971	0.971	0.971	8.15	0.048	8.299999999999997
inclusion	N	alternative_last_exon	nogene	chr2:74420801-74461069,chr2:74420801-74461068	.	0.642	0.642	0.642	0.642	0.478	0.478	0.478	8.15	0.048	-16.400000000000006
inclusion	N	cassette	CTNNBIP1	chr1:9883705-9883738	-	0.013	0.013	0.013	0.013	0.07	0.07	0.07	8.15	0.048	5.700000000000001
inclusion	K	cassette	SUMF1	chr3:4376330-4376389	-	0.961	0.961	0.961	0.961	0.861	0.861	0.861	8.15	0.048	-10.0
inclusion	N	alternative_acceptor	PQBP1	chrX:48902518-48902731	+	0.857	0.857	0.857	0.857	0.924	0.924	0.924	8.14	0.048	6.700000000000003
inclusion	K	cassette	LGALS1	chr22:37678376-37678392	+	0.007	0.007	0.007	0.007	0.003	0.003	0.003	8.13	0.0483	-0.4000000000000001
inclusion	K	intron_retention	SLC29A2	chr11:66363548-66364224	-	0.138	0.138	0.138	0.138	0.318	0.318	0.318	8.13	0.0483	18.0
inclusion	K	alternative_first_exon	PCYOX1	chr2:70258277-70259359	+	0.985	0.985	0.985	0.985	0.922	0.922	0.922	8.13	0.0484	-6.299999999999997
inclusion	K	alternative_donor	CABIN1	chr22:24098106-24113565	+	0.082	0.082	0.082	0.082	0.213	0.213	0.213	8.12	0.0484	13.1
inclusion	K	intron_retention	AL590617.2	chr6:138694548-138696596	+	0.323	0.323	0.323	0.323	0.039	0.039	0.039	8.12	0.0484	-28.400000000000006
inclusion	N	intron_retention	LINC00623	chr1:120952786-120953222	+	0.729	0.729	0.729	0.729	0.967	0.967	0.967	8.13	0.0484	23.80000000000001
inclusion	N	cassette	UBAP2	chr9:33956079-33956146	-	0.789	0.789	0.789	0.789	0.902	0.902	0.902	8.12	0.0485	11.299999999999997
inclusion	N	cassette	PARP12	chr7:140037715-140037856	-	0.858	0.858	0.858	0.858	0.955	0.955	0.955	8.12	0.0486	9.700000000000003
inclusion	K	alternative_first_exon	VRK3	chr19:49995276-49997503	-	0.917	0.917	0.917	0.917	0.976	0.976	0.976	8.1	0.0489	5.8999999999999915
inclusion	K	alternative_acceptor	GUK1	chr1:228147700-228148370	+	0.886	0.886	0.886	0.886	0.939	0.939	0.939	8.1	0.0489	5.299999999999997
inclusion	K	alternative_donor	SPIDR	chr8:47280018-47284027	+	0.966	0.966	0.966	0.966	0.83	0.83	0.83	8.1	0.0489	-13.599999999999994
inclusion	K	cassette	LRRFIP2	chr3:37154614-37154656	-	0.006	0.006	0.006	0.006	0.054	0.054	0.054	8.1	0.0489	4.800000000000001
inclusion	N	cassette	SCAP	chr3:47423933-47424045	-	0.944	0.944	0.944	0.944	0.989	0.989	0.989	8.1	0.0489	4.500000000000014
inclusion	K	cassette	ZNF385A	chr12:54371473-54371642	-	0.957	0.957	0.957	0.957	0.993	0.993	0.993	8.1	0.0489	3.5999999999999943
inclusion	N	cassette	TNK2	chr3:195885413-195885543	-	0.09	0.09	0.09	0.09	0.024	0.024	0.024	8.09	0.0489	-6.6
inclusion	N	intron_retention	MMP28	chr17:35766761-35767751	-	0.972	0.972	0.972	0.972	0.765	0.765	0.765	8.09	0.049	-20.700000000000003
inclusion	K	intron_retention	LPCAT3	chr12:6979580-6981003	-	0.122	0.122	0.122	0.122	0.049	0.049	0.049	8.08	0.0492	-7.299999999999999
inclusion	N	intron_retention	AL139317.3	chr14:52775947-52776075	+	0.787	0.787	0.787	0.787	0.972	0.972	0.972	8.08	0.0493	18.5
inclusion	K	intron_retention	CDC37	chr19:10395344-10395434	-	0.08	0.08	0.08	0.08	0.03	0.03	0.03	8.07	0.0494	-5.0
inclusion	K	intron_retention	WDR13	chrX:48598038-48598750	+	0.396	0.396	0.396	0.396	0.275	0.275	0.275	8.07	0.0494	-12.099999999999998
inclusion	K	alternative_acceptor	SUPT20H	chr13:37022318-37024034	-	0.393	0.393	0.393	0.393	0.561	0.561	0.561	8.07	0.0494	16.800000000000004
inclusion	K	alternative_last_exon	DSE	chr6:116431194-116435586	+	0.107	0.107	0.107	0.107	0.225	0.225	0.225	8.06	0.0496	11.8
inclusion	K	alternative_last_exon	MFF	chr2:227347385-227352513	+	0.805	0.805	0.805	0.805	0.694	0.694	0.694	8.05	0.0499	-11.100000000000009
inclusion	K	cassette	SUOX	chr12:55999333-55999458	+	0.388	0.388	0.388	0.388	0.148	0.148	0.148	8.04	0.05	-24.000000000000007
inclusion	K	intron_retention	FBXW5	chr9:136941685-136942045	-	0.077	0.077	0.077	0.077	0.037	0.037	0.037	8.04	0.05	-4.0
inclusion	K	intron_retention	RAD23B	chr9:107283310-107283526	+	0.96	0.96	0.96	0.96	0.992	0.992	0.992	8.04	0.05	3.200000000000003
inclusion	N	cassette	PHF2	chr9:93659511-93659600	+	0.881	0.881	0.881	0.881	0.979	0.979	0.979	8.04	0.05	9.799999999999997
inclusion	N	cassette	SNRPN	chr15:24974398-24974456	+	0.975	0.975	0.975	0.975	0.996	0.996	0.996	8.04	0.05	2.0999999999999943
